מקור,ספר_מקור,מקור_אישי,ספר_יעד,מיקום_יעד,סוג,יעד_אישי,קטגוריית_מקור
6,פרי חדש או''ח,כן,"שולחן ערוך, אורח חיים",סימן ב,פירוש,לא,
8,פרי חדש או''ח,כן,"שולחן ערוך, אורח חיים",סימן ב,פירוש,לא,
14,פרי חדש או''ח,כן,"שולחן ערוך, אורח חיים",סימן ג,פירוש,לא,
17,פרי חדש או''ח,כן,"שולחן ערוך, אורח חיים",סימן ג,פירוש,לא,
23,פרי חדש או''ח,כן,"שולחן ערוך, אורח חיים",סימן ח,פירוש,לא,
25,פרי חדש או''ח,כן,"שולחן ערוך, אורח חיים",סימן ח,פירוש,לא,
31,פרי חדש או''ח,כן,"שולחן ערוך, אורח חיים",סימן י,פירוש,לא,
38,פרי חדש או''ח,כן,"שולחן ערוך, אורח חיים",סימן טו,פירוש,לא,
44,פרי חדש או''ח,כן,"שולחן ערוך, אורח חיים",סימן לב,פירוש,לא,
46,פרי חדש או''ח,כן,"שולחן ערוך, אורח חיים",סימן לב,פירוש,לא,
52,פרי חדש או''ח,כן,"שולחן ערוך, אורח חיים",סימן מג,פירוש,לא,
58,פרי חדש או''ח,כן,"שולחן ערוך, אורח חיים",סימן מו,פירוש,לא,
60,פרי חדש או''ח,כן,"שולחן ערוך, אורח חיים",סימן מו,פירוש,לא,
62,פרי חדש או''ח,כן,"שולחן ערוך, אורח חיים",סימן מו,פירוש,לא,
64,פרי חדש או''ח,כן,"שולחן ערוך, אורח חיים",סימן מו,פירוש,לא,
66,פרי חדש או''ח,כן,"שולחן ערוך, אורח חיים",סימן מו,פירוש,לא,
68,פרי חדש או''ח,כן,"שולחן ערוך, אורח חיים",סימן מו,פירוש,לא,
70,פרי חדש או''ח,כן,"שולחן ערוך, אורח חיים",סימן מו,פירוש,לא,
71,פרי חדש או''ח,כן,"שולחן ערוך, אורח חיים",סימן מו,פירוש,לא,
73,פרי חדש או''ח,כן,"שולחן ערוך, אורח חיים",סימן מו,פירוש,לא,
79,פרי חדש או''ח,כן,"שולחן ערוך, אורח חיים",סימן מז,פירוש,לא,
80,פרי חדש או''ח,כן,"שולחן ערוך, אורח חיים",סימן מז,פירוש,לא,
81,פרי חדש או''ח,כן,"שולחן ערוך, אורח חיים",סימן מז,פירוש,לא,
83,פרי חדש או''ח,כן,"שולחן ערוך, אורח חיים",סימן מז,פירוש,לא,
85,פרי חדש או''ח,כן,"שולחן ערוך, אורח חיים",סימן מז,פירוש,לא,
87,פרי חדש או''ח,כן,"שולחן ערוך, אורח חיים",סימן מז,פירוש,לא,
89,פרי חדש או''ח,כן,"שולחן ערוך, אורח חיים",סימן מז,פירוש,לא,
90,פרי חדש או''ח,כן,"שולחן ערוך, אורח חיים",סימן מז,פירוש,לא,
91,פרי חדש או''ח,כן,"שולחן ערוך, אורח חיים",סימן מז,פירוש,לא,
92,פרי חדש או''ח,כן,"שולחן ערוך, אורח חיים",סימן מז,פירוש,לא,
93,פרי חדש או''ח,כן,"שולחן ערוך, אורח חיים",סימן מז,פירוש,לא,
94,פרי חדש או''ח,כן,"שולחן ערוך, אורח חיים",סימן מז,פירוש,לא,
96,פרי חדש או''ח,כן,"שולחן ערוך, אורח חיים",סימן מז,פירוש,לא,
98,פרי חדש או''ח,כן,"שולחן ערוך, אורח חיים",סימן מז,פירוש,לא,
99,פרי חדש או''ח,כן,"שולחן ערוך, אורח חיים",סימן מז,פירוש,לא,
105,פרי חדש או''ח,כן,"שולחן ערוך, אורח חיים",סימן מח,פירוש,לא,
111,פרי חדש או''ח,כן,"שולחן ערוך, אורח חיים",סימן מט,פירוש,לא,
117,פרי חדש או''ח,כן,"שולחן ערוך, אורח חיים",סימן נ,פירוש,לא,
118,פרי חדש או''ח,כן,"שולחן ערוך, אורח חיים",סימן נ,פירוש,לא,
124,פרי חדש או''ח,כן,"שולחן ערוך, אורח חיים",סימן נא,פירוש,לא,
126,פרי חדש או''ח,כן,"שולחן ערוך, אורח חיים",סימן נא,פירוש,לא,
128,פרי חדש או''ח,כן,"שולחן ערוך, אורח חיים",סימן נא,פירוש,לא,
130,פרי חדש או''ח,כן,"שולחן ערוך, אורח חיים",סימן נא,פירוש,לא,
132,פרי חדש או''ח,כן,"שולחן ערוך, אורח חיים",סימן נא,פירוש,לא,
138,פרי חדש או''ח,כן,"שולחן ערוך, אורח חיים",סימן נב,פירוש,לא,
144,פרי חדש או''ח,כן,"שולחן ערוך, אורח חיים",סימן נג,פירוש,לא,
146,פרי חדש או''ח,כן,"שולחן ערוך, אורח חיים",סימן נג,פירוש,לא,
148,פרי חדש או''ח,כן,"שולחן ערוך, אורח חיים",סימן נג,פירוש,לא,
150,פרי חדש או''ח,כן,"שולחן ערוך, אורח חיים",סימן נג,פירוש,לא,
152,פרי חדש או''ח,כן,"שולחן ערוך, אורח חיים",סימן נג,פירוש,לא,
154,פרי חדש או''ח,כן,"שולחן ערוך, אורח חיים",סימן נג,פירוש,לא,
156,פרי חדש או''ח,כן,"שולחן ערוך, אורח חיים",סימן נג,פירוש,לא,
158,פרי חדש או''ח,כן,"שולחן ערוך, אורח חיים",סימן נג,פירוש,לא,
160,פרי חדש או''ח,כן,"שולחן ערוך, אורח חיים",סימן נג,פירוש,לא,
166,פרי חדש או''ח,כן,"שולחן ערוך, אורח חיים",סימן נה,פירוש,לא,
168,פרי חדש או''ח,כן,"שולחן ערוך, אורח חיים",סימן נה,פירוש,לא,
170,פרי חדש או''ח,כן,"שולחן ערוך, אורח חיים",סימן נה,פירוש,לא,
172,פרי חדש או''ח,כן,"שולחן ערוך, אורח חיים",סימן נה,פירוש,לא,
174,פרי חדש או''ח,כן,"שולחן ערוך, אורח חיים",סימן נה,פירוש,לא,
176,פרי חדש או''ח,כן,"שולחן ערוך, אורח חיים",סימן נה,פירוש,לא,
178,פרי חדש או''ח,כן,"שולחן ערוך, אורח חיים",סימן נה,פירוש,לא,
180,פרי חדש או''ח,כן,"שולחן ערוך, אורח חיים",סימן נה,פירוש,לא,
182,פרי חדש או''ח,כן,"שולחן ערוך, אורח חיים",סימן נה,פירוש,לא,
188,פרי חדש או''ח,כן,"שולחן ערוך, אורח חיים",סימן נו,פירוש,לא,
189,פרי חדש או''ח,כן,"שולחן ערוך, אורח חיים",סימן נו,פירוש,לא,
195,פרי חדש או''ח,כן,"שולחן ערוך, אורח חיים",סימן נז,פירוש,לא,
201,פרי חדש או''ח,כן,"שולחן ערוך, אורח חיים",סימן נח,פירוש,לא,
202,פרי חדש או''ח,כן,"שולחן ערוך, אורח חיים",סימן נח,פירוש,לא,
203,פרי חדש או''ח,כן,"שולחן ערוך, אורח חיים",סימן נח,פירוש,לא,
204,פרי חדש או''ח,כן,"שולחן ערוך, אורח חיים",סימן נח,פירוש,לא,
205,פרי חדש או''ח,כן,"שולחן ערוך, אורח חיים",סימן נח,פירוש,לא,
206,פרי חדש או''ח,כן,"שולחן ערוך, אורח חיים",סימן נח,פירוש,לא,
207,פרי חדש או''ח,כן,"שולחן ערוך, אורח חיים",סימן נח,פירוש,לא,
208,פרי חדש או''ח,כן,"שולחן ערוך, אורח חיים",סימן נח,פירוש,לא,
209,פרי חדש או''ח,כן,"שולחן ערוך, אורח חיים",סימן נח,פירוש,לא,
210,פרי חדש או''ח,כן,"שולחן ערוך, אורח חיים",סימן נח,פירוש,לא,
212,פרי חדש או''ח,כן,"שולחן ערוך, אורח חיים",סימן נח,פירוש,לא,
214,פרי חדש או''ח,כן,"שולחן ערוך, אורח חיים",סימן נח,פירוש,לא,
216,פרי חדש או''ח,כן,"שולחן ערוך, אורח חיים",סימן נח,פירוש,לא,
218,פרי חדש או''ח,כן,"שולחן ערוך, אורח חיים",סימן נח,פירוש,לא,
219,פרי חדש או''ח,כן,"שולחן ערוך, אורח חיים",סימן נח,פירוש,לא,
221,פרי חדש או''ח,כן,"שולחן ערוך, אורח חיים",סימן נח,פירוש,לא,
227,פרי חדש או''ח,כן,"שולחן ערוך, אורח חיים",סימן נט,פירוש,לא,
229,פרי חדש או''ח,כן,"שולחן ערוך, אורח חיים",סימן נט,פירוש,לא,
230,פרי חדש או''ח,כן,"שולחן ערוך, אורח חיים",סימן נט,פירוש,לא,
231,פרי חדש או''ח,כן,"שולחן ערוך, אורח חיים",סימן נט,פירוש,לא,
232,פרי חדש או''ח,כן,"שולחן ערוך, אורח חיים",סימן נט,פירוש,לא,
234,פרי חדש או''ח,כן,"שולחן ערוך, אורח חיים",סימן נט,פירוש,לא,
235,פרי חדש או''ח,כן,"שולחן ערוך, אורח חיים",סימן נט,פירוש,לא,
237,פרי חדש או''ח,כן,"שולחן ערוך, אורח חיים",סימן נט,פירוש,לא,
243,פרי חדש או''ח,כן,"שולחן ערוך, אורח חיים",סימן ס,פירוש,לא,
245,פרי חדש או''ח,כן,"שולחן ערוך, אורח חיים",סימן ס,פירוש,לא,
251,פרי חדש או''ח,כן,"שולחן ערוך, אורח חיים",סימן סא,פירוש,לא,
253,פרי חדש או''ח,כן,"שולחן ערוך, אורח חיים",סימן סא,פירוש,לא,
255,פרי חדש או''ח,כן,"שולחן ערוך, אורח חיים",סימן סא,פירוש,לא,
257,פרי חדש או''ח,כן,"שולחן ערוך, אורח חיים",סימן סא,פירוש,לא,
259,פרי חדש או''ח,כן,"שולחן ערוך, אורח חיים",סימן סא,פירוש,לא,
261,פרי חדש או''ח,כן,"שולחן ערוך, אורח חיים",סימן סא,פירוש,לא,
263,פרי חדש או''ח,כן,"שולחן ערוך, אורח חיים",סימן סא,פירוש,לא,
265,פרי חדש או''ח,כן,"שולחן ערוך, אורח חיים",סימן סא,פירוש,לא,
267,פרי חדש או''ח,כן,"שולחן ערוך, אורח חיים",סימן סא,פירוש,לא,
269,פרי חדש או''ח,כן,"שולחן ערוך, אורח חיים",סימן סא,פירוש,לא,
276,פרי חדש או''ח,כן,"שולחן ערוך, אורח חיים",סימן סב,פירוש,לא,
278,פרי חדש או''ח,כן,"שולחן ערוך, אורח חיים",סימן סב,פירוש,לא,
284,פרי חדש או''ח,כן,"שולחן ערוך, אורח חיים",סימן סג,פירוש,לא,
285,פרי חדש או''ח,כן,"שולחן ערוך, אורח חיים",סימן סג,פירוש,לא,
287,פרי חדש או''ח,כן,"שולחן ערוך, אורח חיים",סימן סג,פירוש,לא,
289,פרי חדש או''ח,כן,"שולחן ערוך, אורח חיים",סימן סג,פירוש,לא,
291,פרי חדש או''ח,כן,"שולחן ערוך, אורח חיים",סימן סג,פירוש,לא,
293,פרי חדש או''ח,כן,"שולחן ערוך, אורח חיים",סימן סג,פירוש,לא,
295,פרי חדש או''ח,כן,"שולחן ערוך, אורח חיים",סימן סג,פירוש,לא,
301,פרי חדש או''ח,כן,"שולחן ערוך, אורח חיים",סימן סד,פירוש,לא,
303,פרי חדש או''ח,כן,"שולחן ערוך, אורח חיים",סימן סד,פירוש,לא,
304,פרי חדש או''ח,כן,"שולחן ערוך, אורח חיים",סימן סד,פירוש,לא,
306,פרי חדש או''ח,כן,"שולחן ערוך, אורח חיים",סימן סד,פירוש,לא,
308,פרי חדש או''ח,כן,"שולחן ערוך, אורח חיים",סימן סד,פירוש,לא,
314,פרי חדש או''ח,כן,"שולחן ערוך, אורח חיים",סימן סה,פירוש,לא,
315,פרי חדש או''ח,כן,"שולחן ערוך, אורח חיים",סימן סה,פירוש,לא,
316,פרי חדש או''ח,כן,"שולחן ערוך, אורח חיים",סימן סה,פירוש,לא,
318,פרי חדש או''ח,כן,"שולחן ערוך, אורח חיים",סימן סה,פירוש,לא,
324,פרי חדש או''ח,כן,"שולחן ערוך, אורח חיים",סימן סו,פירוש,לא,
326,פרי חדש או''ח,כן,"שולחן ערוך, אורח חיים",סימן סו,פירוש,לא,
328,פרי חדש או''ח,כן,"שולחן ערוך, אורח חיים",סימן סו,פירוש,לא,
330,פרי חדש או''ח,כן,"שולחן ערוך, אורח חיים",סימן סו,פירוש,לא,
332,פרי חדש או''ח,כן,"שולחן ערוך, אורח חיים",סימן סו,פירוש,לא,
334,פרי חדש או''ח,כן,"שולחן ערוך, אורח חיים",סימן סו,פירוש,לא,
340,פרי חדש או''ח,כן,"שולחן ערוך, אורח חיים",סימן סז,פירוש,לא,
341,פרי חדש או''ח,כן,"שולחן ערוך, אורח חיים",סימן סז,פירוש,לא,
342,פרי חדש או''ח,כן,"שולחן ערוך, אורח חיים",סימן סז,פירוש,לא,
343,פרי חדש או''ח,כן,"שולחן ערוך, אורח חיים",סימן סז,פירוש,לא,
344,פרי חדש או''ח,כן,"שולחן ערוך, אורח חיים",סימן סז,פירוש,לא,
345,פרי חדש או''ח,כן,"שולחן ערוך, אורח חיים",סימן סז,פירוש,לא,
346,פרי חדש או''ח,כן,"שולחן ערוך, אורח חיים",סימן סז,פירוש,לא,
347,פרי חדש או''ח,כן,"שולחן ערוך, אורח חיים",סימן סז,פירוש,לא,
348,פרי חדש או''ח,כן,"שולחן ערוך, אורח חיים",סימן סז,פירוש,לא,
349,פרי חדש או''ח,כן,"שולחן ערוך, אורח חיים",סימן סז,פירוש,לא,
350,פרי חדש או''ח,כן,"שולחן ערוך, אורח חיים",סימן סז,פירוש,לא,
351,פרי חדש או''ח,כן,"שולחן ערוך, אורח חיים",סימן סז,פירוש,לא,
352,פרי חדש או''ח,כן,"שולחן ערוך, אורח חיים",סימן סז,פירוש,לא,
358,פרי חדש או''ח,כן,"שולחן ערוך, אורח חיים",סימן סח,פירוש,לא,
364,פרי חדש או''ח,כן,"שולחן ערוך, אורח חיים",סימן סט,פירוש,לא,
370,פרי חדש או''ח,כן,"שולחן ערוך, אורח חיים",סימן ע,פירוש,לא,
372,פרי חדש או''ח,כן,"שולחן ערוך, אורח חיים",סימן ע,פירוש,לא,
373,פרי חדש או''ח,כן,"שולחן ערוך, אורח חיים",סימן ע,פירוש,לא,
375,פרי חדש או''ח,כן,"שולחן ערוך, אורח חיים",סימן ע,פירוש,לא,
377,פרי חדש או''ח,כן,"שולחן ערוך, אורח חיים",סימן ע,פירוש,לא,
383,פרי חדש או''ח,כן,"שולחן ערוך, אורח חיים",סימן עא,פירוש,לא,
384,פרי חדש או''ח,כן,"שולחן ערוך, אורח חיים",סימן עא,פירוש,לא,
386,פרי חדש או''ח,כן,"שולחן ערוך, אורח חיים",סימן עא,פירוש,לא,
392,פרי חדש או''ח,כן,"שולחן ערוך, אורח חיים",סימן עב,פירוש,לא,
394,פרי חדש או''ח,כן,"שולחן ערוך, אורח חיים",סימן עב,פירוש,לא,
400,פרי חדש או''ח,כן,"שולחן ערוך, אורח חיים",סימן עג,פירוש,לא,
402,פרי חדש או''ח,כן,"שולחן ערוך, אורח חיים",סימן עג,פירוש,לא,
408,פרי חדש או''ח,כן,"שולחן ערוך, אורח חיים",סימן עד,פירוש,לא,
410,פרי חדש או''ח,כן,"שולחן ערוך, אורח חיים",סימן עד,פירוש,לא,
411,פרי חדש או''ח,כן,"שולחן ערוך, אורח חיים",סימן עד,פירוש,לא,
413,פרי חדש או''ח,כן,"שולחן ערוך, אורח חיים",סימן עד,פירוש,לא,
415,פרי חדש או''ח,כן,"שולחן ערוך, אורח חיים",סימן עד,פירוש,לא,
421,פרי חדש או''ח,כן,"שולחן ערוך, אורח חיים",סימן עה,פירוש,לא,
423,פרי חדש או''ח,כן,"שולחן ערוך, אורח חיים",סימן עה,פירוש,לא,
425,פרי חדש או''ח,כן,"שולחן ערוך, אורח חיים",סימן עה,פירוש,לא,
427,פרי חדש או''ח,כן,"שולחן ערוך, אורח חיים",סימן עה,פירוש,לא,
429,פרי חדש או''ח,כן,"שולחן ערוך, אורח חיים",סימן עה,פירוש,לא,
435,פרי חדש או''ח,כן,"שולחן ערוך, אורח חיים",סימן עו,פירוש,לא,
437,פרי חדש או''ח,כן,"שולחן ערוך, אורח חיים",סימן עו,פירוש,לא,
439,פרי חדש או''ח,כן,"שולחן ערוך, אורח חיים",סימן עו,פירוש,לא,
441,פרי חדש או''ח,כן,"שולחן ערוך, אורח חיים",סימן עו,פירוש,לא,
443,פרי חדש או''ח,כן,"שולחן ערוך, אורח חיים",סימן עו,פירוש,לא,
445,פרי חדש או''ח,כן,"שולחן ערוך, אורח חיים",סימן עו,פירוש,לא,
451,פרי חדש או''ח,כן,"שולחן ערוך, אורח חיים",סימן עז,פירוש,לא,
457,פרי חדש או''ח,כן,"שולחן ערוך, אורח חיים",סימן עח,פירוש,לא,
463,פרי חדש או''ח,כן,"שולחן ערוך, אורח חיים",סימן עט,פירוש,לא,
465,פרי חדש או''ח,כן,"שולחן ערוך, אורח חיים",סימן עט,פירוש,לא,
466,פרי חדש או''ח,כן,"שולחן ערוך, אורח חיים",סימן עט,פירוש,לא,
467,פרי חדש או''ח,כן,"שולחן ערוך, אורח חיים",סימן עט,פירוש,לא,
468,פרי חדש או''ח,כן,"שולחן ערוך, אורח חיים",סימן עט,פירוש,לא,
470,פרי חדש או''ח,כן,"שולחן ערוך, אורח חיים",סימן עט,פירוש,לא,
472,פרי חדש או''ח,כן,"שולחן ערוך, אורח חיים",סימן עט,פירוש,לא,
474,פרי חדש או''ח,כן,"שולחן ערוך, אורח חיים",סימן עט,פירוש,לא,
480,פרי חדש או''ח,כן,"שולחן ערוך, אורח חיים",סימן פ,פירוש,לא,
486,פרי חדש או''ח,כן,"שולחן ערוך, אורח חיים",סימן פא,פירוש,לא,
488,פרי חדש או''ח,כן,"שולחן ערוך, אורח חיים",סימן פא,פירוש,לא,
494,פרי חדש או''ח,כן,"שולחן ערוך, אורח חיים",סימן פב,פירוש,לא,
500,פרי חדש או''ח,כן,"שולחן ערוך, אורח חיים",סימן פג,פירוש,לא,
502,פרי חדש או''ח,כן,"שולחן ערוך, אורח חיים",סימן פג,פירוש,לא,
504,פרי חדש או''ח,כן,"שולחן ערוך, אורח חיים",סימן פג,פירוש,לא,
510,פרי חדש או''ח,כן,"שולחן ערוך, אורח חיים",סימן פד,פירוש,לא,
511,פרי חדש או''ח,כן,"שולחן ערוך, אורח חיים",סימן פד,פירוש,לא,
517,פרי חדש או''ח,כן,"שולחן ערוך, אורח חיים",סימן פה,פירוש,לא,
519,פרי חדש או''ח,כן,"שולחן ערוך, אורח חיים",סימן פה,פירוש,לא,
520,פרי חדש או''ח,כן,"שולחן ערוך, אורח חיים",סימן פה,פירוש,לא,
521,פרי חדש או''ח,כן,"שולחן ערוך, אורח חיים",סימן פה,פירוש,לא,
522,פרי חדש או''ח,כן,"שולחן ערוך, אורח חיים",סימן פה,פירוש,לא,
528,פרי חדש או''ח,כן,"שולחן ערוך, אורח חיים",סימן פו,פירוש,לא,
535,פרי חדש או''ח,כן,"שולחן ערוך, אורח חיים",סימן פז,פירוש,לא,
537,פרי חדש או''ח,כן,"שולחן ערוך, אורח חיים",סימן פז,פירוש,לא,
543,פרי חדש או''ח,כן,"שולחן ערוך, אורח חיים",סימן פח,פירוש,לא,
544,פרי חדש או''ח,כן,"שולחן ערוך, אורח חיים",סימן פח,פירוש,לא,
545,פרי חדש או''ח,כן,"שולחן ערוך, אורח חיים",סימן פח,פירוש,לא,
546,פרי חדש או''ח,כן,"שולחן ערוך, אורח חיים",סימן פח,פירוש,לא,
547,פרי חדש או''ח,כן,"שולחן ערוך, אורח חיים",סימן פח,פירוש,לא,
553,פרי חדש או''ח,כן,"שולחן ערוך, אורח חיים",סימן פט,פירוש,לא,
554,פרי חדש או''ח,כן,"שולחן ערוך, אורח חיים",סימן פט,פירוש,לא,
555,פרי חדש או''ח,כן,"שולחן ערוך, אורח חיים",סימן פט,פירוש,לא,
556,פרי חדש או''ח,כן,"שולחן ערוך, אורח חיים",סימן פט,פירוש,לא,
557,פרי חדש או''ח,כן,"שולחן ערוך, אורח חיים",סימן פט,פירוש,לא,
559,פרי חדש או''ח,כן,"שולחן ערוך, אורח חיים",סימן פט,פירוש,לא,
560,פרי חדש או''ח,כן,"שולחן ערוך, אורח חיים",סימן פט,פירוש,לא,
562,פרי חדש או''ח,כן,"שולחן ערוך, אורח חיים",סימן פט,פירוש,לא,
563,פרי חדש או''ח,כן,"שולחן ערוך, אורח חיים",סימן פט,פירוש,לא,
564,פרי חדש או''ח,כן,"שולחן ערוך, אורח חיים",סימן פט,פירוש,לא,
566,פרי חדש או''ח,כן,"שולחן ערוך, אורח חיים",סימן פט,פירוש,לא,
568,פרי חדש או''ח,כן,"שולחן ערוך, אורח חיים",סימן פט,פירוש,לא,
570,פרי חדש או''ח,כן,"שולחן ערוך, אורח חיים",סימן פט,פירוש,לא,
571,פרי חדש או''ח,כן,"שולחן ערוך, אורח חיים",סימן פט,פירוש,לא,
573,פרי חדש או''ח,כן,"שולחן ערוך, אורח חיים",סימן פט,פירוש,לא,
577,פרי חדש או''ח,כן,"שולחן ערוך, אורח חיים",סימן פט,פירוש,לא,
581,פרי חדש או''ח,כן,"שולחן ערוך, אורח חיים",סימן צ,פירוש,לא,
582,פרי חדש או''ח,כן,"שולחן ערוך, אורח חיים",סימן צ,פירוש,לא,
584,פרי חדש או''ח,כן,"שולחן ערוך, אורח חיים",סימן צ,פירוש,לא,
586,פרי חדש או''ח,כן,"שולחן ערוך, אורח חיים",סימן צ,פירוש,לא,
588,פרי חדש או''ח,כן,"שולחן ערוך, אורח חיים",סימן צ,פירוש,לא,
590,פרי חדש או''ח,כן,"שולחן ערוך, אורח חיים",סימן צ,פירוש,לא,
592,פרי חדש או''ח,כן,"שולחן ערוך, אורח חיים",סימן צ,פירוש,לא,
594,פרי חדש או''ח,כן,"שולחן ערוך, אורח חיים",סימן צ,פירוש,לא,
596,פרי חדש או''ח,כן,"שולחן ערוך, אורח חיים",סימן צ,פירוש,לא,
597,פרי חדש או''ח,כן,"שולחן ערוך, אורח חיים",סימן צ,פירוש,לא,
599,פרי חדש או''ח,כן,"שולחן ערוך, אורח חיים",סימן צ,פירוש,לא,
600,פרי חדש או''ח,כן,"שולחן ערוך, אורח חיים",סימן צ,פירוש,לא,
602,פרי חדש או''ח,כן,"שולחן ערוך, אורח חיים",סימן צ,פירוש,לא,
604,פרי חדש או''ח,כן,"שולחן ערוך, אורח חיים",סימן צ,פירוש,לא,
610,פרי חדש או''ח,כן,"שולחן ערוך, אורח חיים",סימן צא,פירוש,לא,
612,פרי חדש או''ח,כן,"שולחן ערוך, אורח חיים",סימן צא,פירוש,לא,
618,פרי חדש או''ח,כן,"שולחן ערוך, אורח חיים",סימן צב,פירוש,לא,
620,פרי חדש או''ח,כן,"שולחן ערוך, אורח חיים",סימן צב,פירוש,לא,
621,פרי חדש או''ח,כן,"שולחן ערוך, אורח חיים",סימן צב,פירוש,לא,
627,פרי חדש או''ח,כן,"שולחן ערוך, אורח חיים",סימן צג,פירוש,לא,
633,פרי חדש או''ח,כן,"שולחן ערוך, אורח חיים",סימן צד,פירוש,לא,
635,פרי חדש או''ח,כן,"שולחן ערוך, אורח חיים",סימן צד,פירוש,לא,
637,פרי חדש או''ח,כן,"שולחן ערוך, אורח חיים",סימן צד,פירוש,לא,
639,פרי חדש או''ח,כן,"שולחן ערוך, אורח חיים",סימן צד,פירוש,לא,
645,פרי חדש או''ח,כן,"שולחן ערוך, אורח חיים",סימן צה,פירוש,לא,
651,פרי חדש או''ח,כן,"שולחן ערוך, אורח חיים",סימן צו,פירוש,לא,
657,פרי חדש או''ח,כן,"שולחן ערוך, אורח חיים",סימן צז,פירוש,לא,
659,פרי חדש או''ח,כן,"שולחן ערוך, אורח חיים",סימן צז,פירוש,לא,
665,פרי חדש או''ח,כן,"שולחן ערוך, אורח חיים",סימן צח,פירוש,לא,
667,פרי חדש או''ח,כן,"שולחן ערוך, אורח חיים",סימן צח,פירוש,לא,
673,פרי חדש או''ח,כן,"שולחן ערוך, אורח חיים",סימן צט,פירוש,לא,
674,פרי חדש או''ח,כן,"שולחן ערוך, אורח חיים",סימן צט,פירוש,לא,
675,פרי חדש או''ח,כן,"שולחן ערוך, אורח חיים",סימן צט,פירוש,לא,
677,פרי חדש או''ח,כן,"שולחן ערוך, אורח חיים",סימן צט,פירוש,לא,
683,פרי חדש או''ח,כן,"שולחן ערוך, אורח חיים",סימן ק,פירוש,לא,
689,פרי חדש או''ח,כן,"שולחן ערוך, אורח חיים",סימן קא,פירוש,לא,
691,פרי חדש או''ח,כן,"שולחן ערוך, אורח חיים",סימן קא,פירוש,לא,
693,פרי חדש או''ח,כן,"שולחן ערוך, אורח חיים",סימן קא,פירוש,לא,
699,פרי חדש או''ח,כן,"שולחן ערוך, אורח חיים",סימן קב,פירוש,לא,
701,פרי חדש או''ח,כן,"שולחן ערוך, אורח חיים",סימן קב,פירוש,לא,
703,פרי חדש או''ח,כן,"שולחן ערוך, אורח חיים",סימן קב,פירוש,לא,
709,פרי חדש או''ח,כן,"שולחן ערוך, אורח חיים",סימן קג,פירוש,לא,
710,פרי חדש או''ח,כן,"שולחן ערוך, אורח חיים",סימן קג,פירוש,לא,
716,פרי חדש או''ח,כן,"שולחן ערוך, אורח חיים",סימן קד,פירוש,לא,
718,פרי חדש או''ח,כן,"שולחן ערוך, אורח חיים",סימן קד,פירוש,לא,
720,פרי חדש או''ח,כן,"שולחן ערוך, אורח חיים",סימן קד,פירוש,לא,
721,פרי חדש או''ח,כן,"שולחן ערוך, אורח חיים",סימן קד,פירוש,לא,
722,פרי חדש או''ח,כן,"שולחן ערוך, אורח חיים",סימן קד,פירוש,לא,
724,פרי חדש או''ח,כן,"שולחן ערוך, אורח חיים",סימן קד,פירוש,לא,
725,פרי חדש או''ח,כן,"שולחן ערוך, אורח חיים",סימן קד,פירוש,לא,
727,פרי חדש או''ח,כן,"שולחן ערוך, אורח חיים",סימן קד,פירוש,לא,
729,פרי חדש או''ח,כן,"שולחן ערוך, אורח חיים",סימן קד,פירוש,לא,
735,פרי חדש או''ח,כן,"שולחן ערוך, אורח חיים",סימן קה,פירוש,לא,
741,פרי חדש או''ח,כן,"שולחן ערוך, אורח חיים",סימן קו,פירוש,לא,
747,פרי חדש או''ח,כן,"שולחן ערוך, אורח חיים",סימן קז,פירוש,לא,
748,פרי חדש או''ח,כן,"שולחן ערוך, אורח חיים",סימן קז,פירוש,לא,
749,פרי חדש או''ח,כן,"שולחן ערוך, אורח חיים",סימן קז,פירוש,לא,
750,פרי חדש או''ח,כן,"שולחן ערוך, אורח חיים",סימן קז,פירוש,לא,
751,פרי חדש או''ח,כן,"שולחן ערוך, אורח חיים",סימן קז,פירוש,לא,
753,פרי חדש או''ח,כן,"שולחן ערוך, אורח חיים",סימן קז,פירוש,לא,
755,פרי חדש או''ח,כן,"שולחן ערוך, אורח חיים",סימן קז,פירוש,לא,
761,פרי חדש או''ח,כן,"שולחן ערוך, אורח חיים",סימן קח,פירוש,לא,
762,פרי חדש או''ח,כן,"שולחן ערוך, אורח חיים",סימן קח,פירוש,לא,
764,פרי חדש או''ח,כן,"שולחן ערוך, אורח חיים",סימן קח,פירוש,לא,
766,פרי חדש או''ח,כן,"שולחן ערוך, אורח חיים",סימן קח,פירוש,לא,
768,פרי חדש או''ח,כן,"שולחן ערוך, אורח חיים",סימן קח,פירוש,לא,
770,פרי חדש או''ח,כן,"שולחן ערוך, אורח חיים",סימן קח,פירוש,לא,
772,פרי חדש או''ח,כן,"שולחן ערוך, אורח חיים",סימן קח,פירוש,לא,
774,פרי חדש או''ח,כן,"שולחן ערוך, אורח חיים",סימן קח,פירוש,לא,
776,פרי חדש או''ח,כן,"שולחן ערוך, אורח חיים",סימן קח,פירוש,לא,
777,פרי חדש או''ח,כן,"שולחן ערוך, אורח חיים",סימן קח,פירוש,לא,
779,פרי חדש או''ח,כן,"שולחן ערוך, אורח חיים",סימן קח,פירוש,לא,
781,פרי חדש או''ח,כן,"שולחן ערוך, אורח חיים",סימן קח,פירוש,לא,
782,פרי חדש או''ח,כן,"שולחן ערוך, אורח חיים",סימן קח,פירוש,לא,
784,פרי חדש או''ח,כן,"שולחן ערוך, אורח חיים",סימן קח,פירוש,לא,
790,פרי חדש או''ח,כן,"שולחן ערוך, אורח חיים",סימן קט,פירוש,לא,
791,פרי חדש או''ח,כן,"שולחן ערוך, אורח חיים",סימן קט,פירוש,לא,
792,פרי חדש או''ח,כן,"שולחן ערוך, אורח חיים",סימן קט,פירוש,לא,
794,פרי חדש או''ח,כן,"שולחן ערוך, אורח חיים",סימן קט,פירוש,לא,
796,פרי חדש או''ח,כן,"שולחן ערוך, אורח חיים",סימן קט,פירוש,לא,
802,פרי חדש או''ח,כן,"שולחן ערוך, אורח חיים",סימן קי,פירוש,לא,
803,פרי חדש או''ח,כן,"שולחן ערוך, אורח חיים",סימן קי,פירוש,לא,
805,פרי חדש או''ח,כן,"שולחן ערוך, אורח חיים",סימן קי,פירוש,לא,
807,פרי חדש או''ח,כן,"שולחן ערוך, אורח חיים",סימן קי,פירוש,לא,
809,פרי חדש או''ח,כן,"שולחן ערוך, אורח חיים",סימן קי,פירוש,לא,
811,פרי חדש או''ח,כן,"שולחן ערוך, אורח חיים",סימן קי,פירוש,לא,
817,פרי חדש או''ח,כן,"שולחן ערוך, אורח חיים",סימן קיא,פירוש,לא,
819,פרי חדש או''ח,כן,"שולחן ערוך, אורח חיים",סימן קיא,פירוש,לא,
825,פרי חדש או''ח,כן,"שולחן ערוך, אורח חיים",סימן קיב,פירוש,לא,
831,פרי חדש או''ח,כן,"שולחן ערוך, אורח חיים",סימן קיג,פירוש,לא,
833,פרי חדש או''ח,כן,"שולחן ערוך, אורח חיים",סימן קיג,פירוש,לא,
835,פרי חדש או''ח,כן,"שולחן ערוך, אורח חיים",סימן קיג,פירוש,לא,
841,פרי חדש או''ח,כן,"שולחן ערוך, אורח חיים",סימן קיד,פירוש,לא,
843,פרי חדש או''ח,כן,"שולחן ערוך, אורח חיים",סימן קיד,פירוש,לא,
845,פרי חדש או''ח,כן,"שולחן ערוך, אורח חיים",סימן קיד,פירוש,לא,
846,פרי חדש או''ח,כן,"שולחן ערוך, אורח חיים",סימן קיד,פירוש,לא,
848,פרי חדש או''ח,כן,"שולחן ערוך, אורח חיים",סימן קיד,פירוש,לא,
850,פרי חדש או''ח,כן,"שולחן ערוך, אורח חיים",סימן קיד,פירוש,לא,
856,פרי חדש או''ח,כן,"שולחן ערוך, אורח חיים",סימן קטו,פירוש,לא,
862,פרי חדש או''ח,כן,"שולחן ערוך, אורח חיים",סימן קיז,פירוש,לא,
864,פרי חדש או''ח,כן,"שולחן ערוך, אורח חיים",סימן קיז,פירוש,לא,
870,פרי חדש או''ח,כן,"שולחן ערוך, אורח חיים",סימן קיח,פירוש,לא,
871,פרי חדש או''ח,כן,"שולחן ערוך, אורח חיים",סימן קיח,פירוש,לא,
877,פרי חדש או''ח,כן,"שולחן ערוך, אורח חיים",סימן קיט,פירוש,לא,
878,פרי חדש או''ח,כן,"שולחן ערוך, אורח חיים",סימן קיט,פירוש,לא,
880,פרי חדש או''ח,כן,"שולחן ערוך, אורח חיים",סימן קיט,פירוש,לא,
882,פרי חדש או''ח,כן,"שולחן ערוך, אורח חיים",סימן קיט,פירוש,לא,
883,פרי חדש או''ח,כן,"שולחן ערוך, אורח חיים",סימן קיט,פירוש,לא,
889,פרי חדש או''ח,כן,"שולחן ערוך, אורח חיים",סימן קכא,פירוש,לא,
895,פרי חדש או''ח,כן,"שולחן ערוך, אורח חיים",סימן קכב,פירוש,לא,
897,פרי חדש או''ח,כן,"שולחן ערוך, אורח חיים",סימן קכב,פירוש,לא,
903,פרי חדש או''ח,כן,"שולחן ערוך, אורח חיים",סימן קכג,פירוש,לא,
905,פרי חדש או''ח,כן,"שולחן ערוך, אורח חיים",סימן קכג,פירוש,לא,
911,פרי חדש או''ח,כן,"שולחן ערוך, אורח חיים",סימן קכד,פירוש,לא,
912,פרי חדש או''ח,כן,"שולחן ערוך, אורח חיים",סימן קכד,פירוש,לא,
913,פרי חדש או''ח,כן,"שולחן ערוך, אורח חיים",סימן קכד,פירוש,לא,
915,פרי חדש או''ח,כן,"שולחן ערוך, אורח חיים",סימן קכד,פירוש,לא,
917,פרי חדש או''ח,כן,"שולחן ערוך, אורח חיים",סימן קכד,פירוש,לא,
918,פרי חדש או''ח,כן,"שולחן ערוך, אורח חיים",סימן קכד,פירוש,לא,
920,פרי חדש או''ח,כן,"שולחן ערוך, אורח חיים",סימן קכד,פירוש,לא,
922,פרי חדש או''ח,כן,"שולחן ערוך, אורח חיים",סימן קכד,פירוש,לא,
928,פרי חדש או''ח,כן,"שולחן ערוך, אורח חיים",סימן קכה,פירוש,לא,
934,פרי חדש או''ח,כן,"שולחן ערוך, אורח חיים",סימן קכו,פירוש,לא,
936,פרי חדש או''ח,כן,"שולחן ערוך, אורח חיים",סימן קכו,פירוש,לא,
938,פרי חדש או''ח,כן,"שולחן ערוך, אורח חיים",סימן קכו,פירוש,לא,
944,פרי חדש או''ח,כן,"שולחן ערוך, אורח חיים",סימן קכז,פירוש,לא,
950,פרי חדש או''ח,כן,"שולחן ערוך, אורח חיים",סימן קכח,פירוש,לא,
951,פרי חדש או''ח,כן,"שולחן ערוך, אורח חיים",סימן קכח,פירוש,לא,
952,פרי חדש או''ח,כן,"שולחן ערוך, אורח חיים",סימן קכח,פירוש,לא,
954,פרי חדש או''ח,כן,"שולחן ערוך, אורח חיים",סימן קכח,פירוש,לא,
955,פרי חדש או''ח,כן,"שולחן ערוך, אורח חיים",סימן קכח,פירוש,לא,
957,פרי חדש או''ח,כן,"שולחן ערוך, אורח חיים",סימן קכח,פירוש,לא,
958,פרי חדש או''ח,כן,"שולחן ערוך, אורח חיים",סימן קכח,פירוש,לא,
960,פרי חדש או''ח,כן,"שולחן ערוך, אורח חיים",סימן קכח,פירוש,לא,
961,פרי חדש או''ח,כן,"שולחן ערוך, אורח חיים",סימן קכח,פירוש,לא,
962,פרי חדש או''ח,כן,"שולחן ערוך, אורח חיים",סימן קכח,פירוש,לא,
963,פרי חדש או''ח,כן,"שולחן ערוך, אורח חיים",סימן קכח,פירוש,לא,
965,פרי חדש או''ח,כן,"שולחן ערוך, אורח חיים",סימן קכח,פירוש,לא,
967,פרי חדש או''ח,כן,"שולחן ערוך, אורח חיים",סימן קכח,פירוש,לא,
968,פרי חדש או''ח,כן,"שולחן ערוך, אורח חיים",סימן קכח,פירוש,לא,
969,פרי חדש או''ח,כן,"שולחן ערוך, אורח חיים",סימן קכח,פירוש,לא,
971,פרי חדש או''ח,כן,"שולחן ערוך, אורח חיים",סימן קכח,פירוש,לא,
972,פרי חדש או''ח,כן,"שולחן ערוך, אורח חיים",סימן קכח,פירוש,לא,
974,פרי חדש או''ח,כן,"שולחן ערוך, אורח חיים",סימן קכח,פירוש,לא,
975,פרי חדש או''ח,כן,"שולחן ערוך, אורח חיים",סימן קכח,פירוש,לא,
976,פרי חדש או''ח,כן,"שולחן ערוך, אורח חיים",סימן קכח,פירוש,לא,
977,פרי חדש או''ח,כן,"שולחן ערוך, אורח חיים",סימן קכח,פירוש,לא,
979,פרי חדש או''ח,כן,"שולחן ערוך, אורח חיים",סימן קכח,פירוש,לא,
981,פרי חדש או''ח,כן,"שולחן ערוך, אורח חיים",סימן קכח,פירוש,לא,
983,פרי חדש או''ח,כן,"שולחן ערוך, אורח חיים",סימן קכח,פירוש,לא,
984,פרי חדש או''ח,כן,"שולחן ערוך, אורח חיים",סימן קכח,פירוש,לא,
985,פרי חדש או''ח,כן,"שולחן ערוך, אורח חיים",סימן קכח,פירוש,לא,
987,פרי חדש או''ח,כן,"שולחן ערוך, אורח חיים",סימן קכח,פירוש,לא,
988,פרי חדש או''ח,כן,"שולחן ערוך, אורח חיים",סימן קכח,פירוש,לא,
989,פרי חדש או''ח,כן,"שולחן ערוך, אורח חיים",סימן קכח,פירוש,לא,
991,פרי חדש או''ח,כן,"שולחן ערוך, אורח חיים",סימן קכח,פירוש,לא,
993,פרי חדש או''ח,כן,"שולחן ערוך, אורח חיים",סימן קכח,פירוש,לא,
994,פרי חדש או''ח,כן,"שולחן ערוך, אורח חיים",סימן קכח,פירוש,לא,
995,פרי חדש או''ח,כן,"שולחן ערוך, אורח חיים",סימן קכח,פירוש,לא,
997,פרי חדש או''ח,כן,"שולחן ערוך, אורח חיים",סימן קכח,פירוש,לא,
999,פרי חדש או''ח,כן,"שולחן ערוך, אורח חיים",סימן קכח,פירוש,לא,
1001,פרי חדש או''ח,כן,"שולחן ערוך, אורח חיים",סימן קכח,פירוש,לא,
1003,פרי חדש או''ח,כן,"שולחן ערוך, אורח חיים",סימן קכח,פירוש,לא,
1004,פרי חדש או''ח,כן,"שולחן ערוך, אורח חיים",סימן קכח,פירוש,לא,
1006,פרי חדש או''ח,כן,"שולחן ערוך, אורח חיים",סימן קכח,פירוש,לא,
1008,פרי חדש או''ח,כן,"שולחן ערוך, אורח חיים",סימן קכח,פירוש,לא,
1010,פרי חדש או''ח,כן,"שולחן ערוך, אורח חיים",סימן קכח,פירוש,לא,
1012,פרי חדש או''ח,כן,"שולחן ערוך, אורח חיים",סימן קכח,פירוש,לא,
1014,פרי חדש או''ח,כן,"שולחן ערוך, אורח חיים",סימן קכח,פירוש,לא,
1015,פרי חדש או''ח,כן,"שולחן ערוך, אורח חיים",סימן קכח,פירוש,לא,
1016,פרי חדש או''ח,כן,"שולחן ערוך, אורח חיים",סימן קכח,פירוש,לא,
1017,פרי חדש או''ח,כן,"שולחן ערוך, אורח חיים",סימן קכח,פירוש,לא,
1018,פרי חדש או''ח,כן,"שולחן ערוך, אורח חיים",סימן קכח,פירוש,לא,
1019,פרי חדש או''ח,כן,"שולחן ערוך, אורח חיים",סימן קכח,פירוש,לא,
1021,פרי חדש או''ח,כן,"שולחן ערוך, אורח חיים",סימן קכח,פירוש,לא,
1023,פרי חדש או''ח,כן,"שולחן ערוך, אורח חיים",סימן קכח,פירוש,לא,
1025,פרי חדש או''ח,כן,"שולחן ערוך, אורח חיים",סימן קכח,פירוש,לא,
1027,פרי חדש או''ח,כן,"שולחן ערוך, אורח חיים",סימן קכח,פירוש,לא,
1029,פרי חדש או''ח,כן,"שולחן ערוך, אורח חיים",סימן קכח,פירוש,לא,
1031,פרי חדש או''ח,כן,"שולחן ערוך, אורח חיים",סימן קכח,פירוש,לא,
1032,פרי חדש או''ח,כן,"שולחן ערוך, אורח חיים",סימן קכח,פירוש,לא,
1034,פרי חדש או''ח,כן,"שולחן ערוך, אורח חיים",סימן קכח,פירוש,לא,
1035,פרי חדש או''ח,כן,"שולחן ערוך, אורח חיים",סימן קכח,פירוש,לא,
1037,פרי חדש או''ח,כן,"שולחן ערוך, אורח חיים",סימן קכח,פירוש,לא,
1038,פרי חדש או''ח,כן,"שולחן ערוך, אורח חיים",סימן קכח,פירוש,לא,
1039,פרי חדש או''ח,כן,"שולחן ערוך, אורח חיים",סימן קכח,פירוש,לא,
1041,פרי חדש או''ח,כן,"שולחן ערוך, אורח חיים",סימן קכח,פירוש,לא,
1043,פרי חדש או''ח,כן,"שולחן ערוך, אורח חיים",סימן קכח,פירוש,לא,
1045,פרי חדש או''ח,כן,"שולחן ערוך, אורח חיים",סימן קכח,פירוש,לא,
1047,פרי חדש או''ח,כן,"שולחן ערוך, אורח חיים",סימן קכח,פירוש,לא,
1048,פרי חדש או''ח,כן,"שולחן ערוך, אורח חיים",סימן קכח,פירוש,לא,
1050,פרי חדש או''ח,כן,"שולחן ערוך, אורח חיים",סימן קכח,פירוש,לא,
1052,פרי חדש או''ח,כן,"שולחן ערוך, אורח חיים",סימן קכח,פירוש,לא,
1053,פרי חדש או''ח,כן,"שולחן ערוך, אורח חיים",סימן קכח,פירוש,לא,
1059,פרי חדש או''ח,כן,"שולחן ערוך, אורח חיים",סימן קכט,פירוש,לא,
1061,פרי חדש או''ח,כן,"שולחן ערוך, אורח חיים",סימן קכט,פירוש,לא,
1067,פרי חדש או''ח,כן,"שולחן ערוך, אורח חיים",סימן קל,פירוש,לא,
1068,פרי חדש או''ח,כן,"שולחן ערוך, אורח חיים",סימן קל,פירוש,לא,
1074,פרי חדש או''ח,כן,"שולחן ערוך, אורח חיים",סימן קלא,פירוש,לא,
1076,פרי חדש או''ח,כן,"שולחן ערוך, אורח חיים",סימן קלא,פירוש,לא,
1077,פרי חדש או''ח,כן,"שולחן ערוך, אורח חיים",סימן קלא,פירוש,לא,
1079,פרי חדש או''ח,כן,"שולחן ערוך, אורח חיים",סימן קלא,פירוש,לא,
1081,פרי חדש או''ח,כן,"שולחן ערוך, אורח חיים",סימן קלא,פירוש,לא,
1082,פרי חדש או''ח,כן,"שולחן ערוך, אורח חיים",סימן קלא,פירוש,לא,
1084,פרי חדש או''ח,כן,"שולחן ערוך, אורח חיים",סימן קלא,פירוש,לא,
1085,פרי חדש או''ח,כן,"שולחן ערוך, אורח חיים",סימן קלא,פירוש,לא,
1087,פרי חדש או''ח,כן,"שולחן ערוך, אורח חיים",סימן קלא,פירוש,לא,
1088,פרי חדש או''ח,כן,"שולחן ערוך, אורח חיים",סימן קלא,פירוש,לא,
1094,פרי חדש או''ח,כן,"שולחן ערוך, אורח חיים",סימן קלב,פירוש,לא,
1095,פרי חדש או''ח,כן,"שולחן ערוך, אורח חיים",סימן קלב,פירוש,לא,
1101,פרי חדש או''ח,כן,"שולחן ערוך, אורח חיים",סימן קלד,פירוש,לא,
1103,פרי חדש או''ח,כן,"שולחן ערוך, אורח חיים",סימן קלד,פירוש,לא,
1109,פרי חדש או''ח,כן,"שולחן ערוך, אורח חיים",סימן קלה,פירוש,לא,
1110,פרי חדש או''ח,כן,"שולחן ערוך, אורח חיים",סימן קלה,פירוש,לא,
1111,פרי חדש או''ח,כן,"שולחן ערוך, אורח חיים",סימן קלה,פירוש,לא,
1112,פרי חדש או''ח,כן,"שולחן ערוך, אורח חיים",סימן קלה,פירוש,לא,
1114,פרי חדש או''ח,כן,"שולחן ערוך, אורח חיים",סימן קלה,פירוש,לא,
1116,פרי חדש או''ח,כן,"שולחן ערוך, אורח חיים",סימן קלה,פירוש,לא,
1117,פרי חדש או''ח,כן,"שולחן ערוך, אורח חיים",סימן קלה,פירוש,לא,
1118,פרי חדש או''ח,כן,"שולחן ערוך, אורח חיים",סימן קלה,פירוש,לא,
1119,פרי חדש או''ח,כן,"שולחן ערוך, אורח חיים",סימן קלה,פירוש,לא,
1121,פרי חדש או''ח,כן,"שולחן ערוך, אורח חיים",סימן קלה,פירוש,לא,
1122,פרי חדש או''ח,כן,"שולחן ערוך, אורח חיים",סימן קלה,פירוש,לא,
1123,פרי חדש או''ח,כן,"שולחן ערוך, אורח חיים",סימן קלה,פירוש,לא,
1125,פרי חדש או''ח,כן,"שולחן ערוך, אורח חיים",סימן קלה,פירוש,לא,
1126,פרי חדש או''ח,כן,"שולחן ערוך, אורח חיים",סימן קלה,פירוש,לא,
1127,פרי חדש או''ח,כן,"שולחן ערוך, אורח חיים",סימן קלה,פירוש,לא,
1129,פרי חדש או''ח,כן,"שולחן ערוך, אורח חיים",סימן קלה,פירוש,לא,
1131,פרי חדש או''ח,כן,"שולחן ערוך, אורח חיים",סימן קלה,פירוש,לא,
1133,פרי חדש או''ח,כן,"שולחן ערוך, אורח חיים",סימן קלה,פירוש,לא,
1135,פרי חדש או''ח,כן,"שולחן ערוך, אורח חיים",סימן קלה,פירוש,לא,
1136,פרי חדש או''ח,כן,"שולחן ערוך, אורח חיים",סימן קלה,פירוש,לא,
1138,פרי חדש או''ח,כן,"שולחן ערוך, אורח חיים",סימן קלה,פירוש,לא,
1140,פרי חדש או''ח,כן,"שולחן ערוך, אורח חיים",סימן קלה,פירוש,לא,
1146,פרי חדש או''ח,כן,"שולחן ערוך, אורח חיים",סימן קלו,פירוש,לא,
1152,פרי חדש או''ח,כן,"שולחן ערוך, אורח חיים",סימן קלז,פירוש,לא,
1154,פרי חדש או''ח,כן,"שולחן ערוך, אורח חיים",סימן קלז,פירוש,לא,
1156,פרי חדש או''ח,כן,"שולחן ערוך, אורח חיים",סימן קלז,פירוש,לא,
1157,פרי חדש או''ח,כן,"שולחן ערוך, אורח חיים",סימן קלז,פירוש,לא,
1158,פרי חדש או''ח,כן,"שולחן ערוך, אורח חיים",סימן קלז,פירוש,לא,
1160,פרי חדש או''ח,כן,"שולחן ערוך, אורח חיים",סימן קלז,פירוש,לא,
1161,פרי חדש או''ח,כן,"שולחן ערוך, אורח חיים",סימן קלז,פירוש,לא,
1163,פרי חדש או''ח,כן,"שולחן ערוך, אורח חיים",סימן קלז,פירוש,לא,
1165,פרי חדש או''ח,כן,"שולחן ערוך, אורח חיים",סימן קלז,פירוש,לא,
1166,פרי חדש או''ח,כן,"שולחן ערוך, אורח חיים",סימן קלז,פירוש,לא,
1172,פרי חדש או''ח,כן,"שולחן ערוך, אורח חיים",סימן קלח,פירוש,לא,
1173,פרי חדש או''ח,כן,"שולחן ערוך, אורח חיים",סימן קלח,פירוש,לא,
1179,פרי חדש או''ח,כן,"שולחן ערוך, אורח חיים",סימן קלט,פירוש,לא,
1180,פרי חדש או''ח,כן,"שולחן ערוך, אורח חיים",סימן קלט,פירוש,לא,
1182,פרי חדש או''ח,כן,"שולחן ערוך, אורח חיים",סימן קלט,פירוש,לא,
1184,פרי חדש או''ח,כן,"שולחן ערוך, אורח חיים",סימן קלט,פירוש,לא,
1185,פרי חדש או''ח,כן,"שולחן ערוך, אורח חיים",סימן קלט,פירוש,לא,
1186,פרי חדש או''ח,כן,"שולחן ערוך, אורח חיים",סימן קלט,פירוש,לא,
1188,פרי חדש או''ח,כן,"שולחן ערוך, אורח חיים",סימן קלט,פירוש,לא,
1190,פרי חדש או''ח,כן,"שולחן ערוך, אורח חיים",סימן קלט,פירוש,לא,
1192,פרי חדש או''ח,כן,"שולחן ערוך, אורח חיים",סימן קלט,פירוש,לא,
1193,פרי חדש או''ח,כן,"שולחן ערוך, אורח חיים",סימן קלט,פירוש,לא,
1195,פרי חדש או''ח,כן,"שולחן ערוך, אורח חיים",סימן קלט,פירוש,לא,
1197,פרי חדש או''ח,כן,"שולחן ערוך, אורח חיים",סימן קלט,פירוש,לא,
1199,פרי חדש או''ח,כן,"שולחן ערוך, אורח חיים",סימן קלט,פירוש,לא,
1205,פרי חדש או''ח,כן,"שולחן ערוך, אורח חיים",סימן קמ,פירוש,לא,
1206,פרי חדש או''ח,כן,"שולחן ערוך, אורח חיים",סימן קמ,פירוש,לא,
1207,פרי חדש או''ח,כן,"שולחן ערוך, אורח חיים",סימן קמ,פירוש,לא,
1208,פרי חדש או''ח,כן,"שולחן ערוך, אורח חיים",סימן קמ,פירוש,לא,
1210,פרי חדש או''ח,כן,"שולחן ערוך, אורח חיים",סימן קמ,פירוש,לא,
1211,פרי חדש או''ח,כן,"שולחן ערוך, אורח חיים",סימן קמ,פירוש,לא,
1217,פרי חדש או''ח,כן,"שולחן ערוך, אורח חיים",סימן קמא,פירוש,לא,
1218,פרי חדש או''ח,כן,"שולחן ערוך, אורח חיים",סימן קמא,פירוש,לא,
1219,פרי חדש או''ח,כן,"שולחן ערוך, אורח חיים",סימן קמא,פירוש,לא,
1220,פרי חדש או''ח,כן,"שולחן ערוך, אורח חיים",סימן קמא,פירוש,לא,
1222,פרי חדש או''ח,כן,"שולחן ערוך, אורח חיים",סימן קמא,פירוש,לא,
1223,פרי חדש או''ח,כן,"שולחן ערוך, אורח חיים",סימן קמא,פירוש,לא,
1224,פרי חדש או''ח,כן,"שולחן ערוך, אורח חיים",סימן קמא,פירוש,לא,
1225,פרי חדש או''ח,כן,"שולחן ערוך, אורח חיים",סימן קמא,פירוש,לא,
1227,פרי חדש או''ח,כן,"שולחן ערוך, אורח חיים",סימן קמא,פירוש,לא,
1229,פרי חדש או''ח,כן,"שולחן ערוך, אורח חיים",סימן קמא,פירוש,לא,
1235,פרי חדש או''ח,כן,"שולחן ערוך, אורח חיים",סימן קמב,פירוש,לא,
1237,פרי חדש או''ח,כן,"שולחן ערוך, אורח חיים",סימן קמב,פירוש,לא,
1241,פרי חדש או''ח,כן,"שולחן ערוך, אורח חיים",סימן קמב,פירוש,לא,
1245,פרי חדש או''ח,כן,"שולחן ערוך, אורח חיים",סימן קמג,פירוש,לא,
1247,פרי חדש או''ח,כן,"שולחן ערוך, אורח חיים",סימן קמג,פירוש,לא,
1248,פרי חדש או''ח,כן,"שולחן ערוך, אורח חיים",סימן קמג,פירוש,לא,
1250,פרי חדש או''ח,כן,"שולחן ערוך, אורח חיים",סימן קמג,פירוש,לא,
1252,פרי חדש או''ח,כן,"שולחן ערוך, אורח חיים",סימן קמג,פירוש,לא,
1253,פרי חדש או''ח,כן,"שולחן ערוך, אורח חיים",סימן קמג,פירוש,לא,
1254,פרי חדש או''ח,כן,"שולחן ערוך, אורח חיים",סימן קמג,פירוש,לא,
1256,פרי חדש או''ח,כן,"שולחן ערוך, אורח חיים",סימן קמג,פירוש,לא,
1262,פרי חדש או''ח,כן,"שולחן ערוך, אורח חיים",סימן קמד,פירוש,לא,
1263,פרי חדש או''ח,כן,"שולחן ערוך, אורח חיים",סימן קמד,פירוש,לא,
1264,פרי חדש או''ח,כן,"שולחן ערוך, אורח חיים",סימן קמד,פירוש,לא,
1266,פרי חדש או''ח,כן,"שולחן ערוך, אורח חיים",סימן קמד,פירוש,לא,
1268,פרי חדש או''ח,כן,"שולחן ערוך, אורח חיים",סימן קמד,פירוש,לא,
1269,פרי חדש או''ח,כן,"שולחן ערוך, אורח חיים",סימן קמד,פירוש,לא,
1271,פרי חדש או''ח,כן,"שולחן ערוך, אורח חיים",סימן קמד,פירוש,לא,
1272,פרי חדש או''ח,כן,"שולחן ערוך, אורח חיים",סימן קמד,פירוש,לא,
1278,פרי חדש או''ח,כן,"שולחן ערוך, אורח חיים",סימן קמה,פירוש,לא,
1279,פרי חדש או''ח,כן,"שולחן ערוך, אורח חיים",סימן קמה,פירוש,לא,
1280,פרי חדש או''ח,כן,"שולחן ערוך, אורח חיים",סימן קמה,פירוש,לא,
1281,פרי חדש או''ח,כן,"שולחן ערוך, אורח חיים",סימן קמה,פירוש,לא,
1282,פרי חדש או''ח,כן,"שולחן ערוך, אורח חיים",סימן קמה,פירוש,לא,
1283,פרי חדש או''ח,כן,"שולחן ערוך, אורח חיים",סימן קמה,פירוש,לא,
1284,פרי חדש או''ח,כן,"שולחן ערוך, אורח חיים",סימן קמה,פירוש,לא,
1285,פרי חדש או''ח,כן,"שולחן ערוך, אורח חיים",סימן קמה,פירוש,לא,
1287,פרי חדש או''ח,כן,"שולחן ערוך, אורח חיים",סימן קמה,פירוש,לא,
1288,פרי חדש או''ח,כן,"שולחן ערוך, אורח חיים",סימן קמה,פירוש,לא,
1290,פרי חדש או''ח,כן,"שולחן ערוך, אורח חיים",סימן קמה,פירוש,לא,
1296,פרי חדש או''ח,כן,"שולחן ערוך, אורח חיים",סימן קמו,פירוש,לא,
1297,פרי חדש או''ח,כן,"שולחן ערוך, אורח חיים",סימן קמו,פירוש,לא,
1299,פרי חדש או''ח,כן,"שולחן ערוך, אורח חיים",סימן קמו,פירוש,לא,
1300,פרי חדש או''ח,כן,"שולחן ערוך, אורח חיים",סימן קמו,פירוש,לא,
1301,פרי חדש או''ח,כן,"שולחן ערוך, אורח חיים",סימן קמו,פירוש,לא,
1303,פרי חדש או''ח,כן,"שולחן ערוך, אורח חיים",סימן קמו,פירוש,לא,
1305,פרי חדש או''ח,כן,"שולחן ערוך, אורח חיים",סימן קמו,פירוש,לא,
1311,פרי חדש או''ח,כן,"שולחן ערוך, אורח חיים",סימן קמז,פירוש,לא,
1312,פרי חדש או''ח,כן,"שולחן ערוך, אורח חיים",סימן קמז,פירוש,לא,
1314,פרי חדש או''ח,כן,"שולחן ערוך, אורח חיים",סימן קמז,פירוש,לא,
1316,פרי חדש או''ח,כן,"שולחן ערוך, אורח חיים",סימן קמז,פירוש,לא,
1322,פרי חדש או''ח,כן,"שולחן ערוך, אורח חיים",סימן קמט,פירוש,לא,
1323,פרי חדש או''ח,כן,"שולחן ערוך, אורח חיים",סימן קמט,פירוש,לא,
1324,פרי חדש או''ח,כן,"שולחן ערוך, אורח חיים",סימן קמט,פירוש,לא,
1330,פרי חדש או''ח,כן,"שולחן ערוך, אורח חיים",סימן קנח,פירוש,לא,
1336,פרי חדש או''ח,כן,"שולחן ערוך, אורח חיים",סימן קנט,פירוש,לא,
1338,פרי חדש או''ח,כן,"שולחן ערוך, אורח חיים",סימן קנט,פירוש,לא,
1344,פרי חדש או''ח,כן,"שולחן ערוך, אורח חיים",סימן קס,פירוש,לא,
1346,פרי חדש או''ח,כן,"שולחן ערוך, אורח חיים",סימן קס,פירוש,לא,
1352,פרי חדש או''ח,כן,"שולחן ערוך, אורח חיים",סימן קסו,פירוש,לא,
1358,פרי חדש או''ח,כן,"שולחן ערוך, אורח חיים",סימן קסז,פירוש,לא,
1360,פרי חדש או''ח,כן,"שולחן ערוך, אורח חיים",סימן קסז,פירוש,לא,
1366,פרי חדש או''ח,כן,"שולחן ערוך, אורח חיים",סימן קסח,פירוש,לא,
1368,פרי חדש או''ח,כן,"שולחן ערוך, אורח חיים",סימן קסח,פירוש,לא,
1370,פרי חדש או''ח,כן,"שולחן ערוך, אורח חיים",סימן קסח,פירוש,לא,
1376,פרי חדש או''ח,כן,"שולחן ערוך, אורח חיים",סימן קע,פירוש,לא,
1378,פרי חדש או''ח,כן,"שולחן ערוך, אורח חיים",סימן קע,פירוש,לא,
1384,פרי חדש או''ח,כן,"שולחן ערוך, אורח חיים",סימן קפד,פירוש,לא,
1390,פרי חדש או''ח,כן,"שולחן ערוך, אורח חיים",סימן קפט,פירוש,לא,
1396,פרי חדש או''ח,כן,"שולחן ערוך, אורח חיים",סימן קצ,פירוש,לא,
1402,פרי חדש או''ח,כן,"שולחן ערוך, אורח חיים",סימן קצב,פירוש,לא,
1404,פרי חדש או''ח,כן,"שולחן ערוך, אורח חיים",סימן קצב,פירוש,לא,
1410,פרי חדש או''ח,כן,"שולחן ערוך, אורח חיים",סימן קצג,פירוש,לא,
1416,פרי חדש או''ח,כן,"שולחן ערוך, אורח חיים",סימן קצו,פירוש,לא,
1422,פרי חדש או''ח,כן,"שולחן ערוך, אורח חיים",סימן קצז,פירוש,לא,
1424,פרי חדש או''ח,כן,"שולחן ערוך, אורח חיים",סימן קצז,פירוש,לא,
1430,פרי חדש או''ח,כן,"שולחן ערוך, אורח חיים",סימן קצח,פירוש,לא,
1436,פרי חדש או''ח,כן,"שולחן ערוך, אורח חיים",סימן רב,פירוש,לא,
1438,פרי חדש או''ח,כן,"שולחן ערוך, אורח חיים",סימן רב,פירוש,לא,
1439,פרי חדש או''ח,כן,"שולחן ערוך, אורח חיים",סימן רב,פירוש,לא,
1441,פרי חדש או''ח,כן,"שולחן ערוך, אורח חיים",סימן רב,פירוש,לא,
1443,פרי חדש או''ח,כן,"שולחן ערוך, אורח חיים",סימן רב,פירוש,לא,
1445,פרי חדש או''ח,כן,"שולחן ערוך, אורח חיים",סימן רב,פירוש,לא,
1447,פרי חדש או''ח,כן,"שולחן ערוך, אורח חיים",סימן רב,פירוש,לא,
1449,פרי חדש או''ח,כן,"שולחן ערוך, אורח חיים",סימן רב,פירוש,לא,
1453,פרי חדש או''ח,כן,"שולחן ערוך, אורח חיים",סימן רב,פירוש,לא,
1457,פרי חדש או''ח,כן,"שולחן ערוך, אורח חיים",סימן רו,פירוש,לא,
1459,פרי חדש או''ח,כן,"שולחן ערוך, אורח חיים",סימן רו,פירוש,לא,
1465,פרי חדש או''ח,כן,"שולחן ערוך, אורח חיים",סימן רח,פירוש,לא,
1467,פרי חדש או''ח,כן,"שולחן ערוך, אורח חיים",סימן רח,פירוש,לא,
1469,פרי חדש או''ח,כן,"שולחן ערוך, אורח חיים",סימן רח,פירוש,לא,
1471,פרי חדש או''ח,כן,"שולחן ערוך, אורח חיים",סימן רח,פירוש,לא,
1472,פרי חדש או''ח,כן,"שולחן ערוך, אורח חיים",סימן רח,פירוש,לא,
1478,פרי חדש או''ח,כן,"שולחן ערוך, אורח חיים",סימן רט,פירוש,לא,
1479,פרי חדש או''ח,כן,"שולחן ערוך, אורח חיים",סימן רט,פירוש,לא,
1480,פרי חדש או''ח,כן,"שולחן ערוך, אורח חיים",סימן רט,פירוש,לא,
1486,פרי חדש או''ח,כן,"שולחן ערוך, אורח חיים",סימן ריא,פירוש,לא,
1488,פרי חדש או''ח,כן,"שולחן ערוך, אורח חיים",סימן ריא,פירוש,לא,
1494,פרי חדש או''ח,כן,"שולחן ערוך, אורח חיים",סימן ריב,פירוש,לא,
1495,פרי חדש או''ח,כן,"שולחן ערוך, אורח חיים",סימן ריב,פירוש,לא,
1496,פרי חדש או''ח,כן,"שולחן ערוך, אורח חיים",סימן ריב,פירוש,לא,
1502,פרי חדש או''ח,כן,"שולחן ערוך, אורח חיים",סימן רטז,פירוש,לא,
1508,פרי חדש או''ח,כן,"שולחן ערוך, אורח חיים",סימן רכה,פירוש,לא,
1510,פרי חדש או''ח,כן,"שולחן ערוך, אורח חיים",סימן רכה,פירוש,לא,
1512,פרי חדש או''ח,כן,"שולחן ערוך, אורח חיים",סימן רכה,פירוש,לא,
1518,פרי חדש או''ח,כן,"שולחן ערוך, אורח חיים",סימן רכח,פירוש,לא,
1524,פרי חדש או''ח,כן,"שולחן ערוך, אורח חיים",סימן רלא,פירוש,לא,
1530,פרי חדש או''ח,כן,"שולחן ערוך, אורח חיים",סימן רלג,פירוש,לא,
1536,פרי חדש או''ח,כן,"שולחן ערוך, אורח חיים",סימן רלה,פירוש,לא,
1538,פרי חדש או''ח,כן,"שולחן ערוך, אורח חיים",סימן רלה,פירוש,לא,
1544,פרי חדש או''ח,כן,"שולחן ערוך, אורח חיים",סימן רמו,פירוש,לא,
1546,פרי חדש או''ח,כן,"שולחן ערוך, אורח חיים",סימן רמו,פירוש,לא,
1552,פרי חדש או''ח,כן,"שולחן ערוך, אורח חיים",סימן רמט,פירוש,לא,
1558,פרי חדש או''ח,כן,"שולחן ערוך, אורח חיים",סימן רסג,פירוש,לא,
1560,פרי חדש או''ח,כן,"שולחן ערוך, אורח חיים",סימן רסג,פירוש,לא,
1566,פרי חדש או''ח,כן,"שולחן ערוך, אורח חיים",סימן רסח,פירוש,לא,
1572,פרי חדש או''ח,כן,"שולחן ערוך, אורח חיים",סימן רעג,פירוש,לא,
1578,פרי חדש או''ח,כן,"שולחן ערוך, אורח חיים",סימן רעט,פירוש,לא,
1584,פרי חדש או''ח,כן,"שולחן ערוך, אורח חיים",סימן רפב,פירוש,לא,
1590,פרי חדש או''ח,כן,"שולחן ערוך, אורח חיים",סימן רפה,פירוש,לא,
1592,פרי חדש או''ח,כן,"שולחן ערוך, אורח חיים",סימן רפה,פירוש,לא,
1598,פרי חדש או''ח,כן,"שולחן ערוך, אורח חיים",סימן רצו,פירוש,לא,
1599,פרי חדש או''ח,כן,"שולחן ערוך, אורח חיים",סימן רצו,פירוש,לא,
1605,פרי חדש או''ח,כן,"שולחן ערוך, אורח חיים",סימן רצט,פירוש,לא,
1607,פרי חדש או''ח,כן,"שולחן ערוך, אורח חיים",סימן רצט,פירוש,לא,
1613,פרי חדש או''ח,כן,"שולחן ערוך, אורח חיים",סימן ש,פירוש,לא,
1619,פרי חדש או''ח,כן,"שולחן ערוך, אורח חיים",סימן שי,פירוש,לא,
1625,פרי חדש או''ח,כן,"שולחן ערוך, אורח חיים",סימן שיא,פירוש,לא,
1631,פרי חדש או''ח,כן,"שולחן ערוך, אורח חיים",סימן שיד,פירוש,לא,
1637,פרי חדש או''ח,כן,"שולחן ערוך, אורח חיים",סימן שכו,פירוש,לא,
1643,פרי חדש או''ח,כן,"שולחן ערוך, אורח חיים",סימן שכח,פירוש,לא,
1645,פרי חדש או''ח,כן,"שולחן ערוך, אורח חיים",סימן שכח,פירוש,לא,
1647,פרי חדש או''ח,כן,"שולחן ערוך, אורח חיים",סימן שכח,פירוש,לא,
1649,פרי חדש או''ח,כן,"שולחן ערוך, אורח חיים",סימן שכח,פירוש,לא,
1655,פרי חדש או''ח,כן,"שולחן ערוך, אורח חיים",סימן תיז,פירוש,לא,
1656,פרי חדש או''ח,כן,"שולחן ערוך, אורח חיים",סימן תיז,פירוש,לא,
1657,פרי חדש או''ח,כן,"שולחן ערוך, אורח חיים",סימן תיז,פירוש,לא,
1658,פרי חדש או''ח,כן,"שולחן ערוך, אורח חיים",סימן תיז,פירוש,לא,
1659,פרי חדש או''ח,כן,"שולחן ערוך, אורח חיים",סימן תיז,פירוש,לא,
1660,פרי חדש או''ח,כן,"שולחן ערוך, אורח חיים",סימן תיז,פירוש,לא,
1661,פרי חדש או''ח,כן,"שולחן ערוך, אורח חיים",סימן תיז,פירוש,לא,
1667,פרי חדש או''ח,כן,"שולחן ערוך, אורח חיים",סימן תיח,פירוש,לא,
1669,פרי חדש או''ח,כן,"שולחן ערוך, אורח חיים",סימן תיח,פירוש,לא,
1670,פרי חדש או''ח,כן,"שולחן ערוך, אורח חיים",סימן תיח,פירוש,לא,
1672,פרי חדש או''ח,כן,"שולחן ערוך, אורח חיים",סימן תיח,פירוש,לא,
1673,פרי חדש או''ח,כן,"שולחן ערוך, אורח חיים",סימן תיח,פירוש,לא,
1675,פרי חדש או''ח,כן,"שולחן ערוך, אורח חיים",סימן תיח,פירוש,לא,
1677,פרי חדש או''ח,כן,"שולחן ערוך, אורח חיים",סימן תיח,פירוש,לא,
1683,פרי חדש או''ח,כן,"שולחן ערוך, אורח חיים",סימן תיט,פירוש,לא,
1684,פרי חדש או''ח,כן,"שולחן ערוך, אורח חיים",סימן תיט,פירוש,לא,
1690,פרי חדש או''ח,כן,"שולחן ערוך, אורח חיים",סימן תכ,פירוש,לא,
1691,פרי חדש או''ח,כן,"שולחן ערוך, אורח חיים",סימן תכ,פירוש,לא,
1692,פרי חדש או''ח,כן,"שולחן ערוך, אורח חיים",סימן תכ,פירוש,לא,
1694,פרי חדש או''ח,כן,"שולחן ערוך, אורח חיים",סימן תכ,פירוש,לא,
1700,פרי חדש או''ח,כן,"שולחן ערוך, אורח חיים",סימן תכא,פירוש,לא,
1706,פרי חדש או''ח,כן,"שולחן ערוך, אורח חיים",סימן תכב,פירוש,לא,
1707,פרי חדש או''ח,כן,"שולחן ערוך, אורח חיים",סימן תכב,פירוש,לא,
1708,פרי חדש או''ח,כן,"שולחן ערוך, אורח חיים",סימן תכב,פירוש,לא,
1709,פרי חדש או''ח,כן,"שולחן ערוך, אורח חיים",סימן תכב,פירוש,לא,
1710,פרי חדש או''ח,כן,"שולחן ערוך, אורח חיים",סימן תכב,פירוש,לא,
1712,פרי חדש או''ח,כן,"שולחן ערוך, אורח חיים",סימן תכב,פירוש,לא,
1713,פרי חדש או''ח,כן,"שולחן ערוך, אורח חיים",סימן תכב,פירוש,לא,
1714,פרי חדש או''ח,כן,"שולחן ערוך, אורח חיים",סימן תכב,פירוש,לא,
1715,פרי חדש או''ח,כן,"שולחן ערוך, אורח חיים",סימן תכב,פירוש,לא,
1716,פרי חדש או''ח,כן,"שולחן ערוך, אורח חיים",סימן תכב,פירוש,לא,
1717,פרי חדש או''ח,כן,"שולחן ערוך, אורח חיים",סימן תכב,פירוש,לא,
1718,פרי חדש או''ח,כן,"שולחן ערוך, אורח חיים",סימן תכב,פירוש,לא,
1719,פרי חדש או''ח,כן,"שולחן ערוך, אורח חיים",סימן תכב,פירוש,לא,
1720,פרי חדש או''ח,כן,"שולחן ערוך, אורח חיים",סימן תכב,פירוש,לא,
1722,פרי חדש או''ח,כן,"שולחן ערוך, אורח חיים",סימן תכב,פירוש,לא,
1723,פרי חדש או''ח,כן,"שולחן ערוך, אורח חיים",סימן תכב,פירוש,לא,
1725,פרי חדש או''ח,כן,"שולחן ערוך, אורח חיים",סימן תכב,פירוש,לא,
1726,פרי חדש או''ח,כן,"שולחן ערוך, אורח חיים",סימן תכב,פירוש,לא,
1727,פרי חדש או''ח,כן,"שולחן ערוך, אורח חיים",סימן תכב,פירוש,לא,
1729,פרי חדש או''ח,כן,"שולחן ערוך, אורח חיים",סימן תכב,פירוש,לא,
1731,פרי חדש או''ח,כן,"שולחן ערוך, אורח חיים",סימן תכב,פירוש,לא,
1732,פרי חדש או''ח,כן,"שולחן ערוך, אורח חיים",סימן תכב,פירוש,לא,
1733,פרי חדש או''ח,כן,"שולחן ערוך, אורח חיים",סימן תכב,פירוש,לא,
1735,פרי חדש או''ח,כן,"שולחן ערוך, אורח חיים",סימן תכב,פירוש,לא,
1736,פרי חדש או''ח,כן,"שולחן ערוך, אורח חיים",סימן תכב,פירוש,לא,
1742,פרי חדש או''ח,כן,"שולחן ערוך, אורח חיים",סימן תכג,פירוש,לא,
1744,פרי חדש או''ח,כן,"שולחן ערוך, אורח חיים",סימן תכג,פירוש,לא,
1745,פרי חדש או''ח,כן,"שולחן ערוך, אורח חיים",סימן תכג,פירוש,לא,
1746,פרי חדש או''ח,כן,"שולחן ערוך, אורח חיים",סימן תכג,פירוש,לא,
1747,פרי חדש או''ח,כן,"שולחן ערוך, אורח חיים",סימן תכג,פירוש,לא,
1749,פרי חדש או''ח,כן,"שולחן ערוך, אורח חיים",סימן תכג,פירוש,לא,
1750,פרי חדש או''ח,כן,"שולחן ערוך, אורח חיים",סימן תכג,פירוש,לא,
1751,פרי חדש או''ח,כן,"שולחן ערוך, אורח חיים",סימן תכג,פירוש,לא,
1752,פרי חדש או''ח,כן,"שולחן ערוך, אורח חיים",סימן תכג,פירוש,לא,
1753,פרי חדש או''ח,כן,"שולחן ערוך, אורח חיים",סימן תכג,פירוש,לא,
1754,פרי חדש או''ח,כן,"שולחן ערוך, אורח חיים",סימן תכג,פירוש,לא,
1756,פרי חדש או''ח,כן,"שולחן ערוך, אורח חיים",סימן תכג,פירוש,לא,
1757,פרי חדש או''ח,כן,"שולחן ערוך, אורח חיים",סימן תכג,פירוש,לא,
1763,פרי חדש או''ח,כן,"שולחן ערוך, אורח חיים",סימן תכד,פירוש,לא,
1764,פרי חדש או''ח,כן,"שולחן ערוך, אורח חיים",סימן תכד,פירוש,לא,
1770,פרי חדש או''ח,כן,"שולחן ערוך, אורח חיים",סימן תכה,פירוש,לא,
1771,פרי חדש או''ח,כן,"שולחן ערוך, אורח חיים",סימן תכה,פירוש,לא,
1772,פרי חדש או''ח,כן,"שולחן ערוך, אורח חיים",סימן תכה,פירוש,לא,
1774,פרי חדש או''ח,כן,"שולחן ערוך, אורח חיים",סימן תכה,פירוש,לא,
1776,פרי חדש או''ח,כן,"שולחן ערוך, אורח חיים",סימן תכה,פירוש,לא,
1777,פרי חדש או''ח,כן,"שולחן ערוך, אורח חיים",סימן תכה,פירוש,לא,
1783,פרי חדש או''ח,כן,"שולחן ערוך, אורח חיים",סימן תכו,פירוש,לא,
1784,פרי חדש או''ח,כן,"שולחן ערוך, אורח חיים",סימן תכו,פירוש,לא,
1785,פרי חדש או''ח,כן,"שולחן ערוך, אורח חיים",סימן תכו,פירוש,לא,
1786,פרי חדש או''ח,כן,"שולחן ערוך, אורח חיים",סימן תכו,פירוש,לא,
1787,פרי חדש או''ח,כן,"שולחן ערוך, אורח חיים",סימן תכו,פירוש,לא,
1788,פרי חדש או''ח,כן,"שולחן ערוך, אורח חיים",סימן תכו,פירוש,לא,
1790,פרי חדש או''ח,כן,"שולחן ערוך, אורח חיים",סימן תכו,פירוש,לא,
1791,פרי חדש או''ח,כן,"שולחן ערוך, אורח חיים",סימן תכו,פירוש,לא,
1792,פרי חדש או''ח,כן,"שולחן ערוך, אורח חיים",סימן תכו,פירוש,לא,
1793,פרי חדש או''ח,כן,"שולחן ערוך, אורח חיים",סימן תכו,פירוש,לא,
1794,פרי חדש או''ח,כן,"שולחן ערוך, אורח חיים",סימן תכו,פירוש,לא,
1795,פרי חדש או''ח,כן,"שולחן ערוך, אורח חיים",סימן תכו,פירוש,לא,
1796,פרי חדש או''ח,כן,"שולחן ערוך, אורח חיים",סימן תכו,פירוש,לא,
1797,פרי חדש או''ח,כן,"שולחן ערוך, אורח חיים",סימן תכו,פירוש,לא,
1799,פרי חדש או''ח,כן,"שולחן ערוך, אורח חיים",סימן תכו,פירוש,לא,
1801,פרי חדש או''ח,כן,"שולחן ערוך, אורח חיים",סימן תכו,פירוש,לא,
1802,פרי חדש או''ח,כן,"שולחן ערוך, אורח חיים",סימן תכו,פירוש,לא,
1808,פרי חדש או''ח,כן,"שולחן ערוך, אורח חיים",סימן תכז,פירוש,לא,
1809,פרי חדש או''ח,כן,"שולחן ערוך, אורח חיים",סימן תכז,פירוש,לא,
1810,פרי חדש או''ח,כן,"שולחן ערוך, אורח חיים",סימן תכז,פירוש,לא,
1811,פרי חדש או''ח,כן,"שולחן ערוך, אורח חיים",סימן תכז,פירוש,לא,
1812,פרי חדש או''ח,כן,"שולחן ערוך, אורח חיים",סימן תכז,פירוש,לא,
1813,פרי חדש או''ח,כן,"שולחן ערוך, אורח חיים",סימן תכז,פירוש,לא,
1814,פרי חדש או''ח,כן,"שולחן ערוך, אורח חיים",סימן תכז,פירוש,לא,
1815,פרי חדש או''ח,כן,"שולחן ערוך, אורח חיים",סימן תכז,פירוש,לא,
1816,פרי חדש או''ח,כן,"שולחן ערוך, אורח חיים",סימן תכז,פירוש,לא,
1817,פרי חדש או''ח,כן,"שולחן ערוך, אורח חיים",סימן תכז,פירוש,לא,
1818,פרי חדש או''ח,כן,"שולחן ערוך, אורח חיים",סימן תכז,פירוש,לא,
1819,פרי חדש או''ח,כן,"שולחן ערוך, אורח חיים",סימן תכז,פירוש,לא,
1820,פרי חדש או''ח,כן,"שולחן ערוך, אורח חיים",סימן תכז,פירוש,לא,
1826,פרי חדש או''ח,כן,"שולחן ערוך, אורח חיים",סימן תכח,פירוש,לא,
1827,פרי חדש או''ח,כן,"שולחן ערוך, אורח חיים",סימן תכח,פירוש,לא,
1828,פרי חדש או''ח,כן,"שולחן ערוך, אורח חיים",סימן תכח,פירוש,לא,
1829,פרי חדש או''ח,כן,"שולחן ערוך, אורח חיים",סימן תכח,פירוש,לא,
1830,פרי חדש או''ח,כן,"שולחן ערוך, אורח חיים",סימן תכח,פירוש,לא,
1831,פרי חדש או''ח,כן,"שולחן ערוך, אורח חיים",סימן תכח,פירוש,לא,
1832,פרי חדש או''ח,כן,"שולחן ערוך, אורח חיים",סימן תכח,פירוש,לא,
1833,פרי חדש או''ח,כן,"שולחן ערוך, אורח חיים",סימן תכח,פירוש,לא,
1834,פרי חדש או''ח,כן,"שולחן ערוך, אורח חיים",סימן תכח,פירוש,לא,
1835,פרי חדש או''ח,כן,"שולחן ערוך, אורח חיים",סימן תכח,פירוש,לא,
1836,פרי חדש או''ח,כן,"שולחן ערוך, אורח חיים",סימן תכח,פירוש,לא,
1837,פרי חדש או''ח,כן,"שולחן ערוך, אורח חיים",סימן תכח,פירוש,לא,
1838,פרי חדש או''ח,כן,"שולחן ערוך, אורח חיים",סימן תכח,פירוש,לא,
1839,פרי חדש או''ח,כן,"שולחן ערוך, אורח חיים",סימן תכח,פירוש,לא,
1840,פרי חדש או''ח,כן,"שולחן ערוך, אורח חיים",סימן תכח,פירוש,לא,
1841,פרי חדש או''ח,כן,"שולחן ערוך, אורח חיים",סימן תכח,פירוש,לא,
1842,פרי חדש או''ח,כן,"שולחן ערוך, אורח חיים",סימן תכח,פירוש,לא,
1843,פרי חדש או''ח,כן,"שולחן ערוך, אורח חיים",סימן תכח,פירוש,לא,
1844,פרי חדש או''ח,כן,"שולחן ערוך, אורח חיים",סימן תכח,פירוש,לא,
1845,פרי חדש או''ח,כן,"שולחן ערוך, אורח חיים",סימן תכח,פירוש,לא,
1846,פרי חדש או''ח,כן,"שולחן ערוך, אורח חיים",סימן תכח,פירוש,לא,
1847,פרי חדש או''ח,כן,"שולחן ערוך, אורח חיים",סימן תכח,פירוש,לא,
1848,פרי חדש או''ח,כן,"שולחן ערוך, אורח חיים",סימן תכח,פירוש,לא,
1849,פרי חדש או''ח,כן,"שולחן ערוך, אורח חיים",סימן תכח,פירוש,לא,
1850,פרי חדש או''ח,כן,"שולחן ערוך, אורח חיים",סימן תכח,פירוש,לא,
1852,פרי חדש או''ח,כן,"שולחן ערוך, אורח חיים",סימן תכח,פירוש,לא,
1853,פרי חדש או''ח,כן,"שולחן ערוך, אורח חיים",סימן תכח,פירוש,לא,
1854,פרי חדש או''ח,כן,"שולחן ערוך, אורח חיים",סימן תכח,פירוש,לא,
1856,פרי חדש או''ח,כן,"שולחן ערוך, אורח חיים",סימן תכח,פירוש,לא,
1858,פרי חדש או''ח,כן,"שולחן ערוך, אורח חיים",סימן תכח,פירוש,לא,
1859,פרי חדש או''ח,כן,"שולחן ערוך, אורח חיים",סימן תכח,פירוש,לא,
1860,פרי חדש או''ח,כן,"שולחן ערוך, אורח חיים",סימן תכח,פירוש,לא,
1861,פרי חדש או''ח,כן,"שולחן ערוך, אורח חיים",סימן תכח,פירוש,לא,
1863,פרי חדש או''ח,כן,"שולחן ערוך, אורח חיים",סימן תכח,פירוש,לא,
1864,פרי חדש או''ח,כן,"שולחן ערוך, אורח חיים",סימן תכח,פירוש,לא,
1866,פרי חדש או''ח,כן,"שולחן ערוך, אורח חיים",סימן תכח,פירוש,לא,
1867,פרי חדש או''ח,כן,"שולחן ערוך, אורח חיים",סימן תכח,פירוש,לא,
1869,פרי חדש או''ח,כן,"שולחן ערוך, אורח חיים",סימן תכח,פירוש,לא,
1871,פרי חדש או''ח,כן,"שולחן ערוך, אורח חיים",סימן תכח,פירוש,לא,
1872,פרי חדש או''ח,כן,"שולחן ערוך, אורח חיים",סימן תכח,פירוש,לא,
1873,פרי חדש או''ח,כן,"שולחן ערוך, אורח חיים",סימן תכח,פירוש,לא,
1874,פרי חדש או''ח,כן,"שולחן ערוך, אורח חיים",סימן תכח,פירוש,לא,
1875,פרי חדש או''ח,כן,"שולחן ערוך, אורח חיים",סימן תכח,פירוש,לא,
1876,פרי חדש או''ח,כן,"שולחן ערוך, אורח חיים",סימן תכח,פירוש,לא,
1877,פרי חדש או''ח,כן,"שולחן ערוך, אורח חיים",סימן תכח,פירוש,לא,
1883,פרי חדש או''ח,כן,"שולחן ערוך, אורח חיים",סימן תכט,פירוש,לא,
1884,פרי חדש או''ח,כן,"שולחן ערוך, אורח חיים",סימן תכט,פירוש,לא,
1885,פרי חדש או''ח,כן,"שולחן ערוך, אורח חיים",סימן תכט,פירוש,לא,
1886,פרי חדש או''ח,כן,"שולחן ערוך, אורח חיים",סימן תכט,פירוש,לא,
1887,פרי חדש או''ח,כן,"שולחן ערוך, אורח חיים",סימן תכט,פירוש,לא,
1888,פרי חדש או''ח,כן,"שולחן ערוך, אורח חיים",סימן תכט,פירוש,לא,
1890,פרי חדש או''ח,כן,"שולחן ערוך, אורח חיים",סימן תכט,פירוש,לא,
1891,פרי חדש או''ח,כן,"שולחן ערוך, אורח חיים",סימן תכט,פירוש,לא,
1892,פרי חדש או''ח,כן,"שולחן ערוך, אורח חיים",סימן תכט,פירוש,לא,
1898,פרי חדש או''ח,כן,"שולחן ערוך, אורח חיים",סימן תל,פירוש,לא,
1904,פרי חדש או''ח,כן,"שולחן ערוך, אורח חיים",סימן תלא,פירוש,לא,
1905,פרי חדש או''ח,כן,"שולחן ערוך, אורח חיים",סימן תלא,פירוש,לא,
1906,פרי חדש או''ח,כן,"שולחן ערוך, אורח חיים",סימן תלא,פירוש,לא,
1907,פרי חדש או''ח,כן,"שולחן ערוך, אורח חיים",סימן תלא,פירוש,לא,
1908,פרי חדש או''ח,כן,"שולחן ערוך, אורח חיים",סימן תלא,פירוש,לא,
1909,פרי חדש או''ח,כן,"שולחן ערוך, אורח חיים",סימן תלא,פירוש,לא,
1910,פרי חדש או''ח,כן,"שולחן ערוך, אורח חיים",סימן תלא,פירוש,לא,
1911,פרי חדש או''ח,כן,"שולחן ערוך, אורח חיים",סימן תלא,פירוש,לא,
1913,פרי חדש או''ח,כן,"שולחן ערוך, אורח חיים",סימן תלא,פירוש,לא,
1914,פרי חדש או''ח,כן,"שולחן ערוך, אורח חיים",סימן תלא,פירוש,לא,
1915,פרי חדש או''ח,כן,"שולחן ערוך, אורח חיים",סימן תלא,פירוש,לא,
1921,פרי חדש או''ח,כן,"שולחן ערוך, אורח חיים",סימן תלב,פירוש,לא,
1922,פרי חדש או''ח,כן,"שולחן ערוך, אורח חיים",סימן תלב,פירוש,לא,
1923,פרי חדש או''ח,כן,"שולחן ערוך, אורח חיים",סימן תלב,פירוש,לא,
1924,פרי חדש או''ח,כן,"שולחן ערוך, אורח חיים",סימן תלב,פירוש,לא,
1925,פרי חדש או''ח,כן,"שולחן ערוך, אורח חיים",סימן תלב,פירוש,לא,
1927,פרי חדש או''ח,כן,"שולחן ערוך, אורח חיים",סימן תלב,פירוש,לא,
1928,פרי חדש או''ח,כן,"שולחן ערוך, אורח חיים",סימן תלב,פירוש,לא,
1934,פרי חדש או''ח,כן,"שולחן ערוך, אורח חיים",סימן תלג,פירוש,לא,
1935,פרי חדש או''ח,כן,"שולחן ערוך, אורח חיים",סימן תלג,פירוש,לא,
1936,פרי חדש או''ח,כן,"שולחן ערוך, אורח חיים",סימן תלג,פירוש,לא,
1938,פרי חדש או''ח,כן,"שולחן ערוך, אורח חיים",סימן תלג,פירוש,לא,
1940,פרי חדש או''ח,כן,"שולחן ערוך, אורח חיים",סימן תלג,פירוש,לא,
1941,פרי חדש או''ח,כן,"שולחן ערוך, אורח חיים",סימן תלג,פירוש,לא,
1943,פרי חדש או''ח,כן,"שולחן ערוך, אורח חיים",סימן תלג,פירוש,לא,
1944,פרי חדש או''ח,כן,"שולחן ערוך, אורח חיים",סימן תלג,פירוש,לא,
1946,פרי חדש או''ח,כן,"שולחן ערוך, אורח חיים",סימן תלג,פירוש,לא,
1947,פרי חדש או''ח,כן,"שולחן ערוך, אורח חיים",סימן תלג,פירוש,לא,
1948,פרי חדש או''ח,כן,"שולחן ערוך, אורח חיים",סימן תלג,פירוש,לא,
1950,פרי חדש או''ח,כן,"שולחן ערוך, אורח חיים",סימן תלג,פירוש,לא,
1951,פרי חדש או''ח,כן,"שולחן ערוך, אורח חיים",סימן תלג,פירוש,לא,
1953,פרי חדש או''ח,כן,"שולחן ערוך, אורח חיים",סימן תלג,פירוש,לא,
1954,פרי חדש או''ח,כן,"שולחן ערוך, אורח חיים",סימן תלג,פירוש,לא,
1955,פרי חדש או''ח,כן,"שולחן ערוך, אורח חיים",סימן תלג,פירוש,לא,
1957,פרי חדש או''ח,כן,"שולחן ערוך, אורח חיים",סימן תלג,פירוש,לא,
1959,פרי חדש או''ח,כן,"שולחן ערוך, אורח חיים",סימן תלג,פירוש,לא,
1965,פרי חדש או''ח,כן,"שולחן ערוך, אורח חיים",סימן תלד,פירוש,לא,
1967,פרי חדש או''ח,כן,"שולחן ערוך, אורח חיים",סימן תלד,פירוש,לא,
1969,פרי חדש או''ח,כן,"שולחן ערוך, אורח חיים",סימן תלד,פירוש,לא,
1971,פרי חדש או''ח,כן,"שולחן ערוך, אורח חיים",סימן תלד,פירוש,לא,
1977,פרי חדש או''ח,כן,"שולחן ערוך, אורח חיים",סימן תלה,פירוש,לא,
1983,פרי חדש או''ח,כן,"שולחן ערוך, אורח חיים",סימן תלו,פירוש,לא,
1985,פרי חדש או''ח,כן,"שולחן ערוך, אורח חיים",סימן תלו,פירוש,לא,
1987,פרי חדש או''ח,כן,"שולחן ערוך, אורח חיים",סימן תלו,פירוש,לא,
1993,פרי חדש או''ח,כן,"שולחן ערוך, אורח חיים",סימן תלז,פירוש,לא,
1995,פרי חדש או''ח,כן,"שולחן ערוך, אורח חיים",סימן תלז,פירוש,לא,
1997,פרי חדש או''ח,כן,"שולחן ערוך, אורח חיים",סימן תלז,פירוש,לא,
1999,פרי חדש או''ח,כן,"שולחן ערוך, אורח חיים",סימן תלז,פירוש,לא,
2005,פרי חדש או''ח,כן,"שולחן ערוך, אורח חיים",סימן תלח,פירוש,לא,
2007,פרי חדש או''ח,כן,"שולחן ערוך, אורח חיים",סימן תלח,פירוש,לא,
2013,פרי חדש או''ח,כן,"שולחן ערוך, אורח חיים",סימן תלט,פירוש,לא,
2015,פרי חדש או''ח,כן,"שולחן ערוך, אורח חיים",סימן תלט,פירוש,לא,
2017,פרי חדש או''ח,כן,"שולחן ערוך, אורח חיים",סימן תלט,פירוש,לא,
2019,פרי חדש או''ח,כן,"שולחן ערוך, אורח חיים",סימן תלט,פירוש,לא,
2023,פרי חדש או''ח,כן,"שולחן ערוך, אורח חיים",סימן תלט,פירוש,לא,
2027,פרי חדש או''ח,כן,"שולחן ערוך, אורח חיים",סימן תמ,פירוש,לא,
2029,פרי חדש או''ח,כן,"שולחן ערוך, אורח חיים",סימן תמ,פירוש,לא,
2031,פרי חדש או''ח,כן,"שולחן ערוך, אורח חיים",סימן תמ,פירוש,לא,
2033,פרי חדש או''ח,כן,"שולחן ערוך, אורח חיים",סימן תמ,פירוש,לא,
2039,פרי חדש או''ח,כן,"שולחן ערוך, אורח חיים",סימן תמא,פירוש,לא,
2041,פרי חדש או''ח,כן,"שולחן ערוך, אורח חיים",סימן תמא,פירוש,לא,
2047,פרי חדש או''ח,כן,"שולחן ערוך, אורח חיים",סימן תמב,פירוש,לא,
2048,פרי חדש או''ח,כן,"שולחן ערוך, אורח חיים",סימן תמב,פירוש,לא,
2049,פרי חדש או''ח,כן,"שולחן ערוך, אורח חיים",סימן תמב,פירוש,לא,
2051,פרי חדש או''ח,כן,"שולחן ערוך, אורח חיים",סימן תמב,פירוש,לא,
2053,פרי חדש או''ח,כן,"שולחן ערוך, אורח חיים",סימן תמב,פירוש,לא,
2055,פרי חדש או''ח,כן,"שולחן ערוך, אורח חיים",סימן תמב,פירוש,לא,
2057,פרי חדש או''ח,כן,"שולחן ערוך, אורח חיים",סימן תמב,פירוש,לא,
2059,פרי חדש או''ח,כן,"שולחן ערוך, אורח חיים",סימן תמב,פירוש,לא,
2061,פרי חדש או''ח,כן,"שולחן ערוך, אורח חיים",סימן תמב,פירוש,לא,
2063,פרי חדש או''ח,כן,"שולחן ערוך, אורח חיים",סימן תמב,פירוש,לא,
2065,פרי חדש או''ח,כן,"שולחן ערוך, אורח חיים",סימן תמב,פירוש,לא,
2067,פרי חדש או''ח,כן,"שולחן ערוך, אורח חיים",סימן תמב,פירוש,לא,
2073,פרי חדש או''ח,כן,"שולחן ערוך, אורח חיים",סימן תמג,פירוש,לא,
2075,פרי חדש או''ח,כן,"שולחן ערוך, אורח חיים",סימן תמג,פירוש,לא,
2077,פרי חדש או''ח,כן,"שולחן ערוך, אורח חיים",סימן תמג,פירוש,לא,
2083,פרי חדש או''ח,כן,"שולחן ערוך, אורח חיים",סימן תמד,פירוש,לא,
2085,פרי חדש או''ח,כן,"שולחן ערוך, אורח חיים",סימן תמד,פירוש,לא,
2087,פרי חדש או''ח,כן,"שולחן ערוך, אורח חיים",סימן תמד,פירוש,לא,
2089,פרי חדש או''ח,כן,"שולחן ערוך, אורח חיים",סימן תמד,פירוש,לא,
2091,פרי חדש או''ח,כן,"שולחן ערוך, אורח חיים",סימן תמד,פירוש,לא,
2093,פרי חדש או''ח,כן,"שולחן ערוך, אורח חיים",סימן תמד,פירוש,לא,
2099,פרי חדש או''ח,כן,"שולחן ערוך, אורח חיים",סימן תמה,פירוש,לא,
2101,פרי חדש או''ח,כן,"שולחן ערוך, אורח חיים",סימן תמה,פירוש,לא,
2103,פרי חדש או''ח,כן,"שולחן ערוך, אורח חיים",סימן תמה,פירוש,לא,
2109,פרי חדש או''ח,כן,"שולחן ערוך, אורח חיים",סימן תמו,פירוש,לא,
2111,פרי חדש או''ח,כן,"שולחן ערוך, אורח חיים",סימן תמו,פירוש,לא,
2113,פרי חדש או''ח,כן,"שולחן ערוך, אורח חיים",סימן תמו,פירוש,לא,
2115,פרי חדש או''ח,כן,"שולחן ערוך, אורח חיים",סימן תמו,פירוש,לא,
2121,פרי חדש או''ח,כן,"שולחן ערוך, אורח חיים",סימן תמז,פירוש,לא,
2123,פרי חדש או''ח,כן,"שולחן ערוך, אורח חיים",סימן תמז,פירוש,לא,
2125,פרי חדש או''ח,כן,"שולחן ערוך, אורח חיים",סימן תמז,פירוש,לא,
2127,פרי חדש או''ח,כן,"שולחן ערוך, אורח חיים",סימן תמז,פירוש,לא,
2129,פרי חדש או''ח,כן,"שולחן ערוך, אורח חיים",סימן תמז,פירוש,לא,
2131,פרי חדש או''ח,כן,"שולחן ערוך, אורח חיים",סימן תמז,פירוש,לא,
2133,פרי חדש או''ח,כן,"שולחן ערוך, אורח חיים",סימן תמז,פירוש,לא,
2135,פרי חדש או''ח,כן,"שולחן ערוך, אורח חיים",סימן תמז,פירוש,לא,
2137,פרי חדש או''ח,כן,"שולחן ערוך, אורח חיים",סימן תמז,פירוש,לא,
2139,פרי חדש או''ח,כן,"שולחן ערוך, אורח חיים",סימן תמז,פירוש,לא,
2141,פרי חדש או''ח,כן,"שולחן ערוך, אורח חיים",סימן תמז,פירוש,לא,
2143,פרי חדש או''ח,כן,"שולחן ערוך, אורח חיים",סימן תמז,פירוש,לא,
2149,פרי חדש או''ח,כן,"שולחן ערוך, אורח חיים",סימן תמח,פירוש,לא,
2151,פרי חדש או''ח,כן,"שולחן ערוך, אורח חיים",סימן תמח,פירוש,לא,
2153,פרי חדש או''ח,כן,"שולחן ערוך, אורח חיים",סימן תמח,פירוש,לא,
2155,פרי חדש או''ח,כן,"שולחן ערוך, אורח חיים",סימן תמח,פירוש,לא,
2157,פרי חדש או''ח,כן,"שולחן ערוך, אורח חיים",סימן תמח,פירוש,לא,
2159,פרי חדש או''ח,כן,"שולחן ערוך, אורח חיים",סימן תמח,פירוש,לא,
2161,פרי חדש או''ח,כן,"שולחן ערוך, אורח חיים",סימן תמח,פירוש,לא,
2167,פרי חדש או''ח,כן,"שולחן ערוך, אורח חיים",סימן תמט,פירוש,לא,
2173,פרי חדש או''ח,כן,"שולחן ערוך, אורח חיים",סימן תנ,פירוש,לא,
2175,פרי חדש או''ח,כן,"שולחן ערוך, אורח חיים",סימן תנ,פירוש,לא,
2177,פרי חדש או''ח,כן,"שולחן ערוך, אורח חיים",סימן תנ,פירוש,לא,
2179,פרי חדש או''ח,כן,"שולחן ערוך, אורח חיים",סימן תנ,פירוש,לא,
2181,פרי חדש או''ח,כן,"שולחן ערוך, אורח חיים",סימן תנ,פירוש,לא,
2183,פרי חדש או''ח,כן,"שולחן ערוך, אורח חיים",סימן תנ,פירוש,לא,
2185,פרי חדש או''ח,כן,"שולחן ערוך, אורח חיים",סימן תנ,פירוש,לא,
2191,פרי חדש או''ח,כן,"שולחן ערוך, אורח חיים",סימן תנא,פירוש,לא,
2193,פרי חדש או''ח,כן,"שולחן ערוך, אורח חיים",סימן תנא,פירוש,לא,
2195,פרי חדש או''ח,כן,"שולחן ערוך, אורח חיים",סימן תנא,פירוש,לא,
2197,פרי חדש או''ח,כן,"שולחן ערוך, אורח חיים",סימן תנא,פירוש,לא,
2199,פרי חדש או''ח,כן,"שולחן ערוך, אורח חיים",סימן תנא,פירוש,לא,
2201,פרי חדש או''ח,כן,"שולחן ערוך, אורח חיים",סימן תנא,פירוש,לא,
2203,פרי חדש או''ח,כן,"שולחן ערוך, אורח חיים",סימן תנא,פירוש,לא,
2205,פרי חדש או''ח,כן,"שולחן ערוך, אורח חיים",סימן תנא,פירוש,לא,
2207,פרי חדש או''ח,כן,"שולחן ערוך, אורח חיים",סימן תנא,פירוש,לא,
2209,פרי חדש או''ח,כן,"שולחן ערוך, אורח חיים",סימן תנא,פירוש,לא,
2211,פרי חדש או''ח,כן,"שולחן ערוך, אורח חיים",סימן תנא,פירוש,לא,
2213,פרי חדש או''ח,כן,"שולחן ערוך, אורח חיים",סימן תנא,פירוש,לא,
2215,פרי חדש או''ח,כן,"שולחן ערוך, אורח חיים",סימן תנא,פירוש,לא,
2217,פרי חדש או''ח,כן,"שולחן ערוך, אורח חיים",סימן תנא,פירוש,לא,
2219,פרי חדש או''ח,כן,"שולחן ערוך, אורח חיים",סימן תנא,פירוש,לא,
2221,פרי חדש או''ח,כן,"שולחן ערוך, אורח חיים",סימן תנא,פירוש,לא,
2223,פרי חדש או''ח,כן,"שולחן ערוך, אורח חיים",סימן תנא,פירוש,לא,
2225,פרי חדש או''ח,כן,"שולחן ערוך, אורח חיים",סימן תנא,פירוש,לא,
2227,פרי חדש או''ח,כן,"שולחן ערוך, אורח חיים",סימן תנא,פירוש,לא,
2229,פרי חדש או''ח,כן,"שולחן ערוך, אורח חיים",סימן תנא,פירוש,לא,
2231,פרי חדש או''ח,כן,"שולחן ערוך, אורח חיים",סימן תנא,פירוש,לא,
2233,פרי חדש או''ח,כן,"שולחן ערוך, אורח חיים",סימן תנא,פירוש,לא,
2235,פרי חדש או''ח,כן,"שולחן ערוך, אורח חיים",סימן תנא,פירוש,לא,
2237,פרי חדש או''ח,כן,"שולחן ערוך, אורח חיים",סימן תנא,פירוש,לא,
2239,פרי חדש או''ח,כן,"שולחן ערוך, אורח חיים",סימן תנא,פירוש,לא,
2245,פרי חדש או''ח,כן,"שולחן ערוך, אורח חיים",סימן תנב,פירוש,לא,
2247,פרי חדש או''ח,כן,"שולחן ערוך, אורח חיים",סימן תנב,פירוש,לא,
2249,פרי חדש או''ח,כן,"שולחן ערוך, אורח חיים",סימן תנב,פירוש,לא,
2251,פרי חדש או''ח,כן,"שולחן ערוך, אורח חיים",סימן תנב,פירוש,לא,
2253,פרי חדש או''ח,כן,"שולחן ערוך, אורח חיים",סימן תנב,פירוש,לא,
2259,פרי חדש או''ח,כן,"שולחן ערוך, אורח חיים",סימן תנג,פירוש,לא,
2261,פרי חדש או''ח,כן,"שולחן ערוך, אורח חיים",סימן תנג,פירוש,לא,
2263,פרי חדש או''ח,כן,"שולחן ערוך, אורח חיים",סימן תנג,פירוש,לא,
2265,פרי חדש או''ח,כן,"שולחן ערוך, אורח חיים",סימן תנג,פירוש,לא,
2267,פרי חדש או''ח,כן,"שולחן ערוך, אורח חיים",סימן תנג,פירוש,לא,
2269,פרי חדש או''ח,כן,"שולחן ערוך, אורח חיים",סימן תנג,פירוש,לא,
2271,פרי חדש או''ח,כן,"שולחן ערוך, אורח חיים",סימן תנג,פירוש,לא,
2277,פרי חדש או''ח,כן,"שולחן ערוך, אורח חיים",סימן תנד,פירוש,לא,
2279,פרי חדש או''ח,כן,"שולחן ערוך, אורח חיים",סימן תנד,פירוש,לא,
2281,פרי חדש או''ח,כן,"שולחן ערוך, אורח חיים",סימן תנד,פירוש,לא,
2283,פרי חדש או''ח,כן,"שולחן ערוך, אורח חיים",סימן תנד,פירוש,לא,
2289,פרי חדש או''ח,כן,"שולחן ערוך, אורח חיים",סימן תנה,פירוש,לא,
2291,פרי חדש או''ח,כן,"שולחן ערוך, אורח חיים",סימן תנה,פירוש,לא,
2293,פרי חדש או''ח,כן,"שולחן ערוך, אורח חיים",סימן תנה,פירוש,לא,
2295,פרי חדש או''ח,כן,"שולחן ערוך, אורח חיים",סימן תנה,פירוש,לא,
2297,פרי חדש או''ח,כן,"שולחן ערוך, אורח חיים",סימן תנה,פירוש,לא,
2303,פרי חדש או''ח,כן,"שולחן ערוך, אורח חיים",סימן תנו,פירוש,לא,
2305,פרי חדש או''ח,כן,"שולחן ערוך, אורח חיים",סימן תנו,פירוש,לא,
2307,פרי חדש או''ח,כן,"שולחן ערוך, אורח חיים",סימן תנו,פירוש,לא,
2313,פרי חדש או''ח,כן,"שולחן ערוך, אורח חיים",סימן תנז,פירוש,לא,
2315,פרי חדש או''ח,כן,"שולחן ערוך, אורח חיים",סימן תנז,פירוש,לא,
2321,פרי חדש או''ח,כן,"שולחן ערוך, אורח חיים",סימן תנח,פירוש,לא,
2327,פרי חדש או''ח,כן,"שולחן ערוך, אורח חיים",סימן תנט,פירוש,לא,
2329,פרי חדש או''ח,כן,"שולחן ערוך, אורח חיים",סימן תנט,פירוש,לא,
2331,פרי חדש או''ח,כן,"שולחן ערוך, אורח חיים",סימן תנט,פירוש,לא,
2333,פרי חדש או''ח,כן,"שולחן ערוך, אורח חיים",סימן תנט,פירוש,לא,
2335,פרי חדש או''ח,כן,"שולחן ערוך, אורח חיים",סימן תנט,פירוש,לא,
2337,פרי חדש או''ח,כן,"שולחן ערוך, אורח חיים",סימן תנט,פירוש,לא,
2343,פרי חדש או''ח,כן,"שולחן ערוך, אורח חיים",סימן תס,פירוש,לא,
2345,פרי חדש או''ח,כן,"שולחן ערוך, אורח חיים",סימן תס,פירוש,לא,
2347,פרי חדש או''ח,כן,"שולחן ערוך, אורח חיים",סימן תס,פירוש,לא,
2349,פרי חדש או''ח,כן,"שולחן ערוך, אורח חיים",סימן תס,פירוש,לא,
2351,פרי חדש או''ח,כן,"שולחן ערוך, אורח חיים",סימן תס,פירוש,לא,
2353,פרי חדש או''ח,כן,"שולחן ערוך, אורח חיים",סימן תס,פירוש,לא,
2355,פרי חדש או''ח,כן,"שולחן ערוך, אורח חיים",סימן תס,פירוש,לא,
2361,פרי חדש או''ח,כן,"שולחן ערוך, אורח חיים",סימן תסא,פירוש,לא,
2363,פרי חדש או''ח,כן,"שולחן ערוך, אורח חיים",סימן תסא,פירוש,לא,
2365,פרי חדש או''ח,כן,"שולחן ערוך, אורח חיים",סימן תסא,פירוש,לא,
2367,פרי חדש או''ח,כן,"שולחן ערוך, אורח חיים",סימן תסא,פירוש,לא,
2369,פרי חדש או''ח,כן,"שולחן ערוך, אורח חיים",סימן תסא,פירוש,לא,
2375,פרי חדש או''ח,כן,"שולחן ערוך, אורח חיים",סימן תסב,פירוש,לא,
2377,פרי חדש או''ח,כן,"שולחן ערוך, אורח חיים",סימן תסב,פירוש,לא,
2379,פרי חדש או''ח,כן,"שולחן ערוך, אורח חיים",סימן תסב,פירוש,לא,
2381,פרי חדש או''ח,כן,"שולחן ערוך, אורח חיים",סימן תסב,פירוש,לא,
2383,פרי חדש או''ח,כן,"שולחן ערוך, אורח חיים",סימן תסב,פירוש,לא,
2385,פרי חדש או''ח,כן,"שולחן ערוך, אורח חיים",סימן תסב,פירוש,לא,
2387,פרי חדש או''ח,כן,"שולחן ערוך, אורח חיים",סימן תסב,פירוש,לא,
2393,פרי חדש או''ח,כן,"שולחן ערוך, אורח חיים",סימן תסג,פירוש,לא,
2395,פרי חדש או''ח,כן,"שולחן ערוך, אורח חיים",סימן תסג,פירוש,לא,
2401,פרי חדש או''ח,כן,"שולחן ערוך, אורח חיים",סימן תסד,פירוש,לא,
2407,פרי חדש או''ח,כן,"שולחן ערוך, אורח חיים",סימן תסה,פירוש,לא,
2409,פרי חדש או''ח,כן,"שולחן ערוך, אורח חיים",סימן תסה,פירוש,לא,
2411,פרי חדש או''ח,כן,"שולחן ערוך, אורח חיים",סימן תסה,פירוש,לא,
2417,פרי חדש או''ח,כן,"שולחן ערוך, אורח חיים",סימן תסו,פירוש,לא,
2419,פרי חדש או''ח,כן,"שולחן ערוך, אורח חיים",סימן תסו,פירוש,לא,
2421,פרי חדש או''ח,כן,"שולחן ערוך, אורח חיים",סימן תסו,פירוש,לא,
2423,פרי חדש או''ח,כן,"שולחן ערוך, אורח חיים",סימן תסו,פירוש,לא,
2425,פרי חדש או''ח,כן,"שולחן ערוך, אורח חיים",סימן תסו,פירוש,לא,
2427,פרי חדש או''ח,כן,"שולחן ערוך, אורח חיים",סימן תסו,פירוש,לא,
2433,פרי חדש או''ח,כן,"שולחן ערוך, אורח חיים",סימן תסז,פירוש,לא,
2435,פרי חדש או''ח,כן,"שולחן ערוך, אורח חיים",סימן תסז,פירוש,לא,
2437,פרי חדש או''ח,כן,"שולחן ערוך, אורח חיים",סימן תסז,פירוש,לא,
2439,פרי חדש או''ח,כן,"שולחן ערוך, אורח חיים",סימן תסז,פירוש,לא,
2441,פרי חדש או''ח,כן,"שולחן ערוך, אורח חיים",סימן תסז,פירוש,לא,
2443,פרי חדש או''ח,כן,"שולחן ערוך, אורח חיים",סימן תסז,פירוש,לא,
2445,פרי חדש או''ח,כן,"שולחן ערוך, אורח חיים",סימן תסז,פירוש,לא,
2447,פרי חדש או''ח,כן,"שולחן ערוך, אורח חיים",סימן תסז,פירוש,לא,
2449,פרי חדש או''ח,כן,"שולחן ערוך, אורח חיים",סימן תסז,פירוש,לא,
2451,פרי חדש או''ח,כן,"שולחן ערוך, אורח חיים",סימן תסז,פירוש,לא,
2453,פרי חדש או''ח,כן,"שולחן ערוך, אורח חיים",סימן תסז,פירוש,לא,
2455,פרי חדש או''ח,כן,"שולחן ערוך, אורח חיים",סימן תסז,פירוש,לא,
2457,פרי חדש או''ח,כן,"שולחן ערוך, אורח חיים",סימן תסז,פירוש,לא,
2458,פרי חדש או''ח,כן,"שולחן ערוך, אורח חיים",סימן תסז,פירוש,לא,
2460,פרי חדש או''ח,כן,"שולחן ערוך, אורח חיים",סימן תסז,פירוש,לא,
2466,פרי חדש או''ח,כן,"שולחן ערוך, אורח חיים",סימן תסח,פירוש,לא,
2468,פרי חדש או''ח,כן,"שולחן ערוך, אורח חיים",סימן תסח,פירוש,לא,
2470,פרי חדש או''ח,כן,"שולחן ערוך, אורח חיים",סימן תסח,פירוש,לא,
2472,פרי חדש או''ח,כן,"שולחן ערוך, אורח חיים",סימן תסח,פירוש,לא,
2473,פרי חדש או''ח,כן,"שולחן ערוך, אורח חיים",סימן תסח,פירוש,לא,
2475,פרי חדש או''ח,כן,"שולחן ערוך, אורח חיים",סימן תסח,פירוש,לא,
2477,פרי חדש או''ח,כן,"שולחן ערוך, אורח חיים",סימן תסח,פירוש,לא,
2479,פרי חדש או''ח,כן,"שולחן ערוך, אורח חיים",סימן תסח,פירוש,לא,
2481,פרי חדש או''ח,כן,"שולחן ערוך, אורח חיים",סימן תסח,פירוש,לא,
2487,פרי חדש או''ח,כן,"שולחן ערוך, אורח חיים",סימן תסט,פירוש,לא,
2493,פרי חדש או''ח,כן,"שולחן ערוך, אורח חיים",סימן תע,פירוש,לא,
2495,פרי חדש או''ח,כן,"שולחן ערוך, אורח חיים",סימן תע,פירוש,לא,
2501,פרי חדש או''ח,כן,"שולחן ערוך, אורח חיים",סימן תעא,פירוש,לא,
2503,פרי חדש או''ח,כן,"שולחן ערוך, אורח חיים",סימן תעא,פירוש,לא,
2505,פרי חדש או''ח,כן,"שולחן ערוך, אורח חיים",סימן תעא,פירוש,לא,
2511,פרי חדש או''ח,כן,"שולחן ערוך, אורח חיים",סימן תעב,פירוש,לא,
2513,פרי חדש או''ח,כן,"שולחן ערוך, אורח חיים",סימן תעב,פירוש,לא,
2515,פרי חדש או''ח,כן,"שולחן ערוך, אורח חיים",סימן תעב,פירוש,לא,
2517,פרי חדש או''ח,כן,"שולחן ערוך, אורח חיים",סימן תעב,פירוש,לא,
2519,פרי חדש או''ח,כן,"שולחן ערוך, אורח חיים",סימן תעב,פירוש,לא,
2521,פרי חדש או''ח,כן,"שולחן ערוך, אורח חיים",סימן תעב,פירוש,לא,
2523,פרי חדש או''ח,כן,"שולחן ערוך, אורח חיים",סימן תעב,פירוש,לא,
2525,פרי חדש או''ח,כן,"שולחן ערוך, אורח חיים",סימן תעב,פירוש,לא,
2527,פרי חדש או''ח,כן,"שולחן ערוך, אורח חיים",סימן תעב,פירוש,לא,
2529,פרי חדש או''ח,כן,"שולחן ערוך, אורח חיים",סימן תעב,פירוש,לא,
2531,פרי חדש או''ח,כן,"שולחן ערוך, אורח חיים",סימן תעב,פירוש,לא,
2533,פרי חדש או''ח,כן,"שולחן ערוך, אורח חיים",סימן תעב,פירוש,לא,
2535,פרי חדש או''ח,כן,"שולחן ערוך, אורח חיים",סימן תעב,פירוש,לא,
2541,פרי חדש או''ח,כן,"שולחן ערוך, אורח חיים",סימן תעג,פירוש,לא,
2543,פרי חדש או''ח,כן,"שולחן ערוך, אורח חיים",סימן תעג,פירוש,לא,
2545,פרי חדש או''ח,כן,"שולחן ערוך, אורח חיים",סימן תעג,פירוש,לא,
2547,פרי חדש או''ח,כן,"שולחן ערוך, אורח חיים",סימן תעג,פירוש,לא,
2549,פרי חדש או''ח,כן,"שולחן ערוך, אורח חיים",סימן תעג,פירוש,לא,
2551,פרי חדש או''ח,כן,"שולחן ערוך, אורח חיים",סימן תעג,פירוש,לא,
2557,פרי חדש או''ח,כן,"שולחן ערוך, אורח חיים",סימן תעד,פירוש,לא,
2563,פרי חדש או''ח,כן,"שולחן ערוך, אורח חיים",סימן תעה,פירוש,לא,
2565,פרי חדש או''ח,כן,"שולחן ערוך, אורח חיים",סימן תעה,פירוש,לא,
2567,פרי חדש או''ח,כן,"שולחן ערוך, אורח חיים",סימן תעה,פירוש,לא,
2569,פרי חדש או''ח,כן,"שולחן ערוך, אורח חיים",סימן תעה,פירוש,לא,
2571,פרי חדש או''ח,כן,"שולחן ערוך, אורח חיים",סימן תעה,פירוש,לא,
2573,פרי חדש או''ח,כן,"שולחן ערוך, אורח חיים",סימן תעה,פירוש,לא,
2575,פרי חדש או''ח,כן,"שולחן ערוך, אורח חיים",סימן תעה,פירוש,לא,
2581,פרי חדש או''ח,כן,"שולחן ערוך, אורח חיים",סימן תעו,פירוש,לא,
2583,פרי חדש או''ח,כן,"שולחן ערוך, אורח חיים",סימן תעו,פירוש,לא,
2589,פרי חדש או''ח,כן,"שולחן ערוך, אורח חיים",סימן תעז,פירוש,לא,
2591,פרי חדש או''ח,כן,"שולחן ערוך, אורח חיים",סימן תעז,פירוש,לא,
2597,פרי חדש או''ח,כן,"שולחן ערוך, אורח חיים",סימן תעח,פירוש,לא,
2599,פרי חדש או''ח,כן,"שולחן ערוך, אורח חיים",סימן תעח,פירוש,לא,
2605,פרי חדש או''ח,כן,"שולחן ערוך, אורח חיים",סימן תעט,פירוש,לא,
2611,פרי חדש או''ח,כן,"שולחן ערוך, אורח חיים",סימן תפ,פירוש,לא,
2617,פרי חדש או''ח,כן,"שולחן ערוך, אורח חיים",סימן תפא,פירוש,לא,
2619,פרי חדש או''ח,כן,"שולחן ערוך, אורח חיים",סימן תפא,פירוש,לא,
2625,פרי חדש או''ח,כן,"שולחן ערוך, אורח חיים",סימן תפב,פירוש,לא,
2631,פרי חדש או''ח,כן,"שולחן ערוך, אורח חיים",סימן תפג,פירוש,לא,
2637,פרי חדש או''ח,כן,"שולחן ערוך, אורח חיים",סימן תפד,פירוש,לא,
2643,פרי חדש או''ח,כן,"שולחן ערוך, אורח חיים",סימן תפה,פירוש,לא,
2649,פרי חדש או''ח,כן,"שולחן ערוך, אורח חיים",סימן תפו,פירוש,לא,
2655,פרי חדש או''ח,כן,"שולחן ערוך, אורח חיים",סימן תפז,פירוש,לא,
2657,פרי חדש או''ח,כן,"שולחן ערוך, אורח חיים",סימן תפז,פירוש,לא,
2659,פרי חדש או''ח,כן,"שולחן ערוך, אורח חיים",סימן תפז,פירוש,לא,
2665,פרי חדש או''ח,כן,"שולחן ערוך, אורח חיים",סימן תפח,פירוש,לא,
2671,פרי חדש או''ח,כן,"שולחן ערוך, אורח חיים",סימן תפט,פירוש,לא,
2673,פרי חדש או''ח,כן,"שולחן ערוך, אורח חיים",סימן תפט,פירוש,לא,
2675,פרי חדש או''ח,כן,"שולחן ערוך, אורח חיים",סימן תפט,פירוש,לא,
2677,פרי חדש או''ח,כן,"שולחן ערוך, אורח חיים",סימן תפט,פירוש,לא,
2679,פרי חדש או''ח,כן,"שולחן ערוך, אורח חיים",סימן תפט,פירוש,לא,
2681,פרי חדש או''ח,כן,"שולחן ערוך, אורח חיים",סימן תפט,פירוש,לא,
2683,פרי חדש או''ח,כן,"שולחן ערוך, אורח חיים",סימן תפט,פירוש,לא,
2687,פרי חדש או''ח,כן,"שולחן ערוך, אורח חיים",סימן תפט,פירוש,לא,
2691,פרי חדש או''ח,כן,"שולחן ערוך, אורח חיים",סימן תצ,פירוש,לא,
2693,פרי חדש או''ח,כן,"שולחן ערוך, אורח חיים",סימן תצ,פירוש,לא,
2695,פרי חדש או''ח,כן,"שולחן ערוך, אורח חיים",סימן תצ,פירוש,לא,
2697,פרי חדש או''ח,כן,"שולחן ערוך, אורח חיים",סימן תצ,פירוש,לא,
2699,פרי חדש או''ח,כן,"שולחן ערוך, אורח חיים",סימן תצ,פירוש,לא,
2701,פרי חדש או''ח,כן,"שולחן ערוך, אורח חיים",סימן תצ,פירוש,לא,
2703,פרי חדש או''ח,כן,"שולחן ערוך, אורח חיים",סימן תצ,פירוש,לא,
2709,פרי חדש או''ח,כן,"שולחן ערוך, אורח חיים",סימן תצא,פירוש,לא,
2715,פרי חדש או''ח,כן,"שולחן ערוך, אורח חיים",סימן תצב,פירוש,לא,
2721,פרי חדש או''ח,כן,"שולחן ערוך, אורח חיים",סימן תצג,פירוש,לא,
2723,פרי חדש או''ח,כן,"שולחן ערוך, אורח חיים",סימן תצג,פירוש,לא,
2725,פרי חדש או''ח,כן,"שולחן ערוך, אורח חיים",סימן תצג,פירוש,לא,
2727,פרי חדש או''ח,כן,"שולחן ערוך, אורח חיים",סימן תצג,פירוש,לא,
2733,פרי חדש או''ח,כן,"שולחן ערוך, אורח חיים",סימן תצד,פירוש,לא,
2735,פרי חדש או''ח,כן,"שולחן ערוך, אורח חיים",סימן תצד,פירוש,לא,
2741,פרי חדש או''ח,כן,"שולחן ערוך, אורח חיים",סימן תצה,פירוש,לא,
2742,פרי חדש או''ח,כן,"שולחן ערוך, אורח חיים",סימן תצה,פירוש,לא,
2743,פרי חדש או''ח,כן,"שולחן ערוך, אורח חיים",סימן תצה,פירוש,לא,
2744,פרי חדש או''ח,כן,"שולחן ערוך, אורח חיים",סימן תצה,פירוש,לא,
2745,פרי חדש או''ח,כן,"שולחן ערוך, אורח חיים",סימן תצה,פירוש,לא,
2746,פרי חדש או''ח,כן,"שולחן ערוך, אורח חיים",סימן תצה,פירוש,לא,
2747,פרי חדש או''ח,כן,"שולחן ערוך, אורח חיים",סימן תצה,פירוש,לא,
2748,פרי חדש או''ח,כן,"שולחן ערוך, אורח חיים",סימן תצה,פירוש,לא,
2749,פרי חדש או''ח,כן,"שולחן ערוך, אורח חיים",סימן תצה,פירוש,לא,
2750,פרי חדש או''ח,כן,"שולחן ערוך, אורח חיים",סימן תצה,פירוש,לא,
2751,פרי חדש או''ח,כן,"שולחן ערוך, אורח חיים",סימן תצה,פירוש,לא,
2753,פרי חדש או''ח,כן,"שולחן ערוך, אורח חיים",סימן תצה,פירוש,לא,
2754,פרי חדש או''ח,כן,"שולחן ערוך, אורח חיים",סימן תצה,פירוש,לא,
2756,פרי חדש או''ח,כן,"שולחן ערוך, אורח חיים",סימן תצה,פירוש,לא,
2757,פרי חדש או''ח,כן,"שולחן ערוך, אורח חיים",סימן תצה,פירוש,לא,
2758,פרי חדש או''ח,כן,"שולחן ערוך, אורח חיים",סימן תצה,פירוש,לא,
2760,פרי חדש או''ח,כן,"שולחן ערוך, אורח חיים",סימן תצה,פירוש,לא,
2761,פרי חדש או''ח,כן,"שולחן ערוך, אורח חיים",סימן תצה,פירוש,לא,
2762,פרי חדש או''ח,כן,"שולחן ערוך, אורח חיים",סימן תצה,פירוש,לא,
2763,פרי חדש או''ח,כן,"שולחן ערוך, אורח חיים",סימן תצה,פירוש,לא,
2764,פרי חדש או''ח,כן,"שולחן ערוך, אורח חיים",סימן תצה,פירוש,לא,
2770,פרי חדש או''ח,כן,"שולחן ערוך, אורח חיים",סימן תצו,פירוש,לא,
2771,פרי חדש או''ח,כן,"שולחן ערוך, אורח חיים",סימן תצו,פירוש,לא,
2772,פרי חדש או''ח,כן,"שולחן ערוך, אורח חיים",סימן תצו,פירוש,לא,
2773,פרי חדש או''ח,כן,"שולחן ערוך, אורח חיים",סימן תצו,פירוש,לא,
2774,פרי חדש או''ח,כן,"שולחן ערוך, אורח חיים",סימן תצו,פירוש,לא,
2775,פרי חדש או''ח,כן,"שולחן ערוך, אורח חיים",סימן תצו,פירוש,לא,
2777,פרי חדש או''ח,כן,"שולחן ערוך, אורח חיים",סימן תצו,פירוש,לא,
2778,פרי חדש או''ח,כן,"שולחן ערוך, אורח חיים",סימן תצו,פירוש,לא,
2779,פרי חדש או''ח,כן,"שולחן ערוך, אורח חיים",סימן תצו,פירוש,לא,
2780,פרי חדש או''ח,כן,"שולחן ערוך, אורח חיים",סימן תצו,פירוש,לא,
2781,פרי חדש או''ח,כן,"שולחן ערוך, אורח חיים",סימן תצו,פירוש,לא,
2782,פרי חדש או''ח,כן,"שולחן ערוך, אורח חיים",סימן תצו,פירוש,לא,
2783,פרי חדש או''ח,כן,"שולחן ערוך, אורח חיים",סימן תצו,פירוש,לא,
2784,פרי חדש או''ח,כן,"שולחן ערוך, אורח חיים",סימן תצו,פירוש,לא,
2785,פרי חדש או''ח,כן,"שולחן ערוך, אורח חיים",סימן תצו,פירוש,לא,
2786,פרי חדש או''ח,כן,"שולחן ערוך, אורח חיים",סימן תצו,פירוש,לא,
2787,פרי חדש או''ח,כן,"שולחן ערוך, אורח חיים",סימן תצו,פירוש,לא,
2788,פרי חדש או''ח,כן,"שולחן ערוך, אורח חיים",סימן תצו,פירוש,לא,
2789,פרי חדש או''ח,כן,"שולחן ערוך, אורח חיים",סימן תצו,פירוש,לא,
2790,פרי חדש או''ח,כן,"שולחן ערוך, אורח חיים",סימן תצו,פירוש,לא,
2791,פרי חדש או''ח,כן,"שולחן ערוך, אורח חיים",סימן תצו,פירוש,לא,
2792,פרי חדש או''ח,כן,"שולחן ערוך, אורח חיים",סימן תצו,פירוש,לא,
2794,פרי חדש או''ח,כן,"שולחן ערוך, אורח חיים",סימן תצו,פירוש,לא,
2796,פרי חדש או''ח,כן,"שולחן ערוך, אורח חיים",סימן תצו,פירוש,לא,
2798,פרי חדש או''ח,כן,"שולחן ערוך, אורח חיים",סימן תצו,פירוש,לא,
2800,פרי חדש או''ח,כן,"שולחן ערוך, אורח חיים",סימן תצו,פירוש,לא,
2801,פרי חדש או''ח,כן,"שולחן ערוך, אורח חיים",סימן תצו,פירוש,לא,
2803,פרי חדש או''ח,כן,"שולחן ערוך, אורח חיים",סימן תצו,פירוש,לא,
2804,פרי חדש או''ח,כן,"שולחן ערוך, אורח חיים",סימן תצו,פירוש,לא,
2806,פרי חדש או''ח,כן,"שולחן ערוך, אורח חיים",סימן תצו,פירוש,לא,
2808,פרי חדש או''ח,כן,"שולחן ערוך, אורח חיים",סימן תצו,פירוש,לא,
2810,פרי חדש או''ח,כן,"שולחן ערוך, אורח חיים",סימן תצו,פירוש,לא,
2812,פרי חדש או''ח,כן,"שולחן ערוך, אורח חיים",סימן תצו,פירוש,לא,
2814,פרי חדש או''ח,כן,"שולחן ערוך, אורח חיים",סימן תצו,פירוש,לא,
2816,פרי חדש או''ח,כן,"שולחן ערוך, אורח חיים",סימן תצו,פירוש,לא,
2818,פרי חדש או''ח,כן,"שולחן ערוך, אורח חיים",סימן תצו,פירוש,לא,
2820,פרי חדש או''ח,כן,"שולחן ערוך, אורח חיים",סימן תצו,פירוש,לא,
2821,פרי חדש או''ח,כן,"שולחן ערוך, אורח חיים",סימן תצו,פירוש,לא,
2822,פרי חדש או''ח,כן,"שולחן ערוך, אורח חיים",סימן תצו,פירוש,לא,
2823,פרי חדש או''ח,כן,"שולחן ערוך, אורח חיים",סימן תצו,פירוש,לא,
2825,פרי חדש או''ח,כן,"שולחן ערוך, אורח חיים",סימן תצו,פירוש,לא,
2826,פרי חדש או''ח,כן,"שולחן ערוך, אורח חיים",סימן תצו,פירוש,לא,
2828,פרי חדש או''ח,כן,"שולחן ערוך, אורח חיים",סימן תצו,פירוש,לא,
2829,פרי חדש או''ח,כן,"שולחן ערוך, אורח חיים",סימן תצו,פירוש,לא,
2830,פרי חדש או''ח,כן,"שולחן ערוך, אורח חיים",סימן תצו,פירוש,לא,
2831,פרי חדש או''ח,כן,"שולחן ערוך, אורח חיים",סימן תצו,פירוש,לא,
2832,פרי חדש או''ח,כן,"שולחן ערוך, אורח חיים",סימן תצו,פירוש,לא,
2833,פרי חדש או''ח,כן,"שולחן ערוך, אורח חיים",סימן תצו,פירוש,לא,
2834,פרי חדש או''ח,כן,"שולחן ערוך, אורח חיים",סימן תצו,פירוש,לא,
2835,פרי חדש או''ח,כן,"שולחן ערוך, אורח חיים",סימן תצו,פירוש,לא,
2836,פרי חדש או''ח,כן,"שולחן ערוך, אורח חיים",סימן תצו,פירוש,לא,
2837,פרי חדש או''ח,כן,"שולחן ערוך, אורח חיים",סימן תצו,פירוש,לא,
2843,פרי חדש או''ח,כן,"שולחן ערוך, אורח חיים",סימן תצז,פירוש,לא,
2844,פרי חדש או''ח,כן,"שולחן ערוך, אורח חיים",סימן תצז,פירוש,לא,
2846,פרי חדש או''ח,כן,"שולחן ערוך, אורח חיים",סימן תצז,פירוש,לא,
2848,פרי חדש או''ח,כן,"שולחן ערוך, אורח חיים",סימן תצז,פירוש,לא,
2849,פרי חדש או''ח,כן,"שולחן ערוך, אורח חיים",סימן תצז,פירוש,לא,
2850,פרי חדש או''ח,כן,"שולחן ערוך, אורח חיים",סימן תצז,פירוש,לא,
2851,פרי חדש או''ח,כן,"שולחן ערוך, אורח חיים",סימן תצז,פירוש,לא,
2853,פרי חדש או''ח,כן,"שולחן ערוך, אורח חיים",סימן תצז,פירוש,לא,
2855,פרי חדש או''ח,כן,"שולחן ערוך, אורח חיים",סימן תצז,פירוש,לא,
2856,פרי חדש או''ח,כן,"שולחן ערוך, אורח חיים",סימן תצז,פירוש,לא,
2857,פרי חדש או''ח,כן,"שולחן ערוך, אורח חיים",סימן תצז,פירוש,לא,
2859,פרי חדש או''ח,כן,"שולחן ערוך, אורח חיים",סימן תצז,פירוש,לא,
2860,פרי חדש או''ח,כן,"שולחן ערוך, אורח חיים",סימן תצז,פירוש,לא,
2862,פרי חדש או''ח,כן,"שולחן ערוך, אורח חיים",סימן תצז,פירוש,לא,
2864,פרי חדש או''ח,כן,"שולחן ערוך, אורח חיים",סימן תצז,פירוש,לא,
2866,פרי חדש או''ח,כן,"שולחן ערוך, אורח חיים",סימן תצז,פירוש,לא,
2867,פרי חדש או''ח,כן,"שולחן ערוך, אורח חיים",סימן תצז,פירוש,לא,
2869,פרי חדש או''ח,כן,"שולחן ערוך, אורח חיים",סימן תצז,פירוש,לא,
2871,פרי חדש או''ח,כן,"שולחן ערוך, אורח חיים",סימן תצז,פירוש,לא,
2872,פרי חדש או''ח,כן,"שולחן ערוך, אורח חיים",סימן תצז,פירוש,לא,
2873,פרי חדש או''ח,כן,"שולחן ערוך, אורח חיים",סימן תצז,פירוש,לא,
2875,פרי חדש או''ח,כן,"שולחן ערוך, אורח חיים",סימן תצז,פירוש,לא,
2876,פרי חדש או''ח,כן,"שולחן ערוך, אורח חיים",סימן תצז,פירוש,לא,
2877,פרי חדש או''ח,כן,"שולחן ערוך, אורח חיים",סימן תצז,פירוש,לא,
2879,פרי חדש או''ח,כן,"שולחן ערוך, אורח חיים",סימן תצז,פירוש,לא,
2880,פרי חדש או''ח,כן,"שולחן ערוך, אורח חיים",סימן תצז,פירוש,לא,
2882,פרי חדש או''ח,כן,"שולחן ערוך, אורח חיים",סימן תצז,פירוש,לא,
2883,פרי חדש או''ח,כן,"שולחן ערוך, אורח חיים",סימן תצז,פירוש,לא,
2884,פרי חדש או''ח,כן,"שולחן ערוך, אורח חיים",סימן תצז,פירוש,לא,
2885,פרי חדש או''ח,כן,"שולחן ערוך, אורח חיים",סימן תצז,פירוש,לא,
2887,פרי חדש או''ח,כן,"שולחן ערוך, אורח חיים",סימן תצז,פירוש,לא,
2889,פרי חדש או''ח,כן,"שולחן ערוך, אורח חיים",סימן תצז,פירוש,לא,
2891,פרי חדש או''ח,כן,"שולחן ערוך, אורח חיים",סימן תצז,פירוש,לא,
2892,פרי חדש או''ח,כן,"שולחן ערוך, אורח חיים",סימן תצז,פירוש,לא,
2898,פרי חדש או''ח,כן,"שולחן ערוך, אורח חיים",סימן תצח,פירוש,לא,
2899,פרי חדש או''ח,כן,"שולחן ערוך, אורח חיים",סימן תצח,פירוש,לא,
2900,פרי חדש או''ח,כן,"שולחן ערוך, אורח חיים",סימן תצח,פירוש,לא,
2902,פרי חדש או''ח,כן,"שולחן ערוך, אורח חיים",סימן תצח,פירוש,לא,
2903,פרי חדש או''ח,כן,"שולחן ערוך, אורח חיים",סימן תצח,פירוש,לא,
2905,פרי חדש או''ח,כן,"שולחן ערוך, אורח חיים",סימן תצח,פירוש,לא,
2906,פרי חדש או''ח,כן,"שולחן ערוך, אורח חיים",סימן תצח,פירוש,לא,
2907,פרי חדש או''ח,כן,"שולחן ערוך, אורח חיים",סימן תצח,פירוש,לא,
2908,פרי חדש או''ח,כן,"שולחן ערוך, אורח חיים",סימן תצח,פירוש,לא,
2910,פרי חדש או''ח,כן,"שולחן ערוך, אורח חיים",סימן תצח,פירוש,לא,
2911,פרי חדש או''ח,כן,"שולחן ערוך, אורח חיים",סימן תצח,פירוש,לא,
2913,פרי חדש או''ח,כן,"שולחן ערוך, אורח חיים",סימן תצח,פירוש,לא,
2914,פרי חדש או''ח,כן,"שולחן ערוך, אורח חיים",סימן תצח,פירוש,לא,
2915,פרי חדש או''ח,כן,"שולחן ערוך, אורח חיים",סימן תצח,פירוש,לא,
2916,פרי חדש או''ח,כן,"שולחן ערוך, אורח חיים",סימן תצח,פירוש,לא,
2917,פרי חדש או''ח,כן,"שולחן ערוך, אורח חיים",סימן תצח,פירוש,לא,
2919,פרי חדש או''ח,כן,"שולחן ערוך, אורח חיים",סימן תצח,פירוש,לא,
2920,פרי חדש או''ח,כן,"שולחן ערוך, אורח חיים",סימן תצח,פירוש,לא,
2921,פרי חדש או''ח,כן,"שולחן ערוך, אורח חיים",סימן תצח,פירוש,לא,
2922,פרי חדש או''ח,כן,"שולחן ערוך, אורח חיים",סימן תצח,פירוש,לא,
2923,פרי חדש או''ח,כן,"שולחן ערוך, אורח חיים",סימן תצח,פירוש,לא,
2925,פרי חדש או''ח,כן,"שולחן ערוך, אורח חיים",סימן תצח,פירוש,לא,
2927,פרי חדש או''ח,כן,"שולחן ערוך, אורח חיים",סימן תצח,פירוש,לא,
2929,פרי חדש או''ח,כן,"שולחן ערוך, אורח חיים",סימן תצח,פירוש,לא,
2930,פרי חדש או''ח,כן,"שולחן ערוך, אורח חיים",סימן תצח,פירוש,לא,
2931,פרי חדש או''ח,כן,"שולחן ערוך, אורח חיים",סימן תצח,פירוש,לא,
2933,פרי חדש או''ח,כן,"שולחן ערוך, אורח חיים",סימן תצח,פירוש,לא,
2935,פרי חדש או''ח,כן,"שולחן ערוך, אורח חיים",סימן תצח,פירוש,לא,
2937,פרי חדש או''ח,כן,"שולחן ערוך, אורח חיים",סימן תצח,פירוש,לא,
2938,פרי חדש או''ח,כן,"שולחן ערוך, אורח חיים",סימן תצח,פירוש,לא,
2940,פרי חדש או''ח,כן,"שולחן ערוך, אורח חיים",סימן תצח,פירוש,לא,
2942,פרי חדש או''ח,כן,"שולחן ערוך, אורח חיים",סימן תצח,פירוש,לא,
2943,פרי חדש או''ח,כן,"שולחן ערוך, אורח חיים",סימן תצח,פירוש,לא,
2944,פרי חדש או''ח,כן,"שולחן ערוך, אורח חיים",סימן תצח,פירוש,לא,
2945,פרי חדש או''ח,כן,"שולחן ערוך, אורח חיים",סימן תצח,פירוש,לא,
2946,פרי חדש או''ח,כן,"שולחן ערוך, אורח חיים",סימן תצח,פירוש,לא,
2948,פרי חדש או''ח,כן,"שולחן ערוך, אורח חיים",סימן תצח,פירוש,לא,
2949,פרי חדש או''ח,כן,"שולחן ערוך, אורח חיים",סימן תצח,פירוש,לא,
2950,פרי חדש או''ח,כן,"שולחן ערוך, אורח חיים",סימן תצח,פירוש,לא,
2952,פרי חדש או''ח,כן,"שולחן ערוך, אורח חיים",סימן תצח,פירוש,לא,
2954,פרי חדש או''ח,כן,"שולחן ערוך, אורח חיים",סימן תצח,פירוש,לא,
2955,פרי חדש או''ח,כן,"שולחן ערוך, אורח חיים",סימן תצח,פירוש,לא,
2956,פרי חדש או''ח,כן,"שולחן ערוך, אורח חיים",סימן תצח,פירוש,לא,
2958,פרי חדש או''ח,כן,"שולחן ערוך, אורח חיים",סימן תצח,פירוש,לא,
2959,פרי חדש או''ח,כן,"שולחן ערוך, אורח חיים",סימן תצח,פירוש,לא,
2960,פרי חדש או''ח,כן,"שולחן ערוך, אורח חיים",סימן תצח,פירוש,לא,
2966,פרי חדש או''ח,כן,"שולחן ערוך, אורח חיים",סימן תצט,פירוש,לא,
2968,פרי חדש או''ח,כן,"שולחן ערוך, אורח חיים",סימן תצט,פירוש,לא,
2970,פרי חדש או''ח,כן,"שולחן ערוך, אורח חיים",סימן תצט,פירוש,לא,
2971,פרי חדש או''ח,כן,"שולחן ערוך, אורח חיים",סימן תצט,פירוש,לא,
2972,פרי חדש או''ח,כן,"שולחן ערוך, אורח חיים",סימן תצט,פירוש,לא,
2973,פרי חדש או''ח,כן,"שולחן ערוך, אורח חיים",סימן תצט,פירוש,לא,
2975,פרי חדש או''ח,כן,"שולחן ערוך, אורח חיים",סימן תצט,פירוש,לא,
2976,פרי חדש או''ח,כן,"שולחן ערוך, אורח חיים",סימן תצט,פירוש,לא,
2978,פרי חדש או''ח,כן,"שולחן ערוך, אורח חיים",סימן תצט,פירוש,לא,
2979,פרי חדש או''ח,כן,"שולחן ערוך, אורח חיים",סימן תצט,פירוש,לא,
2985,פרי חדש או''ח,כן,"שולחן ערוך, אורח חיים",סימן תק,פירוש,לא,
2986,פרי חדש או''ח,כן,"שולחן ערוך, אורח חיים",סימן תק,פירוש,לא,
2987,פרי חדש או''ח,כן,"שולחן ערוך, אורח חיים",סימן תק,פירוש,לא,
2988,פרי חדש או''ח,כן,"שולחן ערוך, אורח חיים",סימן תק,פירוש,לא,
2990,פרי חדש או''ח,כן,"שולחן ערוך, אורח חיים",סימן תק,פירוש,לא,
2991,פרי חדש או''ח,כן,"שולחן ערוך, אורח חיים",סימן תק,פירוש,לא,
2992,פרי חדש או''ח,כן,"שולחן ערוך, אורח חיים",סימן תק,פירוש,לא,
2993,פרי חדש או''ח,כן,"שולחן ערוך, אורח חיים",סימן תק,פירוש,לא,
2994,פרי חדש או''ח,כן,"שולחן ערוך, אורח חיים",סימן תק,פירוש,לא,
2996,פרי חדש או''ח,כן,"שולחן ערוך, אורח חיים",סימן תק,פירוש,לא,
2998,פרי חדש או''ח,כן,"שולחן ערוך, אורח חיים",סימן תק,פירוש,לא,
2999,פרי חדש או''ח,כן,"שולחן ערוך, אורח חיים",סימן תק,פירוש,לא,
3001,פרי חדש או''ח,כן,"שולחן ערוך, אורח חיים",סימן תק,פירוש,לא,
3002,פרי חדש או''ח,כן,"שולחן ערוך, אורח חיים",סימן תק,פירוש,לא,
3003,פרי חדש או''ח,כן,"שולחן ערוך, אורח חיים",סימן תק,פירוש,לא,
3004,פרי חדש או''ח,כן,"שולחן ערוך, אורח חיים",סימן תק,פירוש,לא,
3010,פרי חדש או''ח,כן,"שולחן ערוך, אורח חיים",סימן תקא,פירוש,לא,
3011,פרי חדש או''ח,כן,"שולחן ערוך, אורח חיים",סימן תקא,פירוש,לא,
3012,פרי חדש או''ח,כן,"שולחן ערוך, אורח חיים",סימן תקא,פירוש,לא,
3013,פרי חדש או''ח,כן,"שולחן ערוך, אורח חיים",סימן תקא,פירוש,לא,
3014,פרי חדש או''ח,כן,"שולחן ערוך, אורח חיים",סימן תקא,פירוש,לא,
3016,פרי חדש או''ח,כן,"שולחן ערוך, אורח חיים",סימן תקא,פירוש,לא,
3017,פרי חדש או''ח,כן,"שולחן ערוך, אורח חיים",סימן תקא,פירוש,לא,
3019,פרי חדש או''ח,כן,"שולחן ערוך, אורח חיים",סימן תקא,פירוש,לא,
3020,פרי חדש או''ח,כן,"שולחן ערוך, אורח חיים",סימן תקא,פירוש,לא,
3021,פרי חדש או''ח,כן,"שולחן ערוך, אורח חיים",סימן תקא,פירוש,לא,
3022,פרי חדש או''ח,כן,"שולחן ערוך, אורח חיים",סימן תקא,פירוש,לא,
3023,פרי חדש או''ח,כן,"שולחן ערוך, אורח חיים",סימן תקא,פירוש,לא,
3024,פרי חדש או''ח,כן,"שולחן ערוך, אורח חיים",סימן תקא,פירוש,לא,
3026,פרי חדש או''ח,כן,"שולחן ערוך, אורח חיים",סימן תקא,פירוש,לא,
3028,פרי חדש או''ח,כן,"שולחן ערוך, אורח חיים",סימן תקא,פירוש,לא,
3029,פרי חדש או''ח,כן,"שולחן ערוך, אורח חיים",סימן תקא,פירוש,לא,
3031,פרי חדש או''ח,כן,"שולחן ערוך, אורח חיים",סימן תקא,פירוש,לא,
3032,פרי חדש או''ח,כן,"שולחן ערוך, אורח חיים",סימן תקא,פירוש,לא,
3033,פרי חדש או''ח,כן,"שולחן ערוך, אורח חיים",סימן תקא,פירוש,לא,
3034,פרי חדש או''ח,כן,"שולחן ערוך, אורח חיים",סימן תקא,פירוש,לא,
3035,פרי חדש או''ח,כן,"שולחן ערוך, אורח חיים",סימן תקא,פירוש,לא,
3041,פרי חדש או''ח,כן,"שולחן ערוך, אורח חיים",סימן תקב,פירוש,לא,
3042,פרי חדש או''ח,כן,"שולחן ערוך, אורח חיים",סימן תקב,פירוש,לא,
3043,פרי חדש או''ח,כן,"שולחן ערוך, אורח חיים",סימן תקב,פירוש,לא,
3044,פרי חדש או''ח,כן,"שולחן ערוך, אורח חיים",סימן תקב,פירוש,לא,
3045,פרי חדש או''ח,כן,"שולחן ערוך, אורח חיים",סימן תקב,פירוש,לא,
3046,פרי חדש או''ח,כן,"שולחן ערוך, אורח חיים",סימן תקב,פירוש,לא,
3047,פרי חדש או''ח,כן,"שולחן ערוך, אורח חיים",סימן תקב,פירוש,לא,
3049,פרי חדש או''ח,כן,"שולחן ערוך, אורח חיים",סימן תקב,פירוש,לא,
3051,פרי חדש או''ח,כן,"שולחן ערוך, אורח חיים",סימן תקב,פירוש,לא,
3052,פרי חדש או''ח,כן,"שולחן ערוך, אורח חיים",סימן תקב,פירוש,לא,
3053,פרי חדש או''ח,כן,"שולחן ערוך, אורח חיים",סימן תקב,פירוש,לא,
3055,פרי חדש או''ח,כן,"שולחן ערוך, אורח חיים",סימן תקב,פירוש,לא,
3061,פרי חדש או''ח,כן,"שולחן ערוך, אורח חיים",סימן תקג,פירוש,לא,
3062,פרי חדש או''ח,כן,"שולחן ערוך, אורח חיים",סימן תקג,פירוש,לא,
3063,פרי חדש או''ח,כן,"שולחן ערוך, אורח חיים",סימן תקג,פירוש,לא,
3064,פרי חדש או''ח,כן,"שולחן ערוך, אורח חיים",סימן תקג,פירוש,לא,
3065,פרי חדש או''ח,כן,"שולחן ערוך, אורח חיים",סימן תקג,פירוש,לא,
3066,פרי חדש או''ח,כן,"שולחן ערוך, אורח חיים",סימן תקג,פירוש,לא,
3068,פרי חדש או''ח,כן,"שולחן ערוך, אורח חיים",סימן תקג,פירוש,לא,
3074,פרי חדש או''ח,כן,"שולחן ערוך, אורח חיים",סימן תקד,פירוש,לא,
3075,פרי חדש או''ח,כן,"שולחן ערוך, אורח חיים",סימן תקד,פירוש,לא,
3076,פרי חדש או''ח,כן,"שולחן ערוך, אורח חיים",סימן תקד,פירוש,לא,
3077,פרי חדש או''ח,כן,"שולחן ערוך, אורח חיים",סימן תקד,פירוש,לא,
3079,פרי חדש או''ח,כן,"שולחן ערוך, אורח חיים",סימן תקד,פירוש,לא,
3080,פרי חדש או''ח,כן,"שולחן ערוך, אורח חיים",סימן תקד,פירוש,לא,
3082,פרי חדש או''ח,כן,"שולחן ערוך, אורח חיים",סימן תקד,פירוש,לא,
3088,פרי חדש או''ח,כן,"שולחן ערוך, אורח חיים",סימן תקה,פירוש,לא,
3089,פרי חדש או''ח,כן,"שולחן ערוך, אורח חיים",סימן תקה,פירוש,לא,
3090,פרי חדש או''ח,כן,"שולחן ערוך, אורח חיים",סימן תקה,פירוש,לא,
3091,פרי חדש או''ח,כן,"שולחן ערוך, אורח חיים",סימן תקה,פירוש,לא,
3092,פרי חדש או''ח,כן,"שולחן ערוך, אורח חיים",סימן תקה,פירוש,לא,
3093,פרי חדש או''ח,כן,"שולחן ערוך, אורח חיים",סימן תקה,פירוש,לא,
3094,פרי חדש או''ח,כן,"שולחן ערוך, אורח חיים",סימן תקה,פירוש,לא,
3095,פרי חדש או''ח,כן,"שולחן ערוך, אורח חיים",סימן תקה,פירוש,לא,
3101,פרי חדש או''ח,כן,"שולחן ערוך, אורח חיים",סימן תקו,פירוש,לא,
3102,פרי חדש או''ח,כן,"שולחן ערוך, אורח חיים",סימן תקו,פירוש,לא,
3104,פרי חדש או''ח,כן,"שולחן ערוך, אורח חיים",סימן תקו,פירוש,לא,
3105,פרי חדש או''ח,כן,"שולחן ערוך, אורח חיים",סימן תקו,פירוש,לא,
3106,פרי חדש או''ח,כן,"שולחן ערוך, אורח חיים",סימן תקו,פירוש,לא,
3107,פרי חדש או''ח,כן,"שולחן ערוך, אורח חיים",סימן תקו,פירוש,לא,
3108,פרי חדש או''ח,כן,"שולחן ערוך, אורח חיים",סימן תקו,פירוש,לא,
3110,פרי חדש או''ח,כן,"שולחן ערוך, אורח חיים",סימן תקו,פירוש,לא,
3111,פרי חדש או''ח,כן,"שולחן ערוך, אורח חיים",סימן תקו,פירוש,לא,
3112,פרי חדש או''ח,כן,"שולחן ערוך, אורח חיים",סימן תקו,פירוש,לא,
3113,פרי חדש או''ח,כן,"שולחן ערוך, אורח חיים",סימן תקו,פירוש,לא,
3114,פרי חדש או''ח,כן,"שולחן ערוך, אורח חיים",סימן תקו,פירוש,לא,
3116,פרי חדש או''ח,כן,"שולחן ערוך, אורח חיים",סימן תקו,פירוש,לא,
3118,פרי חדש או''ח,כן,"שולחן ערוך, אורח חיים",סימן תקו,פירוש,לא,
3120,פרי חדש או''ח,כן,"שולחן ערוך, אורח חיים",סימן תקו,פירוש,לא,
3122,פרי חדש או''ח,כן,"שולחן ערוך, אורח חיים",סימן תקו,פירוש,לא,
3124,פרי חדש או''ח,כן,"שולחן ערוך, אורח חיים",סימן תקו,פירוש,לא,
3126,פרי חדש או''ח,כן,"שולחן ערוך, אורח חיים",סימן תקו,פירוש,לא,
3132,פרי חדש או''ח,כן,"שולחן ערוך, אורח חיים",סימן תקיא,פירוש,לא,
3138,פרי חדש או''ח,כן,"שולחן ערוך, אורח חיים",סימן תקפא,פירוש,לא,
3140,פרי חדש או''ח,כן,"שולחן ערוך, אורח חיים",סימן תקפא,פירוש,לא,
3142,פרי חדש או''ח,כן,"שולחן ערוך, אורח חיים",סימן תקפא,פירוש,לא,
3144,פרי חדש או''ח,כן,"שולחן ערוך, אורח חיים",סימן תקפא,פירוש,לא,
3148,פרי חדש או''ח,כן,"שולחן ערוך, אורח חיים",סימן תקפא,פירוש,לא,
3152,פרי חדש או''ח,כן,"שולחן ערוך, אורח חיים",סימן תקפב,פירוש,לא,
3154,פרי חדש או''ח,כן,"שולחן ערוך, אורח חיים",סימן תקפב,פירוש,לא,
3156,פרי חדש או''ח,כן,"שולחן ערוך, אורח חיים",סימן תקפב,פירוש,לא,
3158,פרי חדש או''ח,כן,"שולחן ערוך, אורח חיים",סימן תקפב,פירוש,לא,
3160,פרי חדש או''ח,כן,"שולחן ערוך, אורח חיים",סימן תקפב,פירוש,לא,
3162,פרי חדש או''ח,כן,"שולחן ערוך, אורח חיים",סימן תקפב,פירוש,לא,
3164,פרי חדש או''ח,כן,"שולחן ערוך, אורח חיים",סימן תקפב,פירוש,לא,
3166,פרי חדש או''ח,כן,"שולחן ערוך, אורח חיים",סימן תקפב,פירוש,לא,
3172,פרי חדש או''ח,כן,"שולחן ערוך, אורח חיים",סימן תקפג,פירוש,לא,
3174,פרי חדש או''ח,כן,"שולחן ערוך, אורח חיים",סימן תקפג,פירוש,לא,
3180,פרי חדש או''ח,כן,"שולחן ערוך, אורח חיים",סימן תקפד,פירוש,לא,
3182,פרי חדש או''ח,כן,"שולחן ערוך, אורח חיים",סימן תקפד,פירוש,לא,
3184,פרי חדש או''ח,כן,"שולחן ערוך, אורח חיים",סימן תקפד,פירוש,לא,
3190,פרי חדש או''ח,כן,"שולחן ערוך, אורח חיים",סימן תקפה,פירוש,לא,
3192,פרי חדש או''ח,כן,"שולחן ערוך, אורח חיים",סימן תקפה,פירוש,לא,
3194,פרי חדש או''ח,כן,"שולחן ערוך, אורח חיים",סימן תקפה,פירוש,לא,
3196,פרי חדש או''ח,כן,"שולחן ערוך, אורח חיים",סימן תקפה,פירוש,לא,
3198,פרי חדש או''ח,כן,"שולחן ערוך, אורח חיים",סימן תקפה,פירוש,לא,
3204,פרי חדש או''ח,כן,"שולחן ערוך, אורח חיים",סימן תקפו,פירוש,לא,
3206,פרי חדש או''ח,כן,"שולחן ערוך, אורח חיים",סימן תקפו,פירוש,לא,
3208,פרי חדש או''ח,כן,"שולחן ערוך, אורח חיים",סימן תקפו,פירוש,לא,
3210,פרי חדש או''ח,כן,"שולחן ערוך, אורח חיים",סימן תקפו,פירוש,לא,
3212,פרי חדש או''ח,כן,"שולחן ערוך, אורח חיים",סימן תקפו,פירוש,לא,
3214,פרי חדש או''ח,כן,"שולחן ערוך, אורח חיים",סימן תקפו,פירוש,לא,
3216,פרי חדש או''ח,כן,"שולחן ערוך, אורח חיים",סימן תקפו,פירוש,לא,
3218,פרי חדש או''ח,כן,"שולחן ערוך, אורח חיים",סימן תקפו,פירוש,לא,
3220,פרי חדש או''ח,כן,"שולחן ערוך, אורח חיים",סימן תקפו,פירוש,לא,
3222,פרי חדש או''ח,כן,"שולחן ערוך, אורח חיים",סימן תקפו,פירוש,לא,
3224,פרי חדש או''ח,כן,"שולחן ערוך, אורח חיים",סימן תקפו,פירוש,לא,
3226,פרי חדש או''ח,כן,"שולחן ערוך, אורח חיים",סימן תקפו,פירוש,לא,
3228,פרי חדש או''ח,כן,"שולחן ערוך, אורח חיים",סימן תקפו,פירוש,לא,
3230,פרי חדש או''ח,כן,"שולחן ערוך, אורח חיים",סימן תקפו,פירוש,לא,
3232,פרי חדש או''ח,כן,"שולחן ערוך, אורח חיים",סימן תקפו,פירוש,לא,
3234,פרי חדש או''ח,כן,"שולחן ערוך, אורח חיים",סימן תקפו,פירוש,לא,
3236,פרי חדש או''ח,כן,"שולחן ערוך, אורח חיים",סימן תקפו,פירוש,לא,
3238,פרי חדש או''ח,כן,"שולחן ערוך, אורח חיים",סימן תקפו,פירוש,לא,
3244,פרי חדש או''ח,כן,"שולחן ערוך, אורח חיים",סימן תקפז,פירוש,לא,
3246,פרי חדש או''ח,כן,"שולחן ערוך, אורח חיים",סימן תקפז,פירוש,לא,
3248,פרי חדש או''ח,כן,"שולחן ערוך, אורח חיים",סימן תקפז,פירוש,לא,
3254,פרי חדש או''ח,כן,"שולחן ערוך, אורח חיים",סימן תקפח,פירוש,לא,
3256,פרי חדש או''ח,כן,"שולחן ערוך, אורח חיים",סימן תקפח,פירוש,לא,
3258,פרי חדש או''ח,כן,"שולחן ערוך, אורח חיים",סימן תקפח,פירוש,לא,
3264,פרי חדש או''ח,כן,"שולחן ערוך, אורח חיים",סימן תקפט,פירוש,לא,
3266,פרי חדש או''ח,כן,"שולחן ערוך, אורח חיים",סימן תקפט,פירוש,לא,
3268,פרי חדש או''ח,כן,"שולחן ערוך, אורח חיים",סימן תקפט,פירוש,לא,
3270,פרי חדש או''ח,כן,"שולחן ערוך, אורח חיים",סימן תקפט,פירוש,לא,
3272,פרי חדש או''ח,כן,"שולחן ערוך, אורח חיים",סימן תקפט,פירוש,לא,
3274,פרי חדש או''ח,כן,"שולחן ערוך, אורח חיים",סימן תקפט,פירוש,לא,
3276,פרי חדש או''ח,כן,"שולחן ערוך, אורח חיים",סימן תקפט,פירוש,לא,
3278,פרי חדש או''ח,כן,"שולחן ערוך, אורח חיים",סימן תקפט,פירוש,לא,
3284,פרי חדש או''ח,כן,"שולחן ערוך, אורח חיים",סימן תקצ,פירוש,לא,
3290,פרי חדש או''ח,כן,"שולחן ערוך, אורח חיים",סימן תרד,פירוש,לא,
3292,פרי חדש או''ח,כן,"שולחן ערוך, אורח חיים",סימן תרד,פירוש,לא,
3298,פרי חדש או''ח,כן,"שולחן ערוך, אורח חיים",סימן תרה,פירוש,לא,
3304,פרי חדש או''ח,כן,"שולחן ערוך, אורח חיים",סימן תרו,פירוש,לא,
3306,פרי חדש או''ח,כן,"שולחן ערוך, אורח חיים",סימן תרו,פירוש,לא,
3308,פרי חדש או''ח,כן,"שולחן ערוך, אורח חיים",סימן תרו,פירוש,לא,
3314,פרי חדש או''ח,כן,"שולחן ערוך, אורח חיים",סימן תרז,פירוש,לא,
3316,פרי חדש או''ח,כן,"שולחן ערוך, אורח חיים",סימן תרז,פירוש,לא,
3318,פרי חדש או''ח,כן,"שולחן ערוך, אורח חיים",סימן תרז,פירוש,לא,
3320,פרי חדש או''ח,כן,"שולחן ערוך, אורח חיים",סימן תרז,פירוש,לא,
3322,פרי חדש או''ח,כן,"שולחן ערוך, אורח חיים",סימן תרז,פירוש,לא,
3328,פרי חדש או''ח,כן,"שולחן ערוך, אורח חיים",סימן תרח,פירוש,לא,
3330,פרי חדש או''ח,כן,"שולחן ערוך, אורח חיים",סימן תרח,פירוש,לא,
3332,פרי חדש או''ח,כן,"שולחן ערוך, אורח חיים",סימן תרח,פירוש,לא,
3334,פרי חדש או''ח,כן,"שולחן ערוך, אורח חיים",סימן תרח,פירוש,לא,
3340,פרי חדש או''ח,כן,"שולחן ערוך, אורח חיים",סימן תרט,פירוש,לא,
3346,פרי חדש או''ח,כן,"שולחן ערוך, אורח חיים",סימן תרי,פירוש,לא,
3348,פרי חדש או''ח,כן,"שולחן ערוך, אורח חיים",סימן תרי,פירוש,לא,
3350,פרי חדש או''ח,כן,"שולחן ערוך, אורח חיים",סימן תרי,פירוש,לא,
3356,פרי חדש או''ח,כן,"שולחן ערוך, אורח חיים",סימן תריא,פירוש,לא,
3358,פרי חדש או''ח,כן,"שולחן ערוך, אורח חיים",סימן תריא,פירוש,לא,
3364,פרי חדש או''ח,כן,"שולחן ערוך, אורח חיים",סימן תריב,פירוש,לא,
3366,פרי חדש או''ח,כן,"שולחן ערוך, אורח חיים",סימן תריב,פירוש,לא,
3368,פרי חדש או''ח,כן,"שולחן ערוך, אורח חיים",סימן תריב,פירוש,לא,
3370,פרי חדש או''ח,כן,"שולחן ערוך, אורח חיים",סימן תריב,פירוש,לא,
3372,פרי חדש או''ח,כן,"שולחן ערוך, אורח חיים",סימן תריב,פירוש,לא,
3374,פרי חדש או''ח,כן,"שולחן ערוך, אורח חיים",סימן תריב,פירוש,לא,
3376,פרי חדש או''ח,כן,"שולחן ערוך, אורח חיים",סימן תריב,פירוש,לא,
3382,פרי חדש או''ח,כן,"שולחן ערוך, אורח חיים",סימן תריג,פירוש,לא,
3384,פרי חדש או''ח,כן,"שולחן ערוך, אורח חיים",סימן תריג,פירוש,לא,
3386,פרי חדש או''ח,כן,"שולחן ערוך, אורח חיים",סימן תריג,פירוש,לא,
3388,פרי חדש או''ח,כן,"שולחן ערוך, אורח חיים",סימן תריג,פירוש,לא,
3390,פרי חדש או''ח,כן,"שולחן ערוך, אורח חיים",סימן תריג,פירוש,לא,
3392,פרי חדש או''ח,כן,"שולחן ערוך, אורח חיים",סימן תריג,פירוש,לא,
3394,פרי חדש או''ח,כן,"שולחן ערוך, אורח חיים",סימן תריג,פירוש,לא,
3396,פרי חדש או''ח,כן,"שולחן ערוך, אורח חיים",סימן תריג,פירוש,לא,
3398,פרי חדש או''ח,כן,"שולחן ערוך, אורח חיים",סימן תריג,פירוש,לא,
3400,פרי חדש או''ח,כן,"שולחן ערוך, אורח חיים",סימן תריג,פירוש,לא,
3402,פרי חדש או''ח,כן,"שולחן ערוך, אורח חיים",סימן תריג,פירוש,לא,
3408,פרי חדש או''ח,כן,"שולחן ערוך, אורח חיים",סימן תריד,פירוש,לא,
3410,פרי חדש או''ח,כן,"שולחן ערוך, אורח חיים",סימן תריד,פירוש,לא,
3412,פרי חדש או''ח,כן,"שולחן ערוך, אורח חיים",סימן תריד,פירוש,לא,
3414,פרי חדש או''ח,כן,"שולחן ערוך, אורח חיים",סימן תריד,פירוש,לא,
3420,פרי חדש או''ח,כן,"שולחן ערוך, אורח חיים",סימן תרטו,פירוש,לא,
3426,פרי חדש או''ח,כן,"שולחן ערוך, אורח חיים",סימן תרע,פירוש,לא,
3428,פרי חדש או''ח,כן,"שולחן ערוך, אורח חיים",סימן תרע,פירוש,לא,
3434,פרי חדש או''ח,כן,"שולחן ערוך, אורח חיים",סימן תרעא,פירוש,לא,
3436,פרי חדש או''ח,כן,"שולחן ערוך, אורח חיים",סימן תרעא,פירוש,לא,
3438,פרי חדש או''ח,כן,"שולחן ערוך, אורח חיים",סימן תרעא,פירוש,לא,
3440,פרי חדש או''ח,כן,"שולחן ערוך, אורח חיים",סימן תרעא,פירוש,לא,
3442,פרי חדש או''ח,כן,"שולחן ערוך, אורח חיים",סימן תרעא,פירוש,לא,
3444,פרי חדש או''ח,כן,"שולחן ערוך, אורח חיים",סימן תרעא,פירוש,לא,
3446,פרי חדש או''ח,כן,"שולחן ערוך, אורח חיים",סימן תרעא,פירוש,לא,
3448,פרי חדש או''ח,כן,"שולחן ערוך, אורח חיים",סימן תרעא,פירוש,לא,
3454,פרי חדש או''ח,כן,"שולחן ערוך, אורח חיים",סימן תרעב,פירוש,לא,
3456,פרי חדש או''ח,כן,"שולחן ערוך, אורח חיים",סימן תרעב,פירוש,לא,
3462,פרי חדש או''ח,כן,"שולחן ערוך, אורח חיים",סימן תרעג,פירוש,לא,
3464,פרי חדש או''ח,כן,"שולחן ערוך, אורח חיים",סימן תרעג,פירוש,לא,
3466,פרי חדש או''ח,כן,"שולחן ערוך, אורח חיים",סימן תרעג,פירוש,לא,
3472,פרי חדש או''ח,כן,"שולחן ערוך, אורח חיים",סימן תרעד,פירוש,לא,
3474,פרי חדש או''ח,כן,"שולחן ערוך, אורח חיים",סימן תרעד,פירוש,לא,
3480,פרי חדש או''ח,כן,"שולחן ערוך, אורח חיים",סימן תרעה,פירוש,לא,
3482,פרי חדש או''ח,כן,"שולחן ערוך, אורח חיים",סימן תרעה,פירוש,לא,
3484,פרי חדש או''ח,כן,"שולחן ערוך, אורח חיים",סימן תרעה,פירוש,לא,
3490,פרי חדש או''ח,כן,"שולחן ערוך, אורח חיים",סימן תרעו,פירוש,לא,
3492,פרי חדש או''ח,כן,"שולחן ערוך, אורח חיים",סימן תרעו,פירוש,לא,
3494,פרי חדש או''ח,כן,"שולחן ערוך, אורח חיים",סימן תרעו,פירוש,לא,
3496,פרי חדש או''ח,כן,"שולחן ערוך, אורח חיים",סימן תרעו,פירוש,לא,
3498,פרי חדש או''ח,כן,"שולחן ערוך, אורח חיים",סימן תרעו,פירוש,לא,
3504,פרי חדש או''ח,כן,"שולחן ערוך, אורח חיים",סימן תרעז,פירוש,לא,
3506,פרי חדש או''ח,כן,"שולחן ערוך, אורח חיים",סימן תרעז,פירוש,לא,
3508,פרי חדש או''ח,כן,"שולחן ערוך, אורח חיים",סימן תרעז,פירוש,לא,
3510,פרי חדש או''ח,כן,"שולחן ערוך, אורח חיים",סימן תרעז,פירוש,לא,
3516,פרי חדש או''ח,כן,"שולחן ערוך, אורח חיים",סימן תרעח,פירוש,לא,
3522,פרי חדש או''ח,כן,"שולחן ערוך, אורח חיים",סימן תרעט,פירוש,לא,
3528,פרי חדש או''ח,כן,"שולחן ערוך, אורח חיים",סימן תרפ,פירוש,לא,
3530,פרי חדש או''ח,כן,"שולחן ערוך, אורח חיים",סימן תרפ,פירוש,לא,
3536,פרי חדש או''ח,כן,"שולחן ערוך, אורח חיים",סימן תרפא,פירוש,לא,
3542,פרי חדש או''ח,כן,"שולחן ערוך, אורח חיים",סימן תרפב,פירוש,לא,
3544,פרי חדש או''ח,כן,"שולחן ערוך, אורח חיים",סימן תרפב,פירוש,לא,
3550,פרי חדש או''ח,כן,"שולחן ערוך, אורח חיים",סימן תרפג,פירוש,לא,
3556,פרי חדש או''ח,כן,"שולחן ערוך, אורח חיים",סימן תרפד,פירוש,לא,
3558,פרי חדש או''ח,כן,"שולחן ערוך, אורח חיים",סימן תרפד,פירוש,לא,
3564,פרי חדש או''ח,כן,"שולחן ערוך, אורח חיים",סימן תרפו,פירוש,לא,
3566,פרי חדש או''ח,כן,"שולחן ערוך, אורח חיים",סימן תרפו,פירוש,לא,
3572,פרי חדש או''ח,כן,"שולחן ערוך, אורח חיים",סימן תרפז,פירוש,לא,
3574,פרי חדש או''ח,כן,"שולחן ערוך, אורח חיים",סימן תרפז,פירוש,לא,
3580,פרי חדש או''ח,כן,"שולחן ערוך, אורח חיים",סימן תרפח,פירוש,לא,
3582,פרי חדש או''ח,כן,"שולחן ערוך, אורח חיים",סימן תרפח,פירוש,לא,
3584,פרי חדש או''ח,כן,"שולחן ערוך, אורח חיים",סימן תרפח,פירוש,לא,
3586,פרי חדש או''ח,כן,"שולחן ערוך, אורח חיים",סימן תרפח,פירוש,לא,
3588,פרי חדש או''ח,כן,"שולחן ערוך, אורח חיים",סימן תרפח,פירוש,לא,
3590,פרי חדש או''ח,כן,"שולחן ערוך, אורח חיים",סימן תרפח,פירוש,לא,
3592,פרי חדש או''ח,כן,"שולחן ערוך, אורח חיים",סימן תרפח,פירוש,לא,
3598,פרי חדש או''ח,כן,"שולחן ערוך, אורח חיים",סימן תרפט,פירוש,לא,
3600,פרי חדש או''ח,כן,"שולחן ערוך, אורח חיים",סימן תרפט,פירוש,לא,
3602,פרי חדש או''ח,כן,"שולחן ערוך, אורח חיים",סימן תרפט,פירוש,לא,
3604,פרי חדש או''ח,כן,"שולחן ערוך, אורח חיים",סימן תרפט,פירוש,לא,
3606,פרי חדש או''ח,כן,"שולחן ערוך, אורח חיים",סימן תרפט,פירוש,לא,
3612,פרי חדש או''ח,כן,"שולחן ערוך, אורח חיים",סימן תרצ,פירוש,לא,
3614,פרי חדש או''ח,כן,"שולחן ערוך, אורח חיים",סימן תרצ,פירוש,לא,
3616,פרי חדש או''ח,כן,"שולחן ערוך, אורח חיים",סימן תרצ,פירוש,לא,
3618,פרי חדש או''ח,כן,"שולחן ערוך, אורח חיים",סימן תרצ,פירוש,לא,
3620,פרי חדש או''ח,כן,"שולחן ערוך, אורח חיים",סימן תרצ,פירוש,לא,
3622,פרי חדש או''ח,כן,"שולחן ערוך, אורח חיים",סימן תרצ,פירוש,לא,
3624,פרי חדש או''ח,כן,"שולחן ערוך, אורח חיים",סימן תרצ,פירוש,לא,
3626,פרי חדש או''ח,כן,"שולחן ערוך, אורח חיים",סימן תרצ,פירוש,לא,
3628,פרי חדש או''ח,כן,"שולחן ערוך, אורח חיים",סימן תרצ,פירוש,לא,
3630,פרי חדש או''ח,כן,"שולחן ערוך, אורח חיים",סימן תרצ,פירוש,לא,
3632,פרי חדש או''ח,כן,"שולחן ערוך, אורח חיים",סימן תרצ,פירוש,לא,
3638,פרי חדש או''ח,כן,"שולחן ערוך, אורח חיים",סימן תרצא,פירוש,לא,
3640,פרי חדש או''ח,כן,"שולחן ערוך, אורח חיים",סימן תרצא,פירוש,לא,
3642,פרי חדש או''ח,כן,"שולחן ערוך, אורח חיים",סימן תרצא,פירוש,לא,
3644,פרי חדש או''ח,כן,"שולחן ערוך, אורח חיים",סימן תרצא,פירוש,לא,
3646,פרי חדש או''ח,כן,"שולחן ערוך, אורח חיים",סימן תרצא,פירוש,לא,
3652,פרי חדש או''ח,כן,"שולחן ערוך, אורח חיים",סימן תרצב,פירוש,לא,
3654,פרי חדש או''ח,כן,"שולחן ערוך, אורח חיים",סימן תרצב,פירוש,לא,
3656,פרי חדש או''ח,כן,"שולחן ערוך, אורח חיים",סימן תרצב,פירוש,לא,
3662,פרי חדש או''ח,כן,"שולחן ערוך, אורח חיים",סימן תרצג,פירוש,לא,
3664,פרי חדש או''ח,כן,"שולחן ערוך, אורח חיים",סימן תרצג,פירוש,לא,
3666,פרי חדש או''ח,כן,"שולחן ערוך, אורח חיים",סימן תרצג,פירוש,לא,
3672,פרי חדש או''ח,כן,"שולחן ערוך, אורח חיים",סימן תרצד,פירוש,לא,
3674,פרי חדש או''ח,כן,"שולחן ערוך, אורח חיים",סימן תרצד,פירוש,לא,
3680,פרי חדש או''ח,כן,"שולחן ערוך, אורח חיים",סימן תרצה,פירוש,לא,
3682,פרי חדש או''ח,כן,"שולחן ערוך, אורח חיים",סימן תרצה,פירוש,לא,
3684,פרי חדש או''ח,כן,"שולחן ערוך, אורח חיים",סימן תרצה,פירוש,לא,
3686,פרי חדש או''ח,כן,"שולחן ערוך, אורח חיים",סימן תרצה,פירוש,לא,
3692,פרי חדש או''ח,כן,"שולחן ערוך, אורח חיים",סימן תרצו,פירוש,לא,
3694,פרי חדש או''ח,כן,"שולחן ערוך, אורח חיים",סימן תרצו,פירוש,לא,
3696,פרי חדש או''ח,כן,"שולחן ערוך, אורח חיים",סימן תרצו,פירוש,לא,
3702,פרי חדש או''ח,כן,"שולחן ערוך, אורח חיים",סימן תרצז,פירוש,לא,
3706,פרי חדש או''ח,כן,"שולחן ערוך, אורח חיים",סימן תרצז,פירוש,לא,
5,ר״י קורקוס שבת,כן,"משנה תורה, הלכות שבת",פרק ו,פירוש,לא,
6,ר״י קורקוס שבת,כן,"משנה תורה, הלכות שבת",פרק ו,פירוש,לא,
7,ר״י קורקוס שבת,כן,"משנה תורה, הלכות שבת",פרק ו,פירוש,לא,
8,ר״י קורקוס שבת,כן,"משנה תורה, הלכות שבת",פרק ו,פירוש,לא,
9,ר״י קורקוס שבת,כן,"משנה תורה, הלכות שבת",פרק ו,פירוש,לא,
10,ר״י קורקוס שבת,כן,"משנה תורה, הלכות שבת",פרק ו,פירוש,לא,
16,ר״י קורקוס שבת,כן,"משנה תורה, הלכות שבת",פרק ח,פירוש,לא,
17,ר״י קורקוס שבת,כן,"משנה תורה, הלכות שבת",פרק ח,פירוש,לא,
21,ר״י קורקוס שבת,כן,"משנה תורה, הלכות שבת",פרק ח,פירוש,לא,
22,ר״י קורקוס שבת,כן,"משנה תורה, הלכות שבת",פרק ח,פירוש,לא,
23,ר״י קורקוס שבת,כן,"משנה תורה, הלכות שבת",פרק ח,פירוש,לא,
24,ר״י קורקוס שבת,כן,"משנה תורה, הלכות שבת",פרק ח,פירוש,לא,
28,ר״י קורקוס שבת,כן,"משנה תורה, הלכות שבת",פרק ח,פירוש,לא,
29,ר״י קורקוס שבת,כן,"משנה תורה, הלכות שבת",פרק ח,פירוש,לא,
35,ר״י קורקוס שבת,כן,"משנה תורה, הלכות שבת",פרק ט,פירוש,לא,
36,ר״י קורקוס שבת,כן,"משנה תורה, הלכות שבת",פרק ט,פירוש,לא,
37,ר״י קורקוס שבת,כן,"משנה תורה, הלכות שבת",פרק ט,פירוש,לא,
38,ר״י קורקוס שבת,כן,"משנה תורה, הלכות שבת",פרק ט,פירוש,לא,
44,ר״י קורקוס שבת,כן,"משנה תורה, הלכות שבת",פרק י,פירוש,לא,
45,ר״י קורקוס שבת,כן,"משנה תורה, הלכות שבת",פרק י,פירוש,לא,
46,ר״י קורקוס שבת,כן,"משנה תורה, הלכות שבת",פרק י,פירוש,לא,
50,ר״י קורקוס שבת,כן,"משנה תורה, הלכות שבת",פרק י,פירוש,לא,
51,ר״י קורקוס שבת,כן,"משנה תורה, הלכות שבת",פרק י,פירוש,לא,
55,ר״י קורקוס שבת,כן,"משנה תורה, הלכות שבת",פרק כו,פירוש,לא,
57,ר״י קורקוס שבת,כן,"משנה תורה, הלכות שבת",פרק כו,פירוש,לא,
58,ר״י קורקוס שבת,כן,"משנה תורה, הלכות שבת",פרק כו,פירוש,לא,
3,דגול מרבבה אהע''ז,כן,"שולחן ערוך, אבן העזר",סימן ד,פירוש,לא,
8,דגול מרבבה אהע''ז,כן,"שולחן ערוך, אבן העזר",סימן ו,פירוש,לא,
13,דגול מרבבה אהע''ז,כן,"שולחן ערוך, אבן העזר",סימן ז,פירוש,לא,
18,דגול מרבבה אהע''ז,כן,"שולחן ערוך, אבן העזר",סימן יא,פירוש,לא,
19,דגול מרבבה אהע''ז,כן,"שולחן ערוך, אבן העזר",סימן יא,פירוש,לא,
24,דגול מרבבה אהע''ז,כן,"שולחן ערוך, אבן העזר",סימן יג,פירוש,לא,
25,דגול מרבבה אהע''ז,כן,"שולחן ערוך, אבן העזר",סימן יג,פירוש,לא,
30,דגול מרבבה אהע''ז,כן,"שולחן ערוך, אבן העזר",סימן טו,פירוש,לא,
35,דגול מרבבה אהע''ז,כן,"שולחן ערוך, אבן העזר",סימן יז,פירוש,לא,
36,דגול מרבבה אהע''ז,כן,"שולחן ערוך, אבן העזר",סימן יז,פירוש,לא,
37,דגול מרבבה אהע''ז,כן,"שולחן ערוך, אבן העזר",סימן יז,פירוש,לא,
42,דגול מרבבה אהע''ז,כן,"שולחן ערוך, אבן העזר",סימן כ,פירוש,לא,
47,דגול מרבבה אהע''ז,כן,"שולחן ערוך, אבן העזר",סימן כא,פירוש,לא,
52,דגול מרבבה אהע''ז,כן,"שולחן ערוך, אבן העזר",סימן כו,פירוש,לא,
57,דגול מרבבה אהע''ז,כן,"שולחן ערוך, אבן העזר",סימן ל,פירוש,לא,
62,דגול מרבבה אהע''ז,כן,"שולחן ערוך, אבן העזר",סימן לח,פירוש,לא,
67,דגול מרבבה אהע''ז,כן,"שולחן ערוך, אבן העזר",סימן מ,פירוש,לא,
72,דגול מרבבה אהע''ז,כן,"שולחן ערוך, אבן העזר",סימן מו,פירוש,לא,
77,דגול מרבבה אהע''ז,כן,"שולחן ערוך, אבן העזר",סימן סג,פירוש,לא,
82,דגול מרבבה אהע''ז,כן,"שולחן ערוך, אבן העזר",סימן סד,פירוש,לא,
87,דגול מרבבה אהע''ז,כן,"שולחן ערוך, אבן העזר",סימן סו,פירוש,לא,
91,דגול מרבבה אהע''ז,כן,"שולחן ערוך, אבן העזר",סימן ע,פירוש,לא,
96,דגול מרבבה אהע''ז,כן,"שולחן ערוך, אבן העזר",סימן עז,פירוש,לא,
97,דגול מרבבה אהע''ז,כן,"שולחן ערוך, אבן העזר",סימן עז,פירוש,לא,
102,דגול מרבבה אהע''ז,כן,"שולחן ערוך, אבן העזר",סימן פ,פירוש,לא,
107,דגול מרבבה אהע''ז,כן,"שולחן ערוך, אבן העזר",סימן פה,פירוש,לא,
112,דגול מרבבה אהע''ז,כן,"שולחן ערוך, אבן העזר",סימן צ,פירוש,לא,
113,דגול מרבבה אהע''ז,כן,"שולחן ערוך, אבן העזר",סימן צ,פירוש,לא,
118,דגול מרבבה אהע''ז,כן,"שולחן ערוך, אבן העזר",סימן צב,פירוש,לא,
123,דגול מרבבה אהע''ז,כן,"שולחן ערוך, אבן העזר",סימן צג,פירוש,לא,
128,דגול מרבבה אהע''ז,כן,"שולחן ערוך, אבן העזר",סימן קה,פירוש,לא,
133,דגול מרבבה אהע''ז,כן,"שולחן ערוך, אבן העזר",סימן קח,פירוש,לא,
138,דגול מרבבה אהע''ז,כן,"שולחן ערוך, אבן העזר",סימן קיג,פירוש,לא,
139,דגול מרבבה אהע''ז,כן,"שולחן ערוך, אבן העזר",סימן קיג,פירוש,לא,
144,דגול מרבבה אהע''ז,כן,"שולחן ערוך, אבן העזר",סימן קיח,פירוש,לא,
149,דגול מרבבה אהע''ז,כן,"שולחן ערוך, אבן העזר",סימן קכט,פירוש,לא,
150,דגול מרבבה אהע''ז,כן,"שולחן ערוך, אבן העזר",סימן קכט,פירוש,לא,
151,דגול מרבבה אהע''ז,כן,"שולחן ערוך, אבן העזר",סימן קכט,פירוש,לא,
152,דגול מרבבה אהע''ז,כן,"שולחן ערוך, אבן העזר",סימן קכט,פירוש,לא,
153,דגול מרבבה אהע''ז,כן,"שולחן ערוך, אבן העזר",סימן קכט,פירוש,לא,
154,דגול מרבבה אהע''ז,כן,"שולחן ערוך, אבן העזר",סימן קכט,פירוש,לא,
155,דגול מרבבה אהע''ז,כן,"שולחן ערוך, אבן העזר",סימן קכט,פירוש,לא,
156,דגול מרבבה אהע''ז,כן,"שולחן ערוך, אבן העזר",סימן קכט,פירוש,לא,
157,דגול מרבבה אהע''ז,כן,"שולחן ערוך, אבן העזר",סימן קכט,פירוש,לא,
158,דגול מרבבה אהע''ז,כן,"שולחן ערוך, אבן העזר",סימן קכט,פירוש,לא,
163,דגול מרבבה אהע''ז,כן,"שולחן ערוך, אבן העזר",סימן קל,פירוש,לא,
168,דגול מרבבה אהע''ז,כן,"שולחן ערוך, אבן העזר",סימן קמא,פירוש,לא,
169,דגול מרבבה אהע''ז,כן,"שולחן ערוך, אבן העזר",סימן קמא,פירוש,לא,
170,דגול מרבבה אהע''ז,כן,"שולחן ערוך, אבן העזר",סימן קמא,פירוש,לא,
175,דגול מרבבה אהע''ז,כן,"שולחן ערוך, אבן העזר",סימן קמג,פירוש,לא,
180,דגול מרבבה אהע''ז,כן,"שולחן ערוך, אבן העזר",סימן קנד,פירוש,לא,
185,דגול מרבבה אהע''ז,כן,"שולחן ערוך, אבן העזר",סימן קנה,פירוש,לא,
190,דגול מרבבה אהע''ז,כן,"שולחן ערוך, אבן העזר",סימן קעג,פירוש,לא,
194,דגול מרבבה אהע''ז,כן,"שולחן ערוך, אבן העזר",סימן קעג,פירוש,לא,
