מקור,ספר_מקור,מקור_אישי,ספר_יעד,מיקום_יעד,סוג,יעד_אישי,קטגוריית_מקור
4,קובץ שיטות קמאי על כריתות,כן,כריתות,ב.,פירוש,לא,
6,קובץ שיטות קמאי על כריתות,כן,כריתות,ב.,פירוש,לא,
8,קובץ שיטות קמאי על כריתות,כן,כריתות,ב.,פירוש,לא,
10,קובץ שיטות קמאי על כריתות,כן,כריתות,ב.,פירוש,לא,
12,קובץ שיטות קמאי על כריתות,כן,כריתות,ב.,פירוש,לא,
14,קובץ שיטות קמאי על כריתות,כן,כריתות,ב.,פירוש,לא,
16,קובץ שיטות קמאי על כריתות,כן,כריתות,ב.,פירוש,לא,
18,קובץ שיטות קמאי על כריתות,כן,כריתות,ב.,פירוש,לא,
20,קובץ שיטות קמאי על כריתות,כן,כריתות,ב.,פירוש,לא,
22,קובץ שיטות קמאי על כריתות,כן,כריתות,ב.,פירוש,לא,
24,קובץ שיטות קמאי על כריתות,כן,כריתות,ב.,פירוש,לא,
26,קובץ שיטות קמאי על כריתות,כן,כריתות,ב.,פירוש,לא,
28,קובץ שיטות קמאי על כריתות,כן,כריתות,ב.,פירוש,לא,
30,קובץ שיטות קמאי על כריתות,כן,כריתות,ב.,פירוש,לא,
32,קובץ שיטות קמאי על כריתות,כן,כריתות,ב.,פירוש,לא,
33,קובץ שיטות קמאי על כריתות,כן,כריתות,ב.,פירוש,לא,
34,קובץ שיטות קמאי על כריתות,כן,כריתות,ב.,פירוש,לא,
36,קובץ שיטות קמאי על כריתות,כן,כריתות,ב.,פירוש,לא,
38,קובץ שיטות קמאי על כריתות,כן,כריתות,ב.,פירוש,לא,
40,קובץ שיטות קמאי על כריתות,כן,כריתות,ב.,פירוש,לא,
42,קובץ שיטות קמאי על כריתות,כן,כריתות,ב.,פירוש,לא,
44,קובץ שיטות קמאי על כריתות,כן,כריתות,ב.,פירוש,לא,
46,קובץ שיטות קמאי על כריתות,כן,כריתות,ב.,פירוש,לא,
48,קובץ שיטות קמאי על כריתות,כן,כריתות,ב.,פירוש,לא,
50,קובץ שיטות קמאי על כריתות,כן,כריתות,ב.,פירוש,לא,
51,קובץ שיטות קמאי על כריתות,כן,כריתות,ב.,פירוש,לא,
52,קובץ שיטות קמאי על כריתות,כן,כריתות,ב.,פירוש,לא,
53,קובץ שיטות קמאי על כריתות,כן,כריתות,ב.,פירוש,לא,
54,קובץ שיטות קמאי על כריתות,כן,כריתות,ב.,פירוש,לא,
55,קובץ שיטות קמאי על כריתות,כן,כריתות,ב.,פירוש,לא,
56,קובץ שיטות קמאי על כריתות,כן,כריתות,ב.,פירוש,לא,
57,קובץ שיטות קמאי על כריתות,כן,כריתות,ב.,פירוש,לא,
59,קובץ שיטות קמאי על כריתות,כן,כריתות,ב.,פירוש,לא,
61,קובץ שיטות קמאי על כריתות,כן,כריתות,ב.,פירוש,לא,
62,קובץ שיטות קמאי על כריתות,כן,כריתות,ב.,פירוש,לא,
64,קובץ שיטות קמאי על כריתות,כן,כריתות,ב.,פירוש,לא,
66,קובץ שיטות קמאי על כריתות,כן,כריתות,ב.,פירוש,לא,
68,קובץ שיטות קמאי על כריתות,כן,כריתות,ב.,פירוש,לא,
70,קובץ שיטות קמאי על כריתות,כן,כריתות,ב.,פירוש,לא,
72,קובץ שיטות קמאי על כריתות,כן,כריתות,ב.,פירוש,לא,
74,קובץ שיטות קמאי על כריתות,כן,כריתות,ב.,פירוש,לא,
76,קובץ שיטות קמאי על כריתות,כן,כריתות,ב.,פירוש,לא,
78,קובץ שיטות קמאי על כריתות,כן,כריתות,ב.,פירוש,לא,
80,קובץ שיטות קמאי על כריתות,כן,כריתות,ב.,פירוש,לא,
82,קובץ שיטות קמאי על כריתות,כן,כריתות,ב.,פירוש,לא,
84,קובץ שיטות קמאי על כריתות,כן,כריתות,ב.,פירוש,לא,
86,קובץ שיטות קמאי על כריתות,כן,כריתות,ב.,פירוש,לא,
88,קובץ שיטות קמאי על כריתות,כן,כריתות,ב.,פירוש,לא,
90,קובץ שיטות קמאי על כריתות,כן,כריתות,ב.,פירוש,לא,
92,קובץ שיטות קמאי על כריתות,כן,כריתות,ב.,פירוש,לא,
94,קובץ שיטות קמאי על כריתות,כן,כריתות,ב.,פירוש,לא,
95,קובץ שיטות קמאי על כריתות,כן,כריתות,ב.,פירוש,לא,
96,קובץ שיטות קמאי על כריתות,כן,כריתות,ב.,פירוש,לא,
97,קובץ שיטות קמאי על כריתות,כן,כריתות,ב.,פירוש,לא,
98,קובץ שיטות קמאי על כריתות,כן,כריתות,ב.,פירוש,לא,
99,קובץ שיטות קמאי על כריתות,כן,כריתות,ב.,פירוש,לא,
100,קובץ שיטות קמאי על כריתות,כן,כריתות,ב.,פירוש,לא,
101,קובץ שיטות קמאי על כריתות,כן,כריתות,ב.,פירוש,לא,
102,קובץ שיטות קמאי על כריתות,כן,כריתות,ב.,פירוש,לא,
103,קובץ שיטות קמאי על כריתות,כן,כריתות,ב.,פירוש,לא,
104,קובץ שיטות קמאי על כריתות,כן,כריתות,ב.,פירוש,לא,
105,קובץ שיטות קמאי על כריתות,כן,כריתות,ב.,פירוש,לא,
106,קובץ שיטות קמאי על כריתות,כן,כריתות,ב.,פירוש,לא,
107,קובץ שיטות קמאי על כריתות,כן,כריתות,ב.,פירוש,לא,
108,קובץ שיטות קמאי על כריתות,כן,כריתות,ב.,פירוש,לא,
109,קובץ שיטות קמאי על כריתות,כן,כריתות,ב.,פירוש,לא,
110,קובץ שיטות קמאי על כריתות,כן,כריתות,ב.,פירוש,לא,
112,קובץ שיטות קמאי על כריתות,כן,כריתות,ב.,פירוש,לא,
114,קובץ שיטות קמאי על כריתות,כן,כריתות,ב.,פירוש,לא,
116,קובץ שיטות קמאי על כריתות,כן,כריתות,ב.,פירוש,לא,
118,קובץ שיטות קמאי על כריתות,כן,כריתות,ב.,פירוש,לא,
120,קובץ שיטות קמאי על כריתות,כן,כריתות,ב.,פירוש,לא,
122,קובץ שיטות קמאי על כריתות,כן,כריתות,ב.,פירוש,לא,
124,קובץ שיטות קמאי על כריתות,כן,כריתות,ב.,פירוש,לא,
126,קובץ שיטות קמאי על כריתות,כן,כריתות,ב.,פירוש,לא,
128,קובץ שיטות קמאי על כריתות,כן,כריתות,ב.,פירוש,לא,
129,קובץ שיטות קמאי על כריתות,כן,כריתות,ב.,פירוש,לא,
130,קובץ שיטות קמאי על כריתות,כן,כריתות,ב.,פירוש,לא,
131,קובץ שיטות קמאי על כריתות,כן,כריתות,ב.,פירוש,לא,
132,קובץ שיטות קמאי על כריתות,כן,כריתות,ב.,פירוש,לא,
133,קובץ שיטות קמאי על כריתות,כן,כריתות,ב.,פירוש,לא,
134,קובץ שיטות קמאי על כריתות,כן,כריתות,ב.,פירוש,לא,
136,קובץ שיטות קמאי על כריתות,כן,כריתות,ב.,פירוש,לא,
138,קובץ שיטות קמאי על כריתות,כן,כריתות,ב.,פירוש,לא,
140,קובץ שיטות קמאי על כריתות,כן,כריתות,ב.,פירוש,לא,
142,קובץ שיטות קמאי על כריתות,כן,כריתות,ב.,פירוש,לא,
144,קובץ שיטות קמאי על כריתות,כן,כריתות,ב.,פירוש,לא,
146,קובץ שיטות קמאי על כריתות,כן,כריתות,ב.,פירוש,לא,
148,קובץ שיטות קמאי על כריתות,כן,כריתות,ב.,פירוש,לא,
149,קובץ שיטות קמאי על כריתות,כן,כריתות,ב.,פירוש,לא,
151,קובץ שיטות קמאי על כריתות,כן,כריתות,ב.,פירוש,לא,
153,קובץ שיטות קמאי על כריתות,כן,כריתות,ב.,פירוש,לא,
154,קובץ שיטות קמאי על כריתות,כן,כריתות,ב.,פירוש,לא,
155,קובץ שיטות קמאי על כריתות,כן,כריתות,ב.,פירוש,לא,
156,קובץ שיטות קמאי על כריתות,כן,כריתות,ב.,פירוש,לא,
158,קובץ שיטות קמאי על כריתות,כן,כריתות,ב.,פירוש,לא,
160,קובץ שיטות קמאי על כריתות,כן,כריתות,ב.,פירוש,לא,
162,קובץ שיטות קמאי על כריתות,כן,כריתות,ב.,פירוש,לא,
164,קובץ שיטות קמאי על כריתות,כן,כריתות,ב.,פירוש,לא,
166,קובץ שיטות קמאי על כריתות,כן,כריתות,ב.,פירוש,לא,
169,קובץ שיטות קמאי על כריתות,כן,כריתות,ב:,פירוש,לא,
171,קובץ שיטות קמאי על כריתות,כן,כריתות,ב:,פירוש,לא,
173,קובץ שיטות קמאי על כריתות,כן,כריתות,ב:,פירוש,לא,
175,קובץ שיטות קמאי על כריתות,כן,כריתות,ב:,פירוש,לא,
177,קובץ שיטות קמאי על כריתות,כן,כריתות,ב:,פירוש,לא,
179,קובץ שיטות קמאי על כריתות,כן,כריתות,ב:,פירוש,לא,
181,קובץ שיטות קמאי על כריתות,כן,כריתות,ב:,פירוש,לא,
183,קובץ שיטות קמאי על כריתות,כן,כריתות,ב:,פירוש,לא,
184,קובץ שיטות קמאי על כריתות,כן,כריתות,ב:,פירוש,לא,
185,קובץ שיטות קמאי על כריתות,כן,כריתות,ב:,פירוש,לא,
186,קובץ שיטות קמאי על כריתות,כן,כריתות,ב:,פירוש,לא,
187,קובץ שיטות קמאי על כריתות,כן,כריתות,ב:,פירוש,לא,
188,קובץ שיטות קמאי על כריתות,כן,כריתות,ב:,פירוש,לא,
189,קובץ שיטות קמאי על כריתות,כן,כריתות,ב:,פירוש,לא,
190,קובץ שיטות קמאי על כריתות,כן,כריתות,ב:,פירוש,לא,
191,קובץ שיטות קמאי על כריתות,כן,כריתות,ב:,פירוש,לא,
192,קובץ שיטות קמאי על כריתות,כן,כריתות,ב:,פירוש,לא,
193,קובץ שיטות קמאי על כריתות,כן,כריתות,ב:,פירוש,לא,
194,קובץ שיטות קמאי על כריתות,כן,כריתות,ב:,פירוש,לא,
195,קובץ שיטות קמאי על כריתות,כן,כריתות,ב:,פירוש,לא,
196,קובץ שיטות קמאי על כריתות,כן,כריתות,ב:,פירוש,לא,
197,קובץ שיטות קמאי על כריתות,כן,כריתות,ב:,פירוש,לא,
199,קובץ שיטות קמאי על כריתות,כן,כריתות,ב:,פירוש,לא,
201,קובץ שיטות קמאי על כריתות,כן,כריתות,ב:,פירוש,לא,
203,קובץ שיטות קמאי על כריתות,כן,כריתות,ב:,פירוש,לא,
204,קובץ שיטות קמאי על כריתות,כן,כריתות,ב:,פירוש,לא,
205,קובץ שיטות קמאי על כריתות,כן,כריתות,ב:,פירוש,לא,
207,קובץ שיטות קמאי על כריתות,כן,כריתות,ב:,פירוש,לא,
209,קובץ שיטות קמאי על כריתות,כן,כריתות,ב:,פירוש,לא,
210,קובץ שיטות קמאי על כריתות,כן,כריתות,ב:,פירוש,לא,
211,קובץ שיטות קמאי על כריתות,כן,כריתות,ב:,פירוש,לא,
212,קובץ שיטות קמאי על כריתות,כן,כריתות,ב:,פירוש,לא,
213,קובץ שיטות קמאי על כריתות,כן,כריתות,ב:,פירוש,לא,
214,קובץ שיטות קמאי על כריתות,כן,כריתות,ב:,פירוש,לא,
216,קובץ שיטות קמאי על כריתות,כן,כריתות,ב:,פירוש,לא,
218,קובץ שיטות קמאי על כריתות,כן,כריתות,ב:,פירוש,לא,
219,קובץ שיטות קמאי על כריתות,כן,כריתות,ב:,פירוש,לא,
220,קובץ שיטות קמאי על כריתות,כן,כריתות,ב:,פירוש,לא,
221,קובץ שיטות קמאי על כריתות,כן,כריתות,ב:,פירוש,לא,
222,קובץ שיטות קמאי על כריתות,כן,כריתות,ב:,פירוש,לא,
223,קובץ שיטות קמאי על כריתות,כן,כריתות,ב:,פירוש,לא,
224,קובץ שיטות קמאי על כריתות,כן,כריתות,ב:,פירוש,לא,
225,קובץ שיטות קמאי על כריתות,כן,כריתות,ב:,פירוש,לא,
227,קובץ שיטות קמאי על כריתות,כן,כריתות,ב:,פירוש,לא,
229,קובץ שיטות קמאי על כריתות,כן,כריתות,ב:,פירוש,לא,
231,קובץ שיטות קמאי על כריתות,כן,כריתות,ב:,פירוש,לא,
233,קובץ שיטות קמאי על כריתות,כן,כריתות,ב:,פירוש,לא,
235,קובץ שיטות קמאי על כריתות,כן,כריתות,ב:,פירוש,לא,
237,קובץ שיטות קמאי על כריתות,כן,כריתות,ב:,פירוש,לא,
239,קובץ שיטות קמאי על כריתות,כן,כריתות,ב:,פירוש,לא,
241,קובץ שיטות קמאי על כריתות,כן,כריתות,ב:,פירוש,לא,
243,קובץ שיטות קמאי על כריתות,כן,כריתות,ב:,פירוש,לא,
245,קובץ שיטות קמאי על כריתות,כן,כריתות,ב:,פירוש,לא,
247,קובץ שיטות קמאי על כריתות,כן,כריתות,ב:,פירוש,לא,
249,קובץ שיטות קמאי על כריתות,כן,כריתות,ב:,פירוש,לא,
251,קובץ שיטות קמאי על כריתות,כן,כריתות,ב:,פירוש,לא,
253,קובץ שיטות קמאי על כריתות,כן,כריתות,ב:,פירוש,לא,
254,קובץ שיטות קמאי על כריתות,כן,כריתות,ב:,פירוש,לא,
255,קובץ שיטות קמאי על כריתות,כן,כריתות,ב:,פירוש,לא,
257,קובץ שיטות קמאי על כריתות,כן,כריתות,ב:,פירוש,לא,
259,קובץ שיטות קמאי על כריתות,כן,כריתות,ב:,פירוש,לא,
261,קובץ שיטות קמאי על כריתות,כן,כריתות,ב:,פירוש,לא,
263,קובץ שיטות קמאי על כריתות,כן,כריתות,ב:,פירוש,לא,
265,קובץ שיטות קמאי על כריתות,כן,כריתות,ב:,פירוש,לא,
267,קובץ שיטות קמאי על כריתות,כן,כריתות,ב:,פירוש,לא,
269,קובץ שיטות קמאי על כריתות,כן,כריתות,ב:,פירוש,לא,
271,קובץ שיטות קמאי על כריתות,כן,כריתות,ב:,פירוש,לא,
273,קובץ שיטות קמאי על כריתות,כן,כריתות,ב:,פירוש,לא,
275,קובץ שיטות קמאי על כריתות,כן,כריתות,ב:,פירוש,לא,
276,קובץ שיטות קמאי על כריתות,כן,כריתות,ב:,פירוש,לא,
277,קובץ שיטות קמאי על כריתות,כן,כריתות,ב:,פירוש,לא,
278,קובץ שיטות קמאי על כריתות,כן,כריתות,ב:,פירוש,לא,
279,קובץ שיטות קמאי על כריתות,כן,כריתות,ב:,פירוש,לא,
280,קובץ שיטות קמאי על כריתות,כן,כריתות,ב:,פירוש,לא,
281,קובץ שיטות קמאי על כריתות,כן,כריתות,ב:,פירוש,לא,
283,קובץ שיטות קמאי על כריתות,כן,כריתות,ב:,פירוש,לא,
285,קובץ שיטות קמאי על כריתות,כן,כריתות,ב:,פירוש,לא,
287,קובץ שיטות קמאי על כריתות,כן,כריתות,ב:,פירוש,לא,
289,קובץ שיטות קמאי על כריתות,כן,כריתות,ב:,פירוש,לא,
291,קובץ שיטות קמאי על כריתות,כן,כריתות,ב:,פירוש,לא,
293,קובץ שיטות קמאי על כריתות,כן,כריתות,ב:,פירוש,לא,
295,קובץ שיטות קמאי על כריתות,כן,כריתות,ב:,פירוש,לא,
297,קובץ שיטות קמאי על כריתות,כן,כריתות,ב:,פירוש,לא,
299,קובץ שיטות קמאי על כריתות,כן,כריתות,ב:,פירוש,לא,
301,קובץ שיטות קמאי על כריתות,כן,כריתות,ב:,פירוש,לא,
303,קובץ שיטות קמאי על כריתות,כן,כריתות,ב:,פירוש,לא,
305,קובץ שיטות קמאי על כריתות,כן,כריתות,ב:,פירוש,לא,
307,קובץ שיטות קמאי על כריתות,כן,כריתות,ב:,פירוש,לא,
309,קובץ שיטות קמאי על כריתות,כן,כריתות,ב:,פירוש,לא,
311,קובץ שיטות קמאי על כריתות,כן,כריתות,ב:,פירוש,לא,
313,קובץ שיטות קמאי על כריתות,כן,כריתות,ב:,פירוש,לא,
315,קובץ שיטות קמאי על כריתות,כן,כריתות,ב:,פירוש,לא,
317,קובץ שיטות קמאי על כריתות,כן,כריתות,ב:,פירוש,לא,
319,קובץ שיטות קמאי על כריתות,כן,כריתות,ב:,פירוש,לא,
321,קובץ שיטות קמאי על כריתות,כן,כריתות,ב:,פירוש,לא,
323,קובץ שיטות קמאי על כריתות,כן,כריתות,ב:,פירוש,לא,
325,קובץ שיטות קמאי על כריתות,כן,כריתות,ב:,פירוש,לא,
326,קובץ שיטות קמאי על כריתות,כן,כריתות,ב:,פירוש,לא,
328,קובץ שיטות קמאי על כריתות,כן,כריתות,ב:,פירוש,לא,
330,קובץ שיטות קמאי על כריתות,כן,כריתות,ב:,פירוש,לא,
332,קובץ שיטות קמאי על כריתות,כן,כריתות,ב:,פירוש,לא,
334,קובץ שיטות קמאי על כריתות,כן,כריתות,ב:,פירוש,לא,
336,קובץ שיטות קמאי על כריתות,כן,כריתות,ב:,פירוש,לא,
338,קובץ שיטות קמאי על כריתות,כן,כריתות,ב:,פירוש,לא,
340,קובץ שיטות קמאי על כריתות,כן,כריתות,ב:,פירוש,לא,
342,קובץ שיטות קמאי על כריתות,כן,כריתות,ב:,פירוש,לא,
344,קובץ שיטות קמאי על כריתות,כן,כריתות,ב:,פירוש,לא,
346,קובץ שיטות קמאי על כריתות,כן,כריתות,ב:,פירוש,לא,
348,קובץ שיטות קמאי על כריתות,כן,כריתות,ב:,פירוש,לא,
350,קובץ שיטות קמאי על כריתות,כן,כריתות,ב:,פירוש,לא,
352,קובץ שיטות קמאי על כריתות,כן,כריתות,ב:,פירוש,לא,
353,קובץ שיטות קמאי על כריתות,כן,כריתות,ב:,פירוש,לא,
355,קובץ שיטות קמאי על כריתות,כן,כריתות,ב:,פירוש,לא,
357,קובץ שיטות קמאי על כריתות,כן,כריתות,ב:,פירוש,לא,
359,קובץ שיטות קמאי על כריתות,כן,כריתות,ב:,פירוש,לא,
361,קובץ שיטות קמאי על כריתות,כן,כריתות,ב:,פירוש,לא,
363,קובץ שיטות קמאי על כריתות,כן,כריתות,ב:,פירוש,לא,
365,קובץ שיטות קמאי על כריתות,כן,כריתות,ב:,פירוש,לא,
367,קובץ שיטות קמאי על כריתות,כן,כריתות,ב:,פירוש,לא,
369,קובץ שיטות קמאי על כריתות,כן,כריתות,ב:,פירוש,לא,
371,קובץ שיטות קמאי על כריתות,כן,כריתות,ב:,פירוש,לא,
373,קובץ שיטות קמאי על כריתות,כן,כריתות,ב:,פירוש,לא,
375,קובץ שיטות קמאי על כריתות,כן,כריתות,ב:,פירוש,לא,
377,קובץ שיטות קמאי על כריתות,כן,כריתות,ב:,פירוש,לא,
379,קובץ שיטות קמאי על כריתות,כן,כריתות,ב:,פירוש,לא,
381,קובץ שיטות קמאי על כריתות,כן,כריתות,ב:,פירוש,לא,
383,קובץ שיטות קמאי על כריתות,כן,כריתות,ב:,פירוש,לא,
385,קובץ שיטות קמאי על כריתות,כן,כריתות,ב:,פירוש,לא,
387,קובץ שיטות קמאי על כריתות,כן,כריתות,ב:,פירוש,לא,
389,קובץ שיטות קמאי על כריתות,כן,כריתות,ב:,פירוש,לא,
391,קובץ שיטות קמאי על כריתות,כן,כריתות,ב:,פירוש,לא,
393,קובץ שיטות קמאי על כריתות,כן,כריתות,ב:,פירוש,לא,
395,קובץ שיטות קמאי על כריתות,כן,כריתות,ב:,פירוש,לא,
397,קובץ שיטות קמאי על כריתות,כן,כריתות,ב:,פירוש,לא,
399,קובץ שיטות קמאי על כריתות,כן,כריתות,ב:,פירוש,לא,
402,קובץ שיטות קמאי על כריתות,כן,כריתות,ג.,פירוש,לא,
404,קובץ שיטות קמאי על כריתות,כן,כריתות,ג.,פירוש,לא,
406,קובץ שיטות קמאי על כריתות,כן,כריתות,ג.,פירוש,לא,
408,קובץ שיטות קמאי על כריתות,כן,כריתות,ג.,פירוש,לא,
410,קובץ שיטות קמאי על כריתות,כן,כריתות,ג.,פירוש,לא,
412,קובץ שיטות קמאי על כריתות,כן,כריתות,ג.,פירוש,לא,
414,קובץ שיטות קמאי על כריתות,כן,כריתות,ג.,פירוש,לא,
416,קובץ שיטות קמאי על כריתות,כן,כריתות,ג.,פירוש,לא,
418,קובץ שיטות קמאי על כריתות,כן,כריתות,ג.,פירוש,לא,
420,קובץ שיטות קמאי על כריתות,כן,כריתות,ג.,פירוש,לא,
422,קובץ שיטות קמאי על כריתות,כן,כריתות,ג.,פירוש,לא,
424,קובץ שיטות קמאי על כריתות,כן,כריתות,ג.,פירוש,לא,
426,קובץ שיטות קמאי על כריתות,כן,כריתות,ג.,פירוש,לא,
428,קובץ שיטות קמאי על כריתות,כן,כריתות,ג.,פירוש,לא,
430,קובץ שיטות קמאי על כריתות,כן,כריתות,ג.,פירוש,לא,
432,קובץ שיטות קמאי על כריתות,כן,כריתות,ג.,פירוש,לא,
434,קובץ שיטות קמאי על כריתות,כן,כריתות,ג.,פירוש,לא,
436,קובץ שיטות קמאי על כריתות,כן,כריתות,ג.,פירוש,לא,
438,קובץ שיטות קמאי על כריתות,כן,כריתות,ג.,פירוש,לא,
440,קובץ שיטות קמאי על כריתות,כן,כריתות,ג.,פירוש,לא,
442,קובץ שיטות קמאי על כריתות,כן,כריתות,ג.,פירוש,לא,
444,קובץ שיטות קמאי על כריתות,כן,כריתות,ג.,פירוש,לא,
446,קובץ שיטות קמאי על כריתות,כן,כריתות,ג.,פירוש,לא,
448,קובץ שיטות קמאי על כריתות,כן,כריתות,ג.,פירוש,לא,
450,קובץ שיטות קמאי על כריתות,כן,כריתות,ג.,פירוש,לא,
452,קובץ שיטות קמאי על כריתות,כן,כריתות,ג.,פירוש,לא,
453,קובץ שיטות קמאי על כריתות,כן,כריתות,ג.,פירוש,לא,
454,קובץ שיטות קמאי על כריתות,כן,כריתות,ג.,פירוש,לא,
455,קובץ שיטות קמאי על כריתות,כן,כריתות,ג.,פירוש,לא,
456,קובץ שיטות קמאי על כריתות,כן,כריתות,ג.,פירוש,לא,
457,קובץ שיטות קמאי על כריתות,כן,כריתות,ג.,פירוש,לא,
458,קובץ שיטות קמאי על כריתות,כן,כריתות,ג.,פירוש,לא,
460,קובץ שיטות קמאי על כריתות,כן,כריתות,ג.,פירוש,לא,
462,קובץ שיטות קמאי על כריתות,כן,כריתות,ג.,פירוש,לא,
464,קובץ שיטות קמאי על כריתות,כן,כריתות,ג.,פירוש,לא,
466,קובץ שיטות קמאי על כריתות,כן,כריתות,ג.,פירוש,לא,
468,קובץ שיטות קמאי על כריתות,כן,כריתות,ג.,פירוש,לא,
470,קובץ שיטות קמאי על כריתות,כן,כריתות,ג.,פירוש,לא,
472,קובץ שיטות קמאי על כריתות,כן,כריתות,ג.,פירוש,לא,
473,קובץ שיטות קמאי על כריתות,כן,כריתות,ג.,פירוש,לא,
475,קובץ שיטות קמאי על כריתות,כן,כריתות,ג.,פירוש,לא,
477,קובץ שיטות קמאי על כריתות,כן,כריתות,ג.,פירוש,לא,
479,קובץ שיטות קמאי על כריתות,כן,כריתות,ג.,פירוש,לא,
481,קובץ שיטות קמאי על כריתות,כן,כריתות,ג.,פירוש,לא,
483,קובץ שיטות קמאי על כריתות,כן,כריתות,ג.,פירוש,לא,
485,קובץ שיטות קמאי על כריתות,כן,כריתות,ג.,פירוש,לא,
487,קובץ שיטות קמאי על כריתות,כן,כריתות,ג.,פירוש,לא,
489,קובץ שיטות קמאי על כריתות,כן,כריתות,ג.,פירוש,לא,
491,קובץ שיטות קמאי על כריתות,כן,כריתות,ג.,פירוש,לא,
493,קובץ שיטות קמאי על כריתות,כן,כריתות,ג.,פירוש,לא,
495,קובץ שיטות קמאי על כריתות,כן,כריתות,ג.,פירוש,לא,
497,קובץ שיטות קמאי על כריתות,כן,כריתות,ג.,פירוש,לא,
499,קובץ שיטות קמאי על כריתות,כן,כריתות,ג.,פירוש,לא,
501,קובץ שיטות קמאי על כריתות,כן,כריתות,ג.,פירוש,לא,
503,קובץ שיטות קמאי על כריתות,כן,כריתות,ג.,פירוש,לא,
505,קובץ שיטות קמאי על כריתות,כן,כריתות,ג.,פירוש,לא,
507,קובץ שיטות קמאי על כריתות,כן,כריתות,ג.,פירוש,לא,
509,קובץ שיטות קמאי על כריתות,כן,כריתות,ג.,פירוש,לא,
510,קובץ שיטות קמאי על כריתות,כן,כריתות,ג.,פירוש,לא,
511,קובץ שיטות קמאי על כריתות,כן,כריתות,ג.,פירוש,לא,
512,קובץ שיטות קמאי על כריתות,כן,כריתות,ג.,פירוש,לא,
514,קובץ שיטות קמאי על כריתות,כן,כריתות,ג.,פירוש,לא,
516,קובץ שיטות קמאי על כריתות,כן,כריתות,ג.,פירוש,לא,
518,קובץ שיטות קמאי על כריתות,כן,כריתות,ג.,פירוש,לא,
520,קובץ שיטות קמאי על כריתות,כן,כריתות,ג.,פירוש,לא,
523,קובץ שיטות קמאי על כריתות,כן,כריתות,ג:,פירוש,לא,
525,קובץ שיטות קמאי על כריתות,כן,כריתות,ג:,פירוש,לא,
527,קובץ שיטות קמאי על כריתות,כן,כריתות,ג:,פירוש,לא,
529,קובץ שיטות קמאי על כריתות,כן,כריתות,ג:,פירוש,לא,
531,קובץ שיטות קמאי על כריתות,כן,כריתות,ג:,פירוש,לא,
533,קובץ שיטות קמאי על כריתות,כן,כריתות,ג:,פירוש,לא,
535,קובץ שיטות קמאי על כריתות,כן,כריתות,ג:,פירוש,לא,
537,קובץ שיטות קמאי על כריתות,כן,כריתות,ג:,פירוש,לא,
539,קובץ שיטות קמאי על כריתות,כן,כריתות,ג:,פירוש,לא,
541,קובץ שיטות קמאי על כריתות,כן,כריתות,ג:,פירוש,לא,
543,קובץ שיטות קמאי על כריתות,כן,כריתות,ג:,פירוש,לא,
544,קובץ שיטות קמאי על כריתות,כן,כריתות,ג:,פירוש,לא,
545,קובץ שיטות קמאי על כריתות,כן,כריתות,ג:,פירוש,לא,
546,קובץ שיטות קמאי על כריתות,כן,כריתות,ג:,פירוש,לא,
547,קובץ שיטות קמאי על כריתות,כן,כריתות,ג:,פירוש,לא,
548,קובץ שיטות קמאי על כריתות,כן,כריתות,ג:,פירוש,לא,
549,קובץ שיטות קמאי על כריתות,כן,כריתות,ג:,פירוש,לא,
550,קובץ שיטות קמאי על כריתות,כן,כריתות,ג:,פירוש,לא,
551,קובץ שיטות קמאי על כריתות,כן,כריתות,ג:,פירוש,לא,
552,קובץ שיטות קמאי על כריתות,כן,כריתות,ג:,פירוש,לא,
553,קובץ שיטות קמאי על כריתות,כן,כריתות,ג:,פירוש,לא,
554,קובץ שיטות קמאי על כריתות,כן,כריתות,ג:,פירוש,לא,
556,קובץ שיטות קמאי על כריתות,כן,כריתות,ג:,פירוש,לא,
558,קובץ שיטות קמאי על כריתות,כן,כריתות,ג:,פירוש,לא,
560,קובץ שיטות קמאי על כריתות,כן,כריתות,ג:,פירוש,לא,
562,קובץ שיטות קמאי על כריתות,כן,כריתות,ג:,פירוש,לא,
564,קובץ שיטות קמאי על כריתות,כן,כריתות,ג:,פירוש,לא,
566,קובץ שיטות קמאי על כריתות,כן,כריתות,ג:,פירוש,לא,
568,קובץ שיטות קמאי על כריתות,כן,כריתות,ג:,פירוש,לא,
570,קובץ שיטות קמאי על כריתות,כן,כריתות,ג:,פירוש,לא,
572,קובץ שיטות קמאי על כריתות,כן,כריתות,ג:,פירוש,לא,
574,קובץ שיטות קמאי על כריתות,כן,כריתות,ג:,פירוש,לא,
576,קובץ שיטות קמאי על כריתות,כן,כריתות,ג:,פירוש,לא,
578,קובץ שיטות קמאי על כריתות,כן,כריתות,ג:,פירוש,לא,
580,קובץ שיטות קמאי על כריתות,כן,כריתות,ג:,פירוש,לא,
582,קובץ שיטות קמאי על כריתות,כן,כריתות,ג:,פירוש,לא,
584,קובץ שיטות קמאי על כריתות,כן,כריתות,ג:,פירוש,לא,
586,קובץ שיטות קמאי על כריתות,כן,כריתות,ג:,פירוש,לא,
588,קובץ שיטות קמאי על כריתות,כן,כריתות,ג:,פירוש,לא,
589,קובץ שיטות קמאי על כריתות,כן,כריתות,ג:,פירוש,לא,
590,קובץ שיטות קמאי על כריתות,כן,כריתות,ג:,פירוש,לא,
591,קובץ שיטות קמאי על כריתות,כן,כריתות,ג:,פירוש,לא,
592,קובץ שיטות קמאי על כריתות,כן,כריתות,ג:,פירוש,לא,
593,קובץ שיטות קמאי על כריתות,כן,כריתות,ג:,פירוש,לא,
595,קובץ שיטות קמאי על כריתות,כן,כריתות,ג:,פירוש,לא,
597,קובץ שיטות קמאי על כריתות,כן,כריתות,ג:,פירוש,לא,
598,קובץ שיטות קמאי על כריתות,כן,כריתות,ג:,פירוש,לא,
599,קובץ שיטות קמאי על כריתות,כן,כריתות,ג:,פירוש,לא,
601,קובץ שיטות קמאי על כריתות,כן,כריתות,ג:,פירוש,לא,
603,קובץ שיטות קמאי על כריתות,כן,כריתות,ג:,פירוש,לא,
605,קובץ שיטות קמאי על כריתות,כן,כריתות,ג:,פירוש,לא,
607,קובץ שיטות קמאי על כריתות,כן,כריתות,ג:,פירוש,לא,
609,קובץ שיטות קמאי על כריתות,כן,כריתות,ג:,פירוש,לא,
611,קובץ שיטות קמאי על כריתות,כן,כריתות,ג:,פירוש,לא,
613,קובץ שיטות קמאי על כריתות,כן,כריתות,ג:,פירוש,לא,
614,קובץ שיטות קמאי על כריתות,כן,כריתות,ג:,פירוש,לא,
615,קובץ שיטות קמאי על כריתות,כן,כריתות,ג:,פירוש,לא,
616,קובץ שיטות קמאי על כריתות,כן,כריתות,ג:,פירוש,לא,
617,קובץ שיטות קמאי על כריתות,כן,כריתות,ג:,פירוש,לא,
618,קובץ שיטות קמאי על כריתות,כן,כריתות,ג:,פירוש,לא,
619,קובץ שיטות קמאי על כריתות,כן,כריתות,ג:,פירוש,לא,
621,קובץ שיטות קמאי על כריתות,כן,כריתות,ג:,פירוש,לא,
623,קובץ שיטות קמאי על כריתות,כן,כריתות,ג:,פירוש,לא,
625,קובץ שיטות קמאי על כריתות,כן,כריתות,ג:,פירוש,לא,
627,קובץ שיטות קמאי על כריתות,כן,כריתות,ג:,פירוש,לא,
629,קובץ שיטות קמאי על כריתות,כן,כריתות,ג:,פירוש,לא,
631,קובץ שיטות קמאי על כריתות,כן,כריתות,ג:,פירוש,לא,
633,קובץ שיטות קמאי על כריתות,כן,כריתות,ג:,פירוש,לא,
635,קובץ שיטות קמאי על כריתות,כן,כריתות,ג:,פירוש,לא,
637,קובץ שיטות קמאי על כריתות,כן,כריתות,ג:,פירוש,לא,
639,קובץ שיטות קמאי על כריתות,כן,כריתות,ג:,פירוש,לא,
641,קובץ שיטות קמאי על כריתות,כן,כריתות,ג:,פירוש,לא,
643,קובץ שיטות קמאי על כריתות,כן,כריתות,ג:,פירוש,לא,
645,קובץ שיטות קמאי על כריתות,כן,כריתות,ג:,פירוש,לא,
647,קובץ שיטות קמאי על כריתות,כן,כריתות,ג:,פירוש,לא,
649,קובץ שיטות קמאי על כריתות,כן,כריתות,ג:,פירוש,לא,
651,קובץ שיטות קמאי על כריתות,כן,כריתות,ג:,פירוש,לא,
653,קובץ שיטות קמאי על כריתות,כן,כריתות,ג:,פירוש,לא,
655,קובץ שיטות קמאי על כריתות,כן,כריתות,ג:,פירוש,לא,
657,קובץ שיטות קמאי על כריתות,כן,כריתות,ג:,פירוש,לא,
659,קובץ שיטות קמאי על כריתות,כן,כריתות,ג:,פירוש,לא,
661,קובץ שיטות קמאי על כריתות,כן,כריתות,ג:,פירוש,לא,
663,קובץ שיטות קמאי על כריתות,כן,כריתות,ג:,פירוש,לא,
665,קובץ שיטות קמאי על כריתות,כן,כריתות,ג:,פירוש,לא,
667,קובץ שיטות קמאי על כריתות,כן,כריתות,ג:,פירוש,לא,
669,קובץ שיטות קמאי על כריתות,כן,כריתות,ג:,פירוש,לא,
672,קובץ שיטות קמאי על כריתות,כן,כריתות,ד.,פירוש,לא,
674,קובץ שיטות קמאי על כריתות,כן,כריתות,ד.,פירוש,לא,
676,קובץ שיטות קמאי על כריתות,כן,כריתות,ד.,פירוש,לא,
678,קובץ שיטות קמאי על כריתות,כן,כריתות,ד.,פירוש,לא,
680,קובץ שיטות קמאי על כריתות,כן,כריתות,ד.,פירוש,לא,
682,קובץ שיטות קמאי על כריתות,כן,כריתות,ד.,פירוש,לא,
684,קובץ שיטות קמאי על כריתות,כן,כריתות,ד.,פירוש,לא,
686,קובץ שיטות קמאי על כריתות,כן,כריתות,ד.,פירוש,לא,
687,קובץ שיטות קמאי על כריתות,כן,כריתות,ד.,פירוש,לא,
689,קובץ שיטות קמאי על כריתות,כן,כריתות,ד.,פירוש,לא,
691,קובץ שיטות קמאי על כריתות,כן,כריתות,ד.,פירוש,לא,
693,קובץ שיטות קמאי על כריתות,כן,כריתות,ד.,פירוש,לא,
695,קובץ שיטות קמאי על כריתות,כן,כריתות,ד.,פירוש,לא,
697,קובץ שיטות קמאי על כריתות,כן,כריתות,ד.,פירוש,לא,
699,קובץ שיטות קמאי על כריתות,כן,כריתות,ד.,פירוש,לא,
701,קובץ שיטות קמאי על כריתות,כן,כריתות,ד.,פירוש,לא,
703,קובץ שיטות קמאי על כריתות,כן,כריתות,ד.,פירוש,לא,
705,קובץ שיטות קמאי על כריתות,כן,כריתות,ד.,פירוש,לא,
707,קובץ שיטות קמאי על כריתות,כן,כריתות,ד.,פירוש,לא,
709,קובץ שיטות קמאי על כריתות,כן,כריתות,ד.,פירוש,לא,
710,קובץ שיטות קמאי על כריתות,כן,כריתות,ד.,פירוש,לא,
712,קובץ שיטות קמאי על כריתות,כן,כריתות,ד.,פירוש,לא,
714,קובץ שיטות קמאי על כריתות,כן,כריתות,ד.,פירוש,לא,
716,קובץ שיטות קמאי על כריתות,כן,כריתות,ד.,פירוש,לא,
718,קובץ שיטות קמאי על כריתות,כן,כריתות,ד.,פירוש,לא,
720,קובץ שיטות קמאי על כריתות,כן,כריתות,ד.,פירוש,לא,
721,קובץ שיטות קמאי על כריתות,כן,כריתות,ד.,פירוש,לא,
723,קובץ שיטות קמאי על כריתות,כן,כריתות,ד.,פירוש,לא,
724,קובץ שיטות קמאי על כריתות,כן,כריתות,ד.,פירוש,לא,
725,קובץ שיטות קמאי על כריתות,כן,כריתות,ד.,פירוש,לא,
727,קובץ שיטות קמאי על כריתות,כן,כריתות,ד.,פירוש,לא,
729,קובץ שיטות קמאי על כריתות,כן,כריתות,ד.,פירוש,לא,
731,קובץ שיטות קמאי על כריתות,כן,כריתות,ד.,פירוש,לא,
733,קובץ שיטות קמאי על כריתות,כן,כריתות,ד.,פירוש,לא,
735,קובץ שיטות קמאי על כריתות,כן,כריתות,ד.,פירוש,לא,
736,קובץ שיטות קמאי על כריתות,כן,כריתות,ד.,פירוש,לא,
737,קובץ שיטות קמאי על כריתות,כן,כריתות,ד.,פירוש,לא,
738,קובץ שיטות קמאי על כריתות,כן,כריתות,ד.,פירוש,לא,
739,קובץ שיטות קמאי על כריתות,כן,כריתות,ד.,פירוש,לא,
740,קובץ שיטות קמאי על כריתות,כן,כריתות,ד.,פירוש,לא,
741,קובץ שיטות קמאי על כריתות,כן,כריתות,ד.,פירוש,לא,
742,קובץ שיטות קמאי על כריתות,כן,כריתות,ד.,פירוש,לא,
743,קובץ שיטות קמאי על כריתות,כן,כריתות,ד.,פירוש,לא,
744,קובץ שיטות קמאי על כריתות,כן,כריתות,ד.,פירוש,לא,
745,קובץ שיטות קמאי על כריתות,כן,כריתות,ד.,פירוש,לא,
746,קובץ שיטות קמאי על כריתות,כן,כריתות,ד.,פירוש,לא,
747,קובץ שיטות קמאי על כריתות,כן,כריתות,ד.,פירוש,לא,
748,קובץ שיטות קמאי על כריתות,כן,כריתות,ד.,פירוש,לא,
749,קובץ שיטות קמאי על כריתות,כן,כריתות,ד.,פירוש,לא,
751,קובץ שיטות קמאי על כריתות,כן,כריתות,ד.,פירוש,לא,
752,קובץ שיטות קמאי על כריתות,כן,כריתות,ד.,פירוש,לא,
753,קובץ שיטות קמאי על כריתות,כן,כריתות,ד.,פירוש,לא,
754,קובץ שיטות קמאי על כריתות,כן,כריתות,ד.,פירוש,לא,
755,קובץ שיטות קמאי על כריתות,כן,כריתות,ד.,פירוש,לא,
756,קובץ שיטות קמאי על כריתות,כן,כריתות,ד.,פירוש,לא,
757,קובץ שיטות קמאי על כריתות,כן,כריתות,ד.,פירוש,לא,
758,קובץ שיטות קמאי על כריתות,כן,כריתות,ד.,פירוש,לא,
759,קובץ שיטות קמאי על כריתות,כן,כריתות,ד.,פירוש,לא,
760,קובץ שיטות קמאי על כריתות,כן,כריתות,ד.,פירוש,לא,
762,קובץ שיטות קמאי על כריתות,כן,כריתות,ד.,פירוש,לא,
764,קובץ שיטות קמאי על כריתות,כן,כריתות,ד.,פירוש,לא,
766,קובץ שיטות קמאי על כריתות,כן,כריתות,ד.,פירוש,לא,
767,קובץ שיטות קמאי על כריתות,כן,כריתות,ד.,פירוש,לא,
768,קובץ שיטות קמאי על כריתות,כן,כריתות,ד.,פירוש,לא,
769,קובץ שיטות קמאי על כריתות,כן,כריתות,ד.,פירוש,לא,
771,קובץ שיטות קמאי על כריתות,כן,כריתות,ד.,פירוש,לא,
773,קובץ שיטות קמאי על כריתות,כן,כריתות,ד.,פירוש,לא,
775,קובץ שיטות קמאי על כריתות,כן,כריתות,ד.,פירוש,לא,
777,קובץ שיטות קמאי על כריתות,כן,כריתות,ד.,פירוש,לא,
779,קובץ שיטות קמאי על כריתות,כן,כריתות,ד.,פירוש,לא,
781,קובץ שיטות קמאי על כריתות,כן,כריתות,ד.,פירוש,לא,
783,קובץ שיטות קמאי על כריתות,כן,כריתות,ד.,פירוש,לא,
785,קובץ שיטות קמאי על כריתות,כן,כריתות,ד.,פירוש,לא,
786,קובץ שיטות קמאי על כריתות,כן,כריתות,ד.,פירוש,לא,
788,קובץ שיטות קמאי על כריתות,כן,כריתות,ד.,פירוש,לא,
790,קובץ שיטות קמאי על כריתות,כן,כריתות,ד.,פירוש,לא,
792,קובץ שיטות קמאי על כריתות,כן,כריתות,ד.,פירוש,לא,
794,קובץ שיטות קמאי על כריתות,כן,כריתות,ד.,פירוש,לא,
796,קובץ שיטות קמאי על כריתות,כן,כריתות,ד.,פירוש,לא,
798,קובץ שיטות קמאי על כריתות,כן,כריתות,ד.,פירוש,לא,
800,קובץ שיטות קמאי על כריתות,כן,כריתות,ד.,פירוש,לא,
802,קובץ שיטות קמאי על כריתות,כן,כריתות,ד.,פירוש,לא,
804,קובץ שיטות קמאי על כריתות,כן,כריתות,ד.,פירוש,לא,
805,קובץ שיטות קמאי על כריתות,כן,כריתות,ד.,פירוש,לא,
806,קובץ שיטות קמאי על כריתות,כן,כריתות,ד.,פירוש,לא,
807,קובץ שיטות קמאי על כריתות,כן,כריתות,ד.,פירוש,לא,
808,קובץ שיטות קמאי על כריתות,כן,כריתות,ד.,פירוש,לא,
809,קובץ שיטות קמאי על כריתות,כן,כריתות,ד.,פירוש,לא,
811,קובץ שיטות קמאי על כריתות,כן,כריתות,ד.,פירוש,לא,
813,קובץ שיטות קמאי על כריתות,כן,כריתות,ד.,פירוש,לא,
815,קובץ שיטות קמאי על כריתות,כן,כריתות,ד.,פירוש,לא,
817,קובץ שיטות קמאי על כריתות,כן,כריתות,ד.,פירוש,לא,
819,קובץ שיטות קמאי על כריתות,כן,כריתות,ד.,פירוש,לא,
821,קובץ שיטות קמאי על כריתות,כן,כריתות,ד.,פירוש,לא,
823,קובץ שיטות קמאי על כריתות,כן,כריתות,ד.,פירוש,לא,
825,קובץ שיטות קמאי על כריתות,כן,כריתות,ד.,פירוש,לא,
827,קובץ שיטות קמאי על כריתות,כן,כריתות,ד.,פירוש,לא,
829,קובץ שיטות קמאי על כריתות,כן,כריתות,ד.,פירוש,לא,
831,קובץ שיטות קמאי על כריתות,כן,כריתות,ד.,פירוש,לא,
833,קובץ שיטות קמאי על כריתות,כן,כריתות,ד.,פירוש,לא,
835,קובץ שיטות קמאי על כריתות,כן,כריתות,ד.,פירוש,לא,
837,קובץ שיטות קמאי על כריתות,כן,כריתות,ד.,פירוש,לא,
839,קובץ שיטות קמאי על כריתות,כן,כריתות,ד.,פירוש,לא,
841,קובץ שיטות קמאי על כריתות,כן,כריתות,ד.,פירוש,לא,
843,קובץ שיטות קמאי על כריתות,כן,כריתות,ד.,פירוש,לא,
845,קובץ שיטות קמאי על כריתות,כן,כריתות,ד.,פירוש,לא,
847,קובץ שיטות קמאי על כריתות,כן,כריתות,ד.,פירוש,לא,
849,קובץ שיטות קמאי על כריתות,כן,כריתות,ד.,פירוש,לא,
851,קובץ שיטות קמאי על כריתות,כן,כריתות,ד.,פירוש,לא,
853,קובץ שיטות קמאי על כריתות,כן,כריתות,ד.,פירוש,לא,
855,קובץ שיטות קמאי על כריתות,כן,כריתות,ד.,פירוש,לא,
857,קובץ שיטות קמאי על כריתות,כן,כריתות,ד.,פירוש,לא,
859,קובץ שיטות קמאי על כריתות,כן,כריתות,ד.,פירוש,לא,
861,קובץ שיטות קמאי על כריתות,כן,כריתות,ד.,פירוש,לא,
863,קובץ שיטות קמאי על כריתות,כן,כריתות,ד.,פירוש,לא,
865,קובץ שיטות קמאי על כריתות,כן,כריתות,ד.,פירוש,לא,
867,קובץ שיטות קמאי על כריתות,כן,כריתות,ד.,פירוש,לא,
869,קובץ שיטות קמאי על כריתות,כן,כריתות,ד.,פירוש,לא,
871,קובץ שיטות קמאי על כריתות,כן,כריתות,ד.,פירוש,לא,
873,קובץ שיטות קמאי על כריתות,כן,כריתות,ד.,פירוש,לא,
875,קובץ שיטות קמאי על כריתות,כן,כריתות,ד.,פירוש,לא,
877,קובץ שיטות קמאי על כריתות,כן,כריתות,ד.,פירוש,לא,
879,קובץ שיטות קמאי על כריתות,כן,כריתות,ד.,פירוש,לא,
880,קובץ שיטות קמאי על כריתות,כן,כריתות,ד.,פירוש,לא,
882,קובץ שיטות קמאי על כריתות,כן,כריתות,ד.,פירוש,לא,
884,קובץ שיטות קמאי על כריתות,כן,כריתות,ד.,פירוש,לא,
887,קובץ שיטות קמאי על כריתות,כן,כריתות,ד:,פירוש,לא,
889,קובץ שיטות קמאי על כריתות,כן,כריתות,ד:,פירוש,לא,
891,קובץ שיטות קמאי על כריתות,כן,כריתות,ד:,פירוש,לא,
892,קובץ שיטות קמאי על כריתות,כן,כריתות,ד:,פירוש,לא,
893,קובץ שיטות קמאי על כריתות,כן,כריתות,ד:,פירוש,לא,
894,קובץ שיטות קמאי על כריתות,כן,כריתות,ד:,פירוש,לא,
896,קובץ שיטות קמאי על כריתות,כן,כריתות,ד:,פירוש,לא,
898,קובץ שיטות קמאי על כריתות,כן,כריתות,ד:,פירוש,לא,
900,קובץ שיטות קמאי על כריתות,כן,כריתות,ד:,פירוש,לא,
902,קובץ שיטות קמאי על כריתות,כן,כריתות,ד:,פירוש,לא,
904,קובץ שיטות קמאי על כריתות,כן,כריתות,ד:,פירוש,לא,
906,קובץ שיטות קמאי על כריתות,כן,כריתות,ד:,פירוש,לא,
908,קובץ שיטות קמאי על כריתות,כן,כריתות,ד:,פירוש,לא,
910,קובץ שיטות קמאי על כריתות,כן,כריתות,ד:,פירוש,לא,
912,קובץ שיטות קמאי על כריתות,כן,כריתות,ד:,פירוש,לא,
914,קובץ שיטות קמאי על כריתות,כן,כריתות,ד:,פירוש,לא,
916,קובץ שיטות קמאי על כריתות,כן,כריתות,ד:,פירוש,לא,
918,קובץ שיטות קמאי על כריתות,כן,כריתות,ד:,פירוש,לא,
920,קובץ שיטות קמאי על כריתות,כן,כריתות,ד:,פירוש,לא,
922,קובץ שיטות קמאי על כריתות,כן,כריתות,ד:,פירוש,לא,
924,קובץ שיטות קמאי על כריתות,כן,כריתות,ד:,פירוש,לא,
926,קובץ שיטות קמאי על כריתות,כן,כריתות,ד:,פירוש,לא,
928,קובץ שיטות קמאי על כריתות,כן,כריתות,ד:,פירוש,לא,
930,קובץ שיטות קמאי על כריתות,כן,כריתות,ד:,פירוש,לא,
932,קובץ שיטות קמאי על כריתות,כן,כריתות,ד:,פירוש,לא,
934,קובץ שיטות קמאי על כריתות,כן,כריתות,ד:,פירוש,לא,
936,קובץ שיטות קמאי על כריתות,כן,כריתות,ד:,פירוש,לא,
938,קובץ שיטות קמאי על כריתות,כן,כריתות,ד:,פירוש,לא,
940,קובץ שיטות קמאי על כריתות,כן,כריתות,ד:,פירוש,לא,
942,קובץ שיטות קמאי על כריתות,כן,כריתות,ד:,פירוש,לא,
944,קובץ שיטות קמאי על כריתות,כן,כריתות,ד:,פירוש,לא,
945,קובץ שיטות קמאי על כריתות,כן,כריתות,ד:,פירוש,לא,
946,קובץ שיטות קמאי על כריתות,כן,כריתות,ד:,פירוש,לא,
947,קובץ שיטות קמאי על כריתות,כן,כריתות,ד:,פירוש,לא,
949,קובץ שיטות קמאי על כריתות,כן,כריתות,ד:,פירוש,לא,
951,קובץ שיטות קמאי על כריתות,כן,כריתות,ד:,פירוש,לא,
953,קובץ שיטות קמאי על כריתות,כן,כריתות,ד:,פירוש,לא,
955,קובץ שיטות קמאי על כריתות,כן,כריתות,ד:,פירוש,לא,
957,קובץ שיטות קמאי על כריתות,כן,כריתות,ד:,פירוש,לא,
959,קובץ שיטות קמאי על כריתות,כן,כריתות,ד:,פירוש,לא,
961,קובץ שיטות קמאי על כריתות,כן,כריתות,ד:,פירוש,לא,
963,קובץ שיטות קמאי על כריתות,כן,כריתות,ד:,פירוש,לא,
965,קובץ שיטות קמאי על כריתות,כן,כריתות,ד:,פירוש,לא,
967,קובץ שיטות קמאי על כריתות,כן,כריתות,ד:,פירוש,לא,
969,קובץ שיטות קמאי על כריתות,כן,כריתות,ד:,פירוש,לא,
971,קובץ שיטות קמאי על כריתות,כן,כריתות,ד:,פירוש,לא,
973,קובץ שיטות קמאי על כריתות,כן,כריתות,ד:,פירוש,לא,
975,קובץ שיטות קמאי על כריתות,כן,כריתות,ד:,פירוש,לא,
977,קובץ שיטות קמאי על כריתות,כן,כריתות,ד:,פירוש,לא,
979,קובץ שיטות קמאי על כריתות,כן,כריתות,ד:,פירוש,לא,
981,קובץ שיטות קמאי על כריתות,כן,כריתות,ד:,פירוש,לא,
983,קובץ שיטות קמאי על כריתות,כן,כריתות,ד:,פירוש,לא,
985,קובץ שיטות קמאי על כריתות,כן,כריתות,ד:,פירוש,לא,
987,קובץ שיטות קמאי על כריתות,כן,כריתות,ד:,פירוש,לא,
989,קובץ שיטות קמאי על כריתות,כן,כריתות,ד:,פירוש,לא,
991,קובץ שיטות קמאי על כריתות,כן,כריתות,ד:,פירוש,לא,
993,קובץ שיטות קמאי על כריתות,כן,כריתות,ד:,פירוש,לא,
995,קובץ שיטות קמאי על כריתות,כן,כריתות,ד:,פירוש,לא,
996,קובץ שיטות קמאי על כריתות,כן,כריתות,ד:,פירוש,לא,
998,קובץ שיטות קמאי על כריתות,כן,כריתות,ד:,פירוש,לא,
1000,קובץ שיטות קמאי על כריתות,כן,כריתות,ד:,פירוש,לא,
1002,קובץ שיטות קמאי על כריתות,כן,כריתות,ד:,פירוש,לא,
1004,קובץ שיטות קמאי על כריתות,כן,כריתות,ד:,פירוש,לא,
1006,קובץ שיטות קמאי על כריתות,כן,כריתות,ד:,פירוש,לא,
1008,קובץ שיטות קמאי על כריתות,כן,כריתות,ד:,פירוש,לא,
1010,קובץ שיטות קמאי על כריתות,כן,כריתות,ד:,פירוש,לא,
1012,קובץ שיטות קמאי על כריתות,כן,כריתות,ד:,פירוש,לא,
1014,קובץ שיטות קמאי על כריתות,כן,כריתות,ד:,פירוש,לא,
1016,קובץ שיטות קמאי על כריתות,כן,כריתות,ד:,פירוש,לא,
1018,קובץ שיטות קמאי על כריתות,כן,כריתות,ד:,פירוש,לא,
1020,קובץ שיטות קמאי על כריתות,כן,כריתות,ד:,פירוש,לא,
1022,קובץ שיטות קמאי על כריתות,כן,כריתות,ד:,פירוש,לא,
1024,קובץ שיטות קמאי על כריתות,כן,כריתות,ד:,פירוש,לא,
1026,קובץ שיטות קמאי על כריתות,כן,כריתות,ד:,פירוש,לא,
1028,קובץ שיטות קמאי על כריתות,כן,כריתות,ד:,פירוש,לא,
1030,קובץ שיטות קמאי על כריתות,כן,כריתות,ד:,פירוש,לא,
1032,קובץ שיטות קמאי על כריתות,כן,כריתות,ד:,פירוש,לא,
1034,קובץ שיטות קמאי על כריתות,כן,כריתות,ד:,פירוש,לא,
1036,קובץ שיטות קמאי על כריתות,כן,כריתות,ד:,פירוש,לא,
1037,קובץ שיטות קמאי על כריתות,כן,כריתות,ד:,פירוש,לא,
1038,קובץ שיטות קמאי על כריתות,כן,כריתות,ד:,פירוש,לא,
1039,קובץ שיטות קמאי על כריתות,כן,כריתות,ד:,פירוש,לא,
1040,קובץ שיטות קמאי על כריתות,כן,כריתות,ד:,פירוש,לא,
1042,קובץ שיטות קמאי על כריתות,כן,כריתות,ד:,פירוש,לא,
1044,קובץ שיטות קמאי על כריתות,כן,כריתות,ד:,פירוש,לא,
1046,קובץ שיטות קמאי על כריתות,כן,כריתות,ד:,פירוש,לא,
1049,קובץ שיטות קמאי על כריתות,כן,כריתות,ה.,פירוש,לא,
1051,קובץ שיטות קמאי על כריתות,כן,כריתות,ה.,פירוש,לא,
1053,קובץ שיטות קמאי על כריתות,כן,כריתות,ה.,פירוש,לא,
1055,קובץ שיטות קמאי על כריתות,כן,כריתות,ה.,פירוש,לא,
1057,קובץ שיטות קמאי על כריתות,כן,כריתות,ה.,פירוש,לא,
1059,קובץ שיטות קמאי על כריתות,כן,כריתות,ה.,פירוש,לא,
1061,קובץ שיטות קמאי על כריתות,כן,כריתות,ה.,פירוש,לא,
1063,קובץ שיטות קמאי על כריתות,כן,כריתות,ה.,פירוש,לא,
1065,קובץ שיטות קמאי על כריתות,כן,כריתות,ה.,פירוש,לא,
1067,קובץ שיטות קמאי על כריתות,כן,כריתות,ה.,פירוש,לא,
1069,קובץ שיטות קמאי על כריתות,כן,כריתות,ה.,פירוש,לא,
1071,קובץ שיטות קמאי על כריתות,כן,כריתות,ה.,פירוש,לא,
1073,קובץ שיטות קמאי על כריתות,כן,כריתות,ה.,פירוש,לא,
1075,קובץ שיטות קמאי על כריתות,כן,כריתות,ה.,פירוש,לא,
1077,קובץ שיטות קמאי על כריתות,כן,כריתות,ה.,פירוש,לא,
1079,קובץ שיטות קמאי על כריתות,כן,כריתות,ה.,פירוש,לא,
1081,קובץ שיטות קמאי על כריתות,כן,כריתות,ה.,פירוש,לא,
1083,קובץ שיטות קמאי על כריתות,כן,כריתות,ה.,פירוש,לא,
1085,קובץ שיטות קמאי על כריתות,כן,כריתות,ה.,פירוש,לא,
1087,קובץ שיטות קמאי על כריתות,כן,כריתות,ה.,פירוש,לא,
1089,קובץ שיטות קמאי על כריתות,כן,כריתות,ה.,פירוש,לא,
1090,קובץ שיטות קמאי על כריתות,כן,כריתות,ה.,פירוש,לא,
1091,קובץ שיטות קמאי על כריתות,כן,כריתות,ה.,פירוש,לא,
1093,קובץ שיטות קמאי על כריתות,כן,כריתות,ה.,פירוש,לא,
1095,קובץ שיטות קמאי על כריתות,כן,כריתות,ה.,פירוש,לא,
1097,קובץ שיטות קמאי על כריתות,כן,כריתות,ה.,פירוש,לא,
1099,קובץ שיטות קמאי על כריתות,כן,כריתות,ה.,פירוש,לא,
1101,קובץ שיטות קמאי על כריתות,כן,כריתות,ה.,פירוש,לא,
1103,קובץ שיטות קמאי על כריתות,כן,כריתות,ה.,פירוש,לא,
1105,קובץ שיטות קמאי על כריתות,כן,כריתות,ה.,פירוש,לא,
1107,קובץ שיטות קמאי על כריתות,כן,כריתות,ה.,פירוש,לא,
1109,קובץ שיטות קמאי על כריתות,כן,כריתות,ה.,פירוש,לא,
1111,קובץ שיטות קמאי על כריתות,כן,כריתות,ה.,פירוש,לא,
1113,קובץ שיטות קמאי על כריתות,כן,כריתות,ה.,פירוש,לא,
1115,קובץ שיטות קמאי על כריתות,כן,כריתות,ה.,פירוש,לא,
1117,קובץ שיטות קמאי על כריתות,כן,כריתות,ה.,פירוש,לא,
1119,קובץ שיטות קמאי על כריתות,כן,כריתות,ה.,פירוש,לא,
1121,קובץ שיטות קמאי על כריתות,כן,כריתות,ה.,פירוש,לא,
1123,קובץ שיטות קמאי על כריתות,כן,כריתות,ה.,פירוש,לא,
1124,קובץ שיטות קמאי על כריתות,כן,כריתות,ה.,פירוש,לא,
1125,קובץ שיטות קמאי על כריתות,כן,כריתות,ה.,פירוש,לא,
1126,קובץ שיטות קמאי על כריתות,כן,כריתות,ה.,פירוש,לא,
1127,קובץ שיטות קמאי על כריתות,כן,כריתות,ה.,פירוש,לא,
1129,קובץ שיטות קמאי על כריתות,כן,כריתות,ה.,פירוש,לא,
1131,קובץ שיטות קמאי על כריתות,כן,כריתות,ה.,פירוש,לא,
1133,קובץ שיטות קמאי על כריתות,כן,כריתות,ה.,פירוש,לא,
1134,קובץ שיטות קמאי על כריתות,כן,כריתות,ה.,פירוש,לא,
1135,קובץ שיטות קמאי על כריתות,כן,כריתות,ה.,פירוש,לא,
1137,קובץ שיטות קמאי על כריתות,כן,כריתות,ה.,פירוש,לא,
1139,קובץ שיטות קמאי על כריתות,כן,כריתות,ה.,פירוש,לא,
1141,קובץ שיטות קמאי על כריתות,כן,כריתות,ה.,פירוש,לא,
1143,קובץ שיטות קמאי על כריתות,כן,כריתות,ה.,פירוש,לא,
1145,קובץ שיטות קמאי על כריתות,כן,כריתות,ה.,פירוש,לא,
1147,קובץ שיטות קמאי על כריתות,כן,כריתות,ה.,פירוש,לא,
1149,קובץ שיטות קמאי על כריתות,כן,כריתות,ה.,פירוש,לא,
1151,קובץ שיטות קמאי על כריתות,כן,כריתות,ה.,פירוש,לא,
1153,קובץ שיטות קמאי על כריתות,כן,כריתות,ה.,פירוש,לא,
1155,קובץ שיטות קמאי על כריתות,כן,כריתות,ה.,פירוש,לא,
1157,קובץ שיטות קמאי על כריתות,כן,כריתות,ה.,פירוש,לא,
1159,קובץ שיטות קמאי על כריתות,כן,כריתות,ה.,פירוש,לא,
1161,קובץ שיטות קמאי על כריתות,כן,כריתות,ה.,פירוש,לא,
1163,קובץ שיטות קמאי על כריתות,כן,כריתות,ה.,פירוש,לא,
1164,קובץ שיטות קמאי על כריתות,כן,כריתות,ה.,פירוש,לא,
1165,קובץ שיטות קמאי על כריתות,כן,כריתות,ה.,פירוש,לא,
1166,קובץ שיטות קמאי על כריתות,כן,כריתות,ה.,פירוש,לא,
1168,קובץ שיטות קמאי על כריתות,כן,כריתות,ה.,פירוש,לא,
1170,קובץ שיטות קמאי על כריתות,כן,כריתות,ה.,פירוש,לא,
1172,קובץ שיטות קמאי על כריתות,כן,כריתות,ה.,פירוש,לא,
1174,קובץ שיטות קמאי על כריתות,כן,כריתות,ה.,פירוש,לא,
1176,קובץ שיטות קמאי על כריתות,כן,כריתות,ה.,פירוש,לא,
1178,קובץ שיטות קמאי על כריתות,כן,כריתות,ה.,פירוש,לא,
1180,קובץ שיטות קמאי על כריתות,כן,כריתות,ה.,פירוש,לא,
1182,קובץ שיטות קמאי על כריתות,כן,כריתות,ה.,פירוש,לא,
1184,קובץ שיטות קמאי על כריתות,כן,כריתות,ה.,פירוש,לא,
1186,קובץ שיטות קמאי על כריתות,כן,כריתות,ה.,פירוש,לא,
1188,קובץ שיטות קמאי על כריתות,כן,כריתות,ה.,פירוש,לא,
1190,קובץ שיטות קמאי על כריתות,כן,כריתות,ה.,פירוש,לא,
1192,קובץ שיטות קמאי על כריתות,כן,כריתות,ה.,פירוש,לא,
1194,קובץ שיטות קמאי על כריתות,כן,כריתות,ה.,פירוש,לא,
1196,קובץ שיטות קמאי על כריתות,כן,כריתות,ה.,פירוש,לא,
1198,קובץ שיטות קמאי על כריתות,כן,כריתות,ה.,פירוש,לא,
1200,קובץ שיטות קמאי על כריתות,כן,כריתות,ה.,פירוש,לא,
1202,קובץ שיטות קמאי על כריתות,כן,כריתות,ה.,פירוש,לא,
1204,קובץ שיטות קמאי על כריתות,כן,כריתות,ה.,פירוש,לא,
1205,קובץ שיטות קמאי על כריתות,כן,כריתות,ה.,פירוש,לא,
1206,קובץ שיטות קמאי על כריתות,כן,כריתות,ה.,פירוש,לא,
1207,קובץ שיטות קמאי על כריתות,כן,כריתות,ה.,פירוש,לא,
1209,קובץ שיטות קמאי על כריתות,כן,כריתות,ה.,פירוש,לא,
1211,קובץ שיטות קמאי על כריתות,כן,כריתות,ה.,פירוש,לא,
1213,קובץ שיטות קמאי על כריתות,כן,כריתות,ה.,פירוש,לא,
1215,קובץ שיטות קמאי על כריתות,כן,כריתות,ה.,פירוש,לא,
1217,קובץ שיטות קמאי על כריתות,כן,כריתות,ה.,פירוש,לא,
1219,קובץ שיטות קמאי על כריתות,כן,כריתות,ה.,פירוש,לא,
1222,קובץ שיטות קמאי על כריתות,כן,כריתות,ה:,פירוש,לא,
1224,קובץ שיטות קמאי על כריתות,כן,כריתות,ה:,פירוש,לא,
1226,קובץ שיטות קמאי על כריתות,כן,כריתות,ה:,פירוש,לא,
1227,קובץ שיטות קמאי על כריתות,כן,כריתות,ה:,פירוש,לא,
1228,קובץ שיטות קמאי על כריתות,כן,כריתות,ה:,פירוש,לא,
1230,קובץ שיטות קמאי על כריתות,כן,כריתות,ה:,פירוש,לא,
1232,קובץ שיטות קמאי על כריתות,כן,כריתות,ה:,פירוש,לא,
1233,קובץ שיטות קמאי על כריתות,כן,כריתות,ה:,פירוש,לא,
1234,קובץ שיטות קמאי על כריתות,כן,כריתות,ה:,פירוש,לא,
1235,קובץ שיטות קמאי על כריתות,כן,כריתות,ה:,פירוש,לא,
1237,קובץ שיטות קמאי על כריתות,כן,כריתות,ה:,פירוש,לא,
1239,קובץ שיטות קמאי על כריתות,כן,כריתות,ה:,פירוש,לא,
1241,קובץ שיטות קמאי על כריתות,כן,כריתות,ה:,פירוש,לא,
1243,קובץ שיטות קמאי על כריתות,כן,כריתות,ה:,פירוש,לא,
1245,קובץ שיטות קמאי על כריתות,כן,כריתות,ה:,פירוש,לא,
1247,קובץ שיטות קמאי על כריתות,כן,כריתות,ה:,פירוש,לא,
1248,קובץ שיטות קמאי על כריתות,כן,כריתות,ה:,פירוש,לא,
1250,קובץ שיטות קמאי על כריתות,כן,כריתות,ה:,פירוש,לא,
1252,קובץ שיטות קמאי על כריתות,כן,כריתות,ה:,פירוש,לא,
1254,קובץ שיטות קמאי על כריתות,כן,כריתות,ה:,פירוש,לא,
1256,קובץ שיטות קמאי על כריתות,כן,כריתות,ה:,פירוש,לא,
1258,קובץ שיטות קמאי על כריתות,כן,כריתות,ה:,פירוש,לא,
1260,קובץ שיטות קמאי על כריתות,כן,כריתות,ה:,פירוש,לא,
1262,קובץ שיטות קמאי על כריתות,כן,כריתות,ה:,פירוש,לא,
1264,קובץ שיטות קמאי על כריתות,כן,כריתות,ה:,פירוש,לא,
1266,קובץ שיטות קמאי על כריתות,כן,כריתות,ה:,פירוש,לא,
1268,קובץ שיטות קמאי על כריתות,כן,כריתות,ה:,פירוש,לא,
1270,קובץ שיטות קמאי על כריתות,כן,כריתות,ה:,פירוש,לא,
1272,קובץ שיטות קמאי על כריתות,כן,כריתות,ה:,פירוש,לא,
1274,קובץ שיטות קמאי על כריתות,כן,כריתות,ה:,פירוש,לא,
1276,קובץ שיטות קמאי על כריתות,כן,כריתות,ה:,פירוש,לא,
1278,קובץ שיטות קמאי על כריתות,כן,כריתות,ה:,פירוש,לא,
1280,קובץ שיטות קמאי על כריתות,כן,כריתות,ה:,פירוש,לא,
1282,קובץ שיטות קמאי על כריתות,כן,כריתות,ה:,פירוש,לא,
1284,קובץ שיטות קמאי על כריתות,כן,כריתות,ה:,פירוש,לא,
1286,קובץ שיטות קמאי על כריתות,כן,כריתות,ה:,פירוש,לא,
1288,קובץ שיטות קמאי על כריתות,כן,כריתות,ה:,פירוש,לא,
1289,קובץ שיטות קמאי על כריתות,כן,כריתות,ה:,פירוש,לא,
1290,קובץ שיטות קמאי על כריתות,כן,כריתות,ה:,פירוש,לא,
1291,קובץ שיטות קמאי על כריתות,כן,כריתות,ה:,פירוש,לא,
1293,קובץ שיטות קמאי על כריתות,כן,כריתות,ה:,פירוש,לא,
1295,קובץ שיטות קמאי על כריתות,כן,כריתות,ה:,פירוש,לא,
1297,קובץ שיטות קמאי על כריתות,כן,כריתות,ה:,פירוש,לא,
1299,קובץ שיטות קמאי על כריתות,כן,כריתות,ה:,פירוש,לא,
1301,קובץ שיטות קמאי על כריתות,כן,כריתות,ה:,פירוש,לא,
1303,קובץ שיטות קמאי על כריתות,כן,כריתות,ה:,פירוש,לא,
1305,קובץ שיטות קמאי על כריתות,כן,כריתות,ה:,פירוש,לא,
1307,קובץ שיטות קמאי על כריתות,כן,כריתות,ה:,פירוש,לא,
1309,קובץ שיטות קמאי על כריתות,כן,כריתות,ה:,פירוש,לא,
1311,קובץ שיטות קמאי על כריתות,כן,כריתות,ה:,פירוש,לא,
1313,קובץ שיטות קמאי על כריתות,כן,כריתות,ה:,פירוש,לא,
1315,קובץ שיטות קמאי על כריתות,כן,כריתות,ה:,פירוש,לא,
1317,קובץ שיטות קמאי על כריתות,כן,כריתות,ה:,פירוש,לא,
1319,קובץ שיטות קמאי על כריתות,כן,כריתות,ה:,פירוש,לא,
1321,קובץ שיטות קמאי על כריתות,כן,כריתות,ה:,פירוש,לא,
1323,קובץ שיטות קמאי על כריתות,כן,כריתות,ה:,פירוש,לא,
1326,קובץ שיטות קמאי על כריתות,כן,כריתות,ו.,פירוש,לא,
1328,קובץ שיטות קמאי על כריתות,כן,כריתות,ו.,פירוש,לא,
1329,קובץ שיטות קמאי על כריתות,כן,כריתות,ו.,פירוש,לא,
1330,קובץ שיטות קמאי על כריתות,כן,כריתות,ו.,פירוש,לא,
1332,קובץ שיטות קמאי על כריתות,כן,כריתות,ו.,פירוש,לא,
1334,קובץ שיטות קמאי על כריתות,כן,כריתות,ו.,פירוש,לא,
1336,קובץ שיטות קמאי על כריתות,כן,כריתות,ו.,פירוש,לא,
1338,קובץ שיטות קמאי על כריתות,כן,כריתות,ו.,פירוש,לא,
1340,קובץ שיטות קמאי על כריתות,כן,כריתות,ו.,פירוש,לא,
1341,קובץ שיטות קמאי על כריתות,כן,כריתות,ו.,פירוש,לא,
1342,קובץ שיטות קמאי על כריתות,כן,כריתות,ו.,פירוש,לא,
1343,קובץ שיטות קמאי על כריתות,כן,כריתות,ו.,פירוש,לא,
1344,קובץ שיטות קמאי על כריתות,כן,כריתות,ו.,פירוש,לא,
1345,קובץ שיטות קמאי על כריתות,כן,כריתות,ו.,פירוש,לא,
1346,קובץ שיטות קמאי על כריתות,כן,כריתות,ו.,פירוש,לא,
1347,קובץ שיטות קמאי על כריתות,כן,כריתות,ו.,פירוש,לא,
1348,קובץ שיטות קמאי על כריתות,כן,כריתות,ו.,פירוש,לא,
1349,קובץ שיטות קמאי על כריתות,כן,כריתות,ו.,פירוש,לא,
1350,קובץ שיטות קמאי על כריתות,כן,כריתות,ו.,פירוש,לא,
1351,קובץ שיטות קמאי על כריתות,כן,כריתות,ו.,פירוש,לא,
1352,קובץ שיטות קמאי על כריתות,כן,כריתות,ו.,פירוש,לא,
1353,קובץ שיטות קמאי על כריתות,כן,כריתות,ו.,פירוש,לא,
1354,קובץ שיטות קמאי על כריתות,כן,כריתות,ו.,פירוש,לא,
1355,קובץ שיטות קמאי על כריתות,כן,כריתות,ו.,פירוש,לא,
1356,קובץ שיטות קמאי על כריתות,כן,כריתות,ו.,פירוש,לא,
1357,קובץ שיטות קמאי על כריתות,כן,כריתות,ו.,פירוש,לא,
1358,קובץ שיטות קמאי על כריתות,כן,כריתות,ו.,פירוש,לא,
1359,קובץ שיטות קמאי על כריתות,כן,כריתות,ו.,פירוש,לא,
1360,קובץ שיטות קמאי על כריתות,כן,כריתות,ו.,פירוש,לא,
1361,קובץ שיטות קמאי על כריתות,כן,כריתות,ו.,פירוש,לא,
1362,קובץ שיטות קמאי על כריתות,כן,כריתות,ו.,פירוש,לא,
1363,קובץ שיטות קמאי על כריתות,כן,כריתות,ו.,פירוש,לא,
1364,קובץ שיטות קמאי על כריתות,כן,כריתות,ו.,פירוש,לא,
1365,קובץ שיטות קמאי על כריתות,כן,כריתות,ו.,פירוש,לא,
1366,קובץ שיטות קמאי על כריתות,כן,כריתות,ו.,פירוש,לא,
1367,קובץ שיטות קמאי על כריתות,כן,כריתות,ו.,פירוש,לא,
1368,קובץ שיטות קמאי על כריתות,כן,כריתות,ו.,פירוש,לא,
1369,קובץ שיטות קמאי על כריתות,כן,כריתות,ו.,פירוש,לא,
1370,קובץ שיטות קמאי על כריתות,כן,כריתות,ו.,פירוש,לא,
1371,קובץ שיטות קמאי על כריתות,כן,כריתות,ו.,פירוש,לא,
1372,קובץ שיטות קמאי על כריתות,כן,כריתות,ו.,פירוש,לא,
1373,קובץ שיטות קמאי על כריתות,כן,כריתות,ו.,פירוש,לא,
1374,קובץ שיטות קמאי על כריתות,כן,כריתות,ו.,פירוש,לא,
1375,קובץ שיטות קמאי על כריתות,כן,כריתות,ו.,פירוש,לא,
1376,קובץ שיטות קמאי על כריתות,כן,כריתות,ו.,פירוש,לא,
1377,קובץ שיטות קמאי על כריתות,כן,כריתות,ו.,פירוש,לא,
1378,קובץ שיטות קמאי על כריתות,כן,כריתות,ו.,פירוש,לא,
1379,קובץ שיטות קמאי על כריתות,כן,כריתות,ו.,פירוש,לא,
1380,קובץ שיטות קמאי על כריתות,כן,כריתות,ו.,פירוש,לא,
1381,קובץ שיטות קמאי על כריתות,כן,כריתות,ו.,פירוש,לא,
1382,קובץ שיטות קמאי על כריתות,כן,כריתות,ו.,פירוש,לא,
1384,קובץ שיטות קמאי על כריתות,כן,כריתות,ו.,פירוש,לא,
1386,קובץ שיטות קמאי על כריתות,כן,כריתות,ו.,פירוש,לא,
1388,קובץ שיטות קמאי על כריתות,כן,כריתות,ו.,פירוש,לא,
1390,קובץ שיטות קמאי על כריתות,כן,כריתות,ו.,פירוש,לא,
1392,קובץ שיטות קמאי על כריתות,כן,כריתות,ו.,פירוש,לא,
1394,קובץ שיטות קמאי על כריתות,כן,כריתות,ו.,פירוש,לא,
1396,קובץ שיטות קמאי על כריתות,כן,כריתות,ו.,פירוש,לא,
1398,קובץ שיטות קמאי על כריתות,כן,כריתות,ו.,פירוש,לא,
1400,קובץ שיטות קמאי על כריתות,כן,כריתות,ו.,פירוש,לא,
1402,קובץ שיטות קמאי על כריתות,כן,כריתות,ו.,פירוש,לא,
1404,קובץ שיטות קמאי על כריתות,כן,כריתות,ו.,פירוש,לא,
1406,קובץ שיטות קמאי על כריתות,כן,כריתות,ו.,פירוש,לא,
1408,קובץ שיטות קמאי על כריתות,כן,כריתות,ו.,פירוש,לא,
1410,קובץ שיטות קמאי על כריתות,כן,כריתות,ו.,פירוש,לא,
1412,קובץ שיטות קמאי על כריתות,כן,כריתות,ו.,פירוש,לא,
1414,קובץ שיטות קמאי על כריתות,כן,כריתות,ו.,פירוש,לא,
1416,קובץ שיטות קמאי על כריתות,כן,כריתות,ו.,פירוש,לא,
1418,קובץ שיטות קמאי על כריתות,כן,כריתות,ו.,פירוש,לא,
1420,קובץ שיטות קמאי על כריתות,כן,כריתות,ו.,פירוש,לא,
1421,קובץ שיטות קמאי על כריתות,כן,כריתות,ו.,פירוש,לא,
1423,קובץ שיטות קמאי על כריתות,כן,כריתות,ו.,פירוש,לא,
1425,קובץ שיטות קמאי על כריתות,כן,כריתות,ו.,פירוש,לא,
1427,קובץ שיטות קמאי על כריתות,כן,כריתות,ו.,פירוש,לא,
1429,קובץ שיטות קמאי על כריתות,כן,כריתות,ו.,פירוש,לא,
1431,קובץ שיטות קמאי על כריתות,כן,כריתות,ו.,פירוש,לא,
1433,קובץ שיטות קמאי על כריתות,כן,כריתות,ו.,פירוש,לא,
1434,קובץ שיטות קמאי על כריתות,כן,כריתות,ו.,פירוש,לא,
1436,קובץ שיטות קמאי על כריתות,כן,כריתות,ו.,פירוש,לא,
1438,קובץ שיטות קמאי על כריתות,כן,כריתות,ו.,פירוש,לא,
1440,קובץ שיטות קמאי על כריתות,כן,כריתות,ו.,פירוש,לא,
1442,קובץ שיטות קמאי על כריתות,כן,כריתות,ו.,פירוש,לא,
1444,קובץ שיטות קמאי על כריתות,כן,כריתות,ו.,פירוש,לא,
1446,קובץ שיטות קמאי על כריתות,כן,כריתות,ו.,פירוש,לא,
1448,קובץ שיטות קמאי על כריתות,כן,כריתות,ו.,פירוש,לא,
1450,קובץ שיטות קמאי על כריתות,כן,כריתות,ו.,פירוש,לא,
1452,קובץ שיטות קמאי על כריתות,כן,כריתות,ו.,פירוש,לא,
1454,קובץ שיטות קמאי על כריתות,כן,כריתות,ו.,פירוש,לא,
1456,קובץ שיטות קמאי על כריתות,כן,כריתות,ו.,פירוש,לא,
1458,קובץ שיטות קמאי על כריתות,כן,כריתות,ו.,פירוש,לא,
1460,קובץ שיטות קמאי על כריתות,כן,כריתות,ו.,פירוש,לא,
1462,קובץ שיטות קמאי על כריתות,כן,כריתות,ו.,פירוש,לא,
1464,קובץ שיטות קמאי על כריתות,כן,כריתות,ו.,פירוש,לא,
1466,קובץ שיטות קמאי על כריתות,כן,כריתות,ו.,פירוש,לא,
1468,קובץ שיטות קמאי על כריתות,כן,כריתות,ו.,פירוש,לא,
1470,קובץ שיטות קמאי על כריתות,כן,כריתות,ו.,פירוש,לא,
1472,קובץ שיטות קמאי על כריתות,כן,כריתות,ו.,פירוש,לא,
1474,קובץ שיטות קמאי על כריתות,כן,כריתות,ו.,פירוש,לא,
1475,קובץ שיטות קמאי על כריתות,כן,כריתות,ו.,פירוש,לא,
1477,קובץ שיטות קמאי על כריתות,כן,כריתות,ו.,פירוש,לא,
1479,קובץ שיטות קמאי על כריתות,כן,כריתות,ו.,פירוש,לא,
1481,קובץ שיטות קמאי על כריתות,כן,כריתות,ו.,פירוש,לא,
1483,קובץ שיטות קמאי על כריתות,כן,כריתות,ו.,פירוש,לא,
1485,קובץ שיטות קמאי על כריתות,כן,כריתות,ו.,פירוש,לא,
1487,קובץ שיטות קמאי על כריתות,כן,כריתות,ו.,פירוש,לא,
1489,קובץ שיטות קמאי על כריתות,כן,כריתות,ו.,פירוש,לא,
1491,קובץ שיטות קמאי על כריתות,כן,כריתות,ו.,פירוש,לא,
1492,קובץ שיטות קמאי על כריתות,כן,כריתות,ו.,פירוש,לא,
1493,קובץ שיטות קמאי על כריתות,כן,כריתות,ו.,פירוש,לא,
1494,קובץ שיטות קמאי על כריתות,כן,כריתות,ו.,פירוש,לא,
1495,קובץ שיטות קמאי על כריתות,כן,כריתות,ו.,פירוש,לא,
1496,קובץ שיטות קמאי על כריתות,כן,כריתות,ו.,פירוש,לא,
1497,קובץ שיטות קמאי על כריתות,כן,כריתות,ו.,פירוש,לא,
1498,קובץ שיטות קמאי על כריתות,כן,כריתות,ו.,פירוש,לא,
1500,קובץ שיטות קמאי על כריתות,כן,כריתות,ו.,פירוש,לא,
1502,קובץ שיטות קמאי על כריתות,כן,כריתות,ו.,פירוש,לא,
1504,קובץ שיטות קמאי על כריתות,כן,כריתות,ו.,פירוש,לא,
1506,קובץ שיטות קמאי על כריתות,כן,כריתות,ו.,פירוש,לא,
1508,קובץ שיטות קמאי על כריתות,כן,כריתות,ו.,פירוש,לא,
1510,קובץ שיטות קמאי על כריתות,כן,כריתות,ו.,פירוש,לא,
1512,קובץ שיטות קמאי על כריתות,כן,כריתות,ו.,פירוש,לא,
1514,קובץ שיטות קמאי על כריתות,כן,כריתות,ו.,פירוש,לא,
1516,קובץ שיטות קמאי על כריתות,כן,כריתות,ו.,פירוש,לא,
1518,קובץ שיטות קמאי על כריתות,כן,כריתות,ו.,פירוש,לא,
1520,קובץ שיטות קמאי על כריתות,כן,כריתות,ו.,פירוש,לא,
1522,קובץ שיטות קמאי על כריתות,כן,כריתות,ו.,פירוש,לא,
1524,קובץ שיטות קמאי על כריתות,כן,כריתות,ו.,פירוש,לא,
1526,קובץ שיטות קמאי על כריתות,כן,כריתות,ו.,פירוש,לא,
1528,קובץ שיטות קמאי על כריתות,כן,כריתות,ו.,פירוש,לא,
1530,קובץ שיטות קמאי על כריתות,כן,כריתות,ו.,פירוש,לא,
1532,קובץ שיטות קמאי על כריתות,כן,כריתות,ו.,פירוש,לא,
1534,קובץ שיטות קמאי על כריתות,כן,כריתות,ו.,פירוש,לא,
1535,קובץ שיטות קמאי על כריתות,כן,כריתות,ו.,פירוש,לא,
1536,קובץ שיטות קמאי על כריתות,כן,כריתות,ו.,פירוש,לא,
1538,קובץ שיטות קמאי על כריתות,כן,כריתות,ו.,פירוש,לא,
1540,קובץ שיטות קמאי על כריתות,כן,כריתות,ו.,פירוש,לא,
1542,קובץ שיטות קמאי על כריתות,כן,כריתות,ו.,פירוש,לא,
1544,קובץ שיטות קמאי על כריתות,כן,כריתות,ו.,פירוש,לא,
1546,קובץ שיטות קמאי על כריתות,כן,כריתות,ו.,פירוש,לא,
1548,קובץ שיטות קמאי על כריתות,כן,כריתות,ו.,פירוש,לא,
1550,קובץ שיטות קמאי על כריתות,כן,כריתות,ו.,פירוש,לא,
1552,קובץ שיטות קמאי על כריתות,כן,כריתות,ו.,פירוש,לא,
1553,קובץ שיטות קמאי על כריתות,כן,כריתות,ו.,פירוש,לא,
1554,קובץ שיטות קמאי על כריתות,כן,כריתות,ו.,פירוש,לא,
1556,קובץ שיטות קמאי על כריתות,כן,כריתות,ו.,פירוש,לא,
1557,קובץ שיטות קמאי על כריתות,כן,כריתות,ו.,פירוש,לא,
1558,קובץ שיטות קמאי על כריתות,כן,כריתות,ו.,פירוש,לא,
1560,קובץ שיטות קמאי על כריתות,כן,כריתות,ו.,פירוש,לא,
1562,קובץ שיטות קמאי על כריתות,כן,כריתות,ו.,פירוש,לא,
1564,קובץ שיטות קמאי על כריתות,כן,כריתות,ו.,פירוש,לא,
1566,קובץ שיטות קמאי על כריתות,כן,כריתות,ו.,פירוש,לא,
1568,קובץ שיטות קמאי על כריתות,כן,כריתות,ו.,פירוש,לא,
1570,קובץ שיטות קמאי על כריתות,כן,כריתות,ו.,פירוש,לא,
1572,קובץ שיטות קמאי על כריתות,כן,כריתות,ו.,פירוש,לא,
1574,קובץ שיטות קמאי על כריתות,כן,כריתות,ו.,פירוש,לא,
1575,קובץ שיטות קמאי על כריתות,כן,כריתות,ו.,פירוש,לא,
1576,קובץ שיטות קמאי על כריתות,כן,כריתות,ו.,פירוש,לא,
1578,קובץ שיטות קמאי על כריתות,כן,כריתות,ו.,פירוש,לא,
1580,קובץ שיטות קמאי על כריתות,כן,כריתות,ו.,פירוש,לא,
1582,קובץ שיטות קמאי על כריתות,כן,כריתות,ו.,פירוש,לא,
1584,קובץ שיטות קמאי על כריתות,כן,כריתות,ו.,פירוש,לא,
1586,קובץ שיטות קמאי על כריתות,כן,כריתות,ו.,פירוש,לא,
1588,קובץ שיטות קמאי על כריתות,כן,כריתות,ו.,פירוש,לא,
1590,קובץ שיטות קמאי על כריתות,כן,כריתות,ו.,פירוש,לא,
1592,קובץ שיטות קמאי על כריתות,כן,כריתות,ו.,פירוש,לא,
1594,קובץ שיטות קמאי על כריתות,כן,כריתות,ו.,פירוש,לא,
1596,קובץ שיטות קמאי על כריתות,כן,כריתות,ו.,פירוש,לא,
1598,קובץ שיטות קמאי על כריתות,כן,כריתות,ו.,פירוש,לא,
1600,קובץ שיטות קמאי על כריתות,כן,כריתות,ו.,פירוש,לא,
1602,קובץ שיטות קמאי על כריתות,כן,כריתות,ו.,פירוש,לא,
1604,קובץ שיטות קמאי על כריתות,כן,כריתות,ו.,פירוש,לא,
1606,קובץ שיטות קמאי על כריתות,כן,כריתות,ו.,פירוש,לא,
1608,קובץ שיטות קמאי על כריתות,כן,כריתות,ו.,פירוש,לא,
1610,קובץ שיטות קמאי על כריתות,כן,כריתות,ו.,פירוש,לא,
1612,קובץ שיטות קמאי על כריתות,כן,כריתות,ו.,פירוש,לא,
1614,קובץ שיטות קמאי על כריתות,כן,כריתות,ו.,פירוש,לא,
1616,קובץ שיטות קמאי על כריתות,כן,כריתות,ו.,פירוש,לא,
1618,קובץ שיטות קמאי על כריתות,כן,כריתות,ו.,פירוש,לא,
1620,קובץ שיטות קמאי על כריתות,כן,כריתות,ו.,פירוש,לא,
1622,קובץ שיטות קמאי על כריתות,כן,כריתות,ו.,פירוש,לא,
1624,קובץ שיטות קמאי על כריתות,כן,כריתות,ו.,פירוש,לא,
1626,קובץ שיטות קמאי על כריתות,כן,כריתות,ו.,פירוש,לא,
1628,קובץ שיטות קמאי על כריתות,כן,כריתות,ו.,פירוש,לא,
1630,קובץ שיטות קמאי על כריתות,כן,כריתות,ו.,פירוש,לא,
1632,קובץ שיטות קמאי על כריתות,כן,כריתות,ו.,פירוש,לא,
1634,קובץ שיטות קמאי על כריתות,כן,כריתות,ו.,פירוש,לא,
1636,קובץ שיטות קמאי על כריתות,כן,כריתות,ו.,פירוש,לא,
1638,קובץ שיטות קמאי על כריתות,כן,כריתות,ו.,פירוש,לא,
1640,קובץ שיטות קמאי על כריתות,כן,כריתות,ו.,פירוש,לא,
1642,קובץ שיטות קמאי על כריתות,כן,כריתות,ו.,פירוש,לא,
1644,קובץ שיטות קמאי על כריתות,כן,כריתות,ו.,פירוש,לא,
1646,קובץ שיטות קמאי על כריתות,כן,כריתות,ו.,פירוש,לא,
1649,קובץ שיטות קמאי על כריתות,כן,כריתות,ו:,פירוש,לא,
1651,קובץ שיטות קמאי על כריתות,כן,כריתות,ו:,פירוש,לא,
1653,קובץ שיטות קמאי על כריתות,כן,כריתות,ו:,פירוש,לא,
1655,קובץ שיטות קמאי על כריתות,כן,כריתות,ו:,פירוש,לא,
1657,קובץ שיטות קמאי על כריתות,כן,כריתות,ו:,פירוש,לא,
1659,קובץ שיטות קמאי על כריתות,כן,כריתות,ו:,פירוש,לא,
1661,קובץ שיטות קמאי על כריתות,כן,כריתות,ו:,פירוש,לא,
1663,קובץ שיטות קמאי על כריתות,כן,כריתות,ו:,פירוש,לא,
1665,קובץ שיטות קמאי על כריתות,כן,כריתות,ו:,פירוש,לא,
1666,קובץ שיטות קמאי על כריתות,כן,כריתות,ו:,פירוש,לא,
1667,קובץ שיטות קמאי על כריתות,כן,כריתות,ו:,פירוש,לא,
1668,קובץ שיטות קמאי על כריתות,כן,כריתות,ו:,פירוש,לא,
1669,קובץ שיטות קמאי על כריתות,כן,כריתות,ו:,פירוש,לא,
1670,קובץ שיטות קמאי על כריתות,כן,כריתות,ו:,פירוש,לא,
1671,קובץ שיטות קמאי על כריתות,כן,כריתות,ו:,פירוש,לא,
1672,קובץ שיטות קמאי על כריתות,כן,כריתות,ו:,פירוש,לא,
1673,קובץ שיטות קמאי על כריתות,כן,כריתות,ו:,פירוש,לא,
1674,קובץ שיטות קמאי על כריתות,כן,כריתות,ו:,פירוש,לא,
1676,קובץ שיטות קמאי על כריתות,כן,כריתות,ו:,פירוש,לא,
1677,קובץ שיטות קמאי על כריתות,כן,כריתות,ו:,פירוש,לא,
1679,קובץ שיטות קמאי על כריתות,כן,כריתות,ו:,פירוש,לא,
1681,קובץ שיטות קמאי על כריתות,כן,כריתות,ו:,פירוש,לא,
1683,קובץ שיטות קמאי על כריתות,כן,כריתות,ו:,פירוש,לא,
1685,קובץ שיטות קמאי על כריתות,כן,כריתות,ו:,פירוש,לא,
1687,קובץ שיטות קמאי על כריתות,כן,כריתות,ו:,פירוש,לא,
1689,קובץ שיטות קמאי על כריתות,כן,כריתות,ו:,פירוש,לא,
1691,קובץ שיטות קמאי על כריתות,כן,כריתות,ו:,פירוש,לא,
1693,קובץ שיטות קמאי על כריתות,כן,כריתות,ו:,פירוש,לא,
1695,קובץ שיטות קמאי על כריתות,כן,כריתות,ו:,פירוש,לא,
1697,קובץ שיטות קמאי על כריתות,כן,כריתות,ו:,פירוש,לא,
1699,קובץ שיטות קמאי על כריתות,כן,כריתות,ו:,פירוש,לא,
1700,קובץ שיטות קמאי על כריתות,כן,כריתות,ו:,פירוש,לא,
1702,קובץ שיטות קמאי על כריתות,כן,כריתות,ו:,פירוש,לא,
1704,קובץ שיטות קמאי על כריתות,כן,כריתות,ו:,פירוש,לא,
1706,קובץ שיטות קמאי על כריתות,כן,כריתות,ו:,פירוש,לא,
1708,קובץ שיטות קמאי על כריתות,כן,כריתות,ו:,פירוש,לא,
1710,קובץ שיטות קמאי על כריתות,כן,כריתות,ו:,פירוש,לא,
1712,קובץ שיטות קמאי על כריתות,כן,כריתות,ו:,פירוש,לא,
1714,קובץ שיטות קמאי על כריתות,כן,כריתות,ו:,פירוש,לא,
1716,קובץ שיטות קמאי על כריתות,כן,כריתות,ו:,פירוש,לא,
1718,קובץ שיטות קמאי על כריתות,כן,כריתות,ו:,פירוש,לא,
1720,קובץ שיטות קמאי על כריתות,כן,כריתות,ו:,פירוש,לא,
1722,קובץ שיטות קמאי על כריתות,כן,כריתות,ו:,פירוש,לא,
1724,קובץ שיטות קמאי על כריתות,כן,כריתות,ו:,פירוש,לא,
1726,קובץ שיטות קמאי על כריתות,כן,כריתות,ו:,פירוש,לא,
1728,קובץ שיטות קמאי על כריתות,כן,כריתות,ו:,פירוש,לא,
1730,קובץ שיטות קמאי על כריתות,כן,כריתות,ו:,פירוש,לא,
1732,קובץ שיטות קמאי על כריתות,כן,כריתות,ו:,פירוש,לא,
1734,קובץ שיטות קמאי על כריתות,כן,כריתות,ו:,פירוש,לא,
1735,קובץ שיטות קמאי על כריתות,כן,כריתות,ו:,פירוש,לא,
1736,קובץ שיטות קמאי על כריתות,כן,כריתות,ו:,פירוש,לא,
1737,קובץ שיטות קמאי על כריתות,כן,כריתות,ו:,פירוש,לא,
1738,קובץ שיטות קמאי על כריתות,כן,כריתות,ו:,פירוש,לא,
1740,קובץ שיטות קמאי על כריתות,כן,כריתות,ו:,פירוש,לא,
1741,קובץ שיטות קמאי על כריתות,כן,כריתות,ו:,פירוש,לא,
1742,קובץ שיטות קמאי על כריתות,כן,כריתות,ו:,פירוש,לא,
1744,קובץ שיטות קמאי על כריתות,כן,כריתות,ו:,פירוש,לא,
1746,קובץ שיטות קמאי על כריתות,כן,כריתות,ו:,פירוש,לא,
1748,קובץ שיטות קמאי על כריתות,כן,כריתות,ו:,פירוש,לא,
1750,קובץ שיטות קמאי על כריתות,כן,כריתות,ו:,פירוש,לא,
1752,קובץ שיטות קמאי על כריתות,כן,כריתות,ו:,פירוש,לא,
1754,קובץ שיטות קמאי על כריתות,כן,כריתות,ו:,פירוש,לא,
1756,קובץ שיטות קמאי על כריתות,כן,כריתות,ו:,פירוש,לא,
1758,קובץ שיטות קמאי על כריתות,כן,כריתות,ו:,פירוש,לא,
1760,קובץ שיטות קמאי על כריתות,כן,כריתות,ו:,פירוש,לא,
1762,קובץ שיטות קמאי על כריתות,כן,כריתות,ו:,פירוש,לא,
1764,קובץ שיטות קמאי על כריתות,כן,כריתות,ו:,פירוש,לא,
1766,קובץ שיטות קמאי על כריתות,כן,כריתות,ו:,פירוש,לא,
1768,קובץ שיטות קמאי על כריתות,כן,כריתות,ו:,פירוש,לא,
1771,קובץ שיטות קמאי על כריתות,כן,כריתות,ז.,פירוש,לא,
1773,קובץ שיטות קמאי על כריתות,כן,כריתות,ז.,פירוש,לא,
1775,קובץ שיטות קמאי על כריתות,כן,כריתות,ז.,פירוש,לא,
1777,קובץ שיטות קמאי על כריתות,כן,כריתות,ז.,פירוש,לא,
1779,קובץ שיטות קמאי על כריתות,כן,כריתות,ז.,פירוש,לא,
1781,קובץ שיטות קמאי על כריתות,כן,כריתות,ז.,פירוש,לא,
1783,קובץ שיטות קמאי על כריתות,כן,כריתות,ז.,פירוש,לא,
1785,קובץ שיטות קמאי על כריתות,כן,כריתות,ז.,פירוש,לא,
1787,קובץ שיטות קמאי על כריתות,כן,כריתות,ז.,פירוש,לא,
1789,קובץ שיטות קמאי על כריתות,כן,כריתות,ז.,פירוש,לא,
1791,קובץ שיטות קמאי על כריתות,כן,כריתות,ז.,פירוש,לא,
1793,קובץ שיטות קמאי על כריתות,כן,כריתות,ז.,פירוש,לא,
1795,קובץ שיטות קמאי על כריתות,כן,כריתות,ז.,פירוש,לא,
1797,קובץ שיטות קמאי על כריתות,כן,כריתות,ז.,פירוש,לא,
1799,קובץ שיטות קמאי על כריתות,כן,כריתות,ז.,פירוש,לא,
1801,קובץ שיטות קמאי על כריתות,כן,כריתות,ז.,פירוש,לא,
1803,קובץ שיטות קמאי על כריתות,כן,כריתות,ז.,פירוש,לא,
1805,קובץ שיטות קמאי על כריתות,כן,כריתות,ז.,פירוש,לא,
1806,קובץ שיטות קמאי על כריתות,כן,כריתות,ז.,פירוש,לא,
1807,קובץ שיטות קמאי על כריתות,כן,כריתות,ז.,פירוש,לא,
1808,קובץ שיטות קמאי על כריתות,כן,כריתות,ז.,פירוש,לא,
1809,קובץ שיטות קמאי על כריתות,כן,כריתות,ז.,פירוש,לא,
1810,קובץ שיטות קמאי על כריתות,כן,כריתות,ז.,פירוש,לא,
1811,קובץ שיטות קמאי על כריתות,כן,כריתות,ז.,פירוש,לא,
1812,קובץ שיטות קמאי על כריתות,כן,כריתות,ז.,פירוש,לא,
1813,קובץ שיטות קמאי על כריתות,כן,כריתות,ז.,פירוש,לא,
1814,קובץ שיטות קמאי על כריתות,כן,כריתות,ז.,פירוש,לא,
1815,קובץ שיטות קמאי על כריתות,כן,כריתות,ז.,פירוש,לא,
1816,קובץ שיטות קמאי על כריתות,כן,כריתות,ז.,פירוש,לא,
1817,קובץ שיטות קמאי על כריתות,כן,כריתות,ז.,פירוש,לא,
1818,קובץ שיטות קמאי על כריתות,כן,כריתות,ז.,פירוש,לא,
1819,קובץ שיטות קמאי על כריתות,כן,כריתות,ז.,פירוש,לא,
1820,קובץ שיטות קמאי על כריתות,כן,כריתות,ז.,פירוש,לא,
1822,קובץ שיטות קמאי על כריתות,כן,כריתות,ז.,פירוש,לא,
1824,קובץ שיטות קמאי על כריתות,כן,כריתות,ז.,פירוש,לא,
1826,קובץ שיטות קמאי על כריתות,כן,כריתות,ז.,פירוש,לא,
1828,קובץ שיטות קמאי על כריתות,כן,כריתות,ז.,פירוש,לא,
1829,קובץ שיטות קמאי על כריתות,כן,כריתות,ז.,פירוש,לא,
1831,קובץ שיטות קמאי על כריתות,כן,כריתות,ז.,פירוש,לא,
1833,קובץ שיטות קמאי על כריתות,כן,כריתות,ז.,פירוש,לא,
1835,קובץ שיטות קמאי על כריתות,כן,כריתות,ז.,פירוש,לא,
1837,קובץ שיטות קמאי על כריתות,כן,כריתות,ז.,פירוש,לא,
1839,קובץ שיטות קמאי על כריתות,כן,כריתות,ז.,פירוש,לא,
1841,קובץ שיטות קמאי על כריתות,כן,כריתות,ז.,פירוש,לא,
1843,קובץ שיטות קמאי על כריתות,כן,כריתות,ז.,פירוש,לא,
1845,קובץ שיטות קמאי על כריתות,כן,כריתות,ז.,פירוש,לא,
1847,קובץ שיטות קמאי על כריתות,כן,כריתות,ז.,פירוש,לא,
1849,קובץ שיטות קמאי על כריתות,כן,כריתות,ז.,פירוש,לא,
1851,קובץ שיטות קמאי על כריתות,כן,כריתות,ז.,פירוש,לא,
1853,קובץ שיטות קמאי על כריתות,כן,כריתות,ז.,פירוש,לא,
1855,קובץ שיטות קמאי על כריתות,כן,כריתות,ז.,פירוש,לא,
1857,קובץ שיטות קמאי על כריתות,כן,כריתות,ז.,פירוש,לא,
1858,קובץ שיטות קמאי על כריתות,כן,כריתות,ז.,פירוש,לא,
1859,קובץ שיטות קמאי על כריתות,כן,כריתות,ז.,פירוש,לא,
1860,קובץ שיטות קמאי על כריתות,כן,כריתות,ז.,פירוש,לא,
1862,קובץ שיטות קמאי על כריתות,כן,כריתות,ז.,פירוש,לא,
1864,קובץ שיטות קמאי על כריתות,כן,כריתות,ז.,פירוש,לא,
1866,קובץ שיטות קמאי על כריתות,כן,כריתות,ז.,פירוש,לא,
1868,קובץ שיטות קמאי על כריתות,כן,כריתות,ז.,פירוש,לא,
1870,קובץ שיטות קמאי על כריתות,כן,כריתות,ז.,פירוש,לא,
1872,קובץ שיטות קמאי על כריתות,כן,כריתות,ז.,פירוש,לא,
1874,קובץ שיטות קמאי על כריתות,כן,כריתות,ז.,פירוש,לא,
1875,קובץ שיטות קמאי על כריתות,כן,כריתות,ז.,פירוש,לא,
1877,קובץ שיטות קמאי על כריתות,כן,כריתות,ז.,פירוש,לא,
1878,קובץ שיטות קמאי על כריתות,כן,כריתות,ז.,פירוש,לא,
1879,קובץ שיטות קמאי על כריתות,כן,כריתות,ז.,פירוש,לא,
1881,קובץ שיטות קמאי על כריתות,כן,כריתות,ז.,פירוש,לא,
1883,קובץ שיטות קמאי על כריתות,כן,כריתות,ז.,פירוש,לא,
1885,קובץ שיטות קמאי על כריתות,כן,כריתות,ז.,פירוש,לא,
1887,קובץ שיטות קמאי על כריתות,כן,כריתות,ז.,פירוש,לא,
1889,קובץ שיטות קמאי על כריתות,כן,כריתות,ז.,פירוש,לא,
1891,קובץ שיטות קמאי על כריתות,כן,כריתות,ז.,פירוש,לא,
1893,קובץ שיטות קמאי על כריתות,כן,כריתות,ז.,פירוש,לא,
1896,קובץ שיטות קמאי על כריתות,כן,כריתות,ז:,פירוש,לא,
1898,קובץ שיטות קמאי על כריתות,כן,כריתות,ז:,פירוש,לא,
1900,קובץ שיטות קמאי על כריתות,כן,כריתות,ז:,פירוש,לא,
1901,קובץ שיטות קמאי על כריתות,כן,כריתות,ז:,פירוש,לא,
1903,קובץ שיטות קמאי על כריתות,כן,כריתות,ז:,פירוש,לא,
1905,קובץ שיטות קמאי על כריתות,כן,כריתות,ז:,פירוש,לא,
1906,קובץ שיטות קמאי על כריתות,כן,כריתות,ז:,פירוש,לא,
1907,קובץ שיטות קמאי על כריתות,כן,כריתות,ז:,פירוש,לא,
1908,קובץ שיטות קמאי על כריתות,כן,כריתות,ז:,פירוש,לא,
1909,קובץ שיטות קמאי על כריתות,כן,כריתות,ז:,פירוש,לא,
1910,קובץ שיטות קמאי על כריתות,כן,כריתות,ז:,פירוש,לא,
1911,קובץ שיטות קמאי על כריתות,כן,כריתות,ז:,פירוש,לא,
1912,קובץ שיטות קמאי על כריתות,כן,כריתות,ז:,פירוש,לא,
1913,קובץ שיטות קמאי על כריתות,כן,כריתות,ז:,פירוש,לא,
1914,קובץ שיטות קמאי על כריתות,כן,כריתות,ז:,פירוש,לא,
1915,קובץ שיטות קמאי על כריתות,כן,כריתות,ז:,פירוש,לא,
1916,קובץ שיטות קמאי על כריתות,כן,כריתות,ז:,פירוש,לא,
1917,קובץ שיטות קמאי על כריתות,כן,כריתות,ז:,פירוש,לא,
1918,קובץ שיטות קמאי על כריתות,כן,כריתות,ז:,פירוש,לא,
1919,קובץ שיטות קמאי על כריתות,כן,כריתות,ז:,פירוש,לא,
1920,קובץ שיטות קמאי על כריתות,כן,כריתות,ז:,פירוש,לא,
1921,קובץ שיטות קמאי על כריתות,כן,כריתות,ז:,פירוש,לא,
1923,קובץ שיטות קמאי על כריתות,כן,כריתות,ז:,פירוש,לא,
1925,קובץ שיטות קמאי על כריתות,כן,כריתות,ז:,פירוש,לא,
1927,קובץ שיטות קמאי על כריתות,כן,כריתות,ז:,פירוש,לא,
1929,קובץ שיטות קמאי על כריתות,כן,כריתות,ז:,פירוש,לא,
1931,קובץ שיטות קמאי על כריתות,כן,כריתות,ז:,פירוש,לא,
1933,קובץ שיטות קמאי על כריתות,כן,כריתות,ז:,פירוש,לא,
1935,קובץ שיטות קמאי על כריתות,כן,כריתות,ז:,פירוש,לא,
1937,קובץ שיטות קמאי על כריתות,כן,כריתות,ז:,פירוש,לא,
1938,קובץ שיטות קמאי על כריתות,כן,כריתות,ז:,פירוש,לא,
1939,קובץ שיטות קמאי על כריתות,כן,כריתות,ז:,פירוש,לא,
1940,קובץ שיטות קמאי על כריתות,כן,כריתות,ז:,פירוש,לא,
1941,קובץ שיטות קמאי על כריתות,כן,כריתות,ז:,פירוש,לא,
1942,קובץ שיטות קמאי על כריתות,כן,כריתות,ז:,פירוש,לא,
1943,קובץ שיטות קמאי על כריתות,כן,כריתות,ז:,פירוש,לא,
1944,קובץ שיטות קמאי על כריתות,כן,כריתות,ז:,פירוש,לא,
1945,קובץ שיטות קמאי על כריתות,כן,כריתות,ז:,פירוש,לא,
1946,קובץ שיטות קמאי על כריתות,כן,כריתות,ז:,פירוש,לא,
1948,קובץ שיטות קמאי על כריתות,כן,כריתות,ז:,פירוש,לא,
1950,קובץ שיטות קמאי על כריתות,כן,כריתות,ז:,פירוש,לא,
1952,קובץ שיטות קמאי על כריתות,כן,כריתות,ז:,פירוש,לא,
1953,קובץ שיטות קמאי על כריתות,כן,כריתות,ז:,פירוש,לא,
1955,קובץ שיטות קמאי על כריתות,כן,כריתות,ז:,פירוש,לא,
1957,קובץ שיטות קמאי על כריתות,כן,כריתות,ז:,פירוש,לא,
1959,קובץ שיטות קמאי על כריתות,כן,כריתות,ז:,פירוש,לא,
1961,קובץ שיטות קמאי על כריתות,כן,כריתות,ז:,פירוש,לא,
1963,קובץ שיטות קמאי על כריתות,כן,כריתות,ז:,פירוש,לא,
1965,קובץ שיטות קמאי על כריתות,כן,כריתות,ז:,פירוש,לא,
1967,קובץ שיטות קמאי על כריתות,כן,כריתות,ז:,פירוש,לא,
1969,קובץ שיטות קמאי על כריתות,כן,כריתות,ז:,פירוש,לא,
1970,קובץ שיטות קמאי על כריתות,כן,כריתות,ז:,פירוש,לא,
1971,קובץ שיטות קמאי על כריתות,כן,כריתות,ז:,פירוש,לא,
1973,קובץ שיטות קמאי על כריתות,כן,כריתות,ז:,פירוש,לא,
1975,קובץ שיטות קמאי על כריתות,כן,כריתות,ז:,פירוש,לא,
1977,קובץ שיטות קמאי על כריתות,כן,כריתות,ז:,פירוש,לא,
1979,קובץ שיטות קמאי על כריתות,כן,כריתות,ז:,פירוש,לא,
1981,קובץ שיטות קמאי על כריתות,כן,כריתות,ז:,פירוש,לא,
1983,קובץ שיטות קמאי על כריתות,כן,כריתות,ז:,פירוש,לא,
1985,קובץ שיטות קמאי על כריתות,כן,כריתות,ז:,פירוש,לא,
1987,קובץ שיטות קמאי על כריתות,כן,כריתות,ז:,פירוש,לא,
1989,קובץ שיטות קמאי על כריתות,כן,כריתות,ז:,פירוש,לא,
1991,קובץ שיטות קמאי על כריתות,כן,כריתות,ז:,פירוש,לא,
1993,קובץ שיטות קמאי על כריתות,כן,כריתות,ז:,פירוש,לא,
1995,קובץ שיטות קמאי על כריתות,כן,כריתות,ז:,פירוש,לא,
1997,קובץ שיטות קמאי על כריתות,כן,כריתות,ז:,פירוש,לא,
1999,קובץ שיטות קמאי על כריתות,כן,כריתות,ז:,פירוש,לא,
2001,קובץ שיטות קמאי על כריתות,כן,כריתות,ז:,פירוש,לא,
2003,קובץ שיטות קמאי על כריתות,כן,כריתות,ז:,פירוש,לא,
2005,קובץ שיטות קמאי על כריתות,כן,כריתות,ז:,פירוש,לא,
2007,קובץ שיטות קמאי על כריתות,כן,כריתות,ז:,פירוש,לא,
2009,קובץ שיטות קמאי על כריתות,כן,כריתות,ז:,פירוש,לא,
2011,קובץ שיטות קמאי על כריתות,כן,כריתות,ז:,פירוש,לא,
2013,קובץ שיטות קמאי על כריתות,כן,כריתות,ז:,פירוש,לא,
2015,קובץ שיטות קמאי על כריתות,כן,כריתות,ז:,פירוש,לא,
2017,קובץ שיטות קמאי על כריתות,כן,כריתות,ז:,פירוש,לא,
2019,קובץ שיטות קמאי על כריתות,כן,כריתות,ז:,פירוש,לא,
2021,קובץ שיטות קמאי על כריתות,כן,כריתות,ז:,פירוש,לא,
2023,קובץ שיטות קמאי על כריתות,כן,כריתות,ז:,פירוש,לא,
2025,קובץ שיטות קמאי על כריתות,כן,כריתות,ז:,פירוש,לא,
2027,קובץ שיטות קמאי על כריתות,כן,כריתות,ז:,פירוש,לא,
2029,קובץ שיטות קמאי על כריתות,כן,כריתות,ז:,פירוש,לא,
2031,קובץ שיטות קמאי על כריתות,כן,כריתות,ז:,פירוש,לא,
2033,קובץ שיטות קמאי על כריתות,כן,כריתות,ז:,פירוש,לא,
2035,קובץ שיטות קמאי על כריתות,כן,כריתות,ז:,פירוש,לא,
2037,קובץ שיטות קמאי על כריתות,כן,כריתות,ז:,פירוש,לא,
2039,קובץ שיטות קמאי על כריתות,כן,כריתות,ז:,פירוש,לא,
2041,קובץ שיטות קמאי על כריתות,כן,כריתות,ז:,פירוש,לא,
2043,קובץ שיטות קמאי על כריתות,כן,כריתות,ז:,פירוש,לא,
2045,קובץ שיטות קמאי על כריתות,כן,כריתות,ז:,פירוש,לא,
2047,קובץ שיטות קמאי על כריתות,כן,כריתות,ז:,פירוש,לא,
2049,קובץ שיטות קמאי על כריתות,כן,כריתות,ז:,פירוש,לא,
2051,קובץ שיטות קמאי על כריתות,כן,כריתות,ז:,פירוש,לא,
2053,קובץ שיטות קמאי על כריתות,כן,כריתות,ז:,פירוש,לא,
2055,קובץ שיטות קמאי על כריתות,כן,כריתות,ז:,פירוש,לא,
2057,קובץ שיטות קמאי על כריתות,כן,כריתות,ז:,פירוש,לא,
2059,קובץ שיטות קמאי על כריתות,כן,כריתות,ז:,פירוש,לא,
2061,קובץ שיטות קמאי על כריתות,כן,כריתות,ז:,פירוש,לא,
2063,קובץ שיטות קמאי על כריתות,כן,כריתות,ז:,פירוש,לא,
2064,קובץ שיטות קמאי על כריתות,כן,כריתות,ז:,פירוש,לא,
2066,קובץ שיטות קמאי על כריתות,כן,כריתות,ז:,פירוש,לא,
2068,קובץ שיטות קמאי על כריתות,כן,כריתות,ז:,פירוש,לא,
2070,קובץ שיטות קמאי על כריתות,כן,כריתות,ז:,פירוש,לא,
2072,קובץ שיטות קמאי על כריתות,כן,כריתות,ז:,פירוש,לא,
2073,קובץ שיטות קמאי על כריתות,כן,כריתות,ז:,פירוש,לא,
2075,קובץ שיטות קמאי על כריתות,כן,כריתות,ז:,פירוש,לא,
2077,קובץ שיטות קמאי על כריתות,כן,כריתות,ז:,פירוש,לא,
2079,קובץ שיטות קמאי על כריתות,כן,כריתות,ז:,פירוש,לא,
2081,קובץ שיטות קמאי על כריתות,כן,כריתות,ז:,פירוש,לא,
2083,קובץ שיטות קמאי על כריתות,כן,כריתות,ז:,פירוש,לא,
2085,קובץ שיטות קמאי על כריתות,כן,כריתות,ז:,פירוש,לא,
2087,קובץ שיטות קמאי על כריתות,כן,כריתות,ז:,פירוש,לא,
2089,קובץ שיטות קמאי על כריתות,כן,כריתות,ז:,פירוש,לא,
2091,קובץ שיטות קמאי על כריתות,כן,כריתות,ז:,פירוש,לא,
2093,קובץ שיטות קמאי על כריתות,כן,כריתות,ז:,פירוש,לא,
2095,קובץ שיטות קמאי על כריתות,כן,כריתות,ז:,פירוש,לא,
2097,קובץ שיטות קמאי על כריתות,כן,כריתות,ז:,פירוש,לא,
2099,קובץ שיטות קמאי על כריתות,כן,כריתות,ז:,פירוש,לא,
2101,קובץ שיטות קמאי על כריתות,כן,כריתות,ז:,פירוש,לא,
2103,קובץ שיטות קמאי על כריתות,כן,כריתות,ז:,פירוש,לא,
2105,קובץ שיטות קמאי על כריתות,כן,כריתות,ז:,פירוש,לא,
2107,קובץ שיטות קמאי על כריתות,כן,כריתות,ז:,פירוש,לא,
2109,קובץ שיטות קמאי על כריתות,כן,כריתות,ז:,פירוש,לא,
2111,קובץ שיטות קמאי על כריתות,כן,כריתות,ז:,פירוש,לא,
2114,קובץ שיטות קמאי על כריתות,כן,כריתות,ח.,פירוש,לא,
2116,קובץ שיטות קמאי על כריתות,כן,כריתות,ח.,פירוש,לא,
2118,קובץ שיטות קמאי על כריתות,כן,כריתות,ח.,פירוש,לא,
2120,קובץ שיטות קמאי על כריתות,כן,כריתות,ח.,פירוש,לא,
2122,קובץ שיטות קמאי על כריתות,כן,כריתות,ח.,פירוש,לא,
2124,קובץ שיטות קמאי על כריתות,כן,כריתות,ח.,פירוש,לא,
2126,קובץ שיטות קמאי על כריתות,כן,כריתות,ח.,פירוש,לא,
2128,קובץ שיטות קמאי על כריתות,כן,כריתות,ח.,פירוש,לא,
2130,קובץ שיטות קמאי על כריתות,כן,כריתות,ח.,פירוש,לא,
2132,קובץ שיטות קמאי על כריתות,כן,כריתות,ח.,פירוש,לא,
2134,קובץ שיטות קמאי על כריתות,כן,כריתות,ח.,פירוש,לא,
2136,קובץ שיטות קמאי על כריתות,כן,כריתות,ח.,פירוש,לא,
2138,קובץ שיטות קמאי על כריתות,כן,כריתות,ח.,פירוש,לא,
2140,קובץ שיטות קמאי על כריתות,כן,כריתות,ח.,פירוש,לא,
2142,קובץ שיטות קמאי על כריתות,כן,כריתות,ח.,פירוש,לא,
2144,קובץ שיטות קמאי על כריתות,כן,כריתות,ח.,פירוש,לא,
2146,קובץ שיטות קמאי על כריתות,כן,כריתות,ח.,פירוש,לא,
2148,קובץ שיטות קמאי על כריתות,כן,כריתות,ח.,פירוש,לא,
2150,קובץ שיטות קמאי על כריתות,כן,כריתות,ח.,פירוש,לא,
2152,קובץ שיטות קמאי על כריתות,כן,כריתות,ח.,פירוש,לא,
2154,קובץ שיטות קמאי על כריתות,כן,כריתות,ח.,פירוש,לא,
2155,קובץ שיטות קמאי על כריתות,כן,כריתות,ח.,פירוש,לא,
2156,קובץ שיטות קמאי על כריתות,כן,כריתות,ח.,פירוש,לא,
2157,קובץ שיטות קמאי על כריתות,כן,כריתות,ח.,פירוש,לא,
2158,קובץ שיטות קמאי על כריתות,כן,כריתות,ח.,פירוש,לא,
2159,קובץ שיטות קמאי על כריתות,כן,כריתות,ח.,פירוש,לא,
2160,קובץ שיטות קמאי על כריתות,כן,כריתות,ח.,פירוש,לא,
2161,קובץ שיטות קמאי על כריתות,כן,כריתות,ח.,פירוש,לא,
2163,קובץ שיטות קמאי על כריתות,כן,כריתות,ח.,פירוש,לא,
2165,קובץ שיטות קמאי על כריתות,כן,כריתות,ח.,פירוש,לא,
2167,קובץ שיטות קמאי על כריתות,כן,כריתות,ח.,פירוש,לא,
2169,קובץ שיטות קמאי על כריתות,כן,כריתות,ח.,פירוש,לא,
2171,קובץ שיטות קמאי על כריתות,כן,כריתות,ח.,פירוש,לא,
2173,קובץ שיטות קמאי על כריתות,כן,כריתות,ח.,פירוש,לא,
2175,קובץ שיטות קמאי על כריתות,כן,כריתות,ח.,פירוש,לא,
2177,קובץ שיטות קמאי על כריתות,כן,כריתות,ח.,פירוש,לא,
2179,קובץ שיטות קמאי על כריתות,כן,כריתות,ח.,פירוש,לא,
2181,קובץ שיטות קמאי על כריתות,כן,כריתות,ח.,פירוש,לא,
2183,קובץ שיטות קמאי על כריתות,כן,כריתות,ח.,פירוש,לא,
2185,קובץ שיטות קמאי על כריתות,כן,כריתות,ח.,פירוש,לא,
2187,קובץ שיטות קמאי על כריתות,כן,כריתות,ח.,פירוש,לא,
2189,קובץ שיטות קמאי על כריתות,כן,כריתות,ח.,פירוש,לא,
2192,קובץ שיטות קמאי על כריתות,כן,כריתות,ח:,פירוש,לא,
2194,קובץ שיטות קמאי על כריתות,כן,כריתות,ח:,פירוש,לא,
2196,קובץ שיטות קמאי על כריתות,כן,כריתות,ח:,פירוש,לא,
2198,קובץ שיטות קמאי על כריתות,כן,כריתות,ח:,פירוש,לא,
2200,קובץ שיטות קמאי על כריתות,כן,כריתות,ח:,פירוש,לא,
2202,קובץ שיטות קמאי על כריתות,כן,כריתות,ח:,פירוש,לא,
2204,קובץ שיטות קמאי על כריתות,כן,כריתות,ח:,פירוש,לא,
2206,קובץ שיטות קמאי על כריתות,כן,כריתות,ח:,פירוש,לא,
2207,קובץ שיטות קמאי על כריתות,כן,כריתות,ח:,פירוש,לא,
2209,קובץ שיטות קמאי על כריתות,כן,כריתות,ח:,פירוש,לא,
2210,קובץ שיטות קמאי על כריתות,כן,כריתות,ח:,פירוש,לא,
2211,קובץ שיטות קמאי על כריתות,כן,כריתות,ח:,פירוש,לא,
2212,קובץ שיטות קמאי על כריתות,כן,כריתות,ח:,פירוש,לא,
2213,קובץ שיטות קמאי על כריתות,כן,כריתות,ח:,פירוש,לא,
2214,קובץ שיטות קמאי על כריתות,כן,כריתות,ח:,פירוש,לא,
2215,קובץ שיטות קמאי על כריתות,כן,כריתות,ח:,פירוש,לא,
2216,קובץ שיטות קמאי על כריתות,כן,כריתות,ח:,פירוש,לא,
2217,קובץ שיטות קמאי על כריתות,כן,כריתות,ח:,פירוש,לא,
2218,קובץ שיטות קמאי על כריתות,כן,כריתות,ח:,פירוש,לא,
2220,קובץ שיטות קמאי על כריתות,כן,כריתות,ח:,פירוש,לא,
2222,קובץ שיטות קמאי על כריתות,כן,כריתות,ח:,פירוש,לא,
2224,קובץ שיטות קמאי על כריתות,כן,כריתות,ח:,פירוש,לא,
2226,קובץ שיטות קמאי על כריתות,כן,כריתות,ח:,פירוש,לא,
2228,קובץ שיטות קמאי על כריתות,כן,כריתות,ח:,פירוש,לא,
2230,קובץ שיטות קמאי על כריתות,כן,כריתות,ח:,פירוש,לא,
2232,קובץ שיטות קמאי על כריתות,כן,כריתות,ח:,פירוש,לא,
2234,קובץ שיטות קמאי על כריתות,כן,כריתות,ח:,פירוש,לא,
2236,קובץ שיטות קמאי על כריתות,כן,כריתות,ח:,פירוש,לא,
2238,קובץ שיטות קמאי על כריתות,כן,כריתות,ח:,פירוש,לא,
2240,קובץ שיטות קמאי על כריתות,כן,כריתות,ח:,פירוש,לא,
2242,קובץ שיטות קמאי על כריתות,כן,כריתות,ח:,פירוש,לא,
2244,קובץ שיטות קמאי על כריתות,כן,כריתות,ח:,פירוש,לא,
2246,קובץ שיטות קמאי על כריתות,כן,כריתות,ח:,פירוש,לא,
2248,קובץ שיטות קמאי על כריתות,כן,כריתות,ח:,פירוש,לא,
2249,קובץ שיטות קמאי על כריתות,כן,כריתות,ח:,פירוש,לא,
2251,קובץ שיטות קמאי על כריתות,כן,כריתות,ח:,פירוש,לא,
2253,קובץ שיטות קמאי על כריתות,כן,כריתות,ח:,פירוש,לא,
2255,קובץ שיטות קמאי על כריתות,כן,כריתות,ח:,פירוש,לא,
2257,קובץ שיטות קמאי על כריתות,כן,כריתות,ח:,פירוש,לא,
2259,קובץ שיטות קמאי על כריתות,כן,כריתות,ח:,פירוש,לא,
2261,קובץ שיטות קמאי על כריתות,כן,כריתות,ח:,פירוש,לא,
2263,קובץ שיטות קמאי על כריתות,כן,כריתות,ח:,פירוש,לא,
2265,קובץ שיטות קמאי על כריתות,כן,כריתות,ח:,פירוש,לא,
2267,קובץ שיטות קמאי על כריתות,כן,כריתות,ח:,פירוש,לא,
2269,קובץ שיטות קמאי על כריתות,כן,כריתות,ח:,פירוש,לא,
2271,קובץ שיטות קמאי על כריתות,כן,כריתות,ח:,פירוש,לא,
2273,קובץ שיטות קמאי על כריתות,כן,כריתות,ח:,פירוש,לא,
2275,קובץ שיטות קמאי על כריתות,כן,כריתות,ח:,פירוש,לא,
2278,קובץ שיטות קמאי על כריתות,כן,כריתות,ט.,פירוש,לא,
2280,קובץ שיטות קמאי על כריתות,כן,כריתות,ט.,פירוש,לא,
2282,קובץ שיטות קמאי על כריתות,כן,כריתות,ט.,פירוש,לא,
2284,קובץ שיטות קמאי על כריתות,כן,כריתות,ט.,פירוש,לא,
2286,קובץ שיטות קמאי על כריתות,כן,כריתות,ט.,פירוש,לא,
2288,קובץ שיטות קמאי על כריתות,כן,כריתות,ט.,פירוש,לא,
2290,קובץ שיטות קמאי על כריתות,כן,כריתות,ט.,פירוש,לא,
2292,קובץ שיטות קמאי על כריתות,כן,כריתות,ט.,פירוש,לא,
2294,קובץ שיטות קמאי על כריתות,כן,כריתות,ט.,פירוש,לא,
2296,קובץ שיטות קמאי על כריתות,כן,כריתות,ט.,פירוש,לא,
2297,קובץ שיטות קמאי על כריתות,כן,כריתות,ט.,פירוש,לא,
2298,קובץ שיטות קמאי על כריתות,כן,כריתות,ט.,פירוש,לא,
2299,קובץ שיטות קמאי על כריתות,כן,כריתות,ט.,פירוש,לא,
2300,קובץ שיטות קמאי על כריתות,כן,כריתות,ט.,פירוש,לא,
2301,קובץ שיטות קמאי על כריתות,כן,כריתות,ט.,פירוש,לא,
2302,קובץ שיטות קמאי על כריתות,כן,כריתות,ט.,פירוש,לא,
2303,קובץ שיטות קמאי על כריתות,כן,כריתות,ט.,פירוש,לא,
2305,קובץ שיטות קמאי על כריתות,כן,כריתות,ט.,פירוש,לא,
2307,קובץ שיטות קמאי על כריתות,כן,כריתות,ט.,פירוש,לא,
2309,קובץ שיטות קמאי על כריתות,כן,כריתות,ט.,פירוש,לא,
2311,קובץ שיטות קמאי על כריתות,כן,כריתות,ט.,פירוש,לא,
2313,קובץ שיטות קמאי על כריתות,כן,כריתות,ט.,פירוש,לא,
2315,קובץ שיטות קמאי על כריתות,כן,כריתות,ט.,פירוש,לא,
2317,קובץ שיטות קמאי על כריתות,כן,כריתות,ט.,פירוש,לא,
2319,קובץ שיטות קמאי על כריתות,כן,כריתות,ט.,פירוש,לא,
2321,קובץ שיטות קמאי על כריתות,כן,כריתות,ט.,פירוש,לא,
2323,קובץ שיטות קמאי על כריתות,כן,כריתות,ט.,פירוש,לא,
2325,קובץ שיטות קמאי על כריתות,כן,כריתות,ט.,פירוש,לא,
2327,קובץ שיטות קמאי על כריתות,כן,כריתות,ט.,פירוש,לא,
2329,קובץ שיטות קמאי על כריתות,כן,כריתות,ט.,פירוש,לא,
2331,קובץ שיטות קמאי על כריתות,כן,כריתות,ט.,פירוש,לא,
2332,קובץ שיטות קמאי על כריתות,כן,כריתות,ט.,פירוש,לא,
2333,קובץ שיטות קמאי על כריתות,כן,כריתות,ט.,פירוש,לא,
2335,קובץ שיטות קמאי על כריתות,כן,כריתות,ט.,פירוש,לא,
2336,קובץ שיטות קמאי על כריתות,כן,כריתות,ט.,פירוש,לא,
2337,קובץ שיטות קמאי על כריתות,כן,כריתות,ט.,פירוש,לא,
2339,קובץ שיטות קמאי על כריתות,כן,כריתות,ט.,פירוש,לא,
2340,קובץ שיטות קמאי על כריתות,כן,כריתות,ט.,פירוש,לא,
2341,קובץ שיטות קמאי על כריתות,כן,כריתות,ט.,פירוש,לא,
2342,קובץ שיטות קמאי על כריתות,כן,כריתות,ט.,פירוש,לא,
2344,קובץ שיטות קמאי על כריתות,כן,כריתות,ט.,פירוש,לא,
2346,קובץ שיטות קמאי על כריתות,כן,כריתות,ט.,פירוש,לא,
2348,קובץ שיטות קמאי על כריתות,כן,כריתות,ט.,פירוש,לא,
2350,קובץ שיטות קמאי על כריתות,כן,כריתות,ט.,פירוש,לא,
2352,קובץ שיטות קמאי על כריתות,כן,כריתות,ט.,פירוש,לא,
2353,קובץ שיטות קמאי על כריתות,כן,כריתות,ט.,פירוש,לא,
2355,קובץ שיטות קמאי על כריתות,כן,כריתות,ט.,פירוש,לא,
2357,קובץ שיטות קמאי על כריתות,כן,כריתות,ט.,פירוש,לא,
2359,קובץ שיטות קמאי על כריתות,כן,כריתות,ט.,פירוש,לא,
2360,קובץ שיטות קמאי על כריתות,כן,כריתות,ט.,פירוש,לא,
2362,קובץ שיטות קמאי על כריתות,כן,כריתות,ט.,פירוש,לא,
2364,קובץ שיטות קמאי על כריתות,כן,כריתות,ט.,פירוש,לא,
2366,קובץ שיטות קמאי על כריתות,כן,כריתות,ט.,פירוש,לא,
2368,קובץ שיטות קמאי על כריתות,כן,כריתות,ט.,פירוש,לא,
2370,קובץ שיטות קמאי על כריתות,כן,כריתות,ט.,פירוש,לא,
2372,קובץ שיטות קמאי על כריתות,כן,כריתות,ט.,פירוש,לא,
2374,קובץ שיטות קמאי על כריתות,כן,כריתות,ט.,פירוש,לא,
2376,קובץ שיטות קמאי על כריתות,כן,כריתות,ט.,פירוש,לא,
2378,קובץ שיטות קמאי על כריתות,כן,כריתות,ט.,פירוש,לא,
2380,קובץ שיטות קמאי על כריתות,כן,כריתות,ט.,פירוש,לא,
2382,קובץ שיטות קמאי על כריתות,כן,כריתות,ט.,פירוש,לא,
2384,קובץ שיטות קמאי על כריתות,כן,כריתות,ט.,פירוש,לא,
2385,קובץ שיטות קמאי על כריתות,כן,כריתות,ט.,פירוש,לא,
2386,קובץ שיטות קמאי על כריתות,כן,כריתות,ט.,פירוש,לא,
2387,קובץ שיטות קמאי על כריתות,כן,כריתות,ט.,פירוש,לא,
2388,קובץ שיטות קמאי על כריתות,כן,כריתות,ט.,פירוש,לא,
2389,קובץ שיטות קמאי על כריתות,כן,כריתות,ט.,פירוש,לא,
2391,קובץ שיטות קמאי על כריתות,כן,כריתות,ט.,פירוש,לא,
2393,קובץ שיטות קמאי על כריתות,כן,כריתות,ט.,פירוש,לא,
2395,קובץ שיטות קמאי על כריתות,כן,כריתות,ט.,פירוש,לא,
2397,קובץ שיטות קמאי על כריתות,כן,כריתות,ט.,פירוש,לא,
2399,קובץ שיטות קמאי על כריתות,כן,כריתות,ט.,פירוש,לא,
2401,קובץ שיטות קמאי על כריתות,כן,כריתות,ט.,פירוש,לא,
2403,קובץ שיטות קמאי על כריתות,כן,כריתות,ט.,פירוש,לא,
2405,קובץ שיטות קמאי על כריתות,כן,כריתות,ט.,פירוש,לא,
2407,קובץ שיטות קמאי על כריתות,כן,כריתות,ט.,פירוש,לא,
2409,קובץ שיטות קמאי על כריתות,כן,כריתות,ט.,פירוש,לא,
2411,קובץ שיטות קמאי על כריתות,כן,כריתות,ט.,פירוש,לא,
2413,קובץ שיטות קמאי על כריתות,כן,כריתות,ט.,פירוש,לא,
2415,קובץ שיטות קמאי על כריתות,כן,כריתות,ט.,פירוש,לא,
2417,קובץ שיטות קמאי על כריתות,כן,כריתות,ט.,פירוש,לא,
2419,קובץ שיטות קמאי על כריתות,כן,כריתות,ט.,פירוש,לא,
2421,קובץ שיטות קמאי על כריתות,כן,כריתות,ט.,פירוש,לא,
2423,קובץ שיטות קמאי על כריתות,כן,כריתות,ט.,פירוש,לא,
2425,קובץ שיטות קמאי על כריתות,כן,כריתות,ט.,פירוש,לא,
2427,קובץ שיטות קמאי על כריתות,כן,כריתות,ט.,פירוש,לא,
2429,קובץ שיטות קמאי על כריתות,כן,כריתות,ט.,פירוש,לא,
2431,קובץ שיטות קמאי על כריתות,כן,כריתות,ט.,פירוש,לא,
2433,קובץ שיטות קמאי על כריתות,כן,כריתות,ט.,פירוש,לא,
2435,קובץ שיטות קמאי על כריתות,כן,כריתות,ט.,פירוש,לא,
2437,קובץ שיטות קמאי על כריתות,כן,כריתות,ט.,פירוש,לא,
2439,קובץ שיטות קמאי על כריתות,כן,כריתות,ט.,פירוש,לא,
2441,קובץ שיטות קמאי על כריתות,כן,כריתות,ט.,פירוש,לא,
2443,קובץ שיטות קמאי על כריתות,כן,כריתות,ט.,פירוש,לא,
2445,קובץ שיטות קמאי על כריתות,כן,כריתות,ט.,פירוש,לא,
2447,קובץ שיטות קמאי על כריתות,כן,כריתות,ט.,פירוש,לא,
2449,קובץ שיטות קמאי על כריתות,כן,כריתות,ט.,פירוש,לא,
2450,קובץ שיטות קמאי על כריתות,כן,כריתות,ט.,פירוש,לא,
2451,קובץ שיטות קמאי על כריתות,כן,כריתות,ט.,פירוש,לא,
2452,קובץ שיטות קמאי על כריתות,כן,כריתות,ט.,פירוש,לא,
2453,קובץ שיטות קמאי על כריתות,כן,כריתות,ט.,פירוש,לא,
2455,קובץ שיטות קמאי על כריתות,כן,כריתות,ט.,פירוש,לא,
2457,קובץ שיטות קמאי על כריתות,כן,כריתות,ט.,פירוש,לא,
2459,קובץ שיטות קמאי על כריתות,כן,כריתות,ט.,פירוש,לא,
2461,קובץ שיטות קמאי על כריתות,כן,כריתות,ט.,פירוש,לא,
2463,קובץ שיטות קמאי על כריתות,כן,כריתות,ט.,פירוש,לא,
2465,קובץ שיטות קמאי על כריתות,כן,כריתות,ט.,פירוש,לא,
2467,קובץ שיטות קמאי על כריתות,כן,כריתות,ט.,פירוש,לא,
2469,קובץ שיטות קמאי על כריתות,כן,כריתות,ט.,פירוש,לא,
2471,קובץ שיטות קמאי על כריתות,כן,כריתות,ט.,פירוש,לא,
2473,קובץ שיטות קמאי על כריתות,כן,כריתות,ט.,פירוש,לא,
2475,קובץ שיטות קמאי על כריתות,כן,כריתות,ט.,פירוש,לא,
2477,קובץ שיטות קמאי על כריתות,כן,כריתות,ט.,פירוש,לא,
2479,קובץ שיטות קמאי על כריתות,כן,כריתות,ט.,פירוש,לא,
2481,קובץ שיטות קמאי על כריתות,כן,כריתות,ט.,פירוש,לא,
2484,קובץ שיטות קמאי על כריתות,כן,כריתות,ט:,פירוש,לא,
2486,קובץ שיטות קמאי על כריתות,כן,כריתות,ט:,פירוש,לא,
2488,קובץ שיטות קמאי על כריתות,כן,כריתות,ט:,פירוש,לא,
2490,קובץ שיטות קמאי על כריתות,כן,כריתות,ט:,פירוש,לא,
2491,קובץ שיטות קמאי על כריתות,כן,כריתות,ט:,פירוש,לא,
2493,קובץ שיטות קמאי על כריתות,כן,כריתות,ט:,פירוש,לא,
2495,קובץ שיטות קמאי על כריתות,כן,כריתות,ט:,פירוש,לא,
2497,קובץ שיטות קמאי על כריתות,כן,כריתות,ט:,פירוש,לא,
2499,קובץ שיטות קמאי על כריתות,כן,כריתות,ט:,פירוש,לא,
2501,קובץ שיטות קמאי על כריתות,כן,כריתות,ט:,פירוש,לא,
2503,קובץ שיטות קמאי על כריתות,כן,כריתות,ט:,פירוש,לא,
2505,קובץ שיטות קמאי על כריתות,כן,כריתות,ט:,פירוש,לא,
2507,קובץ שיטות קמאי על כריתות,כן,כריתות,ט:,פירוש,לא,
2509,קובץ שיטות קמאי על כריתות,כן,כריתות,ט:,פירוש,לא,
2511,קובץ שיטות קמאי על כריתות,כן,כריתות,ט:,פירוש,לא,
2513,קובץ שיטות קמאי על כריתות,כן,כריתות,ט:,פירוש,לא,
2515,קובץ שיטות קמאי על כריתות,כן,כריתות,ט:,פירוש,לא,
2517,קובץ שיטות קמאי על כריתות,כן,כריתות,ט:,פירוש,לא,
2519,קובץ שיטות קמאי על כריתות,כן,כריתות,ט:,פירוש,לא,
2521,קובץ שיטות קמאי על כריתות,כן,כריתות,ט:,פירוש,לא,
2523,קובץ שיטות קמאי על כריתות,כן,כריתות,ט:,פירוש,לא,
2525,קובץ שיטות קמאי על כריתות,כן,כריתות,ט:,פירוש,לא,
2527,קובץ שיטות קמאי על כריתות,כן,כריתות,ט:,פירוש,לא,
2529,קובץ שיטות קמאי על כריתות,כן,כריתות,ט:,פירוש,לא,
2531,קובץ שיטות קמאי על כריתות,כן,כריתות,ט:,פירוש,לא,
2533,קובץ שיטות קמאי על כריתות,כן,כריתות,ט:,פירוש,לא,
2535,קובץ שיטות קמאי על כריתות,כן,כריתות,ט:,פירוש,לא,
2537,קובץ שיטות קמאי על כריתות,כן,כריתות,ט:,פירוש,לא,
2539,קובץ שיטות קמאי על כריתות,כן,כריתות,ט:,פירוש,לא,
2541,קובץ שיטות קמאי על כריתות,כן,כריתות,ט:,פירוש,לא,
2543,קובץ שיטות קמאי על כריתות,כן,כריתות,ט:,פירוש,לא,
2545,קובץ שיטות קמאי על כריתות,כן,כריתות,ט:,פירוש,לא,
2547,קובץ שיטות קמאי על כריתות,כן,כריתות,ט:,פירוש,לא,
2549,קובץ שיטות קמאי על כריתות,כן,כריתות,ט:,פירוש,לא,
2552,קובץ שיטות קמאי על כריתות,כן,כריתות,י.,פירוש,לא,
2554,קובץ שיטות קמאי על כריתות,כן,כריתות,י.,פירוש,לא,
2556,קובץ שיטות קמאי על כריתות,כן,כריתות,י.,פירוש,לא,
2558,קובץ שיטות קמאי על כריתות,כן,כריתות,י.,פירוש,לא,
2560,קובץ שיטות קמאי על כריתות,כן,כריתות,י.,פירוש,לא,
2562,קובץ שיטות קמאי על כריתות,כן,כריתות,י.,פירוש,לא,
2564,קובץ שיטות קמאי על כריתות,כן,כריתות,י.,פירוש,לא,
2566,קובץ שיטות קמאי על כריתות,כן,כריתות,י.,פירוש,לא,
2568,קובץ שיטות קמאי על כריתות,כן,כריתות,י.,פירוש,לא,
2570,קובץ שיטות קמאי על כריתות,כן,כריתות,י.,פירוש,לא,
2572,קובץ שיטות קמאי על כריתות,כן,כריתות,י.,פירוש,לא,
2574,קובץ שיטות קמאי על כריתות,כן,כריתות,י.,פירוש,לא,
2576,קובץ שיטות קמאי על כריתות,כן,כריתות,י.,פירוש,לא,
2578,קובץ שיטות קמאי על כריתות,כן,כריתות,י.,פירוש,לא,
2580,קובץ שיטות קמאי על כריתות,כן,כריתות,י.,פירוש,לא,
2582,קובץ שיטות קמאי על כריתות,כן,כריתות,י.,פירוש,לא,
2584,קובץ שיטות קמאי על כריתות,כן,כריתות,י.,פירוש,לא,
2586,קובץ שיטות קמאי על כריתות,כן,כריתות,י.,פירוש,לא,
2588,קובץ שיטות קמאי על כריתות,כן,כריתות,י.,פירוש,לא,
2590,קובץ שיטות קמאי על כריתות,כן,כריתות,י.,פירוש,לא,
2592,קובץ שיטות קמאי על כריתות,כן,כריתות,י.,פירוש,לא,
2594,קובץ שיטות קמאי על כריתות,כן,כריתות,י.,פירוש,לא,
2596,קובץ שיטות קמאי על כריתות,כן,כריתות,י.,פירוש,לא,
2598,קובץ שיטות קמאי על כריתות,כן,כריתות,י.,פירוש,לא,
2600,קובץ שיטות קמאי על כריתות,כן,כריתות,י.,פירוש,לא,
2602,קובץ שיטות קמאי על כריתות,כן,כריתות,י.,פירוש,לא,
2604,קובץ שיטות קמאי על כריתות,כן,כריתות,י.,פירוש,לא,
2606,קובץ שיטות קמאי על כריתות,כן,כריתות,י.,פירוש,לא,
2608,קובץ שיטות קמאי על כריתות,כן,כריתות,י.,פירוש,לא,
2610,קובץ שיטות קמאי על כריתות,כן,כריתות,י.,פירוש,לא,
2612,קובץ שיטות קמאי על כריתות,כן,כריתות,י.,פירוש,לא,
2614,קובץ שיטות קמאי על כריתות,כן,כריתות,י.,פירוש,לא,
2616,קובץ שיטות קמאי על כריתות,כן,כריתות,י.,פירוש,לא,
2618,קובץ שיטות קמאי על כריתות,כן,כריתות,י.,פירוש,לא,
2620,קובץ שיטות קמאי על כריתות,כן,כריתות,י.,פירוש,לא,
2621,קובץ שיטות קמאי על כריתות,כן,כריתות,י.,פירוש,לא,
2622,קובץ שיטות קמאי על כריתות,כן,כריתות,י.,פירוש,לא,
2624,קובץ שיטות קמאי על כריתות,כן,כריתות,י.,פירוש,לא,
2626,קובץ שיטות קמאי על כריתות,כן,כריתות,י.,פירוש,לא,
2628,קובץ שיטות קמאי על כריתות,כן,כריתות,י.,פירוש,לא,
2630,קובץ שיטות קמאי על כריתות,כן,כריתות,י.,פירוש,לא,
2632,קובץ שיטות קמאי על כריתות,כן,כריתות,י.,פירוש,לא,
2634,קובץ שיטות קמאי על כריתות,כן,כריתות,י.,פירוש,לא,
2636,קובץ שיטות קמאי על כריתות,כן,כריתות,י.,פירוש,לא,
2638,קובץ שיטות קמאי על כריתות,כן,כריתות,י.,פירוש,לא,
2640,קובץ שיטות קמאי על כריתות,כן,כריתות,י.,פירוש,לא,
2642,קובץ שיטות קמאי על כריתות,כן,כריתות,י.,פירוש,לא,
2644,קובץ שיטות קמאי על כריתות,כן,כריתות,י.,פירוש,לא,
2646,קובץ שיטות קמאי על כריתות,כן,כריתות,י.,פירוש,לא,
2648,קובץ שיטות קמאי על כריתות,כן,כריתות,י.,פירוש,לא,
2650,קובץ שיטות קמאי על כריתות,כן,כריתות,י.,פירוש,לא,
2652,קובץ שיטות קמאי על כריתות,כן,כריתות,י.,פירוש,לא,
2654,קובץ שיטות קמאי על כריתות,כן,כריתות,י.,פירוש,לא,
2656,קובץ שיטות קמאי על כריתות,כן,כריתות,י.,פירוש,לא,
2658,קובץ שיטות קמאי על כריתות,כן,כריתות,י.,פירוש,לא,
2660,קובץ שיטות קמאי על כריתות,כן,כריתות,י.,פירוש,לא,
2662,קובץ שיטות קמאי על כריתות,כן,כריתות,י.,פירוש,לא,
2664,קובץ שיטות קמאי על כריתות,כן,כריתות,י.,פירוש,לא,
2666,קובץ שיטות קמאי על כריתות,כן,כריתות,י.,פירוש,לא,
2668,קובץ שיטות קמאי על כריתות,כן,כריתות,י.,פירוש,לא,
2670,קובץ שיטות קמאי על כריתות,כן,כריתות,י.,פירוש,לא,
2672,קובץ שיטות קמאי על כריתות,כן,כריתות,י.,פירוש,לא,
2674,קובץ שיטות קמאי על כריתות,כן,כריתות,י.,פירוש,לא,
2677,קובץ שיטות קמאי על כריתות,כן,כריתות,י:,פירוש,לא,
2679,קובץ שיטות קמאי על כריתות,כן,כריתות,י:,פירוש,לא,
2681,קובץ שיטות קמאי על כריתות,כן,כריתות,י:,פירוש,לא,
2683,קובץ שיטות קמאי על כריתות,כן,כריתות,י:,פירוש,לא,
2685,קובץ שיטות קמאי על כריתות,כן,כריתות,י:,פירוש,לא,
2687,קובץ שיטות קמאי על כריתות,כן,כריתות,י:,פירוש,לא,
2689,קובץ שיטות קמאי על כריתות,כן,כריתות,י:,פירוש,לא,
2690,קובץ שיטות קמאי על כריתות,כן,כריתות,י:,פירוש,לא,
2691,קובץ שיטות קמאי על כריתות,כן,כריתות,י:,פירוש,לא,
2692,קובץ שיטות קמאי על כריתות,כן,כריתות,י:,פירוש,לא,
2693,קובץ שיטות קמאי על כריתות,כן,כריתות,י:,פירוש,לא,
2694,קובץ שיטות קמאי על כריתות,כן,כריתות,י:,פירוש,לא,
2695,קובץ שיטות קמאי על כריתות,כן,כריתות,י:,פירוש,לא,
2696,קובץ שיטות קמאי על כריתות,כן,כריתות,י:,פירוש,לא,
2697,קובץ שיטות קמאי על כריתות,כן,כריתות,י:,פירוש,לא,
2698,קובץ שיטות קמאי על כריתות,כן,כריתות,י:,פירוש,לא,
2700,קובץ שיטות קמאי על כריתות,כן,כריתות,י:,פירוש,לא,
2702,קובץ שיטות קמאי על כריתות,כן,כריתות,י:,פירוש,לא,
2704,קובץ שיטות קמאי על כריתות,כן,כריתות,י:,פירוש,לא,
2706,קובץ שיטות קמאי על כריתות,כן,כריתות,י:,פירוש,לא,
2707,קובץ שיטות קמאי על כריתות,כן,כריתות,י:,פירוש,לא,
2708,קובץ שיטות קמאי על כריתות,כן,כריתות,י:,פירוש,לא,
2709,קובץ שיטות קמאי על כריתות,כן,כריתות,י:,פירוש,לא,
2711,קובץ שיטות קמאי על כריתות,כן,כריתות,י:,פירוש,לא,
2713,קובץ שיטות קמאי על כריתות,כן,כריתות,י:,פירוש,לא,
2715,קובץ שיטות קמאי על כריתות,כן,כריתות,י:,פירוש,לא,
2717,קובץ שיטות קמאי על כריתות,כן,כריתות,י:,פירוש,לא,
2718,קובץ שיטות קמאי על כריתות,כן,כריתות,י:,פירוש,לא,
2720,קובץ שיטות קמאי על כריתות,כן,כריתות,י:,פירוש,לא,
2722,קובץ שיטות קמאי על כריתות,כן,כריתות,י:,פירוש,לא,
2724,קובץ שיטות קמאי על כריתות,כן,כריתות,י:,פירוש,לא,
2726,קובץ שיטות קמאי על כריתות,כן,כריתות,י:,פירוש,לא,
2728,קובץ שיטות קמאי על כריתות,כן,כריתות,י:,פירוש,לא,
2730,קובץ שיטות קמאי על כריתות,כן,כריתות,י:,פירוש,לא,
2732,קובץ שיטות קמאי על כריתות,כן,כריתות,י:,פירוש,לא,
2734,קובץ שיטות קמאי על כריתות,כן,כריתות,י:,פירוש,לא,
2736,קובץ שיטות קמאי על כריתות,כן,כריתות,י:,פירוש,לא,
2738,קובץ שיטות קמאי על כריתות,כן,כריתות,י:,פירוש,לא,
2740,קובץ שיטות קמאי על כריתות,כן,כריתות,י:,פירוש,לא,
2742,קובץ שיטות קמאי על כריתות,כן,כריתות,י:,פירוש,לא,
2744,קובץ שיטות קמאי על כריתות,כן,כריתות,י:,פירוש,לא,
2746,קובץ שיטות קמאי על כריתות,כן,כריתות,י:,פירוש,לא,
2748,קובץ שיטות קמאי על כריתות,כן,כריתות,י:,פירוש,לא,
2750,קובץ שיטות קמאי על כריתות,כן,כריתות,י:,פירוש,לא,
2752,קובץ שיטות קמאי על כריתות,כן,כריתות,י:,פירוש,לא,
2754,קובץ שיטות קמאי על כריתות,כן,כריתות,י:,פירוש,לא,
2757,קובץ שיטות קמאי על כריתות,כן,כריתות,יא.,פירוש,לא,
2759,קובץ שיטות קמאי על כריתות,כן,כריתות,יא.,פירוש,לא,
2761,קובץ שיטות קמאי על כריתות,כן,כריתות,יא.,פירוש,לא,
2763,קובץ שיטות קמאי על כריתות,כן,כריתות,יא.,פירוש,לא,
2765,קובץ שיטות קמאי על כריתות,כן,כריתות,יא.,פירוש,לא,
2766,קובץ שיטות קמאי על כריתות,כן,כריתות,יא.,פירוש,לא,
2768,קובץ שיטות קמאי על כריתות,כן,כריתות,יא.,פירוש,לא,
2770,קובץ שיטות קמאי על כריתות,כן,כריתות,יא.,פירוש,לא,
2771,קובץ שיטות קמאי על כריתות,כן,כריתות,יא.,פירוש,לא,
2772,קובץ שיטות קמאי על כריתות,כן,כריתות,יא.,פירוש,לא,
2774,קובץ שיטות קמאי על כריתות,כן,כריתות,יא.,פירוש,לא,
2776,קובץ שיטות קמאי על כריתות,כן,כריתות,יא.,פירוש,לא,
2778,קובץ שיטות קמאי על כריתות,כן,כריתות,יא.,פירוש,לא,
2780,קובץ שיטות קמאי על כריתות,כן,כריתות,יא.,פירוש,לא,
2782,קובץ שיטות קמאי על כריתות,כן,כריתות,יא.,פירוש,לא,
2784,קובץ שיטות קמאי על כריתות,כן,כריתות,יא.,פירוש,לא,
2786,קובץ שיטות קמאי על כריתות,כן,כריתות,יא.,פירוש,לא,
2788,קובץ שיטות קמאי על כריתות,כן,כריתות,יא.,פירוש,לא,
2790,קובץ שיטות קמאי על כריתות,כן,כריתות,יא.,פירוש,לא,
2792,קובץ שיטות קמאי על כריתות,כן,כריתות,יא.,פירוש,לא,
2794,קובץ שיטות קמאי על כריתות,כן,כריתות,יא.,פירוש,לא,
2796,קובץ שיטות קמאי על כריתות,כן,כריתות,יא.,פירוש,לא,
2798,קובץ שיטות קמאי על כריתות,כן,כריתות,יא.,פירוש,לא,
2800,קובץ שיטות קמאי על כריתות,כן,כריתות,יא.,פירוש,לא,
2802,קובץ שיטות קמאי על כריתות,כן,כריתות,יא.,פירוש,לא,
2804,קובץ שיטות קמאי על כריתות,כן,כריתות,יא.,פירוש,לא,
2806,קובץ שיטות קמאי על כריתות,כן,כריתות,יא.,פירוש,לא,
2808,קובץ שיטות קמאי על כריתות,כן,כריתות,יא.,פירוש,לא,
2810,קובץ שיטות קמאי על כריתות,כן,כריתות,יא.,פירוש,לא,
2812,קובץ שיטות קמאי על כריתות,כן,כריתות,יא.,פירוש,לא,
2814,קובץ שיטות קמאי על כריתות,כן,כריתות,יא.,פירוש,לא,
2816,קובץ שיטות קמאי על כריתות,כן,כריתות,יא.,פירוש,לא,
2818,קובץ שיטות קמאי על כריתות,כן,כריתות,יא.,פירוש,לא,
2820,קובץ שיטות קמאי על כריתות,כן,כריתות,יא.,פירוש,לא,
2822,קובץ שיטות קמאי על כריתות,כן,כריתות,יא.,פירוש,לא,
2824,קובץ שיטות קמאי על כריתות,כן,כריתות,יא.,פירוש,לא,
2826,קובץ שיטות קמאי על כריתות,כן,כריתות,יא.,פירוש,לא,
2828,קובץ שיטות קמאי על כריתות,כן,כריתות,יא.,פירוש,לא,
2830,קובץ שיטות קמאי על כריתות,כן,כריתות,יא.,פירוש,לא,
2832,קובץ שיטות קמאי על כריתות,כן,כריתות,יא.,פירוש,לא,
2834,קובץ שיטות קמאי על כריתות,כן,כריתות,יא.,פירוש,לא,
2836,קובץ שיטות קמאי על כריתות,כן,כריתות,יא.,פירוש,לא,
2838,קובץ שיטות קמאי על כריתות,כן,כריתות,יא.,פירוש,לא,
2840,קובץ שיטות קמאי על כריתות,כן,כריתות,יא.,פירוש,לא,
2842,קובץ שיטות קמאי על כריתות,כן,כריתות,יא.,פירוש,לא,
2844,קובץ שיטות קמאי על כריתות,כן,כריתות,יא.,פירוש,לא,
2846,קובץ שיטות קמאי על כריתות,כן,כריתות,יא.,פירוש,לא,
2848,קובץ שיטות קמאי על כריתות,כן,כריתות,יא.,פירוש,לא,
2850,קובץ שיטות קמאי על כריתות,כן,כריתות,יא.,פירוש,לא,
2852,קובץ שיטות קמאי על כריתות,כן,כריתות,יא.,פירוש,לא,
2854,קובץ שיטות קמאי על כריתות,כן,כריתות,יא.,פירוש,לא,
2856,קובץ שיטות קמאי על כריתות,כן,כריתות,יא.,פירוש,לא,
2858,קובץ שיטות קמאי על כריתות,כן,כריתות,יא.,פירוש,לא,
2860,קובץ שיטות קמאי על כריתות,כן,כריתות,יא.,פירוש,לא,
2862,קובץ שיטות קמאי על כריתות,כן,כריתות,יא.,פירוש,לא,
2864,קובץ שיטות קמאי על כריתות,כן,כריתות,יא.,פירוש,לא,
2866,קובץ שיטות קמאי על כריתות,כן,כריתות,יא.,פירוש,לא,
2868,קובץ שיטות קמאי על כריתות,כן,כריתות,יא.,פירוש,לא,
2870,קובץ שיטות קמאי על כריתות,כן,כריתות,יא.,פירוש,לא,
2872,קובץ שיטות קמאי על כריתות,כן,כריתות,יא.,פירוש,לא,
2874,קובץ שיטות קמאי על כריתות,כן,כריתות,יא.,פירוש,לא,
2876,קובץ שיטות קמאי על כריתות,כן,כריתות,יא.,פירוש,לא,
2879,קובץ שיטות קמאי על כריתות,כן,כריתות,יא:,פירוש,לא,
2881,קובץ שיטות קמאי על כריתות,כן,כריתות,יא:,פירוש,לא,
2883,קובץ שיטות קמאי על כריתות,כן,כריתות,יא:,פירוש,לא,
2885,קובץ שיטות קמאי על כריתות,כן,כריתות,יא:,פירוש,לא,
2887,קובץ שיטות קמאי על כריתות,כן,כריתות,יא:,פירוש,לא,
2889,קובץ שיטות קמאי על כריתות,כן,כריתות,יא:,פירוש,לא,
2891,קובץ שיטות קמאי על כריתות,כן,כריתות,יא:,פירוש,לא,
2893,קובץ שיטות קמאי על כריתות,כן,כריתות,יא:,פירוש,לא,
2895,קובץ שיטות קמאי על כריתות,כן,כריתות,יא:,פירוש,לא,
2897,קובץ שיטות קמאי על כריתות,כן,כריתות,יא:,פירוש,לא,
2899,קובץ שיטות קמאי על כריתות,כן,כריתות,יא:,פירוש,לא,
2901,קובץ שיטות קמאי על כריתות,כן,כריתות,יא:,פירוש,לא,
2903,קובץ שיטות קמאי על כריתות,כן,כריתות,יא:,פירוש,לא,
2904,קובץ שיטות קמאי על כריתות,כן,כריתות,יא:,פירוש,לא,
2905,קובץ שיטות קמאי על כריתות,כן,כריתות,יא:,פירוש,לא,
2906,קובץ שיטות קמאי על כריתות,כן,כריתות,יא:,פירוש,לא,
2907,קובץ שיטות קמאי על כריתות,כן,כריתות,יא:,פירוש,לא,
2908,קובץ שיטות קמאי על כריתות,כן,כריתות,יא:,פירוש,לא,
2910,קובץ שיטות קמאי על כריתות,כן,כריתות,יא:,פירוש,לא,
2912,קובץ שיטות קמאי על כריתות,כן,כריתות,יא:,פירוש,לא,
2914,קובץ שיטות קמאי על כריתות,כן,כריתות,יא:,פירוש,לא,
2916,קובץ שיטות קמאי על כריתות,כן,כריתות,יא:,פירוש,לא,
2917,קובץ שיטות קמאי על כריתות,כן,כריתות,יא:,פירוש,לא,
2919,קובץ שיטות קמאי על כריתות,כן,כריתות,יא:,פירוש,לא,
2920,קובץ שיטות קמאי על כריתות,כן,כריתות,יא:,פירוש,לא,
2922,קובץ שיטות קמאי על כריתות,כן,כריתות,יא:,פירוש,לא,
2924,קובץ שיטות קמאי על כריתות,כן,כריתות,יא:,פירוש,לא,
2926,קובץ שיטות קמאי על כריתות,כן,כריתות,יא:,פירוש,לא,
2928,קובץ שיטות קמאי על כריתות,כן,כריתות,יא:,פירוש,לא,
2930,קובץ שיטות קמאי על כריתות,כן,כריתות,יא:,פירוש,לא,
2932,קובץ שיטות קמאי על כריתות,כן,כריתות,יא:,פירוש,לא,
2934,קובץ שיטות קמאי על כריתות,כן,כריתות,יא:,פירוש,לא,
2936,קובץ שיטות קמאי על כריתות,כן,כריתות,יא:,פירוש,לא,
2938,קובץ שיטות קמאי על כריתות,כן,כריתות,יא:,פירוש,לא,
2940,קובץ שיטות קמאי על כריתות,כן,כריתות,יא:,פירוש,לא,
2942,קובץ שיטות קמאי על כריתות,כן,כריתות,יא:,פירוש,לא,
2944,קובץ שיטות קמאי על כריתות,כן,כריתות,יא:,פירוש,לא,
2946,קובץ שיטות קמאי על כריתות,כן,כריתות,יא:,פירוש,לא,
2948,קובץ שיטות קמאי על כריתות,כן,כריתות,יא:,פירוש,לא,
2950,קובץ שיטות קמאי על כריתות,כן,כריתות,יא:,פירוש,לא,
2952,קובץ שיטות קמאי על כריתות,כן,כריתות,יא:,פירוש,לא,
2954,קובץ שיטות קמאי על כריתות,כן,כריתות,יא:,פירוש,לא,
2956,קובץ שיטות קמאי על כריתות,כן,כריתות,יא:,פירוש,לא,
2958,קובץ שיטות קמאי על כריתות,כן,כריתות,יא:,פירוש,לא,
2960,קובץ שיטות קמאי על כריתות,כן,כריתות,יא:,פירוש,לא,
2961,קובץ שיטות קמאי על כריתות,כן,כריתות,יא:,פירוש,לא,
2962,קובץ שיטות קמאי על כריתות,כן,כריתות,יא:,פירוש,לא,
2964,קובץ שיטות קמאי על כריתות,כן,כריתות,יא:,פירוש,לא,
2966,קובץ שיטות קמאי על כריתות,כן,כריתות,יא:,פירוש,לא,
2968,קובץ שיטות קמאי על כריתות,כן,כריתות,יא:,פירוש,לא,
2970,קובץ שיטות קמאי על כריתות,כן,כריתות,יא:,פירוש,לא,
2972,קובץ שיטות קמאי על כריתות,כן,כריתות,יא:,פירוש,לא,
2974,קובץ שיטות קמאי על כריתות,כן,כריתות,יא:,פירוש,לא,
2976,קובץ שיטות קמאי על כריתות,כן,כריתות,יא:,פירוש,לא,
2978,קובץ שיטות קמאי על כריתות,כן,כריתות,יא:,פירוש,לא,
2980,קובץ שיטות קמאי על כריתות,כן,כריתות,יא:,פירוש,לא,
2982,קובץ שיטות קמאי על כריתות,כן,כריתות,יא:,פירוש,לא,
2984,קובץ שיטות קמאי על כריתות,כן,כריתות,יא:,פירוש,לא,
2986,קובץ שיטות קמאי על כריתות,כן,כריתות,יא:,פירוש,לא,
2988,קובץ שיטות קמאי על כריתות,כן,כריתות,יא:,פירוש,לא,
2990,קובץ שיטות קמאי על כריתות,כן,כריתות,יא:,פירוש,לא,
2992,קובץ שיטות קמאי על כריתות,כן,כריתות,יא:,פירוש,לא,
2994,קובץ שיטות קמאי על כריתות,כן,כריתות,יא:,פירוש,לא,
2996,קובץ שיטות קמאי על כריתות,כן,כריתות,יא:,פירוש,לא,
2998,קובץ שיטות קמאי על כריתות,כן,כריתות,יא:,פירוש,לא,
2999,קובץ שיטות קמאי על כריתות,כן,כריתות,יא:,פירוש,לא,
3000,קובץ שיטות קמאי על כריתות,כן,כריתות,יא:,פירוש,לא,
3002,קובץ שיטות קמאי על כריתות,כן,כריתות,יא:,פירוש,לא,
3003,קובץ שיטות קמאי על כריתות,כן,כריתות,יא:,פירוש,לא,
3004,קובץ שיטות קמאי על כריתות,כן,כריתות,יא:,פירוש,לא,
3005,קובץ שיטות קמאי על כריתות,כן,כריתות,יא:,פירוש,לא,
3006,קובץ שיטות קמאי על כריתות,כן,כריתות,יא:,פירוש,לא,
3007,קובץ שיטות קמאי על כריתות,כן,כריתות,יא:,פירוש,לא,
3008,קובץ שיטות קמאי על כריתות,כן,כריתות,יא:,פירוש,לא,
3009,קובץ שיטות קמאי על כריתות,כן,כריתות,יא:,פירוש,לא,
3011,קובץ שיטות קמאי על כריתות,כן,כריתות,יא:,פירוש,לא,
3013,קובץ שיטות קמאי על כריתות,כן,כריתות,יא:,פירוש,לא,
3015,קובץ שיטות קמאי על כריתות,כן,כריתות,יא:,פירוש,לא,
3017,קובץ שיטות קמאי על כריתות,כן,כריתות,יא:,פירוש,לא,
3019,קובץ שיטות קמאי על כריתות,כן,כריתות,יא:,פירוש,לא,
3021,קובץ שיטות קמאי על כריתות,כן,כריתות,יא:,פירוש,לא,
3023,קובץ שיטות קמאי על כריתות,כן,כריתות,יא:,פירוש,לא,
3025,קובץ שיטות קמאי על כריתות,כן,כריתות,יא:,פירוש,לא,
3027,קובץ שיטות קמאי על כריתות,כן,כריתות,יא:,פירוש,לא,
3029,קובץ שיטות קמאי על כריתות,כן,כריתות,יא:,פירוש,לא,
3031,קובץ שיטות קמאי על כריתות,כן,כריתות,יא:,פירוש,לא,
3033,קובץ שיטות קמאי על כריתות,כן,כריתות,יא:,פירוש,לא,
3035,קובץ שיטות קמאי על כריתות,כן,כריתות,יא:,פירוש,לא,
3037,קובץ שיטות קמאי על כריתות,כן,כריתות,יא:,פירוש,לא,
3039,קובץ שיטות קמאי על כריתות,כן,כריתות,יא:,פירוש,לא,
3041,קובץ שיטות קמאי על כריתות,כן,כריתות,יא:,פירוש,לא,
3043,קובץ שיטות קמאי על כריתות,כן,כריתות,יא:,פירוש,לא,
3045,קובץ שיטות קמאי על כריתות,כן,כריתות,יא:,פירוש,לא,
3047,קובץ שיטות קמאי על כריתות,כן,כריתות,יא:,פירוש,לא,
3049,קובץ שיטות קמאי על כריתות,כן,כריתות,יא:,פירוש,לא,
3051,קובץ שיטות קמאי על כריתות,כן,כריתות,יא:,פירוש,לא,
3053,קובץ שיטות קמאי על כריתות,כן,כריתות,יא:,פירוש,לא,
3055,קובץ שיטות קמאי על כריתות,כן,כריתות,יא:,פירוש,לא,
3057,קובץ שיטות קמאי על כריתות,כן,כריתות,יא:,פירוש,לא,
3059,קובץ שיטות קמאי על כריתות,כן,כריתות,יא:,פירוש,לא,
3061,קובץ שיטות קמאי על כריתות,כן,כריתות,יא:,פירוש,לא,
3063,קובץ שיטות קמאי על כריתות,כן,כריתות,יא:,פירוש,לא,
3065,קובץ שיטות קמאי על כריתות,כן,כריתות,יא:,פירוש,לא,
3068,קובץ שיטות קמאי על כריתות,כן,כריתות,יב.,פירוש,לא,
3070,קובץ שיטות קמאי על כריתות,כן,כריתות,יב.,פירוש,לא,
3072,קובץ שיטות קמאי על כריתות,כן,כריתות,יב.,פירוש,לא,
3074,קובץ שיטות קמאי על כריתות,כן,כריתות,יב.,פירוש,לא,
3076,קובץ שיטות קמאי על כריתות,כן,כריתות,יב.,פירוש,לא,
3078,קובץ שיטות קמאי על כריתות,כן,כריתות,יב.,פירוש,לא,
3080,קובץ שיטות קמאי על כריתות,כן,כריתות,יב.,פירוש,לא,
3082,קובץ שיטות קמאי על כריתות,כן,כריתות,יב.,פירוש,לא,
3084,קובץ שיטות קמאי על כריתות,כן,כריתות,יב.,פירוש,לא,
3085,קובץ שיטות קמאי על כריתות,כן,כריתות,יב.,פירוש,לא,
3087,קובץ שיטות קמאי על כריתות,כן,כריתות,יב.,פירוש,לא,
3089,קובץ שיטות קמאי על כריתות,כן,כריתות,יב.,פירוש,לא,
3091,קובץ שיטות קמאי על כריתות,כן,כריתות,יב.,פירוש,לא,
3093,קובץ שיטות קמאי על כריתות,כן,כריתות,יב.,פירוש,לא,
3095,קובץ שיטות קמאי על כריתות,כן,כריתות,יב.,פירוש,לא,
3097,קובץ שיטות קמאי על כריתות,כן,כריתות,יב.,פירוש,לא,
3099,קובץ שיטות קמאי על כריתות,כן,כריתות,יב.,פירוש,לא,
3101,קובץ שיטות קמאי על כריתות,כן,כריתות,יב.,פירוש,לא,
3103,קובץ שיטות קמאי על כריתות,כן,כריתות,יב.,פירוש,לא,
3105,קובץ שיטות קמאי על כריתות,כן,כריתות,יב.,פירוש,לא,
3107,קובץ שיטות קמאי על כריתות,כן,כריתות,יב.,פירוש,לא,
3109,קובץ שיטות קמאי על כריתות,כן,כריתות,יב.,פירוש,לא,
3110,קובץ שיטות קמאי על כריתות,כן,כריתות,יב.,פירוש,לא,
3112,קובץ שיטות קמאי על כריתות,כן,כריתות,יב.,פירוש,לא,
3114,קובץ שיטות קמאי על כריתות,כן,כריתות,יב.,פירוש,לא,
3116,קובץ שיטות קמאי על כריתות,כן,כריתות,יב.,פירוש,לא,
3118,קובץ שיטות קמאי על כריתות,כן,כריתות,יב.,פירוש,לא,
3120,קובץ שיטות קמאי על כריתות,כן,כריתות,יב.,פירוש,לא,
3122,קובץ שיטות קמאי על כריתות,כן,כריתות,יב.,פירוש,לא,
3124,קובץ שיטות קמאי על כריתות,כן,כריתות,יב.,פירוש,לא,
3127,קובץ שיטות קמאי על כריתות,כן,כריתות,יב:,פירוש,לא,
3129,קובץ שיטות קמאי על כריתות,כן,כריתות,יב:,פירוש,לא,
3130,קובץ שיטות קמאי על כריתות,כן,כריתות,יב:,פירוש,לא,
3132,קובץ שיטות קמאי על כריתות,כן,כריתות,יב:,פירוש,לא,
3134,קובץ שיטות קמאי על כריתות,כן,כריתות,יב:,פירוש,לא,
3136,קובץ שיטות קמאי על כריתות,כן,כריתות,יב:,פירוש,לא,
3138,קובץ שיטות קמאי על כריתות,כן,כריתות,יב:,פירוש,לא,
3139,קובץ שיטות קמאי על כריתות,כן,כריתות,יב:,פירוש,לא,
3140,קובץ שיטות קמאי על כריתות,כן,כריתות,יב:,פירוש,לא,
3141,קובץ שיטות קמאי על כריתות,כן,כריתות,יב:,פירוש,לא,
3143,קובץ שיטות קמאי על כריתות,כן,כריתות,יב:,פירוש,לא,
3145,קובץ שיטות קמאי על כריתות,כן,כריתות,יב:,פירוש,לא,
3147,קובץ שיטות קמאי על כריתות,כן,כריתות,יב:,פירוש,לא,
3149,קובץ שיטות קמאי על כריתות,כן,כריתות,יב:,פירוש,לא,
3150,קובץ שיטות קמאי על כריתות,כן,כריתות,יב:,פירוש,לא,
3152,קובץ שיטות קמאי על כריתות,כן,כריתות,יב:,פירוש,לא,
3154,קובץ שיטות קמאי על כריתות,כן,כריתות,יב:,פירוש,לא,
3156,קובץ שיטות קמאי על כריתות,כן,כריתות,יב:,פירוש,לא,
3158,קובץ שיטות קמאי על כריתות,כן,כריתות,יב:,פירוש,לא,
3160,קובץ שיטות קמאי על כריתות,כן,כריתות,יב:,פירוש,לא,
3162,קובץ שיטות קמאי על כריתות,כן,כריתות,יב:,פירוש,לא,
3164,קובץ שיטות קמאי על כריתות,כן,כריתות,יב:,פירוש,לא,
3166,קובץ שיטות קמאי על כריתות,כן,כריתות,יב:,פירוש,לא,
3168,קובץ שיטות קמאי על כריתות,כן,כריתות,יב:,פירוש,לא,
3170,קובץ שיטות קמאי על כריתות,כן,כריתות,יב:,פירוש,לא,
3172,קובץ שיטות קמאי על כריתות,כן,כריתות,יב:,פירוש,לא,
3174,קובץ שיטות קמאי על כריתות,כן,כריתות,יב:,פירוש,לא,
3176,קובץ שיטות קמאי על כריתות,כן,כריתות,יב:,פירוש,לא,
3178,קובץ שיטות קמאי על כריתות,כן,כריתות,יב:,פירוש,לא,
3180,קובץ שיטות קמאי על כריתות,כן,כריתות,יב:,פירוש,לא,
3182,קובץ שיטות קמאי על כריתות,כן,כריתות,יב:,פירוש,לא,
3184,קובץ שיטות קמאי על כריתות,כן,כריתות,יב:,פירוש,לא,
3186,קובץ שיטות קמאי על כריתות,כן,כריתות,יב:,פירוש,לא,
3189,קובץ שיטות קמאי על כריתות,כן,כריתות,יג.,פירוש,לא,
3191,קובץ שיטות קמאי על כריתות,כן,כריתות,יג.,פירוש,לא,
3193,קובץ שיטות קמאי על כריתות,כן,כריתות,יג.,פירוש,לא,
3195,קובץ שיטות קמאי על כריתות,כן,כריתות,יג.,פירוש,לא,
3197,קובץ שיטות קמאי על כריתות,כן,כריתות,יג.,פירוש,לא,
3198,קובץ שיטות קמאי על כריתות,כן,כריתות,יג.,פירוש,לא,
3199,קובץ שיטות קמאי על כריתות,כן,כריתות,יג.,פירוש,לא,
3200,קובץ שיטות קמאי על כריתות,כן,כריתות,יג.,פירוש,לא,
3201,קובץ שיטות קמאי על כריתות,כן,כריתות,יג.,פירוש,לא,
3202,קובץ שיטות קמאי על כריתות,כן,כריתות,יג.,פירוש,לא,
3204,קובץ שיטות קמאי על כריתות,כן,כריתות,יג.,פירוש,לא,
3206,קובץ שיטות קמאי על כריתות,כן,כריתות,יג.,פירוש,לא,
3208,קובץ שיטות קמאי על כריתות,כן,כריתות,יג.,פירוש,לא,
3210,קובץ שיטות קמאי על כריתות,כן,כריתות,יג.,פירוש,לא,
3212,קובץ שיטות קמאי על כריתות,כן,כריתות,יג.,פירוש,לא,
3214,קובץ שיטות קמאי על כריתות,כן,כריתות,יג.,פירוש,לא,
3216,קובץ שיטות קמאי על כריתות,כן,כריתות,יג.,פירוש,לא,
3218,קובץ שיטות קמאי על כריתות,כן,כריתות,יג.,פירוש,לא,
3219,קובץ שיטות קמאי על כריתות,כן,כריתות,יג.,פירוש,לא,
3220,קובץ שיטות קמאי על כריתות,כן,כריתות,יג.,פירוש,לא,
3222,קובץ שיטות קמאי על כריתות,כן,כריתות,יג.,פירוש,לא,
3224,קובץ שיטות קמאי על כריתות,כן,כריתות,יג.,פירוש,לא,
3226,קובץ שיטות קמאי על כריתות,כן,כריתות,יג.,פירוש,לא,
3228,קובץ שיטות קמאי על כריתות,כן,כריתות,יג.,פירוש,לא,
3230,קובץ שיטות קמאי על כריתות,כן,כריתות,יג.,פירוש,לא,
3232,קובץ שיטות קמאי על כריתות,כן,כריתות,יג.,פירוש,לא,
3234,קובץ שיטות קמאי על כריתות,כן,כריתות,יג.,פירוש,לא,
3236,קובץ שיטות קמאי על כריתות,כן,כריתות,יג.,פירוש,לא,
3238,קובץ שיטות קמאי על כריתות,כן,כריתות,יג.,פירוש,לא,
3239,קובץ שיטות קמאי על כריתות,כן,כריתות,יג.,פירוש,לא,
3240,קובץ שיטות קמאי על כריתות,כן,כריתות,יג.,פירוש,לא,
3241,קובץ שיטות קמאי על כריתות,כן,כריתות,יג.,פירוש,לא,
3243,קובץ שיטות קמאי על כריתות,כן,כריתות,יג.,פירוש,לא,
3245,קובץ שיטות קמאי על כריתות,כן,כריתות,יג.,פירוש,לא,
3247,קובץ שיטות קמאי על כריתות,כן,כריתות,יג.,פירוש,לא,
3249,קובץ שיטות קמאי על כריתות,כן,כריתות,יג.,פירוש,לא,
3250,קובץ שיטות קמאי על כריתות,כן,כריתות,יג.,פירוש,לא,
3251,קובץ שיטות קמאי על כריתות,כן,כריתות,יג.,פירוש,לא,
3252,קובץ שיטות קמאי על כריתות,כן,כריתות,יג.,פירוש,לא,
3254,קובץ שיטות קמאי על כריתות,כן,כריתות,יג.,פירוש,לא,
3256,קובץ שיטות קמאי על כריתות,כן,כריתות,יג.,פירוש,לא,
3258,קובץ שיטות קמאי על כריתות,כן,כריתות,יג.,פירוש,לא,
3260,קובץ שיטות קמאי על כריתות,כן,כריתות,יג.,פירוש,לא,
3262,קובץ שיטות קמאי על כריתות,כן,כריתות,יג.,פירוש,לא,
3264,קובץ שיטות קמאי על כריתות,כן,כריתות,יג.,פירוש,לא,
3266,קובץ שיטות קמאי על כריתות,כן,כריתות,יג.,פירוש,לא,
3268,קובץ שיטות קמאי על כריתות,כן,כריתות,יג.,פירוש,לא,
3270,קובץ שיטות קמאי על כריתות,כן,כריתות,יג.,פירוש,לא,
3272,קובץ שיטות קמאי על כריתות,כן,כריתות,יג.,פירוש,לא,
3274,קובץ שיטות קמאי על כריתות,כן,כריתות,יג.,פירוש,לא,
3276,קובץ שיטות קמאי על כריתות,כן,כריתות,יג.,פירוש,לא,
3278,קובץ שיטות קמאי על כריתות,כן,כריתות,יג.,פירוש,לא,
3279,קובץ שיטות קמאי על כריתות,כן,כריתות,יג.,פירוש,לא,
3280,קובץ שיטות קמאי על כריתות,כן,כריתות,יג.,פירוש,לא,
3282,קובץ שיטות קמאי על כריתות,כן,כריתות,יג.,פירוש,לא,
3284,קובץ שיטות קמאי על כריתות,כן,כריתות,יג.,פירוש,לא,
3286,קובץ שיטות קמאי על כריתות,כן,כריתות,יג.,פירוש,לא,
3288,קובץ שיטות קמאי על כריתות,כן,כריתות,יג.,פירוש,לא,
3290,קובץ שיטות קמאי על כריתות,כן,כריתות,יג.,פירוש,לא,
3293,קובץ שיטות קמאי על כריתות,כן,כריתות,יג:,פירוש,לא,
3295,קובץ שיטות קמאי על כריתות,כן,כריתות,יג:,פירוש,לא,
3297,קובץ שיטות קמאי על כריתות,כן,כריתות,יג:,פירוש,לא,
3299,קובץ שיטות קמאי על כריתות,כן,כריתות,יג:,פירוש,לא,
3301,קובץ שיטות קמאי על כריתות,כן,כריתות,יג:,פירוש,לא,
3303,קובץ שיטות קמאי על כריתות,כן,כריתות,יג:,פירוש,לא,
3305,קובץ שיטות קמאי על כריתות,כן,כריתות,יג:,פירוש,לא,
3307,קובץ שיטות קמאי על כריתות,כן,כריתות,יג:,פירוש,לא,
3309,קובץ שיטות קמאי על כריתות,כן,כריתות,יג:,פירוש,לא,
3311,קובץ שיטות קמאי על כריתות,כן,כריתות,יג:,פירוש,לא,
3313,קובץ שיטות קמאי על כריתות,כן,כריתות,יג:,פירוש,לא,
3315,קובץ שיטות קמאי על כריתות,כן,כריתות,יג:,פירוש,לא,
3317,קובץ שיטות קמאי על כריתות,כן,כריתות,יג:,פירוש,לא,
3319,קובץ שיטות קמאי על כריתות,כן,כריתות,יג:,פירוש,לא,
3321,קובץ שיטות קמאי על כריתות,כן,כריתות,יג:,פירוש,לא,
3323,קובץ שיטות קמאי על כריתות,כן,כריתות,יג:,פירוש,לא,
3325,קובץ שיטות קמאי על כריתות,כן,כריתות,יג:,פירוש,לא,
3327,קובץ שיטות קמאי על כריתות,כן,כריתות,יג:,פירוש,לא,
3329,קובץ שיטות קמאי על כריתות,כן,כריתות,יג:,פירוש,לא,
3331,קובץ שיטות קמאי על כריתות,כן,כריתות,יג:,פירוש,לא,
3333,קובץ שיטות קמאי על כריתות,כן,כריתות,יג:,פירוש,לא,
3335,קובץ שיטות קמאי על כריתות,כן,כריתות,יג:,פירוש,לא,
3337,קובץ שיטות קמאי על כריתות,כן,כריתות,יג:,פירוש,לא,
3338,קובץ שיטות קמאי על כריתות,כן,כריתות,יג:,פירוש,לא,
3339,קובץ שיטות קמאי על כריתות,כן,כריתות,יג:,פירוש,לא,
3340,קובץ שיטות קמאי על כריתות,כן,כריתות,יג:,פירוש,לא,
3342,קובץ שיטות קמאי על כריתות,כן,כריתות,יג:,פירוש,לא,
3344,קובץ שיטות קמאי על כריתות,כן,כריתות,יג:,פירוש,לא,
3346,קובץ שיטות קמאי על כריתות,כן,כריתות,יג:,פירוש,לא,
3347,קובץ שיטות קמאי על כריתות,כן,כריתות,יג:,פירוש,לא,
3349,קובץ שיטות קמאי על כריתות,כן,כריתות,יג:,פירוש,לא,
3350,קובץ שיטות קמאי על כריתות,כן,כריתות,יג:,פירוש,לא,
3351,קובץ שיטות קמאי על כריתות,כן,כריתות,יג:,פירוש,לא,
3352,קובץ שיטות קמאי על כריתות,כן,כריתות,יג:,פירוש,לא,
3353,קובץ שיטות קמאי על כריתות,כן,כריתות,יג:,פירוש,לא,
3354,קובץ שיטות קמאי על כריתות,כן,כריתות,יג:,פירוש,לא,
3355,קובץ שיטות קמאי על כריתות,כן,כריתות,יג:,פירוש,לא,
3356,קובץ שיטות קמאי על כריתות,כן,כריתות,יג:,פירוש,לא,
3357,קובץ שיטות קמאי על כריתות,כן,כריתות,יג:,פירוש,לא,
3358,קובץ שיטות קמאי על כריתות,כן,כריתות,יג:,פירוש,לא,
3359,קובץ שיטות קמאי על כריתות,כן,כריתות,יג:,פירוש,לא,
3360,קובץ שיטות קמאי על כריתות,כן,כריתות,יג:,פירוש,לא,
3361,קובץ שיטות קמאי על כריתות,כן,כריתות,יג:,פירוש,לא,
3362,קובץ שיטות קמאי על כריתות,כן,כריתות,יג:,פירוש,לא,
3363,קובץ שיטות קמאי על כריתות,כן,כריתות,יג:,פירוש,לא,
3364,קובץ שיטות קמאי על כריתות,כן,כריתות,יג:,פירוש,לא,
3366,קובץ שיטות קמאי על כריתות,כן,כריתות,יג:,פירוש,לא,
3368,קובץ שיטות קמאי על כריתות,כן,כריתות,יג:,פירוש,לא,
3370,קובץ שיטות קמאי על כריתות,כן,כריתות,יג:,פירוש,לא,
3372,קובץ שיטות קמאי על כריתות,כן,כריתות,יג:,פירוש,לא,
3374,קובץ שיטות קמאי על כריתות,כן,כריתות,יג:,פירוש,לא,
3376,קובץ שיטות קמאי על כריתות,כן,כריתות,יג:,פירוש,לא,
3378,קובץ שיטות קמאי על כריתות,כן,כריתות,יג:,פירוש,לא,
3380,קובץ שיטות קמאי על כריתות,כן,כריתות,יג:,פירוש,לא,
3382,קובץ שיטות קמאי על כריתות,כן,כריתות,יג:,פירוש,לא,
3384,קובץ שיטות קמאי על כריתות,כן,כריתות,יג:,פירוש,לא,
3386,קובץ שיטות קמאי על כריתות,כן,כריתות,יג:,פירוש,לא,
3388,קובץ שיטות קמאי על כריתות,כן,כריתות,יג:,פירוש,לא,
3389,קובץ שיטות קמאי על כריתות,כן,כריתות,יג:,פירוש,לא,
3390,קובץ שיטות קמאי על כריתות,כן,כריתות,יג:,פירוש,לא,
3391,קובץ שיטות קמאי על כריתות,כן,כריתות,יג:,פירוש,לא,
3393,קובץ שיטות קמאי על כריתות,כן,כריתות,יג:,פירוש,לא,
3395,קובץ שיטות קמאי על כריתות,כן,כריתות,יג:,פירוש,לא,
3397,קובץ שיטות קמאי על כריתות,כן,כריתות,יג:,פירוש,לא,
3399,קובץ שיטות קמאי על כריתות,כן,כריתות,יג:,פירוש,לא,
3401,קובץ שיטות קמאי על כריתות,כן,כריתות,יג:,פירוש,לא,
3403,קובץ שיטות קמאי על כריתות,כן,כריתות,יג:,פירוש,לא,
3405,קובץ שיטות קמאי על כריתות,כן,כריתות,יג:,פירוש,לא,
3406,קובץ שיטות קמאי על כריתות,כן,כריתות,יג:,פירוש,לא,
3407,קובץ שיטות קמאי על כריתות,כן,כריתות,יג:,פירוש,לא,
3408,קובץ שיטות קמאי על כריתות,כן,כריתות,יג:,פירוש,לא,
3409,קובץ שיטות קמאי על כריתות,כן,כריתות,יג:,פירוש,לא,
3410,קובץ שיטות קמאי על כריתות,כן,כריתות,יג:,פירוש,לא,
3411,קובץ שיטות קמאי על כריתות,כן,כריתות,יג:,פירוש,לא,
3412,קובץ שיטות קמאי על כריתות,כן,כריתות,יג:,פירוש,לא,
3413,קובץ שיטות קמאי על כריתות,כן,כריתות,יג:,פירוש,לא,
3414,קובץ שיטות קמאי על כריתות,כן,כריתות,יג:,פירוש,לא,
3415,קובץ שיטות קמאי על כריתות,כן,כריתות,יג:,פירוש,לא,
3416,קובץ שיטות קמאי על כריתות,כן,כריתות,יג:,פירוש,לא,
3418,קובץ שיטות קמאי על כריתות,כן,כריתות,יג:,פירוש,לא,
3420,קובץ שיטות קמאי על כריתות,כן,כריתות,יג:,פירוש,לא,
3422,קובץ שיטות קמאי על כריתות,כן,כריתות,יג:,פירוש,לא,
3424,קובץ שיטות קמאי על כריתות,כן,כריתות,יג:,פירוש,לא,
3426,קובץ שיטות קמאי על כריתות,כן,כריתות,יג:,פירוש,לא,
3428,קובץ שיטות קמאי על כריתות,כן,כריתות,יג:,פירוש,לא,
3430,קובץ שיטות קמאי על כריתות,כן,כריתות,יג:,פירוש,לא,
3432,קובץ שיטות קמאי על כריתות,כן,כריתות,יג:,פירוש,לא,
3434,קובץ שיטות קמאי על כריתות,כן,כריתות,יג:,פירוש,לא,
3436,קובץ שיטות קמאי על כריתות,כן,כריתות,יג:,פירוש,לא,
3438,קובץ שיטות קמאי על כריתות,כן,כריתות,יג:,פירוש,לא,
3440,קובץ שיטות קמאי על כריתות,כן,כריתות,יג:,פירוש,לא,
3442,קובץ שיטות קמאי על כריתות,כן,כריתות,יג:,פירוש,לא,
3444,קובץ שיטות קמאי על כריתות,כן,כריתות,יג:,פירוש,לא,
3446,קובץ שיטות קמאי על כריתות,כן,כריתות,יג:,פירוש,לא,
3448,קובץ שיטות קמאי על כריתות,כן,כריתות,יג:,פירוש,לא,
3450,קובץ שיטות קמאי על כריתות,כן,כריתות,יג:,פירוש,לא,
3452,קובץ שיטות קמאי על כריתות,כן,כריתות,יג:,פירוש,לא,
3454,קובץ שיטות קמאי על כריתות,כן,כריתות,יג:,פירוש,לא,
3456,קובץ שיטות קמאי על כריתות,כן,כריתות,יג:,פירוש,לא,
3458,קובץ שיטות קמאי על כריתות,כן,כריתות,יג:,פירוש,לא,
3460,קובץ שיטות קמאי על כריתות,כן,כריתות,יג:,פירוש,לא,
3462,קובץ שיטות קמאי על כריתות,כן,כריתות,יג:,פירוש,לא,
3464,קובץ שיטות קמאי על כריתות,כן,כריתות,יג:,פירוש,לא,
3466,קובץ שיטות קמאי על כריתות,כן,כריתות,יג:,פירוש,לא,
3468,קובץ שיטות קמאי על כריתות,כן,כריתות,יג:,פירוש,לא,
3470,קובץ שיטות קמאי על כריתות,כן,כריתות,יג:,פירוש,לא,
3472,קובץ שיטות קמאי על כריתות,כן,כריתות,יג:,פירוש,לא,
3474,קובץ שיטות קמאי על כריתות,כן,כריתות,יג:,פירוש,לא,
3476,קובץ שיטות קמאי על כריתות,כן,כריתות,יג:,פירוש,לא,
3478,קובץ שיטות קמאי על כריתות,כן,כריתות,יג:,פירוש,לא,
3480,קובץ שיטות קמאי על כריתות,כן,כריתות,יג:,פירוש,לא,
3482,קובץ שיטות קמאי על כריתות,כן,כריתות,יג:,פירוש,לא,
3484,קובץ שיטות קמאי על כריתות,כן,כריתות,יג:,פירוש,לא,
3486,קובץ שיטות קמאי על כריתות,כן,כריתות,יג:,פירוש,לא,
3488,קובץ שיטות קמאי על כריתות,כן,כריתות,יג:,פירוש,לא,
3491,קובץ שיטות קמאי על כריתות,כן,כריתות,יד.,פירוש,לא,
3493,קובץ שיטות קמאי על כריתות,כן,כריתות,יד.,פירוש,לא,
3495,קובץ שיטות קמאי על כריתות,כן,כריתות,יד.,פירוש,לא,
3497,קובץ שיטות קמאי על כריתות,כן,כריתות,יד.,פירוש,לא,
3499,קובץ שיטות קמאי על כריתות,כן,כריתות,יד.,פירוש,לא,
3500,קובץ שיטות קמאי על כריתות,כן,כריתות,יד.,פירוש,לא,
3502,קובץ שיטות קמאי על כריתות,כן,כריתות,יד.,פירוש,לא,
3504,קובץ שיטות קמאי על כריתות,כן,כריתות,יד.,פירוש,לא,
3505,קובץ שיטות קמאי על כריתות,כן,כריתות,יד.,פירוש,לא,
3506,קובץ שיטות קמאי על כריתות,כן,כריתות,יד.,פירוש,לא,
3507,קובץ שיטות קמאי על כריתות,כן,כריתות,יד.,פירוש,לא,
3508,קובץ שיטות קמאי על כריתות,כן,כריתות,יד.,פירוש,לא,
3509,קובץ שיטות קמאי על כריתות,כן,כריתות,יד.,פירוש,לא,
3510,קובץ שיטות קמאי על כריתות,כן,כריתות,יד.,פירוש,לא,
3511,קובץ שיטות קמאי על כריתות,כן,כריתות,יד.,פירוש,לא,
3512,קובץ שיטות קמאי על כריתות,כן,כריתות,יד.,פירוש,לא,
3513,קובץ שיטות קמאי על כריתות,כן,כריתות,יד.,פירוש,לא,
3514,קובץ שיטות קמאי על כריתות,כן,כריתות,יד.,פירוש,לא,
3515,קובץ שיטות קמאי על כריתות,כן,כריתות,יד.,פירוש,לא,
3516,קובץ שיטות קמאי על כריתות,כן,כריתות,יד.,פירוש,לא,
3517,קובץ שיטות קמאי על כריתות,כן,כריתות,יד.,פירוש,לא,
3518,קובץ שיטות קמאי על כריתות,כן,כריתות,יד.,פירוש,לא,
3519,קובץ שיטות קמאי על כריתות,כן,כריתות,יד.,פירוש,לא,
3520,קובץ שיטות קמאי על כריתות,כן,כריתות,יד.,פירוש,לא,
3521,קובץ שיטות קמאי על כריתות,כן,כריתות,יד.,פירוש,לא,
3522,קובץ שיטות קמאי על כריתות,כן,כריתות,יד.,פירוש,לא,
3524,קובץ שיטות קמאי על כריתות,כן,כריתות,יד.,פירוש,לא,
3526,קובץ שיטות קמאי על כריתות,כן,כריתות,יד.,פירוש,לא,
3528,קובץ שיטות קמאי על כריתות,כן,כריתות,יד.,פירוש,לא,
3530,קובץ שיטות קמאי על כריתות,כן,כריתות,יד.,פירוש,לא,
3532,קובץ שיטות קמאי על כריתות,כן,כריתות,יד.,פירוש,לא,
3534,קובץ שיטות קמאי על כריתות,כן,כריתות,יד.,פירוש,לא,
3536,קובץ שיטות קמאי על כריתות,כן,כריתות,יד.,פירוש,לא,
3538,קובץ שיטות קמאי על כריתות,כן,כריתות,יד.,פירוש,לא,
3540,קובץ שיטות קמאי על כריתות,כן,כריתות,יד.,פירוש,לא,
3542,קובץ שיטות קמאי על כריתות,כן,כריתות,יד.,פירוש,לא,
3544,קובץ שיטות קמאי על כריתות,כן,כריתות,יד.,פירוש,לא,
3546,קובץ שיטות קמאי על כריתות,כן,כריתות,יד.,פירוש,לא,
3548,קובץ שיטות קמאי על כריתות,כן,כריתות,יד.,פירוש,לא,
3550,קובץ שיטות קמאי על כריתות,כן,כריתות,יד.,פירוש,לא,
3552,קובץ שיטות קמאי על כריתות,כן,כריתות,יד.,פירוש,לא,
3554,קובץ שיטות קמאי על כריתות,כן,כריתות,יד.,פירוש,לא,
3556,קובץ שיטות קמאי על כריתות,כן,כריתות,יד.,פירוש,לא,
3558,קובץ שיטות קמאי על כריתות,כן,כריתות,יד.,פירוש,לא,
3560,קובץ שיטות קמאי על כריתות,כן,כריתות,יד.,פירוש,לא,
3562,קובץ שיטות קמאי על כריתות,כן,כריתות,יד.,פירוש,לא,
3564,קובץ שיטות קמאי על כריתות,כן,כריתות,יד.,פירוש,לא,
3566,קובץ שיטות קמאי על כריתות,כן,כריתות,יד.,פירוש,לא,
3568,קובץ שיטות קמאי על כריתות,כן,כריתות,יד.,פירוש,לא,
3570,קובץ שיטות קמאי על כריתות,כן,כריתות,יד.,פירוש,לא,
3572,קובץ שיטות קמאי על כריתות,כן,כריתות,יד.,פירוש,לא,
3574,קובץ שיטות קמאי על כריתות,כן,כריתות,יד.,פירוש,לא,
3576,קובץ שיטות קמאי על כריתות,כן,כריתות,יד.,פירוש,לא,
3578,קובץ שיטות קמאי על כריתות,כן,כריתות,יד.,פירוש,לא,
3580,קובץ שיטות קמאי על כריתות,כן,כריתות,יד.,פירוש,לא,
3582,קובץ שיטות קמאי על כריתות,כן,כריתות,יד.,פירוש,לא,
3584,קובץ שיטות קמאי על כריתות,כן,כריתות,יד.,פירוש,לא,
3586,קובץ שיטות קמאי על כריתות,כן,כריתות,יד.,פירוש,לא,
3588,קובץ שיטות קמאי על כריתות,כן,כריתות,יד.,פירוש,לא,
3590,קובץ שיטות קמאי על כריתות,כן,כריתות,יד.,פירוש,לא,
3592,קובץ שיטות קמאי על כריתות,כן,כריתות,יד.,פירוש,לא,
3594,קובץ שיטות קמאי על כריתות,כן,כריתות,יד.,פירוש,לא,
3596,קובץ שיטות קמאי על כריתות,כן,כריתות,יד.,פירוש,לא,
3598,קובץ שיטות קמאי על כריתות,כן,כריתות,יד.,פירוש,לא,
3600,קובץ שיטות קמאי על כריתות,כן,כריתות,יד.,פירוש,לא,
3602,קובץ שיטות קמאי על כריתות,כן,כריתות,יד.,פירוש,לא,
3604,קובץ שיטות קמאי על כריתות,כן,כריתות,יד.,פירוש,לא,
3606,קובץ שיטות קמאי על כריתות,כן,כריתות,יד.,פירוש,לא,
3608,קובץ שיטות קמאי על כריתות,כן,כריתות,יד.,פירוש,לא,
3610,קובץ שיטות קמאי על כריתות,כן,כריתות,יד.,פירוש,לא,
3612,קובץ שיטות קמאי על כריתות,כן,כריתות,יד.,פירוש,לא,
3614,קובץ שיטות קמאי על כריתות,כן,כריתות,יד.,פירוש,לא,
3616,קובץ שיטות קמאי על כריתות,כן,כריתות,יד.,פירוש,לא,
3618,קובץ שיטות קמאי על כריתות,כן,כריתות,יד.,פירוש,לא,
3620,קובץ שיטות קמאי על כריתות,כן,כריתות,יד.,פירוש,לא,
3621,קובץ שיטות קמאי על כריתות,כן,כריתות,יד.,פירוש,לא,
3623,קובץ שיטות קמאי על כריתות,כן,כריתות,יד.,פירוש,לא,
3625,קובץ שיטות קמאי על כריתות,כן,כריתות,יד.,פירוש,לא,
3627,קובץ שיטות קמאי על כריתות,כן,כריתות,יד.,פירוש,לא,
3629,קובץ שיטות קמאי על כריתות,כן,כריתות,יד.,פירוש,לא,
3631,קובץ שיטות קמאי על כריתות,כן,כריתות,יד.,פירוש,לא,
3633,קובץ שיטות קמאי על כריתות,כן,כריתות,יד.,פירוש,לא,
3635,קובץ שיטות קמאי על כריתות,כן,כריתות,יד.,פירוש,לא,
3637,קובץ שיטות קמאי על כריתות,כן,כריתות,יד.,פירוש,לא,
3639,קובץ שיטות קמאי על כריתות,כן,כריתות,יד.,פירוש,לא,
3641,קובץ שיטות קמאי על כריתות,כן,כריתות,יד.,פירוש,לא,
3644,קובץ שיטות קמאי על כריתות,כן,כריתות,יד:,פירוש,לא,
3646,קובץ שיטות קמאי על כריתות,כן,כריתות,יד:,פירוש,לא,
3648,קובץ שיטות קמאי על כריתות,כן,כריתות,יד:,פירוש,לא,
3650,קובץ שיטות קמאי על כריתות,כן,כריתות,יד:,פירוש,לא,
3652,קובץ שיטות קמאי על כריתות,כן,כריתות,יד:,פירוש,לא,
3654,קובץ שיטות קמאי על כריתות,כן,כריתות,יד:,פירוש,לא,
3656,קובץ שיטות קמאי על כריתות,כן,כריתות,יד:,פירוש,לא,
3658,קובץ שיטות קמאי על כריתות,כן,כריתות,יד:,פירוש,לא,
3660,קובץ שיטות קמאי על כריתות,כן,כריתות,יד:,פירוש,לא,
3662,קובץ שיטות קמאי על כריתות,כן,כריתות,יד:,פירוש,לא,
3664,קובץ שיטות קמאי על כריתות,כן,כריתות,יד:,פירוש,לא,
3666,קובץ שיטות קמאי על כריתות,כן,כריתות,יד:,פירוש,לא,
3668,קובץ שיטות קמאי על כריתות,כן,כריתות,יד:,פירוש,לא,
3670,קובץ שיטות קמאי על כריתות,כן,כריתות,יד:,פירוש,לא,
3672,קובץ שיטות קמאי על כריתות,כן,כריתות,יד:,פירוש,לא,
3674,קובץ שיטות קמאי על כריתות,כן,כריתות,יד:,פירוש,לא,
3676,קובץ שיטות קמאי על כריתות,כן,כריתות,יד:,פירוש,לא,
3678,קובץ שיטות קמאי על כריתות,כן,כריתות,יד:,פירוש,לא,
3680,קובץ שיטות קמאי על כריתות,כן,כריתות,יד:,פירוש,לא,
3682,קובץ שיטות קמאי על כריתות,כן,כריתות,יד:,פירוש,לא,
3684,קובץ שיטות קמאי על כריתות,כן,כריתות,יד:,פירוש,לא,
3686,קובץ שיטות קמאי על כריתות,כן,כריתות,יד:,פירוש,לא,
3688,קובץ שיטות קמאי על כריתות,כן,כריתות,יד:,פירוש,לא,
3690,קובץ שיטות קמאי על כריתות,כן,כריתות,יד:,פירוש,לא,
3692,קובץ שיטות קמאי על כריתות,כן,כריתות,יד:,פירוש,לא,
3694,קובץ שיטות קמאי על כריתות,כן,כריתות,יד:,פירוש,לא,
3696,קובץ שיטות קמאי על כריתות,כן,כריתות,יד:,פירוש,לא,
3698,קובץ שיטות קמאי על כריתות,כן,כריתות,יד:,פירוש,לא,
3700,קובץ שיטות קמאי על כריתות,כן,כריתות,יד:,פירוש,לא,
3702,קובץ שיטות קמאי על כריתות,כן,כריתות,יד:,פירוש,לא,
3704,קובץ שיטות קמאי על כריתות,כן,כריתות,יד:,פירוש,לא,
3706,קובץ שיטות קמאי על כריתות,כן,כריתות,יד:,פירוש,לא,
3708,קובץ שיטות קמאי על כריתות,כן,כריתות,יד:,פירוש,לא,
3710,קובץ שיטות קמאי על כריתות,כן,כריתות,יד:,פירוש,לא,
3712,קובץ שיטות קמאי על כריתות,כן,כריתות,יד:,פירוש,לא,
3714,קובץ שיטות קמאי על כריתות,כן,כריתות,יד:,פירוש,לא,
3716,קובץ שיטות קמאי על כריתות,כן,כריתות,יד:,פירוש,לא,
3719,קובץ שיטות קמאי על כריתות,כן,כריתות,טו.,פירוש,לא,
3721,קובץ שיטות קמאי על כריתות,כן,כריתות,טו.,פירוש,לא,
3723,קובץ שיטות קמאי על כריתות,כן,כריתות,טו.,פירוש,לא,
3725,קובץ שיטות קמאי על כריתות,כן,כריתות,טו.,פירוש,לא,
3727,קובץ שיטות קמאי על כריתות,כן,כריתות,טו.,פירוש,לא,
3729,קובץ שיטות קמאי על כריתות,כן,כריתות,טו.,פירוש,לא,
3731,קובץ שיטות קמאי על כריתות,כן,כריתות,טו.,פירוש,לא,
3733,קובץ שיטות קמאי על כריתות,כן,כריתות,טו.,פירוש,לא,
3735,קובץ שיטות קמאי על כריתות,כן,כריתות,טו.,פירוש,לא,
3737,קובץ שיטות קמאי על כריתות,כן,כריתות,טו.,פירוש,לא,
3739,קובץ שיטות קמאי על כריתות,כן,כריתות,טו.,פירוש,לא,
3741,קובץ שיטות קמאי על כריתות,כן,כריתות,טו.,פירוש,לא,
3743,קובץ שיטות קמאי על כריתות,כן,כריתות,טו.,פירוש,לא,
3745,קובץ שיטות קמאי על כריתות,כן,כריתות,טו.,פירוש,לא,
3747,קובץ שיטות קמאי על כריתות,כן,כריתות,טו.,פירוש,לא,
3749,קובץ שיטות קמאי על כריתות,כן,כריתות,טו.,פירוש,לא,
3751,קובץ שיטות קמאי על כריתות,כן,כריתות,טו.,פירוש,לא,
3753,קובץ שיטות קמאי על כריתות,כן,כריתות,טו.,פירוש,לא,
3755,קובץ שיטות קמאי על כריתות,כן,כריתות,טו.,פירוש,לא,
3757,קובץ שיטות קמאי על כריתות,כן,כריתות,טו.,פירוש,לא,
3759,קובץ שיטות קמאי על כריתות,כן,כריתות,טו.,פירוש,לא,
3760,קובץ שיטות קמאי על כריתות,כן,כריתות,טו.,פירוש,לא,
3761,קובץ שיטות קמאי על כריתות,כן,כריתות,טו.,פירוש,לא,
3762,קובץ שיטות קמאי על כריתות,כן,כריתות,טו.,פירוש,לא,
3764,קובץ שיטות קמאי על כריתות,כן,כריתות,טו.,פירוש,לא,
3766,קובץ שיטות קמאי על כריתות,כן,כריתות,טו.,פירוש,לא,
3768,קובץ שיטות קמאי על כריתות,כן,כריתות,טו.,פירוש,לא,
3770,קובץ שיטות קמאי על כריתות,כן,כריתות,טו.,פירוש,לא,
3772,קובץ שיטות קמאי על כריתות,כן,כריתות,טו.,פירוש,לא,
3774,קובץ שיטות קמאי על כריתות,כן,כריתות,טו.,פירוש,לא,
3776,קובץ שיטות קמאי על כריתות,כן,כריתות,טו.,פירוש,לא,
3778,קובץ שיטות קמאי על כריתות,כן,כריתות,טו.,פירוש,לא,
3780,קובץ שיטות קמאי על כריתות,כן,כריתות,טו.,פירוש,לא,
3781,קובץ שיטות קמאי על כריתות,כן,כריתות,טו.,פירוש,לא,
3782,קובץ שיטות קמאי על כריתות,כן,כריתות,טו.,פירוש,לא,
3784,קובץ שיטות קמאי על כריתות,כן,כריתות,טו.,פירוש,לא,
3786,קובץ שיטות קמאי על כריתות,כן,כריתות,טו.,פירוש,לא,
3788,קובץ שיטות קמאי על כריתות,כן,כריתות,טו.,פירוש,לא,
3790,קובץ שיטות קמאי על כריתות,כן,כריתות,טו.,פירוש,לא,
3793,קובץ שיטות קמאי על כריתות,כן,כריתות,טו:,פירוש,לא,
3795,קובץ שיטות קמאי על כריתות,כן,כריתות,טו:,פירוש,לא,
3796,קובץ שיטות קמאי על כריתות,כן,כריתות,טו:,פירוש,לא,
3797,קובץ שיטות קמאי על כריתות,כן,כריתות,טו:,פירוש,לא,
3798,קובץ שיטות קמאי על כריתות,כן,כריתות,טו:,פירוש,לא,
3799,קובץ שיטות קמאי על כריתות,כן,כריתות,טו:,פירוש,לא,
3800,קובץ שיטות קמאי על כריתות,כן,כריתות,טו:,פירוש,לא,
3801,קובץ שיטות קמאי על כריתות,כן,כריתות,טו:,פירוש,לא,
3802,קובץ שיטות קמאי על כריתות,כן,כריתות,טו:,פירוש,לא,
3804,קובץ שיטות קמאי על כריתות,כן,כריתות,טו:,פירוש,לא,
3806,קובץ שיטות קמאי על כריתות,כן,כריתות,טו:,פירוש,לא,
3808,קובץ שיטות קמאי על כריתות,כן,כריתות,טו:,פירוש,לא,
3810,קובץ שיטות קמאי על כריתות,כן,כריתות,טו:,פירוש,לא,
3812,קובץ שיטות קמאי על כריתות,כן,כריתות,טו:,פירוש,לא,
3814,קובץ שיטות קמאי על כריתות,כן,כריתות,טו:,פירוש,לא,
3816,קובץ שיטות קמאי על כריתות,כן,כריתות,טו:,פירוש,לא,
3818,קובץ שיטות קמאי על כריתות,כן,כריתות,טו:,פירוש,לא,
3820,קובץ שיטות קמאי על כריתות,כן,כריתות,טו:,פירוש,לא,
3821,קובץ שיטות קמאי על כריתות,כן,כריתות,טו:,פירוש,לא,
3823,קובץ שיטות קמאי על כריתות,כן,כריתות,טו:,פירוש,לא,
3825,קובץ שיטות קמאי על כריתות,כן,כריתות,טו:,פירוש,לא,
3827,קובץ שיטות קמאי על כריתות,כן,כריתות,טו:,פירוש,לא,
3829,קובץ שיטות קמאי על כריתות,כן,כריתות,טו:,פירוש,לא,
3831,קובץ שיטות קמאי על כריתות,כן,כריתות,טו:,פירוש,לא,
3833,קובץ שיטות קמאי על כריתות,כן,כריתות,טו:,פירוש,לא,
3835,קובץ שיטות קמאי על כריתות,כן,כריתות,טו:,פירוש,לא,
3837,קובץ שיטות קמאי על כריתות,כן,כריתות,טו:,פירוש,לא,
3839,קובץ שיטות קמאי על כריתות,כן,כריתות,טו:,פירוש,לא,
3841,קובץ שיטות קמאי על כריתות,כן,כריתות,טו:,פירוש,לא,
3844,קובץ שיטות קמאי על כריתות,כן,כריתות,טז.,פירוש,לא,
3846,קובץ שיטות קמאי על כריתות,כן,כריתות,טז.,פירוש,לא,
3848,קובץ שיטות קמאי על כריתות,כן,כריתות,טז.,פירוש,לא,
3850,קובץ שיטות קמאי על כריתות,כן,כריתות,טז.,פירוש,לא,
3852,קובץ שיטות קמאי על כריתות,כן,כריתות,טז.,פירוש,לא,
3854,קובץ שיטות קמאי על כריתות,כן,כריתות,טז.,פירוש,לא,
3856,קובץ שיטות קמאי על כריתות,כן,כריתות,טז.,פירוש,לא,
3858,קובץ שיטות קמאי על כריתות,כן,כריתות,טז.,פירוש,לא,
3860,קובץ שיטות קמאי על כריתות,כן,כריתות,טז.,פירוש,לא,
3862,קובץ שיטות קמאי על כריתות,כן,כריתות,טז.,פירוש,לא,
3864,קובץ שיטות קמאי על כריתות,כן,כריתות,טז.,פירוש,לא,
3866,קובץ שיטות קמאי על כריתות,כן,כריתות,טז.,פירוש,לא,
3868,קובץ שיטות קמאי על כריתות,כן,כריתות,טז.,פירוש,לא,
3870,קובץ שיטות קמאי על כריתות,כן,כריתות,טז.,פירוש,לא,
3872,קובץ שיטות קמאי על כריתות,כן,כריתות,טז.,פירוש,לא,
3874,קובץ שיטות קמאי על כריתות,כן,כריתות,טז.,פירוש,לא,
3876,קובץ שיטות קמאי על כריתות,כן,כריתות,טז.,פירוש,לא,
3878,קובץ שיטות קמאי על כריתות,כן,כריתות,טז.,פירוש,לא,
3880,קובץ שיטות קמאי על כריתות,כן,כריתות,טז.,פירוש,לא,
3882,קובץ שיטות קמאי על כריתות,כן,כריתות,טז.,פירוש,לא,
3884,קובץ שיטות קמאי על כריתות,כן,כריתות,טז.,פירוש,לא,
3886,קובץ שיטות קמאי על כריתות,כן,כריתות,טז.,פירוש,לא,
3888,קובץ שיטות קמאי על כריתות,כן,כריתות,טז.,פירוש,לא,
3891,קובץ שיטות קמאי על כריתות,כן,כריתות,טז:,פירוש,לא,
3893,קובץ שיטות קמאי על כריתות,כן,כריתות,טז:,פירוש,לא,
3895,קובץ שיטות קמאי על כריתות,כן,כריתות,טז:,פירוש,לא,
3897,קובץ שיטות קמאי על כריתות,כן,כריתות,טז:,פירוש,לא,
3899,קובץ שיטות קמאי על כריתות,כן,כריתות,טז:,פירוש,לא,
3901,קובץ שיטות קמאי על כריתות,כן,כריתות,טז:,פירוש,לא,
3903,קובץ שיטות קמאי על כריתות,כן,כריתות,טז:,פירוש,לא,
3905,קובץ שיטות קמאי על כריתות,כן,כריתות,טז:,פירוש,לא,
3907,קובץ שיטות קמאי על כריתות,כן,כריתות,טז:,פירוש,לא,
3909,קובץ שיטות קמאי על כריתות,כן,כריתות,טז:,פירוש,לא,
3911,קובץ שיטות קמאי על כריתות,כן,כריתות,טז:,פירוש,לא,
3913,קובץ שיטות קמאי על כריתות,כן,כריתות,טז:,פירוש,לא,
3915,קובץ שיטות קמאי על כריתות,כן,כריתות,טז:,פירוש,לא,
3917,קובץ שיטות קמאי על כריתות,כן,כריתות,טז:,פירוש,לא,
3919,קובץ שיטות קמאי על כריתות,כן,כריתות,טז:,פירוש,לא,
3920,קובץ שיטות קמאי על כריתות,כן,כריתות,טז:,פירוש,לא,
3922,קובץ שיטות קמאי על כריתות,כן,כריתות,טז:,פירוש,לא,
3924,קובץ שיטות קמאי על כריתות,כן,כריתות,טז:,פירוש,לא,
3926,קובץ שיטות קמאי על כריתות,כן,כריתות,טז:,פירוש,לא,
3928,קובץ שיטות קמאי על כריתות,כן,כריתות,טז:,פירוש,לא,
3930,קובץ שיטות קמאי על כריתות,כן,כריתות,טז:,פירוש,לא,
3932,קובץ שיטות קמאי על כריתות,כן,כריתות,טז:,פירוש,לא,
3934,קובץ שיטות קמאי על כריתות,כן,כריתות,טז:,פירוש,לא,
3936,קובץ שיטות קמאי על כריתות,כן,כריתות,טז:,פירוש,לא,
3938,קובץ שיטות קמאי על כריתות,כן,כריתות,טז:,פירוש,לא,
3940,קובץ שיטות קמאי על כריתות,כן,כריתות,טז:,פירוש,לא,
3942,קובץ שיטות קמאי על כריתות,כן,כריתות,טז:,פירוש,לא,
3944,קובץ שיטות קמאי על כריתות,כן,כריתות,טז:,פירוש,לא,
3946,קובץ שיטות קמאי על כריתות,כן,כריתות,טז:,פירוש,לא,
3949,קובץ שיטות קמאי על כריתות,כן,כריתות,יז.,פירוש,לא,
3951,קובץ שיטות קמאי על כריתות,כן,כריתות,יז.,פירוש,לא,
3953,קובץ שיטות קמאי על כריתות,כן,כריתות,יז.,פירוש,לא,
3955,קובץ שיטות קמאי על כריתות,כן,כריתות,יז.,פירוש,לא,
3957,קובץ שיטות קמאי על כריתות,כן,כריתות,יז.,פירוש,לא,
3959,קובץ שיטות קמאי על כריתות,כן,כריתות,יז.,פירוש,לא,
3961,קובץ שיטות קמאי על כריתות,כן,כריתות,יז.,פירוש,לא,
3963,קובץ שיטות קמאי על כריתות,כן,כריתות,יז.,פירוש,לא,
3965,קובץ שיטות קמאי על כריתות,כן,כריתות,יז.,פירוש,לא,
3967,קובץ שיטות קמאי על כריתות,כן,כריתות,יז.,פירוש,לא,
3969,קובץ שיטות קמאי על כריתות,כן,כריתות,יז.,פירוש,לא,
3971,קובץ שיטות קמאי על כריתות,כן,כריתות,יז.,פירוש,לא,
3973,קובץ שיטות קמאי על כריתות,כן,כריתות,יז.,פירוש,לא,
3974,קובץ שיטות קמאי על כריתות,כן,כריתות,יז.,פירוש,לא,
3975,קובץ שיטות קמאי על כריתות,כן,כריתות,יז.,פירוש,לא,
3976,קובץ שיטות קמאי על כריתות,כן,כריתות,יז.,פירוש,לא,
3977,קובץ שיטות קמאי על כריתות,כן,כריתות,יז.,פירוש,לא,
3978,קובץ שיטות קמאי על כריתות,כן,כריתות,יז.,פירוש,לא,
3979,קובץ שיטות קמאי על כריתות,כן,כריתות,יז.,פירוש,לא,
3981,קובץ שיטות קמאי על כריתות,כן,כריתות,יז.,פירוש,לא,
3983,קובץ שיטות קמאי על כריתות,כן,כריתות,יז.,פירוש,לא,
3985,קובץ שיטות קמאי על כריתות,כן,כריתות,יז.,פירוש,לא,
3987,קובץ שיטות קמאי על כריתות,כן,כריתות,יז.,פירוש,לא,
3989,קובץ שיטות קמאי על כריתות,כן,כריתות,יז.,פירוש,לא,
3991,קובץ שיטות קמאי על כריתות,כן,כריתות,יז.,פירוש,לא,
3993,קובץ שיטות קמאי על כריתות,כן,כריתות,יז.,פירוש,לא,
3995,קובץ שיטות קמאי על כריתות,כן,כריתות,יז.,פירוש,לא,
3997,קובץ שיטות קמאי על כריתות,כן,כריתות,יז.,פירוש,לא,
4000,קובץ שיטות קמאי על כריתות,כן,כריתות,יז:,פירוש,לא,
4002,קובץ שיטות קמאי על כריתות,כן,כריתות,יז:,פירוש,לא,
4004,קובץ שיטות קמאי על כריתות,כן,כריתות,יז:,פירוש,לא,
4006,קובץ שיטות קמאי על כריתות,כן,כריתות,יז:,פירוש,לא,
4008,קובץ שיטות קמאי על כריתות,כן,כריתות,יז:,פירוש,לא,
4010,קובץ שיטות קמאי על כריתות,כן,כריתות,יז:,פירוש,לא,
4012,קובץ שיטות קמאי על כריתות,כן,כריתות,יז:,פירוש,לא,
4014,קובץ שיטות קמאי על כריתות,כן,כריתות,יז:,פירוש,לא,
4016,קובץ שיטות קמאי על כריתות,כן,כריתות,יז:,פירוש,לא,
4018,קובץ שיטות קמאי על כריתות,כן,כריתות,יז:,פירוש,לא,
4020,קובץ שיטות קמאי על כריתות,כן,כריתות,יז:,פירוש,לא,
4021,קובץ שיטות קמאי על כריתות,כן,כריתות,יז:,פירוש,לא,
4023,קובץ שיטות קמאי על כריתות,כן,כריתות,יז:,פירוש,לא,
4025,קובץ שיטות קמאי על כריתות,כן,כריתות,יז:,פירוש,לא,
4026,קובץ שיטות קמאי על כריתות,כן,כריתות,יז:,פירוש,לא,
4027,קובץ שיטות קמאי על כריתות,כן,כריתות,יז:,פירוש,לא,
4029,קובץ שיטות קמאי על כריתות,כן,כריתות,יז:,פירוש,לא,
4031,קובץ שיטות קמאי על כריתות,כן,כריתות,יז:,פירוש,לא,
4032,קובץ שיטות קמאי על כריתות,כן,כריתות,יז:,פירוש,לא,
4034,קובץ שיטות קמאי על כריתות,כן,כריתות,יז:,פירוש,לא,
4036,קובץ שיטות קמאי על כריתות,כן,כריתות,יז:,פירוש,לא,
4038,קובץ שיטות קמאי על כריתות,כן,כריתות,יז:,פירוש,לא,
4040,קובץ שיטות קמאי על כריתות,כן,כריתות,יז:,פירוש,לא,
4042,קובץ שיטות קמאי על כריתות,כן,כריתות,יז:,פירוש,לא,
4043,קובץ שיטות קמאי על כריתות,כן,כריתות,יז:,פירוש,לא,
4044,קובץ שיטות קמאי על כריתות,כן,כריתות,יז:,פירוש,לא,
4045,קובץ שיטות קמאי על כריתות,כן,כריתות,יז:,פירוש,לא,
4047,קובץ שיטות קמאי על כריתות,כן,כריתות,יז:,פירוש,לא,
4049,קובץ שיטות קמאי על כריתות,כן,כריתות,יז:,פירוש,לא,
4051,קובץ שיטות קמאי על כריתות,כן,כריתות,יז:,פירוש,לא,
4052,קובץ שיטות קמאי על כריתות,כן,כריתות,יז:,פירוש,לא,
4053,קובץ שיטות קמאי על כריתות,כן,כריתות,יז:,פירוש,לא,
4054,קובץ שיטות קמאי על כריתות,כן,כריתות,יז:,פירוש,לא,
4055,קובץ שיטות קמאי על כריתות,כן,כריתות,יז:,פירוש,לא,
4056,קובץ שיטות קמאי על כריתות,כן,כריתות,יז:,פירוש,לא,
4058,קובץ שיטות קמאי על כריתות,כן,כריתות,יז:,פירוש,לא,
4059,קובץ שיטות קמאי על כריתות,כן,כריתות,יז:,פירוש,לא,
4060,קובץ שיטות קמאי על כריתות,כן,כריתות,יז:,פירוש,לא,
4061,קובץ שיטות קמאי על כריתות,כן,כריתות,יז:,פירוש,לא,
4062,קובץ שיטות קמאי על כריתות,כן,כריתות,יז:,פירוש,לא,
4063,קובץ שיטות קמאי על כריתות,כן,כריתות,יז:,פירוש,לא,
4064,קובץ שיטות קמאי על כריתות,כן,כריתות,יז:,פירוש,לא,
4065,קובץ שיטות קמאי על כריתות,כן,כריתות,יז:,פירוש,לא,
4066,קובץ שיטות קמאי על כריתות,כן,כריתות,יז:,פירוש,לא,
4067,קובץ שיטות קמאי על כריתות,כן,כריתות,יז:,פירוש,לא,
4068,קובץ שיטות קמאי על כריתות,כן,כריתות,יז:,פירוש,לא,
4070,קובץ שיטות קמאי על כריתות,כן,כריתות,יז:,פירוש,לא,
4071,קובץ שיטות קמאי על כריתות,כן,כריתות,יז:,פירוש,לא,
4072,קובץ שיטות קמאי על כריתות,כן,כריתות,יז:,פירוש,לא,
4073,קובץ שיטות קמאי על כריתות,כן,כריתות,יז:,פירוש,לא,
4074,קובץ שיטות קמאי על כריתות,כן,כריתות,יז:,פירוש,לא,
4075,קובץ שיטות קמאי על כריתות,כן,כריתות,יז:,פירוש,לא,
4076,קובץ שיטות קמאי על כריתות,כן,כריתות,יז:,פירוש,לא,
4077,קובץ שיטות קמאי על כריתות,כן,כריתות,יז:,פירוש,לא,
4078,קובץ שיטות קמאי על כריתות,כן,כריתות,יז:,פירוש,לא,
4079,קובץ שיטות קמאי על כריתות,כן,כריתות,יז:,פירוש,לא,
4081,קובץ שיטות קמאי על כריתות,כן,כריתות,יז:,פירוש,לא,
4083,קובץ שיטות קמאי על כריתות,כן,כריתות,יז:,פירוש,לא,
4085,קובץ שיטות קמאי על כריתות,כן,כריתות,יז:,פירוש,לא,
4087,קובץ שיטות קמאי על כריתות,כן,כריתות,יז:,פירוש,לא,
4089,קובץ שיטות קמאי על כריתות,כן,כריתות,יז:,פירוש,לא,
4090,קובץ שיטות קמאי על כריתות,כן,כריתות,יז:,פירוש,לא,
4091,קובץ שיטות קמאי על כריתות,כן,כריתות,יז:,פירוש,לא,
4092,קובץ שיטות קמאי על כריתות,כן,כריתות,יז:,פירוש,לא,
4093,קובץ שיטות קמאי על כריתות,כן,כריתות,יז:,פירוש,לא,
4094,קובץ שיטות קמאי על כריתות,כן,כריתות,יז:,פירוש,לא,
4095,קובץ שיטות קמאי על כריתות,כן,כריתות,יז:,פירוש,לא,
4096,קובץ שיטות קמאי על כריתות,כן,כריתות,יז:,פירוש,לא,
4098,קובץ שיטות קמאי על כריתות,כן,כריתות,יז:,פירוש,לא,
4100,קובץ שיטות קמאי על כריתות,כן,כריתות,יז:,פירוש,לא,
4102,קובץ שיטות קמאי על כריתות,כן,כריתות,יז:,פירוש,לא,
4104,קובץ שיטות קמאי על כריתות,כן,כריתות,יז:,פירוש,לא,
4106,קובץ שיטות קמאי על כריתות,כן,כריתות,יז:,פירוש,לא,
4108,קובץ שיטות קמאי על כריתות,כן,כריתות,יז:,פירוש,לא,
4110,קובץ שיטות קמאי על כריתות,כן,כריתות,יז:,פירוש,לא,
4112,קובץ שיטות קמאי על כריתות,כן,כריתות,יז:,פירוש,לא,
4114,קובץ שיטות קמאי על כריתות,כן,כריתות,יז:,פירוש,לא,
4116,קובץ שיטות קמאי על כריתות,כן,כריתות,יז:,פירוש,לא,
4118,קובץ שיטות קמאי על כריתות,כן,כריתות,יז:,פירוש,לא,
4119,קובץ שיטות קמאי על כריתות,כן,כריתות,יז:,פירוש,לא,
4120,קובץ שיטות קמאי על כריתות,כן,כריתות,יז:,פירוש,לא,
4122,קובץ שיטות קמאי על כריתות,כן,כריתות,יז:,פירוש,לא,
4124,קובץ שיטות קמאי על כריתות,כן,כריתות,יז:,פירוש,לא,
4126,קובץ שיטות קמאי על כריתות,כן,כריתות,יז:,פירוש,לא,
4128,קובץ שיטות קמאי על כריתות,כן,כריתות,יז:,פירוש,לא,
4130,קובץ שיטות קמאי על כריתות,כן,כריתות,יז:,פירוש,לא,
4132,קובץ שיטות קמאי על כריתות,כן,כריתות,יז:,פירוש,לא,
4134,קובץ שיטות קמאי על כריתות,כן,כריתות,יז:,פירוש,לא,
4136,קובץ שיטות קמאי על כריתות,כן,כריתות,יז:,פירוש,לא,
4138,קובץ שיטות קמאי על כריתות,כן,כריתות,יז:,פירוש,לא,
4140,קובץ שיטות קמאי על כריתות,כן,כריתות,יז:,פירוש,לא,
4142,קובץ שיטות קמאי על כריתות,כן,כריתות,יז:,פירוש,לא,
4144,קובץ שיטות קמאי על כריתות,כן,כריתות,יז:,פירוש,לא,
4147,קובץ שיטות קמאי על כריתות,כן,כריתות,יח.,פירוש,לא,
4149,קובץ שיטות קמאי על כריתות,כן,כריתות,יח.,פירוש,לא,
4151,קובץ שיטות קמאי על כריתות,כן,כריתות,יח.,פירוש,לא,
4153,קובץ שיטות קמאי על כריתות,כן,כריתות,יח.,פירוש,לא,
4155,קובץ שיטות קמאי על כריתות,כן,כריתות,יח.,פירוש,לא,
4157,קובץ שיטות קמאי על כריתות,כן,כריתות,יח.,פירוש,לא,
4159,קובץ שיטות קמאי על כריתות,כן,כריתות,יח.,פירוש,לא,
4161,קובץ שיטות קמאי על כריתות,כן,כריתות,יח.,פירוש,לא,
4163,קובץ שיטות קמאי על כריתות,כן,כריתות,יח.,פירוש,לא,
4165,קובץ שיטות קמאי על כריתות,כן,כריתות,יח.,פירוש,לא,
4167,קובץ שיטות קמאי על כריתות,כן,כריתות,יח.,פירוש,לא,
4169,קובץ שיטות קמאי על כריתות,כן,כריתות,יח.,פירוש,לא,
4171,קובץ שיטות קמאי על כריתות,כן,כריתות,יח.,פירוש,לא,
4173,קובץ שיטות קמאי על כריתות,כן,כריתות,יח.,פירוש,לא,
4175,קובץ שיטות קמאי על כריתות,כן,כריתות,יח.,פירוש,לא,
4177,קובץ שיטות קמאי על כריתות,כן,כריתות,יח.,פירוש,לא,
4179,קובץ שיטות קמאי על כריתות,כן,כריתות,יח.,פירוש,לא,
4181,קובץ שיטות קמאי על כריתות,כן,כריתות,יח.,פירוש,לא,
4183,קובץ שיטות קמאי על כריתות,כן,כריתות,יח.,פירוש,לא,
4185,קובץ שיטות קמאי על כריתות,כן,כריתות,יח.,פירוש,לא,
4187,קובץ שיטות קמאי על כריתות,כן,כריתות,יח.,פירוש,לא,
4190,קובץ שיטות קמאי על כריתות,כן,כריתות,יח:,פירוש,לא,
4191,קובץ שיטות קמאי על כריתות,כן,כריתות,יח:,פירוש,לא,
4193,קובץ שיטות קמאי על כריתות,כן,כריתות,יח:,פירוש,לא,
4195,קובץ שיטות קמאי על כריתות,כן,כריתות,יח:,פירוש,לא,
4197,קובץ שיטות קמאי על כריתות,כן,כריתות,יח:,פירוש,לא,
4199,קובץ שיטות קמאי על כריתות,כן,כריתות,יח:,פירוש,לא,
4201,קובץ שיטות קמאי על כריתות,כן,כריתות,יח:,פירוש,לא,
4203,קובץ שיטות קמאי על כריתות,כן,כריתות,יח:,פירוש,לא,
4205,קובץ שיטות קמאי על כריתות,כן,כריתות,יח:,פירוש,לא,
4207,קובץ שיטות קמאי על כריתות,כן,כריתות,יח:,פירוש,לא,
4209,קובץ שיטות קמאי על כריתות,כן,כריתות,יח:,פירוש,לא,
4211,קובץ שיטות קמאי על כריתות,כן,כריתות,יח:,פירוש,לא,
4212,קובץ שיטות קמאי על כריתות,כן,כריתות,יח:,פירוש,לא,
4213,קובץ שיטות קמאי על כריתות,כן,כריתות,יח:,פירוש,לא,
4214,קובץ שיטות קמאי על כריתות,כן,כריתות,יח:,פירוש,לא,
4216,קובץ שיטות קמאי על כריתות,כן,כריתות,יח:,פירוש,לא,
4218,קובץ שיטות קמאי על כריתות,כן,כריתות,יח:,פירוש,לא,
4220,קובץ שיטות קמאי על כריתות,כן,כריתות,יח:,פירוש,לא,
4222,קובץ שיטות קמאי על כריתות,כן,כריתות,יח:,פירוש,לא,
4224,קובץ שיטות קמאי על כריתות,כן,כריתות,יח:,פירוש,לא,
4226,קובץ שיטות קמאי על כריתות,כן,כריתות,יח:,פירוש,לא,
4228,קובץ שיטות קמאי על כריתות,כן,כריתות,יח:,פירוש,לא,
4230,קובץ שיטות קמאי על כריתות,כן,כריתות,יח:,פירוש,לא,
4232,קובץ שיטות קמאי על כריתות,כן,כריתות,יח:,פירוש,לא,
4234,קובץ שיטות קמאי על כריתות,כן,כריתות,יח:,פירוש,לא,
4236,קובץ שיטות קמאי על כריתות,כן,כריתות,יח:,פירוש,לא,
4238,קובץ שיטות קמאי על כריתות,כן,כריתות,יח:,פירוש,לא,
4240,קובץ שיטות קמאי על כריתות,כן,כריתות,יח:,פירוש,לא,
4242,קובץ שיטות קמאי על כריתות,כן,כריתות,יח:,פירוש,לא,
4244,קובץ שיטות קמאי על כריתות,כן,כריתות,יח:,פירוש,לא,
4245,קובץ שיטות קמאי על כריתות,כן,כריתות,יח:,פירוש,לא,
4247,קובץ שיטות קמאי על כריתות,כן,כריתות,יח:,פירוש,לא,
4249,קובץ שיטות קמאי על כריתות,כן,כריתות,יח:,פירוש,לא,
4251,קובץ שיטות קמאי על כריתות,כן,כריתות,יח:,פירוש,לא,
4253,קובץ שיטות קמאי על כריתות,כן,כריתות,יח:,פירוש,לא,
4255,קובץ שיטות קמאי על כריתות,כן,כריתות,יח:,פירוש,לא,
4258,קובץ שיטות קמאי על כריתות,כן,כריתות,יט.,פירוש,לא,
4260,קובץ שיטות קמאי על כריתות,כן,כריתות,יט.,פירוש,לא,
4261,קובץ שיטות קמאי על כריתות,כן,כריתות,יט.,פירוש,לא,
4262,קובץ שיטות קמאי על כריתות,כן,כריתות,יט.,פירוש,לא,
4263,קובץ שיטות קמאי על כריתות,כן,כריתות,יט.,פירוש,לא,
4264,קובץ שיטות קמאי על כריתות,כן,כריתות,יט.,פירוש,לא,
4266,קובץ שיטות קמאי על כריתות,כן,כריתות,יט.,פירוש,לא,
4268,קובץ שיטות קמאי על כריתות,כן,כריתות,יט.,פירוש,לא,
4270,קובץ שיטות קמאי על כריתות,כן,כריתות,יט.,פירוש,לא,
4272,קובץ שיטות קמאי על כריתות,כן,כריתות,יט.,פירוש,לא,
4274,קובץ שיטות קמאי על כריתות,כן,כריתות,יט.,פירוש,לא,
4275,קובץ שיטות קמאי על כריתות,כן,כריתות,יט.,פירוש,לא,
4277,קובץ שיטות קמאי על כריתות,כן,כריתות,יט.,פירוש,לא,
4278,קובץ שיטות קמאי על כריתות,כן,כריתות,יט.,פירוש,לא,
4279,קובץ שיטות קמאי על כריתות,כן,כריתות,יט.,פירוש,לא,
4280,קובץ שיטות קמאי על כריתות,כן,כריתות,יט.,פירוש,לא,
4281,קובץ שיטות קמאי על כריתות,כן,כריתות,יט.,פירוש,לא,
4282,קובץ שיטות קמאי על כריתות,כן,כריתות,יט.,פירוש,לא,
4284,קובץ שיטות קמאי על כריתות,כן,כריתות,יט.,פירוש,לא,
4286,קובץ שיטות קמאי על כריתות,כן,כריתות,יט.,פירוש,לא,
4288,קובץ שיטות קמאי על כריתות,כן,כריתות,יט.,פירוש,לא,
4290,קובץ שיטות קמאי על כריתות,כן,כריתות,יט.,פירוש,לא,
4292,קובץ שיטות קמאי על כריתות,כן,כריתות,יט.,פירוש,לא,
4294,קובץ שיטות קמאי על כריתות,כן,כריתות,יט.,פירוש,לא,
4296,קובץ שיטות קמאי על כריתות,כן,כריתות,יט.,פירוש,לא,
4298,קובץ שיטות קמאי על כריתות,כן,כריתות,יט.,פירוש,לא,
4300,קובץ שיטות קמאי על כריתות,כן,כריתות,יט.,פירוש,לא,
4302,קובץ שיטות קמאי על כריתות,כן,כריתות,יט.,פירוש,לא,
4304,קובץ שיטות קמאי על כריתות,כן,כריתות,יט.,פירוש,לא,
4306,קובץ שיטות קמאי על כריתות,כן,כריתות,יט.,פירוש,לא,
4309,קובץ שיטות קמאי על כריתות,כן,כריתות,יט:,פירוש,לא,
4311,קובץ שיטות קמאי על כריתות,כן,כריתות,יט:,פירוש,לא,
4312,קובץ שיטות קמאי על כריתות,כן,כריתות,יט:,פירוש,לא,
4314,קובץ שיטות קמאי על כריתות,כן,כריתות,יט:,פירוש,לא,
4316,קובץ שיטות קמאי על כריתות,כן,כריתות,יט:,פירוש,לא,
4318,קובץ שיטות קמאי על כריתות,כן,כריתות,יט:,פירוש,לא,
4319,קובץ שיטות קמאי על כריתות,כן,כריתות,יט:,פירוש,לא,
4320,קובץ שיטות קמאי על כריתות,כן,כריתות,יט:,פירוש,לא,
4321,קובץ שיטות קמאי על כריתות,כן,כריתות,יט:,פירוש,לא,
4323,קובץ שיטות קמאי על כריתות,כן,כריתות,יט:,פירוש,לא,
4325,קובץ שיטות קמאי על כריתות,כן,כריתות,יט:,פירוש,לא,
4327,קובץ שיטות קמאי על כריתות,כן,כריתות,יט:,פירוש,לא,
4329,קובץ שיטות קמאי על כריתות,כן,כריתות,יט:,פירוש,לא,
4331,קובץ שיטות קמאי על כריתות,כן,כריתות,יט:,פירוש,לא,
4333,קובץ שיטות קמאי על כריתות,כן,כריתות,יט:,פירוש,לא,
4335,קובץ שיטות קמאי על כריתות,כן,כריתות,יט:,פירוש,לא,
4337,קובץ שיטות קמאי על כריתות,כן,כריתות,יט:,פירוש,לא,
4339,קובץ שיטות קמאי על כריתות,כן,כריתות,יט:,פירוש,לא,
4341,קובץ שיטות קמאי על כריתות,כן,כריתות,יט:,פירוש,לא,
4343,קובץ שיטות קמאי על כריתות,כן,כריתות,יט:,פירוש,לא,
4345,קובץ שיטות קמאי על כריתות,כן,כריתות,יט:,פירוש,לא,
4347,קובץ שיטות קמאי על כריתות,כן,כריתות,יט:,פירוש,לא,
4349,קובץ שיטות קמאי על כריתות,כן,כריתות,יט:,פירוש,לא,
4350,קובץ שיטות קמאי על כריתות,כן,כריתות,יט:,פירוש,לא,
4352,קובץ שיטות קמאי על כריתות,כן,כריתות,יט:,פירוש,לא,
4354,קובץ שיטות קמאי על כריתות,כן,כריתות,יט:,פירוש,לא,
4356,קובץ שיטות קמאי על כריתות,כן,כריתות,יט:,פירוש,לא,
4358,קובץ שיטות קמאי על כריתות,כן,כריתות,יט:,פירוש,לא,
4360,קובץ שיטות קמאי על כריתות,כן,כריתות,יט:,פירוש,לא,
4362,קובץ שיטות קמאי על כריתות,כן,כריתות,יט:,פירוש,לא,
4364,קובץ שיטות קמאי על כריתות,כן,כריתות,יט:,פירוש,לא,
4366,קובץ שיטות קמאי על כריתות,כן,כריתות,יט:,פירוש,לא,
4368,קובץ שיטות קמאי על כריתות,כן,כריתות,יט:,פירוש,לא,
4370,קובץ שיטות קמאי על כריתות,כן,כריתות,יט:,פירוש,לא,
4372,קובץ שיטות קמאי על כריתות,כן,כריתות,יט:,פירוש,לא,
4374,קובץ שיטות קמאי על כריתות,כן,כריתות,יט:,פירוש,לא,
4376,קובץ שיטות קמאי על כריתות,כן,כריתות,יט:,פירוש,לא,
4378,קובץ שיטות קמאי על כריתות,כן,כריתות,יט:,פירוש,לא,
4380,קובץ שיטות קמאי על כריתות,כן,כריתות,יט:,פירוש,לא,
4382,קובץ שיטות קמאי על כריתות,כן,כריתות,יט:,פירוש,לא,
4384,קובץ שיטות קמאי על כריתות,כן,כריתות,יט:,פירוש,לא,
4386,קובץ שיטות קמאי על כריתות,כן,כריתות,יט:,פירוש,לא,
4388,קובץ שיטות קמאי על כריתות,כן,כריתות,יט:,פירוש,לא,
4390,קובץ שיטות קמאי על כריתות,כן,כריתות,יט:,פירוש,לא,
4392,קובץ שיטות קמאי על כריתות,כן,כריתות,יט:,פירוש,לא,
4394,קובץ שיטות קמאי על כריתות,כן,כריתות,יט:,פירוש,לא,
4396,קובץ שיטות קמאי על כריתות,כן,כריתות,יט:,פירוש,לא,
4398,קובץ שיטות קמאי על כריתות,כן,כריתות,יט:,פירוש,לא,
4400,קובץ שיטות קמאי על כריתות,כן,כריתות,יט:,פירוש,לא,
4402,קובץ שיטות קמאי על כריתות,כן,כריתות,יט:,פירוש,לא,
4404,קובץ שיטות קמאי על כריתות,כן,כריתות,יט:,פירוש,לא,
4406,קובץ שיטות קמאי על כריתות,כן,כריתות,יט:,פירוש,לא,
4408,קובץ שיטות קמאי על כריתות,כן,כריתות,יט:,פירוש,לא,
4410,קובץ שיטות קמאי על כריתות,כן,כריתות,יט:,פירוש,לא,
4412,קובץ שיטות קמאי על כריתות,כן,כריתות,יט:,פירוש,לא,
4414,קובץ שיטות קמאי על כריתות,כן,כריתות,יט:,פירוש,לא,
4416,קובץ שיטות קמאי על כריתות,כן,כריתות,יט:,פירוש,לא,
4418,קובץ שיטות קמאי על כריתות,כן,כריתות,יט:,פירוש,לא,
4420,קובץ שיטות קמאי על כריתות,כן,כריתות,יט:,פירוש,לא,
4422,קובץ שיטות קמאי על כריתות,כן,כריתות,יט:,פירוש,לא,
4424,קובץ שיטות קמאי על כריתות,כן,כריתות,יט:,פירוש,לא,
4426,קובץ שיטות קמאי על כריתות,כן,כריתות,יט:,פירוש,לא,
4428,קובץ שיטות קמאי על כריתות,כן,כריתות,יט:,פירוש,לא,
4430,קובץ שיטות קמאי על כריתות,כן,כריתות,יט:,פירוש,לא,
4432,קובץ שיטות קמאי על כריתות,כן,כריתות,יט:,פירוש,לא,
4434,קובץ שיטות קמאי על כריתות,כן,כריתות,יט:,פירוש,לא,
4436,קובץ שיטות קמאי על כריתות,כן,כריתות,יט:,פירוש,לא,
4438,קובץ שיטות קמאי על כריתות,כן,כריתות,יט:,פירוש,לא,
4440,קובץ שיטות קמאי על כריתות,כן,כריתות,יט:,פירוש,לא,
4442,קובץ שיטות קמאי על כריתות,כן,כריתות,יט:,פירוש,לא,
4444,קובץ שיטות קמאי על כריתות,כן,כריתות,יט:,פירוש,לא,
4446,קובץ שיטות קמאי על כריתות,כן,כריתות,יט:,פירוש,לא,
4448,קובץ שיטות קמאי על כריתות,כן,כריתות,יט:,פירוש,לא,
4450,קובץ שיטות קמאי על כריתות,כן,כריתות,יט:,פירוש,לא,
4452,קובץ שיטות קמאי על כריתות,כן,כריתות,יט:,פירוש,לא,
4454,קובץ שיטות קמאי על כריתות,כן,כריתות,יט:,פירוש,לא,
4456,קובץ שיטות קמאי על כריתות,כן,כריתות,יט:,פירוש,לא,
4458,קובץ שיטות קמאי על כריתות,כן,כריתות,יט:,פירוש,לא,
4460,קובץ שיטות קמאי על כריתות,כן,כריתות,יט:,פירוש,לא,
4462,קובץ שיטות קמאי על כריתות,כן,כריתות,יט:,פירוש,לא,
4464,קובץ שיטות קמאי על כריתות,כן,כריתות,יט:,פירוש,לא,
4466,קובץ שיטות קמאי על כריתות,כן,כריתות,יט:,פירוש,לא,
4468,קובץ שיטות קמאי על כריתות,כן,כריתות,יט:,פירוש,לא,
4470,קובץ שיטות קמאי על כריתות,כן,כריתות,יט:,פירוש,לא,
4472,קובץ שיטות קמאי על כריתות,כן,כריתות,יט:,פירוש,לא,
4474,קובץ שיטות קמאי על כריתות,כן,כריתות,יט:,פירוש,לא,
4476,קובץ שיטות קמאי על כריתות,כן,כריתות,יט:,פירוש,לא,
4478,קובץ שיטות קמאי על כריתות,כן,כריתות,יט:,פירוש,לא,
4480,קובץ שיטות קמאי על כריתות,כן,כריתות,יט:,פירוש,לא,
4482,קובץ שיטות קמאי על כריתות,כן,כריתות,יט:,פירוש,לא,
4485,קובץ שיטות קמאי על כריתות,כן,כריתות,כ.,פירוש,לא,
4487,קובץ שיטות קמאי על כריתות,כן,כריתות,כ.,פירוש,לא,
4489,קובץ שיטות קמאי על כריתות,כן,כריתות,כ.,פירוש,לא,
4491,קובץ שיטות קמאי על כריתות,כן,כריתות,כ.,פירוש,לא,
4493,קובץ שיטות קמאי על כריתות,כן,כריתות,כ.,פירוש,לא,
4495,קובץ שיטות קמאי על כריתות,כן,כריתות,כ.,פירוש,לא,
4497,קובץ שיטות קמאי על כריתות,כן,כריתות,כ.,פירוש,לא,
4499,קובץ שיטות קמאי על כריתות,כן,כריתות,כ.,פירוש,לא,
4501,קובץ שיטות קמאי על כריתות,כן,כריתות,כ.,פירוש,לא,
4503,קובץ שיטות קמאי על כריתות,כן,כריתות,כ.,פירוש,לא,
4505,קובץ שיטות קמאי על כריתות,כן,כריתות,כ.,פירוש,לא,
4507,קובץ שיטות קמאי על כריתות,כן,כריתות,כ.,פירוש,לא,
4509,קובץ שיטות קמאי על כריתות,כן,כריתות,כ.,פירוש,לא,
4511,קובץ שיטות קמאי על כריתות,כן,כריתות,כ.,פירוש,לא,
4513,קובץ שיטות קמאי על כריתות,כן,כריתות,כ.,פירוש,לא,
4515,קובץ שיטות קמאי על כריתות,כן,כריתות,כ.,פירוש,לא,
4517,קובץ שיטות קמאי על כריתות,כן,כריתות,כ.,פירוש,לא,
4519,קובץ שיטות קמאי על כריתות,כן,כריתות,כ.,פירוש,לא,
4521,קובץ שיטות קמאי על כריתות,כן,כריתות,כ.,פירוש,לא,
4523,קובץ שיטות קמאי על כריתות,כן,כריתות,כ.,פירוש,לא,
4525,קובץ שיטות קמאי על כריתות,כן,כריתות,כ.,פירוש,לא,
4527,קובץ שיטות קמאי על כריתות,כן,כריתות,כ.,פירוש,לא,
4529,קובץ שיטות קמאי על כריתות,כן,כריתות,כ.,פירוש,לא,
4531,קובץ שיטות קמאי על כריתות,כן,כריתות,כ.,פירוש,לא,
4533,קובץ שיטות קמאי על כריתות,כן,כריתות,כ.,פירוש,לא,
4535,קובץ שיטות קמאי על כריתות,כן,כריתות,כ.,פירוש,לא,
4537,קובץ שיטות קמאי על כריתות,כן,כריתות,כ.,פירוש,לא,
4539,קובץ שיטות קמאי על כריתות,כן,כריתות,כ.,פירוש,לא,
4541,קובץ שיטות קמאי על כריתות,כן,כריתות,כ.,פירוש,לא,
4543,קובץ שיטות קמאי על כריתות,כן,כריתות,כ.,פירוש,לא,
4546,קובץ שיטות קמאי על כריתות,כן,כריתות,כ:,פירוש,לא,
4548,קובץ שיטות קמאי על כריתות,כן,כריתות,כ:,פירוש,לא,
4550,קובץ שיטות קמאי על כריתות,כן,כריתות,כ:,פירוש,לא,
4552,קובץ שיטות קמאי על כריתות,כן,כריתות,כ:,פירוש,לא,
4554,קובץ שיטות קמאי על כריתות,כן,כריתות,כ:,פירוש,לא,
4556,קובץ שיטות קמאי על כריתות,כן,כריתות,כ:,פירוש,לא,
4558,קובץ שיטות קמאי על כריתות,כן,כריתות,כ:,פירוש,לא,
4560,קובץ שיטות קמאי על כריתות,כן,כריתות,כ:,פירוש,לא,
4562,קובץ שיטות קמאי על כריתות,כן,כריתות,כ:,פירוש,לא,
4564,קובץ שיטות קמאי על כריתות,כן,כריתות,כ:,פירוש,לא,
4566,קובץ שיטות קמאי על כריתות,כן,כריתות,כ:,פירוש,לא,
4568,קובץ שיטות קמאי על כריתות,כן,כריתות,כ:,פירוש,לא,
4570,קובץ שיטות קמאי על כריתות,כן,כריתות,כ:,פירוש,לא,
4572,קובץ שיטות קמאי על כריתות,כן,כריתות,כ:,פירוש,לא,
4574,קובץ שיטות קמאי על כריתות,כן,כריתות,כ:,פירוש,לא,
4576,קובץ שיטות קמאי על כריתות,כן,כריתות,כ:,פירוש,לא,
4578,קובץ שיטות קמאי על כריתות,כן,כריתות,כ:,פירוש,לא,
4579,קובץ שיטות קמאי על כריתות,כן,כריתות,כ:,פירוש,לא,
4580,קובץ שיטות קמאי על כריתות,כן,כריתות,כ:,פירוש,לא,
4581,קובץ שיטות קמאי על כריתות,כן,כריתות,כ:,פירוש,לא,
4582,קובץ שיטות קמאי על כריתות,כן,כריתות,כ:,פירוש,לא,
4583,קובץ שיטות קמאי על כריתות,כן,כריתות,כ:,פירוש,לא,
4584,קובץ שיטות קמאי על כריתות,כן,כריתות,כ:,פירוש,לא,
4585,קובץ שיטות קמאי על כריתות,כן,כריתות,כ:,פירוש,לא,
4587,קובץ שיטות קמאי על כריתות,כן,כריתות,כ:,פירוש,לא,
4589,קובץ שיטות קמאי על כריתות,כן,כריתות,כ:,פירוש,לא,
4591,קובץ שיטות קמאי על כריתות,כן,כריתות,כ:,פירוש,לא,
4593,קובץ שיטות קמאי על כריתות,כן,כריתות,כ:,פירוש,לא,
4595,קובץ שיטות קמאי על כריתות,כן,כריתות,כ:,פירוש,לא,
4597,קובץ שיטות קמאי על כריתות,כן,כריתות,כ:,פירוש,לא,
4599,קובץ שיטות קמאי על כריתות,כן,כריתות,כ:,פירוש,לא,
4601,קובץ שיטות קמאי על כריתות,כן,כריתות,כ:,פירוש,לא,
4603,קובץ שיטות קמאי על כריתות,כן,כריתות,כ:,פירוש,לא,
4605,קובץ שיטות קמאי על כריתות,כן,כריתות,כ:,פירוש,לא,
4607,קובץ שיטות קמאי על כריתות,כן,כריתות,כ:,פירוש,לא,
4609,קובץ שיטות קמאי על כריתות,כן,כריתות,כ:,פירוש,לא,
4611,קובץ שיטות קמאי על כריתות,כן,כריתות,כ:,פירוש,לא,
4613,קובץ שיטות קמאי על כריתות,כן,כריתות,כ:,פירוש,לא,
4615,קובץ שיטות קמאי על כריתות,כן,כריתות,כ:,פירוש,לא,
4617,קובץ שיטות קמאי על כריתות,כן,כריתות,כ:,פירוש,לא,
4618,קובץ שיטות קמאי על כריתות,כן,כריתות,כ:,פירוש,לא,
4619,קובץ שיטות קמאי על כריתות,כן,כריתות,כ:,פירוש,לא,
4620,קובץ שיטות קמאי על כריתות,כן,כריתות,כ:,פירוש,לא,
4622,קובץ שיטות קמאי על כריתות,כן,כריתות,כ:,פירוש,לא,
4624,קובץ שיטות קמאי על כריתות,כן,כריתות,כ:,פירוש,לא,
4626,קובץ שיטות קמאי על כריתות,כן,כריתות,כ:,פירוש,לא,
4628,קובץ שיטות קמאי על כריתות,כן,כריתות,כ:,פירוש,לא,
4630,קובץ שיטות קמאי על כריתות,כן,כריתות,כ:,פירוש,לא,
4632,קובץ שיטות קמאי על כריתות,כן,כריתות,כ:,פירוש,לא,
4634,קובץ שיטות קמאי על כריתות,כן,כריתות,כ:,פירוש,לא,
4636,קובץ שיטות קמאי על כריתות,כן,כריתות,כ:,פירוש,לא,
4638,קובץ שיטות קמאי על כריתות,כן,כריתות,כ:,פירוש,לא,
4640,קובץ שיטות קמאי על כריתות,כן,כריתות,כ:,פירוש,לא,
4642,קובץ שיטות קמאי על כריתות,כן,כריתות,כ:,פירוש,לא,
4644,קובץ שיטות קמאי על כריתות,כן,כריתות,כ:,פירוש,לא,
4646,קובץ שיטות קמאי על כריתות,כן,כריתות,כ:,פירוש,לא,
4648,קובץ שיטות קמאי על כריתות,כן,כריתות,כ:,פירוש,לא,
4650,קובץ שיטות קמאי על כריתות,כן,כריתות,כ:,פירוש,לא,
4652,קובץ שיטות קמאי על כריתות,כן,כריתות,כ:,פירוש,לא,
4654,קובץ שיטות קמאי על כריתות,כן,כריתות,כ:,פירוש,לא,
4656,קובץ שיטות קמאי על כריתות,כן,כריתות,כ:,פירוש,לא,
4658,קובץ שיטות קמאי על כריתות,כן,כריתות,כ:,פירוש,לא,
4660,קובץ שיטות קמאי על כריתות,כן,כריתות,כ:,פירוש,לא,
4662,קובץ שיטות קמאי על כריתות,כן,כריתות,כ:,פירוש,לא,
4664,קובץ שיטות קמאי על כריתות,כן,כריתות,כ:,פירוש,לא,
4666,קובץ שיטות קמאי על כריתות,כן,כריתות,כ:,פירוש,לא,
4668,קובץ שיטות קמאי על כריתות,כן,כריתות,כ:,פירוש,לא,
4670,קובץ שיטות קמאי על כריתות,כן,כריתות,כ:,פירוש,לא,
4672,קובץ שיטות קמאי על כריתות,כן,כריתות,כ:,פירוש,לא,
4674,קובץ שיטות קמאי על כריתות,כן,כריתות,כ:,פירוש,לא,
4676,קובץ שיטות קמאי על כריתות,כן,כריתות,כ:,פירוש,לא,
4678,קובץ שיטות קמאי על כריתות,כן,כריתות,כ:,פירוש,לא,
4680,קובץ שיטות קמאי על כריתות,כן,כריתות,כ:,פירוש,לא,
4681,קובץ שיטות קמאי על כריתות,כן,כריתות,כ:,פירוש,לא,
4683,קובץ שיטות קמאי על כריתות,כן,כריתות,כ:,פירוש,לא,
4685,קובץ שיטות קמאי על כריתות,כן,כריתות,כ:,פירוש,לא,
4686,קובץ שיטות קמאי על כריתות,כן,כריתות,כ:,פירוש,לא,
4687,קובץ שיטות קמאי על כריתות,כן,כריתות,כ:,פירוש,לא,
4688,קובץ שיטות קמאי על כריתות,כן,כריתות,כ:,פירוש,לא,
4690,קובץ שיטות קמאי על כריתות,כן,כריתות,כ:,פירוש,לא,
4692,קובץ שיטות קמאי על כריתות,כן,כריתות,כ:,פירוש,לא,
4694,קובץ שיטות קמאי על כריתות,כן,כריתות,כ:,פירוש,לא,
4696,קובץ שיטות קמאי על כריתות,כן,כריתות,כ:,פירוש,לא,
4698,קובץ שיטות קמאי על כריתות,כן,כריתות,כ:,פירוש,לא,
4700,קובץ שיטות קמאי על כריתות,כן,כריתות,כ:,פירוש,לא,
4702,קובץ שיטות קמאי על כריתות,כן,כריתות,כ:,פירוש,לא,
4704,קובץ שיטות קמאי על כריתות,כן,כריתות,כ:,פירוש,לא,
4706,קובץ שיטות קמאי על כריתות,כן,כריתות,כ:,פירוש,לא,
4708,קובץ שיטות קמאי על כריתות,כן,כריתות,כ:,פירוש,לא,
4710,קובץ שיטות קמאי על כריתות,כן,כריתות,כ:,פירוש,לא,
4712,קובץ שיטות קמאי על כריתות,כן,כריתות,כ:,פירוש,לא,
4714,קובץ שיטות קמאי על כריתות,כן,כריתות,כ:,פירוש,לא,
4716,קובץ שיטות קמאי על כריתות,כן,כריתות,כ:,פירוש,לא,
4718,קובץ שיטות קמאי על כריתות,כן,כריתות,כ:,פירוש,לא,
4720,קובץ שיטות קמאי על כריתות,כן,כריתות,כ:,פירוש,לא,
4722,קובץ שיטות קמאי על כריתות,כן,כריתות,כ:,פירוש,לא,
4724,קובץ שיטות קמאי על כריתות,כן,כריתות,כ:,פירוש,לא,
4726,קובץ שיטות קמאי על כריתות,כן,כריתות,כ:,פירוש,לא,
4728,קובץ שיטות קמאי על כריתות,כן,כריתות,כ:,פירוש,לא,
4730,קובץ שיטות קמאי על כריתות,כן,כריתות,כ:,פירוש,לא,
4732,קובץ שיטות קמאי על כריתות,כן,כריתות,כ:,פירוש,לא,
4734,קובץ שיטות קמאי על כריתות,כן,כריתות,כ:,פירוש,לא,
4736,קובץ שיטות קמאי על כריתות,כן,כריתות,כ:,פירוש,לא,
4738,קובץ שיטות קמאי על כריתות,כן,כריתות,כ:,פירוש,לא,
4740,קובץ שיטות קמאי על כריתות,כן,כריתות,כ:,פירוש,לא,
4742,קובץ שיטות קמאי על כריתות,כן,כריתות,כ:,פירוש,לא,
4745,קובץ שיטות קמאי על כריתות,כן,כריתות,כא.,פירוש,לא,
4747,קובץ שיטות קמאי על כריתות,כן,כריתות,כא.,פירוש,לא,
4749,קובץ שיטות קמאי על כריתות,כן,כריתות,כא.,פירוש,לא,
4751,קובץ שיטות קמאי על כריתות,כן,כריתות,כא.,פירוש,לא,
4753,קובץ שיטות קמאי על כריתות,כן,כריתות,כא.,פירוש,לא,
4755,קובץ שיטות קמאי על כריתות,כן,כריתות,כא.,פירוש,לא,
4757,קובץ שיטות קמאי על כריתות,כן,כריתות,כא.,פירוש,לא,
4759,קובץ שיטות קמאי על כריתות,כן,כריתות,כא.,פירוש,לא,
4761,קובץ שיטות קמאי על כריתות,כן,כריתות,כא.,פירוש,לא,
4763,קובץ שיטות קמאי על כריתות,כן,כריתות,כא.,פירוש,לא,
4765,קובץ שיטות קמאי על כריתות,כן,כריתות,כא.,פירוש,לא,
4767,קובץ שיטות קמאי על כריתות,כן,כריתות,כא.,פירוש,לא,
4769,קובץ שיטות קמאי על כריתות,כן,כריתות,כא.,פירוש,לא,
4770,קובץ שיטות קמאי על כריתות,כן,כריתות,כא.,פירוש,לא,
4771,קובץ שיטות קמאי על כריתות,כן,כריתות,כא.,פירוש,לא,
4772,קובץ שיטות קמאי על כריתות,כן,כריתות,כא.,פירוש,לא,
4773,קובץ שיטות קמאי על כריתות,כן,כריתות,כא.,פירוש,לא,
4774,קובץ שיטות קמאי על כריתות,כן,כריתות,כא.,פירוש,לא,
4775,קובץ שיטות קמאי על כריתות,כן,כריתות,כא.,פירוש,לא,
4776,קובץ שיטות קמאי על כריתות,כן,כריתות,כא.,פירוש,לא,
4777,קובץ שיטות קמאי על כריתות,כן,כריתות,כא.,פירוש,לא,
4778,קובץ שיטות קמאי על כריתות,כן,כריתות,כא.,פירוש,לא,
4779,קובץ שיטות קמאי על כריתות,כן,כריתות,כא.,פירוש,לא,
4780,קובץ שיטות קמאי על כריתות,כן,כריתות,כא.,פירוש,לא,
4782,קובץ שיטות קמאי על כריתות,כן,כריתות,כא.,פירוש,לא,
4783,קובץ שיטות קמאי על כריתות,כן,כריתות,כא.,פירוש,לא,
4784,קובץ שיטות קמאי על כריתות,כן,כריתות,כא.,פירוש,לא,
4786,קובץ שיטות קמאי על כריתות,כן,כריתות,כא.,פירוש,לא,
4787,קובץ שיטות קמאי על כריתות,כן,כריתות,כא.,פירוש,לא,
4788,קובץ שיטות קמאי על כריתות,כן,כריתות,כא.,פירוש,לא,
4789,קובץ שיטות קמאי על כריתות,כן,כריתות,כא.,פירוש,לא,
4790,קובץ שיטות קמאי על כריתות,כן,כריתות,כא.,פירוש,לא,
4791,קובץ שיטות קמאי על כריתות,כן,כריתות,כא.,פירוש,לא,
4792,קובץ שיטות קמאי על כריתות,כן,כריתות,כא.,פירוש,לא,
4793,קובץ שיטות קמאי על כריתות,כן,כריתות,כא.,פירוש,לא,
4794,קובץ שיטות קמאי על כריתות,כן,כריתות,כא.,פירוש,לא,
4795,קובץ שיטות קמאי על כריתות,כן,כריתות,כא.,פירוש,לא,
4796,קובץ שיטות קמאי על כריתות,כן,כריתות,כא.,פירוש,לא,
4797,קובץ שיטות קמאי על כריתות,כן,כריתות,כא.,פירוש,לא,
4798,קובץ שיטות קמאי על כריתות,כן,כריתות,כא.,פירוש,לא,
4799,קובץ שיטות קמאי על כריתות,כן,כריתות,כא.,פירוש,לא,
4800,קובץ שיטות קמאי על כריתות,כן,כריתות,כא.,פירוש,לא,
4801,קובץ שיטות קמאי על כריתות,כן,כריתות,כא.,פירוש,לא,
4802,קובץ שיטות קמאי על כריתות,כן,כריתות,כא.,פירוש,לא,
4803,קובץ שיטות קמאי על כריתות,כן,כריתות,כא.,פירוש,לא,
4804,קובץ שיטות קמאי על כריתות,כן,כריתות,כא.,פירוש,לא,
4806,קובץ שיטות קמאי על כריתות,כן,כריתות,כא.,פירוש,לא,
4807,קובץ שיטות קמאי על כריתות,כן,כריתות,כא.,פירוש,לא,
4808,קובץ שיטות קמאי על כריתות,כן,כריתות,כא.,פירוש,לא,
4810,קובץ שיטות קמאי על כריתות,כן,כריתות,כא.,פירוש,לא,
4811,קובץ שיטות קמאי על כריתות,כן,כריתות,כא.,פירוש,לא,
4812,קובץ שיטות קמאי על כריתות,כן,כריתות,כא.,פירוש,לא,
4813,קובץ שיטות קמאי על כריתות,כן,כריתות,כא.,פירוש,לא,
4814,קובץ שיטות קמאי על כריתות,כן,כריתות,כא.,פירוש,לא,
4815,קובץ שיטות קמאי על כריתות,כן,כריתות,כא.,פירוש,לא,
4816,קובץ שיטות קמאי על כריתות,כן,כריתות,כא.,פירוש,לא,
4818,קובץ שיטות קמאי על כריתות,כן,כריתות,כא.,פירוש,לא,
4820,קובץ שיטות קמאי על כריתות,כן,כריתות,כא.,פירוש,לא,
4822,קובץ שיטות קמאי על כריתות,כן,כריתות,כא.,פירוש,לא,
4824,קובץ שיטות קמאי על כריתות,כן,כריתות,כא.,פירוש,לא,
4826,קובץ שיטות קמאי על כריתות,כן,כריתות,כא.,פירוש,לא,
4828,קובץ שיטות קמאי על כריתות,כן,כריתות,כא.,פירוש,לא,
4830,קובץ שיטות קמאי על כריתות,כן,כריתות,כא.,פירוש,לא,
4832,קובץ שיטות קמאי על כריתות,כן,כריתות,כא.,פירוש,לא,
4834,קובץ שיטות קמאי על כריתות,כן,כריתות,כא.,פירוש,לא,
4836,קובץ שיטות קמאי על כריתות,כן,כריתות,כא.,פירוש,לא,
4838,קובץ שיטות קמאי על כריתות,כן,כריתות,כא.,פירוש,לא,
4840,קובץ שיטות קמאי על כריתות,כן,כריתות,כא.,פירוש,לא,
4842,קובץ שיטות קמאי על כריתות,כן,כריתות,כא.,פירוש,לא,
4844,קובץ שיטות קמאי על כריתות,כן,כריתות,כא.,פירוש,לא,
4846,קובץ שיטות קמאי על כריתות,כן,כריתות,כא.,פירוש,לא,
4847,קובץ שיטות קמאי על כריתות,כן,כריתות,כא.,פירוש,לא,
4848,קובץ שיטות קמאי על כריתות,כן,כריתות,כא.,פירוש,לא,
4849,קובץ שיטות קמאי על כריתות,כן,כריתות,כא.,פירוש,לא,
4850,קובץ שיטות קמאי על כריתות,כן,כריתות,כא.,פירוש,לא,
4852,קובץ שיטות קמאי על כריתות,כן,כריתות,כא.,פירוש,לא,
4853,קובץ שיטות קמאי על כריתות,כן,כריתות,כא.,פירוש,לא,
4854,קובץ שיטות קמאי על כריתות,כן,כריתות,כא.,פירוש,לא,
4856,קובץ שיטות קמאי על כריתות,כן,כריתות,כא.,פירוש,לא,
4858,קובץ שיטות קמאי על כריתות,כן,כריתות,כא.,פירוש,לא,
4860,קובץ שיטות קמאי על כריתות,כן,כריתות,כא.,פירוש,לא,
4862,קובץ שיטות קמאי על כריתות,כן,כריתות,כא.,פירוש,לא,
4864,קובץ שיטות קמאי על כריתות,כן,כריתות,כא.,פירוש,לא,
4866,קובץ שיטות קמאי על כריתות,כן,כריתות,כא.,פירוש,לא,
4868,קובץ שיטות קמאי על כריתות,כן,כריתות,כא.,פירוש,לא,
4870,קובץ שיטות קמאי על כריתות,כן,כריתות,כא.,פירוש,לא,
4872,קובץ שיטות קמאי על כריתות,כן,כריתות,כא.,פירוש,לא,
4874,קובץ שיטות קמאי על כריתות,כן,כריתות,כא.,פירוש,לא,
4877,קובץ שיטות קמאי על כריתות,כן,כריתות,כא:,פירוש,לא,
4879,קובץ שיטות קמאי על כריתות,כן,כריתות,כא:,פירוש,לא,
4881,קובץ שיטות קמאי על כריתות,כן,כריתות,כא:,פירוש,לא,
4883,קובץ שיטות קמאי על כריתות,כן,כריתות,כא:,פירוש,לא,
4885,קובץ שיטות קמאי על כריתות,כן,כריתות,כא:,פירוש,לא,
4887,קובץ שיטות קמאי על כריתות,כן,כריתות,כא:,פירוש,לא,
4889,קובץ שיטות קמאי על כריתות,כן,כריתות,כא:,פירוש,לא,
4891,קובץ שיטות קמאי על כריתות,כן,כריתות,כא:,פירוש,לא,
4893,קובץ שיטות קמאי על כריתות,כן,כריתות,כא:,פירוש,לא,
4894,קובץ שיטות קמאי על כריתות,כן,כריתות,כא:,פירוש,לא,
4895,קובץ שיטות קמאי על כריתות,כן,כריתות,כא:,פירוש,לא,
4897,קובץ שיטות קמאי על כריתות,כן,כריתות,כא:,פירוש,לא,
4898,קובץ שיטות קמאי על כריתות,כן,כריתות,כא:,פירוש,לא,
4899,קובץ שיטות קמאי על כריתות,כן,כריתות,כא:,פירוש,לא,
4900,קובץ שיטות קמאי על כריתות,כן,כריתות,כא:,פירוש,לא,
4902,קובץ שיטות קמאי על כריתות,כן,כריתות,כא:,פירוש,לא,
4903,קובץ שיטות קמאי על כריתות,כן,כריתות,כא:,פירוש,לא,
4904,קובץ שיטות קמאי על כריתות,כן,כריתות,כא:,פירוש,לא,
4906,קובץ שיטות קמאי על כריתות,כן,כריתות,כא:,פירוש,לא,
4908,קובץ שיטות קמאי על כריתות,כן,כריתות,כא:,פירוש,לא,
4910,קובץ שיטות קמאי על כריתות,כן,כריתות,כא:,פירוש,לא,
4912,קובץ שיטות קמאי על כריתות,כן,כריתות,כא:,פירוש,לא,
4914,קובץ שיטות קמאי על כריתות,כן,כריתות,כא:,פירוש,לא,
4916,קובץ שיטות קמאי על כריתות,כן,כריתות,כא:,פירוש,לא,
4918,קובץ שיטות קמאי על כריתות,כן,כריתות,כא:,פירוש,לא,
4920,קובץ שיטות קמאי על כריתות,כן,כריתות,כא:,פירוש,לא,
4922,קובץ שיטות קמאי על כריתות,כן,כריתות,כא:,פירוש,לא,
4924,קובץ שיטות קמאי על כריתות,כן,כריתות,כא:,פירוש,לא,
4926,קובץ שיטות קמאי על כריתות,כן,כריתות,כא:,פירוש,לא,
4928,קובץ שיטות קמאי על כריתות,כן,כריתות,כא:,פירוש,לא,
4930,קובץ שיטות קמאי על כריתות,כן,כריתות,כא:,פירוש,לא,
4932,קובץ שיטות קמאי על כריתות,כן,כריתות,כא:,פירוש,לא,
4934,קובץ שיטות קמאי על כריתות,כן,כריתות,כא:,פירוש,לא,
4936,קובץ שיטות קמאי על כריתות,כן,כריתות,כא:,פירוש,לא,
4938,קובץ שיטות קמאי על כריתות,כן,כריתות,כא:,פירוש,לא,
4940,קובץ שיטות קמאי על כריתות,כן,כריתות,כא:,פירוש,לא,
4942,קובץ שיטות קמאי על כריתות,כן,כריתות,כא:,פירוש,לא,
4944,קובץ שיטות קמאי על כריתות,כן,כריתות,כא:,פירוש,לא,
4946,קובץ שיטות קמאי על כריתות,כן,כריתות,כא:,פירוש,לא,
4948,קובץ שיטות קמאי על כריתות,כן,כריתות,כא:,פירוש,לא,
4950,קובץ שיטות קמאי על כריתות,כן,כריתות,כא:,פירוש,לא,
4952,קובץ שיטות קמאי על כריתות,כן,כריתות,כא:,פירוש,לא,
4954,קובץ שיטות קמאי על כריתות,כן,כריתות,כא:,פירוש,לא,
4956,קובץ שיטות קמאי על כריתות,כן,כריתות,כא:,פירוש,לא,
4958,קובץ שיטות קמאי על כריתות,כן,כריתות,כא:,פירוש,לא,
4960,קובץ שיטות קמאי על כריתות,כן,כריתות,כא:,פירוש,לא,
4962,קובץ שיטות קמאי על כריתות,כן,כריתות,כא:,פירוש,לא,
4964,קובץ שיטות קמאי על כריתות,כן,כריתות,כא:,פירוש,לא,
4966,קובץ שיטות קמאי על כריתות,כן,כריתות,כא:,פירוש,לא,
4968,קובץ שיטות קמאי על כריתות,כן,כריתות,כא:,פירוש,לא,
4970,קובץ שיטות קמאי על כריתות,כן,כריתות,כא:,פירוש,לא,
4972,קובץ שיטות קמאי על כריתות,כן,כריתות,כא:,פירוש,לא,
4974,קובץ שיטות קמאי על כריתות,כן,כריתות,כא:,פירוש,לא,
4976,קובץ שיטות קמאי על כריתות,כן,כריתות,כא:,פירוש,לא,
4978,קובץ שיטות קמאי על כריתות,כן,כריתות,כא:,פירוש,לא,
4980,קובץ שיטות קמאי על כריתות,כן,כריתות,כא:,פירוש,לא,
4982,קובץ שיטות קמאי על כריתות,כן,כריתות,כא:,פירוש,לא,
4984,קובץ שיטות קמאי על כריתות,כן,כריתות,כא:,פירוש,לא,
4986,קובץ שיטות קמאי על כריתות,כן,כריתות,כא:,פירוש,לא,
4988,קובץ שיטות קמאי על כריתות,כן,כריתות,כא:,פירוש,לא,
4990,קובץ שיטות קמאי על כריתות,כן,כריתות,כא:,פירוש,לא,
4992,קובץ שיטות קמאי על כריתות,כן,כריתות,כא:,פירוש,לא,
4994,קובץ שיטות קמאי על כריתות,כן,כריתות,כא:,פירוש,לא,
4996,קובץ שיטות קמאי על כריתות,כן,כריתות,כא:,פירוש,לא,
4998,קובץ שיטות קמאי על כריתות,כן,כריתות,כא:,פירוש,לא,
5000,קובץ שיטות קמאי על כריתות,כן,כריתות,כא:,פירוש,לא,
5002,קובץ שיטות קמאי על כריתות,כן,כריתות,כא:,פירוש,לא,
5004,קובץ שיטות קמאי על כריתות,כן,כריתות,כא:,פירוש,לא,
5006,קובץ שיטות קמאי על כריתות,כן,כריתות,כא:,פירוש,לא,
5008,קובץ שיטות קמאי על כריתות,כן,כריתות,כא:,פירוש,לא,
5010,קובץ שיטות קמאי על כריתות,כן,כריתות,כא:,פירוש,לא,
5011,קובץ שיטות קמאי על כריתות,כן,כריתות,כא:,פירוש,לא,
5013,קובץ שיטות קמאי על כריתות,כן,כריתות,כא:,פירוש,לא,
5015,קובץ שיטות קמאי על כריתות,כן,כריתות,כא:,פירוש,לא,
5017,קובץ שיטות קמאי על כריתות,כן,כריתות,כא:,פירוש,לא,
5019,קובץ שיטות קמאי על כריתות,כן,כריתות,כא:,פירוש,לא,
5021,קובץ שיטות קמאי על כריתות,כן,כריתות,כא:,פירוש,לא,
5023,קובץ שיטות קמאי על כריתות,כן,כריתות,כא:,פירוש,לא,
5024,קובץ שיטות קמאי על כריתות,כן,כריתות,כא:,פירוש,לא,
5025,קובץ שיטות קמאי על כריתות,כן,כריתות,כא:,פירוש,לא,
5027,קובץ שיטות קמאי על כריתות,כן,כריתות,כא:,פירוש,לא,
5029,קובץ שיטות קמאי על כריתות,כן,כריתות,כא:,פירוש,לא,
5031,קובץ שיטות קמאי על כריתות,כן,כריתות,כא:,פירוש,לא,
5033,קובץ שיטות קמאי על כריתות,כן,כריתות,כא:,פירוש,לא,
5035,קובץ שיטות קמאי על כריתות,כן,כריתות,כא:,פירוש,לא,
5037,קובץ שיטות קמאי על כריתות,כן,כריתות,כא:,פירוש,לא,
5039,קובץ שיטות קמאי על כריתות,כן,כריתות,כא:,פירוש,לא,
5041,קובץ שיטות קמאי על כריתות,כן,כריתות,כא:,פירוש,לא,
5043,קובץ שיטות קמאי על כריתות,כן,כריתות,כא:,פירוש,לא,
5045,קובץ שיטות קמאי על כריתות,כן,כריתות,כא:,פירוש,לא,
5047,קובץ שיטות קמאי על כריתות,כן,כריתות,כא:,פירוש,לא,
5049,קובץ שיטות קמאי על כריתות,כן,כריתות,כא:,פירוש,לא,
5051,קובץ שיטות קמאי על כריתות,כן,כריתות,כא:,פירוש,לא,
5053,קובץ שיטות קמאי על כריתות,כן,כריתות,כא:,פירוש,לא,
5055,קובץ שיטות קמאי על כריתות,כן,כריתות,כא:,פירוש,לא,
5057,קובץ שיטות קמאי על כריתות,כן,כריתות,כא:,פירוש,לא,
5059,קובץ שיטות קמאי על כריתות,כן,כריתות,כא:,פירוש,לא,
5061,קובץ שיטות קמאי על כריתות,כן,כריתות,כא:,פירוש,לא,
5063,קובץ שיטות קמאי על כריתות,כן,כריתות,כא:,פירוש,לא,
5065,קובץ שיטות קמאי על כריתות,כן,כריתות,כא:,פירוש,לא,
5067,קובץ שיטות קמאי על כריתות,כן,כריתות,כא:,פירוש,לא,
5069,קובץ שיטות קמאי על כריתות,כן,כריתות,כא:,פירוש,לא,
5071,קובץ שיטות קמאי על כריתות,כן,כריתות,כא:,פירוש,לא,
5073,קובץ שיטות קמאי על כריתות,כן,כריתות,כא:,פירוש,לא,
5075,קובץ שיטות קמאי על כריתות,כן,כריתות,כא:,פירוש,לא,
5077,קובץ שיטות קמאי על כריתות,כן,כריתות,כא:,פירוש,לא,
5079,קובץ שיטות קמאי על כריתות,כן,כריתות,כא:,פירוש,לא,
5081,קובץ שיטות קמאי על כריתות,כן,כריתות,כא:,פירוש,לא,
5083,קובץ שיטות קמאי על כריתות,כן,כריתות,כא:,פירוש,לא,
5085,קובץ שיטות קמאי על כריתות,כן,כריתות,כא:,פירוש,לא,
5087,קובץ שיטות קמאי על כריתות,כן,כריתות,כא:,פירוש,לא,
5089,קובץ שיטות קמאי על כריתות,כן,כריתות,כא:,פירוש,לא,
5091,קובץ שיטות קמאי על כריתות,כן,כריתות,כא:,פירוש,לא,
5094,קובץ שיטות קמאי על כריתות,כן,כריתות,כב.,פירוש,לא,
5096,קובץ שיטות קמאי על כריתות,כן,כריתות,כב.,פירוש,לא,
5098,קובץ שיטות קמאי על כריתות,כן,כריתות,כב.,פירוש,לא,
5100,קובץ שיטות קמאי על כריתות,כן,כריתות,כב.,פירוש,לא,
5101,קובץ שיטות קמאי על כריתות,כן,כריתות,כב.,פירוש,לא,
5102,קובץ שיטות קמאי על כריתות,כן,כריתות,כב.,פירוש,לא,
5103,קובץ שיטות קמאי על כריתות,כן,כריתות,כב.,פירוש,לא,
5105,קובץ שיטות קמאי על כריתות,כן,כריתות,כב.,פירוש,לא,
5107,קובץ שיטות קמאי על כריתות,כן,כריתות,כב.,פירוש,לא,
5109,קובץ שיטות קמאי על כריתות,כן,כריתות,כב.,פירוש,לא,
5111,קובץ שיטות קמאי על כריתות,כן,כריתות,כב.,פירוש,לא,
5113,קובץ שיטות קמאי על כריתות,כן,כריתות,כב.,פירוש,לא,
5115,קובץ שיטות קמאי על כריתות,כן,כריתות,כב.,פירוש,לא,
5117,קובץ שיטות קמאי על כריתות,כן,כריתות,כב.,פירוש,לא,
5119,קובץ שיטות קמאי על כריתות,כן,כריתות,כב.,פירוש,לא,
5121,קובץ שיטות קמאי על כריתות,כן,כריתות,כב.,פירוש,לא,
5123,קובץ שיטות קמאי על כריתות,כן,כריתות,כב.,פירוש,לא,
5125,קובץ שיטות קמאי על כריתות,כן,כריתות,כב.,פירוש,לא,
5127,קובץ שיטות קמאי על כריתות,כן,כריתות,כב.,פירוש,לא,
5129,קובץ שיטות קמאי על כריתות,כן,כריתות,כב.,פירוש,לא,
5131,קובץ שיטות קמאי על כריתות,כן,כריתות,כב.,פירוש,לא,
5133,קובץ שיטות קמאי על כריתות,כן,כריתות,כב.,פירוש,לא,
5135,קובץ שיטות קמאי על כריתות,כן,כריתות,כב.,פירוש,לא,
5136,קובץ שיטות קמאי על כריתות,כן,כריתות,כב.,פירוש,לא,
5137,קובץ שיטות קמאי על כריתות,כן,כריתות,כב.,פירוש,לא,
5138,קובץ שיטות קמאי על כריתות,כן,כריתות,כב.,פירוש,לא,
5139,קובץ שיטות קמאי על כריתות,כן,כריתות,כב.,פירוש,לא,
5140,קובץ שיטות קמאי על כריתות,כן,כריתות,כב.,פירוש,לא,
5142,קובץ שיטות קמאי על כריתות,כן,כריתות,כב.,פירוש,לא,
5144,קובץ שיטות קמאי על כריתות,כן,כריתות,כב.,פירוש,לא,
5146,קובץ שיטות קמאי על כריתות,כן,כריתות,כב.,פירוש,לא,
5148,קובץ שיטות קמאי על כריתות,כן,כריתות,כב.,פירוש,לא,
5150,קובץ שיטות קמאי על כריתות,כן,כריתות,כב.,פירוש,לא,
5152,קובץ שיטות קמאי על כריתות,כן,כריתות,כב.,פירוש,לא,
5154,קובץ שיטות קמאי על כריתות,כן,כריתות,כב.,פירוש,לא,
5156,קובץ שיטות קמאי על כריתות,כן,כריתות,כב.,פירוש,לא,
5158,קובץ שיטות קמאי על כריתות,כן,כריתות,כב.,פירוש,לא,
5160,קובץ שיטות קמאי על כריתות,כן,כריתות,כב.,פירוש,לא,
5162,קובץ שיטות קמאי על כריתות,כן,כריתות,כב.,פירוש,לא,
5164,קובץ שיטות קמאי על כריתות,כן,כריתות,כב.,פירוש,לא,
5166,קובץ שיטות קמאי על כריתות,כן,כריתות,כב.,פירוש,לא,
5168,קובץ שיטות קמאי על כריתות,כן,כריתות,כב.,פירוש,לא,
5170,קובץ שיטות קמאי על כריתות,כן,כריתות,כב.,פירוש,לא,
5172,קובץ שיטות קמאי על כריתות,כן,כריתות,כב.,פירוש,לא,
5174,קובץ שיטות קמאי על כריתות,כן,כריתות,כב.,פירוש,לא,
5176,קובץ שיטות קמאי על כריתות,כן,כריתות,כב.,פירוש,לא,
5178,קובץ שיטות קמאי על כריתות,כן,כריתות,כב.,פירוש,לא,
5180,קובץ שיטות קמאי על כריתות,כן,כריתות,כב.,פירוש,לא,
5182,קובץ שיטות קמאי על כריתות,כן,כריתות,כב.,פירוש,לא,
5184,קובץ שיטות קמאי על כריתות,כן,כריתות,כב.,פירוש,לא,
5186,קובץ שיטות קמאי על כריתות,כן,כריתות,כב.,פירוש,לא,
5188,קובץ שיטות קמאי על כריתות,כן,כריתות,כב.,פירוש,לא,
5189,קובץ שיטות קמאי על כריתות,כן,כריתות,כב.,פירוש,לא,
5190,קובץ שיטות קמאי על כריתות,כן,כריתות,כב.,פירוש,לא,
5192,קובץ שיטות קמאי על כריתות,כן,כריתות,כב.,פירוש,לא,
5194,קובץ שיטות קמאי על כריתות,כן,כריתות,כב.,פירוש,לא,
5196,קובץ שיטות קמאי על כריתות,כן,כריתות,כב.,פירוש,לא,
5198,קובץ שיטות קמאי על כריתות,כן,כריתות,כב.,פירוש,לא,
5200,קובץ שיטות קמאי על כריתות,כן,כריתות,כב.,פירוש,לא,
5202,קובץ שיטות קמאי על כריתות,כן,כריתות,כב.,פירוש,לא,
5204,קובץ שיטות קמאי על כריתות,כן,כריתות,כב.,פירוש,לא,
5206,קובץ שיטות קמאי על כריתות,כן,כריתות,כב.,פירוש,לא,
5208,קובץ שיטות קמאי על כריתות,כן,כריתות,כב.,פירוש,לא,
5210,קובץ שיטות קמאי על כריתות,כן,כריתות,כב.,פירוש,לא,
5212,קובץ שיטות קמאי על כריתות,כן,כריתות,כב.,פירוש,לא,
5214,קובץ שיטות קמאי על כריתות,כן,כריתות,כב.,פירוש,לא,
5216,קובץ שיטות קמאי על כריתות,כן,כריתות,כב.,פירוש,לא,
5218,קובץ שיטות קמאי על כריתות,כן,כריתות,כב.,פירוש,לא,
5220,קובץ שיטות קמאי על כריתות,כן,כריתות,כב.,פירוש,לא,
5222,קובץ שיטות קמאי על כריתות,כן,כריתות,כב.,פירוש,לא,
5224,קובץ שיטות קמאי על כריתות,כן,כריתות,כב.,פירוש,לא,
5226,קובץ שיטות קמאי על כריתות,כן,כריתות,כב.,פירוש,לא,
5228,קובץ שיטות קמאי על כריתות,כן,כריתות,כב.,פירוש,לא,
5230,קובץ שיטות קמאי על כריתות,כן,כריתות,כב.,פירוש,לא,
5232,קובץ שיטות קמאי על כריתות,כן,כריתות,כב.,פירוש,לא,
5234,קובץ שיטות קמאי על כריתות,כן,כריתות,כב.,פירוש,לא,
5236,קובץ שיטות קמאי על כריתות,כן,כריתות,כב.,פירוש,לא,
5238,קובץ שיטות קמאי על כריתות,כן,כריתות,כב.,פירוש,לא,
5240,קובץ שיטות קמאי על כריתות,כן,כריתות,כב.,פירוש,לא,
5242,קובץ שיטות קמאי על כריתות,כן,כריתות,כב.,פירוש,לא,
5244,קובץ שיטות קמאי על כריתות,כן,כריתות,כב.,פירוש,לא,
5246,קובץ שיטות קמאי על כריתות,כן,כריתות,כב.,פירוש,לא,
5248,קובץ שיטות קמאי על כריתות,כן,כריתות,כב.,פירוש,לא,
5250,קובץ שיטות קמאי על כריתות,כן,כריתות,כב.,פירוש,לא,
5252,קובץ שיטות קמאי על כריתות,כן,כריתות,כב.,פירוש,לא,
5254,קובץ שיטות קמאי על כריתות,כן,כריתות,כב.,פירוש,לא,
5256,קובץ שיטות קמאי על כריתות,כן,כריתות,כב.,פירוש,לא,
5258,קובץ שיטות קמאי על כריתות,כן,כריתות,כב.,פירוש,לא,
5260,קובץ שיטות קמאי על כריתות,כן,כריתות,כב.,פירוש,לא,
5262,קובץ שיטות קמאי על כריתות,כן,כריתות,כב.,פירוש,לא,
5264,קובץ שיטות קמאי על כריתות,כן,כריתות,כב.,פירוש,לא,
5266,קובץ שיטות קמאי על כריתות,כן,כריתות,כב.,פירוש,לא,
5268,קובץ שיטות קמאי על כריתות,כן,כריתות,כב.,פירוש,לא,
5270,קובץ שיטות קמאי על כריתות,כן,כריתות,כב.,פירוש,לא,
5272,קובץ שיטות קמאי על כריתות,כן,כריתות,כב.,פירוש,לא,
5274,קובץ שיטות קמאי על כריתות,כן,כריתות,כב.,פירוש,לא,
5276,קובץ שיטות קמאי על כריתות,כן,כריתות,כב.,פירוש,לא,
5278,קובץ שיטות קמאי על כריתות,כן,כריתות,כב.,פירוש,לא,
5280,קובץ שיטות קמאי על כריתות,כן,כריתות,כב.,פירוש,לא,
5282,קובץ שיטות קמאי על כריתות,כן,כריתות,כב.,פירוש,לא,
5284,קובץ שיטות קמאי על כריתות,כן,כריתות,כב.,פירוש,לא,
5286,קובץ שיטות קמאי על כריתות,כן,כריתות,כב.,פירוש,לא,
5288,קובץ שיטות קמאי על כריתות,כן,כריתות,כב.,פירוש,לא,
5290,קובץ שיטות קמאי על כריתות,כן,כריתות,כב.,פירוש,לא,
5292,קובץ שיטות קמאי על כריתות,כן,כריתות,כב.,פירוש,לא,
5294,קובץ שיטות קמאי על כריתות,כן,כריתות,כב.,פירוש,לא,
5296,קובץ שיטות קמאי על כריתות,כן,כריתות,כב.,פירוש,לא,
5298,קובץ שיטות קמאי על כריתות,כן,כריתות,כב.,פירוש,לא,
5300,קובץ שיטות קמאי על כריתות,כן,כריתות,כב.,פירוש,לא,
5302,קובץ שיטות קמאי על כריתות,כן,כריתות,כב.,פירוש,לא,
5304,קובץ שיטות קמאי על כריתות,כן,כריתות,כב.,פירוש,לא,
5306,קובץ שיטות קמאי על כריתות,כן,כריתות,כב.,פירוש,לא,
5308,קובץ שיטות קמאי על כריתות,כן,כריתות,כב.,פירוש,לא,
5310,קובץ שיטות קמאי על כריתות,כן,כריתות,כב.,פירוש,לא,
5312,קובץ שיטות קמאי על כריתות,כן,כריתות,כב.,פירוש,לא,
5313,קובץ שיטות קמאי על כריתות,כן,כריתות,כב.,פירוש,לא,
5315,קובץ שיטות קמאי על כריתות,כן,כריתות,כב.,פירוש,לא,
5317,קובץ שיטות קמאי על כריתות,כן,כריתות,כב.,פירוש,לא,
5319,קובץ שיטות קמאי על כריתות,כן,כריתות,כב.,פירוש,לא,
5321,קובץ שיטות קמאי על כריתות,כן,כריתות,כב.,פירוש,לא,
5322,קובץ שיטות קמאי על כריתות,כן,כריתות,כב.,פירוש,לא,
5323,קובץ שיטות קמאי על כריתות,כן,כריתות,כב.,פירוש,לא,
5324,קובץ שיטות קמאי על כריתות,כן,כריתות,כב.,פירוש,לא,
5325,קובץ שיטות קמאי על כריתות,כן,כריתות,כב.,פירוש,לא,
5326,קובץ שיטות קמאי על כריתות,כן,כריתות,כב.,פירוש,לא,
5327,קובץ שיטות קמאי על כריתות,כן,כריתות,כב.,פירוש,לא,
5328,קובץ שיטות קמאי על כריתות,כן,כריתות,כב.,פירוש,לא,
5329,קובץ שיטות קמאי על כריתות,כן,כריתות,כב.,פירוש,לא,
5331,קובץ שיטות קמאי על כריתות,כן,כריתות,כב.,פירוש,לא,
5333,קובץ שיטות קמאי על כריתות,כן,כריתות,כב.,פירוש,לא,
5335,קובץ שיטות קמאי על כריתות,כן,כריתות,כב.,פירוש,לא,
5336,קובץ שיטות קמאי על כריתות,כן,כריתות,כב.,פירוש,לא,
5338,קובץ שיטות קמאי על כריתות,כן,כריתות,כב.,פירוש,לא,
5340,קובץ שיטות קמאי על כריתות,כן,כריתות,כב.,פירוש,לא,
5342,קובץ שיטות קמאי על כריתות,כן,כריתות,כב.,פירוש,לא,
5344,קובץ שיטות קמאי על כריתות,כן,כריתות,כב.,פירוש,לא,
5346,קובץ שיטות קמאי על כריתות,כן,כריתות,כב.,פירוש,לא,
5348,קובץ שיטות קמאי על כריתות,כן,כריתות,כב.,פירוש,לא,
5350,קובץ שיטות קמאי על כריתות,כן,כריתות,כב.,פירוש,לא,
5352,קובץ שיטות קמאי על כריתות,כן,כריתות,כב.,פירוש,לא,
5354,קובץ שיטות קמאי על כריתות,כן,כריתות,כב.,פירוש,לא,
5356,קובץ שיטות קמאי על כריתות,כן,כריתות,כב.,פירוש,לא,
5358,קובץ שיטות קמאי על כריתות,כן,כריתות,כב.,פירוש,לא,
5360,קובץ שיטות קמאי על כריתות,כן,כריתות,כב.,פירוש,לא,
5362,קובץ שיטות קמאי על כריתות,כן,כריתות,כב.,פירוש,לא,
5364,קובץ שיטות קמאי על כריתות,כן,כריתות,כב.,פירוש,לא,
5366,קובץ שיטות קמאי על כריתות,כן,כריתות,כב.,פירוש,לא,
5368,קובץ שיטות קמאי על כריתות,כן,כריתות,כב.,פירוש,לא,
5370,קובץ שיטות קמאי על כריתות,כן,כריתות,כב.,פירוש,לא,
5373,קובץ שיטות קמאי על כריתות,כן,כריתות,כב:,פירוש,לא,
5375,קובץ שיטות קמאי על כריתות,כן,כריתות,כב:,פירוש,לא,
5377,קובץ שיטות קמאי על כריתות,כן,כריתות,כב:,פירוש,לא,
5379,קובץ שיטות קמאי על כריתות,כן,כריתות,כב:,פירוש,לא,
5381,קובץ שיטות קמאי על כריתות,כן,כריתות,כב:,פירוש,לא,
5383,קובץ שיטות קמאי על כריתות,כן,כריתות,כב:,פירוש,לא,
5385,קובץ שיטות קמאי על כריתות,כן,כריתות,כב:,פירוש,לא,
5387,קובץ שיטות קמאי על כריתות,כן,כריתות,כב:,פירוש,לא,
5389,קובץ שיטות קמאי על כריתות,כן,כריתות,כב:,פירוש,לא,
5390,קובץ שיטות קמאי על כריתות,כן,כריתות,כב:,פירוש,לא,
5391,קובץ שיטות קמאי על כריתות,כן,כריתות,כב:,פירוש,לא,
5392,קובץ שיטות קמאי על כריתות,כן,כריתות,כב:,פירוש,לא,
5394,קובץ שיטות קמאי על כריתות,כן,כריתות,כב:,פירוש,לא,
5396,קובץ שיטות קמאי על כריתות,כן,כריתות,כב:,פירוש,לא,
5398,קובץ שיטות קמאי על כריתות,כן,כריתות,כב:,פירוש,לא,
5400,קובץ שיטות קמאי על כריתות,כן,כריתות,כב:,פירוש,לא,
5402,קובץ שיטות קמאי על כריתות,כן,כריתות,כב:,פירוש,לא,
5404,קובץ שיטות קמאי על כריתות,כן,כריתות,כב:,פירוש,לא,
5406,קובץ שיטות קמאי על כריתות,כן,כריתות,כב:,פירוש,לא,
5408,קובץ שיטות קמאי על כריתות,כן,כריתות,כב:,פירוש,לא,
5410,קובץ שיטות קמאי על כריתות,כן,כריתות,כב:,פירוש,לא,
5412,קובץ שיטות קמאי על כריתות,כן,כריתות,כב:,פירוש,לא,
5414,קובץ שיטות קמאי על כריתות,כן,כריתות,כב:,פירוש,לא,
5416,קובץ שיטות קמאי על כריתות,כן,כריתות,כב:,פירוש,לא,
5418,קובץ שיטות קמאי על כריתות,כן,כריתות,כב:,פירוש,לא,
5420,קובץ שיטות קמאי על כריתות,כן,כריתות,כב:,פירוש,לא,
5422,קובץ שיטות קמאי על כריתות,כן,כריתות,כב:,פירוש,לא,
5424,קובץ שיטות קמאי על כריתות,כן,כריתות,כב:,פירוש,לא,
5426,קובץ שיטות קמאי על כריתות,כן,כריתות,כב:,פירוש,לא,
5428,קובץ שיטות קמאי על כריתות,כן,כריתות,כב:,פירוש,לא,
5431,קובץ שיטות קמאי על כריתות,כן,כריתות,כג.,פירוש,לא,
5433,קובץ שיטות קמאי על כריתות,כן,כריתות,כג.,פירוש,לא,
5435,קובץ שיטות קמאי על כריתות,כן,כריתות,כג.,פירוש,לא,
5437,קובץ שיטות קמאי על כריתות,כן,כריתות,כג.,פירוש,לא,
5439,קובץ שיטות קמאי על כריתות,כן,כריתות,כג.,פירוש,לא,
5441,קובץ שיטות קמאי על כריתות,כן,כריתות,כג.,פירוש,לא,
5443,קובץ שיטות קמאי על כריתות,כן,כריתות,כג.,פירוש,לא,
5445,קובץ שיטות קמאי על כריתות,כן,כריתות,כג.,פירוש,לא,
5447,קובץ שיטות קמאי על כריתות,כן,כריתות,כג.,פירוש,לא,
5449,קובץ שיטות קמאי על כריתות,כן,כריתות,כג.,פירוש,לא,
5451,קובץ שיטות קמאי על כריתות,כן,כריתות,כג.,פירוש,לא,
5453,קובץ שיטות קמאי על כריתות,כן,כריתות,כג.,פירוש,לא,
5455,קובץ שיטות קמאי על כריתות,כן,כריתות,כג.,פירוש,לא,
5457,קובץ שיטות קמאי על כריתות,כן,כריתות,כג.,פירוש,לא,
5459,קובץ שיטות קמאי על כריתות,כן,כריתות,כג.,פירוש,לא,
5461,קובץ שיטות קמאי על כריתות,כן,כריתות,כג.,פירוש,לא,
5463,קובץ שיטות קמאי על כריתות,כן,כריתות,כג.,פירוש,לא,
5465,קובץ שיטות קמאי על כריתות,כן,כריתות,כג.,פירוש,לא,
5467,קובץ שיטות קמאי על כריתות,כן,כריתות,כג.,פירוש,לא,
5469,קובץ שיטות קמאי על כריתות,כן,כריתות,כג.,פירוש,לא,
5471,קובץ שיטות קמאי על כריתות,כן,כריתות,כג.,פירוש,לא,
5473,קובץ שיטות קמאי על כריתות,כן,כריתות,כג.,פירוש,לא,
5475,קובץ שיטות קמאי על כריתות,כן,כריתות,כג.,פירוש,לא,
5477,קובץ שיטות קמאי על כריתות,כן,כריתות,כג.,פירוש,לא,
5479,קובץ שיטות קמאי על כריתות,כן,כריתות,כג.,פירוש,לא,
5481,קובץ שיטות קמאי על כריתות,כן,כריתות,כג.,פירוש,לא,
5483,קובץ שיטות קמאי על כריתות,כן,כריתות,כג.,פירוש,לא,
5485,קובץ שיטות קמאי על כריתות,כן,כריתות,כג.,פירוש,לא,
5487,קובץ שיטות קמאי על כריתות,כן,כריתות,כג.,פירוש,לא,
5489,קובץ שיטות קמאי על כריתות,כן,כריתות,כג.,פירוש,לא,
5491,קובץ שיטות קמאי על כריתות,כן,כריתות,כג.,פירוש,לא,
5493,קובץ שיטות קמאי על כריתות,כן,כריתות,כג.,פירוש,לא,
5496,קובץ שיטות קמאי על כריתות,כן,כריתות,כג:,פירוש,לא,
5498,קובץ שיטות קמאי על כריתות,כן,כריתות,כג:,פירוש,לא,
5499,קובץ שיטות קמאי על כריתות,כן,כריתות,כג:,פירוש,לא,
5501,קובץ שיטות קמאי על כריתות,כן,כריתות,כג:,פירוש,לא,
5503,קובץ שיטות קמאי על כריתות,כן,כריתות,כג:,פירוש,לא,
5505,קובץ שיטות קמאי על כריתות,כן,כריתות,כג:,פירוש,לא,
5507,קובץ שיטות קמאי על כריתות,כן,כריתות,כג:,פירוש,לא,
5508,קובץ שיטות קמאי על כריתות,כן,כריתות,כג:,פירוש,לא,
5509,קובץ שיטות קמאי על כריתות,כן,כריתות,כג:,פירוש,לא,
5510,קובץ שיטות קמאי על כריתות,כן,כריתות,כג:,פירוש,לא,
5511,קובץ שיטות קמאי על כריתות,כן,כריתות,כג:,פירוש,לא,
5512,קובץ שיטות קמאי על כריתות,כן,כריתות,כג:,פירוש,לא,
5513,קובץ שיטות קמאי על כריתות,כן,כריתות,כג:,פירוש,לא,
5514,קובץ שיטות קמאי על כריתות,כן,כריתות,כג:,פירוש,לא,
5515,קובץ שיטות קמאי על כריתות,כן,כריתות,כג:,פירוש,לא,
5516,קובץ שיטות קמאי על כריתות,כן,כריתות,כג:,פירוש,לא,
5517,קובץ שיטות קמאי על כריתות,כן,כריתות,כג:,פירוש,לא,
5518,קובץ שיטות קמאי על כריתות,כן,כריתות,כג:,פירוש,לא,
5519,קובץ שיטות קמאי על כריתות,כן,כריתות,כג:,פירוש,לא,
5520,קובץ שיטות קמאי על כריתות,כן,כריתות,כג:,פירוש,לא,
5521,קובץ שיטות קמאי על כריתות,כן,כריתות,כג:,פירוש,לא,
5522,קובץ שיטות קמאי על כריתות,כן,כריתות,כג:,פירוש,לא,
5523,קובץ שיטות קמאי על כריתות,כן,כריתות,כג:,פירוש,לא,
5524,קובץ שיטות קמאי על כריתות,כן,כריתות,כג:,פירוש,לא,
5525,קובץ שיטות קמאי על כריתות,כן,כריתות,כג:,פירוש,לא,
5527,קובץ שיטות קמאי על כריתות,כן,כריתות,כג:,פירוש,לא,
5529,קובץ שיטות קמאי על כריתות,כן,כריתות,כג:,פירוש,לא,
5531,קובץ שיטות קמאי על כריתות,כן,כריתות,כג:,פירוש,לא,
5533,קובץ שיטות קמאי על כריתות,כן,כריתות,כג:,פירוש,לא,
5535,קובץ שיטות קמאי על כריתות,כן,כריתות,כג:,פירוש,לא,
5537,קובץ שיטות קמאי על כריתות,כן,כריתות,כג:,פירוש,לא,
5539,קובץ שיטות קמאי על כריתות,כן,כריתות,כג:,פירוש,לא,
5541,קובץ שיטות קמאי על כריתות,כן,כריתות,כג:,פירוש,לא,
5543,קובץ שיטות קמאי על כריתות,כן,כריתות,כג:,פירוש,לא,
5545,קובץ שיטות קמאי על כריתות,כן,כריתות,כג:,פירוש,לא,
5547,קובץ שיטות קמאי על כריתות,כן,כריתות,כג:,פירוש,לא,
5549,קובץ שיטות קמאי על כריתות,כן,כריתות,כג:,פירוש,לא,
5551,קובץ שיטות קמאי על כריתות,כן,כריתות,כג:,פירוש,לא,
5553,קובץ שיטות קמאי על כריתות,כן,כריתות,כג:,פירוש,לא,
5555,קובץ שיטות קמאי על כריתות,כן,כריתות,כג:,פירוש,לא,
5557,קובץ שיטות קמאי על כריתות,כן,כריתות,כג:,פירוש,לא,
5559,קובץ שיטות קמאי על כריתות,כן,כריתות,כג:,פירוש,לא,
5562,קובץ שיטות קמאי על כריתות,כן,כריתות,כד.,פירוש,לא,
5564,קובץ שיטות קמאי על כריתות,כן,כריתות,כד.,פירוש,לא,
5565,קובץ שיטות קמאי על כריתות,כן,כריתות,כד.,פירוש,לא,
5566,קובץ שיטות קמאי על כריתות,כן,כריתות,כד.,פירוש,לא,
5567,קובץ שיטות קמאי על כריתות,כן,כריתות,כד.,פירוש,לא,
5568,קובץ שיטות קמאי על כריתות,כן,כריתות,כד.,פירוש,לא,
5569,קובץ שיטות קמאי על כריתות,כן,כריתות,כד.,פירוש,לא,
5571,קובץ שיטות קמאי על כריתות,כן,כריתות,כד.,פירוש,לא,
5573,קובץ שיטות קמאי על כריתות,כן,כריתות,כד.,פירוש,לא,
5575,קובץ שיטות קמאי על כריתות,כן,כריתות,כד.,פירוש,לא,
5577,קובץ שיטות קמאי על כריתות,כן,כריתות,כד.,פירוש,לא,
5579,קובץ שיטות קמאי על כריתות,כן,כריתות,כד.,פירוש,לא,
5581,קובץ שיטות קמאי על כריתות,כן,כריתות,כד.,פירוש,לא,
5583,קובץ שיטות קמאי על כריתות,כן,כריתות,כד.,פירוש,לא,
5585,קובץ שיטות קמאי על כריתות,כן,כריתות,כד.,פירוש,לא,
5587,קובץ שיטות קמאי על כריתות,כן,כריתות,כד.,פירוש,לא,
5589,קובץ שיטות קמאי על כריתות,כן,כריתות,כד.,פירוש,לא,
5591,קובץ שיטות קמאי על כריתות,כן,כריתות,כד.,פירוש,לא,
5593,קובץ שיטות קמאי על כריתות,כן,כריתות,כד.,פירוש,לא,
5595,קובץ שיטות קמאי על כריתות,כן,כריתות,כד.,פירוש,לא,
5596,קובץ שיטות קמאי על כריתות,כן,כריתות,כד.,פירוש,לא,
5597,קובץ שיטות קמאי על כריתות,כן,כריתות,כד.,פירוש,לא,
5599,קובץ שיטות קמאי על כריתות,כן,כריתות,כד.,פירוש,לא,
5601,קובץ שיטות קמאי על כריתות,כן,כריתות,כד.,פירוש,לא,
5602,קובץ שיטות קמאי על כריתות,כן,כריתות,כד.,פירוש,לא,
5603,קובץ שיטות קמאי על כריתות,כן,כריתות,כד.,פירוש,לא,
5605,קובץ שיטות קמאי על כריתות,כן,כריתות,כד.,פירוש,לא,
5607,קובץ שיטות קמאי על כריתות,כן,כריתות,כד.,פירוש,לא,
5609,קובץ שיטות קמאי על כריתות,כן,כריתות,כד.,פירוש,לא,
5611,קובץ שיטות קמאי על כריתות,כן,כריתות,כד.,פירוש,לא,
5613,קובץ שיטות קמאי על כריתות,כן,כריתות,כד.,פירוש,לא,
5615,קובץ שיטות קמאי על כריתות,כן,כריתות,כד.,פירוש,לא,
5617,קובץ שיטות קמאי על כריתות,כן,כריתות,כד.,פירוש,לא,
5618,קובץ שיטות קמאי על כריתות,כן,כריתות,כד.,פירוש,לא,
5620,קובץ שיטות קמאי על כריתות,כן,כריתות,כד.,פירוש,לא,
5621,קובץ שיטות קמאי על כריתות,כן,כריתות,כד.,פירוש,לא,
5623,קובץ שיטות קמאי על כריתות,כן,כריתות,כד.,פירוש,לא,
5625,קובץ שיטות קמאי על כריתות,כן,כריתות,כד.,פירוש,לא,
5627,קובץ שיטות קמאי על כריתות,כן,כריתות,כד.,פירוש,לא,
5629,קובץ שיטות קמאי על כריתות,כן,כריתות,כד.,פירוש,לא,
5631,קובץ שיטות קמאי על כריתות,כן,כריתות,כד.,פירוש,לא,
5633,קובץ שיטות קמאי על כריתות,כן,כריתות,כד.,פירוש,לא,
5635,קובץ שיטות קמאי על כריתות,כן,כריתות,כד.,פירוש,לא,
5637,קובץ שיטות קמאי על כריתות,כן,כריתות,כד.,פירוש,לא,
5639,קובץ שיטות קמאי על כריתות,כן,כריתות,כד.,פירוש,לא,
5640,קובץ שיטות קמאי על כריתות,כן,כריתות,כד.,פירוש,לא,
5641,קובץ שיטות קמאי על כריתות,כן,כריתות,כד.,פירוש,לא,
5643,קובץ שיטות קמאי על כריתות,כן,כריתות,כד.,פירוש,לא,
5644,קובץ שיטות קמאי על כריתות,כן,כריתות,כד.,פירוש,לא,
5645,קובץ שיטות קמאי על כריתות,כן,כריתות,כד.,פירוש,לא,
5647,קובץ שיטות קמאי על כריתות,כן,כריתות,כד.,פירוש,לא,
5649,קובץ שיטות קמאי על כריתות,כן,כריתות,כד.,פירוש,לא,
5651,קובץ שיטות קמאי על כריתות,כן,כריתות,כד.,פירוש,לא,
5653,קובץ שיטות קמאי על כריתות,כן,כריתות,כד.,פירוש,לא,
5655,קובץ שיטות קמאי על כריתות,כן,כריתות,כד.,פירוש,לא,
5657,קובץ שיטות קמאי על כריתות,כן,כריתות,כד.,פירוש,לא,
5659,קובץ שיטות קמאי על כריתות,כן,כריתות,כד.,פירוש,לא,
5661,קובץ שיטות קמאי על כריתות,כן,כריתות,כד.,פירוש,לא,
5663,קובץ שיטות קמאי על כריתות,כן,כריתות,כד.,פירוש,לא,
5665,קובץ שיטות קמאי על כריתות,כן,כריתות,כד.,פירוש,לא,
5667,קובץ שיטות קמאי על כריתות,כן,כריתות,כד.,פירוש,לא,
5669,קובץ שיטות קמאי על כריתות,כן,כריתות,כד.,פירוש,לא,
5671,קובץ שיטות קמאי על כריתות,כן,כריתות,כד.,פירוש,לא,
5673,קובץ שיטות קמאי על כריתות,כן,כריתות,כד.,פירוש,לא,
5675,קובץ שיטות קמאי על כריתות,כן,כריתות,כד.,פירוש,לא,
5678,קובץ שיטות קמאי על כריתות,כן,כריתות,כד:,פירוש,לא,
5680,קובץ שיטות קמאי על כריתות,כן,כריתות,כד:,פירוש,לא,
5682,קובץ שיטות קמאי על כריתות,כן,כריתות,כד:,פירוש,לא,
5684,קובץ שיטות קמאי על כריתות,כן,כריתות,כד:,פירוש,לא,
5686,קובץ שיטות קמאי על כריתות,כן,כריתות,כד:,פירוש,לא,
5688,קובץ שיטות קמאי על כריתות,כן,כריתות,כד:,פירוש,לא,
5689,קובץ שיטות קמאי על כריתות,כן,כריתות,כד:,פירוש,לא,
5691,קובץ שיטות קמאי על כריתות,כן,כריתות,כד:,פירוש,לא,
5693,קובץ שיטות קמאי על כריתות,כן,כריתות,כד:,פירוש,לא,
5695,קובץ שיטות קמאי על כריתות,כן,כריתות,כד:,פירוש,לא,
5696,קובץ שיטות קמאי על כריתות,כן,כריתות,כד:,פירוש,לא,
5697,קובץ שיטות קמאי על כריתות,כן,כריתות,כד:,פירוש,לא,
5698,קובץ שיטות קמאי על כריתות,כן,כריתות,כד:,פירוש,לא,
5699,קובץ שיטות קמאי על כריתות,כן,כריתות,כד:,פירוש,לא,
5701,קובץ שיטות קמאי על כריתות,כן,כריתות,כד:,פירוש,לא,
5703,קובץ שיטות קמאי על כריתות,כן,כריתות,כד:,פירוש,לא,
5705,קובץ שיטות קמאי על כריתות,כן,כריתות,כד:,פירוש,לא,
5707,קובץ שיטות קמאי על כריתות,כן,כריתות,כד:,פירוש,לא,
5709,קובץ שיטות קמאי על כריתות,כן,כריתות,כד:,פירוש,לא,
5711,קובץ שיטות קמאי על כריתות,כן,כריתות,כד:,פירוש,לא,
5713,קובץ שיטות קמאי על כריתות,כן,כריתות,כד:,פירוש,לא,
5715,קובץ שיטות קמאי על כריתות,כן,כריתות,כד:,פירוש,לא,
5717,קובץ שיטות קמאי על כריתות,כן,כריתות,כד:,פירוש,לא,
5719,קובץ שיטות קמאי על כריתות,כן,כריתות,כד:,פירוש,לא,
5721,קובץ שיטות קמאי על כריתות,כן,כריתות,כד:,פירוש,לא,
5723,קובץ שיטות קמאי על כריתות,כן,כריתות,כד:,פירוש,לא,
5725,קובץ שיטות קמאי על כריתות,כן,כריתות,כד:,פירוש,לא,
5726,קובץ שיטות קמאי על כריתות,כן,כריתות,כד:,פירוש,לא,
5728,קובץ שיטות קמאי על כריתות,כן,כריתות,כד:,פירוש,לא,
5730,קובץ שיטות קמאי על כריתות,כן,כריתות,כד:,פירוש,לא,
5732,קובץ שיטות קמאי על כריתות,כן,כריתות,כד:,פירוש,לא,
5734,קובץ שיטות קמאי על כריתות,כן,כריתות,כד:,פירוש,לא,
5736,קובץ שיטות קמאי על כריתות,כן,כריתות,כד:,פירוש,לא,
5738,קובץ שיטות קמאי על כריתות,כן,כריתות,כד:,פירוש,לא,
5740,קובץ שיטות קמאי על כריתות,כן,כריתות,כד:,פירוש,לא,
5742,קובץ שיטות קמאי על כריתות,כן,כריתות,כד:,פירוש,לא,
5744,קובץ שיטות קמאי על כריתות,כן,כריתות,כד:,פירוש,לא,
5746,קובץ שיטות קמאי על כריתות,כן,כריתות,כד:,פירוש,לא,
5748,קובץ שיטות קמאי על כריתות,כן,כריתות,כד:,פירוש,לא,
5750,קובץ שיטות קמאי על כריתות,כן,כריתות,כד:,פירוש,לא,
5752,קובץ שיטות קמאי על כריתות,כן,כריתות,כד:,פירוש,לא,
5754,קובץ שיטות קמאי על כריתות,כן,כריתות,כד:,פירוש,לא,
5756,קובץ שיטות קמאי על כריתות,כן,כריתות,כד:,פירוש,לא,
5758,קובץ שיטות קמאי על כריתות,כן,כריתות,כד:,פירוש,לא,
5760,קובץ שיטות קמאי על כריתות,כן,כריתות,כד:,פירוש,לא,
5762,קובץ שיטות קמאי על כריתות,כן,כריתות,כד:,פירוש,לא,
5764,קובץ שיטות קמאי על כריתות,כן,כריתות,כד:,פירוש,לא,
5766,קובץ שיטות קמאי על כריתות,כן,כריתות,כד:,פירוש,לא,
5768,קובץ שיטות קמאי על כריתות,כן,כריתות,כד:,פירוש,לא,
5770,קובץ שיטות קמאי על כריתות,כן,כריתות,כד:,פירוש,לא,
5772,קובץ שיטות קמאי על כריתות,כן,כריתות,כד:,פירוש,לא,
5774,קובץ שיטות קמאי על כריתות,כן,כריתות,כד:,פירוש,לא,
5776,קובץ שיטות קמאי על כריתות,כן,כריתות,כד:,פירוש,לא,
5778,קובץ שיטות קמאי על כריתות,כן,כריתות,כד:,פירוש,לא,
5780,קובץ שיטות קמאי על כריתות,כן,כריתות,כד:,פירוש,לא,
5782,קובץ שיטות קמאי על כריתות,כן,כריתות,כד:,פירוש,לא,
5784,קובץ שיטות קמאי על כריתות,כן,כריתות,כד:,פירוש,לא,
5786,קובץ שיטות קמאי על כריתות,כן,כריתות,כד:,פירוש,לא,
5787,קובץ שיטות קמאי על כריתות,כן,כריתות,כד:,פירוש,לא,
5788,קובץ שיטות קמאי על כריתות,כן,כריתות,כד:,פירוש,לא,
5789,קובץ שיטות קמאי על כריתות,כן,כריתות,כד:,פירוש,לא,
5790,קובץ שיטות קמאי על כריתות,כן,כריתות,כד:,פירוש,לא,
5791,קובץ שיטות קמאי על כריתות,כן,כריתות,כד:,פירוש,לא,
5792,קובץ שיטות קמאי על כריתות,כן,כריתות,כד:,פירוש,לא,
5793,קובץ שיטות קמאי על כריתות,כן,כריתות,כד:,פירוש,לא,
5795,קובץ שיטות קמאי על כריתות,כן,כריתות,כד:,פירוש,לא,
5797,קובץ שיטות קמאי על כריתות,כן,כריתות,כד:,פירוש,לא,
5799,קובץ שיטות קמאי על כריתות,כן,כריתות,כד:,פירוש,לא,
5801,קובץ שיטות קמאי על כריתות,כן,כריתות,כד:,פירוש,לא,
5803,קובץ שיטות קמאי על כריתות,כן,כריתות,כד:,פירוש,לא,
5805,קובץ שיטות קמאי על כריתות,כן,כריתות,כד:,פירוש,לא,
5807,קובץ שיטות קמאי על כריתות,כן,כריתות,כד:,פירוש,לא,
5809,קובץ שיטות קמאי על כריתות,כן,כריתות,כד:,פירוש,לא,
5811,קובץ שיטות קמאי על כריתות,כן,כריתות,כד:,פירוש,לא,
5813,קובץ שיטות קמאי על כריתות,כן,כריתות,כד:,פירוש,לא,
5815,קובץ שיטות קמאי על כריתות,כן,כריתות,כד:,פירוש,לא,
5817,קובץ שיטות קמאי על כריתות,כן,כריתות,כד:,פירוש,לא,
5819,קובץ שיטות קמאי על כריתות,כן,כריתות,כד:,פירוש,לא,
5821,קובץ שיטות קמאי על כריתות,כן,כריתות,כד:,פירוש,לא,
5823,קובץ שיטות קמאי על כריתות,כן,כריתות,כד:,פירוש,לא,
5826,קובץ שיטות קמאי על כריתות,כן,כריתות,כה.,פירוש,לא,
5828,קובץ שיטות קמאי על כריתות,כן,כריתות,כה.,פירוש,לא,
5830,קובץ שיטות קמאי על כריתות,כן,כריתות,כה.,פירוש,לא,
5832,קובץ שיטות קמאי על כריתות,כן,כריתות,כה.,פירוש,לא,
5834,קובץ שיטות קמאי על כריתות,כן,כריתות,כה.,פירוש,לא,
5836,קובץ שיטות קמאי על כריתות,כן,כריתות,כה.,פירוש,לא,
5838,קובץ שיטות קמאי על כריתות,כן,כריתות,כה.,פירוש,לא,
5840,קובץ שיטות קמאי על כריתות,כן,כריתות,כה.,פירוש,לא,
5842,קובץ שיטות קמאי על כריתות,כן,כריתות,כה.,פירוש,לא,
5844,קובץ שיטות קמאי על כריתות,כן,כריתות,כה.,פירוש,לא,
5846,קובץ שיטות קמאי על כריתות,כן,כריתות,כה.,פירוש,לא,
5848,קובץ שיטות קמאי על כריתות,כן,כריתות,כה.,פירוש,לא,
5850,קובץ שיטות קמאי על כריתות,כן,כריתות,כה.,פירוש,לא,
5852,קובץ שיטות קמאי על כריתות,כן,כריתות,כה.,פירוש,לא,
5853,קובץ שיטות קמאי על כריתות,כן,כריתות,כה.,פירוש,לא,
5855,קובץ שיטות קמאי על כריתות,כן,כריתות,כה.,פירוש,לא,
5857,קובץ שיטות קמאי על כריתות,כן,כריתות,כה.,פירוש,לא,
5859,קובץ שיטות קמאי על כריתות,כן,כריתות,כה.,פירוש,לא,
5861,קובץ שיטות קמאי על כריתות,כן,כריתות,כה.,פירוש,לא,
5862,קובץ שיטות קמאי על כריתות,כן,כריתות,כה.,פירוש,לא,
5863,קובץ שיטות קמאי על כריתות,כן,כריתות,כה.,פירוש,לא,
5864,קובץ שיטות קמאי על כריתות,כן,כריתות,כה.,פירוש,לא,
5865,קובץ שיטות קמאי על כריתות,כן,כריתות,כה.,פירוש,לא,
5866,קובץ שיטות קמאי על כריתות,כן,כריתות,כה.,פירוש,לא,
5867,קובץ שיטות קמאי על כריתות,כן,כריתות,כה.,פירוש,לא,
5868,קובץ שיטות קמאי על כריתות,כן,כריתות,כה.,פירוש,לא,
5870,קובץ שיטות קמאי על כריתות,כן,כריתות,כה.,פירוש,לא,
5872,קובץ שיטות קמאי על כריתות,כן,כריתות,כה.,פירוש,לא,
5874,קובץ שיטות קמאי על כריתות,כן,כריתות,כה.,פירוש,לא,
5876,קובץ שיטות קמאי על כריתות,כן,כריתות,כה.,פירוש,לא,
5878,קובץ שיטות קמאי על כריתות,כן,כריתות,כה.,פירוש,לא,
5880,קובץ שיטות קמאי על כריתות,כן,כריתות,כה.,פירוש,לא,
5882,קובץ שיטות קמאי על כריתות,כן,כריתות,כה.,פירוש,לא,
5884,קובץ שיטות קמאי על כריתות,כן,כריתות,כה.,פירוש,לא,
5886,קובץ שיטות קמאי על כריתות,כן,כריתות,כה.,פירוש,לא,
5888,קובץ שיטות קמאי על כריתות,כן,כריתות,כה.,פירוש,לא,
5890,קובץ שיטות קמאי על כריתות,כן,כריתות,כה.,פירוש,לא,
5892,קובץ שיטות קמאי על כריתות,כן,כריתות,כה.,פירוש,לא,
5894,קובץ שיטות קמאי על כריתות,כן,כריתות,כה.,פירוש,לא,
5896,קובץ שיטות קמאי על כריתות,כן,כריתות,כה.,פירוש,לא,
5898,קובץ שיטות קמאי על כריתות,כן,כריתות,כה.,פירוש,לא,
5901,קובץ שיטות קמאי על כריתות,כן,כריתות,כה:,פירוש,לא,
5903,קובץ שיטות קמאי על כריתות,כן,כריתות,כה:,פירוש,לא,
5905,קובץ שיטות קמאי על כריתות,כן,כריתות,כה:,פירוש,לא,
5907,קובץ שיטות קמאי על כריתות,כן,כריתות,כה:,פירוש,לא,
5909,קובץ שיטות קמאי על כריתות,כן,כריתות,כה:,פירוש,לא,
5911,קובץ שיטות קמאי על כריתות,כן,כריתות,כה:,פירוש,לא,
5913,קובץ שיטות קמאי על כריתות,כן,כריתות,כה:,פירוש,לא,
5915,קובץ שיטות קמאי על כריתות,כן,כריתות,כה:,פירוש,לא,
5917,קובץ שיטות קמאי על כריתות,כן,כריתות,כה:,פירוש,לא,
5919,קובץ שיטות קמאי על כריתות,כן,כריתות,כה:,פירוש,לא,
5921,קובץ שיטות קמאי על כריתות,כן,כריתות,כה:,פירוש,לא,
5923,קובץ שיטות קמאי על כריתות,כן,כריתות,כה:,פירוש,לא,
5925,קובץ שיטות קמאי על כריתות,כן,כריתות,כה:,פירוש,לא,
5927,קובץ שיטות קמאי על כריתות,כן,כריתות,כה:,פירוש,לא,
5929,קובץ שיטות קמאי על כריתות,כן,כריתות,כה:,פירוש,לא,
5931,קובץ שיטות קמאי על כריתות,כן,כריתות,כה:,פירוש,לא,
5933,קובץ שיטות קמאי על כריתות,כן,כריתות,כה:,פירוש,לא,
5935,קובץ שיטות קמאי על כריתות,כן,כריתות,כה:,פירוש,לא,
5937,קובץ שיטות קמאי על כריתות,כן,כריתות,כה:,פירוש,לא,
5939,קובץ שיטות קמאי על כריתות,כן,כריתות,כה:,פירוש,לא,
5941,קובץ שיטות קמאי על כריתות,כן,כריתות,כה:,פירוש,לא,
5944,קובץ שיטות קמאי על כריתות,כן,כריתות,כו.,פירוש,לא,
5946,קובץ שיטות קמאי על כריתות,כן,כריתות,כו.,פירוש,לא,
5948,קובץ שיטות קמאי על כריתות,כן,כריתות,כו.,פירוש,לא,
5950,קובץ שיטות קמאי על כריתות,כן,כריתות,כו.,פירוש,לא,
5952,קובץ שיטות קמאי על כריתות,כן,כריתות,כו.,פירוש,לא,
5953,קובץ שיטות קמאי על כריתות,כן,כריתות,כו.,פירוש,לא,
5954,קובץ שיטות קמאי על כריתות,כן,כריתות,כו.,פירוש,לא,
5956,קובץ שיטות קמאי על כריתות,כן,כריתות,כו.,פירוש,לא,
5958,קובץ שיטות קמאי על כריתות,כן,כריתות,כו.,פירוש,לא,
5960,קובץ שיטות קמאי על כריתות,כן,כריתות,כו.,פירוש,לא,
5962,קובץ שיטות קמאי על כריתות,כן,כריתות,כו.,פירוש,לא,
5964,קובץ שיטות קמאי על כריתות,כן,כריתות,כו.,פירוש,לא,
5966,קובץ שיטות קמאי על כריתות,כן,כריתות,כו.,פירוש,לא,
5968,קובץ שיטות קמאי על כריתות,כן,כריתות,כו.,פירוש,לא,
5970,קובץ שיטות קמאי על כריתות,כן,כריתות,כו.,פירוש,לא,
5972,קובץ שיטות קמאי על כריתות,כן,כריתות,כו.,פירוש,לא,
5974,קובץ שיטות קמאי על כריתות,כן,כריתות,כו.,פירוש,לא,
5976,קובץ שיטות קמאי על כריתות,כן,כריתות,כו.,פירוש,לא,
5978,קובץ שיטות קמאי על כריתות,כן,כריתות,כו.,פירוש,לא,
5980,קובץ שיטות קמאי על כריתות,כן,כריתות,כו.,פירוש,לא,
5982,קובץ שיטות קמאי על כריתות,כן,כריתות,כו.,פירוש,לא,
5984,קובץ שיטות קמאי על כריתות,כן,כריתות,כו.,פירוש,לא,
5985,קובץ שיטות קמאי על כריתות,כן,כריתות,כו.,פירוש,לא,
5987,קובץ שיטות קמאי על כריתות,כן,כריתות,כו.,פירוש,לא,
5988,קובץ שיטות קמאי על כריתות,כן,כריתות,כו.,פירוש,לא,
5990,קובץ שיטות קמאי על כריתות,כן,כריתות,כו.,פירוש,לא,
5992,קובץ שיטות קמאי על כריתות,כן,כריתות,כו.,פירוש,לא,
5994,קובץ שיטות קמאי על כריתות,כן,כריתות,כו.,פירוש,לא,
5996,קובץ שיטות קמאי על כריתות,כן,כריתות,כו.,פירוש,לא,
5998,קובץ שיטות קמאי על כריתות,כן,כריתות,כו.,פירוש,לא,
6001,קובץ שיטות קמאי על כריתות,כן,כריתות,כו:,פירוש,לא,
6003,קובץ שיטות קמאי על כריתות,כן,כריתות,כו:,פירוש,לא,
6005,קובץ שיטות קמאי על כריתות,כן,כריתות,כו:,פירוש,לא,
6007,קובץ שיטות קמאי על כריתות,כן,כריתות,כו:,פירוש,לא,
6009,קובץ שיטות קמאי על כריתות,כן,כריתות,כו:,פירוש,לא,
6011,קובץ שיטות קמאי על כריתות,כן,כריתות,כו:,פירוש,לא,
6013,קובץ שיטות קמאי על כריתות,כן,כריתות,כו:,פירוש,לא,
6015,קובץ שיטות קמאי על כריתות,כן,כריתות,כו:,פירוש,לא,
6017,קובץ שיטות קמאי על כריתות,כן,כריתות,כו:,פירוש,לא,
6019,קובץ שיטות קמאי על כריתות,כן,כריתות,כו:,פירוש,לא,
6021,קובץ שיטות קמאי על כריתות,כן,כריתות,כו:,פירוש,לא,
6023,קובץ שיטות קמאי על כריתות,כן,כריתות,כו:,פירוש,לא,
6025,קובץ שיטות קמאי על כריתות,כן,כריתות,כו:,פירוש,לא,
6027,קובץ שיטות קמאי על כריתות,כן,כריתות,כו:,פירוש,לא,
6029,קובץ שיטות קמאי על כריתות,כן,כריתות,כו:,פירוש,לא,
6031,קובץ שיטות קמאי על כריתות,כן,כריתות,כו:,פירוש,לא,
6033,קובץ שיטות קמאי על כריתות,כן,כריתות,כו:,פירוש,לא,
6035,קובץ שיטות קמאי על כריתות,כן,כריתות,כו:,פירוש,לא,
6037,קובץ שיטות קמאי על כריתות,כן,כריתות,כו:,פירוש,לא,
6039,קובץ שיטות קמאי על כריתות,כן,כריתות,כו:,פירוש,לא,
6041,קובץ שיטות קמאי על כריתות,כן,כריתות,כו:,פירוש,לא,
6043,קובץ שיטות קמאי על כריתות,כן,כריתות,כו:,פירוש,לא,
6046,קובץ שיטות קמאי על כריתות,כן,כריתות,כז.,פירוש,לא,
6048,קובץ שיטות קמאי על כריתות,כן,כריתות,כז.,פירוש,לא,
6050,קובץ שיטות קמאי על כריתות,כן,כריתות,כז.,פירוש,לא,
6052,קובץ שיטות קמאי על כריתות,כן,כריתות,כז.,פירוש,לא,
6054,קובץ שיטות קמאי על כריתות,כן,כריתות,כז.,פירוש,לא,
6056,קובץ שיטות קמאי על כריתות,כן,כריתות,כז.,פירוש,לא,
6058,קובץ שיטות קמאי על כריתות,כן,כריתות,כז.,פירוש,לא,
6060,קובץ שיטות קמאי על כריתות,כן,כריתות,כז.,פירוש,לא,
6062,קובץ שיטות קמאי על כריתות,כן,כריתות,כז.,פירוש,לא,
6064,קובץ שיטות קמאי על כריתות,כן,כריתות,כז.,פירוש,לא,
6066,קובץ שיטות קמאי על כריתות,כן,כריתות,כז.,פירוש,לא,
6068,קובץ שיטות קמאי על כריתות,כן,כריתות,כז.,פירוש,לא,
6070,קובץ שיטות קמאי על כריתות,כן,כריתות,כז.,פירוש,לא,
6072,קובץ שיטות קמאי על כריתות,כן,כריתות,כז.,פירוש,לא,
6074,קובץ שיטות קמאי על כריתות,כן,כריתות,כז.,פירוש,לא,
6076,קובץ שיטות קמאי על כריתות,כן,כריתות,כז.,פירוש,לא,
6078,קובץ שיטות קמאי על כריתות,כן,כריתות,כז.,פירוש,לא,
6080,קובץ שיטות קמאי על כריתות,כן,כריתות,כז.,פירוש,לא,
6082,קובץ שיטות קמאי על כריתות,כן,כריתות,כז.,פירוש,לא,
6084,קובץ שיטות קמאי על כריתות,כן,כריתות,כז.,פירוש,לא,
6086,קובץ שיטות קמאי על כריתות,כן,כריתות,כז.,פירוש,לא,
6088,קובץ שיטות קמאי על כריתות,כן,כריתות,כז.,פירוש,לא,
6090,קובץ שיטות קמאי על כריתות,כן,כריתות,כז.,פירוש,לא,
6092,קובץ שיטות קמאי על כריתות,כן,כריתות,כז.,פירוש,לא,
6094,קובץ שיטות קמאי על כריתות,כן,כריתות,כז.,פירוש,לא,
6096,קובץ שיטות קמאי על כריתות,כן,כריתות,כז.,פירוש,לא,
6098,קובץ שיטות קמאי על כריתות,כן,כריתות,כז.,פירוש,לא,
6100,קובץ שיטות קמאי על כריתות,כן,כריתות,כז.,פירוש,לא,
6102,קובץ שיטות קמאי על כריתות,כן,כריתות,כז.,פירוש,לא,
6104,קובץ שיטות קמאי על כריתות,כן,כריתות,כז.,פירוש,לא,
6106,קובץ שיטות קמאי על כריתות,כן,כריתות,כז.,פירוש,לא,
6108,קובץ שיטות קמאי על כריתות,כן,כריתות,כז.,פירוש,לא,
6110,קובץ שיטות קמאי על כריתות,כן,כריתות,כז.,פירוש,לא,
6112,קובץ שיטות קמאי על כריתות,כן,כריתות,כז.,פירוש,לא,
6114,קובץ שיטות קמאי על כריתות,כן,כריתות,כז.,פירוש,לא,
6116,קובץ שיטות קמאי על כריתות,כן,כריתות,כז.,פירוש,לא,
6118,קובץ שיטות קמאי על כריתות,כן,כריתות,כז.,פירוש,לא,
6120,קובץ שיטות קמאי על כריתות,כן,כריתות,כז.,פירוש,לא,
6122,קובץ שיטות קמאי על כריתות,כן,כריתות,כז.,פירוש,לא,
6124,קובץ שיטות קמאי על כריתות,כן,כריתות,כז.,פירוש,לא,
6126,קובץ שיטות קמאי על כריתות,כן,כריתות,כז.,פירוש,לא,
6128,קובץ שיטות קמאי על כריתות,כן,כריתות,כז.,פירוש,לא,
6130,קובץ שיטות קמאי על כריתות,כן,כריתות,כז.,פירוש,לא,
6133,קובץ שיטות קמאי על כריתות,כן,כריתות,כז:,פירוש,לא,
6135,קובץ שיטות קמאי על כריתות,כן,כריתות,כז:,פירוש,לא,
6137,קובץ שיטות קמאי על כריתות,כן,כריתות,כז:,פירוש,לא,
6139,קובץ שיטות קמאי על כריתות,כן,כריתות,כז:,פירוש,לא,
6141,קובץ שיטות קמאי על כריתות,כן,כריתות,כז:,פירוש,לא,
6143,קובץ שיטות קמאי על כריתות,כן,כריתות,כז:,פירוש,לא,
6145,קובץ שיטות קמאי על כריתות,כן,כריתות,כז:,פירוש,לא,
6147,קובץ שיטות קמאי על כריתות,כן,כריתות,כז:,פירוש,לא,
6149,קובץ שיטות קמאי על כריתות,כן,כריתות,כז:,פירוש,לא,
6150,קובץ שיטות קמאי על כריתות,כן,כריתות,כז:,פירוש,לא,
6151,קובץ שיטות קמאי על כריתות,כן,כריתות,כז:,פירוש,לא,
6152,קובץ שיטות קמאי על כריתות,כן,כריתות,כז:,פירוש,לא,
6154,קובץ שיטות קמאי על כריתות,כן,כריתות,כז:,פירוש,לא,
6156,קובץ שיטות קמאי על כריתות,כן,כריתות,כז:,פירוש,לא,
6158,קובץ שיטות קמאי על כריתות,כן,כריתות,כז:,פירוש,לא,
6160,קובץ שיטות קמאי על כריתות,כן,כריתות,כז:,פירוש,לא,
6162,קובץ שיטות קמאי על כריתות,כן,כריתות,כז:,פירוש,לא,
6164,קובץ שיטות קמאי על כריתות,כן,כריתות,כז:,פירוש,לא,
6166,קובץ שיטות קמאי על כריתות,כן,כריתות,כז:,פירוש,לא,
6168,קובץ שיטות קמאי על כריתות,כן,כריתות,כז:,פירוש,לא,
6169,קובץ שיטות קמאי על כריתות,כן,כריתות,כז:,פירוש,לא,
6171,קובץ שיטות קמאי על כריתות,כן,כריתות,כז:,פירוש,לא,
6173,קובץ שיטות קמאי על כריתות,כן,כריתות,כז:,פירוש,לא,
6175,קובץ שיטות קמאי על כריתות,כן,כריתות,כז:,פירוש,לא,
6178,קובץ שיטות קמאי על כריתות,כן,כריתות,כח.,פירוש,לא,
6180,קובץ שיטות קמאי על כריתות,כן,כריתות,כח.,פירוש,לא,
6182,קובץ שיטות קמאי על כריתות,כן,כריתות,כח.,פירוש,לא,
6184,קובץ שיטות קמאי על כריתות,כן,כריתות,כח.,פירוש,לא,
6186,קובץ שיטות קמאי על כריתות,כן,כריתות,כח.,פירוש,לא,
6188,קובץ שיטות קמאי על כריתות,כן,כריתות,כח.,פירוש,לא,
6190,קובץ שיטות קמאי על כריתות,כן,כריתות,כח.,פירוש,לא,
6192,קובץ שיטות קמאי על כריתות,כן,כריתות,כח.,פירוש,לא,
6194,קובץ שיטות קמאי על כריתות,כן,כריתות,כח.,פירוש,לא,
6196,קובץ שיטות קמאי על כריתות,כן,כריתות,כח.,פירוש,לא,
6198,קובץ שיטות קמאי על כריתות,כן,כריתות,כח.,פירוש,לא,
6200,קובץ שיטות קמאי על כריתות,כן,כריתות,כח.,פירוש,לא,
6202,קובץ שיטות קמאי על כריתות,כן,כריתות,כח.,פירוש,לא,
6204,קובץ שיטות קמאי על כריתות,כן,כריתות,כח.,פירוש,לא,
6206,קובץ שיטות קמאי על כריתות,כן,כריתות,כח.,פירוש,לא,
6208,קובץ שיטות קמאי על כריתות,כן,כריתות,כח.,פירוש,לא,
6210,קובץ שיטות קמאי על כריתות,כן,כריתות,כח.,פירוש,לא,
6212,קובץ שיטות קמאי על כריתות,כן,כריתות,כח.,פירוש,לא,
6213,קובץ שיטות קמאי על כריתות,כן,כריתות,כח.,פירוש,לא,
6215,קובץ שיטות קמאי על כריתות,כן,כריתות,כח.,פירוש,לא,
6217,קובץ שיטות קמאי על כריתות,כן,כריתות,כח.,פירוש,לא,
6219,קובץ שיטות קמאי על כריתות,כן,כריתות,כח.,פירוש,לא,
6221,קובץ שיטות קמאי על כריתות,כן,כריתות,כח.,פירוש,לא,
6223,קובץ שיטות קמאי על כריתות,כן,כריתות,כח.,פירוש,לא,
6225,קובץ שיטות קמאי על כריתות,כן,כריתות,כח.,פירוש,לא,
6227,קובץ שיטות קמאי על כריתות,כן,כריתות,כח.,פירוש,לא,
6229,קובץ שיטות קמאי על כריתות,כן,כריתות,כח.,פירוש,לא,
6231,קובץ שיטות קמאי על כריתות,כן,כריתות,כח.,פירוש,לא,
6233,קובץ שיטות קמאי על כריתות,כן,כריתות,כח.,פירוש,לא,
6235,קובץ שיטות קמאי על כריתות,כן,כריתות,כח.,פירוש,לא,
6237,קובץ שיטות קמאי על כריתות,כן,כריתות,כח.,פירוש,לא,
6239,קובץ שיטות קמאי על כריתות,כן,כריתות,כח.,פירוש,לא,
6241,קובץ שיטות קמאי על כריתות,כן,כריתות,כח.,פירוש,לא,
6243,קובץ שיטות קמאי על כריתות,כן,כריתות,כח.,פירוש,לא,
6245,קובץ שיטות קמאי על כריתות,כן,כריתות,כח.,פירוש,לא,
6247,קובץ שיטות קמאי על כריתות,כן,כריתות,כח.,פירוש,לא,
6249,קובץ שיטות קמאי על כריתות,כן,כריתות,כח.,פירוש,לא,
6251,קובץ שיטות קמאי על כריתות,כן,כריתות,כח.,פירוש,לא,
6253,קובץ שיטות קמאי על כריתות,כן,כריתות,כח.,פירוש,לא,
6255,קובץ שיטות קמאי על כריתות,כן,כריתות,כח.,פירוש,לא,
6257,קובץ שיטות קמאי על כריתות,כן,כריתות,כח.,פירוש,לא,
6259,קובץ שיטות קמאי על כריתות,כן,כריתות,כח.,פירוש,לא,
6261,קובץ שיטות קמאי על כריתות,כן,כריתות,כח.,פירוש,לא,
6263,קובץ שיטות קמאי על כריתות,כן,כריתות,כח.,פירוש,לא,
6265,קובץ שיטות קמאי על כריתות,כן,כריתות,כח.,פירוש,לא,
6266,קובץ שיטות קמאי על כריתות,כן,כריתות,כח.,פירוש,לא,
6267,קובץ שיטות קמאי על כריתות,כן,כריתות,כח.,פירוש,לא,
6269,קובץ שיטות קמאי על כריתות,כן,כריתות,כח.,פירוש,לא,
6271,קובץ שיטות קמאי על כריתות,כן,כריתות,כח.,פירוש,לא,
6273,קובץ שיטות קמאי על כריתות,כן,כריתות,כח.,פירוש,לא,
6276,קובץ שיטות קמאי על כריתות,כן,כריתות,כח:,פירוש,לא,
6278,קובץ שיטות קמאי על כריתות,כן,כריתות,כח:,פירוש,לא,
6279,קובץ שיטות קמאי על כריתות,כן,כריתות,כח:,פירוש,לא,
6280,קובץ שיטות קמאי על כריתות,כן,כריתות,כח:,פירוש,לא,
6282,קובץ שיטות קמאי על כריתות,כן,כריתות,כח:,פירוש,לא,
6284,קובץ שיטות קמאי על כריתות,כן,כריתות,כח:,פירוש,לא,
6286,קובץ שיטות קמאי על כריתות,כן,כריתות,כח:,פירוש,לא,
6288,קובץ שיטות קמאי על כריתות,כן,כריתות,כח:,פירוש,לא,
6290,קובץ שיטות קמאי על כריתות,כן,כריתות,כח:,פירוש,לא,
6292,קובץ שיטות קמאי על כריתות,כן,כריתות,כח:,פירוש,לא,
6293,קובץ שיטות קמאי על כריתות,כן,כריתות,כח:,פירוש,לא,
6295,קובץ שיטות קמאי על כריתות,כן,כריתות,כח:,פירוש,לא,
6297,קובץ שיטות קמאי על כריתות,כן,כריתות,כח:,פירוש,לא,
6299,קובץ שיטות קמאי על כריתות,כן,כריתות,כח:,פירוש,לא,
6301,קובץ שיטות קמאי על כריתות,כן,כריתות,כח:,פירוש,לא,
4,קובץ שיטות קמאי על מעילה,כן,מעילה,ב.,פירוש,לא,
6,קובץ שיטות קמאי על מעילה,כן,מעילה,ב.,פירוש,לא,
7,קובץ שיטות קמאי על מעילה,כן,מעילה,ב.,פירוש,לא,
9,קובץ שיטות קמאי על מעילה,כן,מעילה,ב.,פירוש,לא,
11,קובץ שיטות קמאי על מעילה,כן,מעילה,ב.,פירוש,לא,
13,קובץ שיטות קמאי על מעילה,כן,מעילה,ב.,פירוש,לא,
15,קובץ שיטות קמאי על מעילה,כן,מעילה,ב.,פירוש,לא,
17,קובץ שיטות קמאי על מעילה,כן,מעילה,ב.,פירוש,לא,
19,קובץ שיטות קמאי על מעילה,כן,מעילה,ב.,פירוש,לא,
21,קובץ שיטות קמאי על מעילה,כן,מעילה,ב.,פירוש,לא,
23,קובץ שיטות קמאי על מעילה,כן,מעילה,ב.,פירוש,לא,
25,קובץ שיטות קמאי על מעילה,כן,מעילה,ב.,פירוש,לא,
27,קובץ שיטות קמאי על מעילה,כן,מעילה,ב.,פירוש,לא,
29,קובץ שיטות קמאי על מעילה,כן,מעילה,ב.,פירוש,לא,
31,קובץ שיטות קמאי על מעילה,כן,מעילה,ב.,פירוש,לא,
33,קובץ שיטות קמאי על מעילה,כן,מעילה,ב.,פירוש,לא,
35,קובץ שיטות קמאי על מעילה,כן,מעילה,ב.,פירוש,לא,
37,קובץ שיטות קמאי על מעילה,כן,מעילה,ב.,פירוש,לא,
39,קובץ שיטות קמאי על מעילה,כן,מעילה,ב.,פירוש,לא,
41,קובץ שיטות קמאי על מעילה,כן,מעילה,ב.,פירוש,לא,
43,קובץ שיטות קמאי על מעילה,כן,מעילה,ב.,פירוש,לא,
45,קובץ שיטות קמאי על מעילה,כן,מעילה,ב.,פירוש,לא,
47,קובץ שיטות קמאי על מעילה,כן,מעילה,ב.,פירוש,לא,
49,קובץ שיטות קמאי על מעילה,כן,מעילה,ב.,פירוש,לא,
51,קובץ שיטות קמאי על מעילה,כן,מעילה,ב.,פירוש,לא,
53,קובץ שיטות קמאי על מעילה,כן,מעילה,ב.,פירוש,לא,
55,קובץ שיטות קמאי על מעילה,כן,מעילה,ב.,פירוש,לא,
57,קובץ שיטות קמאי על מעילה,כן,מעילה,ב.,פירוש,לא,
59,קובץ שיטות קמאי על מעילה,כן,מעילה,ב.,פירוש,לא,
61,קובץ שיטות קמאי על מעילה,כן,מעילה,ב.,פירוש,לא,
63,קובץ שיטות קמאי על מעילה,כן,מעילה,ב.,פירוש,לא,
65,קובץ שיטות קמאי על מעילה,כן,מעילה,ב.,פירוש,לא,
67,קובץ שיטות קמאי על מעילה,כן,מעילה,ב.,פירוש,לא,
69,קובץ שיטות קמאי על מעילה,כן,מעילה,ב.,פירוש,לא,
71,קובץ שיטות קמאי על מעילה,כן,מעילה,ב.,פירוש,לא,
73,קובץ שיטות קמאי על מעילה,כן,מעילה,ב.,פירוש,לא,
75,קובץ שיטות קמאי על מעילה,כן,מעילה,ב.,פירוש,לא,
77,קובץ שיטות קמאי על מעילה,כן,מעילה,ב.,פירוש,לא,
79,קובץ שיטות קמאי על מעילה,כן,מעילה,ב.,פירוש,לא,
81,קובץ שיטות קמאי על מעילה,כן,מעילה,ב.,פירוש,לא,
83,קובץ שיטות קמאי על מעילה,כן,מעילה,ב.,פירוש,לא,
85,קובץ שיטות קמאי על מעילה,כן,מעילה,ב.,פירוש,לא,
87,קובץ שיטות קמאי על מעילה,כן,מעילה,ב.,פירוש,לא,
89,קובץ שיטות קמאי על מעילה,כן,מעילה,ב.,פירוש,לא,
91,קובץ שיטות קמאי על מעילה,כן,מעילה,ב.,פירוש,לא,
94,קובץ שיטות קמאי על מעילה,כן,מעילה,ב:,פירוש,לא,
96,קובץ שיטות קמאי על מעילה,כן,מעילה,ב:,פירוש,לא,
98,קובץ שיטות קמאי על מעילה,כן,מעילה,ב:,פירוש,לא,
100,קובץ שיטות קמאי על מעילה,כן,מעילה,ב:,פירוש,לא,
102,קובץ שיטות קמאי על מעילה,כן,מעילה,ב:,פירוש,לא,
104,קובץ שיטות קמאי על מעילה,כן,מעילה,ב:,פירוש,לא,
106,קובץ שיטות קמאי על מעילה,כן,מעילה,ב:,פירוש,לא,
108,קובץ שיטות קמאי על מעילה,כן,מעילה,ב:,פירוש,לא,
110,קובץ שיטות קמאי על מעילה,כן,מעילה,ב:,פירוש,לא,
112,קובץ שיטות קמאי על מעילה,כן,מעילה,ב:,פירוש,לא,
114,קובץ שיטות קמאי על מעילה,כן,מעילה,ב:,פירוש,לא,
116,קובץ שיטות קמאי על מעילה,כן,מעילה,ב:,פירוש,לא,
117,קובץ שיטות קמאי על מעילה,כן,מעילה,ב:,פירוש,לא,
118,קובץ שיטות קמאי על מעילה,כן,מעילה,ב:,פירוש,לא,
120,קובץ שיטות קמאי על מעילה,כן,מעילה,ב:,פירוש,לא,
121,קובץ שיטות קמאי על מעילה,כן,מעילה,ב:,פירוש,לא,
123,קובץ שיטות קמאי על מעילה,כן,מעילה,ב:,פירוש,לא,
125,קובץ שיטות קמאי על מעילה,כן,מעילה,ב:,פירוש,לא,
127,קובץ שיטות קמאי על מעילה,כן,מעילה,ב:,פירוש,לא,
129,קובץ שיטות קמאי על מעילה,כן,מעילה,ב:,פירוש,לא,
131,קובץ שיטות קמאי על מעילה,כן,מעילה,ב:,פירוש,לא,
133,קובץ שיטות קמאי על מעילה,כן,מעילה,ב:,פירוש,לא,
135,קובץ שיטות קמאי על מעילה,כן,מעילה,ב:,פירוש,לא,
137,קובץ שיטות קמאי על מעילה,כן,מעילה,ב:,פירוש,לא,
139,קובץ שיטות קמאי על מעילה,כן,מעילה,ב:,פירוש,לא,
141,קובץ שיטות קמאי על מעילה,כן,מעילה,ב:,פירוש,לא,
143,קובץ שיטות קמאי על מעילה,כן,מעילה,ב:,פירוש,לא,
145,קובץ שיטות קמאי על מעילה,כן,מעילה,ב:,פירוש,לא,
147,קובץ שיטות קמאי על מעילה,כן,מעילה,ב:,פירוש,לא,
149,קובץ שיטות קמאי על מעילה,כן,מעילה,ב:,פירוש,לא,
151,קובץ שיטות קמאי על מעילה,כן,מעילה,ב:,פירוש,לא,
153,קובץ שיטות קמאי על מעילה,כן,מעילה,ב:,פירוש,לא,
155,קובץ שיטות קמאי על מעילה,כן,מעילה,ב:,פירוש,לא,
157,קובץ שיטות קמאי על מעילה,כן,מעילה,ב:,פירוש,לא,
159,קובץ שיטות קמאי על מעילה,כן,מעילה,ב:,פירוש,לא,
162,קובץ שיטות קמאי על מעילה,כן,מעילה,ג.,פירוש,לא,
164,קובץ שיטות קמאי על מעילה,כן,מעילה,ג.,פירוש,לא,
166,קובץ שיטות קמאי על מעילה,כן,מעילה,ג.,פירוש,לא,
168,קובץ שיטות קמאי על מעילה,כן,מעילה,ג.,פירוש,לא,
170,קובץ שיטות קמאי על מעילה,כן,מעילה,ג.,פירוש,לא,
172,קובץ שיטות קמאי על מעילה,כן,מעילה,ג.,פירוש,לא,
174,קובץ שיטות קמאי על מעילה,כן,מעילה,ג.,פירוש,לא,
176,קובץ שיטות קמאי על מעילה,כן,מעילה,ג.,פירוש,לא,
178,קובץ שיטות קמאי על מעילה,כן,מעילה,ג.,פירוש,לא,
179,קובץ שיטות קמאי על מעילה,כן,מעילה,ג.,פירוש,לא,
180,קובץ שיטות קמאי על מעילה,כן,מעילה,ג.,פירוש,לא,
181,קובץ שיטות קמאי על מעילה,כן,מעילה,ג.,פירוש,לא,
182,קובץ שיטות קמאי על מעילה,כן,מעילה,ג.,פירוש,לא,
183,קובץ שיטות קמאי על מעילה,כן,מעילה,ג.,פירוש,לא,
184,קובץ שיטות קמאי על מעילה,כן,מעילה,ג.,פירוש,לא,
185,קובץ שיטות קמאי על מעילה,כן,מעילה,ג.,פירוש,לא,
187,קובץ שיטות קמאי על מעילה,כן,מעילה,ג.,פירוש,לא,
189,קובץ שיטות קמאי על מעילה,כן,מעילה,ג.,פירוש,לא,
191,קובץ שיטות קמאי על מעילה,כן,מעילה,ג.,פירוש,לא,
193,קובץ שיטות קמאי על מעילה,כן,מעילה,ג.,פירוש,לא,
195,קובץ שיטות קמאי על מעילה,כן,מעילה,ג.,פירוש,לא,
197,קובץ שיטות קמאי על מעילה,כן,מעילה,ג.,פירוש,לא,
199,קובץ שיטות קמאי על מעילה,כן,מעילה,ג.,פירוש,לא,
201,קובץ שיטות קמאי על מעילה,כן,מעילה,ג.,פירוש,לא,
203,קובץ שיטות קמאי על מעילה,כן,מעילה,ג.,פירוש,לא,
205,קובץ שיטות קמאי על מעילה,כן,מעילה,ג.,פירוש,לא,
207,קובץ שיטות קמאי על מעילה,כן,מעילה,ג.,פירוש,לא,
209,קובץ שיטות קמאי על מעילה,כן,מעילה,ג.,פירוש,לא,
211,קובץ שיטות קמאי על מעילה,כן,מעילה,ג.,פירוש,לא,
214,קובץ שיטות קמאי על מעילה,כן,מעילה,ג:,פירוש,לא,
216,קובץ שיטות קמאי על מעילה,כן,מעילה,ג:,פירוש,לא,
218,קובץ שיטות קמאי על מעילה,כן,מעילה,ג:,פירוש,לא,
220,קובץ שיטות קמאי על מעילה,כן,מעילה,ג:,פירוש,לא,
222,קובץ שיטות קמאי על מעילה,כן,מעילה,ג:,פירוש,לא,
224,קובץ שיטות קמאי על מעילה,כן,מעילה,ג:,פירוש,לא,
226,קובץ שיטות קמאי על מעילה,כן,מעילה,ג:,פירוש,לא,
228,קובץ שיטות קמאי על מעילה,כן,מעילה,ג:,פירוש,לא,
230,קובץ שיטות קמאי על מעילה,כן,מעילה,ג:,פירוש,לא,
232,קובץ שיטות קמאי על מעילה,כן,מעילה,ג:,פירוש,לא,
234,קובץ שיטות קמאי על מעילה,כן,מעילה,ג:,פירוש,לא,
236,קובץ שיטות קמאי על מעילה,כן,מעילה,ג:,פירוש,לא,
238,קובץ שיטות קמאי על מעילה,כן,מעילה,ג:,פירוש,לא,
240,קובץ שיטות קמאי על מעילה,כן,מעילה,ג:,פירוש,לא,
241,קובץ שיטות קמאי על מעילה,כן,מעילה,ג:,פירוש,לא,
242,קובץ שיטות קמאי על מעילה,כן,מעילה,ג:,פירוש,לא,
244,קובץ שיטות קמאי על מעילה,כן,מעילה,ג:,פירוש,לא,
246,קובץ שיטות קמאי על מעילה,כן,מעילה,ג:,פירוש,לא,
248,קובץ שיטות קמאי על מעילה,כן,מעילה,ג:,פירוש,לא,
250,קובץ שיטות קמאי על מעילה,כן,מעילה,ג:,פירוש,לא,
252,קובץ שיטות קמאי על מעילה,כן,מעילה,ג:,פירוש,לא,
254,קובץ שיטות קמאי על מעילה,כן,מעילה,ג:,פירוש,לא,
256,קובץ שיטות קמאי על מעילה,כן,מעילה,ג:,פירוש,לא,
258,קובץ שיטות קמאי על מעילה,כן,מעילה,ג:,פירוש,לא,
260,קובץ שיטות קמאי על מעילה,כן,מעילה,ג:,פירוש,לא,
262,קובץ שיטות קמאי על מעילה,כן,מעילה,ג:,פירוש,לא,
264,קובץ שיטות קמאי על מעילה,כן,מעילה,ג:,פירוש,לא,
266,קובץ שיטות קמאי על מעילה,כן,מעילה,ג:,פירוש,לא,
269,קובץ שיטות קמאי על מעילה,כן,מעילה,ד.,פירוש,לא,
271,קובץ שיטות קמאי על מעילה,כן,מעילה,ד.,פירוש,לא,
273,קובץ שיטות קמאי על מעילה,כן,מעילה,ד.,פירוש,לא,
275,קובץ שיטות קמאי על מעילה,כן,מעילה,ד.,פירוש,לא,
277,קובץ שיטות קמאי על מעילה,כן,מעילה,ד.,פירוש,לא,
279,קובץ שיטות קמאי על מעילה,כן,מעילה,ד.,פירוש,לא,
281,קובץ שיטות קמאי על מעילה,כן,מעילה,ד.,פירוש,לא,
283,קובץ שיטות קמאי על מעילה,כן,מעילה,ד.,פירוש,לא,
285,קובץ שיטות קמאי על מעילה,כן,מעילה,ד.,פירוש,לא,
287,קובץ שיטות קמאי על מעילה,כן,מעילה,ד.,פירוש,לא,
289,קובץ שיטות קמאי על מעילה,כן,מעילה,ד.,פירוש,לא,
291,קובץ שיטות קמאי על מעילה,כן,מעילה,ד.,פירוש,לא,
293,קובץ שיטות קמאי על מעילה,כן,מעילה,ד.,פירוש,לא,
295,קובץ שיטות קמאי על מעילה,כן,מעילה,ד.,פירוש,לא,
297,קובץ שיטות קמאי על מעילה,כן,מעילה,ד.,פירוש,לא,
299,קובץ שיטות קמאי על מעילה,כן,מעילה,ד.,פירוש,לא,
301,קובץ שיטות קמאי על מעילה,כן,מעילה,ד.,פירוש,לא,
303,קובץ שיטות קמאי על מעילה,כן,מעילה,ד.,פירוש,לא,
305,קובץ שיטות קמאי על מעילה,כן,מעילה,ד.,פירוש,לא,
308,קובץ שיטות קמאי על מעילה,כן,מעילה,ד:,פירוש,לא,
310,קובץ שיטות קמאי על מעילה,כן,מעילה,ד:,פירוש,לא,
312,קובץ שיטות קמאי על מעילה,כן,מעילה,ד:,פירוש,לא,
314,קובץ שיטות קמאי על מעילה,כן,מעילה,ד:,פירוש,לא,
316,קובץ שיטות קמאי על מעילה,כן,מעילה,ד:,פירוש,לא,
318,קובץ שיטות קמאי על מעילה,כן,מעילה,ד:,פירוש,לא,
320,קובץ שיטות קמאי על מעילה,כן,מעילה,ד:,פירוש,לא,
322,קובץ שיטות קמאי על מעילה,כן,מעילה,ד:,פירוש,לא,
324,קובץ שיטות קמאי על מעילה,כן,מעילה,ד:,פירוש,לא,
326,קובץ שיטות קמאי על מעילה,כן,מעילה,ד:,פירוש,לא,
328,קובץ שיטות קמאי על מעילה,כן,מעילה,ד:,פירוש,לא,
330,קובץ שיטות קמאי על מעילה,כן,מעילה,ד:,פירוש,לא,
332,קובץ שיטות קמאי על מעילה,כן,מעילה,ד:,פירוש,לא,
334,קובץ שיטות קמאי על מעילה,כן,מעילה,ד:,פירוש,לא,
337,קובץ שיטות קמאי על מעילה,כן,מעילה,ה.,פירוש,לא,
339,קובץ שיטות קמאי על מעילה,כן,מעילה,ה.,פירוש,לא,
341,קובץ שיטות קמאי על מעילה,כן,מעילה,ה.,פירוש,לא,
343,קובץ שיטות קמאי על מעילה,כן,מעילה,ה.,פירוש,לא,
344,קובץ שיטות קמאי על מעילה,כן,מעילה,ה.,פירוש,לא,
346,קובץ שיטות קמאי על מעילה,כן,מעילה,ה.,פירוש,לא,
348,קובץ שיטות קמאי על מעילה,כן,מעילה,ה.,פירוש,לא,
350,קובץ שיטות קמאי על מעילה,כן,מעילה,ה.,פירוש,לא,
352,קובץ שיטות קמאי על מעילה,כן,מעילה,ה.,פירוש,לא,
354,קובץ שיטות קמאי על מעילה,כן,מעילה,ה.,פירוש,לא,
356,קובץ שיטות קמאי על מעילה,כן,מעילה,ה.,פירוש,לא,
358,קובץ שיטות קמאי על מעילה,כן,מעילה,ה.,פירוש,לא,
360,קובץ שיטות קמאי על מעילה,כן,מעילה,ה.,פירוש,לא,
362,קובץ שיטות קמאי על מעילה,כן,מעילה,ה.,פירוש,לא,
365,קובץ שיטות קמאי על מעילה,כן,מעילה,ה:,פירוש,לא,
367,קובץ שיטות קמאי על מעילה,כן,מעילה,ה:,פירוש,לא,
369,קובץ שיטות קמאי על מעילה,כן,מעילה,ה:,פירוש,לא,
371,קובץ שיטות קמאי על מעילה,כן,מעילה,ה:,פירוש,לא,
373,קובץ שיטות קמאי על מעילה,כן,מעילה,ה:,פירוש,לא,
375,קובץ שיטות קמאי על מעילה,כן,מעילה,ה:,פירוש,לא,
377,קובץ שיטות קמאי על מעילה,כן,מעילה,ה:,פירוש,לא,
379,קובץ שיטות קמאי על מעילה,כן,מעילה,ה:,פירוש,לא,
381,קובץ שיטות קמאי על מעילה,כן,מעילה,ה:,פירוש,לא,
383,קובץ שיטות קמאי על מעילה,כן,מעילה,ה:,פירוש,לא,
386,קובץ שיטות קמאי על מעילה,כן,מעילה,ו.,פירוש,לא,
388,קובץ שיטות קמאי על מעילה,כן,מעילה,ו.,פירוש,לא,
390,קובץ שיטות קמאי על מעילה,כן,מעילה,ו.,פירוש,לא,
392,קובץ שיטות קמאי על מעילה,כן,מעילה,ו.,פירוש,לא,
394,קובץ שיטות קמאי על מעילה,כן,מעילה,ו.,פירוש,לא,
396,קובץ שיטות קמאי על מעילה,כן,מעילה,ו.,פירוש,לא,
398,קובץ שיטות קמאי על מעילה,כן,מעילה,ו.,פירוש,לא,
400,קובץ שיטות קמאי על מעילה,כן,מעילה,ו.,פירוש,לא,
402,קובץ שיטות קמאי על מעילה,כן,מעילה,ו.,פירוש,לא,
404,קובץ שיטות קמאי על מעילה,כן,מעילה,ו.,פירוש,לא,
406,קובץ שיטות קמאי על מעילה,כן,מעילה,ו.,פירוש,לא,
408,קובץ שיטות קמאי על מעילה,כן,מעילה,ו.,פירוש,לא,
411,קובץ שיטות קמאי על מעילה,כן,מעילה,ו:,פירוש,לא,
413,קובץ שיטות קמאי על מעילה,כן,מעילה,ו:,פירוש,לא,
415,קובץ שיטות קמאי על מעילה,כן,מעילה,ו:,פירוש,לא,
417,קובץ שיטות קמאי על מעילה,כן,מעילה,ו:,פירוש,לא,
419,קובץ שיטות קמאי על מעילה,כן,מעילה,ו:,פירוש,לא,
421,קובץ שיטות קמאי על מעילה,כן,מעילה,ו:,פירוש,לא,
423,קובץ שיטות קמאי על מעילה,כן,מעילה,ו:,פירוש,לא,
425,קובץ שיטות קמאי על מעילה,כן,מעילה,ו:,פירוש,לא,
427,קובץ שיטות קמאי על מעילה,כן,מעילה,ו:,פירוש,לא,
429,קובץ שיטות קמאי על מעילה,כן,מעילה,ו:,פירוש,לא,
431,קובץ שיטות קמאי על מעילה,כן,מעילה,ו:,פירוש,לא,
433,קובץ שיטות קמאי על מעילה,כן,מעילה,ו:,פירוש,לא,
436,קובץ שיטות קמאי על מעילה,כן,מעילה,ז.,פירוש,לא,
438,קובץ שיטות קמאי על מעילה,כן,מעילה,ז.,פירוש,לא,
440,קובץ שיטות קמאי על מעילה,כן,מעילה,ז.,פירוש,לא,
442,קובץ שיטות קמאי על מעילה,כן,מעילה,ז.,פירוש,לא,
444,קובץ שיטות קמאי על מעילה,כן,מעילה,ז.,פירוש,לא,
446,קובץ שיטות קמאי על מעילה,כן,מעילה,ז.,פירוש,לא,
447,קובץ שיטות קמאי על מעילה,כן,מעילה,ז.,פירוש,לא,
449,קובץ שיטות קמאי על מעילה,כן,מעילה,ז.,פירוש,לא,
451,קובץ שיטות קמאי על מעילה,כן,מעילה,ז.,פירוש,לא,
453,קובץ שיטות קמאי על מעילה,כן,מעילה,ז.,פירוש,לא,
455,קובץ שיטות קמאי על מעילה,כן,מעילה,ז.,פירוש,לא,
457,קובץ שיטות קמאי על מעילה,כן,מעילה,ז.,פירוש,לא,
459,קובץ שיטות קמאי על מעילה,כן,מעילה,ז.,פירוש,לא,
461,קובץ שיטות קמאי על מעילה,כן,מעילה,ז.,פירוש,לא,
463,קובץ שיטות קמאי על מעילה,כן,מעילה,ז.,פירוש,לא,
465,קובץ שיטות קמאי על מעילה,כן,מעילה,ז.,פירוש,לא,
467,קובץ שיטות קמאי על מעילה,כן,מעילה,ז.,פירוש,לא,
470,קובץ שיטות קמאי על מעילה,כן,מעילה,ז:,פירוש,לא,
472,קובץ שיטות קמאי על מעילה,כן,מעילה,ז:,פירוש,לא,
474,קובץ שיטות קמאי על מעילה,כן,מעילה,ז:,פירוש,לא,
476,קובץ שיטות קמאי על מעילה,כן,מעילה,ז:,פירוש,לא,
478,קובץ שיטות קמאי על מעילה,כן,מעילה,ז:,פירוש,לא,
480,קובץ שיטות קמאי על מעילה,כן,מעילה,ז:,פירוש,לא,
482,קובץ שיטות קמאי על מעילה,כן,מעילה,ז:,פירוש,לא,
484,קובץ שיטות קמאי על מעילה,כן,מעילה,ז:,פירוש,לא,
486,קובץ שיטות קמאי על מעילה,כן,מעילה,ז:,פירוש,לא,
488,קובץ שיטות קמאי על מעילה,כן,מעילה,ז:,פירוש,לא,
489,קובץ שיטות קמאי על מעילה,כן,מעילה,ז:,פירוש,לא,
490,קובץ שיטות קמאי על מעילה,כן,מעילה,ז:,פירוש,לא,
491,קובץ שיטות קמאי על מעילה,כן,מעילה,ז:,פירוש,לא,
493,קובץ שיטות קמאי על מעילה,כן,מעילה,ז:,פירוש,לא,
495,קובץ שיטות קמאי על מעילה,כן,מעילה,ז:,פירוש,לא,
497,קובץ שיטות קמאי על מעילה,כן,מעילה,ז:,פירוש,לא,
499,קובץ שיטות קמאי על מעילה,כן,מעילה,ז:,פירוש,לא,
501,קובץ שיטות קמאי על מעילה,כן,מעילה,ז:,פירוש,לא,
503,קובץ שיטות קמאי על מעילה,כן,מעילה,ז:,פירוש,לא,
505,קובץ שיטות קמאי על מעילה,כן,מעילה,ז:,פירוש,לא,
507,קובץ שיטות קמאי על מעילה,כן,מעילה,ז:,פירוש,לא,
510,קובץ שיטות קמאי על מעילה,כן,מעילה,ח.,פירוש,לא,
512,קובץ שיטות קמאי על מעילה,כן,מעילה,ח.,פירוש,לא,
514,קובץ שיטות קמאי על מעילה,כן,מעילה,ח.,פירוש,לא,
516,קובץ שיטות קמאי על מעילה,כן,מעילה,ח.,פירוש,לא,
518,קובץ שיטות קמאי על מעילה,כן,מעילה,ח.,פירוש,לא,
520,קובץ שיטות קמאי על מעילה,כן,מעילה,ח.,פירוש,לא,
522,קובץ שיטות קמאי על מעילה,כן,מעילה,ח.,פירוש,לא,
524,קובץ שיטות קמאי על מעילה,כן,מעילה,ח.,פירוש,לא,
526,קובץ שיטות קמאי על מעילה,כן,מעילה,ח.,פירוש,לא,
528,קובץ שיטות קמאי על מעילה,כן,מעילה,ח.,פירוש,לא,
530,קובץ שיטות קמאי על מעילה,כן,מעילה,ח.,פירוש,לא,
532,קובץ שיטות קמאי על מעילה,כן,מעילה,ח.,פירוש,לא,
535,קובץ שיטות קמאי על מעילה,כן,מעילה,ח:,פירוש,לא,
537,קובץ שיטות קמאי על מעילה,כן,מעילה,ח:,פירוש,לא,
539,קובץ שיטות קמאי על מעילה,כן,מעילה,ח:,פירוש,לא,
541,קובץ שיטות קמאי על מעילה,כן,מעילה,ח:,פירוש,לא,
543,קובץ שיטות קמאי על מעילה,כן,מעילה,ח:,פירוש,לא,
545,קובץ שיטות קמאי על מעילה,כן,מעילה,ח:,פירוש,לא,
547,קובץ שיטות קמאי על מעילה,כן,מעילה,ח:,פירוש,לא,
549,קובץ שיטות קמאי על מעילה,כן,מעילה,ח:,פירוש,לא,
551,קובץ שיטות קמאי על מעילה,כן,מעילה,ח:,פירוש,לא,
553,קובץ שיטות קמאי על מעילה,כן,מעילה,ח:,פירוש,לא,
555,קובץ שיטות קמאי על מעילה,כן,מעילה,ח:,פירוש,לא,
557,קובץ שיטות קמאי על מעילה,כן,מעילה,ח:,פירוש,לא,
559,קובץ שיטות קמאי על מעילה,כן,מעילה,ח:,פירוש,לא,
562,קובץ שיטות קמאי על מעילה,כן,מעילה,ט.,פירוש,לא,
564,קובץ שיטות קמאי על מעילה,כן,מעילה,ט.,פירוש,לא,
566,קובץ שיטות קמאי על מעילה,כן,מעילה,ט.,פירוש,לא,
568,קובץ שיטות קמאי על מעילה,כן,מעילה,ט.,פירוש,לא,
570,קובץ שיטות קמאי על מעילה,כן,מעילה,ט.,פירוש,לא,
571,קובץ שיטות קמאי על מעילה,כן,מעילה,ט.,פירוש,לא,
572,קובץ שיטות קמאי על מעילה,כן,מעילה,ט.,פירוש,לא,
573,קובץ שיטות קמאי על מעילה,כן,מעילה,ט.,פירוש,לא,
574,קובץ שיטות קמאי על מעילה,כן,מעילה,ט.,פירוש,לא,
575,קובץ שיטות קמאי על מעילה,כן,מעילה,ט.,פירוש,לא,
576,קובץ שיטות קמאי על מעילה,כן,מעילה,ט.,פירוש,לא,
577,קובץ שיטות קמאי על מעילה,כן,מעילה,ט.,פירוש,לא,
578,קובץ שיטות קמאי על מעילה,כן,מעילה,ט.,פירוש,לא,
579,קובץ שיטות קמאי על מעילה,כן,מעילה,ט.,פירוש,לא,
581,קובץ שיטות קמאי על מעילה,כן,מעילה,ט.,פירוש,לא,
583,קובץ שיטות קמאי על מעילה,כן,מעילה,ט.,פירוש,לא,
585,קובץ שיטות קמאי על מעילה,כן,מעילה,ט.,פירוש,לא,
587,קובץ שיטות קמאי על מעילה,כן,מעילה,ט.,פירוש,לא,
589,קובץ שיטות קמאי על מעילה,כן,מעילה,ט.,פירוש,לא,
591,קובץ שיטות קמאי על מעילה,כן,מעילה,ט.,פירוש,לא,
593,קובץ שיטות קמאי על מעילה,כן,מעילה,ט.,פירוש,לא,
595,קובץ שיטות קמאי על מעילה,כן,מעילה,ט.,פירוש,לא,
597,קובץ שיטות קמאי על מעילה,כן,מעילה,ט.,פירוש,לא,
599,קובץ שיטות קמאי על מעילה,כן,מעילה,ט.,פירוש,לא,
601,קובץ שיטות קמאי על מעילה,כן,מעילה,ט.,פירוש,לא,
603,קובץ שיטות קמאי על מעילה,כן,מעילה,ט.,פירוש,לא,
605,קובץ שיטות קמאי על מעילה,כן,מעילה,ט.,פירוש,לא,
607,קובץ שיטות קמאי על מעילה,כן,מעילה,ט.,פירוש,לא,
609,קובץ שיטות קמאי על מעילה,כן,מעילה,ט.,פירוש,לא,
610,קובץ שיטות קמאי על מעילה,כן,מעילה,ט.,פירוש,לא,
612,קובץ שיטות קמאי על מעילה,כן,מעילה,ט.,פירוש,לא,
614,קובץ שיטות קמאי על מעילה,כן,מעילה,ט.,פירוש,לא,
616,קובץ שיטות קמאי על מעילה,כן,מעילה,ט.,פירוש,לא,
618,קובץ שיטות קמאי על מעילה,כן,מעילה,ט.,פירוש,לא,
620,קובץ שיטות קמאי על מעילה,כן,מעילה,ט.,פירוש,לא,
622,קובץ שיטות קמאי על מעילה,כן,מעילה,ט.,פירוש,לא,
624,קובץ שיטות קמאי על מעילה,כן,מעילה,ט.,פירוש,לא,
626,קובץ שיטות קמאי על מעילה,כן,מעילה,ט.,פירוש,לא,
629,קובץ שיטות קמאי על מעילה,כן,מעילה,ט:,פירוש,לא,
631,קובץ שיטות קמאי על מעילה,כן,מעילה,ט:,פירוש,לא,
633,קובץ שיטות קמאי על מעילה,כן,מעילה,ט:,פירוש,לא,
635,קובץ שיטות קמאי על מעילה,כן,מעילה,ט:,פירוש,לא,
637,קובץ שיטות קמאי על מעילה,כן,מעילה,ט:,פירוש,לא,
639,קובץ שיטות קמאי על מעילה,כן,מעילה,ט:,פירוש,לא,
641,קובץ שיטות קמאי על מעילה,כן,מעילה,ט:,פירוש,לא,
643,קובץ שיטות קמאי על מעילה,כן,מעילה,ט:,פירוש,לא,
645,קובץ שיטות קמאי על מעילה,כן,מעילה,ט:,פירוש,לא,
646,קובץ שיטות קמאי על מעילה,כן,מעילה,ט:,פירוש,לא,
648,קובץ שיטות קמאי על מעילה,כן,מעילה,ט:,פירוש,לא,
650,קובץ שיטות קמאי על מעילה,כן,מעילה,ט:,פירוש,לא,
652,קובץ שיטות קמאי על מעילה,כן,מעילה,ט:,פירוש,לא,
654,קובץ שיטות קמאי על מעילה,כן,מעילה,ט:,פירוש,לא,
656,קובץ שיטות קמאי על מעילה,כן,מעילה,ט:,פירוש,לא,
658,קובץ שיטות קמאי על מעילה,כן,מעילה,ט:,פירוש,לא,
661,קובץ שיטות קמאי על מעילה,כן,מעילה,י.,פירוש,לא,
663,קובץ שיטות קמאי על מעילה,כן,מעילה,י.,פירוש,לא,
665,קובץ שיטות קמאי על מעילה,כן,מעילה,י.,פירוש,לא,
667,קובץ שיטות קמאי על מעילה,כן,מעילה,י.,פירוש,לא,
669,קובץ שיטות קמאי על מעילה,כן,מעילה,י.,פירוש,לא,
671,קובץ שיטות קמאי על מעילה,כן,מעילה,י.,פירוש,לא,
673,קובץ שיטות קמאי על מעילה,כן,מעילה,י.,פירוש,לא,
675,קובץ שיטות קמאי על מעילה,כן,מעילה,י.,פירוש,לא,
677,קובץ שיטות קמאי על מעילה,כן,מעילה,י.,פירוש,לא,
678,קובץ שיטות קמאי על מעילה,כן,מעילה,י.,פירוש,לא,
680,קובץ שיטות קמאי על מעילה,כן,מעילה,י.,פירוש,לא,
682,קובץ שיטות קמאי על מעילה,כן,מעילה,י.,פירוש,לא,
684,קובץ שיטות קמאי על מעילה,כן,מעילה,י.,פירוש,לא,
686,קובץ שיטות קמאי על מעילה,כן,מעילה,י.,פירוש,לא,
688,קובץ שיטות קמאי על מעילה,כן,מעילה,י.,פירוש,לא,
690,קובץ שיטות קמאי על מעילה,כן,מעילה,י.,פירוש,לא,
692,קובץ שיטות קמאי על מעילה,כן,מעילה,י.,פירוש,לא,
694,קובץ שיטות קמאי על מעילה,כן,מעילה,י.,פירוש,לא,
696,קובץ שיטות קמאי על מעילה,כן,מעילה,י.,פירוש,לא,
698,קובץ שיטות קמאי על מעילה,כן,מעילה,י.,פירוש,לא,
700,קובץ שיטות קמאי על מעילה,כן,מעילה,י.,פירוש,לא,
703,קובץ שיטות קמאי על מעילה,כן,מעילה,י:,פירוש,לא,
705,קובץ שיטות קמאי על מעילה,כן,מעילה,י:,פירוש,לא,
707,קובץ שיטות קמאי על מעילה,כן,מעילה,י:,פירוש,לא,
709,קובץ שיטות קמאי על מעילה,כן,מעילה,י:,פירוש,לא,
711,קובץ שיטות קמאי על מעילה,כן,מעילה,י:,פירוש,לא,
713,קובץ שיטות קמאי על מעילה,כן,מעילה,י:,פירוש,לא,
715,קובץ שיטות קמאי על מעילה,כן,מעילה,י:,פירוש,לא,
716,קובץ שיטות קמאי על מעילה,כן,מעילה,י:,פירוש,לא,
718,קובץ שיטות קמאי על מעילה,כן,מעילה,י:,פירוש,לא,
720,קובץ שיטות קמאי על מעילה,כן,מעילה,י:,פירוש,לא,
722,קובץ שיטות קמאי על מעילה,כן,מעילה,י:,פירוש,לא,
724,קובץ שיטות קמאי על מעילה,כן,מעילה,י:,פירוש,לא,
726,קובץ שיטות קמאי על מעילה,כן,מעילה,י:,פירוש,לא,
728,קובץ שיטות קמאי על מעילה,כן,מעילה,י:,פירוש,לא,
730,קובץ שיטות קמאי על מעילה,כן,מעילה,י:,פירוש,לא,
731,קובץ שיטות קמאי על מעילה,כן,מעילה,י:,פירוש,לא,
732,קובץ שיטות קמאי על מעילה,כן,מעילה,י:,פירוש,לא,
733,קובץ שיטות קמאי על מעילה,כן,מעילה,י:,פירוש,לא,
734,קובץ שיטות קמאי על מעילה,כן,מעילה,י:,פירוש,לא,
736,קובץ שיטות קמאי על מעילה,כן,מעילה,י:,פירוש,לא,
738,קובץ שיטות קמאי על מעילה,כן,מעילה,י:,פירוש,לא,
740,קובץ שיטות קמאי על מעילה,כן,מעילה,י:,פירוש,לא,
742,קובץ שיטות קמאי על מעילה,כן,מעילה,י:,פירוש,לא,
745,קובץ שיטות קמאי על מעילה,כן,מעילה,יא.,פירוש,לא,
747,קובץ שיטות קמאי על מעילה,כן,מעילה,יא.,פירוש,לא,
749,קובץ שיטות קמאי על מעילה,כן,מעילה,יא.,פירוש,לא,
751,קובץ שיטות קמאי על מעילה,כן,מעילה,יא.,פירוש,לא,
753,קובץ שיטות קמאי על מעילה,כן,מעילה,יא.,פירוש,לא,
755,קובץ שיטות קמאי על מעילה,כן,מעילה,יא.,פירוש,לא,
757,קובץ שיטות קמאי על מעילה,כן,מעילה,יא.,פירוש,לא,
759,קובץ שיטות קמאי על מעילה,כן,מעילה,יא.,פירוש,לא,
761,קובץ שיטות קמאי על מעילה,כן,מעילה,יא.,פירוש,לא,
763,קובץ שיטות קמאי על מעילה,כן,מעילה,יא.,פירוש,לא,
765,קובץ שיטות קמאי על מעילה,כן,מעילה,יא.,פירוש,לא,
767,קובץ שיטות קמאי על מעילה,כן,מעילה,יא.,פירוש,לא,
769,קובץ שיטות קמאי על מעילה,כן,מעילה,יא.,פירוש,לא,
771,קובץ שיטות קמאי על מעילה,כן,מעילה,יא.,פירוש,לא,
773,קובץ שיטות קמאי על מעילה,כן,מעילה,יא.,פירוש,לא,
775,קובץ שיטות קמאי על מעילה,כן,מעילה,יא.,פירוש,לא,
777,קובץ שיטות קמאי על מעילה,כן,מעילה,יא.,פירוש,לא,
779,קובץ שיטות קמאי על מעילה,כן,מעילה,יא.,פירוש,לא,
780,קובץ שיטות קמאי על מעילה,כן,מעילה,יא.,פירוש,לא,
782,קובץ שיטות קמאי על מעילה,כן,מעילה,יא.,פירוש,לא,
784,קובץ שיטות קמאי על מעילה,כן,מעילה,יא.,פירוש,לא,
786,קובץ שיטות קמאי על מעילה,כן,מעילה,יא.,פירוש,לא,
788,קובץ שיטות קמאי על מעילה,כן,מעילה,יא.,פירוש,לא,
790,קובץ שיטות קמאי על מעילה,כן,מעילה,יא.,פירוש,לא,
792,קובץ שיטות קמאי על מעילה,כן,מעילה,יא.,פירוש,לא,
794,קובץ שיטות קמאי על מעילה,כן,מעילה,יא.,פירוש,לא,
796,קובץ שיטות קמאי על מעילה,כן,מעילה,יא.,פירוש,לא,
797,קובץ שיטות קמאי על מעילה,כן,מעילה,יא.,פירוש,לא,
798,קובץ שיטות קמאי על מעילה,כן,מעילה,יא.,פירוש,לא,
799,קובץ שיטות קמאי על מעילה,כן,מעילה,יא.,פירוש,לא,
801,קובץ שיטות קמאי על מעילה,כן,מעילה,יא.,פירוש,לא,
803,קובץ שיטות קמאי על מעילה,כן,מעילה,יא.,פירוש,לא,
805,קובץ שיטות קמאי על מעילה,כן,מעילה,יא.,פירוש,לא,
807,קובץ שיטות קמאי על מעילה,כן,מעילה,יא.,פירוש,לא,
809,קובץ שיטות קמאי על מעילה,כן,מעילה,יא.,פירוש,לא,
811,קובץ שיטות קמאי על מעילה,כן,מעילה,יא.,פירוש,לא,
813,קובץ שיטות קמאי על מעילה,כן,מעילה,יא.,פירוש,לא,
815,קובץ שיטות קמאי על מעילה,כן,מעילה,יא.,פירוש,לא,
817,קובץ שיטות קמאי על מעילה,כן,מעילה,יא.,פירוש,לא,
819,קובץ שיטות קמאי על מעילה,כן,מעילה,יא.,פירוש,לא,
821,קובץ שיטות קמאי על מעילה,כן,מעילה,יא.,פירוש,לא,
823,קובץ שיטות קמאי על מעילה,כן,מעילה,יא.,פירוש,לא,
825,קובץ שיטות קמאי על מעילה,כן,מעילה,יא.,פירוש,לא,
827,קובץ שיטות קמאי על מעילה,כן,מעילה,יא.,פירוש,לא,
829,קובץ שיטות קמאי על מעילה,כן,מעילה,יא.,פירוש,לא,
831,קובץ שיטות קמאי על מעילה,כן,מעילה,יא.,פירוש,לא,
833,קובץ שיטות קמאי על מעילה,כן,מעילה,יא.,פירוש,לא,
835,קובץ שיטות קמאי על מעילה,כן,מעילה,יא.,פירוש,לא,
837,קובץ שיטות קמאי על מעילה,כן,מעילה,יא.,פירוש,לא,
839,קובץ שיטות קמאי על מעילה,כן,מעילה,יא.,פירוש,לא,
841,קובץ שיטות קמאי על מעילה,כן,מעילה,יא.,פירוש,לא,
843,קובץ שיטות קמאי על מעילה,כן,מעילה,יא.,פירוש,לא,
846,קובץ שיטות קמאי על מעילה,כן,מעילה,יא:,פירוש,לא,
848,קובץ שיטות קמאי על מעילה,כן,מעילה,יא:,פירוש,לא,
850,קובץ שיטות קמאי על מעילה,כן,מעילה,יא:,פירוש,לא,
852,קובץ שיטות קמאי על מעילה,כן,מעילה,יא:,פירוש,לא,
854,קובץ שיטות קמאי על מעילה,כן,מעילה,יא:,פירוש,לא,
856,קובץ שיטות קמאי על מעילה,כן,מעילה,יא:,פירוש,לא,
858,קובץ שיטות קמאי על מעילה,כן,מעילה,יא:,פירוש,לא,
860,קובץ שיטות קמאי על מעילה,כן,מעילה,יא:,פירוש,לא,
862,קובץ שיטות קמאי על מעילה,כן,מעילה,יא:,פירוש,לא,
864,קובץ שיטות קמאי על מעילה,כן,מעילה,יא:,פירוש,לא,
866,קובץ שיטות קמאי על מעילה,כן,מעילה,יא:,פירוש,לא,
868,קובץ שיטות קמאי על מעילה,כן,מעילה,יא:,פירוש,לא,
870,קובץ שיטות קמאי על מעילה,כן,מעילה,יא:,פירוש,לא,
872,קובץ שיטות קמאי על מעילה,כן,מעילה,יא:,פירוש,לא,
873,קובץ שיטות קמאי על מעילה,כן,מעילה,יא:,פירוש,לא,
875,קובץ שיטות קמאי על מעילה,כן,מעילה,יא:,פירוש,לא,
877,קובץ שיטות קמאי על מעילה,כן,מעילה,יא:,פירוש,לא,
879,קובץ שיטות קמאי על מעילה,כן,מעילה,יא:,פירוש,לא,
881,קובץ שיטות קמאי על מעילה,כן,מעילה,יא:,פירוש,לא,
883,קובץ שיטות קמאי על מעילה,כן,מעילה,יא:,פירוש,לא,
885,קובץ שיטות קמאי על מעילה,כן,מעילה,יא:,פירוש,לא,
887,קובץ שיטות קמאי על מעילה,כן,מעילה,יא:,פירוש,לא,
889,קובץ שיטות קמאי על מעילה,כן,מעילה,יא:,פירוש,לא,
891,קובץ שיטות קמאי על מעילה,כן,מעילה,יא:,פירוש,לא,
893,קובץ שיטות קמאי על מעילה,כן,מעילה,יא:,פירוש,לא,
895,קובץ שיטות קמאי על מעילה,כן,מעילה,יא:,פירוש,לא,
897,קובץ שיטות קמאי על מעילה,כן,מעילה,יא:,פירוש,לא,
899,קובץ שיטות קמאי על מעילה,כן,מעילה,יא:,פירוש,לא,
901,קובץ שיטות קמאי על מעילה,כן,מעילה,יא:,פירוש,לא,
903,קובץ שיטות קמאי על מעילה,כן,מעילה,יא:,פירוש,לא,
905,קובץ שיטות קמאי על מעילה,כן,מעילה,יא:,פירוש,לא,
906,קובץ שיטות קמאי על מעילה,כן,מעילה,יא:,פירוש,לא,
907,קובץ שיטות קמאי על מעילה,כן,מעילה,יא:,פירוש,לא,
908,קובץ שיטות קמאי על מעילה,כן,מעילה,יא:,פירוש,לא,
910,קובץ שיטות קמאי על מעילה,כן,מעילה,יא:,פירוש,לא,
912,קובץ שיטות קמאי על מעילה,כן,מעילה,יא:,פירוש,לא,
914,קובץ שיטות קמאי על מעילה,כן,מעילה,יא:,פירוש,לא,
916,קובץ שיטות קמאי על מעילה,כן,מעילה,יא:,פירוש,לא,
918,קובץ שיטות קמאי על מעילה,כן,מעילה,יא:,פירוש,לא,
920,קובץ שיטות קמאי על מעילה,כן,מעילה,יא:,פירוש,לא,
922,קובץ שיטות קמאי על מעילה,כן,מעילה,יא:,פירוש,לא,
924,קובץ שיטות קמאי על מעילה,כן,מעילה,יא:,פירוש,לא,
926,קובץ שיטות קמאי על מעילה,כן,מעילה,יא:,פירוש,לא,
928,קובץ שיטות קמאי על מעילה,כן,מעילה,יא:,פירוש,לא,
930,קובץ שיטות קמאי על מעילה,כן,מעילה,יא:,פירוש,לא,
933,קובץ שיטות קמאי על מעילה,כן,מעילה,יב.,פירוש,לא,
935,קובץ שיטות קמאי על מעילה,כן,מעילה,יב.,פירוש,לא,
937,קובץ שיטות קמאי על מעילה,כן,מעילה,יב.,פירוש,לא,
939,קובץ שיטות קמאי על מעילה,כן,מעילה,יב.,פירוש,לא,
940,קובץ שיטות קמאי על מעילה,כן,מעילה,יב.,פירוש,לא,
942,קובץ שיטות קמאי על מעילה,כן,מעילה,יב.,פירוש,לא,
944,קובץ שיטות קמאי על מעילה,כן,מעילה,יב.,פירוש,לא,
946,קובץ שיטות קמאי על מעילה,כן,מעילה,יב.,פירוש,לא,
948,קובץ שיטות קמאי על מעילה,כן,מעילה,יב.,פירוש,לא,
950,קובץ שיטות קמאי על מעילה,כן,מעילה,יב.,פירוש,לא,
952,קובץ שיטות קמאי על מעילה,כן,מעילה,יב.,פירוש,לא,
954,קובץ שיטות קמאי על מעילה,כן,מעילה,יב.,פירוש,לא,
956,קובץ שיטות קמאי על מעילה,כן,מעילה,יב.,פירוש,לא,
958,קובץ שיטות קמאי על מעילה,כן,מעילה,יב.,פירוש,לא,
960,קובץ שיטות קמאי על מעילה,כן,מעילה,יב.,פירוש,לא,
962,קובץ שיטות קמאי על מעילה,כן,מעילה,יב.,פירוש,לא,
964,קובץ שיטות קמאי על מעילה,כן,מעילה,יב.,פירוש,לא,
966,קובץ שיטות קמאי על מעילה,כן,מעילה,יב.,פירוש,לא,
968,קובץ שיטות קמאי על מעילה,כן,מעילה,יב.,פירוש,לא,
971,קובץ שיטות קמאי על מעילה,כן,מעילה,יב:,פירוש,לא,
973,קובץ שיטות קמאי על מעילה,כן,מעילה,יב:,פירוש,לא,
975,קובץ שיטות קמאי על מעילה,כן,מעילה,יב:,פירוש,לא,
977,קובץ שיטות קמאי על מעילה,כן,מעילה,יב:,פירוש,לא,
978,קובץ שיטות קמאי על מעילה,כן,מעילה,יב:,פירוש,לא,
979,קובץ שיטות קמאי על מעילה,כן,מעילה,יב:,פירוש,לא,
981,קובץ שיטות קמאי על מעילה,כן,מעילה,יב:,פירוש,לא,
982,קובץ שיטות קמאי על מעילה,כן,מעילה,יב:,פירוש,לא,
984,קובץ שיטות קמאי על מעילה,כן,מעילה,יב:,פירוש,לא,
986,קובץ שיטות קמאי על מעילה,כן,מעילה,יב:,פירוש,לא,
988,קובץ שיטות קמאי על מעילה,כן,מעילה,יב:,פירוש,לא,
990,קובץ שיטות קמאי על מעילה,כן,מעילה,יב:,פירוש,לא,
992,קובץ שיטות קמאי על מעילה,כן,מעילה,יב:,פירוש,לא,
994,קובץ שיטות קמאי על מעילה,כן,מעילה,יב:,פירוש,לא,
996,קובץ שיטות קמאי על מעילה,כן,מעילה,יב:,פירוש,לא,
997,קובץ שיטות קמאי על מעילה,כן,מעילה,יב:,פירוש,לא,
999,קובץ שיטות קמאי על מעילה,כן,מעילה,יב:,פירוש,לא,
1000,קובץ שיטות קמאי על מעילה,כן,מעילה,יב:,פירוש,לא,
1002,קובץ שיטות קמאי על מעילה,כן,מעילה,יב:,פירוש,לא,
1004,קובץ שיטות קמאי על מעילה,כן,מעילה,יב:,פירוש,לא,
1006,קובץ שיטות קמאי על מעילה,כן,מעילה,יב:,פירוש,לא,
1008,קובץ שיטות קמאי על מעילה,כן,מעילה,יב:,פירוש,לא,
1010,קובץ שיטות קמאי על מעילה,כן,מעילה,יב:,פירוש,לא,
1012,קובץ שיטות קמאי על מעילה,כן,מעילה,יב:,פירוש,לא,
1014,קובץ שיטות קמאי על מעילה,כן,מעילה,יב:,פירוש,לא,
1016,קובץ שיטות קמאי על מעילה,כן,מעילה,יב:,פירוש,לא,
1018,קובץ שיטות קמאי על מעילה,כן,מעילה,יב:,פירוש,לא,
1020,קובץ שיטות קמאי על מעילה,כן,מעילה,יב:,פירוש,לא,
1022,קובץ שיטות קמאי על מעילה,כן,מעילה,יב:,פירוש,לא,
1024,קובץ שיטות קמאי על מעילה,כן,מעילה,יב:,פירוש,לא,
1027,קובץ שיטות קמאי על מעילה,כן,מעילה,יג.,פירוש,לא,
1029,קובץ שיטות קמאי על מעילה,כן,מעילה,יג.,פירוש,לא,
1031,קובץ שיטות קמאי על מעילה,כן,מעילה,יג.,פירוש,לא,
1033,קובץ שיטות קמאי על מעילה,כן,מעילה,יג.,פירוש,לא,
1035,קובץ שיטות קמאי על מעילה,כן,מעילה,יג.,פירוש,לא,
1037,קובץ שיטות קמאי על מעילה,כן,מעילה,יג.,פירוש,לא,
1039,קובץ שיטות קמאי על מעילה,כן,מעילה,יג.,פירוש,לא,
1041,קובץ שיטות קמאי על מעילה,כן,מעילה,יג.,פירוש,לא,
1043,קובץ שיטות קמאי על מעילה,כן,מעילה,יג.,פירוש,לא,
1045,קובץ שיטות קמאי על מעילה,כן,מעילה,יג.,פירוש,לא,
1047,קובץ שיטות קמאי על מעילה,כן,מעילה,יג.,פירוש,לא,
1049,קובץ שיטות קמאי על מעילה,כן,מעילה,יג.,פירוש,לא,
1051,קובץ שיטות קמאי על מעילה,כן,מעילה,יג.,פירוש,לא,
1053,קובץ שיטות קמאי על מעילה,כן,מעילה,יג.,פירוש,לא,
1055,קובץ שיטות קמאי על מעילה,כן,מעילה,יג.,פירוש,לא,
1057,קובץ שיטות קמאי על מעילה,כן,מעילה,יג.,פירוש,לא,
1059,קובץ שיטות קמאי על מעילה,כן,מעילה,יג.,פירוש,לא,
1061,קובץ שיטות קמאי על מעילה,כן,מעילה,יג.,פירוש,לא,
1063,קובץ שיטות קמאי על מעילה,כן,מעילה,יג.,פירוש,לא,
1065,קובץ שיטות קמאי על מעילה,כן,מעילה,יג.,פירוש,לא,
1066,קובץ שיטות קמאי על מעילה,כן,מעילה,יג.,פירוש,לא,
1068,קובץ שיטות קמאי על מעילה,כן,מעילה,יג.,פירוש,לא,
1070,קובץ שיטות קמאי על מעילה,כן,מעילה,יג.,פירוש,לא,
1072,קובץ שיטות קמאי על מעילה,כן,מעילה,יג.,פירוש,לא,
1074,קובץ שיטות קמאי על מעילה,כן,מעילה,יג.,פירוש,לא,
1076,קובץ שיטות קמאי על מעילה,כן,מעילה,יג.,פירוש,לא,
1078,קובץ שיטות קמאי על מעילה,כן,מעילה,יג.,פירוש,לא,
1080,קובץ שיטות קמאי על מעילה,כן,מעילה,יג.,פירוש,לא,
1081,קובץ שיטות קמאי על מעילה,כן,מעילה,יג.,פירוש,לא,
1083,קובץ שיטות קמאי על מעילה,כן,מעילה,יג.,פירוש,לא,
1085,קובץ שיטות קמאי על מעילה,כן,מעילה,יג.,פירוש,לא,
1086,קובץ שיטות קמאי על מעילה,כן,מעילה,יג.,פירוש,לא,
1088,קובץ שיטות קמאי על מעילה,כן,מעילה,יג.,פירוש,לא,
1090,קובץ שיטות קמאי על מעילה,כן,מעילה,יג.,פירוש,לא,
1092,קובץ שיטות קמאי על מעילה,כן,מעילה,יג.,פירוש,לא,
1094,קובץ שיטות קמאי על מעילה,כן,מעילה,יג.,פירוש,לא,
1097,קובץ שיטות קמאי על מעילה,כן,מעילה,יג:,פירוש,לא,
1099,קובץ שיטות קמאי על מעילה,כן,מעילה,יג:,פירוש,לא,
1101,קובץ שיטות קמאי על מעילה,כן,מעילה,יג:,פירוש,לא,
1103,קובץ שיטות קמאי על מעילה,כן,מעילה,יג:,פירוש,לא,
1104,קובץ שיטות קמאי על מעילה,כן,מעילה,יג:,פירוש,לא,
1105,קובץ שיטות קמאי על מעילה,כן,מעילה,יג:,פירוש,לא,
1106,קובץ שיטות קמאי על מעילה,כן,מעילה,יג:,פירוש,לא,
1107,קובץ שיטות קמאי על מעילה,כן,מעילה,יג:,פירוש,לא,
1108,קובץ שיטות קמאי על מעילה,כן,מעילה,יג:,פירוש,לא,
1109,קובץ שיטות קמאי על מעילה,כן,מעילה,יג:,פירוש,לא,
1110,קובץ שיטות קמאי על מעילה,כן,מעילה,יג:,פירוש,לא,
1111,קובץ שיטות קמאי על מעילה,כן,מעילה,יג:,פירוש,לא,
1113,קובץ שיטות קמאי על מעילה,כן,מעילה,יג:,פירוש,לא,
1114,קובץ שיטות קמאי על מעילה,כן,מעילה,יג:,פירוש,לא,
1115,קובץ שיטות קמאי על מעילה,כן,מעילה,יג:,פירוש,לא,
1116,קובץ שיטות קמאי על מעילה,כן,מעילה,יג:,פירוש,לא,
1117,קובץ שיטות קמאי על מעילה,כן,מעילה,יג:,פירוש,לא,
1119,קובץ שיטות קמאי על מעילה,כן,מעילה,יג:,פירוש,לא,
1121,קובץ שיטות קמאי על מעילה,כן,מעילה,יג:,פירוש,לא,
1123,קובץ שיטות קמאי על מעילה,כן,מעילה,יג:,פירוש,לא,
1125,קובץ שיטות קמאי על מעילה,כן,מעילה,יג:,פירוש,לא,
1127,קובץ שיטות קמאי על מעילה,כן,מעילה,יג:,פירוש,לא,
1129,קובץ שיטות קמאי על מעילה,כן,מעילה,יג:,פירוש,לא,
1131,קובץ שיטות קמאי על מעילה,כן,מעילה,יג:,פירוש,לא,
1133,קובץ שיטות קמאי על מעילה,כן,מעילה,יג:,פירוש,לא,
1135,קובץ שיטות קמאי על מעילה,כן,מעילה,יג:,פירוש,לא,
1137,קובץ שיטות קמאי על מעילה,כן,מעילה,יג:,פירוש,לא,
1139,קובץ שיטות קמאי על מעילה,כן,מעילה,יג:,פירוש,לא,
1141,קובץ שיטות קמאי על מעילה,כן,מעילה,יג:,פירוש,לא,
1143,קובץ שיטות קמאי על מעילה,כן,מעילה,יג:,פירוש,לא,
1145,קובץ שיטות קמאי על מעילה,כן,מעילה,יג:,פירוש,לא,
1147,קובץ שיטות קמאי על מעילה,כן,מעילה,יג:,פירוש,לא,
1149,קובץ שיטות קמאי על מעילה,כן,מעילה,יג:,פירוש,לא,
1151,קובץ שיטות קמאי על מעילה,כן,מעילה,יג:,פירוש,לא,
1154,קובץ שיטות קמאי על מעילה,כן,מעילה,יד.,פירוש,לא,
1156,קובץ שיטות קמאי על מעילה,כן,מעילה,יד.,פירוש,לא,
1158,קובץ שיטות קמאי על מעילה,כן,מעילה,יד.,פירוש,לא,
1160,קובץ שיטות קמאי על מעילה,כן,מעילה,יד.,פירוש,לא,
1162,קובץ שיטות קמאי על מעילה,כן,מעילה,יד.,פירוש,לא,
1164,קובץ שיטות קמאי על מעילה,כן,מעילה,יד.,פירוש,לא,
1166,קובץ שיטות קמאי על מעילה,כן,מעילה,יד.,פירוש,לא,
1168,קובץ שיטות קמאי על מעילה,כן,מעילה,יד.,פירוש,לא,
1170,קובץ שיטות קמאי על מעילה,כן,מעילה,יד.,פירוש,לא,
1172,קובץ שיטות קמאי על מעילה,כן,מעילה,יד.,פירוש,לא,
1174,קובץ שיטות קמאי על מעילה,כן,מעילה,יד.,פירוש,לא,
1176,קובץ שיטות קמאי על מעילה,כן,מעילה,יד.,פירוש,לא,
1178,קובץ שיטות קמאי על מעילה,כן,מעילה,יד.,פירוש,לא,
1180,קובץ שיטות קמאי על מעילה,כן,מעילה,יד.,פירוש,לא,
1182,קובץ שיטות קמאי על מעילה,כן,מעילה,יד.,פירוש,לא,
1184,קובץ שיטות קמאי על מעילה,כן,מעילה,יד.,פירוש,לא,
1186,קובץ שיטות קמאי על מעילה,כן,מעילה,יד.,פירוש,לא,
1188,קובץ שיטות קמאי על מעילה,כן,מעילה,יד.,פירוש,לא,
1190,קובץ שיטות קמאי על מעילה,כן,מעילה,יד.,פירוש,לא,
1192,קובץ שיטות קמאי על מעילה,כן,מעילה,יד.,פירוש,לא,
1194,קובץ שיטות קמאי על מעילה,כן,מעילה,יד.,פירוש,לא,
1196,קובץ שיטות קמאי על מעילה,כן,מעילה,יד.,פירוש,לא,
1198,קובץ שיטות קמאי על מעילה,כן,מעילה,יד.,פירוש,לא,
1200,קובץ שיטות קמאי על מעילה,כן,מעילה,יד.,פירוש,לא,
1202,קובץ שיטות קמאי על מעילה,כן,מעילה,יד.,פירוש,לא,
1204,קובץ שיטות קמאי על מעילה,כן,מעילה,יד.,פירוש,לא,
1206,קובץ שיטות קמאי על מעילה,כן,מעילה,יד.,פירוש,לא,
1208,קובץ שיטות קמאי על מעילה,כן,מעילה,יד.,פירוש,לא,
1210,קובץ שיטות קמאי על מעילה,כן,מעילה,יד.,פירוש,לא,
1212,קובץ שיטות קמאי על מעילה,כן,מעילה,יד.,פירוש,לא,
1214,קובץ שיטות קמאי על מעילה,כן,מעילה,יד.,פירוש,לא,
1216,קובץ שיטות קמאי על מעילה,כן,מעילה,יד.,פירוש,לא,
1218,קובץ שיטות קמאי על מעילה,כן,מעילה,יד.,פירוש,לא,
1220,קובץ שיטות קמאי על מעילה,כן,מעילה,יד.,פירוש,לא,
1222,קובץ שיטות קמאי על מעילה,כן,מעילה,יד.,פירוש,לא,
1224,קובץ שיטות קמאי על מעילה,כן,מעילה,יד.,פירוש,לא,
1225,קובץ שיטות קמאי על מעילה,כן,מעילה,יד.,פירוש,לא,
1226,קובץ שיטות קמאי על מעילה,כן,מעילה,יד.,פירוש,לא,
1227,קובץ שיטות קמאי על מעילה,כן,מעילה,יד.,פירוש,לא,
1229,קובץ שיטות קמאי על מעילה,כן,מעילה,יד.,פירוש,לא,
1231,קובץ שיטות קמאי על מעילה,כן,מעילה,יד.,פירוש,לא,
1233,קובץ שיטות קמאי על מעילה,כן,מעילה,יד.,פירוש,לא,
1235,קובץ שיטות קמאי על מעילה,כן,מעילה,יד.,פירוש,לא,
1237,קובץ שיטות קמאי על מעילה,כן,מעילה,יד.,פירוש,לא,
1239,קובץ שיטות קמאי על מעילה,כן,מעילה,יד.,פירוש,לא,
1240,קובץ שיטות קמאי על מעילה,כן,מעילה,יד.,פירוש,לא,
1241,קובץ שיטות קמאי על מעילה,כן,מעילה,יד.,פירוש,לא,
1242,קובץ שיטות קמאי על מעילה,כן,מעילה,יד.,פירוש,לא,
1244,קובץ שיטות קמאי על מעילה,כן,מעילה,יד.,פירוש,לא,
1246,קובץ שיטות קמאי על מעילה,כן,מעילה,יד.,פירוש,לא,
1248,קובץ שיטות קמאי על מעילה,כן,מעילה,יד.,פירוש,לא,
1250,קובץ שיטות קמאי על מעילה,כן,מעילה,יד.,פירוש,לא,
1252,קובץ שיטות קמאי על מעילה,כן,מעילה,יד.,פירוש,לא,
1254,קובץ שיטות קמאי על מעילה,כן,מעילה,יד.,פירוש,לא,
1256,קובץ שיטות קמאי על מעילה,כן,מעילה,יד.,פירוש,לא,
1259,קובץ שיטות קמאי על מעילה,כן,מעילה,יד:,פירוש,לא,
1261,קובץ שיטות קמאי על מעילה,כן,מעילה,יד:,פירוש,לא,
1263,קובץ שיטות קמאי על מעילה,כן,מעילה,יד:,פירוש,לא,
1265,קובץ שיטות קמאי על מעילה,כן,מעילה,יד:,פירוש,לא,
1267,קובץ שיטות קמאי על מעילה,כן,מעילה,יד:,פירוש,לא,
1269,קובץ שיטות קמאי על מעילה,כן,מעילה,יד:,פירוש,לא,
1271,קובץ שיטות קמאי על מעילה,כן,מעילה,יד:,פירוש,לא,
1273,קובץ שיטות קמאי על מעילה,כן,מעילה,יד:,פירוש,לא,
1275,קובץ שיטות קמאי על מעילה,כן,מעילה,יד:,פירוש,לא,
1277,קובץ שיטות קמאי על מעילה,כן,מעילה,יד:,פירוש,לא,
1279,קובץ שיטות קמאי על מעילה,כן,מעילה,יד:,פירוש,לא,
1281,קובץ שיטות קמאי על מעילה,כן,מעילה,יד:,פירוש,לא,
1283,קובץ שיטות קמאי על מעילה,כן,מעילה,יד:,פירוש,לא,
1285,קובץ שיטות קמאי על מעילה,כן,מעילה,יד:,פירוש,לא,
1287,קובץ שיטות קמאי על מעילה,כן,מעילה,יד:,פירוש,לא,
1289,קובץ שיטות קמאי על מעילה,כן,מעילה,יד:,פירוש,לא,
1290,קובץ שיטות קמאי על מעילה,כן,מעילה,יד:,פירוש,לא,
1292,קובץ שיטות קמאי על מעילה,כן,מעילה,יד:,פירוש,לא,
1294,קובץ שיטות קמאי על מעילה,כן,מעילה,יד:,פירוש,לא,
1296,קובץ שיטות קמאי על מעילה,כן,מעילה,יד:,פירוש,לא,
1299,קובץ שיטות קמאי על מעילה,כן,מעילה,טו.,פירוש,לא,
1301,קובץ שיטות קמאי על מעילה,כן,מעילה,טו.,פירוש,לא,
1303,קובץ שיטות קמאי על מעילה,כן,מעילה,טו.,פירוש,לא,
1305,קובץ שיטות קמאי על מעילה,כן,מעילה,טו.,פירוש,לא,
1307,קובץ שיטות קמאי על מעילה,כן,מעילה,טו.,פירוש,לא,
1309,קובץ שיטות קמאי על מעילה,כן,מעילה,טו.,פירוש,לא,
1311,קובץ שיטות קמאי על מעילה,כן,מעילה,טו.,פירוש,לא,
1313,קובץ שיטות קמאי על מעילה,כן,מעילה,טו.,פירוש,לא,
1314,קובץ שיטות קמאי על מעילה,כן,מעילה,טו.,פירוש,לא,
1316,קובץ שיטות קמאי על מעילה,כן,מעילה,טו.,פירוש,לא,
1318,קובץ שיטות קמאי על מעילה,כן,מעילה,טו.,פירוש,לא,
1320,קובץ שיטות קמאי על מעילה,כן,מעילה,טו.,פירוש,לא,
1322,קובץ שיטות קמאי על מעילה,כן,מעילה,טו.,פירוש,לא,
1324,קובץ שיטות קמאי על מעילה,כן,מעילה,טו.,פירוש,לא,
1326,קובץ שיטות קמאי על מעילה,כן,מעילה,טו.,פירוש,לא,
1328,קובץ שיטות קמאי על מעילה,כן,מעילה,טו.,פירוש,לא,
1330,קובץ שיטות קמאי על מעילה,כן,מעילה,טו.,פירוש,לא,
1332,קובץ שיטות קמאי על מעילה,כן,מעילה,טו.,פירוש,לא,
1335,קובץ שיטות קמאי על מעילה,כן,מעילה,טו:,פירוש,לא,
1337,קובץ שיטות קמאי על מעילה,כן,מעילה,טו:,פירוש,לא,
1339,קובץ שיטות קמאי על מעילה,כן,מעילה,טו:,פירוש,לא,
1341,קובץ שיטות קמאי על מעילה,כן,מעילה,טו:,פירוש,לא,
1343,קובץ שיטות קמאי על מעילה,כן,מעילה,טו:,פירוש,לא,
1345,קובץ שיטות קמאי על מעילה,כן,מעילה,טו:,פירוש,לא,
1347,קובץ שיטות קמאי על מעילה,כן,מעילה,טו:,פירוש,לא,
1349,קובץ שיטות קמאי על מעילה,כן,מעילה,טו:,פירוש,לא,
1351,קובץ שיטות קמאי על מעילה,כן,מעילה,טו:,פירוש,לא,
1353,קובץ שיטות קמאי על מעילה,כן,מעילה,טו:,פירוש,לא,
1355,קובץ שיטות קמאי על מעילה,כן,מעילה,טו:,פירוש,לא,
1356,קובץ שיטות קמאי על מעילה,כן,מעילה,טו:,פירוש,לא,
1358,קובץ שיטות קמאי על מעילה,כן,מעילה,טו:,פירוש,לא,
1360,קובץ שיטות קמאי על מעילה,כן,מעילה,טו:,פירוש,לא,
1362,קובץ שיטות קמאי על מעילה,כן,מעילה,טו:,פירוש,לא,
1364,קובץ שיטות קמאי על מעילה,כן,מעילה,טו:,פירוש,לא,
1365,קובץ שיטות קמאי על מעילה,כן,מעילה,טו:,פירוש,לא,
1366,קובץ שיטות קמאי על מעילה,כן,מעילה,טו:,פירוש,לא,
1368,קובץ שיטות קמאי על מעילה,כן,מעילה,טו:,פירוש,לא,
1370,קובץ שיטות קמאי על מעילה,כן,מעילה,טו:,פירוש,לא,
1372,קובץ שיטות קמאי על מעילה,כן,מעילה,טו:,פירוש,לא,
1374,קובץ שיטות קמאי על מעילה,כן,מעילה,טו:,פירוש,לא,
1376,קובץ שיטות קמאי על מעילה,כן,מעילה,טו:,פירוש,לא,
1378,קובץ שיטות קמאי על מעילה,כן,מעילה,טו:,פירוש,לא,
1380,קובץ שיטות קמאי על מעילה,כן,מעילה,טו:,פירוש,לא,
1382,קובץ שיטות קמאי על מעילה,כן,מעילה,טו:,פירוש,לא,
1383,קובץ שיטות קמאי על מעילה,כן,מעילה,טו:,פירוש,לא,
1384,קובץ שיטות קמאי על מעילה,כן,מעילה,טו:,פירוש,לא,
1386,קובץ שיטות קמאי על מעילה,כן,מעילה,טו:,פירוש,לא,
1388,קובץ שיטות קמאי על מעילה,כן,מעילה,טו:,פירוש,לא,
1390,קובץ שיטות קמאי על מעילה,כן,מעילה,טו:,פירוש,לא,
1392,קובץ שיטות קמאי על מעילה,כן,מעילה,טו:,פירוש,לא,
1394,קובץ שיטות קמאי על מעילה,כן,מעילה,טו:,פירוש,לא,
1396,קובץ שיטות קמאי על מעילה,כן,מעילה,טו:,פירוש,לא,
1399,קובץ שיטות קמאי על מעילה,כן,מעילה,טז.,פירוש,לא,
1401,קובץ שיטות קמאי על מעילה,כן,מעילה,טז.,פירוש,לא,
1403,קובץ שיטות קמאי על מעילה,כן,מעילה,טז.,פירוש,לא,
1405,קובץ שיטות קמאי על מעילה,כן,מעילה,טז.,פירוש,לא,
1407,קובץ שיטות קמאי על מעילה,כן,מעילה,טז.,פירוש,לא,
1409,קובץ שיטות קמאי על מעילה,כן,מעילה,טז.,פירוש,לא,
1411,קובץ שיטות קמאי על מעילה,כן,מעילה,טז.,פירוש,לא,
1413,קובץ שיטות קמאי על מעילה,כן,מעילה,טז.,פירוש,לא,
1415,קובץ שיטות קמאי על מעילה,כן,מעילה,טז.,פירוש,לא,
1416,קובץ שיטות קמאי על מעילה,כן,מעילה,טז.,פירוש,לא,
1418,קובץ שיטות קמאי על מעילה,כן,מעילה,טז.,פירוש,לא,
1420,קובץ שיטות קמאי על מעילה,כן,מעילה,טז.,פירוש,לא,
1422,קובץ שיטות קמאי על מעילה,כן,מעילה,טז.,פירוש,לא,
1424,קובץ שיטות קמאי על מעילה,כן,מעילה,טז.,פירוש,לא,
1426,קובץ שיטות קמאי על מעילה,כן,מעילה,טז.,פירוש,לא,
1428,קובץ שיטות קמאי על מעילה,כן,מעילה,טז.,פירוש,לא,
1430,קובץ שיטות קמאי על מעילה,כן,מעילה,טז.,פירוש,לא,
1432,קובץ שיטות קמאי על מעילה,כן,מעילה,טז.,פירוש,לא,
1434,קובץ שיטות קמאי על מעילה,כן,מעילה,טז.,פירוש,לא,
1436,קובץ שיטות קמאי על מעילה,כן,מעילה,טז.,פירוש,לא,
1438,קובץ שיטות קמאי על מעילה,כן,מעילה,טז.,פירוש,לא,
1440,קובץ שיטות קמאי על מעילה,כן,מעילה,טז.,פירוש,לא,
1441,קובץ שיטות קמאי על מעילה,כן,מעילה,טז.,פירוש,לא,
1442,קובץ שיטות קמאי על מעילה,כן,מעילה,טז.,פירוש,לא,
1444,קובץ שיטות קמאי על מעילה,כן,מעילה,טז.,פירוש,לא,
1446,קובץ שיטות קמאי על מעילה,כן,מעילה,טז.,פירוש,לא,
1447,קובץ שיטות קמאי על מעילה,כן,מעילה,טז.,פירוש,לא,
1448,קובץ שיטות קמאי על מעילה,כן,מעילה,טז.,פירוש,לא,
1450,קובץ שיטות קמאי על מעילה,כן,מעילה,טז.,פירוש,לא,
1452,קובץ שיטות קמאי על מעילה,כן,מעילה,טז.,פירוש,לא,
1454,קובץ שיטות קמאי על מעילה,כן,מעילה,טז.,פירוש,לא,
1456,קובץ שיטות קמאי על מעילה,כן,מעילה,טז.,פירוש,לא,
1458,קובץ שיטות קמאי על מעילה,כן,מעילה,טז.,פירוש,לא,
1460,קובץ שיטות קמאי על מעילה,כן,מעילה,טז.,פירוש,לא,
1461,קובץ שיטות קמאי על מעילה,כן,מעילה,טז.,פירוש,לא,
1462,קובץ שיטות קמאי על מעילה,כן,מעילה,טז.,פירוש,לא,
1463,קובץ שיטות קמאי על מעילה,כן,מעילה,טז.,פירוש,לא,
1464,קובץ שיטות קמאי על מעילה,כן,מעילה,טז.,פירוש,לא,
1465,קובץ שיטות קמאי על מעילה,כן,מעילה,טז.,פירוש,לא,
1466,קובץ שיטות קמאי על מעילה,כן,מעילה,טז.,פירוש,לא,
1467,קובץ שיטות קמאי על מעילה,כן,מעילה,טז.,פירוש,לא,
1468,קובץ שיטות קמאי על מעילה,כן,מעילה,טז.,פירוש,לא,
1469,קובץ שיטות קמאי על מעילה,כן,מעילה,טז.,פירוש,לא,
1470,קובץ שיטות קמאי על מעילה,כן,מעילה,טז.,פירוש,לא,
1471,קובץ שיטות קמאי על מעילה,כן,מעילה,טז.,פירוש,לא,
1472,קובץ שיטות קמאי על מעילה,כן,מעילה,טז.,פירוש,לא,
1473,קובץ שיטות קמאי על מעילה,כן,מעילה,טז.,פירוש,לא,
1474,קובץ שיטות קמאי על מעילה,כן,מעילה,טז.,פירוש,לא,
1475,קובץ שיטות קמאי על מעילה,כן,מעילה,טז.,פירוש,לא,
1476,קובץ שיטות קמאי על מעילה,כן,מעילה,טז.,פירוש,לא,
1477,קובץ שיטות קמאי על מעילה,כן,מעילה,טז.,פירוש,לא,
1478,קובץ שיטות קמאי על מעילה,כן,מעילה,טז.,פירוש,לא,
1480,קובץ שיטות קמאי על מעילה,כן,מעילה,טז.,פירוש,לא,
1482,קובץ שיטות קמאי על מעילה,כן,מעילה,טז.,פירוש,לא,
1484,קובץ שיטות קמאי על מעילה,כן,מעילה,טז.,פירוש,לא,
1487,קובץ שיטות קמאי על מעילה,כן,מעילה,טז:,פירוש,לא,
1489,קובץ שיטות קמאי על מעילה,כן,מעילה,טז:,פירוש,לא,
1491,קובץ שיטות קמאי על מעילה,כן,מעילה,טז:,פירוש,לא,
1493,קובץ שיטות קמאי על מעילה,כן,מעילה,טז:,פירוש,לא,
1495,קובץ שיטות קמאי על מעילה,כן,מעילה,טז:,פירוש,לא,
1497,קובץ שיטות קמאי על מעילה,כן,מעילה,טז:,פירוש,לא,
1499,קובץ שיטות קמאי על מעילה,כן,מעילה,טז:,פירוש,לא,
1501,קובץ שיטות קמאי על מעילה,כן,מעילה,טז:,פירוש,לא,
1503,קובץ שיטות קמאי על מעילה,כן,מעילה,טז:,פירוש,לא,
1505,קובץ שיטות קמאי על מעילה,כן,מעילה,טז:,פירוש,לא,
1507,קובץ שיטות קמאי על מעילה,כן,מעילה,טז:,פירוש,לא,
1509,קובץ שיטות קמאי על מעילה,כן,מעילה,טז:,פירוש,לא,
1511,קובץ שיטות קמאי על מעילה,כן,מעילה,טז:,פירוש,לא,
1513,קובץ שיטות קמאי על מעילה,כן,מעילה,טז:,פירוש,לא,
1515,קובץ שיטות קמאי על מעילה,כן,מעילה,טז:,פירוש,לא,
1517,קובץ שיטות קמאי על מעילה,כן,מעילה,טז:,פירוש,לא,
1519,קובץ שיטות קמאי על מעילה,כן,מעילה,טז:,פירוש,לא,
1521,קובץ שיטות קמאי על מעילה,כן,מעילה,טז:,פירוש,לא,
1523,קובץ שיטות קמאי על מעילה,כן,מעילה,טז:,פירוש,לא,
1524,קובץ שיטות קמאי על מעילה,כן,מעילה,טז:,פירוש,לא,
1526,קובץ שיטות קמאי על מעילה,כן,מעילה,טז:,פירוש,לא,
1528,קובץ שיטות קמאי על מעילה,כן,מעילה,טז:,פירוש,לא,
1529,קובץ שיטות קמאי על מעילה,כן,מעילה,טז:,פירוש,לא,
1530,קובץ שיטות קמאי על מעילה,כן,מעילה,טז:,פירוש,לא,
1531,קובץ שיטות קמאי על מעילה,כן,מעילה,טז:,פירוש,לא,
1532,קובץ שיטות קמאי על מעילה,כן,מעילה,טז:,פירוש,לא,
1533,קובץ שיטות קמאי על מעילה,כן,מעילה,טז:,פירוש,לא,
1534,קובץ שיטות קמאי על מעילה,כן,מעילה,טז:,פירוש,לא,
1536,קובץ שיטות קמאי על מעילה,כן,מעילה,טז:,פירוש,לא,
1537,קובץ שיטות קמאי על מעילה,כן,מעילה,טז:,פירוש,לא,
1538,קובץ שיטות קמאי על מעילה,כן,מעילה,טז:,פירוש,לא,
1539,קובץ שיטות קמאי על מעילה,כן,מעילה,טז:,פירוש,לא,
1540,קובץ שיטות קמאי על מעילה,כן,מעילה,טז:,פירוש,לא,
1542,קובץ שיטות קמאי על מעילה,כן,מעילה,טז:,פירוש,לא,
1543,קובץ שיטות קמאי על מעילה,כן,מעילה,טז:,פירוש,לא,
1544,קובץ שיטות קמאי על מעילה,כן,מעילה,טז:,פירוש,לא,
1545,קובץ שיטות קמאי על מעילה,כן,מעילה,טז:,פירוש,לא,
1547,קובץ שיטות קמאי על מעילה,כן,מעילה,טז:,פירוש,לא,
1549,קובץ שיטות קמאי על מעילה,כן,מעילה,טז:,פירוש,לא,
1551,קובץ שיטות קמאי על מעילה,כן,מעילה,טז:,פירוש,לא,
1552,קובץ שיטות קמאי על מעילה,כן,מעילה,טז:,פירוש,לא,
1554,קובץ שיטות קמאי על מעילה,כן,מעילה,טז:,פירוש,לא,
1556,קובץ שיטות קמאי על מעילה,כן,מעילה,טז:,פירוש,לא,
1558,קובץ שיטות קמאי על מעילה,כן,מעילה,טז:,פירוש,לא,
1560,קובץ שיטות קמאי על מעילה,כן,מעילה,טז:,פירוש,לא,
1562,קובץ שיטות קמאי על מעילה,כן,מעילה,טז:,פירוש,לא,
1564,קובץ שיטות קמאי על מעילה,כן,מעילה,טז:,פירוש,לא,
1566,קובץ שיטות קמאי על מעילה,כן,מעילה,טז:,פירוש,לא,
1568,קובץ שיטות קמאי על מעילה,כן,מעילה,טז:,פירוש,לא,
1570,קובץ שיטות קמאי על מעילה,כן,מעילה,טז:,פירוש,לא,
1572,קובץ שיטות קמאי על מעילה,כן,מעילה,טז:,פירוש,לא,
1574,קובץ שיטות קמאי על מעילה,כן,מעילה,טז:,פירוש,לא,
1576,קובץ שיטות קמאי על מעילה,כן,מעילה,טז:,פירוש,לא,
1578,קובץ שיטות קמאי על מעילה,כן,מעילה,טז:,פירוש,לא,
1581,קובץ שיטות קמאי על מעילה,כן,מעילה,יז.,פירוש,לא,
1583,קובץ שיטות קמאי על מעילה,כן,מעילה,יז.,פירוש,לא,
1585,קובץ שיטות קמאי על מעילה,כן,מעילה,יז.,פירוש,לא,
1586,קובץ שיטות קמאי על מעילה,כן,מעילה,יז.,פירוש,לא,
1587,קובץ שיטות קמאי על מעילה,כן,מעילה,יז.,פירוש,לא,
1588,קובץ שיטות קמאי על מעילה,כן,מעילה,יז.,פירוש,לא,
1589,קובץ שיטות קמאי על מעילה,כן,מעילה,יז.,פירוש,לא,
1590,קובץ שיטות קמאי על מעילה,כן,מעילה,יז.,פירוש,לא,
1591,קובץ שיטות קמאי על מעילה,כן,מעילה,יז.,פירוש,לא,
1592,קובץ שיטות קמאי על מעילה,כן,מעילה,יז.,פירוש,לא,
1594,קובץ שיטות קמאי על מעילה,כן,מעילה,יז.,פירוש,לא,
1596,קובץ שיטות קמאי על מעילה,כן,מעילה,יז.,פירוש,לא,
1598,קובץ שיטות קמאי על מעילה,כן,מעילה,יז.,פירוש,לא,
1599,קובץ שיטות קמאי על מעילה,כן,מעילה,יז.,פירוש,לא,
1601,קובץ שיטות קמאי על מעילה,כן,מעילה,יז.,פירוש,לא,
1602,קובץ שיטות קמאי על מעילה,כן,מעילה,יז.,פירוש,לא,
1604,קובץ שיטות קמאי על מעילה,כן,מעילה,יז.,פירוש,לא,
1606,קובץ שיטות קמאי על מעילה,כן,מעילה,יז.,פירוש,לא,
1608,קובץ שיטות קמאי על מעילה,כן,מעילה,יז.,פירוש,לא,
1610,קובץ שיטות קמאי על מעילה,כן,מעילה,יז.,פירוש,לא,
1612,קובץ שיטות קמאי על מעילה,כן,מעילה,יז.,פירוש,לא,
1614,קובץ שיטות קמאי על מעילה,כן,מעילה,יז.,פירוש,לא,
1616,קובץ שיטות קמאי על מעילה,כן,מעילה,יז.,פירוש,לא,
1618,קובץ שיטות קמאי על מעילה,כן,מעילה,יז.,פירוש,לא,
1619,קובץ שיטות קמאי על מעילה,כן,מעילה,יז.,פירוש,לא,
1621,קובץ שיטות קמאי על מעילה,כן,מעילה,יז.,פירוש,לא,
1622,קובץ שיטות קמאי על מעילה,כן,מעילה,יז.,פירוש,לא,
1623,קובץ שיטות קמאי על מעילה,כן,מעילה,יז.,פירוש,לא,
1625,קובץ שיטות קמאי על מעילה,כן,מעילה,יז.,פירוש,לא,
1626,קובץ שיטות קמאי על מעילה,כן,מעילה,יז.,פירוש,לא,
1628,קובץ שיטות קמאי על מעילה,כן,מעילה,יז.,פירוש,לא,
1630,קובץ שיטות קמאי על מעילה,כן,מעילה,יז.,פירוש,לא,
1632,קובץ שיטות קמאי על מעילה,כן,מעילה,יז.,פירוש,לא,
1634,קובץ שיטות קמאי על מעילה,כן,מעילה,יז.,פירוש,לא,
1635,קובץ שיטות קמאי על מעילה,כן,מעילה,יז.,פירוש,לא,
1636,קובץ שיטות קמאי על מעילה,כן,מעילה,יז.,פירוש,לא,
1637,קובץ שיטות קמאי על מעילה,כן,מעילה,יז.,פירוש,לא,
1638,קובץ שיטות קמאי על מעילה,כן,מעילה,יז.,פירוש,לא,
1640,קובץ שיטות קמאי על מעילה,כן,מעילה,יז.,פירוש,לא,
1641,קובץ שיטות קמאי על מעילה,כן,מעילה,יז.,פירוש,לא,
1642,קובץ שיטות קמאי על מעילה,כן,מעילה,יז.,פירוש,לא,
1644,קובץ שיטות קמאי על מעילה,כן,מעילה,יז.,פירוש,לא,
1646,קובץ שיטות קמאי על מעילה,כן,מעילה,יז.,פירוש,לא,
1648,קובץ שיטות קמאי על מעילה,כן,מעילה,יז.,פירוש,לא,
1650,קובץ שיטות קמאי על מעילה,כן,מעילה,יז.,פירוש,לא,
1652,קובץ שיטות קמאי על מעילה,כן,מעילה,יז.,פירוש,לא,
1654,קובץ שיטות קמאי על מעילה,כן,מעילה,יז.,פירוש,לא,
1656,קובץ שיטות קמאי על מעילה,כן,מעילה,יז.,פירוש,לא,
1657,קובץ שיטות קמאי על מעילה,כן,מעילה,יז.,פירוש,לא,
1659,קובץ שיטות קמאי על מעילה,כן,מעילה,יז.,פירוש,לא,
1661,קובץ שיטות קמאי על מעילה,כן,מעילה,יז.,פירוש,לא,
1663,קובץ שיטות קמאי על מעילה,כן,מעילה,יז.,פירוש,לא,
1665,קובץ שיטות קמאי על מעילה,כן,מעילה,יז.,פירוש,לא,
1667,קובץ שיטות קמאי על מעילה,כן,מעילה,יז.,פירוש,לא,
1669,קובץ שיטות קמאי על מעילה,כן,מעילה,יז.,פירוש,לא,
1671,קובץ שיטות קמאי על מעילה,כן,מעילה,יז.,פירוש,לא,
1673,קובץ שיטות קמאי על מעילה,כן,מעילה,יז.,פירוש,לא,
1676,קובץ שיטות קמאי על מעילה,כן,מעילה,יז:,פירוש,לא,
1678,קובץ שיטות קמאי על מעילה,כן,מעילה,יז:,פירוש,לא,
1680,קובץ שיטות קמאי על מעילה,כן,מעילה,יז:,פירוש,לא,
1682,קובץ שיטות קמאי על מעילה,כן,מעילה,יז:,פירוש,לא,
1683,קובץ שיטות קמאי על מעילה,כן,מעילה,יז:,פירוש,לא,
1684,קובץ שיטות קמאי על מעילה,כן,מעילה,יז:,פירוש,לא,
1685,קובץ שיטות קמאי על מעילה,כן,מעילה,יז:,פירוש,לא,
1686,קובץ שיטות קמאי על מעילה,כן,מעילה,יז:,פירוש,לא,
1687,קובץ שיטות קמאי על מעילה,כן,מעילה,יז:,פירוש,לא,
1688,קובץ שיטות קמאי על מעילה,כן,מעילה,יז:,פירוש,לא,
1689,קובץ שיטות קמאי על מעילה,כן,מעילה,יז:,פירוש,לא,
1690,קובץ שיטות קמאי על מעילה,כן,מעילה,יז:,פירוש,לא,
1691,קובץ שיטות קמאי על מעילה,כן,מעילה,יז:,פירוש,לא,
1693,קובץ שיטות קמאי על מעילה,כן,מעילה,יז:,פירוש,לא,
1694,קובץ שיטות קמאי על מעילה,כן,מעילה,יז:,פירוש,לא,
1695,קובץ שיטות קמאי על מעילה,כן,מעילה,יז:,פירוש,לא,
1697,קובץ שיטות קמאי על מעילה,כן,מעילה,יז:,פירוש,לא,
1698,קובץ שיטות קמאי על מעילה,כן,מעילה,יז:,פירוש,לא,
1699,קובץ שיטות קמאי על מעילה,כן,מעילה,יז:,פירוש,לא,
1700,קובץ שיטות קמאי על מעילה,כן,מעילה,יז:,פירוש,לא,
1701,קובץ שיטות קמאי על מעילה,כן,מעילה,יז:,פירוש,לא,
1702,קובץ שיטות קמאי על מעילה,כן,מעילה,יז:,פירוש,לא,
1703,קובץ שיטות קמאי על מעילה,כן,מעילה,יז:,פירוש,לא,
1704,קובץ שיטות קמאי על מעילה,כן,מעילה,יז:,פירוש,לא,
1705,קובץ שיטות קמאי על מעילה,כן,מעילה,יז:,פירוש,לא,
1706,קובץ שיטות קמאי על מעילה,כן,מעילה,יז:,פירוש,לא,
1707,קובץ שיטות קמאי על מעילה,כן,מעילה,יז:,פירוש,לא,
1708,קובץ שיטות קמאי על מעילה,כן,מעילה,יז:,פירוש,לא,
1709,קובץ שיטות קמאי על מעילה,כן,מעילה,יז:,פירוש,לא,
1711,קובץ שיטות קמאי על מעילה,כן,מעילה,יז:,פירוש,לא,
1713,קובץ שיטות קמאי על מעילה,כן,מעילה,יז:,פירוש,לא,
1714,קובץ שיטות קמאי על מעילה,כן,מעילה,יז:,פירוש,לא,
1715,קובץ שיטות קמאי על מעילה,כן,מעילה,יז:,פירוש,לא,
1717,קובץ שיטות קמאי על מעילה,כן,מעילה,יז:,פירוש,לא,
1719,קובץ שיטות קמאי על מעילה,כן,מעילה,יז:,פירוש,לא,
1721,קובץ שיטות קמאי על מעילה,כן,מעילה,יז:,פירוש,לא,
1723,קובץ שיטות קמאי על מעילה,כן,מעילה,יז:,פירוש,לא,
1725,קובץ שיטות קמאי על מעילה,כן,מעילה,יז:,פירוש,לא,
1727,קובץ שיטות קמאי על מעילה,כן,מעילה,יז:,פירוש,לא,
1728,קובץ שיטות קמאי על מעילה,כן,מעילה,יז:,פירוש,לא,
1729,קובץ שיטות קמאי על מעילה,כן,מעילה,יז:,פירוש,לא,
1731,קובץ שיטות קמאי על מעילה,כן,מעילה,יז:,פירוש,לא,
1733,קובץ שיטות קמאי על מעילה,כן,מעילה,יז:,פירוש,לא,
1735,קובץ שיטות קמאי על מעילה,כן,מעילה,יז:,פירוש,לא,
1737,קובץ שיטות קמאי על מעילה,כן,מעילה,יז:,פירוש,לא,
1739,קובץ שיטות קמאי על מעילה,כן,מעילה,יז:,פירוש,לא,
1741,קובץ שיטות קמאי על מעילה,כן,מעילה,יז:,פירוש,לא,
1743,קובץ שיטות קמאי על מעילה,כן,מעילה,יז:,פירוש,לא,
1745,קובץ שיטות קמאי על מעילה,כן,מעילה,יז:,פירוש,לא,
1747,קובץ שיטות קמאי על מעילה,כן,מעילה,יז:,פירוש,לא,
1749,קובץ שיטות קמאי על מעילה,כן,מעילה,יז:,פירוש,לא,
1750,קובץ שיטות קמאי על מעילה,כן,מעילה,יז:,פירוש,לא,
1751,קובץ שיטות קמאי על מעילה,כן,מעילה,יז:,פירוש,לא,
1752,קובץ שיטות קמאי על מעילה,כן,מעילה,יז:,פירוש,לא,
1754,קובץ שיטות קמאי על מעילה,כן,מעילה,יז:,פירוש,לא,
1755,קובץ שיטות קמאי על מעילה,כן,מעילה,יז:,פירוש,לא,
1757,קובץ שיטות קמאי על מעילה,כן,מעילה,יז:,פירוש,לא,
1759,קובץ שיטות קמאי על מעילה,כן,מעילה,יז:,פירוש,לא,
1761,קובץ שיטות קמאי על מעילה,כן,מעילה,יז:,פירוש,לא,
1763,קובץ שיטות קמאי על מעילה,כן,מעילה,יז:,פירוש,לא,
1765,קובץ שיטות קמאי על מעילה,כן,מעילה,יז:,פירוש,לא,
1767,קובץ שיטות קמאי על מעילה,כן,מעילה,יז:,פירוש,לא,
1769,קובץ שיטות קמאי על מעילה,כן,מעילה,יז:,פירוש,לא,
1771,קובץ שיטות קמאי על מעילה,כן,מעילה,יז:,פירוש,לא,
1773,קובץ שיטות קמאי על מעילה,כן,מעילה,יז:,פירוש,לא,
1775,קובץ שיטות קמאי על מעילה,כן,מעילה,יז:,פירוש,לא,
1777,קובץ שיטות קמאי על מעילה,כן,מעילה,יז:,פירוש,לא,
1779,קובץ שיטות קמאי על מעילה,כן,מעילה,יז:,פירוש,לא,
1781,קובץ שיטות קמאי על מעילה,כן,מעילה,יז:,פירוש,לא,
1783,קובץ שיטות קמאי על מעילה,כן,מעילה,יז:,פירוש,לא,
1785,קובץ שיטות קמאי על מעילה,כן,מעילה,יז:,פירוש,לא,
1787,קובץ שיטות קמאי על מעילה,כן,מעילה,יז:,פירוש,לא,
1789,קובץ שיטות קמאי על מעילה,כן,מעילה,יז:,פירוש,לא,
1791,קובץ שיטות קמאי על מעילה,כן,מעילה,יז:,פירוש,לא,
1792,קובץ שיטות קמאי על מעילה,כן,מעילה,יז:,פירוש,לא,
1793,קובץ שיטות קמאי על מעילה,כן,מעילה,יז:,פירוש,לא,
1795,קובץ שיטות קמאי על מעילה,כן,מעילה,יז:,פירוש,לא,
1797,קובץ שיטות קמאי על מעילה,כן,מעילה,יז:,פירוש,לא,
1798,קובץ שיטות קמאי על מעילה,כן,מעילה,יז:,פירוש,לא,
1799,קובץ שיטות קמאי על מעילה,כן,מעילה,יז:,פירוש,לא,
1801,קובץ שיטות קמאי על מעילה,כן,מעילה,יז:,פירוש,לא,
1803,קובץ שיטות קמאי על מעילה,כן,מעילה,יז:,פירוש,לא,
1805,קובץ שיטות קמאי על מעילה,כן,מעילה,יז:,פירוש,לא,
1807,קובץ שיטות קמאי על מעילה,כן,מעילה,יז:,פירוש,לא,
1809,קובץ שיטות קמאי על מעילה,כן,מעילה,יז:,פירוש,לא,
1811,קובץ שיטות קמאי על מעילה,כן,מעילה,יז:,פירוש,לא,
1814,קובץ שיטות קמאי על מעילה,כן,מעילה,יח.,פירוש,לא,
1816,קובץ שיטות קמאי על מעילה,כן,מעילה,יח.,פירוש,לא,
1817,קובץ שיטות קמאי על מעילה,כן,מעילה,יח.,פירוש,לא,
1819,קובץ שיטות קמאי על מעילה,כן,מעילה,יח.,פירוש,לא,
1821,קובץ שיטות קמאי על מעילה,כן,מעילה,יח.,פירוש,לא,
1823,קובץ שיטות קמאי על מעילה,כן,מעילה,יח.,פירוש,לא,
1825,קובץ שיטות קמאי על מעילה,כן,מעילה,יח.,פירוש,לא,
1827,קובץ שיטות קמאי על מעילה,כן,מעילה,יח.,פירוש,לא,
1829,קובץ שיטות קמאי על מעילה,כן,מעילה,יח.,פירוש,לא,
1831,קובץ שיטות קמאי על מעילה,כן,מעילה,יח.,פירוש,לא,
1833,קובץ שיטות קמאי על מעילה,כן,מעילה,יח.,פירוש,לא,
1835,קובץ שיטות קמאי על מעילה,כן,מעילה,יח.,פירוש,לא,
1837,קובץ שיטות קמאי על מעילה,כן,מעילה,יח.,פירוש,לא,
1839,קובץ שיטות קמאי על מעילה,כן,מעילה,יח.,פירוש,לא,
1841,קובץ שיטות קמאי על מעילה,כן,מעילה,יח.,פירוש,לא,
1843,קובץ שיטות קמאי על מעילה,כן,מעילה,יח.,פירוש,לא,
1845,קובץ שיטות קמאי על מעילה,כן,מעילה,יח.,פירוש,לא,
1847,קובץ שיטות קמאי על מעילה,כן,מעילה,יח.,פירוש,לא,
1848,קובץ שיטות קמאי על מעילה,כן,מעילה,יח.,פירוש,לא,
1849,קובץ שיטות קמאי על מעילה,כן,מעילה,יח.,פירוש,לא,
1850,קובץ שיטות קמאי על מעילה,כן,מעילה,יח.,פירוש,לא,
1851,קובץ שיטות קמאי על מעילה,כן,מעילה,יח.,פירוש,לא,
1852,קובץ שיטות קמאי על מעילה,כן,מעילה,יח.,פירוש,לא,
1853,קובץ שיטות קמאי על מעילה,כן,מעילה,יח.,פירוש,לא,
1854,קובץ שיטות קמאי על מעילה,כן,מעילה,יח.,פירוש,לא,
1855,קובץ שיטות קמאי על מעילה,כן,מעילה,יח.,פירוש,לא,
1856,קובץ שיטות קמאי על מעילה,כן,מעילה,יח.,פירוש,לא,
1858,קובץ שיטות קמאי על מעילה,כן,מעילה,יח.,פירוש,לא,
1860,קובץ שיטות קמאי על מעילה,כן,מעילה,יח.,פירוש,לא,
1862,קובץ שיטות קמאי על מעילה,כן,מעילה,יח.,פירוש,לא,
1864,קובץ שיטות קמאי על מעילה,כן,מעילה,יח.,פירוש,לא,
1866,קובץ שיטות קמאי על מעילה,כן,מעילה,יח.,פירוש,לא,
1868,קובץ שיטות קמאי על מעילה,כן,מעילה,יח.,פירוש,לא,
1870,קובץ שיטות קמאי על מעילה,כן,מעילה,יח.,פירוש,לא,
1872,קובץ שיטות קמאי על מעילה,כן,מעילה,יח.,פירוש,לא,
1873,קובץ שיטות קמאי על מעילה,כן,מעילה,יח.,פירוש,לא,
1874,קובץ שיטות קמאי על מעילה,כן,מעילה,יח.,פירוש,לא,
1876,קובץ שיטות קמאי על מעילה,כן,מעילה,יח.,פירוש,לא,
1878,קובץ שיטות קמאי על מעילה,כן,מעילה,יח.,פירוש,לא,
1880,קובץ שיטות קמאי על מעילה,כן,מעילה,יח.,פירוש,לא,
1882,קובץ שיטות קמאי על מעילה,כן,מעילה,יח.,פירוש,לא,
1884,קובץ שיטות קמאי על מעילה,כן,מעילה,יח.,פירוש,לא,
1886,קובץ שיטות קמאי על מעילה,כן,מעילה,יח.,פירוש,לא,
1888,קובץ שיטות קמאי על מעילה,כן,מעילה,יח.,פירוש,לא,
1890,קובץ שיטות קמאי על מעילה,כן,מעילה,יח.,פירוש,לא,
1892,קובץ שיטות קמאי על מעילה,כן,מעילה,יח.,פירוש,לא,
1894,קובץ שיטות קמאי על מעילה,כן,מעילה,יח.,פירוש,לא,
1896,קובץ שיטות קמאי על מעילה,כן,מעילה,יח.,פירוש,לא,
1898,קובץ שיטות קמאי על מעילה,כן,מעילה,יח.,פירוש,לא,
1900,קובץ שיטות קמאי על מעילה,כן,מעילה,יח.,פירוש,לא,
1902,קובץ שיטות קמאי על מעילה,כן,מעילה,יח.,פירוש,לא,
1904,קובץ שיטות קמאי על מעילה,כן,מעילה,יח.,פירוש,לא,
1906,קובץ שיטות קמאי על מעילה,כן,מעילה,יח.,פירוש,לא,
1908,קובץ שיטות קמאי על מעילה,כן,מעילה,יח.,פירוש,לא,
1910,קובץ שיטות קמאי על מעילה,כן,מעילה,יח.,פירוש,לא,
1912,קובץ שיטות קמאי על מעילה,כן,מעילה,יח.,פירוש,לא,
1914,קובץ שיטות קמאי על מעילה,כן,מעילה,יח.,פירוש,לא,
1916,קובץ שיטות קמאי על מעילה,כן,מעילה,יח.,פירוש,לא,
1918,קובץ שיטות קמאי על מעילה,כן,מעילה,יח.,פירוש,לא,
1920,קובץ שיטות קמאי על מעילה,כן,מעילה,יח.,פירוש,לא,
1922,קובץ שיטות קמאי על מעילה,כן,מעילה,יח.,פירוש,לא,
1924,קובץ שיטות קמאי על מעילה,כן,מעילה,יח.,פירוש,לא,
1926,קובץ שיטות קמאי על מעילה,כן,מעילה,יח.,פירוש,לא,
1929,קובץ שיטות קמאי על מעילה,כן,מעילה,יח:,פירוש,לא,
1931,קובץ שיטות קמאי על מעילה,כן,מעילה,יח:,פירוש,לא,
1933,קובץ שיטות קמאי על מעילה,כן,מעילה,יח:,פירוש,לא,
1935,קובץ שיטות קמאי על מעילה,כן,מעילה,יח:,פירוש,לא,
1937,קובץ שיטות קמאי על מעילה,כן,מעילה,יח:,פירוש,לא,
1939,קובץ שיטות קמאי על מעילה,כן,מעילה,יח:,פירוש,לא,
1941,קובץ שיטות קמאי על מעילה,כן,מעילה,יח:,פירוש,לא,
1943,קובץ שיטות קמאי על מעילה,כן,מעילה,יח:,פירוש,לא,
1945,קובץ שיטות קמאי על מעילה,כן,מעילה,יח:,פירוש,לא,
1947,קובץ שיטות קמאי על מעילה,כן,מעילה,יח:,פירוש,לא,
1949,קובץ שיטות קמאי על מעילה,כן,מעילה,יח:,פירוש,לא,
1951,קובץ שיטות קמאי על מעילה,כן,מעילה,יח:,פירוש,לא,
1953,קובץ שיטות קמאי על מעילה,כן,מעילה,יח:,פירוש,לא,
1955,קובץ שיטות קמאי על מעילה,כן,מעילה,יח:,פירוש,לא,
1957,קובץ שיטות קמאי על מעילה,כן,מעילה,יח:,פירוש,לא,
1959,קובץ שיטות קמאי על מעילה,כן,מעילה,יח:,פירוש,לא,
1961,קובץ שיטות קמאי על מעילה,כן,מעילה,יח:,פירוש,לא,
1963,קובץ שיטות קמאי על מעילה,כן,מעילה,יח:,פירוש,לא,
1965,קובץ שיטות קמאי על מעילה,כן,מעילה,יח:,פירוש,לא,
1967,קובץ שיטות קמאי על מעילה,כן,מעילה,יח:,פירוש,לא,
1968,קובץ שיטות קמאי על מעילה,כן,מעילה,יח:,פירוש,לא,
1969,קובץ שיטות קמאי על מעילה,כן,מעילה,יח:,פירוש,לא,
1971,קובץ שיטות קמאי על מעילה,כן,מעילה,יח:,פירוש,לא,
1973,קובץ שיטות קמאי על מעילה,כן,מעילה,יח:,פירוש,לא,
1975,קובץ שיטות קמאי על מעילה,כן,מעילה,יח:,פירוש,לא,
1977,קובץ שיטות קמאי על מעילה,כן,מעילה,יח:,פירוש,לא,
1979,קובץ שיטות קמאי על מעילה,כן,מעילה,יח:,פירוש,לא,
1981,קובץ שיטות קמאי על מעילה,כן,מעילה,יח:,פירוש,לא,
1983,קובץ שיטות קמאי על מעילה,כן,מעילה,יח:,פירוש,לא,
1985,קובץ שיטות קמאי על מעילה,כן,מעילה,יח:,פירוש,לא,
1987,קובץ שיטות קמאי על מעילה,כן,מעילה,יח:,פירוש,לא,
1989,קובץ שיטות קמאי על מעילה,כן,מעילה,יח:,פירוש,לא,
1992,קובץ שיטות קמאי על מעילה,כן,מעילה,יט.,פירוש,לא,
1994,קובץ שיטות קמאי על מעילה,כן,מעילה,יט.,פירוש,לא,
1996,קובץ שיטות קמאי על מעילה,כן,מעילה,יט.,פירוש,לא,
1998,קובץ שיטות קמאי על מעילה,כן,מעילה,יט.,פירוש,לא,
2000,קובץ שיטות קמאי על מעילה,כן,מעילה,יט.,פירוש,לא,
2002,קובץ שיטות קמאי על מעילה,כן,מעילה,יט.,פירוש,לא,
2004,קובץ שיטות קמאי על מעילה,כן,מעילה,יט.,פירוש,לא,
2006,קובץ שיטות קמאי על מעילה,כן,מעילה,יט.,פירוש,לא,
2008,קובץ שיטות קמאי על מעילה,כן,מעילה,יט.,פירוש,לא,
2010,קובץ שיטות קמאי על מעילה,כן,מעילה,יט.,פירוש,לא,
2012,קובץ שיטות קמאי על מעילה,כן,מעילה,יט.,פירוש,לא,
2014,קובץ שיטות קמאי על מעילה,כן,מעילה,יט.,פירוש,לא,
2016,קובץ שיטות קמאי על מעילה,כן,מעילה,יט.,פירוש,לא,
2018,קובץ שיטות קמאי על מעילה,כן,מעילה,יט.,פירוש,לא,
2020,קובץ שיטות קמאי על מעילה,כן,מעילה,יט.,פירוש,לא,
2022,קובץ שיטות קמאי על מעילה,כן,מעילה,יט.,פירוש,לא,
2024,קובץ שיטות קמאי על מעילה,כן,מעילה,יט.,פירוש,לא,
2026,קובץ שיטות קמאי על מעילה,כן,מעילה,יט.,פירוש,לא,
2028,קובץ שיטות קמאי על מעילה,כן,מעילה,יט.,פירוש,לא,
2030,קובץ שיטות קמאי על מעילה,כן,מעילה,יט.,פירוש,לא,
2032,קובץ שיטות קמאי על מעילה,כן,מעילה,יט.,פירוש,לא,
2034,קובץ שיטות קמאי על מעילה,כן,מעילה,יט.,פירוש,לא,
2037,קובץ שיטות קמאי על מעילה,כן,מעילה,יט:,פירוש,לא,
2039,קובץ שיטות קמאי על מעילה,כן,מעילה,יט:,פירוש,לא,
2041,קובץ שיטות קמאי על מעילה,כן,מעילה,יט:,פירוש,לא,
2043,קובץ שיטות קמאי על מעילה,כן,מעילה,יט:,פירוש,לא,
2045,קובץ שיטות קמאי על מעילה,כן,מעילה,יט:,פירוש,לא,
2047,קובץ שיטות קמאי על מעילה,כן,מעילה,יט:,פירוש,לא,
2049,קובץ שיטות קמאי על מעילה,כן,מעילה,יט:,פירוש,לא,
2051,קובץ שיטות קמאי על מעילה,כן,מעילה,יט:,פירוש,לא,
2053,קובץ שיטות קמאי על מעילה,כן,מעילה,יט:,פירוש,לא,
2055,קובץ שיטות קמאי על מעילה,כן,מעילה,יט:,פירוש,לא,
2057,קובץ שיטות קמאי על מעילה,כן,מעילה,יט:,פירוש,לא,
2059,קובץ שיטות קמאי על מעילה,כן,מעילה,יט:,פירוש,לא,
2061,קובץ שיטות קמאי על מעילה,כן,מעילה,יט:,פירוש,לא,
2063,קובץ שיטות קמאי על מעילה,כן,מעילה,יט:,פירוש,לא,
2065,קובץ שיטות קמאי על מעילה,כן,מעילה,יט:,פירוש,לא,
2067,קובץ שיטות קמאי על מעילה,כן,מעילה,יט:,פירוש,לא,
2069,קובץ שיטות קמאי על מעילה,כן,מעילה,יט:,פירוש,לא,
2071,קובץ שיטות קמאי על מעילה,כן,מעילה,יט:,פירוש,לא,
2073,קובץ שיטות קמאי על מעילה,כן,מעילה,יט:,פירוש,לא,
2075,קובץ שיטות קמאי על מעילה,כן,מעילה,יט:,פירוש,לא,
2077,קובץ שיטות קמאי על מעילה,כן,מעילה,יט:,פירוש,לא,
2079,קובץ שיטות קמאי על מעילה,כן,מעילה,יט:,פירוש,לא,
2081,קובץ שיטות קמאי על מעילה,כן,מעילה,יט:,פירוש,לא,
2083,קובץ שיטות קמאי על מעילה,כן,מעילה,יט:,פירוש,לא,
2085,קובץ שיטות קמאי על מעילה,כן,מעילה,יט:,פירוש,לא,
2087,קובץ שיטות קמאי על מעילה,כן,מעילה,יט:,פירוש,לא,
2089,קובץ שיטות קמאי על מעילה,כן,מעילה,יט:,פירוש,לא,
2091,קובץ שיטות קמאי על מעילה,כן,מעילה,יט:,פירוש,לא,
2093,קובץ שיטות קמאי על מעילה,כן,מעילה,יט:,פירוש,לא,
2095,קובץ שיטות קמאי על מעילה,כן,מעילה,יט:,פירוש,לא,
2097,קובץ שיטות קמאי על מעילה,כן,מעילה,יט:,פירוש,לא,
2099,קובץ שיטות קמאי על מעילה,כן,מעילה,יט:,פירוש,לא,
2101,קובץ שיטות קמאי על מעילה,כן,מעילה,יט:,פירוש,לא,
2103,קובץ שיטות קמאי על מעילה,כן,מעילה,יט:,פירוש,לא,
2105,קובץ שיטות קמאי על מעילה,כן,מעילה,יט:,פירוש,לא,
2107,קובץ שיטות קמאי על מעילה,כן,מעילה,יט:,פירוש,לא,
2109,קובץ שיטות קמאי על מעילה,כן,מעילה,יט:,פירוש,לא,
2111,קובץ שיטות קמאי על מעילה,כן,מעילה,יט:,פירוש,לא,
2114,קובץ שיטות קמאי על מעילה,כן,מעילה,כ.,פירוש,לא,
2116,קובץ שיטות קמאי על מעילה,כן,מעילה,כ.,פירוש,לא,
2118,קובץ שיטות קמאי על מעילה,כן,מעילה,כ.,פירוש,לא,
2120,קובץ שיטות קמאי על מעילה,כן,מעילה,כ.,פירוש,לא,
2122,קובץ שיטות קמאי על מעילה,כן,מעילה,כ.,פירוש,לא,
2124,קובץ שיטות קמאי על מעילה,כן,מעילה,כ.,פירוש,לא,
2126,קובץ שיטות קמאי על מעילה,כן,מעילה,כ.,פירוש,לא,
2128,קובץ שיטות קמאי על מעילה,כן,מעילה,כ.,פירוש,לא,
2130,קובץ שיטות קמאי על מעילה,כן,מעילה,כ.,פירוש,לא,
2132,קובץ שיטות קמאי על מעילה,כן,מעילה,כ.,פירוש,לא,
2134,קובץ שיטות קמאי על מעילה,כן,מעילה,כ.,פירוש,לא,
2136,קובץ שיטות קמאי על מעילה,כן,מעילה,כ.,פירוש,לא,
2137,קובץ שיטות קמאי על מעילה,כן,מעילה,כ.,פירוש,לא,
2138,קובץ שיטות קמאי על מעילה,כן,מעילה,כ.,פירוש,לא,
2139,קובץ שיטות קמאי על מעילה,כן,מעילה,כ.,פירוש,לא,
2141,קובץ שיטות קמאי על מעילה,כן,מעילה,כ.,פירוש,לא,
2143,קובץ שיטות קמאי על מעילה,כן,מעילה,כ.,פירוש,לא,
2145,קובץ שיטות קמאי על מעילה,כן,מעילה,כ.,פירוש,לא,
2147,קובץ שיטות קמאי על מעילה,כן,מעילה,כ.,פירוש,לא,
2149,קובץ שיטות קמאי על מעילה,כן,מעילה,כ.,פירוש,לא,
2151,קובץ שיטות קמאי על מעילה,כן,מעילה,כ.,פירוש,לא,
2153,קובץ שיטות קמאי על מעילה,כן,מעילה,כ.,פירוש,לא,
2155,קובץ שיטות קמאי על מעילה,כן,מעילה,כ.,פירוש,לא,
2157,קובץ שיטות קמאי על מעילה,כן,מעילה,כ.,פירוש,לא,
2159,קובץ שיטות קמאי על מעילה,כן,מעילה,כ.,פירוש,לא,
2161,קובץ שיטות קמאי על מעילה,כן,מעילה,כ.,פירוש,לא,
2163,קובץ שיטות קמאי על מעילה,כן,מעילה,כ.,פירוש,לא,
2164,קובץ שיטות קמאי על מעילה,כן,מעילה,כ.,פירוש,לא,
2165,קובץ שיטות קמאי על מעילה,כן,מעילה,כ.,פירוש,לא,
2166,קובץ שיטות קמאי על מעילה,כן,מעילה,כ.,פירוש,לא,
2168,קובץ שיטות קמאי על מעילה,כן,מעילה,כ.,פירוש,לא,
2170,קובץ שיטות קמאי על מעילה,כן,מעילה,כ.,פירוש,לא,
2172,קובץ שיטות קמאי על מעילה,כן,מעילה,כ.,פירוש,לא,
2174,קובץ שיטות קמאי על מעילה,כן,מעילה,כ.,פירוש,לא,
2176,קובץ שיטות קמאי על מעילה,כן,מעילה,כ.,פירוש,לא,
2178,קובץ שיטות קמאי על מעילה,כן,מעילה,כ.,פירוש,לא,
2180,קובץ שיטות קמאי על מעילה,כן,מעילה,כ.,פירוש,לא,
2182,קובץ שיטות קמאי על מעילה,כן,מעילה,כ.,פירוש,לא,
2184,קובץ שיטות קמאי על מעילה,כן,מעילה,כ.,פירוש,לא,
2186,קובץ שיטות קמאי על מעילה,כן,מעילה,כ.,פירוש,לא,
2188,קובץ שיטות קמאי על מעילה,כן,מעילה,כ.,פירוש,לא,
2190,קובץ שיטות קמאי על מעילה,כן,מעילה,כ.,פירוש,לא,
2192,קובץ שיטות קמאי על מעילה,כן,מעילה,כ.,פירוש,לא,
2194,קובץ שיטות קמאי על מעילה,כן,מעילה,כ.,פירוש,לא,
2196,קובץ שיטות קמאי על מעילה,כן,מעילה,כ.,פירוש,לא,
2198,קובץ שיטות קמאי על מעילה,כן,מעילה,כ.,פירוש,לא,
2200,קובץ שיטות קמאי על מעילה,כן,מעילה,כ.,פירוש,לא,
2202,קובץ שיטות קמאי על מעילה,כן,מעילה,כ.,פירוש,לא,
2204,קובץ שיטות קמאי על מעילה,כן,מעילה,כ.,פירוש,לא,
2206,קובץ שיטות קמאי על מעילה,כן,מעילה,כ.,פירוש,לא,
2208,קובץ שיטות קמאי על מעילה,כן,מעילה,כ.,פירוש,לא,
2210,קובץ שיטות קמאי על מעילה,כן,מעילה,כ.,פירוש,לא,
2212,קובץ שיטות קמאי על מעילה,כן,מעילה,כ.,פירוש,לא,
2214,קובץ שיטות קמאי על מעילה,כן,מעילה,כ.,פירוש,לא,
2217,קובץ שיטות קמאי על מעילה,כן,מעילה,כ:,פירוש,לא,
2219,קובץ שיטות קמאי על מעילה,כן,מעילה,כ:,פירוש,לא,
2221,קובץ שיטות קמאי על מעילה,כן,מעילה,כ:,פירוש,לא,
2223,קובץ שיטות קמאי על מעילה,כן,מעילה,כ:,פירוש,לא,
2225,קובץ שיטות קמאי על מעילה,כן,מעילה,כ:,פירוש,לא,
2227,קובץ שיטות קמאי על מעילה,כן,מעילה,כ:,פירוש,לא,
2229,קובץ שיטות קמאי על מעילה,כן,מעילה,כ:,פירוש,לא,
2231,קובץ שיטות קמאי על מעילה,כן,מעילה,כ:,פירוש,לא,
2233,קובץ שיטות קמאי על מעילה,כן,מעילה,כ:,פירוש,לא,
2235,קובץ שיטות קמאי על מעילה,כן,מעילה,כ:,פירוש,לא,
2237,קובץ שיטות קמאי על מעילה,כן,מעילה,כ:,פירוש,לא,
2239,קובץ שיטות קמאי על מעילה,כן,מעילה,כ:,פירוש,לא,
2241,קובץ שיטות קמאי על מעילה,כן,מעילה,כ:,פירוש,לא,
2243,קובץ שיטות קמאי על מעילה,כן,מעילה,כ:,פירוש,לא,
2245,קובץ שיטות קמאי על מעילה,כן,מעילה,כ:,פירוש,לא,
2247,קובץ שיטות קמאי על מעילה,כן,מעילה,כ:,פירוש,לא,
2249,קובץ שיטות קמאי על מעילה,כן,מעילה,כ:,פירוש,לא,
2251,קובץ שיטות קמאי על מעילה,כן,מעילה,כ:,פירוש,לא,
2253,קובץ שיטות קמאי על מעילה,כן,מעילה,כ:,פירוש,לא,
2255,קובץ שיטות קמאי על מעילה,כן,מעילה,כ:,פירוש,לא,
2257,קובץ שיטות קמאי על מעילה,כן,מעילה,כ:,פירוש,לא,
2258,קובץ שיטות קמאי על מעילה,כן,מעילה,כ:,פירוש,לא,
2260,קובץ שיטות קמאי על מעילה,כן,מעילה,כ:,פירוש,לא,
2262,קובץ שיטות קמאי על מעילה,כן,מעילה,כ:,פירוש,לא,
2264,קובץ שיטות קמאי על מעילה,כן,מעילה,כ:,פירוש,לא,
2265,קובץ שיטות קמאי על מעילה,כן,מעילה,כ:,פירוש,לא,
2267,קובץ שיטות קמאי על מעילה,כן,מעילה,כ:,פירוש,לא,
2269,קובץ שיטות קמאי על מעילה,כן,מעילה,כ:,פירוש,לא,
2271,קובץ שיטות קמאי על מעילה,כן,מעילה,כ:,פירוש,לא,
2273,קובץ שיטות קמאי על מעילה,כן,מעילה,כ:,פירוש,לא,
2275,קובץ שיטות קמאי על מעילה,כן,מעילה,כ:,פירוש,לא,
2277,קובץ שיטות קמאי על מעילה,כן,מעילה,כ:,פירוש,לא,
2279,קובץ שיטות קמאי על מעילה,כן,מעילה,כ:,פירוש,לא,
2281,קובץ שיטות קמאי על מעילה,כן,מעילה,כ:,פירוש,לא,
2283,קובץ שיטות קמאי על מעילה,כן,מעילה,כ:,פירוש,לא,
2285,קובץ שיטות קמאי על מעילה,כן,מעילה,כ:,פירוש,לא,
2287,קובץ שיטות קמאי על מעילה,כן,מעילה,כ:,פירוש,לא,
2289,קובץ שיטות קמאי על מעילה,כן,מעילה,כ:,פירוש,לא,
2291,קובץ שיטות קמאי על מעילה,כן,מעילה,כ:,פירוש,לא,
2293,קובץ שיטות קמאי על מעילה,כן,מעילה,כ:,פירוש,לא,
2295,קובץ שיטות קמאי על מעילה,כן,מעילה,כ:,פירוש,לא,
2297,קובץ שיטות קמאי על מעילה,כן,מעילה,כ:,פירוש,לא,
2299,קובץ שיטות קמאי על מעילה,כן,מעילה,כ:,פירוש,לא,
2301,קובץ שיטות קמאי על מעילה,כן,מעילה,כ:,פירוש,לא,
2303,קובץ שיטות קמאי על מעילה,כן,מעילה,כ:,פירוש,לא,
2304,קובץ שיטות קמאי על מעילה,כן,מעילה,כ:,פירוש,לא,
2306,קובץ שיטות קמאי על מעילה,כן,מעילה,כ:,פירוש,לא,
2308,קובץ שיטות קמאי על מעילה,כן,מעילה,כ:,פירוש,לא,
2309,קובץ שיטות קמאי על מעילה,כן,מעילה,כ:,פירוש,לא,
2311,קובץ שיטות קמאי על מעילה,כן,מעילה,כ:,פירוש,לא,
2313,קובץ שיטות קמאי על מעילה,כן,מעילה,כ:,פירוש,לא,
2315,קובץ שיטות קמאי על מעילה,כן,מעילה,כ:,פירוש,לא,
2317,קובץ שיטות קמאי על מעילה,כן,מעילה,כ:,פירוש,לא,
2319,קובץ שיטות קמאי על מעילה,כן,מעילה,כ:,פירוש,לא,
2321,קובץ שיטות קמאי על מעילה,כן,מעילה,כ:,פירוש,לא,
2323,קובץ שיטות קמאי על מעילה,כן,מעילה,כ:,פירוש,לא,
2325,קובץ שיטות קמאי על מעילה,כן,מעילה,כ:,פירוש,לא,
2328,קובץ שיטות קמאי על מעילה,כן,מעילה,כא.,פירוש,לא,
2330,קובץ שיטות קמאי על מעילה,כן,מעילה,כא.,פירוש,לא,
2332,קובץ שיטות קמאי על מעילה,כן,מעילה,כא.,פירוש,לא,
2333,קובץ שיטות קמאי על מעילה,כן,מעילה,כא.,פירוש,לא,
2334,קובץ שיטות קמאי על מעילה,כן,מעילה,כא.,פירוש,לא,
2335,קובץ שיטות קמאי על מעילה,כן,מעילה,כא.,פירוש,לא,
2337,קובץ שיטות קמאי על מעילה,כן,מעילה,כא.,פירוש,לא,
2339,קובץ שיטות קמאי על מעילה,כן,מעילה,כא.,פירוש,לא,
2341,קובץ שיטות קמאי על מעילה,כן,מעילה,כא.,פירוש,לא,
2343,קובץ שיטות קמאי על מעילה,כן,מעילה,כא.,פירוש,לא,
2345,קובץ שיטות קמאי על מעילה,כן,מעילה,כא.,פירוש,לא,
2347,קובץ שיטות קמאי על מעילה,כן,מעילה,כא.,פירוש,לא,
2349,קובץ שיטות קמאי על מעילה,כן,מעילה,כא.,פירוש,לא,
2350,קובץ שיטות קמאי על מעילה,כן,מעילה,כא.,פירוש,לא,
2352,קובץ שיטות קמאי על מעילה,כן,מעילה,כא.,פירוש,לא,
2354,קובץ שיטות קמאי על מעילה,כן,מעילה,כא.,פירוש,לא,
2356,קובץ שיטות קמאי על מעילה,כן,מעילה,כא.,פירוש,לא,
2358,קובץ שיטות קמאי על מעילה,כן,מעילה,כא.,פירוש,לא,
2360,קובץ שיטות קמאי על מעילה,כן,מעילה,כא.,פירוש,לא,
2362,קובץ שיטות קמאי על מעילה,כן,מעילה,כא.,פירוש,לא,
2364,קובץ שיטות קמאי על מעילה,כן,מעילה,כא.,פירוש,לא,
2366,קובץ שיטות קמאי על מעילה,כן,מעילה,כא.,פירוש,לא,
2368,קובץ שיטות קמאי על מעילה,כן,מעילה,כא.,פירוש,לא,
2370,קובץ שיטות קמאי על מעילה,כן,מעילה,כא.,פירוש,לא,
2372,קובץ שיטות קמאי על מעילה,כן,מעילה,כא.,פירוש,לא,
2374,קובץ שיטות קמאי על מעילה,כן,מעילה,כא.,פירוש,לא,
2376,קובץ שיטות קמאי על מעילה,כן,מעילה,כא.,פירוש,לא,
2377,קובץ שיטות קמאי על מעילה,כן,מעילה,כא.,פירוש,לא,
2378,קובץ שיטות קמאי על מעילה,כן,מעילה,כא.,פירוש,לא,
2379,קובץ שיטות קמאי על מעילה,כן,מעילה,כא.,פירוש,לא,
2380,קובץ שיטות קמאי על מעילה,כן,מעילה,כא.,פירוש,לא,
2382,קובץ שיטות קמאי על מעילה,כן,מעילה,כא.,פירוש,לא,
2384,קובץ שיטות קמאי על מעילה,כן,מעילה,כא.,פירוש,לא,
2386,קובץ שיטות קמאי על מעילה,כן,מעילה,כא.,פירוש,לא,
2388,קובץ שיטות קמאי על מעילה,כן,מעילה,כא.,פירוש,לא,
2390,קובץ שיטות קמאי על מעילה,כן,מעילה,כא.,פירוש,לא,
2392,קובץ שיטות קמאי על מעילה,כן,מעילה,כא.,פירוש,לא,
2394,קובץ שיטות קמאי על מעילה,כן,מעילה,כא.,פירוש,לא,
2396,קובץ שיטות קמאי על מעילה,כן,מעילה,כא.,פירוש,לא,
2398,קובץ שיטות קמאי על מעילה,כן,מעילה,כא.,פירוש,לא,
2400,קובץ שיטות קמאי על מעילה,כן,מעילה,כא.,פירוש,לא,
2402,קובץ שיטות קמאי על מעילה,כן,מעילה,כא.,פירוש,לא,
2404,קובץ שיטות קמאי על מעילה,כן,מעילה,כא.,פירוש,לא,
2406,קובץ שיטות קמאי על מעילה,כן,מעילה,כא.,פירוש,לא,
2408,קובץ שיטות קמאי על מעילה,כן,מעילה,כא.,פירוש,לא,
2410,קובץ שיטות קמאי על מעילה,כן,מעילה,כא.,פירוש,לא,
2412,קובץ שיטות קמאי על מעילה,כן,מעילה,כא.,פירוש,לא,
2414,קובץ שיטות קמאי על מעילה,כן,מעילה,כא.,פירוש,לא,
2416,קובץ שיטות קמאי על מעילה,כן,מעילה,כא.,פירוש,לא,
2418,קובץ שיטות קמאי על מעילה,כן,מעילה,כא.,פירוש,לא,
2420,קובץ שיטות קמאי על מעילה,כן,מעילה,כא.,פירוש,לא,
2421,קובץ שיטות קמאי על מעילה,כן,מעילה,כא.,פירוש,לא,
2423,קובץ שיטות קמאי על מעילה,כן,מעילה,כא.,פירוש,לא,
2425,קובץ שיטות קמאי על מעילה,כן,מעילה,כא.,פירוש,לא,
2427,קובץ שיטות קמאי על מעילה,כן,מעילה,כא.,פירוש,לא,
2429,קובץ שיטות קמאי על מעילה,כן,מעילה,כא.,פירוש,לא,
2431,קובץ שיטות קמאי על מעילה,כן,מעילה,כא.,פירוש,לא,
2433,קובץ שיטות קמאי על מעילה,כן,מעילה,כא.,פירוש,לא,
2435,קובץ שיטות קמאי על מעילה,כן,מעילה,כא.,פירוש,לא,
2437,קובץ שיטות קמאי על מעילה,כן,מעילה,כא.,פירוש,לא,
2439,קובץ שיטות קמאי על מעילה,כן,מעילה,כא.,פירוש,לא,
2441,קובץ שיטות קמאי על מעילה,כן,מעילה,כא.,פירוש,לא,
2443,קובץ שיטות קמאי על מעילה,כן,מעילה,כא.,פירוש,לא,
2445,קובץ שיטות קמאי על מעילה,כן,מעילה,כא.,פירוש,לא,
2447,קובץ שיטות קמאי על מעילה,כן,מעילה,כא.,פירוש,לא,
2449,קובץ שיטות קמאי על מעילה,כן,מעילה,כא.,פירוש,לא,
2451,קובץ שיטות קמאי על מעילה,כן,מעילה,כא.,פירוש,לא,
2453,קובץ שיטות קמאי על מעילה,כן,מעילה,כא.,פירוש,לא,
2455,קובץ שיטות קמאי על מעילה,כן,מעילה,כא.,פירוש,לא,
2457,קובץ שיטות קמאי על מעילה,כן,מעילה,כא.,פירוש,לא,
2459,קובץ שיטות קמאי על מעילה,כן,מעילה,כא.,פירוש,לא,
2461,קובץ שיטות קמאי על מעילה,כן,מעילה,כא.,פירוש,לא,
2463,קובץ שיטות קמאי על מעילה,כן,מעילה,כא.,פירוש,לא,
2465,קובץ שיטות קמאי על מעילה,כן,מעילה,כא.,פירוש,לא,
2467,קובץ שיטות קמאי על מעילה,כן,מעילה,כא.,פירוש,לא,
2469,קובץ שיטות קמאי על מעילה,כן,מעילה,כא.,פירוש,לא,
2471,קובץ שיטות קמאי על מעילה,כן,מעילה,כא.,פירוש,לא,
2473,קובץ שיטות קמאי על מעילה,כן,מעילה,כא.,פירוש,לא,
2475,קובץ שיטות קמאי על מעילה,כן,מעילה,כא.,פירוש,לא,
2477,קובץ שיטות קמאי על מעילה,כן,מעילה,כא.,פירוש,לא,
2479,קובץ שיטות קמאי על מעילה,כן,מעילה,כא.,פירוש,לא,
2481,קובץ שיטות קמאי על מעילה,כן,מעילה,כא.,פירוש,לא,
2483,קובץ שיטות קמאי על מעילה,כן,מעילה,כא.,פירוש,לא,
2485,קובץ שיטות קמאי על מעילה,כן,מעילה,כא.,פירוש,לא,
2487,קובץ שיטות קמאי על מעילה,כן,מעילה,כא.,פירוש,לא,
2489,קובץ שיטות קמאי על מעילה,כן,מעילה,כא.,פירוש,לא,
2491,קובץ שיטות קמאי על מעילה,כן,מעילה,כא.,פירוש,לא,
2493,קובץ שיטות קמאי על מעילה,כן,מעילה,כא.,פירוש,לא,
2496,קובץ שיטות קמאי על מעילה,כן,מעילה,כא:,פירוש,לא,
2498,קובץ שיטות קמאי על מעילה,כן,מעילה,כא:,פירוש,לא,
2500,קובץ שיטות קמאי על מעילה,כן,מעילה,כא:,פירוש,לא,
2502,קובץ שיטות קמאי על מעילה,כן,מעילה,כא:,פירוש,לא,
2504,קובץ שיטות קמאי על מעילה,כן,מעילה,כא:,פירוש,לא,
2506,קובץ שיטות קמאי על מעילה,כן,מעילה,כא:,פירוש,לא,
2508,קובץ שיטות קמאי על מעילה,כן,מעילה,כא:,פירוש,לא,
2510,קובץ שיטות קמאי על מעילה,כן,מעילה,כא:,פירוש,לא,
2512,קובץ שיטות קמאי על מעילה,כן,מעילה,כא:,פירוש,לא,
2514,קובץ שיטות קמאי על מעילה,כן,מעילה,כא:,פירוש,לא,
2516,קובץ שיטות קמאי על מעילה,כן,מעילה,כא:,פירוש,לא,
2518,קובץ שיטות קמאי על מעילה,כן,מעילה,כא:,פירוש,לא,
2520,קובץ שיטות קמאי על מעילה,כן,מעילה,כא:,פירוש,לא,
2522,קובץ שיטות קמאי על מעילה,כן,מעילה,כא:,פירוש,לא,
2524,קובץ שיטות קמאי על מעילה,כן,מעילה,כא:,פירוש,לא,
2525,קובץ שיטות קמאי על מעילה,כן,מעילה,כא:,פירוש,לא,
2526,קובץ שיטות קמאי על מעילה,כן,מעילה,כא:,פירוש,לא,
2528,קובץ שיטות קמאי על מעילה,כן,מעילה,כא:,פירוש,לא,
2530,קובץ שיטות קמאי על מעילה,כן,מעילה,כא:,פירוש,לא,
2532,קובץ שיטות קמאי על מעילה,כן,מעילה,כא:,פירוש,לא,
2534,קובץ שיטות קמאי על מעילה,כן,מעילה,כא:,פירוש,לא,
2536,קובץ שיטות קמאי על מעילה,כן,מעילה,כא:,פירוש,לא,
2538,קובץ שיטות קמאי על מעילה,כן,מעילה,כא:,פירוש,לא,
2540,קובץ שיטות קמאי על מעילה,כן,מעילה,כא:,פירוש,לא,
2542,קובץ שיטות קמאי על מעילה,כן,מעילה,כא:,פירוש,לא,
2544,קובץ שיטות קמאי על מעילה,כן,מעילה,כא:,פירוש,לא,
2546,קובץ שיטות קמאי על מעילה,כן,מעילה,כא:,פירוש,לא,
2548,קובץ שיטות קמאי על מעילה,כן,מעילה,כא:,פירוש,לא,
2550,קובץ שיטות קמאי על מעילה,כן,מעילה,כא:,פירוש,לא,
2552,קובץ שיטות קמאי על מעילה,כן,מעילה,כא:,פירוש,לא,
2554,קובץ שיטות קמאי על מעילה,כן,מעילה,כא:,פירוש,לא,
2556,קובץ שיטות קמאי על מעילה,כן,מעילה,כא:,פירוש,לא,
2558,קובץ שיטות קמאי על מעילה,כן,מעילה,כא:,פירוש,לא,
2560,קובץ שיטות קמאי על מעילה,כן,מעילה,כא:,פירוש,לא,
2562,קובץ שיטות קמאי על מעילה,כן,מעילה,כא:,פירוש,לא,
2563,קובץ שיטות קמאי על מעילה,כן,מעילה,כא:,פירוש,לא,
2565,קובץ שיטות קמאי על מעילה,כן,מעילה,כא:,פירוש,לא,
2567,קובץ שיטות קמאי על מעילה,כן,מעילה,כא:,פירוש,לא,
2569,קובץ שיטות קמאי על מעילה,כן,מעילה,כא:,פירוש,לא,
2571,קובץ שיטות קמאי על מעילה,כן,מעילה,כא:,פירוש,לא,
2573,קובץ שיטות קמאי על מעילה,כן,מעילה,כא:,פירוש,לא,
2575,קובץ שיטות קמאי על מעילה,כן,מעילה,כא:,פירוש,לא,
2577,קובץ שיטות קמאי על מעילה,כן,מעילה,כא:,פירוש,לא,
2579,קובץ שיטות קמאי על מעילה,כן,מעילה,כא:,פירוש,לא,
2581,קובץ שיטות קמאי על מעילה,כן,מעילה,כא:,פירוש,לא,
2583,קובץ שיטות קמאי על מעילה,כן,מעילה,כא:,פירוש,לא,
2585,קובץ שיטות קמאי על מעילה,כן,מעילה,כא:,פירוש,לא,
2587,קובץ שיטות קמאי על מעילה,כן,מעילה,כא:,פירוש,לא,
2589,קובץ שיטות קמאי על מעילה,כן,מעילה,כא:,פירוש,לא,
2590,קובץ שיטות קמאי על מעילה,כן,מעילה,כא:,פירוש,לא,
2591,קובץ שיטות קמאי על מעילה,כן,מעילה,כא:,פירוש,לא,
2593,קובץ שיטות קמאי על מעילה,כן,מעילה,כא:,פירוש,לא,
2595,קובץ שיטות קמאי על מעילה,כן,מעילה,כא:,פירוש,לא,
2597,קובץ שיטות קמאי על מעילה,כן,מעילה,כא:,פירוש,לא,
2599,קובץ שיטות קמאי על מעילה,כן,מעילה,כא:,פירוש,לא,
2601,קובץ שיטות קמאי על מעילה,כן,מעילה,כא:,פירוש,לא,
2603,קובץ שיטות קמאי על מעילה,כן,מעילה,כא:,פירוש,לא,
2605,קובץ שיטות קמאי על מעילה,כן,מעילה,כא:,פירוש,לא,
2607,קובץ שיטות קמאי על מעילה,כן,מעילה,כא:,פירוש,לא,
2609,קובץ שיטות קמאי על מעילה,כן,מעילה,כא:,פירוש,לא,
2611,קובץ שיטות קמאי על מעילה,כן,מעילה,כא:,פירוש,לא,
2613,קובץ שיטות קמאי על מעילה,כן,מעילה,כא:,פירוש,לא,
2615,קובץ שיטות קמאי על מעילה,כן,מעילה,כא:,פירוש,לא,
2617,קובץ שיטות קמאי על מעילה,כן,מעילה,כא:,פירוש,לא,
2619,קובץ שיטות קמאי על מעילה,כן,מעילה,כא:,פירוש,לא,
2621,קובץ שיטות קמאי על מעילה,כן,מעילה,כא:,פירוש,לא,
2623,קובץ שיטות קמאי על מעילה,כן,מעילה,כא:,פירוש,לא,
2625,קובץ שיטות קמאי על מעילה,כן,מעילה,כא:,פירוש,לא,
2627,קובץ שיטות קמאי על מעילה,כן,מעילה,כא:,פירוש,לא,
2629,קובץ שיטות קמאי על מעילה,כן,מעילה,כא:,פירוש,לא,
2631,קובץ שיטות קמאי על מעילה,כן,מעילה,כא:,פירוש,לא,
2633,קובץ שיטות קמאי על מעילה,כן,מעילה,כא:,פירוש,לא,
2635,קובץ שיטות קמאי על מעילה,כן,מעילה,כא:,פירוש,לא,
2637,קובץ שיטות קמאי על מעילה,כן,מעילה,כא:,פירוש,לא,
2639,קובץ שיטות קמאי על מעילה,כן,מעילה,כא:,פירוש,לא,
2641,קובץ שיטות קמאי על מעילה,כן,מעילה,כא:,פירוש,לא,
2643,קובץ שיטות קמאי על מעילה,כן,מעילה,כא:,פירוש,לא,
2646,קובץ שיטות קמאי על מעילה,כן,מעילה,כב.,פירוש,לא,
2648,קובץ שיטות קמאי על מעילה,כן,מעילה,כב.,פירוש,לא,
2650,קובץ שיטות קמאי על מעילה,כן,מעילה,כב.,פירוש,לא,
2652,קובץ שיטות קמאי על מעילה,כן,מעילה,כב.,פירוש,לא,
2654,קובץ שיטות קמאי על מעילה,כן,מעילה,כב.,פירוש,לא,
2656,קובץ שיטות קמאי על מעילה,כן,מעילה,כב.,פירוש,לא,
2658,קובץ שיטות קמאי על מעילה,כן,מעילה,כב.,פירוש,לא,
2659,קובץ שיטות קמאי על מעילה,כן,מעילה,כב.,פירוש,לא,
2660,קובץ שיטות קמאי על מעילה,כן,מעילה,כב.,פירוש,לא,
2661,קובץ שיטות קמאי על מעילה,כן,מעילה,כב.,פירוש,לא,
2662,קובץ שיטות קמאי על מעילה,כן,מעילה,כב.,פירוש,לא,
2663,קובץ שיטות קמאי על מעילה,כן,מעילה,כב.,פירוש,לא,
2664,קובץ שיטות קמאי על מעילה,כן,מעילה,כב.,פירוש,לא,
2666,קובץ שיטות קמאי על מעילה,כן,מעילה,כב.,פירוש,לא,
2668,קובץ שיטות קמאי על מעילה,כן,מעילה,כב.,פירוש,לא,
2670,קובץ שיטות קמאי על מעילה,כן,מעילה,כב.,פירוש,לא,
2672,קובץ שיטות קמאי על מעילה,כן,מעילה,כב.,פירוש,לא,
2673,קובץ שיטות קמאי על מעילה,כן,מעילה,כב.,פירוש,לא,
2674,קובץ שיטות קמאי על מעילה,כן,מעילה,כב.,פירוש,לא,
2675,קובץ שיטות קמאי על מעילה,כן,מעילה,כב.,פירוש,לא,
2677,קובץ שיטות קמאי על מעילה,כן,מעילה,כב.,פירוש,לא,
2679,קובץ שיטות קמאי על מעילה,כן,מעילה,כב.,פירוש,לא,
2681,קובץ שיטות קמאי על מעילה,כן,מעילה,כב.,פירוש,לא,
2683,קובץ שיטות קמאי על מעילה,כן,מעילה,כב.,פירוש,לא,
2685,קובץ שיטות קמאי על מעילה,כן,מעילה,כב.,פירוש,לא,
2687,קובץ שיטות קמאי על מעילה,כן,מעילה,כב.,פירוש,לא,
2688,קובץ שיטות קמאי על מעילה,כן,מעילה,כב.,פירוש,לא,
2690,קובץ שיטות קמאי על מעילה,כן,מעילה,כב.,פירוש,לא,
2692,קובץ שיטות קמאי על מעילה,כן,מעילה,כב.,פירוש,לא,
2694,קובץ שיטות קמאי על מעילה,כן,מעילה,כב.,פירוש,לא,
4,קובץ שיטות קמאי על ערכין,כן,ערכין,ב.,פירוש,לא,
6,קובץ שיטות קמאי על ערכין,כן,ערכין,ב.,פירוש,לא,
8,קובץ שיטות קמאי על ערכין,כן,ערכין,ב.,פירוש,לא,
9,קובץ שיטות קמאי על ערכין,כן,ערכין,ב.,פירוש,לא,
11,קובץ שיטות קמאי על ערכין,כן,ערכין,ב.,פירוש,לא,
13,קובץ שיטות קמאי על ערכין,כן,ערכין,ב.,פירוש,לא,
15,קובץ שיטות קמאי על ערכין,כן,ערכין,ב.,פירוש,לא,
17,קובץ שיטות קמאי על ערכין,כן,ערכין,ב.,פירוש,לא,
18,קובץ שיטות קמאי על ערכין,כן,ערכין,ב.,פירוש,לא,
19,קובץ שיטות קמאי על ערכין,כן,ערכין,ב.,פירוש,לא,
20,קובץ שיטות קמאי על ערכין,כן,ערכין,ב.,פירוש,לא,
21,קובץ שיטות קמאי על ערכין,כן,ערכין,ב.,פירוש,לא,
23,קובץ שיטות קמאי על ערכין,כן,ערכין,ב.,פירוש,לא,
25,קובץ שיטות קמאי על ערכין,כן,ערכין,ב.,פירוש,לא,
27,קובץ שיטות קמאי על ערכין,כן,ערכין,ב.,פירוש,לא,
29,קובץ שיטות קמאי על ערכין,כן,ערכין,ב.,פירוש,לא,
31,קובץ שיטות קמאי על ערכין,כן,ערכין,ב.,פירוש,לא,
33,קובץ שיטות קמאי על ערכין,כן,ערכין,ב.,פירוש,לא,
35,קובץ שיטות קמאי על ערכין,כן,ערכין,ב.,פירוש,לא,
37,קובץ שיטות קמאי על ערכין,כן,ערכין,ב.,פירוש,לא,
39,קובץ שיטות קמאי על ערכין,כן,ערכין,ב.,פירוש,לא,
41,קובץ שיטות קמאי על ערכין,כן,ערכין,ב.,פירוש,לא,
43,קובץ שיטות קמאי על ערכין,כן,ערכין,ב.,פירוש,לא,
45,קובץ שיטות קמאי על ערכין,כן,ערכין,ב.,פירוש,לא,
47,קובץ שיטות קמאי על ערכין,כן,ערכין,ב.,פירוש,לא,
49,קובץ שיטות קמאי על ערכין,כן,ערכין,ב.,פירוש,לא,
51,קובץ שיטות קמאי על ערכין,כן,ערכין,ב.,פירוש,לא,
53,קובץ שיטות קמאי על ערכין,כן,ערכין,ב.,פירוש,לא,
55,קובץ שיטות קמאי על ערכין,כן,ערכין,ב.,פירוש,לא,
57,קובץ שיטות קמאי על ערכין,כן,ערכין,ב.,פירוש,לא,
60,קובץ שיטות קמאי על ערכין,כן,ערכין,ב:,פירוש,לא,
62,קובץ שיטות קמאי על ערכין,כן,ערכין,ב:,פירוש,לא,
64,קובץ שיטות קמאי על ערכין,כן,ערכין,ב:,פירוש,לא,
66,קובץ שיטות קמאי על ערכין,כן,ערכין,ב:,פירוש,לא,
68,קובץ שיטות קמאי על ערכין,כן,ערכין,ב:,פירוש,לא,
70,קובץ שיטות קמאי על ערכין,כן,ערכין,ב:,פירוש,לא,
72,קובץ שיטות קמאי על ערכין,כן,ערכין,ב:,פירוש,לא,
74,קובץ שיטות קמאי על ערכין,כן,ערכין,ב:,פירוש,לא,
76,קובץ שיטות קמאי על ערכין,כן,ערכין,ב:,פירוש,לא,
78,קובץ שיטות קמאי על ערכין,כן,ערכין,ב:,פירוש,לא,
80,קובץ שיטות קמאי על ערכין,כן,ערכין,ב:,פירוש,לא,
82,קובץ שיטות קמאי על ערכין,כן,ערכין,ב:,פירוש,לא,
84,קובץ שיטות קמאי על ערכין,כן,ערכין,ב:,פירוש,לא,
86,קובץ שיטות קמאי על ערכין,כן,ערכין,ב:,פירוש,לא,
88,קובץ שיטות קמאי על ערכין,כן,ערכין,ב:,פירוש,לא,
90,קובץ שיטות קמאי על ערכין,כן,ערכין,ב:,פירוש,לא,
92,קובץ שיטות קמאי על ערכין,כן,ערכין,ב:,פירוש,לא,
94,קובץ שיטות קמאי על ערכין,כן,ערכין,ב:,פירוש,לא,
96,קובץ שיטות קמאי על ערכין,כן,ערכין,ב:,פירוש,לא,
98,קובץ שיטות קמאי על ערכין,כן,ערכין,ב:,פירוש,לא,
100,קובץ שיטות קמאי על ערכין,כן,ערכין,ב:,פירוש,לא,
102,קובץ שיטות קמאי על ערכין,כן,ערכין,ב:,פירוש,לא,
104,קובץ שיטות קמאי על ערכין,כן,ערכין,ב:,פירוש,לא,
106,קובץ שיטות קמאי על ערכין,כן,ערכין,ב:,פירוש,לא,
108,קובץ שיטות קמאי על ערכין,כן,ערכין,ב:,פירוש,לא,
110,קובץ שיטות קמאי על ערכין,כן,ערכין,ב:,פירוש,לא,
112,קובץ שיטות קמאי על ערכין,כן,ערכין,ב:,פירוש,לא,
114,קובץ שיטות קמאי על ערכין,כן,ערכין,ב:,פירוש,לא,
116,קובץ שיטות קמאי על ערכין,כן,ערכין,ב:,פירוש,לא,
118,קובץ שיטות קמאי על ערכין,כן,ערכין,ב:,פירוש,לא,
120,קובץ שיטות קמאי על ערכין,כן,ערכין,ב:,פירוש,לא,
122,קובץ שיטות קמאי על ערכין,כן,ערכין,ב:,פירוש,לא,
124,קובץ שיטות קמאי על ערכין,כן,ערכין,ב:,פירוש,לא,
126,קובץ שיטות קמאי על ערכין,כן,ערכין,ב:,פירוש,לא,
128,קובץ שיטות קמאי על ערכין,כן,ערכין,ב:,פירוש,לא,
130,קובץ שיטות קמאי על ערכין,כן,ערכין,ב:,פירוש,לא,
131,קובץ שיטות קמאי על ערכין,כן,ערכין,ב:,פירוש,לא,
133,קובץ שיטות קמאי על ערכין,כן,ערכין,ב:,פירוש,לא,
135,קובץ שיטות קמאי על ערכין,כן,ערכין,ב:,פירוש,לא,
137,קובץ שיטות קמאי על ערכין,כן,ערכין,ב:,פירוש,לא,
139,קובץ שיטות קמאי על ערכין,כן,ערכין,ב:,פירוש,לא,
141,קובץ שיטות קמאי על ערכין,כן,ערכין,ב:,פירוש,לא,
143,קובץ שיטות קמאי על ערכין,כן,ערכין,ב:,פירוש,לא,
145,קובץ שיטות קמאי על ערכין,כן,ערכין,ב:,פירוש,לא,
147,קובץ שיטות קמאי על ערכין,כן,ערכין,ב:,פירוש,לא,
149,קובץ שיטות קמאי על ערכין,כן,ערכין,ב:,פירוש,לא,
151,קובץ שיטות קמאי על ערכין,כן,ערכין,ב:,פירוש,לא,
153,קובץ שיטות קמאי על ערכין,כן,ערכין,ב:,פירוש,לא,
155,קובץ שיטות קמאי על ערכין,כן,ערכין,ב:,פירוש,לא,
157,קובץ שיטות קמאי על ערכין,כן,ערכין,ב:,פירוש,לא,
158,קובץ שיטות קמאי על ערכין,כן,ערכין,ב:,פירוש,לא,
160,קובץ שיטות קמאי על ערכין,כן,ערכין,ב:,פירוש,לא,
162,קובץ שיטות קמאי על ערכין,כן,ערכין,ב:,פירוש,לא,
164,קובץ שיטות קמאי על ערכין,כן,ערכין,ב:,פירוש,לא,
166,קובץ שיטות קמאי על ערכין,כן,ערכין,ב:,פירוש,לא,
168,קובץ שיטות קמאי על ערכין,כן,ערכין,ב:,פירוש,לא,
170,קובץ שיטות קמאי על ערכין,כן,ערכין,ב:,פירוש,לא,
172,קובץ שיטות קמאי על ערכין,כן,ערכין,ב:,פירוש,לא,
174,קובץ שיטות קמאי על ערכין,כן,ערכין,ב:,פירוש,לא,
176,קובץ שיטות קמאי על ערכין,כן,ערכין,ב:,פירוש,לא,
178,קובץ שיטות קמאי על ערכין,כן,ערכין,ב:,פירוש,לא,
180,קובץ שיטות קמאי על ערכין,כן,ערכין,ב:,פירוש,לא,
182,קובץ שיטות קמאי על ערכין,כן,ערכין,ב:,פירוש,לא,
184,קובץ שיטות קמאי על ערכין,כן,ערכין,ב:,פירוש,לא,
186,קובץ שיטות קמאי על ערכין,כן,ערכין,ב:,פירוש,לא,
188,קובץ שיטות קמאי על ערכין,כן,ערכין,ב:,פירוש,לא,
190,קובץ שיטות קמאי על ערכין,כן,ערכין,ב:,פירוש,לא,
192,קובץ שיטות קמאי על ערכין,כן,ערכין,ב:,פירוש,לא,
194,קובץ שיטות קמאי על ערכין,כן,ערכין,ב:,פירוש,לא,
196,קובץ שיטות קמאי על ערכין,כן,ערכין,ב:,פירוש,לא,
198,קובץ שיטות קמאי על ערכין,כן,ערכין,ב:,פירוש,לא,
200,קובץ שיטות קמאי על ערכין,כן,ערכין,ב:,פירוש,לא,
202,קובץ שיטות קמאי על ערכין,כן,ערכין,ב:,פירוש,לא,
204,קובץ שיטות קמאי על ערכין,כן,ערכין,ב:,פירוש,לא,
206,קובץ שיטות קמאי על ערכין,כן,ערכין,ב:,פירוש,לא,
208,קובץ שיטות קמאי על ערכין,כן,ערכין,ב:,פירוש,לא,
210,קובץ שיטות קמאי על ערכין,כן,ערכין,ב:,פירוש,לא,
212,קובץ שיטות קמאי על ערכין,כן,ערכין,ב:,פירוש,לא,
214,קובץ שיטות קמאי על ערכין,כן,ערכין,ב:,פירוש,לא,
216,קובץ שיטות קמאי על ערכין,כן,ערכין,ב:,פירוש,לא,
218,קובץ שיטות קמאי על ערכין,כן,ערכין,ב:,פירוש,לא,
220,קובץ שיטות קמאי על ערכין,כן,ערכין,ב:,פירוש,לא,
222,קובץ שיטות קמאי על ערכין,כן,ערכין,ב:,פירוש,לא,
223,קובץ שיטות קמאי על ערכין,כן,ערכין,ב:,פירוש,לא,
224,קובץ שיטות קמאי על ערכין,כן,ערכין,ב:,פירוש,לא,
226,קובץ שיטות קמאי על ערכין,כן,ערכין,ב:,פירוש,לא,
228,קובץ שיטות קמאי על ערכין,כן,ערכין,ב:,פירוש,לא,
230,קובץ שיטות קמאי על ערכין,כן,ערכין,ב:,פירוש,לא,
232,קובץ שיטות קמאי על ערכין,כן,ערכין,ב:,פירוש,לא,
234,קובץ שיטות קמאי על ערכין,כן,ערכין,ב:,פירוש,לא,
236,קובץ שיטות קמאי על ערכין,כן,ערכין,ב:,פירוש,לא,
238,קובץ שיטות קמאי על ערכין,כן,ערכין,ב:,פירוש,לא,
240,קובץ שיטות קמאי על ערכין,כן,ערכין,ב:,פירוש,לא,
242,קובץ שיטות קמאי על ערכין,כן,ערכין,ב:,פירוש,לא,
244,קובץ שיטות קמאי על ערכין,כן,ערכין,ב:,פירוש,לא,
246,קובץ שיטות קמאי על ערכין,כן,ערכין,ב:,פירוש,לא,
248,קובץ שיטות קמאי על ערכין,כן,ערכין,ב:,פירוש,לא,
250,קובץ שיטות קמאי על ערכין,כן,ערכין,ב:,פירוש,לא,
252,קובץ שיטות קמאי על ערכין,כן,ערכין,ב:,פירוש,לא,
254,קובץ שיטות קמאי על ערכין,כן,ערכין,ב:,פירוש,לא,
255,קובץ שיטות קמאי על ערכין,כן,ערכין,ב:,פירוש,לא,
256,קובץ שיטות קמאי על ערכין,כן,ערכין,ב:,פירוש,לא,
257,קובץ שיטות קמאי על ערכין,כן,ערכין,ב:,פירוש,לא,
258,קובץ שיטות קמאי על ערכין,כן,ערכין,ב:,פירוש,לא,
259,קובץ שיטות קמאי על ערכין,כן,ערכין,ב:,פירוש,לא,
261,קובץ שיטות קמאי על ערכין,כן,ערכין,ב:,פירוש,לא,
262,קובץ שיטות קמאי על ערכין,כן,ערכין,ב:,פירוש,לא,
263,קובץ שיטות קמאי על ערכין,כן,ערכין,ב:,פירוש,לא,
264,קובץ שיטות קמאי על ערכין,כן,ערכין,ב:,פירוש,לא,
265,קובץ שיטות קמאי על ערכין,כן,ערכין,ב:,פירוש,לא,
266,קובץ שיטות קמאי על ערכין,כן,ערכין,ב:,פירוש,לא,
268,קובץ שיטות קמאי על ערכין,כן,ערכין,ב:,פירוש,לא,
269,קובץ שיטות קמאי על ערכין,כן,ערכין,ב:,פירוש,לא,
271,קובץ שיטות קמאי על ערכין,כן,ערכין,ב:,פירוש,לא,
273,קובץ שיטות קמאי על ערכין,כן,ערכין,ב:,פירוש,לא,
274,קובץ שיטות קמאי על ערכין,כן,ערכין,ב:,פירוש,לא,
276,קובץ שיטות קמאי על ערכין,כן,ערכין,ב:,פירוש,לא,
277,קובץ שיטות קמאי על ערכין,כן,ערכין,ב:,פירוש,לא,
278,קובץ שיטות קמאי על ערכין,כן,ערכין,ב:,פירוש,לא,
279,קובץ שיטות קמאי על ערכין,כן,ערכין,ב:,פירוש,לא,
280,קובץ שיטות קמאי על ערכין,כן,ערכין,ב:,פירוש,לא,
281,קובץ שיטות קמאי על ערכין,כן,ערכין,ב:,פירוש,לא,
282,קובץ שיטות קמאי על ערכין,כן,ערכין,ב:,פירוש,לא,
283,קובץ שיטות קמאי על ערכין,כן,ערכין,ב:,פירוש,לא,
284,קובץ שיטות קמאי על ערכין,כן,ערכין,ב:,פירוש,לא,
286,קובץ שיטות קמאי על ערכין,כן,ערכין,ב:,פירוש,לא,
287,קובץ שיטות קמאי על ערכין,כן,ערכין,ב:,פירוש,לא,
288,קובץ שיטות קמאי על ערכין,כן,ערכין,ב:,פירוש,לא,
289,קובץ שיטות קמאי על ערכין,כן,ערכין,ב:,פירוש,לא,
290,קובץ שיטות קמאי על ערכין,כן,ערכין,ב:,פירוש,לא,
291,קובץ שיטות קמאי על ערכין,כן,ערכין,ב:,פירוש,לא,
292,קובץ שיטות קמאי על ערכין,כן,ערכין,ב:,פירוש,לא,
293,קובץ שיטות קמאי על ערכין,כן,ערכין,ב:,פירוש,לא,
294,קובץ שיטות קמאי על ערכין,כן,ערכין,ב:,פירוש,לא,
295,קובץ שיטות קמאי על ערכין,כן,ערכין,ב:,פירוש,לא,
296,קובץ שיטות קמאי על ערכין,כן,ערכין,ב:,פירוש,לא,
297,קובץ שיטות קמאי על ערכין,כן,ערכין,ב:,פירוש,לא,
298,קובץ שיטות קמאי על ערכין,כן,ערכין,ב:,פירוש,לא,
299,קובץ שיטות קמאי על ערכין,כן,ערכין,ב:,פירוש,לא,
300,קובץ שיטות קמאי על ערכין,כן,ערכין,ב:,פירוש,לא,
301,קובץ שיטות קמאי על ערכין,כן,ערכין,ב:,פירוש,לא,
302,קובץ שיטות קמאי על ערכין,כן,ערכין,ב:,פירוש,לא,
304,קובץ שיטות קמאי על ערכין,כן,ערכין,ב:,פירוש,לא,
306,קובץ שיטות קמאי על ערכין,כן,ערכין,ב:,פירוש,לא,
308,קובץ שיטות קמאי על ערכין,כן,ערכין,ב:,פירוש,לא,
310,קובץ שיטות קמאי על ערכין,כן,ערכין,ב:,פירוש,לא,
312,קובץ שיטות קמאי על ערכין,כן,ערכין,ב:,פירוש,לא,
314,קובץ שיטות קמאי על ערכין,כן,ערכין,ב:,פירוש,לא,
316,קובץ שיטות קמאי על ערכין,כן,ערכין,ב:,פירוש,לא,
318,קובץ שיטות קמאי על ערכין,כן,ערכין,ב:,פירוש,לא,
319,קובץ שיטות קמאי על ערכין,כן,ערכין,ב:,פירוש,לא,
320,קובץ שיטות קמאי על ערכין,כן,ערכין,ב:,פירוש,לא,
322,קובץ שיטות קמאי על ערכין,כן,ערכין,ב:,פירוש,לא,
324,קובץ שיטות קמאי על ערכין,כן,ערכין,ב:,פירוש,לא,
326,קובץ שיטות קמאי על ערכין,כן,ערכין,ב:,פירוש,לא,
328,קובץ שיטות קמאי על ערכין,כן,ערכין,ב:,פירוש,לא,
330,קובץ שיטות קמאי על ערכין,כן,ערכין,ב:,פירוש,לא,
332,קובץ שיטות קמאי על ערכין,כן,ערכין,ב:,פירוש,לא,
334,קובץ שיטות קמאי על ערכין,כן,ערכין,ב:,פירוש,לא,
336,קובץ שיטות קמאי על ערכין,כן,ערכין,ב:,פירוש,לא,
338,קובץ שיטות קמאי על ערכין,כן,ערכין,ב:,פירוש,לא,
340,קובץ שיטות קמאי על ערכין,כן,ערכין,ב:,פירוש,לא,
342,קובץ שיטות קמאי על ערכין,כן,ערכין,ב:,פירוש,לא,
344,קובץ שיטות קמאי על ערכין,כן,ערכין,ב:,פירוש,לא,
346,קובץ שיטות קמאי על ערכין,כן,ערכין,ב:,פירוש,לא,
348,קובץ שיטות קמאי על ערכין,כן,ערכין,ב:,פירוש,לא,
350,קובץ שיטות קמאי על ערכין,כן,ערכין,ב:,פירוש,לא,
352,קובץ שיטות קמאי על ערכין,כן,ערכין,ב:,פירוש,לא,
354,קובץ שיטות קמאי על ערכין,כן,ערכין,ב:,פירוש,לא,
356,קובץ שיטות קמאי על ערכין,כן,ערכין,ב:,פירוש,לא,
358,קובץ שיטות קמאי על ערכין,כן,ערכין,ב:,פירוש,לא,
360,קובץ שיטות קמאי על ערכין,כן,ערכין,ב:,פירוש,לא,
362,קובץ שיטות קמאי על ערכין,כן,ערכין,ב:,פירוש,לא,
364,קובץ שיטות קמאי על ערכין,כן,ערכין,ב:,פירוש,לא,
366,קובץ שיטות קמאי על ערכין,כן,ערכין,ב:,פירוש,לא,
368,קובץ שיטות קמאי על ערכין,כן,ערכין,ב:,פירוש,לא,
370,קובץ שיטות קמאי על ערכין,כן,ערכין,ב:,פירוש,לא,
372,קובץ שיטות קמאי על ערכין,כן,ערכין,ב:,פירוש,לא,
374,קובץ שיטות קמאי על ערכין,כן,ערכין,ב:,פירוש,לא,
376,קובץ שיטות קמאי על ערכין,כן,ערכין,ב:,פירוש,לא,
378,קובץ שיטות קמאי על ערכין,כן,ערכין,ב:,פירוש,לא,
380,קובץ שיטות קמאי על ערכין,כן,ערכין,ב:,פירוש,לא,
382,קובץ שיטות קמאי על ערכין,כן,ערכין,ב:,פירוש,לא,
384,קובץ שיטות קמאי על ערכין,כן,ערכין,ב:,פירוש,לא,
386,קובץ שיטות קמאי על ערכין,כן,ערכין,ב:,פירוש,לא,
388,קובץ שיטות קמאי על ערכין,כן,ערכין,ב:,פירוש,לא,
390,קובץ שיטות קמאי על ערכין,כן,ערכין,ב:,פירוש,לא,
392,קובץ שיטות קמאי על ערכין,כן,ערכין,ב:,פירוש,לא,
394,קובץ שיטות קמאי על ערכין,כן,ערכין,ב:,פירוש,לא,
396,קובץ שיטות קמאי על ערכין,כן,ערכין,ב:,פירוש,לא,
398,קובץ שיטות קמאי על ערכין,כן,ערכין,ב:,פירוש,לא,
400,קובץ שיטות קמאי על ערכין,כן,ערכין,ב:,פירוש,לא,
402,קובץ שיטות קמאי על ערכין,כן,ערכין,ב:,פירוש,לא,
404,קובץ שיטות קמאי על ערכין,כן,ערכין,ב:,פירוש,לא,
406,קובץ שיטות קמאי על ערכין,כן,ערכין,ב:,פירוש,לא,
408,קובץ שיטות קמאי על ערכין,כן,ערכין,ב:,פירוש,לא,
410,קובץ שיטות קמאי על ערכין,כן,ערכין,ב:,פירוש,לא,
412,קובץ שיטות קמאי על ערכין,כן,ערכין,ב:,פירוש,לא,
414,קובץ שיטות קמאי על ערכין,כן,ערכין,ב:,פירוש,לא,
416,קובץ שיטות קמאי על ערכין,כן,ערכין,ב:,פירוש,לא,
418,קובץ שיטות קמאי על ערכין,כן,ערכין,ב:,פירוש,לא,
420,קובץ שיטות קמאי על ערכין,כן,ערכין,ב:,פירוש,לא,
422,קובץ שיטות קמאי על ערכין,כן,ערכין,ב:,פירוש,לא,
424,קובץ שיטות קמאי על ערכין,כן,ערכין,ב:,פירוש,לא,
426,קובץ שיטות קמאי על ערכין,כן,ערכין,ב:,פירוש,לא,
428,קובץ שיטות קמאי על ערכין,כן,ערכין,ב:,פירוש,לא,
430,קובץ שיטות קמאי על ערכין,כן,ערכין,ב:,פירוש,לא,
432,קובץ שיטות קמאי על ערכין,כן,ערכין,ב:,פירוש,לא,
434,קובץ שיטות קמאי על ערכין,כן,ערכין,ב:,פירוש,לא,
436,קובץ שיטות קמאי על ערכין,כן,ערכין,ב:,פירוש,לא,
438,קובץ שיטות קמאי על ערכין,כן,ערכין,ב:,פירוש,לא,
440,קובץ שיטות קמאי על ערכין,כן,ערכין,ב:,פירוש,לא,
442,קובץ שיטות קמאי על ערכין,כן,ערכין,ב:,פירוש,לא,
444,קובץ שיטות קמאי על ערכין,כן,ערכין,ב:,פירוש,לא,
446,קובץ שיטות קמאי על ערכין,כן,ערכין,ב:,פירוש,לא,
448,קובץ שיטות קמאי על ערכין,כן,ערכין,ב:,פירוש,לא,
450,קובץ שיטות קמאי על ערכין,כן,ערכין,ב:,פירוש,לא,
452,קובץ שיטות קמאי על ערכין,כן,ערכין,ב:,פירוש,לא,
454,קובץ שיטות קמאי על ערכין,כן,ערכין,ב:,פירוש,לא,
456,קובץ שיטות קמאי על ערכין,כן,ערכין,ב:,פירוש,לא,
458,קובץ שיטות קמאי על ערכין,כן,ערכין,ב:,פירוש,לא,
460,קובץ שיטות קמאי על ערכין,כן,ערכין,ב:,פירוש,לא,
462,קובץ שיטות קמאי על ערכין,כן,ערכין,ב:,פירוש,לא,
464,קובץ שיטות קמאי על ערכין,כן,ערכין,ב:,פירוש,לא,
466,קובץ שיטות קמאי על ערכין,כן,ערכין,ב:,פירוש,לא,
468,קובץ שיטות קמאי על ערכין,כן,ערכין,ב:,פירוש,לא,
470,קובץ שיטות קמאי על ערכין,כן,ערכין,ב:,פירוש,לא,
472,קובץ שיטות קמאי על ערכין,כן,ערכין,ב:,פירוש,לא,
474,קובץ שיטות קמאי על ערכין,כן,ערכין,ב:,פירוש,לא,
476,קובץ שיטות קמאי על ערכין,כן,ערכין,ב:,פירוש,לא,
478,קובץ שיטות קמאי על ערכין,כן,ערכין,ב:,פירוש,לא,
480,קובץ שיטות קמאי על ערכין,כן,ערכין,ב:,פירוש,לא,
482,קובץ שיטות קמאי על ערכין,כן,ערכין,ב:,פירוש,לא,
484,קובץ שיטות קמאי על ערכין,כן,ערכין,ב:,פירוש,לא,
486,קובץ שיטות קמאי על ערכין,כן,ערכין,ב:,פירוש,לא,
489,קובץ שיטות קמאי על ערכין,כן,ערכין,ג.,פירוש,לא,
491,קובץ שיטות קמאי על ערכין,כן,ערכין,ג.,פירוש,לא,
493,קובץ שיטות קמאי על ערכין,כן,ערכין,ג.,פירוש,לא,
495,קובץ שיטות קמאי על ערכין,כן,ערכין,ג.,פירוש,לא,
497,קובץ שיטות קמאי על ערכין,כן,ערכין,ג.,פירוש,לא,
499,קובץ שיטות קמאי על ערכין,כן,ערכין,ג.,פירוש,לא,
501,קובץ שיטות קמאי על ערכין,כן,ערכין,ג.,פירוש,לא,
503,קובץ שיטות קמאי על ערכין,כן,ערכין,ג.,פירוש,לא,
505,קובץ שיטות קמאי על ערכין,כן,ערכין,ג.,פירוש,לא,
507,קובץ שיטות קמאי על ערכין,כן,ערכין,ג.,פירוש,לא,
509,קובץ שיטות קמאי על ערכין,כן,ערכין,ג.,פירוש,לא,
510,קובץ שיטות קמאי על ערכין,כן,ערכין,ג.,פירוש,לא,
512,קובץ שיטות קמאי על ערכין,כן,ערכין,ג.,פירוש,לא,
514,קובץ שיטות קמאי על ערכין,כן,ערכין,ג.,פירוש,לא,
516,קובץ שיטות קמאי על ערכין,כן,ערכין,ג.,פירוש,לא,
518,קובץ שיטות קמאי על ערכין,כן,ערכין,ג.,פירוש,לא,
520,קובץ שיטות קמאי על ערכין,כן,ערכין,ג.,פירוש,לא,
522,קובץ שיטות קמאי על ערכין,כן,ערכין,ג.,פירוש,לא,
524,קובץ שיטות קמאי על ערכין,כן,ערכין,ג.,פירוש,לא,
526,קובץ שיטות קמאי על ערכין,כן,ערכין,ג.,פירוש,לא,
528,קובץ שיטות קמאי על ערכין,כן,ערכין,ג.,פירוש,לא,
530,קובץ שיטות קמאי על ערכין,כן,ערכין,ג.,פירוש,לא,
532,קובץ שיטות קמאי על ערכין,כן,ערכין,ג.,פירוש,לא,
534,קובץ שיטות קמאי על ערכין,כן,ערכין,ג.,פירוש,לא,
536,קובץ שיטות קמאי על ערכין,כן,ערכין,ג.,פירוש,לא,
538,קובץ שיטות קמאי על ערכין,כן,ערכין,ג.,פירוש,לא,
540,קובץ שיטות קמאי על ערכין,כן,ערכין,ג.,פירוש,לא,
542,קובץ שיטות קמאי על ערכין,כן,ערכין,ג.,פירוש,לא,
544,קובץ שיטות קמאי על ערכין,כן,ערכין,ג.,פירוש,לא,
546,קובץ שיטות קמאי על ערכין,כן,ערכין,ג.,פירוש,לא,
548,קובץ שיטות קמאי על ערכין,כן,ערכין,ג.,פירוש,לא,
550,קובץ שיטות קמאי על ערכין,כן,ערכין,ג.,פירוש,לא,
552,קובץ שיטות קמאי על ערכין,כן,ערכין,ג.,פירוש,לא,
554,קובץ שיטות קמאי על ערכין,כן,ערכין,ג.,פירוש,לא,
556,קובץ שיטות קמאי על ערכין,כן,ערכין,ג.,פירוש,לא,
557,קובץ שיטות קמאי על ערכין,כן,ערכין,ג.,פירוש,לא,
558,קובץ שיטות קמאי על ערכין,כן,ערכין,ג.,פירוש,לא,
560,קובץ שיטות קמאי על ערכין,כן,ערכין,ג.,פירוש,לא,
562,קובץ שיטות קמאי על ערכין,כן,ערכין,ג.,פירוש,לא,
564,קובץ שיטות קמאי על ערכין,כן,ערכין,ג.,פירוש,לא,
566,קובץ שיטות קמאי על ערכין,כן,ערכין,ג.,פירוש,לא,
568,קובץ שיטות קמאי על ערכין,כן,ערכין,ג.,פירוש,לא,
570,קובץ שיטות קמאי על ערכין,כן,ערכין,ג.,פירוש,לא,
572,קובץ שיטות קמאי על ערכין,כן,ערכין,ג.,פירוש,לא,
574,קובץ שיטות קמאי על ערכין,כן,ערכין,ג.,פירוש,לא,
576,קובץ שיטות קמאי על ערכין,כן,ערכין,ג.,פירוש,לא,
578,קובץ שיטות קמאי על ערכין,כן,ערכין,ג.,פירוש,לא,
580,קובץ שיטות קמאי על ערכין,כן,ערכין,ג.,פירוש,לא,
582,קובץ שיטות קמאי על ערכין,כן,ערכין,ג.,פירוש,לא,
584,קובץ שיטות קמאי על ערכין,כן,ערכין,ג.,פירוש,לא,
586,קובץ שיטות קמאי על ערכין,כן,ערכין,ג.,פירוש,לא,
588,קובץ שיטות קמאי על ערכין,כן,ערכין,ג.,פירוש,לא,
590,קובץ שיטות קמאי על ערכין,כן,ערכין,ג.,פירוש,לא,
592,קובץ שיטות קמאי על ערכין,כן,ערכין,ג.,פירוש,לא,
594,קובץ שיטות קמאי על ערכין,כן,ערכין,ג.,פירוש,לא,
596,קובץ שיטות קמאי על ערכין,כן,ערכין,ג.,פירוש,לא,
598,קובץ שיטות קמאי על ערכין,כן,ערכין,ג.,פירוש,לא,
600,קובץ שיטות קמאי על ערכין,כן,ערכין,ג.,פירוש,לא,
602,קובץ שיטות קמאי על ערכין,כן,ערכין,ג.,פירוש,לא,
604,קובץ שיטות קמאי על ערכין,כן,ערכין,ג.,פירוש,לא,
606,קובץ שיטות קמאי על ערכין,כן,ערכין,ג.,פירוש,לא,
608,קובץ שיטות קמאי על ערכין,כן,ערכין,ג.,פירוש,לא,
610,קובץ שיטות קמאי על ערכין,כן,ערכין,ג.,פירוש,לא,
611,קובץ שיטות קמאי על ערכין,כן,ערכין,ג.,פירוש,לא,
613,קובץ שיטות קמאי על ערכין,כן,ערכין,ג.,פירוש,לא,
615,קובץ שיטות קמאי על ערכין,כן,ערכין,ג.,פירוש,לא,
617,קובץ שיטות קמאי על ערכין,כן,ערכין,ג.,פירוש,לא,
619,קובץ שיטות קמאי על ערכין,כן,ערכין,ג.,פירוש,לא,
621,קובץ שיטות קמאי על ערכין,כן,ערכין,ג.,פירוש,לא,
623,קובץ שיטות קמאי על ערכין,כן,ערכין,ג.,פירוש,לא,
625,קובץ שיטות קמאי על ערכין,כן,ערכין,ג.,פירוש,לא,
627,קובץ שיטות קמאי על ערכין,כן,ערכין,ג.,פירוש,לא,
629,קובץ שיטות קמאי על ערכין,כן,ערכין,ג.,פירוש,לא,
631,קובץ שיטות קמאי על ערכין,כן,ערכין,ג.,פירוש,לא,
633,קובץ שיטות קמאי על ערכין,כן,ערכין,ג.,פירוש,לא,
635,קובץ שיטות קמאי על ערכין,כן,ערכין,ג.,פירוש,לא,
637,קובץ שיטות קמאי על ערכין,כן,ערכין,ג.,פירוש,לא,
639,קובץ שיטות קמאי על ערכין,כן,ערכין,ג.,פירוש,לא,
641,קובץ שיטות קמאי על ערכין,כן,ערכין,ג.,פירוש,לא,
643,קובץ שיטות קמאי על ערכין,כן,ערכין,ג.,פירוש,לא,
645,קובץ שיטות קמאי על ערכין,כן,ערכין,ג.,פירוש,לא,
647,קובץ שיטות קמאי על ערכין,כן,ערכין,ג.,פירוש,לא,
649,קובץ שיטות קמאי על ערכין,כן,ערכין,ג.,פירוש,לא,
651,קובץ שיטות קמאי על ערכין,כן,ערכין,ג.,פירוש,לא,
652,קובץ שיטות קמאי על ערכין,כן,ערכין,ג.,פירוש,לא,
654,קובץ שיטות קמאי על ערכין,כן,ערכין,ג.,פירוש,לא,
656,קובץ שיטות קמאי על ערכין,כן,ערכין,ג.,פירוש,לא,
658,קובץ שיטות קמאי על ערכין,כן,ערכין,ג.,פירוש,לא,
660,קובץ שיטות קמאי על ערכין,כן,ערכין,ג.,פירוש,לא,
662,קובץ שיטות קמאי על ערכין,כן,ערכין,ג.,פירוש,לא,
664,קובץ שיטות קמאי על ערכין,כן,ערכין,ג.,פירוש,לא,
666,קובץ שיטות קמאי על ערכין,כן,ערכין,ג.,פירוש,לא,
668,קובץ שיטות קמאי על ערכין,כן,ערכין,ג.,פירוש,לא,
670,קובץ שיטות קמאי על ערכין,כן,ערכין,ג.,פירוש,לא,
672,קובץ שיטות קמאי על ערכין,כן,ערכין,ג.,פירוש,לא,
674,קובץ שיטות קמאי על ערכין,כן,ערכין,ג.,פירוש,לא,
676,קובץ שיטות קמאי על ערכין,כן,ערכין,ג.,פירוש,לא,
678,קובץ שיטות קמאי על ערכין,כן,ערכין,ג.,פירוש,לא,
680,קובץ שיטות קמאי על ערכין,כן,ערכין,ג.,פירוש,לא,
682,קובץ שיטות קמאי על ערכין,כן,ערכין,ג.,פירוש,לא,
684,קובץ שיטות קמאי על ערכין,כן,ערכין,ג.,פירוש,לא,
686,קובץ שיטות קמאי על ערכין,כן,ערכין,ג.,פירוש,לא,
688,קובץ שיטות קמאי על ערכין,כן,ערכין,ג.,פירוש,לא,
690,קובץ שיטות קמאי על ערכין,כן,ערכין,ג.,פירוש,לא,
692,קובץ שיטות קמאי על ערכין,כן,ערכין,ג.,פירוש,לא,
694,קובץ שיטות קמאי על ערכין,כן,ערכין,ג.,פירוש,לא,
696,קובץ שיטות קמאי על ערכין,כן,ערכין,ג.,פירוש,לא,
698,קובץ שיטות קמאי על ערכין,כן,ערכין,ג.,פירוש,לא,
700,קובץ שיטות קמאי על ערכין,כן,ערכין,ג.,פירוש,לא,
702,קובץ שיטות קמאי על ערכין,כן,ערכין,ג.,פירוש,לא,
704,קובץ שיטות קמאי על ערכין,כן,ערכין,ג.,פירוש,לא,
706,קובץ שיטות קמאי על ערכין,כן,ערכין,ג.,פירוש,לא,
708,קובץ שיטות קמאי על ערכין,כן,ערכין,ג.,פירוש,לא,
710,קובץ שיטות קמאי על ערכין,כן,ערכין,ג.,פירוש,לא,
712,קובץ שיטות קמאי על ערכין,כן,ערכין,ג.,פירוש,לא,
714,קובץ שיטות קמאי על ערכין,כן,ערכין,ג.,פירוש,לא,
716,קובץ שיטות קמאי על ערכין,כן,ערכין,ג.,פירוש,לא,
718,קובץ שיטות קמאי על ערכין,כן,ערכין,ג.,פירוש,לא,
720,קובץ שיטות קמאי על ערכין,כן,ערכין,ג.,פירוש,לא,
722,קובץ שיטות קמאי על ערכין,כן,ערכין,ג.,פירוש,לא,
724,קובץ שיטות קמאי על ערכין,כן,ערכין,ג.,פירוש,לא,
725,קובץ שיטות קמאי על ערכין,כן,ערכין,ג.,פירוש,לא,
726,קובץ שיטות קמאי על ערכין,כן,ערכין,ג.,פירוש,לא,
727,קובץ שיטות קמאי על ערכין,כן,ערכין,ג.,פירוש,לא,
728,קובץ שיטות קמאי על ערכין,כן,ערכין,ג.,פירוש,לא,
729,קובץ שיטות קמאי על ערכין,כן,ערכין,ג.,פירוש,לא,
730,קובץ שיטות קמאי על ערכין,כן,ערכין,ג.,פירוש,לא,
731,קובץ שיטות קמאי על ערכין,כן,ערכין,ג.,פירוש,לא,
732,קובץ שיטות קמאי על ערכין,כן,ערכין,ג.,פירוש,לא,
734,קובץ שיטות קמאי על ערכין,כן,ערכין,ג.,פירוש,לא,
736,קובץ שיטות קמאי על ערכין,כן,ערכין,ג.,פירוש,לא,
738,קובץ שיטות קמאי על ערכין,כן,ערכין,ג.,פירוש,לא,
740,קובץ שיטות קמאי על ערכין,כן,ערכין,ג.,פירוש,לא,
742,קובץ שיטות קמאי על ערכין,כן,ערכין,ג.,פירוש,לא,
744,קובץ שיטות קמאי על ערכין,כן,ערכין,ג.,פירוש,לא,
746,קובץ שיטות קמאי על ערכין,כן,ערכין,ג.,פירוש,לא,
748,קובץ שיטות קמאי על ערכין,כן,ערכין,ג.,פירוש,לא,
750,קובץ שיטות קמאי על ערכין,כן,ערכין,ג.,פירוש,לא,
752,קובץ שיטות קמאי על ערכין,כן,ערכין,ג.,פירוש,לא,
754,קובץ שיטות קמאי על ערכין,כן,ערכין,ג.,פירוש,לא,
756,קובץ שיטות קמאי על ערכין,כן,ערכין,ג.,פירוש,לא,
758,קובץ שיטות קמאי על ערכין,כן,ערכין,ג.,פירוש,לא,
760,קובץ שיטות קמאי על ערכין,כן,ערכין,ג.,פירוש,לא,
762,קובץ שיטות קמאי על ערכין,כן,ערכין,ג.,פירוש,לא,
764,קובץ שיטות קמאי על ערכין,כן,ערכין,ג.,פירוש,לא,
766,קובץ שיטות קמאי על ערכין,כן,ערכין,ג.,פירוש,לא,
768,קובץ שיטות קמאי על ערכין,כן,ערכין,ג.,פירוש,לא,
770,קובץ שיטות קמאי על ערכין,כן,ערכין,ג.,פירוש,לא,
772,קובץ שיטות קמאי על ערכין,כן,ערכין,ג.,פירוש,לא,
774,קובץ שיטות קמאי על ערכין,כן,ערכין,ג.,פירוש,לא,
776,קובץ שיטות קמאי על ערכין,כן,ערכין,ג.,פירוש,לא,
778,קובץ שיטות קמאי על ערכין,כן,ערכין,ג.,פירוש,לא,
780,קובץ שיטות קמאי על ערכין,כן,ערכין,ג.,פירוש,לא,
782,קובץ שיטות קמאי על ערכין,כן,ערכין,ג.,פירוש,לא,
784,קובץ שיטות קמאי על ערכין,כן,ערכין,ג.,פירוש,לא,
786,קובץ שיטות קמאי על ערכין,כן,ערכין,ג.,פירוש,לא,
788,קובץ שיטות קמאי על ערכין,כן,ערכין,ג.,פירוש,לא,
790,קובץ שיטות קמאי על ערכין,כן,ערכין,ג.,פירוש,לא,
791,קובץ שיטות קמאי על ערכין,כן,ערכין,ג.,פירוש,לא,
792,קובץ שיטות קמאי על ערכין,כן,ערכין,ג.,פירוש,לא,
793,קובץ שיטות קמאי על ערכין,כן,ערכין,ג.,פירוש,לא,
795,קובץ שיטות קמאי על ערכין,כן,ערכין,ג.,פירוש,לא,
797,קובץ שיטות קמאי על ערכין,כן,ערכין,ג.,פירוש,לא,
799,קובץ שיטות קמאי על ערכין,כן,ערכין,ג.,פירוש,לא,
801,קובץ שיטות קמאי על ערכין,כן,ערכין,ג.,פירוש,לא,
803,קובץ שיטות קמאי על ערכין,כן,ערכין,ג.,פירוש,לא,
805,קובץ שיטות קמאי על ערכין,כן,ערכין,ג.,פירוש,לא,
807,קובץ שיטות קמאי על ערכין,כן,ערכין,ג.,פירוש,לא,
809,קובץ שיטות קמאי על ערכין,כן,ערכין,ג.,פירוש,לא,
811,קובץ שיטות קמאי על ערכין,כן,ערכין,ג.,פירוש,לא,
813,קובץ שיטות קמאי על ערכין,כן,ערכין,ג.,פירוש,לא,
815,קובץ שיטות קמאי על ערכין,כן,ערכין,ג.,פירוש,לא,
817,קובץ שיטות קמאי על ערכין,כן,ערכין,ג.,פירוש,לא,
819,קובץ שיטות קמאי על ערכין,כן,ערכין,ג.,פירוש,לא,
821,קובץ שיטות קמאי על ערכין,כן,ערכין,ג.,פירוש,לא,
823,קובץ שיטות קמאי על ערכין,כן,ערכין,ג.,פירוש,לא,
825,קובץ שיטות קמאי על ערכין,כן,ערכין,ג.,פירוש,לא,
827,קובץ שיטות קמאי על ערכין,כן,ערכין,ג.,פירוש,לא,
829,קובץ שיטות קמאי על ערכין,כן,ערכין,ג.,פירוש,לא,
831,קובץ שיטות קמאי על ערכין,כן,ערכין,ג.,פירוש,לא,
833,קובץ שיטות קמאי על ערכין,כן,ערכין,ג.,פירוש,לא,
835,קובץ שיטות קמאי על ערכין,כן,ערכין,ג.,פירוש,לא,
837,קובץ שיטות קמאי על ערכין,כן,ערכין,ג.,פירוש,לא,
839,קובץ שיטות קמאי על ערכין,כן,ערכין,ג.,פירוש,לא,
841,קובץ שיטות קמאי על ערכין,כן,ערכין,ג.,פירוש,לא,
843,קובץ שיטות קמאי על ערכין,כן,ערכין,ג.,פירוש,לא,
845,קובץ שיטות קמאי על ערכין,כן,ערכין,ג.,פירוש,לא,
847,קובץ שיטות קמאי על ערכין,כן,ערכין,ג.,פירוש,לא,
849,קובץ שיטות קמאי על ערכין,כן,ערכין,ג.,פירוש,לא,
851,קובץ שיטות קמאי על ערכין,כן,ערכין,ג.,פירוש,לא,
853,קובץ שיטות קמאי על ערכין,כן,ערכין,ג.,פירוש,לא,
855,קובץ שיטות קמאי על ערכין,כן,ערכין,ג.,פירוש,לא,
857,קובץ שיטות קמאי על ערכין,כן,ערכין,ג.,פירוש,לא,
859,קובץ שיטות קמאי על ערכין,כן,ערכין,ג.,פירוש,לא,
861,קובץ שיטות קמאי על ערכין,כן,ערכין,ג.,פירוש,לא,
863,קובץ שיטות קמאי על ערכין,כן,ערכין,ג.,פירוש,לא,
865,קובץ שיטות קמאי על ערכין,כן,ערכין,ג.,פירוש,לא,
867,קובץ שיטות קמאי על ערכין,כן,ערכין,ג.,פירוש,לא,
869,קובץ שיטות קמאי על ערכין,כן,ערכין,ג.,פירוש,לא,
871,קובץ שיטות קמאי על ערכין,כן,ערכין,ג.,פירוש,לא,
873,קובץ שיטות קמאי על ערכין,כן,ערכין,ג.,פירוש,לא,
875,קובץ שיטות קמאי על ערכין,כן,ערכין,ג.,פירוש,לא,
877,קובץ שיטות קמאי על ערכין,כן,ערכין,ג.,פירוש,לא,
879,קובץ שיטות קמאי על ערכין,כן,ערכין,ג.,פירוש,לא,
882,קובץ שיטות קמאי על ערכין,כן,ערכין,ג:,פירוש,לא,
884,קובץ שיטות קמאי על ערכין,כן,ערכין,ג:,פירוש,לא,
886,קובץ שיטות קמאי על ערכין,כן,ערכין,ג:,פירוש,לא,
888,קובץ שיטות קמאי על ערכין,כן,ערכין,ג:,פירוש,לא,
890,קובץ שיטות קמאי על ערכין,כן,ערכין,ג:,פירוש,לא,
892,קובץ שיטות קמאי על ערכין,כן,ערכין,ג:,פירוש,לא,
894,קובץ שיטות קמאי על ערכין,כן,ערכין,ג:,פירוש,לא,
896,קובץ שיטות קמאי על ערכין,כן,ערכין,ג:,פירוש,לא,
898,קובץ שיטות קמאי על ערכין,כן,ערכין,ג:,פירוש,לא,
900,קובץ שיטות קמאי על ערכין,כן,ערכין,ג:,פירוש,לא,
902,קובץ שיטות קמאי על ערכין,כן,ערכין,ג:,פירוש,לא,
904,קובץ שיטות קמאי על ערכין,כן,ערכין,ג:,פירוש,לא,
906,קובץ שיטות קמאי על ערכין,כן,ערכין,ג:,פירוש,לא,
908,קובץ שיטות קמאי על ערכין,כן,ערכין,ג:,פירוש,לא,
910,קובץ שיטות קמאי על ערכין,כן,ערכין,ג:,פירוש,לא,
912,קובץ שיטות קמאי על ערכין,כן,ערכין,ג:,פירוש,לא,
914,קובץ שיטות קמאי על ערכין,כן,ערכין,ג:,פירוש,לא,
916,קובץ שיטות קמאי על ערכין,כן,ערכין,ג:,פירוש,לא,
918,קובץ שיטות קמאי על ערכין,כן,ערכין,ג:,פירוש,לא,
920,קובץ שיטות קמאי על ערכין,כן,ערכין,ג:,פירוש,לא,
922,קובץ שיטות קמאי על ערכין,כן,ערכין,ג:,פירוש,לא,
924,קובץ שיטות קמאי על ערכין,כן,ערכין,ג:,פירוש,לא,
926,קובץ שיטות קמאי על ערכין,כן,ערכין,ג:,פירוש,לא,
928,קובץ שיטות קמאי על ערכין,כן,ערכין,ג:,פירוש,לא,
930,קובץ שיטות קמאי על ערכין,כן,ערכין,ג:,פירוש,לא,
932,קובץ שיטות קמאי על ערכין,כן,ערכין,ג:,פירוש,לא,
934,קובץ שיטות קמאי על ערכין,כן,ערכין,ג:,פירוש,לא,
936,קובץ שיטות קמאי על ערכין,כן,ערכין,ג:,פירוש,לא,
938,קובץ שיטות קמאי על ערכין,כן,ערכין,ג:,פירוש,לא,
940,קובץ שיטות קמאי על ערכין,כן,ערכין,ג:,פירוש,לא,
942,קובץ שיטות קמאי על ערכין,כן,ערכין,ג:,פירוש,לא,
944,קובץ שיטות קמאי על ערכין,כן,ערכין,ג:,פירוש,לא,
946,קובץ שיטות קמאי על ערכין,כן,ערכין,ג:,פירוש,לא,
948,קובץ שיטות קמאי על ערכין,כן,ערכין,ג:,פירוש,לא,
950,קובץ שיטות קמאי על ערכין,כן,ערכין,ג:,פירוש,לא,
952,קובץ שיטות קמאי על ערכין,כן,ערכין,ג:,פירוש,לא,
954,קובץ שיטות קמאי על ערכין,כן,ערכין,ג:,פירוש,לא,
956,קובץ שיטות קמאי על ערכין,כן,ערכין,ג:,פירוש,לא,
958,קובץ שיטות קמאי על ערכין,כן,ערכין,ג:,פירוש,לא,
960,קובץ שיטות קמאי על ערכין,כן,ערכין,ג:,פירוש,לא,
962,קובץ שיטות קמאי על ערכין,כן,ערכין,ג:,פירוש,לא,
964,קובץ שיטות קמאי על ערכין,כן,ערכין,ג:,פירוש,לא,
966,קובץ שיטות קמאי על ערכין,כן,ערכין,ג:,פירוש,לא,
968,קובץ שיטות קמאי על ערכין,כן,ערכין,ג:,פירוש,לא,
970,קובץ שיטות קמאי על ערכין,כן,ערכין,ג:,פירוש,לא,
972,קובץ שיטות קמאי על ערכין,כן,ערכין,ג:,פירוש,לא,
974,קובץ שיטות קמאי על ערכין,כן,ערכין,ג:,פירוש,לא,
976,קובץ שיטות קמאי על ערכין,כן,ערכין,ג:,פירוש,לא,
978,קובץ שיטות קמאי על ערכין,כן,ערכין,ג:,פירוש,לא,
980,קובץ שיטות קמאי על ערכין,כן,ערכין,ג:,פירוש,לא,
982,קובץ שיטות קמאי על ערכין,כן,ערכין,ג:,פירוש,לא,
984,קובץ שיטות קמאי על ערכין,כן,ערכין,ג:,פירוש,לא,
986,קובץ שיטות קמאי על ערכין,כן,ערכין,ג:,פירוש,לא,
988,קובץ שיטות קמאי על ערכין,כן,ערכין,ג:,פירוש,לא,
990,קובץ שיטות קמאי על ערכין,כן,ערכין,ג:,פירוש,לא,
992,קובץ שיטות קמאי על ערכין,כן,ערכין,ג:,פירוש,לא,
994,קובץ שיטות קמאי על ערכין,כן,ערכין,ג:,פירוש,לא,
996,קובץ שיטות קמאי על ערכין,כן,ערכין,ג:,פירוש,לא,
998,קובץ שיטות קמאי על ערכין,כן,ערכין,ג:,פירוש,לא,
1000,קובץ שיטות קמאי על ערכין,כן,ערכין,ג:,פירוש,לא,
1002,קובץ שיטות קמאי על ערכין,כן,ערכין,ג:,פירוש,לא,
1004,קובץ שיטות קמאי על ערכין,כן,ערכין,ג:,פירוש,לא,
1006,קובץ שיטות קמאי על ערכין,כן,ערכין,ג:,פירוש,לא,
1008,קובץ שיטות קמאי על ערכין,כן,ערכין,ג:,פירוש,לא,
1010,קובץ שיטות קמאי על ערכין,כן,ערכין,ג:,פירוש,לא,
1012,קובץ שיטות קמאי על ערכין,כן,ערכין,ג:,פירוש,לא,
1014,קובץ שיטות קמאי על ערכין,כן,ערכין,ג:,פירוש,לא,
1016,קובץ שיטות קמאי על ערכין,כן,ערכין,ג:,פירוש,לא,
1018,קובץ שיטות קמאי על ערכין,כן,ערכין,ג:,פירוש,לא,
1020,קובץ שיטות קמאי על ערכין,כן,ערכין,ג:,פירוש,לא,
1022,קובץ שיטות קמאי על ערכין,כן,ערכין,ג:,פירוש,לא,
1024,קובץ שיטות קמאי על ערכין,כן,ערכין,ג:,פירוש,לא,
1026,קובץ שיטות קמאי על ערכין,כן,ערכין,ג:,פירוש,לא,
1028,קובץ שיטות קמאי על ערכין,כן,ערכין,ג:,פירוש,לא,
1030,קובץ שיטות קמאי על ערכין,כן,ערכין,ג:,פירוש,לא,
1032,קובץ שיטות קמאי על ערכין,כן,ערכין,ג:,פירוש,לא,
1034,קובץ שיטות קמאי על ערכין,כן,ערכין,ג:,פירוש,לא,
1036,קובץ שיטות קמאי על ערכין,כן,ערכין,ג:,פירוש,לא,
1038,קובץ שיטות קמאי על ערכין,כן,ערכין,ג:,פירוש,לא,
1039,קובץ שיטות קמאי על ערכין,כן,ערכין,ג:,פירוש,לא,
1041,קובץ שיטות קמאי על ערכין,כן,ערכין,ג:,פירוש,לא,
1043,קובץ שיטות קמאי על ערכין,כן,ערכין,ג:,פירוש,לא,
1044,קובץ שיטות קמאי על ערכין,כן,ערכין,ג:,פירוש,לא,
1045,קובץ שיטות קמאי על ערכין,כן,ערכין,ג:,פירוש,לא,
1047,קובץ שיטות קמאי על ערכין,כן,ערכין,ג:,פירוש,לא,
1049,קובץ שיטות קמאי על ערכין,כן,ערכין,ג:,פירוש,לא,
1050,קובץ שיטות קמאי על ערכין,כן,ערכין,ג:,פירוש,לא,
1051,קובץ שיטות קמאי על ערכין,כן,ערכין,ג:,פירוש,לא,
1053,קובץ שיטות קמאי על ערכין,כן,ערכין,ג:,פירוש,לא,
1055,קובץ שיטות קמאי על ערכין,כן,ערכין,ג:,פירוש,לא,
1056,קובץ שיטות קמאי על ערכין,כן,ערכין,ג:,פירוש,לא,
1057,קובץ שיטות קמאי על ערכין,כן,ערכין,ג:,פירוש,לא,
1059,קובץ שיטות קמאי על ערכין,כן,ערכין,ג:,פירוש,לא,
1060,קובץ שיטות קמאי על ערכין,כן,ערכין,ג:,פירוש,לא,
1061,קובץ שיטות קמאי על ערכין,כן,ערכין,ג:,פירוש,לא,
1063,קובץ שיטות קמאי על ערכין,כן,ערכין,ג:,פירוש,לא,
1065,קובץ שיטות קמאי על ערכין,כן,ערכין,ג:,פירוש,לא,
1067,קובץ שיטות קמאי על ערכין,כן,ערכין,ג:,פירוש,לא,
1069,קובץ שיטות קמאי על ערכין,כן,ערכין,ג:,פירוש,לא,
1071,קובץ שיטות קמאי על ערכין,כן,ערכין,ג:,פירוש,לא,
1073,קובץ שיטות קמאי על ערכין,כן,ערכין,ג:,פירוש,לא,
1075,קובץ שיטות קמאי על ערכין,כן,ערכין,ג:,פירוש,לא,
1077,קובץ שיטות קמאי על ערכין,כן,ערכין,ג:,פירוש,לא,
1079,קובץ שיטות קמאי על ערכין,כן,ערכין,ג:,פירוש,לא,
1081,קובץ שיטות קמאי על ערכין,כן,ערכין,ג:,פירוש,לא,
1083,קובץ שיטות קמאי על ערכין,כן,ערכין,ג:,פירוש,לא,
1085,קובץ שיטות קמאי על ערכין,כן,ערכין,ג:,פירוש,לא,
1087,קובץ שיטות קמאי על ערכין,כן,ערכין,ג:,פירוש,לא,
1089,קובץ שיטות קמאי על ערכין,כן,ערכין,ג:,פירוש,לא,
1091,קובץ שיטות קמאי על ערכין,כן,ערכין,ג:,פירוש,לא,
1093,קובץ שיטות קמאי על ערכין,כן,ערכין,ג:,פירוש,לא,
1095,קובץ שיטות קמאי על ערכין,כן,ערכין,ג:,פירוש,לא,
1097,קובץ שיטות קמאי על ערכין,כן,ערכין,ג:,פירוש,לא,
1099,קובץ שיטות קמאי על ערכין,כן,ערכין,ג:,פירוש,לא,
1101,קובץ שיטות קמאי על ערכין,כן,ערכין,ג:,פירוש,לא,
1103,קובץ שיטות קמאי על ערכין,כן,ערכין,ג:,פירוש,לא,
1104,קובץ שיטות קמאי על ערכין,כן,ערכין,ג:,פירוש,לא,
1106,קובץ שיטות קמאי על ערכין,כן,ערכין,ג:,פירוש,לא,
1108,קובץ שיטות קמאי על ערכין,כן,ערכין,ג:,פירוש,לא,
1110,קובץ שיטות קמאי על ערכין,כן,ערכין,ג:,פירוש,לא,
1112,קובץ שיטות קמאי על ערכין,כן,ערכין,ג:,פירוש,לא,
1114,קובץ שיטות קמאי על ערכין,כן,ערכין,ג:,פירוש,לא,
1116,קובץ שיטות קמאי על ערכין,כן,ערכין,ג:,פירוש,לא,
1118,קובץ שיטות קמאי על ערכין,כן,ערכין,ג:,פירוש,לא,
1120,קובץ שיטות קמאי על ערכין,כן,ערכין,ג:,פירוש,לא,
1123,קובץ שיטות קמאי על ערכין,כן,ערכין,ד.,פירוש,לא,
1125,קובץ שיטות קמאי על ערכין,כן,ערכין,ד.,פירוש,לא,
1127,קובץ שיטות קמאי על ערכין,כן,ערכין,ד.,פירוש,לא,
1129,קובץ שיטות קמאי על ערכין,כן,ערכין,ד.,פירוש,לא,
1131,קובץ שיטות קמאי על ערכין,כן,ערכין,ד.,פירוש,לא,
1133,קובץ שיטות קמאי על ערכין,כן,ערכין,ד.,פירוש,לא,
1134,קובץ שיטות קמאי על ערכין,כן,ערכין,ד.,פירוש,לא,
1136,קובץ שיטות קמאי על ערכין,כן,ערכין,ד.,פירוש,לא,
1138,קובץ שיטות קמאי על ערכין,כן,ערכין,ד.,פירוש,לא,
1140,קובץ שיטות קמאי על ערכין,כן,ערכין,ד.,פירוש,לא,
1142,קובץ שיטות קמאי על ערכין,כן,ערכין,ד.,פירוש,לא,
1144,קובץ שיטות קמאי על ערכין,כן,ערכין,ד.,פירוש,לא,
1146,קובץ שיטות קמאי על ערכין,כן,ערכין,ד.,פירוש,לא,
1148,קובץ שיטות קמאי על ערכין,כן,ערכין,ד.,פירוש,לא,
1150,קובץ שיטות קמאי על ערכין,כן,ערכין,ד.,פירוש,לא,
1152,קובץ שיטות קמאי על ערכין,כן,ערכין,ד.,פירוש,לא,
1154,קובץ שיטות קמאי על ערכין,כן,ערכין,ד.,פירוש,לא,
1156,קובץ שיטות קמאי על ערכין,כן,ערכין,ד.,פירוש,לא,
1158,קובץ שיטות קמאי על ערכין,כן,ערכין,ד.,פירוש,לא,
1160,קובץ שיטות קמאי על ערכין,כן,ערכין,ד.,פירוש,לא,
1162,קובץ שיטות קמאי על ערכין,כן,ערכין,ד.,פירוש,לא,
1164,קובץ שיטות קמאי על ערכין,כן,ערכין,ד.,פירוש,לא,
1166,קובץ שיטות קמאי על ערכין,כן,ערכין,ד.,פירוש,לא,
1168,קובץ שיטות קמאי על ערכין,כן,ערכין,ד.,פירוש,לא,
1170,קובץ שיטות קמאי על ערכין,כן,ערכין,ד.,פירוש,לא,
1172,קובץ שיטות קמאי על ערכין,כן,ערכין,ד.,פירוש,לא,
1174,קובץ שיטות קמאי על ערכין,כן,ערכין,ד.,פירוש,לא,
1176,קובץ שיטות קמאי על ערכין,כן,ערכין,ד.,פירוש,לא,
1178,קובץ שיטות קמאי על ערכין,כן,ערכין,ד.,פירוש,לא,
1180,קובץ שיטות קמאי על ערכין,כן,ערכין,ד.,פירוש,לא,
1182,קובץ שיטות קמאי על ערכין,כן,ערכין,ד.,פירוש,לא,
1184,קובץ שיטות קמאי על ערכין,כן,ערכין,ד.,פירוש,לא,
1186,קובץ שיטות קמאי על ערכין,כן,ערכין,ד.,פירוש,לא,
1188,קובץ שיטות קמאי על ערכין,כן,ערכין,ד.,פירוש,לא,
1190,קובץ שיטות קמאי על ערכין,כן,ערכין,ד.,פירוש,לא,
1192,קובץ שיטות קמאי על ערכין,כן,ערכין,ד.,פירוש,לא,
1194,קובץ שיטות קמאי על ערכין,כן,ערכין,ד.,פירוש,לא,
1196,קובץ שיטות קמאי על ערכין,כן,ערכין,ד.,פירוש,לא,
1198,קובץ שיטות קמאי על ערכין,כן,ערכין,ד.,פירוש,לא,
1200,קובץ שיטות קמאי על ערכין,כן,ערכין,ד.,פירוש,לא,
1202,קובץ שיטות קמאי על ערכין,כן,ערכין,ד.,פירוש,לא,
1204,קובץ שיטות קמאי על ערכין,כן,ערכין,ד.,פירוש,לא,
1206,קובץ שיטות קמאי על ערכין,כן,ערכין,ד.,פירוש,לא,
1209,קובץ שיטות קמאי על ערכין,כן,ערכין,ד:,פירוש,לא,
1211,קובץ שיטות קמאי על ערכין,כן,ערכין,ד:,פירוש,לא,
1213,קובץ שיטות קמאי על ערכין,כן,ערכין,ד:,פירוש,לא,
1215,קובץ שיטות קמאי על ערכין,כן,ערכין,ד:,פירוש,לא,
1216,קובץ שיטות קמאי על ערכין,כן,ערכין,ד:,פירוש,לא,
1218,קובץ שיטות קמאי על ערכין,כן,ערכין,ד:,פירוש,לא,
1220,קובץ שיטות קמאי על ערכין,כן,ערכין,ד:,פירוש,לא,
1222,קובץ שיטות קמאי על ערכין,כן,ערכין,ד:,פירוש,לא,
1224,קובץ שיטות קמאי על ערכין,כן,ערכין,ד:,פירוש,לא,
1226,קובץ שיטות קמאי על ערכין,כן,ערכין,ד:,פירוש,לא,
1229,קובץ שיטות קמאי על ערכין,כן,ערכין,ה.,פירוש,לא,
1231,קובץ שיטות קמאי על ערכין,כן,ערכין,ה.,פירוש,לא,
1233,קובץ שיטות קמאי על ערכין,כן,ערכין,ה.,פירוש,לא,
1235,קובץ שיטות קמאי על ערכין,כן,ערכין,ה.,פירוש,לא,
1237,קובץ שיטות קמאי על ערכין,כן,ערכין,ה.,פירוש,לא,
1239,קובץ שיטות קמאי על ערכין,כן,ערכין,ה.,פירוש,לא,
1241,קובץ שיטות קמאי על ערכין,כן,ערכין,ה.,פירוש,לא,
1243,קובץ שיטות קמאי על ערכין,כן,ערכין,ה.,פירוש,לא,
1245,קובץ שיטות קמאי על ערכין,כן,ערכין,ה.,פירוש,לא,
1247,קובץ שיטות קמאי על ערכין,כן,ערכין,ה.,פירוש,לא,
1249,קובץ שיטות קמאי על ערכין,כן,ערכין,ה.,פירוש,לא,
1251,קובץ שיטות קמאי על ערכין,כן,ערכין,ה.,פירוש,לא,
1252,קובץ שיטות קמאי על ערכין,כן,ערכין,ה.,פירוש,לא,
1253,קובץ שיטות קמאי על ערכין,כן,ערכין,ה.,פירוש,לא,
1254,קובץ שיטות קמאי על ערכין,כן,ערכין,ה.,פירוש,לא,
1255,קובץ שיטות קמאי על ערכין,כן,ערכין,ה.,פירוש,לא,
1256,קובץ שיטות קמאי על ערכין,כן,ערכין,ה.,פירוש,לא,
1257,קובץ שיטות קמאי על ערכין,כן,ערכין,ה.,פירוש,לא,
1258,קובץ שיטות קמאי על ערכין,כן,ערכין,ה.,פירוש,לא,
1260,קובץ שיטות קמאי על ערכין,כן,ערכין,ה.,פירוש,לא,
1262,קובץ שיטות קמאי על ערכין,כן,ערכין,ה.,פירוש,לא,
1264,קובץ שיטות קמאי על ערכין,כן,ערכין,ה.,פירוש,לא,
1266,קובץ שיטות קמאי על ערכין,כן,ערכין,ה.,פירוש,לא,
1268,קובץ שיטות קמאי על ערכין,כן,ערכין,ה.,פירוש,לא,
1270,קובץ שיטות קמאי על ערכין,כן,ערכין,ה.,פירוש,לא,
1271,קובץ שיטות קמאי על ערכין,כן,ערכין,ה.,פירוש,לא,
1273,קובץ שיטות קמאי על ערכין,כן,ערכין,ה.,פירוש,לא,
1275,קובץ שיטות קמאי על ערכין,כן,ערכין,ה.,פירוש,לא,
1277,קובץ שיטות קמאי על ערכין,כן,ערכין,ה.,פירוש,לא,
1279,קובץ שיטות קמאי על ערכין,כן,ערכין,ה.,פירוש,לא,
1281,קובץ שיטות קמאי על ערכין,כן,ערכין,ה.,פירוש,לא,
1283,קובץ שיטות קמאי על ערכין,כן,ערכין,ה.,פירוש,לא,
1286,קובץ שיטות קמאי על ערכין,כן,ערכין,ה:,פירוש,לא,
1288,קובץ שיטות קמאי על ערכין,כן,ערכין,ה:,פירוש,לא,
1290,קובץ שיטות קמאי על ערכין,כן,ערכין,ה:,פירוש,לא,
1292,קובץ שיטות קמאי על ערכין,כן,ערכין,ה:,פירוש,לא,
1294,קובץ שיטות קמאי על ערכין,כן,ערכין,ה:,פירוש,לא,
1296,קובץ שיטות קמאי על ערכין,כן,ערכין,ה:,פירוש,לא,
1298,קובץ שיטות קמאי על ערכין,כן,ערכין,ה:,פירוש,לא,
1300,קובץ שיטות קמאי על ערכין,כן,ערכין,ה:,פירוש,לא,
1302,קובץ שיטות קמאי על ערכין,כן,ערכין,ה:,פירוש,לא,
1304,קובץ שיטות קמאי על ערכין,כן,ערכין,ה:,פירוש,לא,
1306,קובץ שיטות קמאי על ערכין,כן,ערכין,ה:,פירוש,לא,
1308,קובץ שיטות קמאי על ערכין,כן,ערכין,ה:,פירוש,לא,
1310,קובץ שיטות קמאי על ערכין,כן,ערכין,ה:,פירוש,לא,
1312,קובץ שיטות קמאי על ערכין,כן,ערכין,ה:,פירוש,לא,
1314,קובץ שיטות קמאי על ערכין,כן,ערכין,ה:,פירוש,לא,
1316,קובץ שיטות קמאי על ערכין,כן,ערכין,ה:,פירוש,לא,
1318,קובץ שיטות קמאי על ערכין,כן,ערכין,ה:,פירוש,לא,
1320,קובץ שיטות קמאי על ערכין,כן,ערכין,ה:,פירוש,לא,
1323,קובץ שיטות קמאי על ערכין,כן,ערכין,ו.,פירוש,לא,
1325,קובץ שיטות קמאי על ערכין,כן,ערכין,ו.,פירוש,לא,
1327,קובץ שיטות קמאי על ערכין,כן,ערכין,ו.,פירוש,לא,
1329,קובץ שיטות קמאי על ערכין,כן,ערכין,ו.,פירוש,לא,
1331,קובץ שיטות קמאי על ערכין,כן,ערכין,ו.,פירוש,לא,
1332,קובץ שיטות קמאי על ערכין,כן,ערכין,ו.,פירוש,לא,
1334,קובץ שיטות קמאי על ערכין,כן,ערכין,ו.,פירוש,לא,
1336,קובץ שיטות קמאי על ערכין,כן,ערכין,ו.,פירוש,לא,
1338,קובץ שיטות קמאי על ערכין,כן,ערכין,ו.,פירוש,לא,
1340,קובץ שיטות קמאי על ערכין,כן,ערכין,ו.,פירוש,לא,
1342,קובץ שיטות קמאי על ערכין,כן,ערכין,ו.,פירוש,לא,
1344,קובץ שיטות קמאי על ערכין,כן,ערכין,ו.,פירוש,לא,
1346,קובץ שיטות קמאי על ערכין,כן,ערכין,ו.,פירוש,לא,
1347,קובץ שיטות קמאי על ערכין,כן,ערכין,ו.,פירוש,לא,
1349,קובץ שיטות קמאי על ערכין,כן,ערכין,ו.,פירוש,לא,
1351,קובץ שיטות קמאי על ערכין,כן,ערכין,ו.,פירוש,לא,
1353,קובץ שיטות קמאי על ערכין,כן,ערכין,ו.,פירוש,לא,
1355,קובץ שיטות קמאי על ערכין,כן,ערכין,ו.,פירוש,לא,
1357,קובץ שיטות קמאי על ערכין,כן,ערכין,ו.,פירוש,לא,
1359,קובץ שיטות קמאי על ערכין,כן,ערכין,ו.,פירוש,לא,
1361,קובץ שיטות קמאי על ערכין,כן,ערכין,ו.,פירוש,לא,
1363,קובץ שיטות קמאי על ערכין,כן,ערכין,ו.,פירוש,לא,
1365,קובץ שיטות קמאי על ערכין,כן,ערכין,ו.,פירוש,לא,
1367,קובץ שיטות קמאי על ערכין,כן,ערכין,ו.,פירוש,לא,
1369,קובץ שיטות קמאי על ערכין,כן,ערכין,ו.,פירוש,לא,
1371,קובץ שיטות קמאי על ערכין,כן,ערכין,ו.,פירוש,לא,
1372,קובץ שיטות קמאי על ערכין,כן,ערכין,ו.,פירוש,לא,
1373,קובץ שיטות קמאי על ערכין,כן,ערכין,ו.,פירוש,לא,
1374,קובץ שיטות קמאי על ערכין,כן,ערכין,ו.,פירוש,לא,
1375,קובץ שיטות קמאי על ערכין,כן,ערכין,ו.,פירוש,לא,
1376,קובץ שיטות קמאי על ערכין,כן,ערכין,ו.,פירוש,לא,
1378,קובץ שיטות קמאי על ערכין,כן,ערכין,ו.,פירוש,לא,
1380,קובץ שיטות קמאי על ערכין,כן,ערכין,ו.,פירוש,לא,
1381,קובץ שיטות קמאי על ערכין,כן,ערכין,ו.,פירוש,לא,
1382,קובץ שיטות קמאי על ערכין,כן,ערכין,ו.,פירוש,לא,
1383,קובץ שיטות קמאי על ערכין,כן,ערכין,ו.,פירוש,לא,
1384,קובץ שיטות קמאי על ערכין,כן,ערכין,ו.,פירוש,לא,
1386,קובץ שיטות קמאי על ערכין,כן,ערכין,ו.,פירוש,לא,
1388,קובץ שיטות קמאי על ערכין,כן,ערכין,ו.,פירוש,לא,
1390,קובץ שיטות קמאי על ערכין,כן,ערכין,ו.,פירוש,לא,
1392,קובץ שיטות קמאי על ערכין,כן,ערכין,ו.,פירוש,לא,
1394,קובץ שיטות קמאי על ערכין,כן,ערכין,ו.,פירוש,לא,
1396,קובץ שיטות קמאי על ערכין,כן,ערכין,ו.,פירוש,לא,
1398,קובץ שיטות קמאי על ערכין,כן,ערכין,ו.,פירוש,לא,
1400,קובץ שיטות קמאי על ערכין,כן,ערכין,ו.,פירוש,לא,
1402,קובץ שיטות קמאי על ערכין,כן,ערכין,ו.,פירוש,לא,
1404,קובץ שיטות קמאי על ערכין,כן,ערכין,ו.,פירוש,לא,
1406,קובץ שיטות קמאי על ערכין,כן,ערכין,ו.,פירוש,לא,
1408,קובץ שיטות קמאי על ערכין,כן,ערכין,ו.,פירוש,לא,
1410,קובץ שיטות קמאי על ערכין,כן,ערכין,ו.,פירוש,לא,
1412,קובץ שיטות קמאי על ערכין,כן,ערכין,ו.,פירוש,לא,
1413,קובץ שיטות קמאי על ערכין,כן,ערכין,ו.,פירוש,לא,
1415,קובץ שיטות קמאי על ערכין,כן,ערכין,ו.,פירוש,לא,
1417,קובץ שיטות קמאי על ערכין,כן,ערכין,ו.,פירוש,לא,
1419,קובץ שיטות קמאי על ערכין,כן,ערכין,ו.,פירוש,לא,
1421,קובץ שיטות קמאי על ערכין,כן,ערכין,ו.,פירוש,לא,
1423,קובץ שיטות קמאי על ערכין,כן,ערכין,ו.,פירוש,לא,
1425,קובץ שיטות קמאי על ערכין,כן,ערכין,ו.,פירוש,לא,
1427,קובץ שיטות קמאי על ערכין,כן,ערכין,ו.,פירוש,לא,
1429,קובץ שיטות קמאי על ערכין,כן,ערכין,ו.,פירוש,לא,
1430,קובץ שיטות קמאי על ערכין,כן,ערכין,ו.,פירוש,לא,
1431,קובץ שיטות קמאי על ערכין,כן,ערכין,ו.,פירוש,לא,
1432,קובץ שיטות קמאי על ערכין,כן,ערכין,ו.,פירוש,לא,
1433,קובץ שיטות קמאי על ערכין,כן,ערכין,ו.,פירוש,לא,
1434,קובץ שיטות קמאי על ערכין,כן,ערכין,ו.,פירוש,לא,
1435,קובץ שיטות קמאי על ערכין,כן,ערכין,ו.,פירוש,לא,
1436,קובץ שיטות קמאי על ערכין,כן,ערכין,ו.,פירוש,לא,
1438,קובץ שיטות קמאי על ערכין,כן,ערכין,ו.,פירוש,לא,
1440,קובץ שיטות קמאי על ערכין,כן,ערכין,ו.,פירוש,לא,
1442,קובץ שיטות קמאי על ערכין,כן,ערכין,ו.,פירוש,לא,
1444,קובץ שיטות קמאי על ערכין,כן,ערכין,ו.,פירוש,לא,
1446,קובץ שיטות קמאי על ערכין,כן,ערכין,ו.,פירוש,לא,
1448,קובץ שיטות קמאי על ערכין,כן,ערכין,ו.,פירוש,לא,
1450,קובץ שיטות קמאי על ערכין,כן,ערכין,ו.,פירוש,לא,
1452,קובץ שיטות קמאי על ערכין,כן,ערכין,ו.,פירוש,לא,
1453,קובץ שיטות קמאי על ערכין,כן,ערכין,ו.,פירוש,לא,
1454,קובץ שיטות קמאי על ערכין,כן,ערכין,ו.,פירוש,לא,
1456,קובץ שיטות קמאי על ערכין,כן,ערכין,ו.,פירוש,לא,
1458,קובץ שיטות קמאי על ערכין,כן,ערכין,ו.,פירוש,לא,
1460,קובץ שיטות קמאי על ערכין,כן,ערכין,ו.,פירוש,לא,
1462,קובץ שיטות קמאי על ערכין,כן,ערכין,ו.,פירוש,לא,
1464,קובץ שיטות קמאי על ערכין,כן,ערכין,ו.,פירוש,לא,
1466,קובץ שיטות קמאי על ערכין,כן,ערכין,ו.,פירוש,לא,
1468,קובץ שיטות קמאי על ערכין,כן,ערכין,ו.,פירוש,לא,
1470,קובץ שיטות קמאי על ערכין,כן,ערכין,ו.,פירוש,לא,
1472,קובץ שיטות קמאי על ערכין,כן,ערכין,ו.,פירוש,לא,
1474,קובץ שיטות קמאי על ערכין,כן,ערכין,ו.,פירוש,לא,
1476,קובץ שיטות קמאי על ערכין,כן,ערכין,ו.,פירוש,לא,
1478,קובץ שיטות קמאי על ערכין,כן,ערכין,ו.,פירוש,לא,
1480,קובץ שיטות קמאי על ערכין,כן,ערכין,ו.,פירוש,לא,
1482,קובץ שיטות קמאי על ערכין,כן,ערכין,ו.,פירוש,לא,
1484,קובץ שיטות קמאי על ערכין,כן,ערכין,ו.,פירוש,לא,
1485,קובץ שיטות קמאי על ערכין,כן,ערכין,ו.,פירוש,לא,
1486,קובץ שיטות קמאי על ערכין,כן,ערכין,ו.,פירוש,לא,
1487,קובץ שיטות קמאי על ערכין,כן,ערכין,ו.,פירוש,לא,
1488,קובץ שיטות קמאי על ערכין,כן,ערכין,ו.,פירוש,לא,
1489,קובץ שיטות קמאי על ערכין,כן,ערכין,ו.,פירוש,לא,
1491,קובץ שיטות קמאי על ערכין,כן,ערכין,ו.,פירוש,לא,
1493,קובץ שיטות קמאי על ערכין,כן,ערכין,ו.,פירוש,לא,
1495,קובץ שיטות קמאי על ערכין,כן,ערכין,ו.,פירוש,לא,
1497,קובץ שיטות קמאי על ערכין,כן,ערכין,ו.,פירוש,לא,
1500,קובץ שיטות קמאי על ערכין,כן,ערכין,ו:,פירוש,לא,
1502,קובץ שיטות קמאי על ערכין,כן,ערכין,ו:,פירוש,לא,
1504,קובץ שיטות קמאי על ערכין,כן,ערכין,ו:,פירוש,לא,
1506,קובץ שיטות קמאי על ערכין,כן,ערכין,ו:,פירוש,לא,
1508,קובץ שיטות קמאי על ערכין,כן,ערכין,ו:,פירוש,לא,
1510,קובץ שיטות קמאי על ערכין,כן,ערכין,ו:,פירוש,לא,
1512,קובץ שיטות קמאי על ערכין,כן,ערכין,ו:,פירוש,לא,
1514,קובץ שיטות קמאי על ערכין,כן,ערכין,ו:,פירוש,לא,
1516,קובץ שיטות קמאי על ערכין,כן,ערכין,ו:,פירוש,לא,
1518,קובץ שיטות קמאי על ערכין,כן,ערכין,ו:,פירוש,לא,
1520,קובץ שיטות קמאי על ערכין,כן,ערכין,ו:,פירוש,לא,
1521,קובץ שיטות קמאי על ערכין,כן,ערכין,ו:,פירוש,לא,
1523,קובץ שיטות קמאי על ערכין,כן,ערכין,ו:,פירוש,לא,
1525,קובץ שיטות קמאי על ערכין,כן,ערכין,ו:,פירוש,לא,
1527,קובץ שיטות קמאי על ערכין,כן,ערכין,ו:,פירוש,לא,
1528,קובץ שיטות קמאי על ערכין,כן,ערכין,ו:,פירוש,לא,
1530,קובץ שיטות קמאי על ערכין,כן,ערכין,ו:,פירוש,לא,
1532,קובץ שיטות קמאי על ערכין,כן,ערכין,ו:,פירוש,לא,
1534,קובץ שיטות קמאי על ערכין,כן,ערכין,ו:,פירוש,לא,
1536,קובץ שיטות קמאי על ערכין,כן,ערכין,ו:,פירוש,לא,
1538,קובץ שיטות קמאי על ערכין,כן,ערכין,ו:,פירוש,לא,
1540,קובץ שיטות קמאי על ערכין,כן,ערכין,ו:,פירוש,לא,
1542,קובץ שיטות קמאי על ערכין,כן,ערכין,ו:,פירוש,לא,
1544,קובץ שיטות קמאי על ערכין,כן,ערכין,ו:,פירוש,לא,
1546,קובץ שיטות קמאי על ערכין,כן,ערכין,ו:,פירוש,לא,
1547,קובץ שיטות קמאי על ערכין,כן,ערכין,ו:,פירוש,לא,
1548,קובץ שיטות קמאי על ערכין,כן,ערכין,ו:,פירוש,לא,
1549,קובץ שיטות קמאי על ערכין,כן,ערכין,ו:,פירוש,לא,
1551,קובץ שיטות קמאי על ערכין,כן,ערכין,ו:,פירוש,לא,
1553,קובץ שיטות קמאי על ערכין,כן,ערכין,ו:,פירוש,לא,
1555,קובץ שיטות קמאי על ערכין,כן,ערכין,ו:,פירוש,לא,
1557,קובץ שיטות קמאי על ערכין,כן,ערכין,ו:,פירוש,לא,
1559,קובץ שיטות קמאי על ערכין,כן,ערכין,ו:,פירוש,לא,
1561,קובץ שיטות קמאי על ערכין,כן,ערכין,ו:,פירוש,לא,
1563,קובץ שיטות קמאי על ערכין,כן,ערכין,ו:,פירוש,לא,
1565,קובץ שיטות קמאי על ערכין,כן,ערכין,ו:,פירוש,לא,
1567,קובץ שיטות קמאי על ערכין,כן,ערכין,ו:,פירוש,לא,
1569,קובץ שיטות קמאי על ערכין,כן,ערכין,ו:,פירוש,לא,
1571,קובץ שיטות קמאי על ערכין,כן,ערכין,ו:,פירוש,לא,
1573,קובץ שיטות קמאי על ערכין,כן,ערכין,ו:,פירוש,לא,
1575,קובץ שיטות קמאי על ערכין,כן,ערכין,ו:,פירוש,לא,
1577,קובץ שיטות קמאי על ערכין,כן,ערכין,ו:,פירוש,לא,
1579,קובץ שיטות קמאי על ערכין,כן,ערכין,ו:,פירוש,לא,
1580,קובץ שיטות קמאי על ערכין,כן,ערכין,ו:,פירוש,לא,
1582,קובץ שיטות קמאי על ערכין,כן,ערכין,ו:,פירוש,לא,
1584,קובץ שיטות קמאי על ערכין,כן,ערכין,ו:,פירוש,לא,
1586,קובץ שיטות קמאי על ערכין,כן,ערכין,ו:,פירוש,לא,
1587,קובץ שיטות קמאי על ערכין,כן,ערכין,ו:,פירוש,לא,
1588,קובץ שיטות קמאי על ערכין,כן,ערכין,ו:,פירוש,לא,
1589,קובץ שיטות קמאי על ערכין,כן,ערכין,ו:,פירוש,לא,
1590,קובץ שיטות קמאי על ערכין,כן,ערכין,ו:,פירוש,לא,
1592,קובץ שיטות קמאי על ערכין,כן,ערכין,ו:,פירוש,לא,
1594,קובץ שיטות קמאי על ערכין,כן,ערכין,ו:,פירוש,לא,
1596,קובץ שיטות קמאי על ערכין,כן,ערכין,ו:,פירוש,לא,
1598,קובץ שיטות קמאי על ערכין,כן,ערכין,ו:,פירוש,לא,
1600,קובץ שיטות קמאי על ערכין,כן,ערכין,ו:,פירוש,לא,
1602,קובץ שיטות קמאי על ערכין,כן,ערכין,ו:,פירוש,לא,
1604,קובץ שיטות קמאי על ערכין,כן,ערכין,ו:,פירוש,לא,
1606,קובץ שיטות קמאי על ערכין,כן,ערכין,ו:,פירוש,לא,
1608,קובץ שיטות קמאי על ערכין,כן,ערכין,ו:,פירוש,לא,
1610,קובץ שיטות קמאי על ערכין,כן,ערכין,ו:,פירוש,לא,
1612,קובץ שיטות קמאי על ערכין,כן,ערכין,ו:,פירוש,לא,
1614,קובץ שיטות קמאי על ערכין,כן,ערכין,ו:,פירוש,לא,
1616,קובץ שיטות קמאי על ערכין,כן,ערכין,ו:,פירוש,לא,
1618,קובץ שיטות קמאי על ערכין,כן,ערכין,ו:,פירוש,לא,
1620,קובץ שיטות קמאי על ערכין,כן,ערכין,ו:,פירוש,לא,
1622,קובץ שיטות קמאי על ערכין,כן,ערכין,ו:,פירוש,לא,
1624,קובץ שיטות קמאי על ערכין,כן,ערכין,ו:,פירוש,לא,
1626,קובץ שיטות קמאי על ערכין,כן,ערכין,ו:,פירוש,לא,
1628,קובץ שיטות קמאי על ערכין,כן,ערכין,ו:,פירוש,לא,
1629,קובץ שיטות קמאי על ערכין,כן,ערכין,ו:,פירוש,לא,
1631,קובץ שיטות קמאי על ערכין,כן,ערכין,ו:,פירוש,לא,
1632,קובץ שיטות קמאי על ערכין,כן,ערכין,ו:,פירוש,לא,
1634,קובץ שיטות קמאי על ערכין,כן,ערכין,ו:,פירוש,לא,
1636,קובץ שיטות קמאי על ערכין,כן,ערכין,ו:,פירוש,לא,
1638,קובץ שיטות קמאי על ערכין,כן,ערכין,ו:,פירוש,לא,
1640,קובץ שיטות קמאי על ערכין,כן,ערכין,ו:,פירוש,לא,
1642,קובץ שיטות קמאי על ערכין,כן,ערכין,ו:,פירוש,לא,
1644,קובץ שיטות קמאי על ערכין,כן,ערכין,ו:,פירוש,לא,
1646,קובץ שיטות קמאי על ערכין,כן,ערכין,ו:,פירוש,לא,
1648,קובץ שיטות קמאי על ערכין,כן,ערכין,ו:,פירוש,לא,
1650,קובץ שיטות קמאי על ערכין,כן,ערכין,ו:,פירוש,לא,
1652,קובץ שיטות קמאי על ערכין,כן,ערכין,ו:,פירוש,לא,
1653,קובץ שיטות קמאי על ערכין,כן,ערכין,ו:,פירוש,לא,
1655,קובץ שיטות קמאי על ערכין,כן,ערכין,ו:,פירוש,לא,
1656,קובץ שיטות קמאי על ערכין,כן,ערכין,ו:,פירוש,לא,
1658,קובץ שיטות קמאי על ערכין,כן,ערכין,ו:,פירוש,לא,
1660,קובץ שיטות קמאי על ערכין,כן,ערכין,ו:,פירוש,לא,
1662,קובץ שיטות קמאי על ערכין,כן,ערכין,ו:,פירוש,לא,
1663,קובץ שיטות קמאי על ערכין,כן,ערכין,ו:,פירוש,לא,
1664,קובץ שיטות קמאי על ערכין,כן,ערכין,ו:,פירוש,לא,
1666,קובץ שיטות קמאי על ערכין,כן,ערכין,ו:,פירוש,לא,
1667,קובץ שיטות קמאי על ערכין,כן,ערכין,ו:,פירוש,לא,
1669,קובץ שיטות קמאי על ערכין,כן,ערכין,ו:,פירוש,לא,
1671,קובץ שיטות קמאי על ערכין,כן,ערכין,ו:,פירוש,לא,
1673,קובץ שיטות קמאי על ערכין,כן,ערכין,ו:,פירוש,לא,
1675,קובץ שיטות קמאי על ערכין,כן,ערכין,ו:,פירוש,לא,
1677,קובץ שיטות קמאי על ערכין,כן,ערכין,ו:,פירוש,לא,
1679,קובץ שיטות קמאי על ערכין,כן,ערכין,ו:,פירוש,לא,
1681,קובץ שיטות קמאי על ערכין,כן,ערכין,ו:,פירוש,לא,
1683,קובץ שיטות קמאי על ערכין,כן,ערכין,ו:,פירוש,לא,
1685,קובץ שיטות קמאי על ערכין,כן,ערכין,ו:,פירוש,לא,
1687,קובץ שיטות קמאי על ערכין,כן,ערכין,ו:,פירוש,לא,
1689,קובץ שיטות קמאי על ערכין,כן,ערכין,ו:,פירוש,לא,
1691,קובץ שיטות קמאי על ערכין,כן,ערכין,ו:,פירוש,לא,
1693,קובץ שיטות קמאי על ערכין,כן,ערכין,ו:,פירוש,לא,
1695,קובץ שיטות קמאי על ערכין,כן,ערכין,ו:,פירוש,לא,
1697,קובץ שיטות קמאי על ערכין,כן,ערכין,ו:,פירוש,לא,
1699,קובץ שיטות קמאי על ערכין,כן,ערכין,ו:,פירוש,לא,
1701,קובץ שיטות קמאי על ערכין,כן,ערכין,ו:,פירוש,לא,
1702,קובץ שיטות קמאי על ערכין,כן,ערכין,ו:,פירוש,לא,
1704,קובץ שיטות קמאי על ערכין,כן,ערכין,ו:,פירוש,לא,
1706,קובץ שיטות קמאי על ערכין,כן,ערכין,ו:,פירוש,לא,
1708,קובץ שיטות קמאי על ערכין,כן,ערכין,ו:,פירוש,לא,
1711,קובץ שיטות קמאי על ערכין,כן,ערכין,ז.,פירוש,לא,
1713,קובץ שיטות קמאי על ערכין,כן,ערכין,ז.,פירוש,לא,
1715,קובץ שיטות קמאי על ערכין,כן,ערכין,ז.,פירוש,לא,
1717,קובץ שיטות קמאי על ערכין,כן,ערכין,ז.,פירוש,לא,
1719,קובץ שיטות קמאי על ערכין,כן,ערכין,ז.,פירוש,לא,
1721,קובץ שיטות קמאי על ערכין,כן,ערכין,ז.,פירוש,לא,
1723,קובץ שיטות קמאי על ערכין,כן,ערכין,ז.,פירוש,לא,
1725,קובץ שיטות קמאי על ערכין,כן,ערכין,ז.,פירוש,לא,
1727,קובץ שיטות קמאי על ערכין,כן,ערכין,ז.,פירוש,לא,
1728,קובץ שיטות קמאי על ערכין,כן,ערכין,ז.,פירוש,לא,
1729,קובץ שיטות קמאי על ערכין,כן,ערכין,ז.,פירוש,לא,
1730,קובץ שיטות קמאי על ערכין,כן,ערכין,ז.,פירוש,לא,
1732,קובץ שיטות קמאי על ערכין,כן,ערכין,ז.,פירוש,לא,
1733,קובץ שיטות קמאי על ערכין,כן,ערכין,ז.,פירוש,לא,
1735,קובץ שיטות קמאי על ערכין,כן,ערכין,ז.,פירוש,לא,
1737,קובץ שיטות קמאי על ערכין,כן,ערכין,ז.,פירוש,לא,
1739,קובץ שיטות קמאי על ערכין,כן,ערכין,ז.,פירוש,לא,
1741,קובץ שיטות קמאי על ערכין,כן,ערכין,ז.,פירוש,לא,
1743,קובץ שיטות קמאי על ערכין,כן,ערכין,ז.,פירוש,לא,
1745,קובץ שיטות קמאי על ערכין,כן,ערכין,ז.,פירוש,לא,
1747,קובץ שיטות קמאי על ערכין,כן,ערכין,ז.,פירוש,לא,
1749,קובץ שיטות קמאי על ערכין,כן,ערכין,ז.,פירוש,לא,
1751,קובץ שיטות קמאי על ערכין,כן,ערכין,ז.,פירוש,לא,
1753,קובץ שיטות קמאי על ערכין,כן,ערכין,ז.,פירוש,לא,
1755,קובץ שיטות קמאי על ערכין,כן,ערכין,ז.,פירוש,לא,
1757,קובץ שיטות קמאי על ערכין,כן,ערכין,ז.,פירוש,לא,
1759,קובץ שיטות קמאי על ערכין,כן,ערכין,ז.,פירוש,לא,
1761,קובץ שיטות קמאי על ערכין,כן,ערכין,ז.,פירוש,לא,
1763,קובץ שיטות קמאי על ערכין,כן,ערכין,ז.,פירוש,לא,
1765,קובץ שיטות קמאי על ערכין,כן,ערכין,ז.,פירוש,לא,
1767,קובץ שיטות קמאי על ערכין,כן,ערכין,ז.,פירוש,לא,
1769,קובץ שיטות קמאי על ערכין,כן,ערכין,ז.,פירוש,לא,
1771,קובץ שיטות קמאי על ערכין,כן,ערכין,ז.,פירוש,לא,
1773,קובץ שיטות קמאי על ערכין,כן,ערכין,ז.,פירוש,לא,
1775,קובץ שיטות קמאי על ערכין,כן,ערכין,ז.,פירוש,לא,
1777,קובץ שיטות קמאי על ערכין,כן,ערכין,ז.,פירוש,לא,
1779,קובץ שיטות קמאי על ערכין,כן,ערכין,ז.,פירוש,לא,
1780,קובץ שיטות קמאי על ערכין,כן,ערכין,ז.,פירוש,לא,
1781,קובץ שיטות קמאי על ערכין,כן,ערכין,ז.,פירוש,לא,
1783,קובץ שיטות קמאי על ערכין,כן,ערכין,ז.,פירוש,לא,
1785,קובץ שיטות קמאי על ערכין,כן,ערכין,ז.,פירוש,לא,
1787,קובץ שיטות קמאי על ערכין,כן,ערכין,ז.,פירוש,לא,
1789,קובץ שיטות קמאי על ערכין,כן,ערכין,ז.,פירוש,לא,
1791,קובץ שיטות קמאי על ערכין,כן,ערכין,ז.,פירוש,לא,
1793,קובץ שיטות קמאי על ערכין,כן,ערכין,ז.,פירוש,לא,
1795,קובץ שיטות קמאי על ערכין,כן,ערכין,ז.,פירוש,לא,
1797,קובץ שיטות קמאי על ערכין,כן,ערכין,ז.,פירוש,לא,
1799,קובץ שיטות קמאי על ערכין,כן,ערכין,ז.,פירוש,לא,
1801,קובץ שיטות קמאי על ערכין,כן,ערכין,ז.,פירוש,לא,
1803,קובץ שיטות קמאי על ערכין,כן,ערכין,ז.,פירוש,לא,
1805,קובץ שיטות קמאי על ערכין,כן,ערכין,ז.,פירוש,לא,
1806,קובץ שיטות קמאי על ערכין,כן,ערכין,ז.,פירוש,לא,
1808,קובץ שיטות קמאי על ערכין,כן,ערכין,ז.,פירוש,לא,
1810,קובץ שיטות קמאי על ערכין,כן,ערכין,ז.,פירוש,לא,
1812,קובץ שיטות קמאי על ערכין,כן,ערכין,ז.,פירוש,לא,
1814,קובץ שיטות קמאי על ערכין,כן,ערכין,ז.,פירוש,לא,
1816,קובץ שיטות קמאי על ערכין,כן,ערכין,ז.,פירוש,לא,
1818,קובץ שיטות קמאי על ערכין,כן,ערכין,ז.,פירוש,לא,
1820,קובץ שיטות קמאי על ערכין,כן,ערכין,ז.,פירוש,לא,
1822,קובץ שיטות קמאי על ערכין,כן,ערכין,ז.,פירוש,לא,
1823,קובץ שיטות קמאי על ערכין,כן,ערכין,ז.,פירוש,לא,
1824,קובץ שיטות קמאי על ערכין,כן,ערכין,ז.,פירוש,לא,
1825,קובץ שיטות קמאי על ערכין,כן,ערכין,ז.,פירוש,לא,
1827,קובץ שיטות קמאי על ערכין,כן,ערכין,ז.,פירוש,לא,
1829,קובץ שיטות קמאי על ערכין,כן,ערכין,ז.,פירוש,לא,
1830,קובץ שיטות קמאי על ערכין,כן,ערכין,ז.,פירוש,לא,
1832,קובץ שיטות קמאי על ערכין,כן,ערכין,ז.,פירוש,לא,
1834,קובץ שיטות קמאי על ערכין,כן,ערכין,ז.,פירוש,לא,
1836,קובץ שיטות קמאי על ערכין,כן,ערכין,ז.,פירוש,לא,
1838,קובץ שיטות קמאי על ערכין,כן,ערכין,ז.,פירוש,לא,
1840,קובץ שיטות קמאי על ערכין,כן,ערכין,ז.,פירוש,לא,
1842,קובץ שיטות קמאי על ערכין,כן,ערכין,ז.,פירוש,לא,
1844,קובץ שיטות קמאי על ערכין,כן,ערכין,ז.,פירוש,לא,
1846,קובץ שיטות קמאי על ערכין,כן,ערכין,ז.,פירוש,לא,
1848,קובץ שיטות קמאי על ערכין,כן,ערכין,ז.,פירוש,לא,
1851,קובץ שיטות קמאי על ערכין,כן,ערכין,ז:,פירוש,לא,
1853,קובץ שיטות קמאי על ערכין,כן,ערכין,ז:,פירוש,לא,
1855,קובץ שיטות קמאי על ערכין,כן,ערכין,ז:,פירוש,לא,
1857,קובץ שיטות קמאי על ערכין,כן,ערכין,ז:,פירוש,לא,
1859,קובץ שיטות קמאי על ערכין,כן,ערכין,ז:,פירוש,לא,
1861,קובץ שיטות קמאי על ערכין,כן,ערכין,ז:,פירוש,לא,
1863,קובץ שיטות קמאי על ערכין,כן,ערכין,ז:,פירוש,לא,
1865,קובץ שיטות קמאי על ערכין,כן,ערכין,ז:,פירוש,לא,
1867,קובץ שיטות קמאי על ערכין,כן,ערכין,ז:,פירוש,לא,
1869,קובץ שיטות קמאי על ערכין,כן,ערכין,ז:,פירוש,לא,
1871,קובץ שיטות קמאי על ערכין,כן,ערכין,ז:,פירוש,לא,
1873,קובץ שיטות קמאי על ערכין,כן,ערכין,ז:,פירוש,לא,
1875,קובץ שיטות קמאי על ערכין,כן,ערכין,ז:,פירוש,לא,
1877,קובץ שיטות קמאי על ערכין,כן,ערכין,ז:,פירוש,לא,
1879,קובץ שיטות קמאי על ערכין,כן,ערכין,ז:,פירוש,לא,
1881,קובץ שיטות קמאי על ערכין,כן,ערכין,ז:,פירוש,לא,
1883,קובץ שיטות קמאי על ערכין,כן,ערכין,ז:,פירוש,לא,
1884,קובץ שיטות קמאי על ערכין,כן,ערכין,ז:,פירוש,לא,
1886,קובץ שיטות קמאי על ערכין,כן,ערכין,ז:,פירוש,לא,
1888,קובץ שיטות קמאי על ערכין,כן,ערכין,ז:,פירוש,לא,
1890,קובץ שיטות קמאי על ערכין,כן,ערכין,ז:,פירוש,לא,
1892,קובץ שיטות קמאי על ערכין,כן,ערכין,ז:,פירוש,לא,
1894,קובץ שיטות קמאי על ערכין,כן,ערכין,ז:,פירוש,לא,
1896,קובץ שיטות קמאי על ערכין,כן,ערכין,ז:,פירוש,לא,
1897,קובץ שיטות קמאי על ערכין,כן,ערכין,ז:,פירוש,לא,
1899,קובץ שיטות קמאי על ערכין,כן,ערכין,ז:,פירוש,לא,
1901,קובץ שיטות קמאי על ערכין,כן,ערכין,ז:,פירוש,לא,
1903,קובץ שיטות קמאי על ערכין,כן,ערכין,ז:,פירוש,לא,
1905,קובץ שיטות קמאי על ערכין,כן,ערכין,ז:,פירוש,לא,
1907,קובץ שיטות קמאי על ערכין,כן,ערכין,ז:,פירוש,לא,
1909,קובץ שיטות קמאי על ערכין,כן,ערכין,ז:,פירוש,לא,
1911,קובץ שיטות קמאי על ערכין,כן,ערכין,ז:,פירוש,לא,
1913,קובץ שיטות קמאי על ערכין,כן,ערכין,ז:,פירוש,לא,
1915,קובץ שיטות קמאי על ערכין,כן,ערכין,ז:,פירוש,לא,
1917,קובץ שיטות קמאי על ערכין,כן,ערכין,ז:,פירוש,לא,
1919,קובץ שיטות קמאי על ערכין,כן,ערכין,ז:,פירוש,לא,
1921,קובץ שיטות קמאי על ערכין,כן,ערכין,ז:,פירוש,לא,
1923,קובץ שיטות קמאי על ערכין,כן,ערכין,ז:,פירוש,לא,
1925,קובץ שיטות קמאי על ערכין,כן,ערכין,ז:,פירוש,לא,
1927,קובץ שיטות קמאי על ערכין,כן,ערכין,ז:,פירוש,לא,
1929,קובץ שיטות קמאי על ערכין,כן,ערכין,ז:,פירוש,לא,
1931,קובץ שיטות קמאי על ערכין,כן,ערכין,ז:,פירוש,לא,
1933,קובץ שיטות קמאי על ערכין,כן,ערכין,ז:,פירוש,לא,
1935,קובץ שיטות קמאי על ערכין,כן,ערכין,ז:,פירוש,לא,
1937,קובץ שיטות קמאי על ערכין,כן,ערכין,ז:,פירוש,לא,
1939,קובץ שיטות קמאי על ערכין,כן,ערכין,ז:,פירוש,לא,
1941,קובץ שיטות קמאי על ערכין,כן,ערכין,ז:,פירוש,לא,
1943,קובץ שיטות קמאי על ערכין,כן,ערכין,ז:,פירוש,לא,
1945,קובץ שיטות קמאי על ערכין,כן,ערכין,ז:,פירוש,לא,
1947,קובץ שיטות קמאי על ערכין,כן,ערכין,ז:,פירוש,לא,
1948,קובץ שיטות קמאי על ערכין,כן,ערכין,ז:,פירוש,לא,
1950,קובץ שיטות קמאי על ערכין,כן,ערכין,ז:,פירוש,לא,
1952,קובץ שיטות קמאי על ערכין,כן,ערכין,ז:,פירוש,לא,
1954,קובץ שיטות קמאי על ערכין,כן,ערכין,ז:,פירוש,לא,
1956,קובץ שיטות קמאי על ערכין,כן,ערכין,ז:,פירוש,לא,
1958,קובץ שיטות קמאי על ערכין,כן,ערכין,ז:,פירוש,לא,
1959,קובץ שיטות קמאי על ערכין,כן,ערכין,ז:,פירוש,לא,
1961,קובץ שיטות קמאי על ערכין,כן,ערכין,ז:,פירוש,לא,
1963,קובץ שיטות קמאי על ערכין,כן,ערכין,ז:,פירוש,לא,
1965,קובץ שיטות קמאי על ערכין,כן,ערכין,ז:,פירוש,לא,
1967,קובץ שיטות קמאי על ערכין,כן,ערכין,ז:,פירוש,לא,
1969,קובץ שיטות קמאי על ערכין,כן,ערכין,ז:,פירוש,לא,
1971,קובץ שיטות קמאי על ערכין,כן,ערכין,ז:,פירוש,לא,
1973,קובץ שיטות קמאי על ערכין,כן,ערכין,ז:,פירוש,לא,
1975,קובץ שיטות קמאי על ערכין,כן,ערכין,ז:,פירוש,לא,
1976,קובץ שיטות קמאי על ערכין,כן,ערכין,ז:,פירוש,לא,
1978,קובץ שיטות קמאי על ערכין,כן,ערכין,ז:,פירוש,לא,
1980,קובץ שיטות קמאי על ערכין,כן,ערכין,ז:,פירוש,לא,
1982,קובץ שיטות קמאי על ערכין,כן,ערכין,ז:,פירוש,לא,
1984,קובץ שיטות קמאי על ערכין,כן,ערכין,ז:,פירוש,לא,
1986,קובץ שיטות קמאי על ערכין,כן,ערכין,ז:,פירוש,לא,
1988,קובץ שיטות קמאי על ערכין,כן,ערכין,ז:,פירוש,לא,
1990,קובץ שיטות קמאי על ערכין,כן,ערכין,ז:,פירוש,לא,
1992,קובץ שיטות קמאי על ערכין,כן,ערכין,ז:,פירוש,לא,
1994,קובץ שיטות קמאי על ערכין,כן,ערכין,ז:,פירוש,לא,
1996,קובץ שיטות קמאי על ערכין,כן,ערכין,ז:,פירוש,לא,
1998,קובץ שיטות קמאי על ערכין,כן,ערכין,ז:,פירוש,לא,
2000,קובץ שיטות קמאי על ערכין,כן,ערכין,ז:,פירוש,לא,
2002,קובץ שיטות קמאי על ערכין,כן,ערכין,ז:,פירוש,לא,
2004,קובץ שיטות קמאי על ערכין,כן,ערכין,ז:,פירוש,לא,
2007,קובץ שיטות קמאי על ערכין,כן,ערכין,ח.,פירוש,לא,
2009,קובץ שיטות קמאי על ערכין,כן,ערכין,ח.,פירוש,לא,
2011,קובץ שיטות קמאי על ערכין,כן,ערכין,ח.,פירוש,לא,
2013,קובץ שיטות קמאי על ערכין,כן,ערכין,ח.,פירוש,לא,
2015,קובץ שיטות קמאי על ערכין,כן,ערכין,ח.,פירוש,לא,
2017,קובץ שיטות קמאי על ערכין,כן,ערכין,ח.,פירוש,לא,
2019,קובץ שיטות קמאי על ערכין,כן,ערכין,ח.,פירוש,לא,
2021,קובץ שיטות קמאי על ערכין,כן,ערכין,ח.,פירוש,לא,
2023,קובץ שיטות קמאי על ערכין,כן,ערכין,ח.,פירוש,לא,
2025,קובץ שיטות קמאי על ערכין,כן,ערכין,ח.,פירוש,לא,
2027,קובץ שיטות קמאי על ערכין,כן,ערכין,ח.,פירוש,לא,
2029,קובץ שיטות קמאי על ערכין,כן,ערכין,ח.,פירוש,לא,
2031,קובץ שיטות קמאי על ערכין,כן,ערכין,ח.,פירוש,לא,
2033,קובץ שיטות קמאי על ערכין,כן,ערכין,ח.,פירוש,לא,
2035,קובץ שיטות קמאי על ערכין,כן,ערכין,ח.,פירוש,לא,
2037,קובץ שיטות קמאי על ערכין,כן,ערכין,ח.,פירוש,לא,
2039,קובץ שיטות קמאי על ערכין,כן,ערכין,ח.,פירוש,לא,
2041,קובץ שיטות קמאי על ערכין,כן,ערכין,ח.,פירוש,לא,
2043,קובץ שיטות קמאי על ערכין,כן,ערכין,ח.,פירוש,לא,
2045,קובץ שיטות קמאי על ערכין,כן,ערכין,ח.,פירוש,לא,
2047,קובץ שיטות קמאי על ערכין,כן,ערכין,ח.,פירוש,לא,
2049,קובץ שיטות קמאי על ערכין,כן,ערכין,ח.,פירוש,לא,
2051,קובץ שיטות קמאי על ערכין,כן,ערכין,ח.,פירוש,לא,
2053,קובץ שיטות קמאי על ערכין,כן,ערכין,ח.,פירוש,לא,
2055,קובץ שיטות קמאי על ערכין,כן,ערכין,ח.,פירוש,לא,
2057,קובץ שיטות קמאי על ערכין,כן,ערכין,ח.,פירוש,לא,
2059,קובץ שיטות קמאי על ערכין,כן,ערכין,ח.,פירוש,לא,
2061,קובץ שיטות קמאי על ערכין,כן,ערכין,ח.,פירוש,לא,
2063,קובץ שיטות קמאי על ערכין,כן,ערכין,ח.,פירוש,לא,
2065,קובץ שיטות קמאי על ערכין,כן,ערכין,ח.,פירוש,לא,
2067,קובץ שיטות קמאי על ערכין,כן,ערכין,ח.,פירוש,לא,
2069,קובץ שיטות קמאי על ערכין,כן,ערכין,ח.,פירוש,לא,
2071,קובץ שיטות קמאי על ערכין,כן,ערכין,ח.,פירוש,לא,
2073,קובץ שיטות קמאי על ערכין,כן,ערכין,ח.,פירוש,לא,
2075,קובץ שיטות קמאי על ערכין,כן,ערכין,ח.,פירוש,לא,
2077,קובץ שיטות קמאי על ערכין,כן,ערכין,ח.,פירוש,לא,
2080,קובץ שיטות קמאי על ערכין,כן,ערכין,ח:,פירוש,לא,
2082,קובץ שיטות קמאי על ערכין,כן,ערכין,ח:,פירוש,לא,
2084,קובץ שיטות קמאי על ערכין,כן,ערכין,ח:,פירוש,לא,
2086,קובץ שיטות קמאי על ערכין,כן,ערכין,ח:,פירוש,לא,
2088,קובץ שיטות קמאי על ערכין,כן,ערכין,ח:,פירוש,לא,
2089,קובץ שיטות קמאי על ערכין,כן,ערכין,ח:,פירוש,לא,
2091,קובץ שיטות קמאי על ערכין,כן,ערכין,ח:,פירוש,לא,
2092,קובץ שיטות קמאי על ערכין,כן,ערכין,ח:,פירוש,לא,
2094,קובץ שיטות קמאי על ערכין,כן,ערכין,ח:,פירוש,לא,
2096,קובץ שיטות קמאי על ערכין,כן,ערכין,ח:,פירוש,לא,
2098,קובץ שיטות קמאי על ערכין,כן,ערכין,ח:,פירוש,לא,
2100,קובץ שיטות קמאי על ערכין,כן,ערכין,ח:,פירוש,לא,
2102,קובץ שיטות קמאי על ערכין,כן,ערכין,ח:,פירוש,לא,
2104,קובץ שיטות קמאי על ערכין,כן,ערכין,ח:,פירוש,לא,
2106,קובץ שיטות קמאי על ערכין,כן,ערכין,ח:,פירוש,לא,
2108,קובץ שיטות קמאי על ערכין,כן,ערכין,ח:,פירוש,לא,
2110,קובץ שיטות קמאי על ערכין,כן,ערכין,ח:,פירוש,לא,
2112,קובץ שיטות קמאי על ערכין,כן,ערכין,ח:,פירוש,לא,
2114,קובץ שיטות קמאי על ערכין,כן,ערכין,ח:,פירוש,לא,
2116,קובץ שיטות קמאי על ערכין,כן,ערכין,ח:,פירוש,לא,
2118,קובץ שיטות קמאי על ערכין,כן,ערכין,ח:,פירוש,לא,
2120,קובץ שיטות קמאי על ערכין,כן,ערכין,ח:,פירוש,לא,
2122,קובץ שיטות קמאי על ערכין,כן,ערכין,ח:,פירוש,לא,
2124,קובץ שיטות קמאי על ערכין,כן,ערכין,ח:,פירוש,לא,
2126,קובץ שיטות קמאי על ערכין,כן,ערכין,ח:,פירוש,לא,
2128,קובץ שיטות קמאי על ערכין,כן,ערכין,ח:,פירוש,לא,
2130,קובץ שיטות קמאי על ערכין,כן,ערכין,ח:,פירוש,לא,
2132,קובץ שיטות קמאי על ערכין,כן,ערכין,ח:,פירוש,לא,
2134,קובץ שיטות קמאי על ערכין,כן,ערכין,ח:,פירוש,לא,
2136,קובץ שיטות קמאי על ערכין,כן,ערכין,ח:,פירוש,לא,
2138,קובץ שיטות קמאי על ערכין,כן,ערכין,ח:,פירוש,לא,
2140,קובץ שיטות קמאי על ערכין,כן,ערכין,ח:,פירוש,לא,
2142,קובץ שיטות קמאי על ערכין,כן,ערכין,ח:,פירוש,לא,
2144,קובץ שיטות קמאי על ערכין,כן,ערכין,ח:,פירוש,לא,
2146,קובץ שיטות קמאי על ערכין,כן,ערכין,ח:,פירוש,לא,
2148,קובץ שיטות קמאי על ערכין,כן,ערכין,ח:,פירוש,לא,
2150,קובץ שיטות קמאי על ערכין,כן,ערכין,ח:,פירוש,לא,
2152,קובץ שיטות קמאי על ערכין,כן,ערכין,ח:,פירוש,לא,
2154,קובץ שיטות קמאי על ערכין,כן,ערכין,ח:,פירוש,לא,
2156,קובץ שיטות קמאי על ערכין,כן,ערכין,ח:,פירוש,לא,
2158,קובץ שיטות קמאי על ערכין,כן,ערכין,ח:,פירוש,לא,
2160,קובץ שיטות קמאי על ערכין,כן,ערכין,ח:,פירוש,לא,
2162,קובץ שיטות קמאי על ערכין,כן,ערכין,ח:,פירוש,לא,
2164,קובץ שיטות קמאי על ערכין,כן,ערכין,ח:,פירוש,לא,
2166,קובץ שיטות קמאי על ערכין,כן,ערכין,ח:,פירוש,לא,
2168,קובץ שיטות קמאי על ערכין,כן,ערכין,ח:,פירוש,לא,
2170,קובץ שיטות קמאי על ערכין,כן,ערכין,ח:,פירוש,לא,
2172,קובץ שיטות קמאי על ערכין,כן,ערכין,ח:,פירוש,לא,
2174,קובץ שיטות קמאי על ערכין,כן,ערכין,ח:,פירוש,לא,
2176,קובץ שיטות קמאי על ערכין,כן,ערכין,ח:,פירוש,לא,
2178,קובץ שיטות קמאי על ערכין,כן,ערכין,ח:,פירוש,לא,
2180,קובץ שיטות קמאי על ערכין,כן,ערכין,ח:,פירוש,לא,
2182,קובץ שיטות קמאי על ערכין,כן,ערכין,ח:,פירוש,לא,
2184,קובץ שיטות קמאי על ערכין,כן,ערכין,ח:,פירוש,לא,
2187,קובץ שיטות קמאי על ערכין,כן,ערכין,ט.,פירוש,לא,
2189,קובץ שיטות קמאי על ערכין,כן,ערכין,ט.,פירוש,לא,
2190,קובץ שיטות קמאי על ערכין,כן,ערכין,ט.,פירוש,לא,
2192,קובץ שיטות קמאי על ערכין,כן,ערכין,ט.,פירוש,לא,
2194,קובץ שיטות קמאי על ערכין,כן,ערכין,ט.,פירוש,לא,
2196,קובץ שיטות קמאי על ערכין,כן,ערכין,ט.,פירוש,לא,
2198,קובץ שיטות קמאי על ערכין,כן,ערכין,ט.,פירוש,לא,
2200,קובץ שיטות קמאי על ערכין,כן,ערכין,ט.,פירוש,לא,
2201,קובץ שיטות קמאי על ערכין,כן,ערכין,ט.,פירוש,לא,
2203,קובץ שיטות קמאי על ערכין,כן,ערכין,ט.,פירוש,לא,
2205,קובץ שיטות קמאי על ערכין,כן,ערכין,ט.,פירוש,לא,
2207,קובץ שיטות קמאי על ערכין,כן,ערכין,ט.,פירוש,לא,
2209,קובץ שיטות קמאי על ערכין,כן,ערכין,ט.,פירוש,לא,
2212,קובץ שיטות קמאי על ערכין,כן,ערכין,ט:,פירוש,לא,
2214,קובץ שיטות קמאי על ערכין,כן,ערכין,ט:,פירוש,לא,
2216,קובץ שיטות קמאי על ערכין,כן,ערכין,ט:,פירוש,לא,
2218,קובץ שיטות קמאי על ערכין,כן,ערכין,ט:,פירוש,לא,
2220,קובץ שיטות קמאי על ערכין,כן,ערכין,ט:,פירוש,לא,
2222,קובץ שיטות קמאי על ערכין,כן,ערכין,ט:,פירוש,לא,
2224,קובץ שיטות קמאי על ערכין,כן,ערכין,ט:,פירוש,לא,
2226,קובץ שיטות קמאי על ערכין,כן,ערכין,ט:,פירוש,לא,
2228,קובץ שיטות קמאי על ערכין,כן,ערכין,ט:,פירוש,לא,
2230,קובץ שיטות קמאי על ערכין,כן,ערכין,ט:,פירוש,לא,
2232,קובץ שיטות קמאי על ערכין,כן,ערכין,ט:,פירוש,לא,
2234,קובץ שיטות קמאי על ערכין,כן,ערכין,ט:,פירוש,לא,
2236,קובץ שיטות קמאי על ערכין,כן,ערכין,ט:,פירוש,לא,
2238,קובץ שיטות קמאי על ערכין,כן,ערכין,ט:,פירוש,לא,
2239,קובץ שיטות קמאי על ערכין,כן,ערכין,ט:,פירוש,לא,
2240,קובץ שיטות קמאי על ערכין,כן,ערכין,ט:,פירוש,לא,
2241,קובץ שיטות קמאי על ערכין,כן,ערכין,ט:,פירוש,לא,
2242,קובץ שיטות קמאי על ערכין,כן,ערכין,ט:,פירוש,לא,
2243,קובץ שיטות קמאי על ערכין,כן,ערכין,ט:,פירוש,לא,
2244,קובץ שיטות קמאי על ערכין,כן,ערכין,ט:,פירוש,לא,
2245,קובץ שיטות קמאי על ערכין,כן,ערכין,ט:,פירוש,לא,
2246,קובץ שיטות קמאי על ערכין,כן,ערכין,ט:,פירוש,לא,
2247,קובץ שיטות קמאי על ערכין,כן,ערכין,ט:,פירוש,לא,
2248,קובץ שיטות קמאי על ערכין,כן,ערכין,ט:,פירוש,לא,
2249,קובץ שיטות קמאי על ערכין,כן,ערכין,ט:,פירוש,לא,
2250,קובץ שיטות קמאי על ערכין,כן,ערכין,ט:,פירוש,לא,
2251,קובץ שיטות קמאי על ערכין,כן,ערכין,ט:,פירוש,לא,
2252,קובץ שיטות קמאי על ערכין,כן,ערכין,ט:,פירוש,לא,
2253,קובץ שיטות קמאי על ערכין,כן,ערכין,ט:,פירוש,לא,
2254,קובץ שיטות קמאי על ערכין,כן,ערכין,ט:,פירוש,לא,
2255,קובץ שיטות קמאי על ערכין,כן,ערכין,ט:,פירוש,לא,
2256,קובץ שיטות קמאי על ערכין,כן,ערכין,ט:,פירוש,לא,
2257,קובץ שיטות קמאי על ערכין,כן,ערכין,ט:,פירוש,לא,
2258,קובץ שיטות קמאי על ערכין,כן,ערכין,ט:,פירוש,לא,
2259,קובץ שיטות קמאי על ערכין,כן,ערכין,ט:,פירוש,לא,
2260,קובץ שיטות קמאי על ערכין,כן,ערכין,ט:,פירוש,לא,
2261,קובץ שיטות קמאי על ערכין,כן,ערכין,ט:,פירוש,לא,
2262,קובץ שיטות קמאי על ערכין,כן,ערכין,ט:,פירוש,לא,
2263,קובץ שיטות קמאי על ערכין,כן,ערכין,ט:,פירוש,לא,
2264,קובץ שיטות קמאי על ערכין,כן,ערכין,ט:,פירוש,לא,
2266,קובץ שיטות קמאי על ערכין,כן,ערכין,ט:,פירוש,לא,
2268,קובץ שיטות קמאי על ערכין,כן,ערכין,ט:,פירוש,לא,
2269,קובץ שיטות קמאי על ערכין,כן,ערכין,ט:,פירוש,לא,
2270,קובץ שיטות קמאי על ערכין,כן,ערכין,ט:,פירוש,לא,
2272,קובץ שיטות קמאי על ערכין,כן,ערכין,ט:,פירוש,לא,
2274,קובץ שיטות קמאי על ערכין,כן,ערכין,ט:,פירוש,לא,
2275,קובץ שיטות קמאי על ערכין,כן,ערכין,ט:,פירוש,לא,
2276,קובץ שיטות קמאי על ערכין,כן,ערכין,ט:,פירוש,לא,
2277,קובץ שיטות קמאי על ערכין,כן,ערכין,ט:,פירוש,לא,
2278,קובץ שיטות קמאי על ערכין,כן,ערכין,ט:,פירוש,לא,
2279,קובץ שיטות קמאי על ערכין,כן,ערכין,ט:,פירוש,לא,
2280,קובץ שיטות קמאי על ערכין,כן,ערכין,ט:,פירוש,לא,
2281,קובץ שיטות קמאי על ערכין,כן,ערכין,ט:,פירוש,לא,
2282,קובץ שיטות קמאי על ערכין,כן,ערכין,ט:,פירוש,לא,
2284,קובץ שיטות קמאי על ערכין,כן,ערכין,ט:,פירוש,לא,
2286,קובץ שיטות קמאי על ערכין,כן,ערכין,ט:,פירוש,לא,
2288,קובץ שיטות קמאי על ערכין,כן,ערכין,ט:,פירוש,לא,
2290,קובץ שיטות קמאי על ערכין,כן,ערכין,ט:,פירוש,לא,
2292,קובץ שיטות קמאי על ערכין,כן,ערכין,ט:,פירוש,לא,
2294,קובץ שיטות קמאי על ערכין,כן,ערכין,ט:,פירוש,לא,
2296,קובץ שיטות קמאי על ערכין,כן,ערכין,ט:,פירוש,לא,
2298,קובץ שיטות קמאי על ערכין,כן,ערכין,ט:,פירוש,לא,
2300,קובץ שיטות קמאי על ערכין,כן,ערכין,ט:,פירוש,לא,
2302,קובץ שיטות קמאי על ערכין,כן,ערכין,ט:,פירוש,לא,
2304,קובץ שיטות קמאי על ערכין,כן,ערכין,ט:,פירוש,לא,
2306,קובץ שיטות קמאי על ערכין,כן,ערכין,ט:,פירוש,לא,
2309,קובץ שיטות קמאי על ערכין,כן,ערכין,י.,פירוש,לא,
2311,קובץ שיטות קמאי על ערכין,כן,ערכין,י.,פירוש,לא,
2313,קובץ שיטות קמאי על ערכין,כן,ערכין,י.,פירוש,לא,
2315,קובץ שיטות קמאי על ערכין,כן,ערכין,י.,פירוש,לא,
2317,קובץ שיטות קמאי על ערכין,כן,ערכין,י.,פירוש,לא,
2318,קובץ שיטות קמאי על ערכין,כן,ערכין,י.,פירוש,לא,
2319,קובץ שיטות קמאי על ערכין,כן,ערכין,י.,פירוש,לא,
2320,קובץ שיטות קמאי על ערכין,כן,ערכין,י.,פירוש,לא,
2321,קובץ שיטות קמאי על ערכין,כן,ערכין,י.,פירוש,לא,
2322,קובץ שיטות קמאי על ערכין,כן,ערכין,י.,פירוש,לא,
2324,קובץ שיטות קמאי על ערכין,כן,ערכין,י.,פירוש,לא,
2326,קובץ שיטות קמאי על ערכין,כן,ערכין,י.,פירוש,לא,
2328,קובץ שיטות קמאי על ערכין,כן,ערכין,י.,פירוש,לא,
2330,קובץ שיטות קמאי על ערכין,כן,ערכין,י.,פירוש,לא,
2332,קובץ שיטות קמאי על ערכין,כן,ערכין,י.,פירוש,לא,
2334,קובץ שיטות קמאי על ערכין,כן,ערכין,י.,פירוש,לא,
2336,קובץ שיטות קמאי על ערכין,כן,ערכין,י.,פירוש,לא,
2338,קובץ שיטות קמאי על ערכין,כן,ערכין,י.,פירוש,לא,
2340,קובץ שיטות קמאי על ערכין,כן,ערכין,י.,פירוש,לא,
2342,קובץ שיטות קמאי על ערכין,כן,ערכין,י.,פירוש,לא,
2343,קובץ שיטות קמאי על ערכין,כן,ערכין,י.,פירוש,לא,
2344,קובץ שיטות קמאי על ערכין,כן,ערכין,י.,פירוש,לא,
2345,קובץ שיטות קמאי על ערכין,כן,ערכין,י.,פירוש,לא,
2346,קובץ שיטות קמאי על ערכין,כן,ערכין,י.,פירוש,לא,
2347,קובץ שיטות קמאי על ערכין,כן,ערכין,י.,פירוש,לא,
2348,קובץ שיטות קמאי על ערכין,כן,ערכין,י.,פירוש,לא,
2349,קובץ שיטות קמאי על ערכין,כן,ערכין,י.,פירוש,לא,
2350,קובץ שיטות קמאי על ערכין,כן,ערכין,י.,פירוש,לא,
2351,קובץ שיטות קמאי על ערכין,כן,ערכין,י.,פירוש,לא,
2353,קובץ שיטות קמאי על ערכין,כן,ערכין,י.,פירוש,לא,
2355,קובץ שיטות קמאי על ערכין,כן,ערכין,י.,פירוש,לא,
2357,קובץ שיטות קמאי על ערכין,כן,ערכין,י.,פירוש,לא,
2358,קובץ שיטות קמאי על ערכין,כן,ערכין,י.,פירוש,לא,
2359,קובץ שיטות קמאי על ערכין,כן,ערכין,י.,פירוש,לא,
2360,קובץ שיטות קמאי על ערכין,כן,ערכין,י.,פירוש,לא,
2362,קובץ שיטות קמאי על ערכין,כן,ערכין,י.,פירוש,לא,
2364,קובץ שיטות קמאי על ערכין,כן,ערכין,י.,פירוש,לא,
2366,קובץ שיטות קמאי על ערכין,כן,ערכין,י.,פירוש,לא,
2368,קובץ שיטות קמאי על ערכין,כן,ערכין,י.,פירוש,לא,
2370,קובץ שיטות קמאי על ערכין,כן,ערכין,י.,פירוש,לא,
2372,קובץ שיטות קמאי על ערכין,כן,ערכין,י.,פירוש,לא,
2374,קובץ שיטות קמאי על ערכין,כן,ערכין,י.,פירוש,לא,
2376,קובץ שיטות קמאי על ערכין,כן,ערכין,י.,פירוש,לא,
2378,קובץ שיטות קמאי על ערכין,כן,ערכין,י.,פירוש,לא,
2379,קובץ שיטות קמאי על ערכין,כן,ערכין,י.,פירוש,לא,
2381,קובץ שיטות קמאי על ערכין,כן,ערכין,י.,פירוש,לא,
2383,קובץ שיטות קמאי על ערכין,כן,ערכין,י.,פירוש,לא,
2385,קובץ שיטות קמאי על ערכין,כן,ערכין,י.,פירוש,לא,
2387,קובץ שיטות קמאי על ערכין,כן,ערכין,י.,פירוש,לא,
2389,קובץ שיטות קמאי על ערכין,כן,ערכין,י.,פירוש,לא,
2391,קובץ שיטות קמאי על ערכין,כן,ערכין,י.,פירוש,לא,
2393,קובץ שיטות קמאי על ערכין,כן,ערכין,י.,פירוש,לא,
2395,קובץ שיטות קמאי על ערכין,כן,ערכין,י.,פירוש,לא,
2397,קובץ שיטות קמאי על ערכין,כן,ערכין,י.,פירוש,לא,
2399,קובץ שיטות קמאי על ערכין,כן,ערכין,י.,פירוש,לא,
2401,קובץ שיטות קמאי על ערכין,כן,ערכין,י.,פירוש,לא,
2403,קובץ שיטות קמאי על ערכין,כן,ערכין,י.,פירוש,לא,
2405,קובץ שיטות קמאי על ערכין,כן,ערכין,י.,פירוש,לא,
2407,קובץ שיטות קמאי על ערכין,כן,ערכין,י.,פירוש,לא,
2409,קובץ שיטות קמאי על ערכין,כן,ערכין,י.,פירוש,לא,
2411,קובץ שיטות קמאי על ערכין,כן,ערכין,י.,פירוש,לא,
2413,קובץ שיטות קמאי על ערכין,כן,ערכין,י.,פירוש,לא,
2415,קובץ שיטות קמאי על ערכין,כן,ערכין,י.,פירוש,לא,
2417,קובץ שיטות קמאי על ערכין,כן,ערכין,י.,פירוש,לא,
2419,קובץ שיטות קמאי על ערכין,כן,ערכין,י.,פירוש,לא,
2421,קובץ שיטות קמאי על ערכין,כן,ערכין,י.,פירוש,לא,
2423,קובץ שיטות קמאי על ערכין,כן,ערכין,י.,פירוש,לא,
2425,קובץ שיטות קמאי על ערכין,כן,ערכין,י.,פירוש,לא,
2427,קובץ שיטות קמאי על ערכין,כן,ערכין,י.,פירוש,לא,
2429,קובץ שיטות קמאי על ערכין,כן,ערכין,י.,פירוש,לא,
2431,קובץ שיטות קמאי על ערכין,כן,ערכין,י.,פירוש,לא,
2433,קובץ שיטות קמאי על ערכין,כן,ערכין,י.,פירוש,לא,
2435,קובץ שיטות קמאי על ערכין,כן,ערכין,י.,פירוש,לא,
2437,קובץ שיטות קמאי על ערכין,כן,ערכין,י.,פירוש,לא,
2439,קובץ שיטות קמאי על ערכין,כן,ערכין,י.,פירוש,לא,
2441,קובץ שיטות קמאי על ערכין,כן,ערכין,י.,פירוש,לא,
2443,קובץ שיטות קמאי על ערכין,כן,ערכין,י.,פירוש,לא,
2445,קובץ שיטות קמאי על ערכין,כן,ערכין,י.,פירוש,לא,
2447,קובץ שיטות קמאי על ערכין,כן,ערכין,י.,פירוש,לא,
2449,קובץ שיטות קמאי על ערכין,כן,ערכין,י.,פירוש,לא,
2451,קובץ שיטות קמאי על ערכין,כן,ערכין,י.,פירוש,לא,
2453,קובץ שיטות קמאי על ערכין,כן,ערכין,י.,פירוש,לא,
2455,קובץ שיטות קמאי על ערכין,כן,ערכין,י.,פירוש,לא,
2457,קובץ שיטות קמאי על ערכין,כן,ערכין,י.,פירוש,לא,
2459,קובץ שיטות קמאי על ערכין,כן,ערכין,י.,פירוש,לא,
2461,קובץ שיטות קמאי על ערכין,כן,ערכין,י.,פירוש,לא,
2463,קובץ שיטות קמאי על ערכין,כן,ערכין,י.,פירוש,לא,
2465,קובץ שיטות קמאי על ערכין,כן,ערכין,י.,פירוש,לא,
2467,קובץ שיטות קמאי על ערכין,כן,ערכין,י.,פירוש,לא,
2469,קובץ שיטות קמאי על ערכין,כן,ערכין,י.,פירוש,לא,
2471,קובץ שיטות קמאי על ערכין,כן,ערכין,י.,פירוש,לא,
2473,קובץ שיטות קמאי על ערכין,כן,ערכין,י.,פירוש,לא,
2475,קובץ שיטות קמאי על ערכין,כן,ערכין,י.,פירוש,לא,
2477,קובץ שיטות קמאי על ערכין,כן,ערכין,י.,פירוש,לא,
2479,קובץ שיטות קמאי על ערכין,כן,ערכין,י.,פירוש,לא,
2481,קובץ שיטות קמאי על ערכין,כן,ערכין,י.,פירוש,לא,
2483,קובץ שיטות קמאי על ערכין,כן,ערכין,י.,פירוש,לא,
2485,קובץ שיטות קמאי על ערכין,כן,ערכין,י.,פירוש,לא,
2487,קובץ שיטות קמאי על ערכין,כן,ערכין,י.,פירוש,לא,
2489,קובץ שיטות קמאי על ערכין,כן,ערכין,י.,פירוש,לא,
2491,קובץ שיטות קמאי על ערכין,כן,ערכין,י.,פירוש,לא,
2493,קובץ שיטות קמאי על ערכין,כן,ערכין,י.,פירוש,לא,
2495,קובץ שיטות קמאי על ערכין,כן,ערכין,י.,פירוש,לא,
2497,קובץ שיטות קמאי על ערכין,כן,ערכין,י.,פירוש,לא,
2499,קובץ שיטות קמאי על ערכין,כן,ערכין,י.,פירוש,לא,
2501,קובץ שיטות קמאי על ערכין,כן,ערכין,י.,פירוש,לא,
2503,קובץ שיטות קמאי על ערכין,כן,ערכין,י.,פירוש,לא,
2505,קובץ שיטות קמאי על ערכין,כן,ערכין,י.,פירוש,לא,
2507,קובץ שיטות קמאי על ערכין,כן,ערכין,י.,פירוש,לא,
2509,קובץ שיטות קמאי על ערכין,כן,ערכין,י.,פירוש,לא,
2511,קובץ שיטות קמאי על ערכין,כן,ערכין,י.,פירוש,לא,
2513,קובץ שיטות קמאי על ערכין,כן,ערכין,י.,פירוש,לא,
2515,קובץ שיטות קמאי על ערכין,כן,ערכין,י.,פירוש,לא,
2517,קובץ שיטות קמאי על ערכין,כן,ערכין,י.,פירוש,לא,
2519,קובץ שיטות קמאי על ערכין,כן,ערכין,י.,פירוש,לא,
2521,קובץ שיטות קמאי על ערכין,כן,ערכין,י.,פירוש,לא,
2523,קובץ שיטות קמאי על ערכין,כן,ערכין,י.,פירוש,לא,
2525,קובץ שיטות קמאי על ערכין,כן,ערכין,י.,פירוש,לא,
2527,קובץ שיטות קמאי על ערכין,כן,ערכין,י.,פירוש,לא,
2529,קובץ שיטות קמאי על ערכין,כן,ערכין,י.,פירוש,לא,
2531,קובץ שיטות קמאי על ערכין,כן,ערכין,י.,פירוש,לא,
2533,קובץ שיטות קמאי על ערכין,כן,ערכין,י.,פירוש,לא,
2535,קובץ שיטות קמאי על ערכין,כן,ערכין,י.,פירוש,לא,
2537,קובץ שיטות קמאי על ערכין,כן,ערכין,י.,פירוש,לא,
2539,קובץ שיטות קמאי על ערכין,כן,ערכין,י.,פירוש,לא,
2541,קובץ שיטות קמאי על ערכין,כן,ערכין,י.,פירוש,לא,
2543,קובץ שיטות קמאי על ערכין,כן,ערכין,י.,פירוש,לא,
2545,קובץ שיטות קמאי על ערכין,כן,ערכין,י.,פירוש,לא,
2547,קובץ שיטות קמאי על ערכין,כן,ערכין,י.,פירוש,לא,
2549,קובץ שיטות קמאי על ערכין,כן,ערכין,י.,פירוש,לא,
2551,קובץ שיטות קמאי על ערכין,כן,ערכין,י.,פירוש,לא,
2553,קובץ שיטות קמאי על ערכין,כן,ערכין,י.,פירוש,לא,
2555,קובץ שיטות קמאי על ערכין,כן,ערכין,י.,פירוש,לא,
2557,קובץ שיטות קמאי על ערכין,כן,ערכין,י.,פירוש,לא,
2559,קובץ שיטות קמאי על ערכין,כן,ערכין,י.,פירוש,לא,
2561,קובץ שיטות קמאי על ערכין,כן,ערכין,י.,פירוש,לא,
2563,קובץ שיטות קמאי על ערכין,כן,ערכין,י.,פירוש,לא,
2565,קובץ שיטות קמאי על ערכין,כן,ערכין,י.,פירוש,לא,
2567,קובץ שיטות קמאי על ערכין,כן,ערכין,י.,פירוש,לא,
2569,קובץ שיטות קמאי על ערכין,כן,ערכין,י.,פירוש,לא,
2570,קובץ שיטות קמאי על ערכין,כן,ערכין,י.,פירוש,לא,
2572,קובץ שיטות קמאי על ערכין,כן,ערכין,י.,פירוש,לא,
2574,קובץ שיטות קמאי על ערכין,כן,ערכין,י.,פירוש,לא,
2576,קובץ שיטות קמאי על ערכין,כן,ערכין,י.,פירוש,לא,
2578,קובץ שיטות קמאי על ערכין,כן,ערכין,י.,פירוש,לא,
2580,קובץ שיטות קמאי על ערכין,כן,ערכין,י.,פירוש,לא,
2582,קובץ שיטות קמאי על ערכין,כן,ערכין,י.,פירוש,לא,
2584,קובץ שיטות קמאי על ערכין,כן,ערכין,י.,פירוש,לא,
2586,קובץ שיטות קמאי על ערכין,כן,ערכין,י.,פירוש,לא,
2588,קובץ שיטות קמאי על ערכין,כן,ערכין,י.,פירוש,לא,
2590,קובץ שיטות קמאי על ערכין,כן,ערכין,י.,פירוש,לא,
2592,קובץ שיטות קמאי על ערכין,כן,ערכין,י.,פירוש,לא,
2594,קובץ שיטות קמאי על ערכין,כן,ערכין,י.,פירוש,לא,
2596,קובץ שיטות קמאי על ערכין,כן,ערכין,י.,פירוש,לא,
2598,קובץ שיטות קמאי על ערכין,כן,ערכין,י.,פירוש,לא,
2600,קובץ שיטות קמאי על ערכין,כן,ערכין,י.,פירוש,לא,
2602,קובץ שיטות קמאי על ערכין,כן,ערכין,י.,פירוש,לא,
2604,קובץ שיטות קמאי על ערכין,כן,ערכין,י.,פירוש,לא,
2606,קובץ שיטות קמאי על ערכין,כן,ערכין,י.,פירוש,לא,
2608,קובץ שיטות קמאי על ערכין,כן,ערכין,י.,פירוש,לא,
2610,קובץ שיטות קמאי על ערכין,כן,ערכין,י.,פירוש,לא,
2612,קובץ שיטות קמאי על ערכין,כן,ערכין,י.,פירוש,לא,
2614,קובץ שיטות קמאי על ערכין,כן,ערכין,י.,פירוש,לא,
2616,קובץ שיטות קמאי על ערכין,כן,ערכין,י.,פירוש,לא,
2618,קובץ שיטות קמאי על ערכין,כן,ערכין,י.,פירוש,לא,
2620,קובץ שיטות קמאי על ערכין,כן,ערכין,י.,פירוש,לא,
2622,קובץ שיטות קמאי על ערכין,כן,ערכין,י.,פירוש,לא,
2624,קובץ שיטות קמאי על ערכין,כן,ערכין,י.,פירוש,לא,
2627,קובץ שיטות קמאי על ערכין,כן,ערכין,י:,פירוש,לא,
2629,קובץ שיטות קמאי על ערכין,כן,ערכין,י:,פירוש,לא,
2631,קובץ שיטות קמאי על ערכין,כן,ערכין,י:,פירוש,לא,
2633,קובץ שיטות קמאי על ערכין,כן,ערכין,י:,פירוש,לא,
2635,קובץ שיטות קמאי על ערכין,כן,ערכין,י:,פירוש,לא,
2637,קובץ שיטות קמאי על ערכין,כן,ערכין,י:,פירוש,לא,
2639,קובץ שיטות קמאי על ערכין,כן,ערכין,י:,פירוש,לא,
2641,קובץ שיטות קמאי על ערכין,כן,ערכין,י:,פירוש,לא,
2643,קובץ שיטות קמאי על ערכין,כן,ערכין,י:,פירוש,לא,
2645,קובץ שיטות קמאי על ערכין,כן,ערכין,י:,פירוש,לא,
2647,קובץ שיטות קמאי על ערכין,כן,ערכין,י:,פירוש,לא,
2649,קובץ שיטות קמאי על ערכין,כן,ערכין,י:,פירוש,לא,
2651,קובץ שיטות קמאי על ערכין,כן,ערכין,י:,פירוש,לא,
2653,קובץ שיטות קמאי על ערכין,כן,ערכין,י:,פירוש,לא,
2655,קובץ שיטות קמאי על ערכין,כן,ערכין,י:,פירוש,לא,
2657,קובץ שיטות קמאי על ערכין,כן,ערכין,י:,פירוש,לא,
2659,קובץ שיטות קמאי על ערכין,כן,ערכין,י:,פירוש,לא,
2661,קובץ שיטות קמאי על ערכין,כן,ערכין,י:,פירוש,לא,
2663,קובץ שיטות קמאי על ערכין,כן,ערכין,י:,פירוש,לא,
2665,קובץ שיטות קמאי על ערכין,כן,ערכין,י:,פירוש,לא,
2667,קובץ שיטות קמאי על ערכין,כן,ערכין,י:,פירוש,לא,
2669,קובץ שיטות קמאי על ערכין,כן,ערכין,י:,פירוש,לא,
2671,קובץ שיטות קמאי על ערכין,כן,ערכין,י:,פירוש,לא,
2673,קובץ שיטות קמאי על ערכין,כן,ערכין,י:,פירוש,לא,
2675,קובץ שיטות קמאי על ערכין,כן,ערכין,י:,פירוש,לא,
2677,קובץ שיטות קמאי על ערכין,כן,ערכין,י:,פירוש,לא,
2679,קובץ שיטות קמאי על ערכין,כן,ערכין,י:,פירוש,לא,
2681,קובץ שיטות קמאי על ערכין,כן,ערכין,י:,פירוש,לא,
2683,קובץ שיטות קמאי על ערכין,כן,ערכין,י:,פירוש,לא,
2685,קובץ שיטות קמאי על ערכין,כן,ערכין,י:,פירוש,לא,
2687,קובץ שיטות קמאי על ערכין,כן,ערכין,י:,פירוש,לא,
2689,קובץ שיטות קמאי על ערכין,כן,ערכין,י:,פירוש,לא,
2691,קובץ שיטות קמאי על ערכין,כן,ערכין,י:,פירוש,לא,
2693,קובץ שיטות קמאי על ערכין,כן,ערכין,י:,פירוש,לא,
2695,קובץ שיטות קמאי על ערכין,כן,ערכין,י:,פירוש,לא,
2697,קובץ שיטות קמאי על ערכין,כן,ערכין,י:,פירוש,לא,
2699,קובץ שיטות קמאי על ערכין,כן,ערכין,י:,פירוש,לא,
2701,קובץ שיטות קמאי על ערכין,כן,ערכין,י:,פירוש,לא,
2703,קובץ שיטות קמאי על ערכין,כן,ערכין,י:,פירוש,לא,
2705,קובץ שיטות קמאי על ערכין,כן,ערכין,י:,פירוש,לא,
2707,קובץ שיטות קמאי על ערכין,כן,ערכין,י:,פירוש,לא,
2709,קובץ שיטות קמאי על ערכין,כן,ערכין,י:,פירוש,לא,
2711,קובץ שיטות קמאי על ערכין,כן,ערכין,י:,פירוש,לא,
2713,קובץ שיטות קמאי על ערכין,כן,ערכין,י:,פירוש,לא,
2715,קובץ שיטות קמאי על ערכין,כן,ערכין,י:,פירוש,לא,
2717,קובץ שיטות קמאי על ערכין,כן,ערכין,י:,פירוש,לא,
2718,קובץ שיטות קמאי על ערכין,כן,ערכין,י:,פירוש,לא,
2720,קובץ שיטות קמאי על ערכין,כן,ערכין,י:,פירוש,לא,
2722,קובץ שיטות קמאי על ערכין,כן,ערכין,י:,פירוש,לא,
2724,קובץ שיטות קמאי על ערכין,כן,ערכין,י:,פירוש,לא,
2726,קובץ שיטות קמאי על ערכין,כן,ערכין,י:,פירוש,לא,
2728,קובץ שיטות קמאי על ערכין,כן,ערכין,י:,פירוש,לא,
2730,קובץ שיטות קמאי על ערכין,כן,ערכין,י:,פירוש,לא,
2732,קובץ שיטות קמאי על ערכין,כן,ערכין,י:,פירוש,לא,
2734,קובץ שיטות קמאי על ערכין,כן,ערכין,י:,פירוש,לא,
2736,קובץ שיטות קמאי על ערכין,כן,ערכין,י:,פירוש,לא,
2738,קובץ שיטות קמאי על ערכין,כן,ערכין,י:,פירוש,לא,
2740,קובץ שיטות קמאי על ערכין,כן,ערכין,י:,פירוש,לא,
2742,קובץ שיטות קמאי על ערכין,כן,ערכין,י:,פירוש,לא,
2744,קובץ שיטות קמאי על ערכין,כן,ערכין,י:,פירוש,לא,
2746,קובץ שיטות קמאי על ערכין,כן,ערכין,י:,פירוש,לא,
2748,קובץ שיטות קמאי על ערכין,כן,ערכין,י:,פירוש,לא,
2750,קובץ שיטות קמאי על ערכין,כן,ערכין,י:,פירוש,לא,
2752,קובץ שיטות קמאי על ערכין,כן,ערכין,י:,פירוש,לא,
2754,קובץ שיטות קמאי על ערכין,כן,ערכין,י:,פירוש,לא,
2756,קובץ שיטות קמאי על ערכין,כן,ערכין,י:,פירוש,לא,
2758,קובץ שיטות קמאי על ערכין,כן,ערכין,י:,פירוש,לא,
2760,קובץ שיטות קמאי על ערכין,כן,ערכין,י:,פירוש,לא,
2762,קובץ שיטות קמאי על ערכין,כן,ערכין,י:,פירוש,לא,
2764,קובץ שיטות קמאי על ערכין,כן,ערכין,י:,פירוש,לא,
2766,קובץ שיטות קמאי על ערכין,כן,ערכין,י:,פירוש,לא,
2768,קובץ שיטות קמאי על ערכין,כן,ערכין,י:,פירוש,לא,
2770,קובץ שיטות קמאי על ערכין,כן,ערכין,י:,פירוש,לא,
2772,קובץ שיטות קמאי על ערכין,כן,ערכין,י:,פירוש,לא,
2774,קובץ שיטות קמאי על ערכין,כן,ערכין,י:,פירוש,לא,
2776,קובץ שיטות קמאי על ערכין,כן,ערכין,י:,פירוש,לא,
2778,קובץ שיטות קמאי על ערכין,כן,ערכין,י:,פירוש,לא,
2780,קובץ שיטות קמאי על ערכין,כן,ערכין,י:,פירוש,לא,
2782,קובץ שיטות קמאי על ערכין,כן,ערכין,י:,פירוש,לא,
2784,קובץ שיטות קמאי על ערכין,כן,ערכין,י:,פירוש,לא,
2786,קובץ שיטות קמאי על ערכין,כן,ערכין,י:,פירוש,לא,
2788,קובץ שיטות קמאי על ערכין,כן,ערכין,י:,פירוש,לא,
2790,קובץ שיטות קמאי על ערכין,כן,ערכין,י:,פירוש,לא,
2792,קובץ שיטות קמאי על ערכין,כן,ערכין,י:,פירוש,לא,
2794,קובץ שיטות קמאי על ערכין,כן,ערכין,י:,פירוש,לא,
2795,קובץ שיטות קמאי על ערכין,כן,ערכין,י:,פירוש,לא,
2797,קובץ שיטות קמאי על ערכין,כן,ערכין,י:,פירוש,לא,
2799,קובץ שיטות קמאי על ערכין,כן,ערכין,י:,פירוש,לא,
2801,קובץ שיטות קמאי על ערכין,כן,ערכין,י:,פירוש,לא,
2803,קובץ שיטות קמאי על ערכין,כן,ערכין,י:,פירוש,לא,
2805,קובץ שיטות קמאי על ערכין,כן,ערכין,י:,פירוש,לא,
2807,קובץ שיטות קמאי על ערכין,כן,ערכין,י:,פירוש,לא,
2809,קובץ שיטות קמאי על ערכין,כן,ערכין,י:,פירוש,לא,
2811,קובץ שיטות קמאי על ערכין,כן,ערכין,י:,פירוש,לא,
2813,קובץ שיטות קמאי על ערכין,כן,ערכין,י:,פירוש,לא,
2815,קובץ שיטות קמאי על ערכין,כן,ערכין,י:,פירוש,לא,
2817,קובץ שיטות קמאי על ערכין,כן,ערכין,י:,פירוש,לא,
2819,קובץ שיטות קמאי על ערכין,כן,ערכין,י:,פירוש,לא,
2821,קובץ שיטות קמאי על ערכין,כן,ערכין,י:,פירוש,לא,
2823,קובץ שיטות קמאי על ערכין,כן,ערכין,י:,פירוש,לא,
2825,קובץ שיטות קמאי על ערכין,כן,ערכין,י:,פירוש,לא,
2827,קובץ שיטות קמאי על ערכין,כן,ערכין,י:,פירוש,לא,
2829,קובץ שיטות קמאי על ערכין,כן,ערכין,י:,פירוש,לא,
2831,קובץ שיטות קמאי על ערכין,כן,ערכין,י:,פירוש,לא,
2833,קובץ שיטות קמאי על ערכין,כן,ערכין,י:,פירוש,לא,
2834,קובץ שיטות קמאי על ערכין,כן,ערכין,י:,פירוש,לא,
2836,קובץ שיטות קמאי על ערכין,כן,ערכין,י:,פירוש,לא,
2838,קובץ שיטות קמאי על ערכין,כן,ערכין,י:,פירוש,לא,
2840,קובץ שיטות קמאי על ערכין,כן,ערכין,י:,פירוש,לא,
2842,קובץ שיטות קמאי על ערכין,כן,ערכין,י:,פירוש,לא,
2844,קובץ שיטות קמאי על ערכין,כן,ערכין,י:,פירוש,לא,
2846,קובץ שיטות קמאי על ערכין,כן,ערכין,י:,פירוש,לא,
2848,קובץ שיטות קמאי על ערכין,כן,ערכין,י:,פירוש,לא,
2850,קובץ שיטות קמאי על ערכין,כן,ערכין,י:,פירוש,לא,
2852,קובץ שיטות קמאי על ערכין,כן,ערכין,י:,פירוש,לא,
2854,קובץ שיטות קמאי על ערכין,כן,ערכין,י:,פירוש,לא,
2856,קובץ שיטות קמאי על ערכין,כן,ערכין,י:,פירוש,לא,
2858,קובץ שיטות קמאי על ערכין,כן,ערכין,י:,פירוש,לא,
2860,קובץ שיטות קמאי על ערכין,כן,ערכין,י:,פירוש,לא,
2862,קובץ שיטות קמאי על ערכין,כן,ערכין,י:,פירוש,לא,
2864,קובץ שיטות קמאי על ערכין,כן,ערכין,י:,פירוש,לא,
2866,קובץ שיטות קמאי על ערכין,כן,ערכין,י:,פירוש,לא,
2868,קובץ שיטות קמאי על ערכין,כן,ערכין,י:,פירוש,לא,
2869,קובץ שיטות קמאי על ערכין,כן,ערכין,י:,פירוש,לא,
2870,קובץ שיטות קמאי על ערכין,כן,ערכין,י:,פירוש,לא,
2871,קובץ שיטות קמאי על ערכין,כן,ערכין,י:,פירוש,לא,
2872,קובץ שיטות קמאי על ערכין,כן,ערכין,י:,פירוש,לא,
2873,קובץ שיטות קמאי על ערכין,כן,ערכין,י:,פירוש,לא,
2874,קובץ שיטות קמאי על ערכין,כן,ערכין,י:,פירוש,לא,
2875,קובץ שיטות קמאי על ערכין,כן,ערכין,י:,פירוש,לא,
2877,קובץ שיטות קמאי על ערכין,כן,ערכין,י:,פירוש,לא,
2879,קובץ שיטות קמאי על ערכין,כן,ערכין,י:,פירוש,לא,
2881,קובץ שיטות קמאי על ערכין,כן,ערכין,י:,פירוש,לא,
2883,קובץ שיטות קמאי על ערכין,כן,ערכין,י:,פירוש,לא,
2885,קובץ שיטות קמאי על ערכין,כן,ערכין,י:,פירוש,לא,
2887,קובץ שיטות קמאי על ערכין,כן,ערכין,י:,פירוש,לא,
2889,קובץ שיטות קמאי על ערכין,כן,ערכין,י:,פירוש,לא,
2892,קובץ שיטות קמאי על ערכין,כן,ערכין,יא.,פירוש,לא,
2894,קובץ שיטות קמאי על ערכין,כן,ערכין,יא.,פירוש,לא,
2895,קובץ שיטות קמאי על ערכין,כן,ערכין,יא.,פירוש,לא,
2897,קובץ שיטות קמאי על ערכין,כן,ערכין,יא.,פירוש,לא,
2899,קובץ שיטות קמאי על ערכין,כן,ערכין,יא.,פירוש,לא,
2901,קובץ שיטות קמאי על ערכין,כן,ערכין,יא.,פירוש,לא,
2903,קובץ שיטות קמאי על ערכין,כן,ערכין,יא.,פירוש,לא,
2905,קובץ שיטות קמאי על ערכין,כן,ערכין,יא.,פירוש,לא,
2907,קובץ שיטות קמאי על ערכין,כן,ערכין,יא.,פירוש,לא,
2909,קובץ שיטות קמאי על ערכין,כן,ערכין,יא.,פירוש,לא,
2911,קובץ שיטות קמאי על ערכין,כן,ערכין,יא.,פירוש,לא,
2913,קובץ שיטות קמאי על ערכין,כן,ערכין,יא.,פירוש,לא,
2914,קובץ שיטות קמאי על ערכין,כן,ערכין,יא.,פירוש,לא,
2916,קובץ שיטות קמאי על ערכין,כן,ערכין,יא.,פירוש,לא,
2917,קובץ שיטות קמאי על ערכין,כן,ערכין,יא.,פירוש,לא,
2919,קובץ שיטות קמאי על ערכין,כן,ערכין,יא.,פירוש,לא,
2921,קובץ שיטות קמאי על ערכין,כן,ערכין,יא.,פירוש,לא,
2923,קובץ שיטות קמאי על ערכין,כן,ערכין,יא.,פירוש,לא,
2925,קובץ שיטות קמאי על ערכין,כן,ערכין,יא.,פירוש,לא,
2927,קובץ שיטות קמאי על ערכין,כן,ערכין,יא.,פירוש,לא,
2929,קובץ שיטות קמאי על ערכין,כן,ערכין,יא.,פירוש,לא,
2931,קובץ שיטות קמאי על ערכין,כן,ערכין,יא.,פירוש,לא,
2933,קובץ שיטות קמאי על ערכין,כן,ערכין,יא.,פירוש,לא,
2935,קובץ שיטות קמאי על ערכין,כן,ערכין,יא.,פירוש,לא,
2937,קובץ שיטות קמאי על ערכין,כן,ערכין,יא.,פירוש,לא,
2939,קובץ שיטות קמאי על ערכין,כן,ערכין,יא.,פירוש,לא,
2941,קובץ שיטות קמאי על ערכין,כן,ערכין,יא.,פירוש,לא,
2943,קובץ שיטות קמאי על ערכין,כן,ערכין,יא.,פירוש,לא,
2945,קובץ שיטות קמאי על ערכין,כן,ערכין,יא.,פירוש,לא,
2947,קובץ שיטות קמאי על ערכין,כן,ערכין,יא.,פירוש,לא,
2949,קובץ שיטות קמאי על ערכין,כן,ערכין,יא.,פירוש,לא,
2952,קובץ שיטות קמאי על ערכין,כן,ערכין,יא:,פירוש,לא,
2954,קובץ שיטות קמאי על ערכין,כן,ערכין,יא:,פירוש,לא,
2956,קובץ שיטות קמאי על ערכין,כן,ערכין,יא:,פירוש,לא,
2958,קובץ שיטות קמאי על ערכין,כן,ערכין,יא:,פירוש,לא,
2960,קובץ שיטות קמאי על ערכין,כן,ערכין,יא:,פירוש,לא,
2962,קובץ שיטות קמאי על ערכין,כן,ערכין,יא:,פירוש,לא,
2964,קובץ שיטות קמאי על ערכין,כן,ערכין,יא:,פירוש,לא,
2965,קובץ שיטות קמאי על ערכין,כן,ערכין,יא:,פירוש,לא,
2966,קובץ שיטות קמאי על ערכין,כן,ערכין,יא:,פירוש,לא,
2967,קובץ שיטות קמאי על ערכין,כן,ערכין,יא:,פירוש,לא,
2968,קובץ שיטות קמאי על ערכין,כן,ערכין,יא:,פירוש,לא,
2970,קובץ שיטות קמאי על ערכין,כן,ערכין,יא:,פירוש,לא,
2972,קובץ שיטות קמאי על ערכין,כן,ערכין,יא:,פירוש,לא,
2974,קובץ שיטות קמאי על ערכין,כן,ערכין,יא:,פירוש,לא,
2976,קובץ שיטות קמאי על ערכין,כן,ערכין,יא:,פירוש,לא,
2977,קובץ שיטות קמאי על ערכין,כן,ערכין,יא:,פירוש,לא,
2979,קובץ שיטות קמאי על ערכין,כן,ערכין,יא:,פירוש,לא,
2980,קובץ שיטות קמאי על ערכין,כן,ערכין,יא:,פירוש,לא,
2981,קובץ שיטות קמאי על ערכין,כן,ערכין,יא:,פירוש,לא,
2982,קובץ שיטות קמאי על ערכין,כן,ערכין,יא:,פירוש,לא,
2983,קובץ שיטות קמאי על ערכין,כן,ערכין,יא:,פירוש,לא,
2984,קובץ שיטות קמאי על ערכין,כן,ערכין,יא:,פירוש,לא,
2985,קובץ שיטות קמאי על ערכין,כן,ערכין,יא:,פירוש,לא,
2986,קובץ שיטות קמאי על ערכין,כן,ערכין,יא:,פירוש,לא,
2987,קובץ שיטות קמאי על ערכין,כן,ערכין,יא:,פירוש,לא,
2988,קובץ שיטות קמאי על ערכין,כן,ערכין,יא:,פירוש,לא,
2990,קובץ שיטות קמאי על ערכין,כן,ערכין,יא:,פירוש,לא,
2992,קובץ שיטות קמאי על ערכין,כן,ערכין,יא:,פירוש,לא,
2994,קובץ שיטות קמאי על ערכין,כן,ערכין,יא:,פירוש,לא,
2996,קובץ שיטות קמאי על ערכין,כן,ערכין,יא:,פירוש,לא,
2998,קובץ שיטות קמאי על ערכין,כן,ערכין,יא:,פירוש,לא,
3000,קובץ שיטות קמאי על ערכין,כן,ערכין,יא:,פירוש,לא,
3002,קובץ שיטות קמאי על ערכין,כן,ערכין,יא:,פירוש,לא,
3004,קובץ שיטות קמאי על ערכין,כן,ערכין,יא:,פירוש,לא,
3006,קובץ שיטות קמאי על ערכין,כן,ערכין,יא:,פירוש,לא,
3008,קובץ שיטות קמאי על ערכין,כן,ערכין,יא:,פירוש,לא,
3010,קובץ שיטות קמאי על ערכין,כן,ערכין,יא:,פירוש,לא,
3012,קובץ שיטות קמאי על ערכין,כן,ערכין,יא:,פירוש,לא,
3015,קובץ שיטות קמאי על ערכין,כן,ערכין,יב.,פירוש,לא,
3017,קובץ שיטות קמאי על ערכין,כן,ערכין,יב.,פירוש,לא,
3018,קובץ שיטות קמאי על ערכין,כן,ערכין,יב.,פירוש,לא,
3019,קובץ שיטות קמאי על ערכין,כן,ערכין,יב.,פירוש,לא,
3020,קובץ שיטות קמאי על ערכין,כן,ערכין,יב.,פירוש,לא,
3022,קובץ שיטות קמאי על ערכין,כן,ערכין,יב.,פירוש,לא,
3024,קובץ שיטות קמאי על ערכין,כן,ערכין,יב.,פירוש,לא,
3026,קובץ שיטות קמאי על ערכין,כן,ערכין,יב.,פירוש,לא,
3028,קובץ שיטות קמאי על ערכין,כן,ערכין,יב.,פירוש,לא,
3030,קובץ שיטות קמאי על ערכין,כן,ערכין,יב.,פירוש,לא,
3031,קובץ שיטות קמאי על ערכין,כן,ערכין,יב.,פירוש,לא,
3033,קובץ שיטות קמאי על ערכין,כן,ערכין,יב.,פירוש,לא,
3035,קובץ שיטות קמאי על ערכין,כן,ערכין,יב.,פירוש,לא,
3037,קובץ שיטות קמאי על ערכין,כן,ערכין,יב.,פירוש,לא,
3040,קובץ שיטות קמאי על ערכין,כן,ערכין,יב:,פירוש,לא,
3042,קובץ שיטות קמאי על ערכין,כן,ערכין,יב:,פירוש,לא,
3044,קובץ שיטות קמאי על ערכין,כן,ערכין,יב:,פירוש,לא,
3046,קובץ שיטות קמאי על ערכין,כן,ערכין,יב:,פירוש,לא,
3048,קובץ שיטות קמאי על ערכין,כן,ערכין,יב:,פירוש,לא,
3049,קובץ שיטות קמאי על ערכין,כן,ערכין,יב:,פירוש,לא,
3050,קובץ שיטות קמאי על ערכין,כן,ערכין,יב:,פירוש,לא,
3052,קובץ שיטות קמאי על ערכין,כן,ערכין,יב:,פירוש,לא,
3054,קובץ שיטות קמאי על ערכין,כן,ערכין,יב:,פירוש,לא,
3056,קובץ שיטות קמאי על ערכין,כן,ערכין,יב:,פירוש,לא,
3058,קובץ שיטות קמאי על ערכין,כן,ערכין,יב:,פירוש,לא,
3060,קובץ שיטות קמאי על ערכין,כן,ערכין,יב:,פירוש,לא,
3062,קובץ שיטות קמאי על ערכין,כן,ערכין,יב:,פירוש,לא,
3064,קובץ שיטות קמאי על ערכין,כן,ערכין,יב:,פירוש,לא,
3066,קובץ שיטות קמאי על ערכין,כן,ערכין,יב:,פירוש,לא,
3068,קובץ שיטות קמאי על ערכין,כן,ערכין,יב:,פירוש,לא,
3070,קובץ שיטות קמאי על ערכין,כן,ערכין,יב:,פירוש,לא,
3072,קובץ שיטות קמאי על ערכין,כן,ערכין,יב:,פירוש,לא,
3074,קובץ שיטות קמאי על ערכין,כן,ערכין,יב:,פירוש,לא,
3075,קובץ שיטות קמאי על ערכין,כן,ערכין,יב:,פירוש,לא,
3076,קובץ שיטות קמאי על ערכין,כן,ערכין,יב:,פירוש,לא,
3078,קובץ שיטות קמאי על ערכין,כן,ערכין,יב:,פירוש,לא,
3080,קובץ שיטות קמאי על ערכין,כן,ערכין,יב:,פירוש,לא,
3082,קובץ שיטות קמאי על ערכין,כן,ערכין,יב:,פירוש,לא,
3084,קובץ שיטות קמאי על ערכין,כן,ערכין,יב:,פירוש,לא,
3085,קובץ שיטות קמאי על ערכין,כן,ערכין,יב:,פירוש,לא,
3086,קובץ שיטות קמאי על ערכין,כן,ערכין,יב:,פירוש,לא,
3087,קובץ שיטות קמאי על ערכין,כן,ערכין,יב:,פירוש,לא,
3088,קובץ שיטות קמאי על ערכין,כן,ערכין,יב:,פירוש,לא,
3089,קובץ שיטות קמאי על ערכין,כן,ערכין,יב:,פירוש,לא,
3091,קובץ שיטות קמאי על ערכין,כן,ערכין,יב:,פירוש,לא,
3093,קובץ שיטות קמאי על ערכין,כן,ערכין,יב:,פירוש,לא,
3095,קובץ שיטות קמאי על ערכין,כן,ערכין,יב:,פירוש,לא,
3097,קובץ שיטות קמאי על ערכין,כן,ערכין,יב:,פירוש,לא,
3099,קובץ שיטות קמאי על ערכין,כן,ערכין,יב:,פירוש,לא,
3101,קובץ שיטות קמאי על ערכין,כן,ערכין,יב:,פירוש,לא,
3103,קובץ שיטות קמאי על ערכין,כן,ערכין,יב:,פירוש,לא,
3105,קובץ שיטות קמאי על ערכין,כן,ערכין,יב:,פירוש,לא,
3107,קובץ שיטות קמאי על ערכין,כן,ערכין,יב:,פירוש,לא,
3109,קובץ שיטות קמאי על ערכין,כן,ערכין,יב:,פירוש,לא,
3111,קובץ שיטות קמאי על ערכין,כן,ערכין,יב:,פירוש,לא,
3113,קובץ שיטות קמאי על ערכין,כן,ערכין,יב:,פירוש,לא,
3114,קובץ שיטות קמאי על ערכין,כן,ערכין,יב:,פירוש,לא,
3115,קובץ שיטות קמאי על ערכין,כן,ערכין,יב:,פירוש,לא,
3116,קובץ שיטות קמאי על ערכין,כן,ערכין,יב:,פירוש,לא,
3118,קובץ שיטות קמאי על ערכין,כן,ערכין,יב:,פירוש,לא,
3120,קובץ שיטות קמאי על ערכין,כן,ערכין,יב:,פירוש,לא,
3122,קובץ שיטות קמאי על ערכין,כן,ערכין,יב:,פירוש,לא,
3124,קובץ שיטות קמאי על ערכין,כן,ערכין,יב:,פירוש,לא,
3126,קובץ שיטות קמאי על ערכין,כן,ערכין,יב:,פירוש,לא,
3128,קובץ שיטות קמאי על ערכין,כן,ערכין,יב:,פירוש,לא,
3130,קובץ שיטות קמאי על ערכין,כן,ערכין,יב:,פירוש,לא,
3133,קובץ שיטות קמאי על ערכין,כן,ערכין,יג.,פירוש,לא,
3135,קובץ שיטות קמאי על ערכין,כן,ערכין,יג.,פירוש,לא,
3137,קובץ שיטות קמאי על ערכין,כן,ערכין,יג.,פירוש,לא,
3139,קובץ שיטות קמאי על ערכין,כן,ערכין,יג.,פירוש,לא,
3141,קובץ שיטות קמאי על ערכין,כן,ערכין,יג.,פירוש,לא,
3143,קובץ שיטות קמאי על ערכין,כן,ערכין,יג.,פירוש,לא,
3145,קובץ שיטות קמאי על ערכין,כן,ערכין,יג.,פירוש,לא,
3147,קובץ שיטות קמאי על ערכין,כן,ערכין,יג.,פירוש,לא,
3149,קובץ שיטות קמאי על ערכין,כן,ערכין,יג.,פירוש,לא,
3151,קובץ שיטות קמאי על ערכין,כן,ערכין,יג.,פירוש,לא,
3152,קובץ שיטות קמאי על ערכין,כן,ערכין,יג.,פירוש,לא,
3154,קובץ שיטות קמאי על ערכין,כן,ערכין,יג.,פירוש,לא,
3156,קובץ שיטות קמאי על ערכין,כן,ערכין,יג.,פירוש,לא,
3158,קובץ שיטות קמאי על ערכין,כן,ערכין,יג.,פירוש,לא,
3161,קובץ שיטות קמאי על ערכין,כן,ערכין,יג:,פירוש,לא,
3163,קובץ שיטות קמאי על ערכין,כן,ערכין,יג:,פירוש,לא,
3165,קובץ שיטות קמאי על ערכין,כן,ערכין,יג:,פירוש,לא,
3167,קובץ שיטות קמאי על ערכין,כן,ערכין,יג:,פירוש,לא,
3169,קובץ שיטות קמאי על ערכין,כן,ערכין,יג:,פירוש,לא,
3171,קובץ שיטות קמאי על ערכין,כן,ערכין,יג:,פירוש,לא,
3172,קובץ שיטות קמאי על ערכין,כן,ערכין,יג:,פירוש,לא,
3173,קובץ שיטות קמאי על ערכין,כן,ערכין,יג:,פירוש,לא,
3174,קובץ שיטות קמאי על ערכין,כן,ערכין,יג:,פירוש,לא,
3175,קובץ שיטות קמאי על ערכין,כן,ערכין,יג:,פירוש,לא,
3176,קובץ שיטות קמאי על ערכין,כן,ערכין,יג:,פירוש,לא,
3177,קובץ שיטות קמאי על ערכין,כן,ערכין,יג:,פירוש,לא,
3178,קובץ שיטות קמאי על ערכין,כן,ערכין,יג:,פירוש,לא,
3179,קובץ שיטות קמאי על ערכין,כן,ערכין,יג:,פירוש,לא,
3180,קובץ שיטות קמאי על ערכין,כן,ערכין,יג:,פירוש,לא,
3182,קובץ שיטות קמאי על ערכין,כן,ערכין,יג:,פירוש,לא,
3184,קובץ שיטות קמאי על ערכין,כן,ערכין,יג:,פירוש,לא,
3186,קובץ שיטות קמאי על ערכין,כן,ערכין,יג:,פירוש,לא,
3188,קובץ שיטות קמאי על ערכין,כן,ערכין,יג:,פירוש,לא,
3190,קובץ שיטות קמאי על ערכין,כן,ערכין,יג:,פירוש,לא,
3191,קובץ שיטות קמאי על ערכין,כן,ערכין,יג:,פירוש,לא,
3192,קובץ שיטות קמאי על ערכין,כן,ערכין,יג:,פירוש,לא,
3193,קובץ שיטות קמאי על ערכין,כן,ערכין,יג:,פירוש,לא,
3195,קובץ שיטות קמאי על ערכין,כן,ערכין,יג:,פירוש,לא,
3196,קובץ שיטות קמאי על ערכין,כן,ערכין,יג:,פירוש,לא,
3197,קובץ שיטות קמאי על ערכין,כן,ערכין,יג:,פירוש,לא,
3198,קובץ שיטות קמאי על ערכין,כן,ערכין,יג:,פירוש,לא,
3199,קובץ שיטות קמאי על ערכין,כן,ערכין,יג:,פירוש,לא,
3200,קובץ שיטות קמאי על ערכין,כן,ערכין,יג:,פירוש,לא,
3201,קובץ שיטות קמאי על ערכין,כן,ערכין,יג:,פירוש,לא,
3202,קובץ שיטות קמאי על ערכין,כן,ערכין,יג:,פירוש,לא,
3203,קובץ שיטות קמאי על ערכין,כן,ערכין,יג:,פירוש,לא,
3204,קובץ שיטות קמאי על ערכין,כן,ערכין,יג:,פירוש,לא,
3205,קובץ שיטות קמאי על ערכין,כן,ערכין,יג:,פירוש,לא,
3206,קובץ שיטות קמאי על ערכין,כן,ערכין,יג:,פירוש,לא,
3207,קובץ שיטות קמאי על ערכין,כן,ערכין,יג:,פירוש,לא,
3208,קובץ שיטות קמאי על ערכין,כן,ערכין,יג:,פירוש,לא,
3209,קובץ שיטות קמאי על ערכין,כן,ערכין,יג:,פירוש,לא,
3210,קובץ שיטות קמאי על ערכין,כן,ערכין,יג:,פירוש,לא,
3211,קובץ שיטות קמאי על ערכין,כן,ערכין,יג:,פירוש,לא,
3212,קובץ שיטות קמאי על ערכין,כן,ערכין,יג:,פירוש,לא,
3213,קובץ שיטות קמאי על ערכין,כן,ערכין,יג:,פירוש,לא,
3214,קובץ שיטות קמאי על ערכין,כן,ערכין,יג:,פירוש,לא,
3215,קובץ שיטות קמאי על ערכין,כן,ערכין,יג:,פירוש,לא,
3216,קובץ שיטות קמאי על ערכין,כן,ערכין,יג:,פירוש,לא,
3217,קובץ שיטות קמאי על ערכין,כן,ערכין,יג:,פירוש,לא,
3218,קובץ שיטות קמאי על ערכין,כן,ערכין,יג:,פירוש,לא,
3219,קובץ שיטות קמאי על ערכין,כן,ערכין,יג:,פירוש,לא,
3220,קובץ שיטות קמאי על ערכין,כן,ערכין,יג:,פירוש,לא,
3221,קובץ שיטות קמאי על ערכין,כן,ערכין,יג:,פירוש,לא,
3222,קובץ שיטות קמאי על ערכין,כן,ערכין,יג:,פירוש,לא,
3223,קובץ שיטות קמאי על ערכין,כן,ערכין,יג:,פירוש,לא,
3224,קובץ שיטות קמאי על ערכין,כן,ערכין,יג:,פירוש,לא,
3225,קובץ שיטות קמאי על ערכין,כן,ערכין,יג:,פירוש,לא,
3226,קובץ שיטות קמאי על ערכין,כן,ערכין,יג:,פירוש,לא,
3227,קובץ שיטות קמאי על ערכין,כן,ערכין,יג:,פירוש,לא,
3228,קובץ שיטות קמאי על ערכין,כן,ערכין,יג:,פירוש,לא,
3230,קובץ שיטות קמאי על ערכין,כן,ערכין,יג:,פירוש,לא,
3232,קובץ שיטות קמאי על ערכין,כן,ערכין,יג:,פירוש,לא,
3234,קובץ שיטות קמאי על ערכין,כן,ערכין,יג:,פירוש,לא,
3236,קובץ שיטות קמאי על ערכין,כן,ערכין,יג:,פירוש,לא,
3238,קובץ שיטות קמאי על ערכין,כן,ערכין,יג:,פירוש,לא,
3240,קובץ שיטות קמאי על ערכין,כן,ערכין,יג:,פירוש,לא,
3242,קובץ שיטות קמאי על ערכין,כן,ערכין,יג:,פירוש,לא,
3244,קובץ שיטות קמאי על ערכין,כן,ערכין,יג:,פירוש,לא,
3247,קובץ שיטות קמאי על ערכין,כן,ערכין,יד.,פירוש,לא,
3249,קובץ שיטות קמאי על ערכין,כן,ערכין,יד.,פירוש,לא,
3251,קובץ שיטות קמאי על ערכין,כן,ערכין,יד.,פירוש,לא,
3253,קובץ שיטות קמאי על ערכין,כן,ערכין,יד.,פירוש,לא,
3255,קובץ שיטות קמאי על ערכין,כן,ערכין,יד.,פירוש,לא,
3257,קובץ שיטות קמאי על ערכין,כן,ערכין,יד.,פירוש,לא,
3259,קובץ שיטות קמאי על ערכין,כן,ערכין,יד.,פירוש,לא,
3261,קובץ שיטות קמאי על ערכין,כן,ערכין,יד.,פירוש,לא,
3263,קובץ שיטות קמאי על ערכין,כן,ערכין,יד.,פירוש,לא,
3265,קובץ שיטות קמאי על ערכין,כן,ערכין,יד.,פירוש,לא,
3267,קובץ שיטות קמאי על ערכין,כן,ערכין,יד.,פירוש,לא,
3269,קובץ שיטות קמאי על ערכין,כן,ערכין,יד.,פירוש,לא,
3271,קובץ שיטות קמאי על ערכין,כן,ערכין,יד.,פירוש,לא,
3272,קובץ שיטות קמאי על ערכין,כן,ערכין,יד.,פירוש,לא,
3274,קובץ שיטות קמאי על ערכין,כן,ערכין,יד.,פירוש,לא,
3275,קובץ שיטות קמאי על ערכין,כן,ערכין,יד.,פירוש,לא,
3276,קובץ שיטות קמאי על ערכין,כן,ערכין,יד.,פירוש,לא,
3277,קובץ שיטות קמאי על ערכין,כן,ערכין,יד.,פירוש,לא,
3278,קובץ שיטות קמאי על ערכין,כן,ערכין,יד.,פירוש,לא,
3279,קובץ שיטות קמאי על ערכין,כן,ערכין,יד.,פירוש,לא,
3281,קובץ שיטות קמאי על ערכין,כן,ערכין,יד.,פירוש,לא,
3282,קובץ שיטות קמאי על ערכין,כן,ערכין,יד.,פירוש,לא,
3284,קובץ שיטות קמאי על ערכין,כן,ערכין,יד.,פירוש,לא,
3286,קובץ שיטות קמאי על ערכין,כן,ערכין,יד.,פירוש,לא,
3288,קובץ שיטות קמאי על ערכין,כן,ערכין,יד.,פירוש,לא,
3290,קובץ שיטות קמאי על ערכין,כן,ערכין,יד.,פירוש,לא,
3292,קובץ שיטות קמאי על ערכין,כן,ערכין,יד.,פירוש,לא,
3294,קובץ שיטות קמאי על ערכין,כן,ערכין,יד.,פירוש,לא,
3296,קובץ שיטות קמאי על ערכין,כן,ערכין,יד.,פירוש,לא,
3298,קובץ שיטות קמאי על ערכין,כן,ערכין,יד.,פירוש,לא,
3300,קובץ שיטות קמאי על ערכין,כן,ערכין,יד.,פירוש,לא,
3301,קובץ שיטות קמאי על ערכין,כן,ערכין,יד.,פירוש,לא,
3302,קובץ שיטות קמאי על ערכין,כן,ערכין,יד.,פירוש,לא,
3303,קובץ שיטות קמאי על ערכין,כן,ערכין,יד.,פירוש,לא,
3304,קובץ שיטות קמאי על ערכין,כן,ערכין,יד.,פירוש,לא,
3305,קובץ שיטות קמאי על ערכין,כן,ערכין,יד.,פירוש,לא,
3307,קובץ שיטות קמאי על ערכין,כן,ערכין,יד.,פירוש,לא,
3308,קובץ שיטות קמאי על ערכין,כן,ערכין,יד.,פירוש,לא,
3309,קובץ שיטות קמאי על ערכין,כן,ערכין,יד.,פירוש,לא,
3310,קובץ שיטות קמאי על ערכין,כן,ערכין,יד.,פירוש,לא,
3311,קובץ שיטות קמאי על ערכין,כן,ערכין,יד.,פירוש,לא,
3313,קובץ שיטות קמאי על ערכין,כן,ערכין,יד.,פירוש,לא,
3315,קובץ שיטות קמאי על ערכין,כן,ערכין,יד.,פירוש,לא,
3317,קובץ שיטות קמאי על ערכין,כן,ערכין,יד.,פירוש,לא,
3319,קובץ שיטות קמאי על ערכין,כן,ערכין,יד.,פירוש,לא,
3320,קובץ שיטות קמאי על ערכין,כן,ערכין,יד.,פירוש,לא,
3321,קובץ שיטות קמאי על ערכין,כן,ערכין,יד.,פירוש,לא,
3322,קובץ שיטות קמאי על ערכין,כן,ערכין,יד.,פירוש,לא,
3323,קובץ שיטות קמאי על ערכין,כן,ערכין,יד.,פירוש,לא,
3325,קובץ שיטות קמאי על ערכין,כן,ערכין,יד.,פירוש,לא,
3327,קובץ שיטות קמאי על ערכין,כן,ערכין,יד.,פירוש,לא,
3329,קובץ שיטות קמאי על ערכין,כן,ערכין,יד.,פירוש,לא,
3331,קובץ שיטות קמאי על ערכין,כן,ערכין,יד.,פירוש,לא,
3333,קובץ שיטות קמאי על ערכין,כן,ערכין,יד.,פירוש,לא,
3335,קובץ שיטות קמאי על ערכין,כן,ערכין,יד.,פירוש,לא,
3337,קובץ שיטות קמאי על ערכין,כן,ערכין,יד.,פירוש,לא,
3339,קובץ שיטות קמאי על ערכין,כן,ערכין,יד.,פירוש,לא,
3341,קובץ שיטות קמאי על ערכין,כן,ערכין,יד.,פירוש,לא,
3343,קובץ שיטות קמאי על ערכין,כן,ערכין,יד.,פירוש,לא,
3345,קובץ שיטות קמאי על ערכין,כן,ערכין,יד.,פירוש,לא,
3347,קובץ שיטות קמאי על ערכין,כן,ערכין,יד.,פירוש,לא,
3350,קובץ שיטות קמאי על ערכין,כן,ערכין,יד:,פירוש,לא,
3352,קובץ שיטות קמאי על ערכין,כן,ערכין,יד:,פירוש,לא,
3354,קובץ שיטות קמאי על ערכין,כן,ערכין,יד:,פירוש,לא,
3355,קובץ שיטות קמאי על ערכין,כן,ערכין,יד:,פירוש,לא,
3356,קובץ שיטות קמאי על ערכין,כן,ערכין,יד:,פירוש,לא,
3357,קובץ שיטות קמאי על ערכין,כן,ערכין,יד:,פירוש,לא,
3358,קובץ שיטות קמאי על ערכין,כן,ערכין,יד:,פירוש,לא,
3359,קובץ שיטות קמאי על ערכין,כן,ערכין,יד:,פירוש,לא,
3360,קובץ שיטות קמאי על ערכין,כן,ערכין,יד:,פירוש,לא,
3361,קובץ שיטות קמאי על ערכין,כן,ערכין,יד:,פירוש,לא,
3363,קובץ שיטות קמאי על ערכין,כן,ערכין,יד:,פירוש,לא,
3365,קובץ שיטות קמאי על ערכין,כן,ערכין,יד:,פירוש,לא,
3367,קובץ שיטות קמאי על ערכין,כן,ערכין,יד:,פירוש,לא,
3369,קובץ שיטות קמאי על ערכין,כן,ערכין,יד:,פירוש,לא,
3371,קובץ שיטות קמאי על ערכין,כן,ערכין,יד:,פירוש,לא,
3373,קובץ שיטות קמאי על ערכין,כן,ערכין,יד:,פירוש,לא,
3375,קובץ שיטות קמאי על ערכין,כן,ערכין,יד:,פירוש,לא,
3377,קובץ שיטות קמאי על ערכין,כן,ערכין,יד:,פירוש,לא,
3379,קובץ שיטות קמאי על ערכין,כן,ערכין,יד:,פירוש,לא,
3381,קובץ שיטות קמאי על ערכין,כן,ערכין,יד:,פירוש,לא,
3383,קובץ שיטות קמאי על ערכין,כן,ערכין,יד:,פירוש,לא,
3385,קובץ שיטות קמאי על ערכין,כן,ערכין,יד:,פירוש,לא,
3387,קובץ שיטות קמאי על ערכין,כן,ערכין,יד:,פירוש,לא,
3389,קובץ שיטות קמאי על ערכין,כן,ערכין,יד:,פירוש,לא,
3391,קובץ שיטות קמאי על ערכין,כן,ערכין,יד:,פירוש,לא,
3393,קובץ שיטות קמאי על ערכין,כן,ערכין,יד:,פירוש,לא,
3395,קובץ שיטות קמאי על ערכין,כן,ערכין,יד:,פירוש,לא,
3397,קובץ שיטות קמאי על ערכין,כן,ערכין,יד:,פירוש,לא,
3399,קובץ שיטות קמאי על ערכין,כן,ערכין,יד:,פירוש,לא,
3401,קובץ שיטות קמאי על ערכין,כן,ערכין,יד:,פירוש,לא,
3403,קובץ שיטות קמאי על ערכין,כן,ערכין,יד:,פירוש,לא,
3405,קובץ שיטות קמאי על ערכין,כן,ערכין,יד:,פירוש,לא,
3407,קובץ שיטות קמאי על ערכין,כן,ערכין,יד:,פירוש,לא,
3409,קובץ שיטות קמאי על ערכין,כן,ערכין,יד:,פירוש,לא,
3411,קובץ שיטות קמאי על ערכין,כן,ערכין,יד:,פירוש,לא,
3413,קובץ שיטות קמאי על ערכין,כן,ערכין,יד:,פירוש,לא,
3415,קובץ שיטות קמאי על ערכין,כן,ערכין,יד:,פירוש,לא,
3417,קובץ שיטות קמאי על ערכין,כן,ערכין,יד:,פירוש,לא,
3419,קובץ שיטות קמאי על ערכין,כן,ערכין,יד:,פירוש,לא,
3421,קובץ שיטות קמאי על ערכין,כן,ערכין,יד:,פירוש,לא,
3424,קובץ שיטות קמאי על ערכין,כן,ערכין,טו.,פירוש,לא,
3426,קובץ שיטות קמאי על ערכין,כן,ערכין,טו.,פירוש,לא,
3428,קובץ שיטות קמאי על ערכין,כן,ערכין,טו.,פירוש,לא,
3430,קובץ שיטות קמאי על ערכין,כן,ערכין,טו.,פירוש,לא,
3432,קובץ שיטות קמאי על ערכין,כן,ערכין,טו.,פירוש,לא,
3434,קובץ שיטות קמאי על ערכין,כן,ערכין,טו.,פירוש,לא,
3436,קובץ שיטות קמאי על ערכין,כן,ערכין,טו.,פירוש,לא,
3438,קובץ שיטות קמאי על ערכין,כן,ערכין,טו.,פירוש,לא,
3440,קובץ שיטות קמאי על ערכין,כן,ערכין,טו.,פירוש,לא,
3442,קובץ שיטות קמאי על ערכין,כן,ערכין,טו.,פירוש,לא,
3444,קובץ שיטות קמאי על ערכין,כן,ערכין,טו.,פירוש,לא,
3446,קובץ שיטות קמאי על ערכין,כן,ערכין,טו.,פירוש,לא,
3448,קובץ שיטות קמאי על ערכין,כן,ערכין,טו.,פירוש,לא,
3450,קובץ שיטות קמאי על ערכין,כן,ערכין,טו.,פירוש,לא,
3452,קובץ שיטות קמאי על ערכין,כן,ערכין,טו.,פירוש,לא,
3454,קובץ שיטות קמאי על ערכין,כן,ערכין,טו.,פירוש,לא,
3456,קובץ שיטות קמאי על ערכין,כן,ערכין,טו.,פירוש,לא,
3457,קובץ שיטות קמאי על ערכין,כן,ערכין,טו.,פירוש,לא,
3459,קובץ שיטות קמאי על ערכין,כן,ערכין,טו.,פירוש,לא,
3461,קובץ שיטות קמאי על ערכין,כן,ערכין,טו.,פירוש,לא,
3463,קובץ שיטות קמאי על ערכין,כן,ערכין,טו.,פירוש,לא,
3465,קובץ שיטות קמאי על ערכין,כן,ערכין,טו.,פירוש,לא,
3467,קובץ שיטות קמאי על ערכין,כן,ערכין,טו.,פירוש,לא,
3469,קובץ שיטות קמאי על ערכין,כן,ערכין,טו.,פירוש,לא,
3471,קובץ שיטות קמאי על ערכין,כן,ערכין,טו.,פירוש,לא,
3473,קובץ שיטות קמאי על ערכין,כן,ערכין,טו.,פירוש,לא,
3475,קובץ שיטות קמאי על ערכין,כן,ערכין,טו.,פירוש,לא,
3477,קובץ שיטות קמאי על ערכין,כן,ערכין,טו.,פירוש,לא,
3480,קובץ שיטות קמאי על ערכין,כן,ערכין,טו:,פירוש,לא,
3482,קובץ שיטות קמאי על ערכין,כן,ערכין,טו:,פירוש,לא,
3484,קובץ שיטות קמאי על ערכין,כן,ערכין,טו:,פירוש,לא,
3486,קובץ שיטות קמאי על ערכין,כן,ערכין,טו:,פירוש,לא,
3488,קובץ שיטות קמאי על ערכין,כן,ערכין,טו:,פירוש,לא,
3490,קובץ שיטות קמאי על ערכין,כן,ערכין,טו:,פירוש,לא,
3492,קובץ שיטות קמאי על ערכין,כן,ערכין,טו:,פירוש,לא,
3494,קובץ שיטות קמאי על ערכין,כן,ערכין,טו:,פירוש,לא,
3495,קובץ שיטות קמאי על ערכין,כן,ערכין,טו:,פירוש,לא,
3496,קובץ שיטות קמאי על ערכין,כן,ערכין,טו:,פירוש,לא,
3497,קובץ שיטות קמאי על ערכין,כן,ערכין,טו:,פירוש,לא,
3498,קובץ שיטות קמאי על ערכין,כן,ערכין,טו:,פירוש,לא,
3499,קובץ שיטות קמאי על ערכין,כן,ערכין,טו:,פירוש,לא,
3500,קובץ שיטות קמאי על ערכין,כן,ערכין,טו:,פירוש,לא,
3501,קובץ שיטות קמאי על ערכין,כן,ערכין,טו:,פירוש,לא,
3502,קובץ שיטות קמאי על ערכין,כן,ערכין,טו:,פירוש,לא,
3503,קובץ שיטות קמאי על ערכין,כן,ערכין,טו:,פירוש,לא,
3504,קובץ שיטות קמאי על ערכין,כן,ערכין,טו:,פירוש,לא,
3505,קובץ שיטות קמאי על ערכין,כן,ערכין,טו:,פירוש,לא,
3506,קובץ שיטות קמאי על ערכין,כן,ערכין,טו:,פירוש,לא,
3507,קובץ שיטות קמאי על ערכין,כן,ערכין,טו:,פירוש,לא,
3508,קובץ שיטות קמאי על ערכין,כן,ערכין,טו:,פירוש,לא,
3509,קובץ שיטות קמאי על ערכין,כן,ערכין,טו:,פירוש,לא,
3510,קובץ שיטות קמאי על ערכין,כן,ערכין,טו:,פירוש,לא,
3511,קובץ שיטות קמאי על ערכין,כן,ערכין,טו:,פירוש,לא,
3512,קובץ שיטות קמאי על ערכין,כן,ערכין,טו:,פירוש,לא,
3513,קובץ שיטות קמאי על ערכין,כן,ערכין,טו:,פירוש,לא,
3514,קובץ שיטות קמאי על ערכין,כן,ערכין,טו:,פירוש,לא,
3515,קובץ שיטות קמאי על ערכין,כן,ערכין,טו:,פירוש,לא,
3516,קובץ שיטות קמאי על ערכין,כן,ערכין,טו:,פירוש,לא,
3517,קובץ שיטות קמאי על ערכין,כן,ערכין,טו:,פירוש,לא,
3518,קובץ שיטות קמאי על ערכין,כן,ערכין,טו:,פירוש,לא,
3519,קובץ שיטות קמאי על ערכין,כן,ערכין,טו:,פירוש,לא,
3521,קובץ שיטות קמאי על ערכין,כן,ערכין,טו:,פירוש,לא,
3523,קובץ שיטות קמאי על ערכין,כן,ערכין,טו:,פירוש,לא,
3524,קובץ שיטות קמאי על ערכין,כן,ערכין,טו:,פירוש,לא,
3525,קובץ שיטות קמאי על ערכין,כן,ערכין,טו:,פירוש,לא,
3526,קובץ שיטות קמאי על ערכין,כן,ערכין,טו:,פירוש,לא,
3527,קובץ שיטות קמאי על ערכין,כן,ערכין,טו:,פירוש,לא,
3528,קובץ שיטות קמאי על ערכין,כן,ערכין,טו:,פירוש,לא,
3530,קובץ שיטות קמאי על ערכין,כן,ערכין,טו:,פירוש,לא,
3532,קובץ שיטות קמאי על ערכין,כן,ערכין,טו:,פירוש,לא,
3534,קובץ שיטות קמאי על ערכין,כן,ערכין,טו:,פירוש,לא,
3536,קובץ שיטות קמאי על ערכין,כן,ערכין,טו:,פירוש,לא,
3538,קובץ שיטות קמאי על ערכין,כן,ערכין,טו:,פירוש,לא,
3540,קובץ שיטות קמאי על ערכין,כן,ערכין,טו:,פירוש,לא,
3541,קובץ שיטות קמאי על ערכין,כן,ערכין,טו:,פירוש,לא,
3542,קובץ שיטות קמאי על ערכין,כן,ערכין,טו:,פירוש,לא,
3543,קובץ שיטות קמאי על ערכין,כן,ערכין,טו:,פירוש,לא,
3545,קובץ שיטות קמאי על ערכין,כן,ערכין,טו:,פירוש,לא,
3547,קובץ שיטות קמאי על ערכין,כן,ערכין,טו:,פירוש,לא,
3549,קובץ שיטות קמאי על ערכין,כן,ערכין,טו:,פירוש,לא,
3551,קובץ שיטות קמאי על ערכין,כן,ערכין,טו:,פירוש,לא,
3553,קובץ שיטות קמאי על ערכין,כן,ערכין,טו:,פירוש,לא,
3555,קובץ שיטות קמאי על ערכין,כן,ערכין,טו:,פירוש,לא,
3557,קובץ שיטות קמאי על ערכין,כן,ערכין,טו:,פירוש,לא,
3559,קובץ שיטות קמאי על ערכין,כן,ערכין,טו:,פירוש,לא,
3561,קובץ שיטות קמאי על ערכין,כן,ערכין,טו:,פירוש,לא,
3563,קובץ שיטות קמאי על ערכין,כן,ערכין,טו:,פירוש,לא,
3565,קובץ שיטות קמאי על ערכין,כן,ערכין,טו:,פירוש,לא,
3567,קובץ שיטות קמאי על ערכין,כן,ערכין,טו:,פירוש,לא,
3569,קובץ שיטות קמאי על ערכין,כן,ערכין,טו:,פירוש,לא,
3571,קובץ שיטות קמאי על ערכין,כן,ערכין,טו:,פירוש,לא,
3573,קובץ שיטות קמאי על ערכין,כן,ערכין,טו:,פירוש,לא,
3575,קובץ שיטות קמאי על ערכין,כן,ערכין,טו:,פירוש,לא,
3577,קובץ שיטות קמאי על ערכין,כן,ערכין,טו:,פירוש,לא,
3579,קובץ שיטות קמאי על ערכין,כן,ערכין,טו:,פירוש,לא,
3581,קובץ שיטות קמאי על ערכין,כן,ערכין,טו:,פירוש,לא,
3583,קובץ שיטות קמאי על ערכין,כן,ערכין,טו:,פירוש,לא,
3585,קובץ שיטות קמאי על ערכין,כן,ערכין,טו:,פירוש,לא,
3587,קובץ שיטות קמאי על ערכין,כן,ערכין,טו:,פירוש,לא,
3589,קובץ שיטות קמאי על ערכין,כן,ערכין,טו:,פירוש,לא,
3590,קובץ שיטות קמאי על ערכין,כן,ערכין,טו:,פירוש,לא,
3591,קובץ שיטות קמאי על ערכין,כן,ערכין,טו:,פירוש,לא,
3593,קובץ שיטות קמאי על ערכין,כן,ערכין,טו:,פירוש,לא,
3595,קובץ שיטות קמאי על ערכין,כן,ערכין,טו:,פירוש,לא,
3596,קובץ שיטות קמאי על ערכין,כן,ערכין,טו:,פירוש,לא,
3597,קובץ שיטות קמאי על ערכין,כן,ערכין,טו:,פירוש,לא,
3598,קובץ שיטות קמאי על ערכין,כן,ערכין,טו:,פירוש,לא,
3600,קובץ שיטות קמאי על ערכין,כן,ערכין,טו:,פירוש,לא,
3602,קובץ שיטות קמאי על ערכין,כן,ערכין,טו:,פירוש,לא,
3604,קובץ שיטות קמאי על ערכין,כן,ערכין,טו:,פירוש,לא,
3606,קובץ שיטות קמאי על ערכין,כן,ערכין,טו:,פירוש,לא,
3608,קובץ שיטות קמאי על ערכין,כן,ערכין,טו:,פירוש,לא,
3610,קובץ שיטות קמאי על ערכין,כן,ערכין,טו:,פירוש,לא,
3612,קובץ שיטות קמאי על ערכין,כן,ערכין,טו:,פירוש,לא,
3614,קובץ שיטות קמאי על ערכין,כן,ערכין,טו:,פירוש,לא,
3616,קובץ שיטות קמאי על ערכין,כן,ערכין,טו:,פירוש,לא,
3618,קובץ שיטות קמאי על ערכין,כן,ערכין,טו:,פירוש,לא,
3620,קובץ שיטות קמאי על ערכין,כן,ערכין,טו:,פירוש,לא,
3622,קובץ שיטות קמאי על ערכין,כן,ערכין,טו:,פירוש,לא,
3623,קובץ שיטות קמאי על ערכין,כן,ערכין,טו:,פירוש,לא,
3625,קובץ שיטות קמאי על ערכין,כן,ערכין,טו:,פירוש,לא,
3627,קובץ שיטות קמאי על ערכין,כן,ערכין,טו:,פירוש,לא,
3628,קובץ שיטות קמאי על ערכין,כן,ערכין,טו:,פירוש,לא,
3629,קובץ שיטות קמאי על ערכין,כן,ערכין,טו:,פירוש,לא,
3630,קובץ שיטות קמאי על ערכין,כן,ערכין,טו:,פירוש,לא,
3632,קובץ שיטות קמאי על ערכין,כן,ערכין,טו:,פירוש,לא,
3634,קובץ שיטות קמאי על ערכין,כן,ערכין,טו:,פירוש,לא,
3636,קובץ שיטות קמאי על ערכין,כן,ערכין,טו:,פירוש,לא,
3638,קובץ שיטות קמאי על ערכין,כן,ערכין,טו:,פירוש,לא,
3640,קובץ שיטות קמאי על ערכין,כן,ערכין,טו:,פירוש,לא,
3642,קובץ שיטות קמאי על ערכין,כן,ערכין,טו:,פירוש,לא,
3644,קובץ שיטות קמאי על ערכין,כן,ערכין,טו:,פירוש,לא,
3646,קובץ שיטות קמאי על ערכין,כן,ערכין,טו:,פירוש,לא,
3648,קובץ שיטות קמאי על ערכין,כן,ערכין,טו:,פירוש,לא,
3651,קובץ שיטות קמאי על ערכין,כן,ערכין,טז.,פירוש,לא,
3653,קובץ שיטות קמאי על ערכין,כן,ערכין,טז.,פירוש,לא,
3655,קובץ שיטות קמאי על ערכין,כן,ערכין,טז.,פירוש,לא,
3657,קובץ שיטות קמאי על ערכין,כן,ערכין,טז.,פירוש,לא,
3659,קובץ שיטות קמאי על ערכין,כן,ערכין,טז.,פירוש,לא,
3661,קובץ שיטות קמאי על ערכין,כן,ערכין,טז.,פירוש,לא,
3663,קובץ שיטות קמאי על ערכין,כן,ערכין,טז.,פירוש,לא,
3665,קובץ שיטות קמאי על ערכין,כן,ערכין,טז.,פירוש,לא,
3667,קובץ שיטות קמאי על ערכין,כן,ערכין,טז.,פירוש,לא,
3669,קובץ שיטות קמאי על ערכין,כן,ערכין,טז.,פירוש,לא,
3671,קובץ שיטות קמאי על ערכין,כן,ערכין,טז.,פירוש,לא,
3673,קובץ שיטות קמאי על ערכין,כן,ערכין,טז.,פירוש,לא,
3675,קובץ שיטות קמאי על ערכין,כן,ערכין,טז.,פירוש,לא,
3677,קובץ שיטות קמאי על ערכין,כן,ערכין,טז.,פירוש,לא,
3679,קובץ שיטות קמאי על ערכין,כן,ערכין,טז.,פירוש,לא,
3681,קובץ שיטות קמאי על ערכין,כן,ערכין,טז.,פירוש,לא,
3683,קובץ שיטות קמאי על ערכין,כן,ערכין,טז.,פירוש,לא,
3685,קובץ שיטות קמאי על ערכין,כן,ערכין,טז.,פירוש,לא,
3687,קובץ שיטות קמאי על ערכין,כן,ערכין,טז.,פירוש,לא,
3689,קובץ שיטות קמאי על ערכין,כן,ערכין,טז.,פירוש,לא,
3691,קובץ שיטות קמאי על ערכין,כן,ערכין,טז.,פירוש,לא,
3693,קובץ שיטות קמאי על ערכין,כן,ערכין,טז.,פירוש,לא,
3695,קובץ שיטות קמאי על ערכין,כן,ערכין,טז.,פירוש,לא,
3697,קובץ שיטות קמאי על ערכין,כן,ערכין,טז.,פירוש,לא,
3699,קובץ שיטות קמאי על ערכין,כן,ערכין,טז.,פירוש,לא,
3700,קובץ שיטות קמאי על ערכין,כן,ערכין,טז.,פירוש,לא,
3701,קובץ שיטות קמאי על ערכין,כן,ערכין,טז.,פירוש,לא,
3702,קובץ שיטות קמאי על ערכין,כן,ערכין,טז.,פירוש,לא,
3703,קובץ שיטות קמאי על ערכין,כן,ערכין,טז.,פירוש,לא,
3704,קובץ שיטות קמאי על ערכין,כן,ערכין,טז.,פירוש,לא,
3705,קובץ שיטות קמאי על ערכין,כן,ערכין,טז.,פירוש,לא,
3706,קובץ שיטות קמאי על ערכין,כן,ערכין,טז.,פירוש,לא,
3707,קובץ שיטות קמאי על ערכין,כן,ערכין,טז.,פירוש,לא,
3708,קובץ שיטות קמאי על ערכין,כן,ערכין,טז.,פירוש,לא,
3710,קובץ שיטות קמאי על ערכין,כן,ערכין,טז.,פירוש,לא,
3712,קובץ שיטות קמאי על ערכין,כן,ערכין,טז.,פירוש,לא,
3714,קובץ שיטות קמאי על ערכין,כן,ערכין,טז.,פירוש,לא,
3716,קובץ שיטות קמאי על ערכין,כן,ערכין,טז.,פירוש,לא,
3718,קובץ שיטות קמאי על ערכין,כן,ערכין,טז.,פירוש,לא,
3720,קובץ שיטות קמאי על ערכין,כן,ערכין,טז.,פירוש,לא,
3722,קובץ שיטות קמאי על ערכין,כן,ערכין,טז.,פירוש,לא,
3724,קובץ שיטות קמאי על ערכין,כן,ערכין,טז.,פירוש,לא,
3726,קובץ שיטות קמאי על ערכין,כן,ערכין,טז.,פירוש,לא,
3728,קובץ שיטות קמאי על ערכין,כן,ערכין,טז.,פירוש,לא,
3730,קובץ שיטות קמאי על ערכין,כן,ערכין,טז.,פירוש,לא,
3732,קובץ שיטות קמאי על ערכין,כן,ערכין,טז.,פירוש,לא,
3734,קובץ שיטות קמאי על ערכין,כן,ערכין,טז.,פירוש,לא,
3737,קובץ שיטות קמאי על ערכין,כן,ערכין,טז:,פירוש,לא,
3739,קובץ שיטות קמאי על ערכין,כן,ערכין,טז:,פירוש,לא,
3740,קובץ שיטות קמאי על ערכין,כן,ערכין,טז:,פירוש,לא,
3741,קובץ שיטות קמאי על ערכין,כן,ערכין,טז:,פירוש,לא,
3742,קובץ שיטות קמאי על ערכין,כן,ערכין,טז:,פירוש,לא,
3743,קובץ שיטות קמאי על ערכין,כן,ערכין,טז:,פירוש,לא,
3744,קובץ שיטות קמאי על ערכין,כן,ערכין,טז:,פירוש,לא,
3746,קובץ שיטות קמאי על ערכין,כן,ערכין,טז:,פירוש,לא,
3747,קובץ שיטות קמאי על ערכין,כן,ערכין,טז:,פירוש,לא,
3748,קובץ שיטות קמאי על ערכין,כן,ערכין,טז:,פירוש,לא,
3749,קובץ שיטות קמאי על ערכין,כן,ערכין,טז:,פירוש,לא,
3750,קובץ שיטות קמאי על ערכין,כן,ערכין,טז:,פירוש,לא,
3752,קובץ שיטות קמאי על ערכין,כן,ערכין,טז:,פירוש,לא,
3754,קובץ שיטות קמאי על ערכין,כן,ערכין,טז:,פירוש,לא,
3756,קובץ שיטות קמאי על ערכין,כן,ערכין,טז:,פירוש,לא,
3758,קובץ שיטות קמאי על ערכין,כן,ערכין,טז:,פירוש,לא,
3760,קובץ שיטות קמאי על ערכין,כן,ערכין,טז:,פירוש,לא,
3762,קובץ שיטות קמאי על ערכין,כן,ערכין,טז:,פירוש,לא,
3764,קובץ שיטות קמאי על ערכין,כן,ערכין,טז:,פירוש,לא,
3766,קובץ שיטות קמאי על ערכין,כן,ערכין,טז:,פירוש,לא,
3768,קובץ שיטות קמאי על ערכין,כן,ערכין,טז:,פירוש,לא,
3770,קובץ שיטות קמאי על ערכין,כן,ערכין,טז:,פירוש,לא,
3772,קובץ שיטות קמאי על ערכין,כן,ערכין,טז:,פירוש,לא,
3774,קובץ שיטות קמאי על ערכין,כן,ערכין,טז:,פירוש,לא,
3776,קובץ שיטות קמאי על ערכין,כן,ערכין,טז:,פירוש,לא,
3778,קובץ שיטות קמאי על ערכין,כן,ערכין,טז:,פירוש,לא,
3780,קובץ שיטות קמאי על ערכין,כן,ערכין,טז:,פירוש,לא,
3782,קובץ שיטות קמאי על ערכין,כן,ערכין,טז:,פירוש,לא,
3784,קובץ שיטות קמאי על ערכין,כן,ערכין,טז:,פירוש,לא,
3786,קובץ שיטות קמאי על ערכין,כן,ערכין,טז:,פירוש,לא,
3788,קובץ שיטות קמאי על ערכין,כן,ערכין,טז:,פירוש,לא,
3790,קובץ שיטות קמאי על ערכין,כן,ערכין,טז:,פירוש,לא,
3792,קובץ שיטות קמאי על ערכין,כן,ערכין,טז:,פירוש,לא,
3794,קובץ שיטות קמאי על ערכין,כן,ערכין,טז:,פירוש,לא,
3796,קובץ שיטות קמאי על ערכין,כן,ערכין,טז:,פירוש,לא,
3798,קובץ שיטות קמאי על ערכין,כן,ערכין,טז:,פירוש,לא,
3800,קובץ שיטות קמאי על ערכין,כן,ערכין,טז:,פירוש,לא,
3802,קובץ שיטות קמאי על ערכין,כן,ערכין,טז:,פירוש,לא,
3804,קובץ שיטות קמאי על ערכין,כן,ערכין,טז:,פירוש,לא,
3806,קובץ שיטות קמאי על ערכין,כן,ערכין,טז:,פירוש,לא,
3808,קובץ שיטות קמאי על ערכין,כן,ערכין,טז:,פירוש,לא,
3810,קובץ שיטות קמאי על ערכין,כן,ערכין,טז:,פירוש,לא,
3812,קובץ שיטות קמאי על ערכין,כן,ערכין,טז:,פירוש,לא,
3814,קובץ שיטות קמאי על ערכין,כן,ערכין,טז:,פירוש,לא,
3816,קובץ שיטות קמאי על ערכין,כן,ערכין,טז:,פירוש,לא,
3818,קובץ שיטות קמאי על ערכין,כן,ערכין,טז:,פירוש,לא,
3820,קובץ שיטות קמאי על ערכין,כן,ערכין,טז:,פירוש,לא,
3822,קובץ שיטות קמאי על ערכין,כן,ערכין,טז:,פירוש,לא,
3824,קובץ שיטות קמאי על ערכין,כן,ערכין,טז:,פירוש,לא,
3826,קובץ שיטות קמאי על ערכין,כן,ערכין,טז:,פירוש,לא,
3828,קובץ שיטות קמאי על ערכין,כן,ערכין,טז:,פירוש,לא,
3830,קובץ שיטות קמאי על ערכין,כן,ערכין,טז:,פירוש,לא,
3832,קובץ שיטות קמאי על ערכין,כן,ערכין,טז:,פירוש,לא,
3834,קובץ שיטות קמאי על ערכין,כן,ערכין,טז:,פירוש,לא,
3836,קובץ שיטות קמאי על ערכין,כן,ערכין,טז:,פירוש,לא,
3838,קובץ שיטות קמאי על ערכין,כן,ערכין,טז:,פירוש,לא,
3840,קובץ שיטות קמאי על ערכין,כן,ערכין,טז:,פירוש,לא,
3842,קובץ שיטות קמאי על ערכין,כן,ערכין,טז:,פירוש,לא,
3844,קובץ שיטות קמאי על ערכין,כן,ערכין,טז:,פירוש,לא,
3846,קובץ שיטות קמאי על ערכין,כן,ערכין,טז:,פירוש,לא,
3848,קובץ שיטות קמאי על ערכין,כן,ערכין,טז:,פירוש,לא,
3850,קובץ שיטות קמאי על ערכין,כן,ערכין,טז:,פירוש,לא,
3852,קובץ שיטות קמאי על ערכין,כן,ערכין,טז:,פירוש,לא,
3854,קובץ שיטות קמאי על ערכין,כן,ערכין,טז:,פירוש,לא,
3856,קובץ שיטות קמאי על ערכין,כן,ערכין,טז:,פירוש,לא,
3858,קובץ שיטות קמאי על ערכין,כן,ערכין,טז:,פירוש,לא,
3860,קובץ שיטות קמאי על ערכין,כן,ערכין,טז:,פירוש,לא,
3862,קובץ שיטות קמאי על ערכין,כן,ערכין,טז:,פירוש,לא,
3864,קובץ שיטות קמאי על ערכין,כן,ערכין,טז:,פירוש,לא,
3866,קובץ שיטות קמאי על ערכין,כן,ערכין,טז:,פירוש,לא,
3868,קובץ שיטות קמאי על ערכין,כן,ערכין,טז:,פירוש,לא,
3870,קובץ שיטות קמאי על ערכין,כן,ערכין,טז:,פירוש,לא,
3872,קובץ שיטות קמאי על ערכין,כן,ערכין,טז:,פירוש,לא,
3874,קובץ שיטות קמאי על ערכין,כן,ערכין,טז:,פירוש,לא,
3876,קובץ שיטות קמאי על ערכין,כן,ערכין,טז:,פירוש,לא,
3878,קובץ שיטות קמאי על ערכין,כן,ערכין,טז:,פירוש,לא,
3880,קובץ שיטות קמאי על ערכין,כן,ערכין,טז:,פירוש,לא,
3882,קובץ שיטות קמאי על ערכין,כן,ערכין,טז:,פירוש,לא,
3884,קובץ שיטות קמאי על ערכין,כן,ערכין,טז:,פירוש,לא,
3886,קובץ שיטות קמאי על ערכין,כן,ערכין,טז:,פירוש,לא,
3887,קובץ שיטות קמאי על ערכין,כן,ערכין,טז:,פירוש,לא,
3888,קובץ שיטות קמאי על ערכין,כן,ערכין,טז:,פירוש,לא,
3889,קובץ שיטות קמאי על ערכין,כן,ערכין,טז:,פירוש,לא,
3890,קובץ שיטות קמאי על ערכין,כן,ערכין,טז:,פירוש,לא,
3891,קובץ שיטות קמאי על ערכין,כן,ערכין,טז:,פירוש,לא,
3893,קובץ שיטות קמאי על ערכין,כן,ערכין,טז:,פירוש,לא,
3894,קובץ שיטות קמאי על ערכין,כן,ערכין,טז:,פירוש,לא,
3895,קובץ שיטות קמאי על ערכין,כן,ערכין,טז:,פירוש,לא,
3896,קובץ שיטות קמאי על ערכין,כן,ערכין,טז:,פירוש,לא,
3897,קובץ שיטות קמאי על ערכין,כן,ערכין,טז:,פירוש,לא,
3898,קובץ שיטות קמאי על ערכין,כן,ערכין,טז:,פירוש,לא,
3899,קובץ שיטות קמאי על ערכין,כן,ערכין,טז:,פירוש,לא,
3900,קובץ שיטות קמאי על ערכין,כן,ערכין,טז:,פירוש,לא,
3901,קובץ שיטות קמאי על ערכין,כן,ערכין,טז:,פירוש,לא,
3902,קובץ שיטות קמאי על ערכין,כן,ערכין,טז:,פירוש,לא,
3903,קובץ שיטות קמאי על ערכין,כן,ערכין,טז:,פירוש,לא,
3904,קובץ שיטות קמאי על ערכין,כן,ערכין,טז:,פירוש,לא,
3906,קובץ שיטות קמאי על ערכין,כן,ערכין,טז:,פירוש,לא,
3908,קובץ שיטות קמאי על ערכין,כן,ערכין,טז:,פירוש,לא,
3910,קובץ שיטות קמאי על ערכין,כן,ערכין,טז:,פירוש,לא,
3913,קובץ שיטות קמאי על ערכין,כן,ערכין,יז.,פירוש,לא,
3915,קובץ שיטות קמאי על ערכין,כן,ערכין,יז.,פירוש,לא,
3917,קובץ שיטות קמאי על ערכין,כן,ערכין,יז.,פירוש,לא,
3919,קובץ שיטות קמאי על ערכין,כן,ערכין,יז.,פירוש,לא,
3921,קובץ שיטות קמאי על ערכין,כן,ערכין,יז.,פירוש,לא,
3923,קובץ שיטות קמאי על ערכין,כן,ערכין,יז.,פירוש,לא,
3925,קובץ שיטות קמאי על ערכין,כן,ערכין,יז.,פירוש,לא,
3927,קובץ שיטות קמאי על ערכין,כן,ערכין,יז.,פירוש,לא,
3929,קובץ שיטות קמאי על ערכין,כן,ערכין,יז.,פירוש,לא,
3931,קובץ שיטות קמאי על ערכין,כן,ערכין,יז.,פירוש,לא,
3933,קובץ שיטות קמאי על ערכין,כן,ערכין,יז.,פירוש,לא,
3935,קובץ שיטות קמאי על ערכין,כן,ערכין,יז.,פירוש,לא,
3937,קובץ שיטות קמאי על ערכין,כן,ערכין,יז.,פירוש,לא,
3939,קובץ שיטות קמאי על ערכין,כן,ערכין,יז.,פירוש,לא,
3942,קובץ שיטות קמאי על ערכין,כן,ערכין,יז:,פירוש,לא,
3944,קובץ שיטות קמאי על ערכין,כן,ערכין,יז:,פירוש,לא,
3946,קובץ שיטות קמאי על ערכין,כן,ערכין,יז:,פירוש,לא,
3948,קובץ שיטות קמאי על ערכין,כן,ערכין,יז:,פירוש,לא,
3950,קובץ שיטות קמאי על ערכין,כן,ערכין,יז:,פירוש,לא,
3952,קובץ שיטות קמאי על ערכין,כן,ערכין,יז:,פירוש,לא,
3954,קובץ שיטות קמאי על ערכין,כן,ערכין,יז:,פירוש,לא,
3956,קובץ שיטות קמאי על ערכין,כן,ערכין,יז:,פירוש,לא,
3958,קובץ שיטות קמאי על ערכין,כן,ערכין,יז:,פירוש,לא,
3960,קובץ שיטות קמאי על ערכין,כן,ערכין,יז:,פירוש,לא,
3962,קובץ שיטות קמאי על ערכין,כן,ערכין,יז:,פירוש,לא,
3964,קובץ שיטות קמאי על ערכין,כן,ערכין,יז:,פירוש,לא,
3966,קובץ שיטות קמאי על ערכין,כן,ערכין,יז:,פירוש,לא,
3968,קובץ שיטות קמאי על ערכין,כן,ערכין,יז:,פירוש,לא,
3969,קובץ שיטות קמאי על ערכין,כן,ערכין,יז:,פירוש,לא,
3971,קובץ שיטות קמאי על ערכין,כן,ערכין,יז:,פירוש,לא,
3973,קובץ שיטות קמאי על ערכין,כן,ערכין,יז:,פירוש,לא,
3975,קובץ שיטות קמאי על ערכין,כן,ערכין,יז:,פירוש,לא,
3977,קובץ שיטות קמאי על ערכין,כן,ערכין,יז:,פירוש,לא,
3979,קובץ שיטות קמאי על ערכין,כן,ערכין,יז:,פירוש,לא,
3981,קובץ שיטות קמאי על ערכין,כן,ערכין,יז:,פירוש,לא,
3983,קובץ שיטות קמאי על ערכין,כן,ערכין,יז:,פירוש,לא,
3984,קובץ שיטות קמאי על ערכין,כן,ערכין,יז:,פירוש,לא,
3986,קובץ שיטות קמאי על ערכין,כן,ערכין,יז:,פירוש,לא,
3988,קובץ שיטות קמאי על ערכין,כן,ערכין,יז:,פירוש,לא,
3990,קובץ שיטות קמאי על ערכין,כן,ערכין,יז:,פירוש,לא,
3992,קובץ שיטות קמאי על ערכין,כן,ערכין,יז:,פירוש,לא,
3994,קובץ שיטות קמאי על ערכין,כן,ערכין,יז:,פירוש,לא,
3995,קובץ שיטות קמאי על ערכין,כן,ערכין,יז:,פירוש,לא,
3996,קובץ שיטות קמאי על ערכין,כן,ערכין,יז:,פירוש,לא,
3997,קובץ שיטות קמאי על ערכין,כן,ערכין,יז:,פירוש,לא,
3998,קובץ שיטות קמאי על ערכין,כן,ערכין,יז:,פירוש,לא,
3999,קובץ שיטות קמאי על ערכין,כן,ערכין,יז:,פירוש,לא,
4000,קובץ שיטות קמאי על ערכין,כן,ערכין,יז:,פירוש,לא,
4002,קובץ שיטות קמאי על ערכין,כן,ערכין,יז:,פירוש,לא,
4004,קובץ שיטות קמאי על ערכין,כן,ערכין,יז:,פירוש,לא,
4006,קובץ שיטות קמאי על ערכין,כן,ערכין,יז:,פירוש,לא,
4008,קובץ שיטות קמאי על ערכין,כן,ערכין,יז:,פירוש,לא,
4010,קובץ שיטות קמאי על ערכין,כן,ערכין,יז:,פירוש,לא,
4012,קובץ שיטות קמאי על ערכין,כן,ערכין,יז:,פירוש,לא,
4014,קובץ שיטות קמאי על ערכין,כן,ערכין,יז:,פירוש,לא,
4016,קובץ שיטות קמאי על ערכין,כן,ערכין,יז:,פירוש,לא,
4018,קובץ שיטות קמאי על ערכין,כן,ערכין,יז:,פירוש,לא,
4020,קובץ שיטות קמאי על ערכין,כן,ערכין,יז:,פירוש,לא,
4022,קובץ שיטות קמאי על ערכין,כן,ערכין,יז:,פירוש,לא,
4024,קובץ שיטות קמאי על ערכין,כן,ערכין,יז:,פירוש,לא,
4026,קובץ שיטות קמאי על ערכין,כן,ערכין,יז:,פירוש,לא,
4029,קובץ שיטות קמאי על ערכין,כן,ערכין,יח.,פירוש,לא,
4031,קובץ שיטות קמאי על ערכין,כן,ערכין,יח.,פירוש,לא,
4033,קובץ שיטות קמאי על ערכין,כן,ערכין,יח.,פירוש,לא,
4035,קובץ שיטות קמאי על ערכין,כן,ערכין,יח.,פירוש,לא,
4037,קובץ שיטות קמאי על ערכין,כן,ערכין,יח.,פירוש,לא,
4039,קובץ שיטות קמאי על ערכין,כן,ערכין,יח.,פירוש,לא,
4040,קובץ שיטות קמאי על ערכין,כן,ערכין,יח.,פירוש,לא,
4041,קובץ שיטות קמאי על ערכין,כן,ערכין,יח.,פירוש,לא,
4043,קובץ שיטות קמאי על ערכין,כן,ערכין,יח.,פירוש,לא,
4045,קובץ שיטות קמאי על ערכין,כן,ערכין,יח.,פירוש,לא,
4047,קובץ שיטות קמאי על ערכין,כן,ערכין,יח.,פירוש,לא,
4049,קובץ שיטות קמאי על ערכין,כן,ערכין,יח.,פירוש,לא,
4050,קובץ שיטות קמאי על ערכין,כן,ערכין,יח.,פירוש,לא,
4052,קובץ שיטות קמאי על ערכין,כן,ערכין,יח.,פירוש,לא,
4054,קובץ שיטות קמאי על ערכין,כן,ערכין,יח.,פירוש,לא,
4056,קובץ שיטות קמאי על ערכין,כן,ערכין,יח.,פירוש,לא,
4058,קובץ שיטות קמאי על ערכין,כן,ערכין,יח.,פירוש,לא,
4060,קובץ שיטות קמאי על ערכין,כן,ערכין,יח.,פירוש,לא,
4062,קובץ שיטות קמאי על ערכין,כן,ערכין,יח.,פירוש,לא,
4064,קובץ שיטות קמאי על ערכין,כן,ערכין,יח.,פירוש,לא,
4066,קובץ שיטות קמאי על ערכין,כן,ערכין,יח.,פירוש,לא,
4068,קובץ שיטות קמאי על ערכין,כן,ערכין,יח.,פירוש,לא,
4070,קובץ שיטות קמאי על ערכין,כן,ערכין,יח.,פירוש,לא,
4072,קובץ שיטות קמאי על ערכין,כן,ערכין,יח.,פירוש,לא,
4074,קובץ שיטות קמאי על ערכין,כן,ערכין,יח.,פירוש,לא,
4076,קובץ שיטות קמאי על ערכין,כן,ערכין,יח.,פירוש,לא,
4078,קובץ שיטות קמאי על ערכין,כן,ערכין,יח.,פירוש,לא,
4080,קובץ שיטות קמאי על ערכין,כן,ערכין,יח.,פירוש,לא,
4082,קובץ שיטות קמאי על ערכין,כן,ערכין,יח.,פירוש,לא,
4084,קובץ שיטות קמאי על ערכין,כן,ערכין,יח.,פירוש,לא,
4086,קובץ שיטות קמאי על ערכין,כן,ערכין,יח.,פירוש,לא,
4088,קובץ שיטות קמאי על ערכין,כן,ערכין,יח.,פירוש,לא,
4090,קובץ שיטות קמאי על ערכין,כן,ערכין,יח.,פירוש,לא,
4092,קובץ שיטות קמאי על ערכין,כן,ערכין,יח.,פירוש,לא,
4094,קובץ שיטות קמאי על ערכין,כן,ערכין,יח.,פירוש,לא,
4096,קובץ שיטות קמאי על ערכין,כן,ערכין,יח.,פירוש,לא,
4098,קובץ שיטות קמאי על ערכין,כן,ערכין,יח.,פירוש,לא,
4100,קובץ שיטות קמאי על ערכין,כן,ערכין,יח.,פירוש,לא,
4102,קובץ שיטות קמאי על ערכין,כן,ערכין,יח.,פירוש,לא,
4104,קובץ שיטות קמאי על ערכין,כן,ערכין,יח.,פירוש,לא,
4106,קובץ שיטות קמאי על ערכין,כן,ערכין,יח.,פירוש,לא,
4108,קובץ שיטות קמאי על ערכין,כן,ערכין,יח.,פירוש,לא,
4110,קובץ שיטות קמאי על ערכין,כן,ערכין,יח.,פירוש,לא,
4112,קובץ שיטות קמאי על ערכין,כן,ערכין,יח.,פירוש,לא,
4114,קובץ שיטות קמאי על ערכין,כן,ערכין,יח.,פירוש,לא,
4116,קובץ שיטות קמאי על ערכין,כן,ערכין,יח.,פירוש,לא,
4118,קובץ שיטות קמאי על ערכין,כן,ערכין,יח.,פירוש,לא,
4120,קובץ שיטות קמאי על ערכין,כן,ערכין,יח.,פירוש,לא,
4122,קובץ שיטות קמאי על ערכין,כן,ערכין,יח.,פירוש,לא,
4124,קובץ שיטות קמאי על ערכין,כן,ערכין,יח.,פירוש,לא,
4126,קובץ שיטות קמאי על ערכין,כן,ערכין,יח.,פירוש,לא,
4128,קובץ שיטות קמאי על ערכין,כן,ערכין,יח.,פירוש,לא,
4130,קובץ שיטות קמאי על ערכין,כן,ערכין,יח.,פירוש,לא,
4132,קובץ שיטות קמאי על ערכין,כן,ערכין,יח.,פירוש,לא,
4134,קובץ שיטות קמאי על ערכין,כן,ערכין,יח.,פירוש,לא,
4136,קובץ שיטות קמאי על ערכין,כן,ערכין,יח.,פירוש,לא,
4138,קובץ שיטות קמאי על ערכין,כן,ערכין,יח.,פירוש,לא,
4140,קובץ שיטות קמאי על ערכין,כן,ערכין,יח.,פירוש,לא,
4142,קובץ שיטות קמאי על ערכין,כן,ערכין,יח.,פירוש,לא,
4144,קובץ שיטות קמאי על ערכין,כן,ערכין,יח.,פירוש,לא,
4146,קובץ שיטות קמאי על ערכין,כן,ערכין,יח.,פירוש,לא,
4148,קובץ שיטות קמאי על ערכין,כן,ערכין,יח.,פירוש,לא,
4150,קובץ שיטות קמאי על ערכין,כן,ערכין,יח.,פירוש,לא,
4152,קובץ שיטות קמאי על ערכין,כן,ערכין,יח.,פירוש,לא,
4154,קובץ שיטות קמאי על ערכין,כן,ערכין,יח.,פירוש,לא,
4156,קובץ שיטות קמאי על ערכין,כן,ערכין,יח.,פירוש,לא,
4158,קובץ שיטות קמאי על ערכין,כן,ערכין,יח.,פירוש,לא,
4160,קובץ שיטות קמאי על ערכין,כן,ערכין,יח.,פירוש,לא,
4162,קובץ שיטות קמאי על ערכין,כן,ערכין,יח.,פירוש,לא,
4164,קובץ שיטות קמאי על ערכין,כן,ערכין,יח.,פירוש,לא,
4166,קובץ שיטות קמאי על ערכין,כן,ערכין,יח.,פירוש,לא,
4168,קובץ שיטות קמאי על ערכין,כן,ערכין,יח.,פירוש,לא,
4170,קובץ שיטות קמאי על ערכין,כן,ערכין,יח.,פירוש,לא,
4172,קובץ שיטות קמאי על ערכין,כן,ערכין,יח.,פירוש,לא,
4174,קובץ שיטות קמאי על ערכין,כן,ערכין,יח.,פירוש,לא,
4176,קובץ שיטות קמאי על ערכין,כן,ערכין,יח.,פירוש,לא,
4178,קובץ שיטות קמאי על ערכין,כן,ערכין,יח.,פירוש,לא,
4180,קובץ שיטות קמאי על ערכין,כן,ערכין,יח.,פירוש,לא,
4182,קובץ שיטות קמאי על ערכין,כן,ערכין,יח.,פירוש,לא,
4184,קובץ שיטות קמאי על ערכין,כן,ערכין,יח.,פירוש,לא,
4186,קובץ שיטות קמאי על ערכין,כן,ערכין,יח.,פירוש,לא,
4188,קובץ שיטות קמאי על ערכין,כן,ערכין,יח.,פירוש,לא,
4190,קובץ שיטות קמאי על ערכין,כן,ערכין,יח.,פירוש,לא,
4192,קובץ שיטות קמאי על ערכין,כן,ערכין,יח.,פירוש,לא,
4194,קובץ שיטות קמאי על ערכין,כן,ערכין,יח.,פירוש,לא,
4196,קובץ שיטות קמאי על ערכין,כן,ערכין,יח.,פירוש,לא,
4198,קובץ שיטות קמאי על ערכין,כן,ערכין,יח.,פירוש,לא,
4200,קובץ שיטות קמאי על ערכין,כן,ערכין,יח.,פירוש,לא,
4202,קובץ שיטות קמאי על ערכין,כן,ערכין,יח.,פירוש,לא,
4204,קובץ שיטות קמאי על ערכין,כן,ערכין,יח.,פירוש,לא,
4206,קובץ שיטות קמאי על ערכין,כן,ערכין,יח.,פירוש,לא,
4208,קובץ שיטות קמאי על ערכין,כן,ערכין,יח.,פירוש,לא,
4210,קובץ שיטות קמאי על ערכין,כן,ערכין,יח.,פירוש,לא,
4212,קובץ שיטות קמאי על ערכין,כן,ערכין,יח.,פירוש,לא,
4214,קובץ שיטות קמאי על ערכין,כן,ערכין,יח.,פירוש,לא,
4215,קובץ שיטות קמאי על ערכין,כן,ערכין,יח.,פירוש,לא,
4217,קובץ שיטות קמאי על ערכין,כן,ערכין,יח.,פירוש,לא,
4219,קובץ שיטות קמאי על ערכין,כן,ערכין,יח.,פירוש,לא,
4221,קובץ שיטות קמאי על ערכין,כן,ערכין,יח.,פירוש,לא,
4223,קובץ שיטות קמאי על ערכין,כן,ערכין,יח.,פירוש,לא,
4225,קובץ שיטות קמאי על ערכין,כן,ערכין,יח.,פירוש,לא,
4227,קובץ שיטות קמאי על ערכין,כן,ערכין,יח.,פירוש,לא,
4230,קובץ שיטות קמאי על ערכין,כן,ערכין,יח:,פירוש,לא,
4232,קובץ שיטות קמאי על ערכין,כן,ערכין,יח:,פירוש,לא,
4234,קובץ שיטות קמאי על ערכין,כן,ערכין,יח:,פירוש,לא,
4236,קובץ שיטות קמאי על ערכין,כן,ערכין,יח:,פירוש,לא,
4238,קובץ שיטות קמאי על ערכין,כן,ערכין,יח:,פירוש,לא,
4240,קובץ שיטות קמאי על ערכין,כן,ערכין,יח:,פירוש,לא,
4242,קובץ שיטות קמאי על ערכין,כן,ערכין,יח:,פירוש,לא,
4244,קובץ שיטות קמאי על ערכין,כן,ערכין,יח:,פירוש,לא,
4246,קובץ שיטות קמאי על ערכין,כן,ערכין,יח:,פירוש,לא,
4248,קובץ שיטות קמאי על ערכין,כן,ערכין,יח:,פירוש,לא,
4250,קובץ שיטות קמאי על ערכין,כן,ערכין,יח:,פירוש,לא,
4252,קובץ שיטות קמאי על ערכין,כן,ערכין,יח:,פירוש,לא,
4254,קובץ שיטות קמאי על ערכין,כן,ערכין,יח:,פירוש,לא,
4256,קובץ שיטות קמאי על ערכין,כן,ערכין,יח:,פירוש,לא,
4258,קובץ שיטות קמאי על ערכין,כן,ערכין,יח:,פירוש,לא,
4260,קובץ שיטות קמאי על ערכין,כן,ערכין,יח:,פירוש,לא,
4261,קובץ שיטות קמאי על ערכין,כן,ערכין,יח:,פירוש,לא,
4262,קובץ שיטות קמאי על ערכין,כן,ערכין,יח:,פירוש,לא,
4263,קובץ שיטות קמאי על ערכין,כן,ערכין,יח:,פירוש,לא,
4265,קובץ שיטות קמאי על ערכין,כן,ערכין,יח:,פירוש,לא,
4266,קובץ שיטות קמאי על ערכין,כן,ערכין,יח:,פירוש,לא,
4267,קובץ שיטות קמאי על ערכין,כן,ערכין,יח:,פירוש,לא,
4268,קובץ שיטות קמאי על ערכין,כן,ערכין,יח:,פירוש,לא,
4269,קובץ שיטות קמאי על ערכין,כן,ערכין,יח:,פירוש,לא,
4271,קובץ שיטות קמאי על ערכין,כן,ערכין,יח:,פירוש,לא,
4273,קובץ שיטות קמאי על ערכין,כן,ערכין,יח:,פירוש,לא,
4275,קובץ שיטות קמאי על ערכין,כן,ערכין,יח:,פירוש,לא,
4277,קובץ שיטות קמאי על ערכין,כן,ערכין,יח:,פירוש,לא,
4279,קובץ שיטות קמאי על ערכין,כן,ערכין,יח:,פירוש,לא,
4280,קובץ שיטות קמאי על ערכין,כן,ערכין,יח:,פירוש,לא,
4281,קובץ שיטות קמאי על ערכין,כן,ערכין,יח:,פירוש,לא,
4282,קובץ שיטות קמאי על ערכין,כן,ערכין,יח:,פירוש,לא,
4283,קובץ שיטות קמאי על ערכין,כן,ערכין,יח:,פירוש,לא,
4284,קובץ שיטות קמאי על ערכין,כן,ערכין,יח:,פירוש,לא,
4285,קובץ שיטות קמאי על ערכין,כן,ערכין,יח:,פירוש,לא,
4286,קובץ שיטות קמאי על ערכין,כן,ערכין,יח:,פירוש,לא,
4288,קובץ שיטות קמאי על ערכין,כן,ערכין,יח:,פירוש,לא,
4290,קובץ שיטות קמאי על ערכין,כן,ערכין,יח:,פירוש,לא,
4292,קובץ שיטות קמאי על ערכין,כן,ערכין,יח:,פירוש,לא,
4294,קובץ שיטות קמאי על ערכין,כן,ערכין,יח:,פירוש,לא,
4296,קובץ שיטות קמאי על ערכין,כן,ערכין,יח:,פירוש,לא,
4298,קובץ שיטות קמאי על ערכין,כן,ערכין,יח:,פירוש,לא,
4300,קובץ שיטות קמאי על ערכין,כן,ערכין,יח:,פירוש,לא,
4303,קובץ שיטות קמאי על ערכין,כן,ערכין,יט.,פירוש,לא,
4305,קובץ שיטות קמאי על ערכין,כן,ערכין,יט.,פירוש,לא,
4307,קובץ שיטות קמאי על ערכין,כן,ערכין,יט.,פירוש,לא,
4309,קובץ שיטות קמאי על ערכין,כן,ערכין,יט.,פירוש,לא,
4311,קובץ שיטות קמאי על ערכין,כן,ערכין,יט.,פירוש,לא,
4313,קובץ שיטות קמאי על ערכין,כן,ערכין,יט.,פירוש,לא,
4315,קובץ שיטות קמאי על ערכין,כן,ערכין,יט.,פירוש,לא,
4316,קובץ שיטות קמאי על ערכין,כן,ערכין,יט.,פירוש,לא,
4317,קובץ שיטות קמאי על ערכין,כן,ערכין,יט.,פירוש,לא,
4318,קובץ שיטות קמאי על ערכין,כן,ערכין,יט.,פירוש,לא,
4319,קובץ שיטות קמאי על ערכין,כן,ערכין,יט.,פירוש,לא,
4320,קובץ שיטות קמאי על ערכין,כן,ערכין,יט.,פירוש,לא,
4321,קובץ שיטות קמאי על ערכין,כן,ערכין,יט.,פירוש,לא,
4322,קובץ שיטות קמאי על ערכין,כן,ערכין,יט.,פירוש,לא,
4324,קובץ שיטות קמאי על ערכין,כן,ערכין,יט.,פירוש,לא,
4326,קובץ שיטות קמאי על ערכין,כן,ערכין,יט.,פירוש,לא,
4328,קובץ שיטות קמאי על ערכין,כן,ערכין,יט.,פירוש,לא,
4330,קובץ שיטות קמאי על ערכין,כן,ערכין,יט.,פירוש,לא,
4332,קובץ שיטות קמאי על ערכין,כן,ערכין,יט.,פירוש,לא,
4334,קובץ שיטות קמאי על ערכין,כן,ערכין,יט.,פירוש,לא,
4336,קובץ שיטות קמאי על ערכין,כן,ערכין,יט.,פירוש,לא,
4338,קובץ שיטות קמאי על ערכין,כן,ערכין,יט.,פירוש,לא,
4340,קובץ שיטות קמאי על ערכין,כן,ערכין,יט.,פירוש,לא,
4342,קובץ שיטות קמאי על ערכין,כן,ערכין,יט.,פירוש,לא,
4344,קובץ שיטות קמאי על ערכין,כן,ערכין,יט.,פירוש,לא,
4345,קובץ שיטות קמאי על ערכין,כן,ערכין,יט.,פירוש,לא,
4347,קובץ שיטות קמאי על ערכין,כן,ערכין,יט.,פירוש,לא,
4349,קובץ שיטות קמאי על ערכין,כן,ערכין,יט.,פירוש,לא,
4351,קובץ שיטות קמאי על ערכין,כן,ערכין,יט.,פירוש,לא,
4352,קובץ שיטות קמאי על ערכין,כן,ערכין,יט.,פירוש,לא,
4353,קובץ שיטות קמאי על ערכין,כן,ערכין,יט.,פירוש,לא,
4354,קובץ שיטות קמאי על ערכין,כן,ערכין,יט.,פירוש,לא,
4355,קובץ שיטות קמאי על ערכין,כן,ערכין,יט.,פירוש,לא,
4357,קובץ שיטות קמאי על ערכין,כן,ערכין,יט.,פירוש,לא,
4359,קובץ שיטות קמאי על ערכין,כן,ערכין,יט.,פירוש,לא,
4360,קובץ שיטות קמאי על ערכין,כן,ערכין,יט.,פירוש,לא,
4361,קובץ שיטות קמאי על ערכין,כן,ערכין,יט.,פירוש,לא,
4363,קובץ שיטות קמאי על ערכין,כן,ערכין,יט.,פירוש,לא,
4365,קובץ שיטות קמאי על ערכין,כן,ערכין,יט.,פירוש,לא,
4367,קובץ שיטות קמאי על ערכין,כן,ערכין,יט.,פירוש,לא,
4369,קובץ שיטות קמאי על ערכין,כן,ערכין,יט.,פירוש,לא,
4371,קובץ שיטות קמאי על ערכין,כן,ערכין,יט.,פירוש,לא,
4373,קובץ שיטות קמאי על ערכין,כן,ערכין,יט.,פירוש,לא,
4375,קובץ שיטות קמאי על ערכין,כן,ערכין,יט.,פירוש,לא,
4377,קובץ שיטות קמאי על ערכין,כן,ערכין,יט.,פירוש,לא,
4379,קובץ שיטות קמאי על ערכין,כן,ערכין,יט.,פירוש,לא,
4381,קובץ שיטות קמאי על ערכין,כן,ערכין,יט.,פירוש,לא,
4383,קובץ שיטות קמאי על ערכין,כן,ערכין,יט.,פירוש,לא,
4385,קובץ שיטות קמאי על ערכין,כן,ערכין,יט.,פירוש,לא,
4387,קובץ שיטות קמאי על ערכין,כן,ערכין,יט.,פירוש,לא,
4389,קובץ שיטות קמאי על ערכין,כן,ערכין,יט.,פירוש,לא,
4391,קובץ שיטות קמאי על ערכין,כן,ערכין,יט.,פירוש,לא,
4393,קובץ שיטות קמאי על ערכין,כן,ערכין,יט.,פירוש,לא,
4395,קובץ שיטות קמאי על ערכין,כן,ערכין,יט.,פירוש,לא,
4397,קובץ שיטות קמאי על ערכין,כן,ערכין,יט.,פירוש,לא,
4399,קובץ שיטות קמאי על ערכין,כן,ערכין,יט.,פירוש,לא,
4401,קובץ שיטות קמאי על ערכין,כן,ערכין,יט.,פירוש,לא,
4403,קובץ שיטות קמאי על ערכין,כן,ערכין,יט.,פירוש,לא,
4405,קובץ שיטות קמאי על ערכין,כן,ערכין,יט.,פירוש,לא,
4407,קובץ שיטות קמאי על ערכין,כן,ערכין,יט.,פירוש,לא,
4410,קובץ שיטות קמאי על ערכין,כן,ערכין,יט:,פירוש,לא,
4412,קובץ שיטות קמאי על ערכין,כן,ערכין,יט:,פירוש,לא,
4414,קובץ שיטות קמאי על ערכין,כן,ערכין,יט:,פירוש,לא,
4416,קובץ שיטות קמאי על ערכין,כן,ערכין,יט:,פירוש,לא,
4417,קובץ שיטות קמאי על ערכין,כן,ערכין,יט:,פירוש,לא,
4418,קובץ שיטות קמאי על ערכין,כן,ערכין,יט:,פירוש,לא,
4419,קובץ שיטות קמאי על ערכין,כן,ערכין,יט:,פירוש,לא,
4420,קובץ שיטות קמאי על ערכין,כן,ערכין,יט:,פירוש,לא,
4421,קובץ שיטות קמאי על ערכין,כן,ערכין,יט:,פירוש,לא,
4423,קובץ שיטות קמאי על ערכין,כן,ערכין,יט:,פירוש,לא,
4425,קובץ שיטות קמאי על ערכין,כן,ערכין,יט:,פירוש,לא,
4427,קובץ שיטות קמאי על ערכין,כן,ערכין,יט:,פירוש,לא,
4429,קובץ שיטות קמאי על ערכין,כן,ערכין,יט:,פירוש,לא,
4430,קובץ שיטות קמאי על ערכין,כן,ערכין,יט:,פירוש,לא,
4432,קובץ שיטות קמאי על ערכין,כן,ערכין,יט:,פירוש,לא,
4434,קובץ שיטות קמאי על ערכין,כן,ערכין,יט:,פירוש,לא,
4436,קובץ שיטות קמאי על ערכין,כן,ערכין,יט:,פירוש,לא,
4438,קובץ שיטות קמאי על ערכין,כן,ערכין,יט:,פירוש,לא,
4440,קובץ שיטות קמאי על ערכין,כן,ערכין,יט:,פירוש,לא,
4442,קובץ שיטות קמאי על ערכין,כן,ערכין,יט:,פירוש,לא,
4444,קובץ שיטות קמאי על ערכין,כן,ערכין,יט:,פירוש,לא,
4446,קובץ שיטות קמאי על ערכין,כן,ערכין,יט:,פירוש,לא,
4448,קובץ שיטות קמאי על ערכין,כן,ערכין,יט:,פירוש,לא,
4450,קובץ שיטות קמאי על ערכין,כן,ערכין,יט:,פירוש,לא,
4452,קובץ שיטות קמאי על ערכין,כן,ערכין,יט:,פירוש,לא,
4454,קובץ שיטות קמאי על ערכין,כן,ערכין,יט:,פירוש,לא,
4456,קובץ שיטות קמאי על ערכין,כן,ערכין,יט:,פירוש,לא,
4458,קובץ שיטות קמאי על ערכין,כן,ערכין,יט:,פירוש,לא,
4460,קובץ שיטות קמאי על ערכין,כן,ערכין,יט:,פירוש,לא,
4462,קובץ שיטות קמאי על ערכין,כן,ערכין,יט:,פירוש,לא,
4464,קובץ שיטות קמאי על ערכין,כן,ערכין,יט:,פירוש,לא,
4466,קובץ שיטות קמאי על ערכין,כן,ערכין,יט:,פירוש,לא,
4468,קובץ שיטות קמאי על ערכין,כן,ערכין,יט:,פירוש,לא,
4470,קובץ שיטות קמאי על ערכין,כן,ערכין,יט:,פירוש,לא,
4472,קובץ שיטות קמאי על ערכין,כן,ערכין,יט:,פירוש,לא,
4474,קובץ שיטות קמאי על ערכין,כן,ערכין,יט:,פירוש,לא,
4476,קובץ שיטות קמאי על ערכין,כן,ערכין,יט:,פירוש,לא,
4478,קובץ שיטות קמאי על ערכין,כן,ערכין,יט:,פירוש,לא,
4480,קובץ שיטות קמאי על ערכין,כן,ערכין,יט:,פירוש,לא,
4482,קובץ שיטות קמאי על ערכין,כן,ערכין,יט:,פירוש,לא,
4484,קובץ שיטות קמאי על ערכין,כן,ערכין,יט:,פירוש,לא,
4486,קובץ שיטות קמאי על ערכין,כן,ערכין,יט:,פירוש,לא,
4488,קובץ שיטות קמאי על ערכין,כן,ערכין,יט:,פירוש,לא,
4490,קובץ שיטות קמאי על ערכין,כן,ערכין,יט:,פירוש,לא,
4492,קובץ שיטות קמאי על ערכין,כן,ערכין,יט:,פירוש,לא,
4493,קובץ שיטות קמאי על ערכין,כן,ערכין,יט:,פירוש,לא,
4495,קובץ שיטות קמאי על ערכין,כן,ערכין,יט:,פירוש,לא,
4497,קובץ שיטות קמאי על ערכין,כן,ערכין,יט:,פירוש,לא,
4499,קובץ שיטות קמאי על ערכין,כן,ערכין,יט:,פירוש,לא,
4501,קובץ שיטות קמאי על ערכין,כן,ערכין,יט:,פירוש,לא,
4503,קובץ שיטות קמאי על ערכין,כן,ערכין,יט:,פירוש,לא,
4505,קובץ שיטות קמאי על ערכין,כן,ערכין,יט:,פירוש,לא,
4507,קובץ שיטות קמאי על ערכין,כן,ערכין,יט:,פירוש,לא,
4509,קובץ שיטות קמאי על ערכין,כן,ערכין,יט:,פירוש,לא,
4511,קובץ שיטות קמאי על ערכין,כן,ערכין,יט:,פירוש,לא,
4513,קובץ שיטות קמאי על ערכין,כן,ערכין,יט:,פירוש,לא,
4515,קובץ שיטות קמאי על ערכין,כן,ערכין,יט:,פירוש,לא,
4517,קובץ שיטות קמאי על ערכין,כן,ערכין,יט:,פירוש,לא,
4519,קובץ שיטות קמאי על ערכין,כן,ערכין,יט:,פירוש,לא,
4520,קובץ שיטות קמאי על ערכין,כן,ערכין,יט:,פירוש,לא,
4522,קובץ שיטות קמאי על ערכין,כן,ערכין,יט:,פירוש,לא,
4524,קובץ שיטות קמאי על ערכין,כן,ערכין,יט:,פירוש,לא,
4526,קובץ שיטות קמאי על ערכין,כן,ערכין,יט:,פירוש,לא,
4528,קובץ שיטות קמאי על ערכין,כן,ערכין,יט:,פירוש,לא,
4530,קובץ שיטות קמאי על ערכין,כן,ערכין,יט:,פירוש,לא,
4532,קובץ שיטות קמאי על ערכין,כן,ערכין,יט:,פירוש,לא,
4534,קובץ שיטות קמאי על ערכין,כן,ערכין,יט:,פירוש,לא,
4536,קובץ שיטות קמאי על ערכין,כן,ערכין,יט:,פירוש,לא,
4538,קובץ שיטות קמאי על ערכין,כן,ערכין,יט:,פירוש,לא,
4540,קובץ שיטות קמאי על ערכין,כן,ערכין,יט:,פירוש,לא,
4542,קובץ שיטות קמאי על ערכין,כן,ערכין,יט:,פירוש,לא,
4544,קובץ שיטות קמאי על ערכין,כן,ערכין,יט:,פירוש,לא,
4546,קובץ שיטות קמאי על ערכין,כן,ערכין,יט:,פירוש,לא,
4548,קובץ שיטות קמאי על ערכין,כן,ערכין,יט:,פירוש,לא,
4550,קובץ שיטות קמאי על ערכין,כן,ערכין,יט:,פירוש,לא,
4552,קובץ שיטות קמאי על ערכין,כן,ערכין,יט:,פירוש,לא,
4554,קובץ שיטות קמאי על ערכין,כן,ערכין,יט:,פירוש,לא,
4557,קובץ שיטות קמאי על ערכין,כן,ערכין,כ.,פירוש,לא,
4559,קובץ שיטות קמאי על ערכין,כן,ערכין,כ.,פירוש,לא,
4560,קובץ שיטות קמאי על ערכין,כן,ערכין,כ.,פירוש,לא,
4562,קובץ שיטות קמאי על ערכין,כן,ערכין,כ.,פירוש,לא,
4564,קובץ שיטות קמאי על ערכין,כן,ערכין,כ.,פירוש,לא,
4566,קובץ שיטות קמאי על ערכין,כן,ערכין,כ.,פירוש,לא,
4568,קובץ שיטות קמאי על ערכין,כן,ערכין,כ.,פירוש,לא,
4570,קובץ שיטות קמאי על ערכין,כן,ערכין,כ.,פירוש,לא,
4572,קובץ שיטות קמאי על ערכין,כן,ערכין,כ.,פירוש,לא,
4574,קובץ שיטות קמאי על ערכין,כן,ערכין,כ.,פירוש,לא,
4576,קובץ שיטות קמאי על ערכין,כן,ערכין,כ.,פירוש,לא,
4578,קובץ שיטות קמאי על ערכין,כן,ערכין,כ.,פירוש,לא,
4580,קובץ שיטות קמאי על ערכין,כן,ערכין,כ.,פירוש,לא,
4582,קובץ שיטות קמאי על ערכין,כן,ערכין,כ.,פירוש,לא,
4584,קובץ שיטות קמאי על ערכין,כן,ערכין,כ.,פירוש,לא,
4586,קובץ שיטות קמאי על ערכין,כן,ערכין,כ.,פירוש,לא,
4588,קובץ שיטות קמאי על ערכין,כן,ערכין,כ.,פירוש,לא,
4590,קובץ שיטות קמאי על ערכין,כן,ערכין,כ.,פירוש,לא,
4592,קובץ שיטות קמאי על ערכין,כן,ערכין,כ.,פירוש,לא,
4594,קובץ שיטות קמאי על ערכין,כן,ערכין,כ.,פירוש,לא,
4596,קובץ שיטות קמאי על ערכין,כן,ערכין,כ.,פירוש,לא,
4598,קובץ שיטות קמאי על ערכין,כן,ערכין,כ.,פירוש,לא,
4600,קובץ שיטות קמאי על ערכין,כן,ערכין,כ.,פירוש,לא,
4602,קובץ שיטות קמאי על ערכין,כן,ערכין,כ.,פירוש,לא,
4604,קובץ שיטות קמאי על ערכין,כן,ערכין,כ.,פירוש,לא,
4605,קובץ שיטות קמאי על ערכין,כן,ערכין,כ.,פירוש,לא,
4606,קובץ שיטות קמאי על ערכין,כן,ערכין,כ.,פירוש,לא,
4608,קובץ שיטות קמאי על ערכין,כן,ערכין,כ.,פירוש,לא,
4610,קובץ שיטות קמאי על ערכין,כן,ערכין,כ.,פירוש,לא,
4612,קובץ שיטות קמאי על ערכין,כן,ערכין,כ.,פירוש,לא,
4614,קובץ שיטות קמאי על ערכין,כן,ערכין,כ.,פירוש,לא,
4616,קובץ שיטות קמאי על ערכין,כן,ערכין,כ.,פירוש,לא,
4619,קובץ שיטות קמאי על ערכין,כן,ערכין,כ:,פירוש,לא,
4621,קובץ שיטות קמאי על ערכין,כן,ערכין,כ:,פירוש,לא,
4623,קובץ שיטות קמאי על ערכין,כן,ערכין,כ:,פירוש,לא,
4625,קובץ שיטות קמאי על ערכין,כן,ערכין,כ:,פירוש,לא,
4627,קובץ שיטות קמאי על ערכין,כן,ערכין,כ:,פירוש,לא,
4629,קובץ שיטות קמאי על ערכין,כן,ערכין,כ:,פירוש,לא,
4631,קובץ שיטות קמאי על ערכין,כן,ערכין,כ:,פירוש,לא,
4633,קובץ שיטות קמאי על ערכין,כן,ערכין,כ:,פירוש,לא,
4635,קובץ שיטות קמאי על ערכין,כן,ערכין,כ:,פירוש,לא,
4637,קובץ שיטות קמאי על ערכין,כן,ערכין,כ:,פירוש,לא,
4639,קובץ שיטות קמאי על ערכין,כן,ערכין,כ:,פירוש,לא,
4641,קובץ שיטות קמאי על ערכין,כן,ערכין,כ:,פירוש,לא,
4643,קובץ שיטות קמאי על ערכין,כן,ערכין,כ:,פירוש,לא,
4645,קובץ שיטות קמאי על ערכין,כן,ערכין,כ:,פירוש,לא,
4647,קובץ שיטות קמאי על ערכין,כן,ערכין,כ:,פירוש,לא,
4649,קובץ שיטות קמאי על ערכין,כן,ערכין,כ:,פירוש,לא,
4652,קובץ שיטות קמאי על ערכין,כן,ערכין,כא.,פירוש,לא,
4654,קובץ שיטות קמאי על ערכין,כן,ערכין,כא.,פירוש,לא,
4656,קובץ שיטות קמאי על ערכין,כן,ערכין,כא.,פירוש,לא,
4657,קובץ שיטות קמאי על ערכין,כן,ערכין,כא.,פירוש,לא,
4658,קובץ שיטות קמאי על ערכין,כן,ערכין,כא.,פירוש,לא,
4659,קובץ שיטות קמאי על ערכין,כן,ערכין,כא.,פירוש,לא,
4660,קובץ שיטות קמאי על ערכין,כן,ערכין,כא.,פירוש,לא,
4661,קובץ שיטות קמאי על ערכין,כן,ערכין,כא.,פירוש,לא,
4663,קובץ שיטות קמאי על ערכין,כן,ערכין,כא.,פירוש,לא,
4665,קובץ שיטות קמאי על ערכין,כן,ערכין,כא.,פירוש,לא,
4667,קובץ שיטות קמאי על ערכין,כן,ערכין,כא.,פירוש,לא,
4668,קובץ שיטות קמאי על ערכין,כן,ערכין,כא.,פירוש,לא,
4669,קובץ שיטות קמאי על ערכין,כן,ערכין,כא.,פירוש,לא,
4670,קובץ שיטות קמאי על ערכין,כן,ערכין,כא.,פירוש,לא,
4671,קובץ שיטות קמאי על ערכין,כן,ערכין,כא.,פירוש,לא,
4673,קובץ שיטות קמאי על ערכין,כן,ערכין,כא.,פירוש,לא,
4675,קובץ שיטות קמאי על ערכין,כן,ערכין,כא.,פירוש,לא,
4676,קובץ שיטות קמאי על ערכין,כן,ערכין,כא.,פירוש,לא,
4678,קובץ שיטות קמאי על ערכין,כן,ערכין,כא.,פירוש,לא,
4680,קובץ שיטות קמאי על ערכין,כן,ערכין,כא.,פירוש,לא,
4681,קובץ שיטות קמאי על ערכין,כן,ערכין,כא.,פירוש,לא,
4683,קובץ שיטות קמאי על ערכין,כן,ערכין,כא.,פירוש,לא,
4685,קובץ שיטות קמאי על ערכין,כן,ערכין,כא.,פירוש,לא,
4687,קובץ שיטות קמאי על ערכין,כן,ערכין,כא.,פירוש,לא,
4689,קובץ שיטות קמאי על ערכין,כן,ערכין,כא.,פירוש,לא,
4691,קובץ שיטות קמאי על ערכין,כן,ערכין,כא.,פירוש,לא,
4693,קובץ שיטות קמאי על ערכין,כן,ערכין,כא.,פירוש,לא,
4695,קובץ שיטות קמאי על ערכין,כן,ערכין,כא.,פירוש,לא,
4697,קובץ שיטות קמאי על ערכין,כן,ערכין,כא.,פירוש,לא,
4699,קובץ שיטות קמאי על ערכין,כן,ערכין,כא.,פירוש,לא,
4701,קובץ שיטות קמאי על ערכין,כן,ערכין,כא.,פירוש,לא,
4703,קובץ שיטות קמאי על ערכין,כן,ערכין,כא.,פירוש,לא,
4705,קובץ שיטות קמאי על ערכין,כן,ערכין,כא.,פירוש,לא,
4707,קובץ שיטות קמאי על ערכין,כן,ערכין,כא.,פירוש,לא,
4709,קובץ שיטות קמאי על ערכין,כן,ערכין,כא.,פירוש,לא,
4711,קובץ שיטות קמאי על ערכין,כן,ערכין,כא.,פירוש,לא,
4713,קובץ שיטות קמאי על ערכין,כן,ערכין,כא.,פירוש,לא,
4715,קובץ שיטות קמאי על ערכין,כן,ערכין,כא.,פירוש,לא,
4717,קובץ שיטות קמאי על ערכין,כן,ערכין,כא.,פירוש,לא,
4719,קובץ שיטות קמאי על ערכין,כן,ערכין,כא.,פירוש,לא,
4721,קובץ שיטות קמאי על ערכין,כן,ערכין,כא.,פירוש,לא,
4723,קובץ שיטות קמאי על ערכין,כן,ערכין,כא.,פירוש,לא,
4725,קובץ שיטות קמאי על ערכין,כן,ערכין,כא.,פירוש,לא,
4727,קובץ שיטות קמאי על ערכין,כן,ערכין,כא.,פירוש,לא,
4729,קובץ שיטות קמאי על ערכין,כן,ערכין,כא.,פירוש,לא,
4731,קובץ שיטות קמאי על ערכין,כן,ערכין,כא.,פירוש,לא,
4733,קובץ שיטות קמאי על ערכין,כן,ערכין,כא.,פירוש,לא,
4735,קובץ שיטות קמאי על ערכין,כן,ערכין,כא.,פירוש,לא,
4737,קובץ שיטות קמאי על ערכין,כן,ערכין,כא.,פירוש,לא,
4739,קובץ שיטות קמאי על ערכין,כן,ערכין,כא.,פירוש,לא,
4741,קובץ שיטות קמאי על ערכין,כן,ערכין,כא.,פירוש,לא,
4743,קובץ שיטות קמאי על ערכין,כן,ערכין,כא.,פירוש,לא,
4745,קובץ שיטות קמאי על ערכין,כן,ערכין,כא.,פירוש,לא,
4747,קובץ שיטות קמאי על ערכין,כן,ערכין,כא.,פירוש,לא,
4749,קובץ שיטות קמאי על ערכין,כן,ערכין,כא.,פירוש,לא,
4751,קובץ שיטות קמאי על ערכין,כן,ערכין,כא.,פירוש,לא,
4752,קובץ שיטות קמאי על ערכין,כן,ערכין,כא.,פירוש,לא,
4754,קובץ שיטות קמאי על ערכין,כן,ערכין,כא.,פירוש,לא,
4756,קובץ שיטות קמאי על ערכין,כן,ערכין,כא.,פירוש,לא,
4758,קובץ שיטות קמאי על ערכין,כן,ערכין,כא.,פירוש,לא,
4759,קובץ שיטות קמאי על ערכין,כן,ערכין,כא.,פירוש,לא,
4761,קובץ שיטות קמאי על ערכין,כן,ערכין,כא.,פירוש,לא,
4763,קובץ שיטות קמאי על ערכין,כן,ערכין,כא.,פירוש,לא,
4765,קובץ שיטות קמאי על ערכין,כן,ערכין,כא.,פירוש,לא,
4767,קובץ שיטות קמאי על ערכין,כן,ערכין,כא.,פירוש,לא,
4769,קובץ שיטות קמאי על ערכין,כן,ערכין,כא.,פירוש,לא,
4771,קובץ שיטות קמאי על ערכין,כן,ערכין,כא.,פירוש,לא,
4773,קובץ שיטות קמאי על ערכין,כן,ערכין,כא.,פירוש,לא,
4775,קובץ שיטות קמאי על ערכין,כן,ערכין,כא.,פירוש,לא,
4777,קובץ שיטות קמאי על ערכין,כן,ערכין,כא.,פירוש,לא,
4779,קובץ שיטות קמאי על ערכין,כן,ערכין,כא.,פירוש,לא,
4781,קובץ שיטות קמאי על ערכין,כן,ערכין,כא.,פירוש,לא,
4783,קובץ שיטות קמאי על ערכין,כן,ערכין,כא.,פירוש,לא,
4784,קובץ שיטות קמאי על ערכין,כן,ערכין,כא.,פירוש,לא,
4786,קובץ שיטות קמאי על ערכין,כן,ערכין,כא.,פירוש,לא,
4788,קובץ שיטות קמאי על ערכין,כן,ערכין,כא.,פירוש,לא,
4790,קובץ שיטות קמאי על ערכין,כן,ערכין,כא.,פירוש,לא,
4792,קובץ שיטות קמאי על ערכין,כן,ערכין,כא.,פירוש,לא,
4795,קובץ שיטות קמאי על ערכין,כן,ערכין,כא:,פירוש,לא,
4797,קובץ שיטות קמאי על ערכין,כן,ערכין,כא:,פירוש,לא,
4799,קובץ שיטות קמאי על ערכין,כן,ערכין,כא:,פירוש,לא,
4801,קובץ שיטות קמאי על ערכין,כן,ערכין,כא:,פירוש,לא,
4803,קובץ שיטות קמאי על ערכין,כן,ערכין,כא:,פירוש,לא,
4805,קובץ שיטות קמאי על ערכין,כן,ערכין,כא:,פירוש,לא,
4807,קובץ שיטות קמאי על ערכין,כן,ערכין,כא:,פירוש,לא,
4808,קובץ שיטות קמאי על ערכין,כן,ערכין,כא:,פירוש,לא,
4809,קובץ שיטות קמאי על ערכין,כן,ערכין,כא:,פירוש,לא,
4810,קובץ שיטות קמאי על ערכין,כן,ערכין,כא:,פירוש,לא,
4811,קובץ שיטות קמאי על ערכין,כן,ערכין,כא:,פירוש,לא,
4813,קובץ שיטות קמאי על ערכין,כן,ערכין,כא:,פירוש,לא,
4815,קובץ שיטות קמאי על ערכין,כן,ערכין,כא:,פירוש,לא,
4817,קובץ שיטות קמאי על ערכין,כן,ערכין,כא:,פירוש,לא,
4819,קובץ שיטות קמאי על ערכין,כן,ערכין,כא:,פירוש,לא,
4821,קובץ שיטות קמאי על ערכין,כן,ערכין,כא:,פירוש,לא,
4823,קובץ שיטות קמאי על ערכין,כן,ערכין,כא:,פירוש,לא,
4825,קובץ שיטות קמאי על ערכין,כן,ערכין,כא:,פירוש,לא,
4827,קובץ שיטות קמאי על ערכין,כן,ערכין,כא:,פירוש,לא,
4828,קובץ שיטות קמאי על ערכין,כן,ערכין,כא:,פירוש,לא,
4829,קובץ שיטות קמאי על ערכין,כן,ערכין,כא:,פירוש,לא,
4830,קובץ שיטות קמאי על ערכין,כן,ערכין,כא:,פירוש,לא,
4831,קובץ שיטות קמאי על ערכין,כן,ערכין,כא:,פירוש,לא,
4832,קובץ שיטות קמאי על ערכין,כן,ערכין,כא:,פירוש,לא,
4833,קובץ שיטות קמאי על ערכין,כן,ערכין,כא:,פירוש,לא,
4834,קובץ שיטות קמאי על ערכין,כן,ערכין,כא:,פירוש,לא,
4835,קובץ שיטות קמאי על ערכין,כן,ערכין,כא:,פירוש,לא,
4836,קובץ שיטות קמאי על ערכין,כן,ערכין,כא:,פירוש,לא,
4838,קובץ שיטות קמאי על ערכין,כן,ערכין,כא:,פירוש,לא,
4840,קובץ שיטות קמאי על ערכין,כן,ערכין,כא:,פירוש,לא,
4842,קובץ שיטות קמאי על ערכין,כן,ערכין,כא:,פירוש,לא,
4844,קובץ שיטות קמאי על ערכין,כן,ערכין,כא:,פירוש,לא,
4846,קובץ שיטות קמאי על ערכין,כן,ערכין,כא:,פירוש,לא,
4848,קובץ שיטות קמאי על ערכין,כן,ערכין,כא:,פירוש,לא,
4850,קובץ שיטות קמאי על ערכין,כן,ערכין,כא:,פירוש,לא,
4852,קובץ שיטות קמאי על ערכין,כן,ערכין,כא:,פירוש,לא,
4854,קובץ שיטות קמאי על ערכין,כן,ערכין,כא:,פירוש,לא,
4856,קובץ שיטות קמאי על ערכין,כן,ערכין,כא:,פירוש,לא,
4858,קובץ שיטות קמאי על ערכין,כן,ערכין,כא:,פירוש,לא,
4860,קובץ שיטות קמאי על ערכין,כן,ערכין,כא:,פירוש,לא,
4862,קובץ שיטות קמאי על ערכין,כן,ערכין,כא:,פירוש,לא,
4864,קובץ שיטות קמאי על ערכין,כן,ערכין,כא:,פירוש,לא,
4866,קובץ שיטות קמאי על ערכין,כן,ערכין,כא:,פירוש,לא,
4867,קובץ שיטות קמאי על ערכין,כן,ערכין,כא:,פירוש,לא,
4869,קובץ שיטות קמאי על ערכין,כן,ערכין,כא:,פירוש,לא,
4871,קובץ שיטות קמאי על ערכין,כן,ערכין,כא:,פירוש,לא,
4872,קובץ שיטות קמאי על ערכין,כן,ערכין,כא:,פירוש,לא,
4874,קובץ שיטות קמאי על ערכין,כן,ערכין,כא:,פירוש,לא,
4876,קובץ שיטות קמאי על ערכין,כן,ערכין,כא:,פירוש,לא,
4878,קובץ שיטות קמאי על ערכין,כן,ערכין,כא:,פירוש,לא,
4880,קובץ שיטות קמאי על ערכין,כן,ערכין,כא:,פירוש,לא,
4882,קובץ שיטות קמאי על ערכין,כן,ערכין,כא:,פירוש,לא,
4884,קובץ שיטות קמאי על ערכין,כן,ערכין,כא:,פירוש,לא,
4886,קובץ שיטות קמאי על ערכין,כן,ערכין,כא:,פירוש,לא,
4888,קובץ שיטות קמאי על ערכין,כן,ערכין,כא:,פירוש,לא,
4890,קובץ שיטות קמאי על ערכין,כן,ערכין,כא:,פירוש,לא,
4892,קובץ שיטות קמאי על ערכין,כן,ערכין,כא:,פירוש,לא,
4894,קובץ שיטות קמאי על ערכין,כן,ערכין,כא:,פירוש,לא,
4896,קובץ שיטות קמאי על ערכין,כן,ערכין,כא:,פירוש,לא,
4898,קובץ שיטות קמאי על ערכין,כן,ערכין,כא:,פירוש,לא,
4900,קובץ שיטות קמאי על ערכין,כן,ערכין,כא:,פירוש,לא,
4902,קובץ שיטות קמאי על ערכין,כן,ערכין,כא:,פירוש,לא,
4904,קובץ שיטות קמאי על ערכין,כן,ערכין,כא:,פירוש,לא,
4905,קובץ שיטות קמאי על ערכין,כן,ערכין,כא:,פירוש,לא,
4906,קובץ שיטות קמאי על ערכין,כן,ערכין,כא:,פירוש,לא,
4907,קובץ שיטות קמאי על ערכין,כן,ערכין,כא:,פירוש,לא,
4908,קובץ שיטות קמאי על ערכין,כן,ערכין,כא:,פירוש,לא,
4909,קובץ שיטות קמאי על ערכין,כן,ערכין,כא:,פירוש,לא,
4910,קובץ שיטות קמאי על ערכין,כן,ערכין,כא:,פירוש,לא,
4911,קובץ שיטות קמאי על ערכין,כן,ערכין,כא:,פירוש,לא,
4913,קובץ שיטות קמאי על ערכין,כן,ערכין,כא:,פירוש,לא,
4914,קובץ שיטות קמאי על ערכין,כן,ערכין,כא:,פירוש,לא,
4915,קובץ שיטות קמאי על ערכין,כן,ערכין,כא:,פירוש,לא,
4916,קובץ שיטות קמאי על ערכין,כן,ערכין,כא:,פירוש,לא,
4917,קובץ שיטות קמאי על ערכין,כן,ערכין,כא:,פירוש,לא,
4918,קובץ שיטות קמאי על ערכין,כן,ערכין,כא:,פירוש,לא,
4919,קובץ שיטות קמאי על ערכין,כן,ערכין,כא:,פירוש,לא,
4921,קובץ שיטות קמאי על ערכין,כן,ערכין,כא:,פירוש,לא,
4923,קובץ שיטות קמאי על ערכין,כן,ערכין,כא:,פירוש,לא,
4925,קובץ שיטות קמאי על ערכין,כן,ערכין,כא:,פירוש,לא,
4927,קובץ שיטות קמאי על ערכין,כן,ערכין,כא:,פירוש,לא,
4929,קובץ שיטות קמאי על ערכין,כן,ערכין,כא:,פירוש,לא,
4931,קובץ שיטות קמאי על ערכין,כן,ערכין,כא:,פירוש,לא,
4933,קובץ שיטות קמאי על ערכין,כן,ערכין,כא:,פירוש,לא,
4935,קובץ שיטות קמאי על ערכין,כן,ערכין,כא:,פירוש,לא,
4937,קובץ שיטות קמאי על ערכין,כן,ערכין,כא:,פירוש,לא,
4939,קובץ שיטות קמאי על ערכין,כן,ערכין,כא:,פירוש,לא,
4941,קובץ שיטות קמאי על ערכין,כן,ערכין,כא:,פירוש,לא,
4943,קובץ שיטות קמאי על ערכין,כן,ערכין,כא:,פירוש,לא,
4945,קובץ שיטות קמאי על ערכין,כן,ערכין,כא:,פירוש,לא,
4947,קובץ שיטות קמאי על ערכין,כן,ערכין,כא:,פירוש,לא,
4949,קובץ שיטות קמאי על ערכין,כן,ערכין,כא:,פירוש,לא,
4951,קובץ שיטות קמאי על ערכין,כן,ערכין,כא:,פירוש,לא,
4953,קובץ שיטות קמאי על ערכין,כן,ערכין,כא:,פירוש,לא,
4955,קובץ שיטות קמאי על ערכין,כן,ערכין,כא:,פירוש,לא,
4957,קובץ שיטות קמאי על ערכין,כן,ערכין,כא:,פירוש,לא,
4959,קובץ שיטות קמאי על ערכין,כן,ערכין,כא:,פירוש,לא,
4961,קובץ שיטות קמאי על ערכין,כן,ערכין,כא:,פירוש,לא,
4963,קובץ שיטות קמאי על ערכין,כן,ערכין,כא:,פירוש,לא,
4965,קובץ שיטות קמאי על ערכין,כן,ערכין,כא:,פירוש,לא,
4967,קובץ שיטות קמאי על ערכין,כן,ערכין,כא:,פירוש,לא,
4968,קובץ שיטות קמאי על ערכין,כן,ערכין,כא:,פירוש,לא,
4970,קובץ שיטות קמאי על ערכין,כן,ערכין,כא:,פירוש,לא,
4972,קובץ שיטות קמאי על ערכין,כן,ערכין,כא:,פירוש,לא,
4974,קובץ שיטות קמאי על ערכין,כן,ערכין,כא:,פירוש,לא,
4975,קובץ שיטות קמאי על ערכין,כן,ערכין,כא:,פירוש,לא,
4977,קובץ שיטות קמאי על ערכין,כן,ערכין,כא:,פירוש,לא,
4978,קובץ שיטות קמאי על ערכין,כן,ערכין,כא:,פירוש,לא,
4979,קובץ שיטות קמאי על ערכין,כן,ערכין,כא:,פירוש,לא,
4981,קובץ שיטות קמאי על ערכין,כן,ערכין,כא:,פירוש,לא,
4983,קובץ שיטות קמאי על ערכין,כן,ערכין,כא:,פירוש,לא,
4984,קובץ שיטות קמאי על ערכין,כן,ערכין,כא:,פירוש,לא,
4985,קובץ שיטות קמאי על ערכין,כן,ערכין,כא:,פירוש,לא,
4986,קובץ שיטות קמאי על ערכין,כן,ערכין,כא:,פירוש,לא,
4987,קובץ שיטות קמאי על ערכין,כן,ערכין,כא:,פירוש,לא,
4988,קובץ שיטות קמאי על ערכין,כן,ערכין,כא:,פירוש,לא,
4989,קובץ שיטות קמאי על ערכין,כן,ערכין,כא:,פירוש,לא,
4991,קובץ שיטות קמאי על ערכין,כן,ערכין,כא:,פירוש,לא,
4992,קובץ שיטות קמאי על ערכין,כן,ערכין,כא:,פירוש,לא,
4993,קובץ שיטות קמאי על ערכין,כן,ערכין,כא:,פירוש,לא,
4994,קובץ שיטות קמאי על ערכין,כן,ערכין,כא:,פירוש,לא,
4995,קובץ שיטות קמאי על ערכין,כן,ערכין,כא:,פירוש,לא,
4996,קובץ שיטות קמאי על ערכין,כן,ערכין,כא:,פירוש,לא,
4997,קובץ שיטות קמאי על ערכין,כן,ערכין,כא:,פירוש,לא,
4998,קובץ שיטות קמאי על ערכין,כן,ערכין,כא:,פירוש,לא,
4999,קובץ שיטות קמאי על ערכין,כן,ערכין,כא:,פירוש,לא,
5001,קובץ שיטות קמאי על ערכין,כן,ערכין,כא:,פירוש,לא,
5002,קובץ שיטות קמאי על ערכין,כן,ערכין,כא:,פירוש,לא,
5003,קובץ שיטות קמאי על ערכין,כן,ערכין,כא:,פירוש,לא,
5005,קובץ שיטות קמאי על ערכין,כן,ערכין,כא:,פירוש,לא,
5007,קובץ שיטות קמאי על ערכין,כן,ערכין,כא:,פירוש,לא,
5009,קובץ שיטות קמאי על ערכין,כן,ערכין,כא:,פירוש,לא,
5010,קובץ שיטות קמאי על ערכין,כן,ערכין,כא:,פירוש,לא,
5012,קובץ שיטות קמאי על ערכין,כן,ערכין,כא:,פירוש,לא,
5014,קובץ שיטות קמאי על ערכין,כן,ערכין,כא:,פירוש,לא,
5015,קובץ שיטות קמאי על ערכין,כן,ערכין,כא:,פירוש,לא,
5016,קובץ שיטות קמאי על ערכין,כן,ערכין,כא:,פירוש,לא,
5017,קובץ שיטות קמאי על ערכין,כן,ערכין,כא:,פירוש,לא,
5018,קובץ שיטות קמאי על ערכין,כן,ערכין,כא:,פירוש,לא,
5020,קובץ שיטות קמאי על ערכין,כן,ערכין,כא:,פירוש,לא,
5022,קובץ שיטות קמאי על ערכין,כן,ערכין,כא:,פירוש,לא,
5023,קובץ שיטות קמאי על ערכין,כן,ערכין,כא:,פירוש,לא,
5024,קובץ שיטות קמאי על ערכין,כן,ערכין,כא:,פירוש,לא,
5026,קובץ שיטות קמאי על ערכין,כן,ערכין,כא:,פירוש,לא,
5028,קובץ שיטות קמאי על ערכין,כן,ערכין,כא:,פירוש,לא,
5030,קובץ שיטות קמאי על ערכין,כן,ערכין,כא:,פירוש,לא,
5032,קובץ שיטות קמאי על ערכין,כן,ערכין,כא:,פירוש,לא,
5034,קובץ שיטות קמאי על ערכין,כן,ערכין,כא:,פירוש,לא,
5036,קובץ שיטות קמאי על ערכין,כן,ערכין,כא:,פירוש,לא,
5038,קובץ שיטות קמאי על ערכין,כן,ערכין,כא:,פירוש,לא,
5040,קובץ שיטות קמאי על ערכין,כן,ערכין,כא:,פירוש,לא,
5042,קובץ שיטות קמאי על ערכין,כן,ערכין,כא:,פירוש,לא,
5044,קובץ שיטות קמאי על ערכין,כן,ערכין,כא:,פירוש,לא,
5046,קובץ שיטות קמאי על ערכין,כן,ערכין,כא:,פירוש,לא,
5048,קובץ שיטות קמאי על ערכין,כן,ערכין,כא:,פירוש,לא,
5050,קובץ שיטות קמאי על ערכין,כן,ערכין,כא:,פירוש,לא,
5052,קובץ שיטות קמאי על ערכין,כן,ערכין,כא:,פירוש,לא,
5054,קובץ שיטות קמאי על ערכין,כן,ערכין,כא:,פירוש,לא,
5056,קובץ שיטות קמאי על ערכין,כן,ערכין,כא:,פירוש,לא,
5058,קובץ שיטות קמאי על ערכין,כן,ערכין,כא:,פירוש,לא,
5060,קובץ שיטות קמאי על ערכין,כן,ערכין,כא:,פירוש,לא,
5062,קובץ שיטות קמאי על ערכין,כן,ערכין,כא:,פירוש,לא,
5064,קובץ שיטות קמאי על ערכין,כן,ערכין,כא:,פירוש,לא,
5066,קובץ שיטות קמאי על ערכין,כן,ערכין,כא:,פירוש,לא,
5068,קובץ שיטות קמאי על ערכין,כן,ערכין,כא:,פירוש,לא,
5070,קובץ שיטות קמאי על ערכין,כן,ערכין,כא:,פירוש,לא,
5072,קובץ שיטות קמאי על ערכין,כן,ערכין,כא:,פירוש,לא,
5073,קובץ שיטות קמאי על ערכין,כן,ערכין,כא:,פירוש,לא,
5074,קובץ שיטות קמאי על ערכין,כן,ערכין,כא:,פירוש,לא,
5076,קובץ שיטות קמאי על ערכין,כן,ערכין,כא:,פירוש,לא,
5078,קובץ שיטות קמאי על ערכין,כן,ערכין,כא:,פירוש,לא,
5080,קובץ שיטות קמאי על ערכין,כן,ערכין,כא:,פירוש,לא,
5082,קובץ שיטות קמאי על ערכין,כן,ערכין,כא:,פירוש,לא,
5084,קובץ שיטות קמאי על ערכין,כן,ערכין,כא:,פירוש,לא,
5086,קובץ שיטות קמאי על ערכין,כן,ערכין,כא:,פירוש,לא,
5087,קובץ שיטות קמאי על ערכין,כן,ערכין,כא:,פירוש,לא,
5088,קובץ שיטות קמאי על ערכין,כן,ערכין,כא:,פירוש,לא,
5089,קובץ שיטות קמאי על ערכין,כן,ערכין,כא:,פירוש,לא,
5090,קובץ שיטות קמאי על ערכין,כן,ערכין,כא:,פירוש,לא,
5092,קובץ שיטות קמאי על ערכין,כן,ערכין,כא:,פירוש,לא,
5094,קובץ שיטות קמאי על ערכין,כן,ערכין,כא:,פירוש,לא,
5095,קובץ שיטות קמאי על ערכין,כן,ערכין,כא:,פירוש,לא,
5097,קובץ שיטות קמאי על ערכין,כן,ערכין,כא:,פירוש,לא,
5098,קובץ שיטות קמאי על ערכין,כן,ערכין,כא:,פירוש,לא,
5099,קובץ שיטות קמאי על ערכין,כן,ערכין,כא:,פירוש,לא,
5101,קובץ שיטות קמאי על ערכין,כן,ערכין,כא:,פירוש,לא,
5103,קובץ שיטות קמאי על ערכין,כן,ערכין,כא:,פירוש,לא,
5104,קובץ שיטות קמאי על ערכין,כן,ערכין,כא:,פירוש,לא,
5105,קובץ שיטות קמאי על ערכין,כן,ערכין,כא:,פירוש,לא,
5107,קובץ שיטות קמאי על ערכין,כן,ערכין,כא:,פירוש,לא,
5108,קובץ שיטות קמאי על ערכין,כן,ערכין,כא:,פירוש,לא,
5110,קובץ שיטות קמאי על ערכין,כן,ערכין,כא:,פירוש,לא,
5112,קובץ שיטות קמאי על ערכין,כן,ערכין,כא:,פירוש,לא,
5114,קובץ שיטות קמאי על ערכין,כן,ערכין,כא:,פירוש,לא,
5116,קובץ שיטות קמאי על ערכין,כן,ערכין,כא:,פירוש,לא,
5118,קובץ שיטות קמאי על ערכין,כן,ערכין,כא:,פירוש,לא,
5120,קובץ שיטות קמאי על ערכין,כן,ערכין,כא:,פירוש,לא,
5122,קובץ שיטות קמאי על ערכין,כן,ערכין,כא:,פירוש,לא,
5124,קובץ שיטות קמאי על ערכין,כן,ערכין,כא:,פירוש,לא,
5126,קובץ שיטות קמאי על ערכין,כן,ערכין,כא:,פירוש,לא,
5128,קובץ שיטות קמאי על ערכין,כן,ערכין,כא:,פירוש,לא,
5130,קובץ שיטות קמאי על ערכין,כן,ערכין,כא:,פירוש,לא,
5131,קובץ שיטות קמאי על ערכין,כן,ערכין,כא:,פירוש,לא,
5133,קובץ שיטות קמאי על ערכין,כן,ערכין,כא:,פירוש,לא,
5134,קובץ שיטות קמאי על ערכין,כן,ערכין,כא:,פירוש,לא,
5135,קובץ שיטות קמאי על ערכין,כן,ערכין,כא:,פירוש,לא,
5136,קובץ שיטות קמאי על ערכין,כן,ערכין,כא:,פירוש,לא,
5137,קובץ שיטות קמאי על ערכין,כן,ערכין,כא:,פירוש,לא,
5138,קובץ שיטות קמאי על ערכין,כן,ערכין,כא:,פירוש,לא,
5139,קובץ שיטות קמאי על ערכין,כן,ערכין,כא:,פירוש,לא,
5141,קובץ שיטות קמאי על ערכין,כן,ערכין,כא:,פירוש,לא,
5143,קובץ שיטות קמאי על ערכין,כן,ערכין,כא:,פירוש,לא,
5145,קובץ שיטות קמאי על ערכין,כן,ערכין,כא:,פירוש,לא,
5147,קובץ שיטות קמאי על ערכין,כן,ערכין,כא:,פירוש,לא,
5149,קובץ שיטות קמאי על ערכין,כן,ערכין,כא:,פירוש,לא,
5151,קובץ שיטות קמאי על ערכין,כן,ערכין,כא:,פירוש,לא,
5153,קובץ שיטות קמאי על ערכין,כן,ערכין,כא:,פירוש,לא,
5155,קובץ שיטות קמאי על ערכין,כן,ערכין,כא:,פירוש,לא,
5157,קובץ שיטות קמאי על ערכין,כן,ערכין,כא:,פירוש,לא,
5159,קובץ שיטות קמאי על ערכין,כן,ערכין,כא:,פירוש,לא,
5161,קובץ שיטות קמאי על ערכין,כן,ערכין,כא:,פירוש,לא,
5163,קובץ שיטות קמאי על ערכין,כן,ערכין,כא:,פירוש,לא,
5165,קובץ שיטות קמאי על ערכין,כן,ערכין,כא:,פירוש,לא,
5167,קובץ שיטות קמאי על ערכין,כן,ערכין,כא:,פירוש,לא,
5168,קובץ שיטות קמאי על ערכין,כן,ערכין,כא:,פירוש,לא,
5170,קובץ שיטות קמאי על ערכין,כן,ערכין,כא:,פירוש,לא,
5172,קובץ שיטות קמאי על ערכין,כן,ערכין,כא:,פירוש,לא,
5174,קובץ שיטות קמאי על ערכין,כן,ערכין,כא:,פירוש,לא,
5176,קובץ שיטות קמאי על ערכין,כן,ערכין,כא:,פירוש,לא,
5178,קובץ שיטות קמאי על ערכין,כן,ערכין,כא:,פירוש,לא,
5179,קובץ שיטות קמאי על ערכין,כן,ערכין,כא:,פירוש,לא,
5181,קובץ שיטות קמאי על ערכין,כן,ערכין,כא:,פירוש,לא,
5183,קובץ שיטות קמאי על ערכין,כן,ערכין,כא:,פירוש,לא,
5185,קובץ שיטות קמאי על ערכין,כן,ערכין,כא:,פירוש,לא,
5188,קובץ שיטות קמאי על ערכין,כן,ערכין,כב.,פירוש,לא,
5190,קובץ שיטות קמאי על ערכין,כן,ערכין,כב.,פירוש,לא,
5192,קובץ שיטות קמאי על ערכין,כן,ערכין,כב.,פירוש,לא,
5193,קובץ שיטות קמאי על ערכין,כן,ערכין,כב.,פירוש,לא,
5194,קובץ שיטות קמאי על ערכין,כן,ערכין,כב.,פירוש,לא,
5195,קובץ שיטות קמאי על ערכין,כן,ערכין,כב.,פירוש,לא,
5196,קובץ שיטות קמאי על ערכין,כן,ערכין,כב.,פירוש,לא,
5197,קובץ שיטות קמאי על ערכין,כן,ערכין,כב.,פירוש,לא,
5199,קובץ שיטות קמאי על ערכין,כן,ערכין,כב.,פירוש,לא,
5201,קובץ שיטות קמאי על ערכין,כן,ערכין,כב.,פירוש,לא,
5203,קובץ שיטות קמאי על ערכין,כן,ערכין,כב.,פירוש,לא,
5205,קובץ שיטות קמאי על ערכין,כן,ערכין,כב.,פירוש,לא,
5207,קובץ שיטות קמאי על ערכין,כן,ערכין,כב.,פירוש,לא,
5209,קובץ שיטות קמאי על ערכין,כן,ערכין,כב.,פירוש,לא,
5211,קובץ שיטות קמאי על ערכין,כן,ערכין,כב.,פירוש,לא,
5213,קובץ שיטות קמאי על ערכין,כן,ערכין,כב.,פירוש,לא,
5214,קובץ שיטות קמאי על ערכין,כן,ערכין,כב.,פירוש,לא,
5216,קובץ שיטות קמאי על ערכין,כן,ערכין,כב.,פירוש,לא,
5218,קובץ שיטות קמאי על ערכין,כן,ערכין,כב.,פירוש,לא,
5219,קובץ שיטות קמאי על ערכין,כן,ערכין,כב.,פירוש,לא,
5221,קובץ שיטות קמאי על ערכין,כן,ערכין,כב.,פירוש,לא,
5222,קובץ שיטות קמאי על ערכין,כן,ערכין,כב.,פירוש,לא,
5224,קובץ שיטות קמאי על ערכין,כן,ערכין,כב.,פירוש,לא,
5226,קובץ שיטות קמאי על ערכין,כן,ערכין,כב.,פירוש,לא,
5228,קובץ שיטות קמאי על ערכין,כן,ערכין,כב.,פירוש,לא,
5230,קובץ שיטות קמאי על ערכין,כן,ערכין,כב.,פירוש,לא,
5232,קובץ שיטות קמאי על ערכין,כן,ערכין,כב.,פירוש,לא,
5234,קובץ שיטות קמאי על ערכין,כן,ערכין,כב.,פירוש,לא,
5236,קובץ שיטות קמאי על ערכין,כן,ערכין,כב.,פירוש,לא,
5237,קובץ שיטות קמאי על ערכין,כן,ערכין,כב.,פירוש,לא,
5239,קובץ שיטות קמאי על ערכין,כן,ערכין,כב.,פירוש,לא,
5241,קובץ שיטות קמאי על ערכין,כן,ערכין,כב.,פירוש,לא,
5243,קובץ שיטות קמאי על ערכין,כן,ערכין,כב.,פירוש,לא,
5244,קובץ שיטות קמאי על ערכין,כן,ערכין,כב.,פירוש,לא,
5245,קובץ שיטות קמאי על ערכין,כן,ערכין,כב.,פירוש,לא,
5246,קובץ שיטות קמאי על ערכין,כן,ערכין,כב.,פירוש,לא,
5247,קובץ שיטות קמאי על ערכין,כן,ערכין,כב.,פירוש,לא,
5248,קובץ שיטות קמאי על ערכין,כן,ערכין,כב.,פירוש,לא,
5249,קובץ שיטות קמאי על ערכין,כן,ערכין,כב.,פירוש,לא,
5251,קובץ שיטות קמאי על ערכין,כן,ערכין,כב.,פירוש,לא,
5253,קובץ שיטות קמאי על ערכין,כן,ערכין,כב.,פירוש,לא,
5255,קובץ שיטות קמאי על ערכין,כן,ערכין,כב.,פירוש,לא,
5257,קובץ שיטות קמאי על ערכין,כן,ערכין,כב.,פירוש,לא,
5259,קובץ שיטות קמאי על ערכין,כן,ערכין,כב.,פירוש,לא,
5261,קובץ שיטות קמאי על ערכין,כן,ערכין,כב.,פירוש,לא,
5263,קובץ שיטות קמאי על ערכין,כן,ערכין,כב.,פירוש,לא,
5265,קובץ שיטות קמאי על ערכין,כן,ערכין,כב.,פירוש,לא,
5267,קובץ שיטות קמאי על ערכין,כן,ערכין,כב.,פירוש,לא,
5269,קובץ שיטות קמאי על ערכין,כן,ערכין,כב.,פירוש,לא,
5271,קובץ שיטות קמאי על ערכין,כן,ערכין,כב.,פירוש,לא,
5272,קובץ שיטות קמאי על ערכין,כן,ערכין,כב.,פירוש,לא,
5274,קובץ שיטות קמאי על ערכין,כן,ערכין,כב.,פירוש,לא,
5276,קובץ שיטות קמאי על ערכין,כן,ערכין,כב.,פירוש,לא,
5278,קובץ שיטות קמאי על ערכין,כן,ערכין,כב.,פירוש,לא,
5280,קובץ שיטות קמאי על ערכין,כן,ערכין,כב.,פירוש,לא,
5282,קובץ שיטות קמאי על ערכין,כן,ערכין,כב.,פירוש,לא,
5284,קובץ שיטות קמאי על ערכין,כן,ערכין,כב.,פירוש,לא,
5286,קובץ שיטות קמאי על ערכין,כן,ערכין,כב.,פירוש,לא,
5288,קובץ שיטות קמאי על ערכין,כן,ערכין,כב.,פירוש,לא,
5290,קובץ שיטות קמאי על ערכין,כן,ערכין,כב.,פירוש,לא,
5292,קובץ שיטות קמאי על ערכין,כן,ערכין,כב.,פירוש,לא,
5294,קובץ שיטות קמאי על ערכין,כן,ערכין,כב.,פירוש,לא,
5296,קובץ שיטות קמאי על ערכין,כן,ערכין,כב.,פירוש,לא,
5298,קובץ שיטות קמאי על ערכין,כן,ערכין,כב.,פירוש,לא,
5300,קובץ שיטות קמאי על ערכין,כן,ערכין,כב.,פירוש,לא,
5302,קובץ שיטות קמאי על ערכין,כן,ערכין,כב.,פירוש,לא,
5304,קובץ שיטות קמאי על ערכין,כן,ערכין,כב.,פירוש,לא,
5306,קובץ שיטות קמאי על ערכין,כן,ערכין,כב.,פירוש,לא,
5308,קובץ שיטות קמאי על ערכין,כן,ערכין,כב.,פירוש,לא,
5310,קובץ שיטות קמאי על ערכין,כן,ערכין,כב.,פירוש,לא,
5312,קובץ שיטות קמאי על ערכין,כן,ערכין,כב.,פירוש,לא,
5314,קובץ שיטות קמאי על ערכין,כן,ערכין,כב.,פירוש,לא,
5316,קובץ שיטות קמאי על ערכין,כן,ערכין,כב.,פירוש,לא,
5318,קובץ שיטות קמאי על ערכין,כן,ערכין,כב.,פירוש,לא,
5320,קובץ שיטות קמאי על ערכין,כן,ערכין,כב.,פירוש,לא,
5322,קובץ שיטות קמאי על ערכין,כן,ערכין,כב.,פירוש,לא,
5324,קובץ שיטות קמאי על ערכין,כן,ערכין,כב.,פירוש,לא,
5326,קובץ שיטות קמאי על ערכין,כן,ערכין,כב.,פירוש,לא,
5328,קובץ שיטות קמאי על ערכין,כן,ערכין,כב.,פירוש,לא,
5330,קובץ שיטות קמאי על ערכין,כן,ערכין,כב.,פירוש,לא,
5332,קובץ שיטות קמאי על ערכין,כן,ערכין,כב.,פירוש,לא,
5334,קובץ שיטות קמאי על ערכין,כן,ערכין,כב.,פירוש,לא,
5336,קובץ שיטות קמאי על ערכין,כן,ערכין,כב.,פירוש,לא,
5338,קובץ שיטות קמאי על ערכין,כן,ערכין,כב.,פירוש,לא,
5340,קובץ שיטות קמאי על ערכין,כן,ערכין,כב.,פירוש,לא,
5342,קובץ שיטות קמאי על ערכין,כן,ערכין,כב.,פירוש,לא,
5344,קובץ שיטות קמאי על ערכין,כן,ערכין,כב.,פירוש,לא,
5346,קובץ שיטות קמאי על ערכין,כן,ערכין,כב.,פירוש,לא,
5348,קובץ שיטות קמאי על ערכין,כן,ערכין,כב.,פירוש,לא,
5350,קובץ שיטות קמאי על ערכין,כן,ערכין,כב.,פירוש,לא,
5352,קובץ שיטות קמאי על ערכין,כן,ערכין,כב.,פירוש,לא,
5354,קובץ שיטות קמאי על ערכין,כן,ערכין,כב.,פירוש,לא,
5356,קובץ שיטות קמאי על ערכין,כן,ערכין,כב.,פירוש,לא,
5358,קובץ שיטות קמאי על ערכין,כן,ערכין,כב.,פירוש,לא,
5359,קובץ שיטות קמאי על ערכין,כן,ערכין,כב.,פירוש,לא,
5361,קובץ שיטות קמאי על ערכין,כן,ערכין,כב.,פירוש,לא,
5363,קובץ שיטות קמאי על ערכין,כן,ערכין,כב.,פירוש,לא,
5365,קובץ שיטות קמאי על ערכין,כן,ערכין,כב.,פירוש,לא,
5367,קובץ שיטות קמאי על ערכין,כן,ערכין,כב.,פירוש,לא,
5368,קובץ שיטות קמאי על ערכין,כן,ערכין,כב.,פירוש,לא,
5369,קובץ שיטות קמאי על ערכין,כן,ערכין,כב.,פירוש,לא,
5370,קובץ שיטות קמאי על ערכין,כן,ערכין,כב.,פירוש,לא,
5371,קובץ שיטות קמאי על ערכין,כן,ערכין,כב.,פירוש,לא,
5373,קובץ שיטות קמאי על ערכין,כן,ערכין,כב.,פירוש,לא,
5375,קובץ שיטות קמאי על ערכין,כן,ערכין,כב.,פירוש,לא,
5377,קובץ שיטות קמאי על ערכין,כן,ערכין,כב.,פירוש,לא,
5379,קובץ שיטות קמאי על ערכין,כן,ערכין,כב.,פירוש,לא,
5381,קובץ שיטות קמאי על ערכין,כן,ערכין,כב.,פירוש,לא,
5383,קובץ שיטות קמאי על ערכין,כן,ערכין,כב.,פירוש,לא,
5385,קובץ שיטות קמאי על ערכין,כן,ערכין,כב.,פירוש,לא,
5387,קובץ שיטות קמאי על ערכין,כן,ערכין,כב.,פירוש,לא,
5389,קובץ שיטות קמאי על ערכין,כן,ערכין,כב.,פירוש,לא,
5391,קובץ שיטות קמאי על ערכין,כן,ערכין,כב.,פירוש,לא,
5393,קובץ שיטות קמאי על ערכין,כן,ערכין,כב.,פירוש,לא,
5395,קובץ שיטות קמאי על ערכין,כן,ערכין,כב.,פירוש,לא,
5397,קובץ שיטות קמאי על ערכין,כן,ערכין,כב.,פירוש,לא,
5399,קובץ שיטות קמאי על ערכין,כן,ערכין,כב.,פירוש,לא,
5401,קובץ שיטות קמאי על ערכין,כן,ערכין,כב.,פירוש,לא,
5403,קובץ שיטות קמאי על ערכין,כן,ערכין,כב.,פירוש,לא,
5405,קובץ שיטות קמאי על ערכין,כן,ערכין,כב.,פירוש,לא,
5407,קובץ שיטות קמאי על ערכין,כן,ערכין,כב.,פירוש,לא,
5408,קובץ שיטות קמאי על ערכין,כן,ערכין,כב.,פירוש,לא,
5409,קובץ שיטות קמאי על ערכין,כן,ערכין,כב.,פירוש,לא,
5410,קובץ שיטות קמאי על ערכין,כן,ערכין,כב.,פירוש,לא,
5411,קובץ שיטות קמאי על ערכין,כן,ערכין,כב.,פירוש,לא,
5412,קובץ שיטות קמאי על ערכין,כן,ערכין,כב.,פירוש,לא,
5413,קובץ שיטות קמאי על ערכין,כן,ערכין,כב.,פירוש,לא,
5414,קובץ שיטות קמאי על ערכין,כן,ערכין,כב.,פירוש,לא,
5415,קובץ שיטות קמאי על ערכין,כן,ערכין,כב.,פירוש,לא,
5416,קובץ שיטות קמאי על ערכין,כן,ערכין,כב.,פירוש,לא,
5417,קובץ שיטות קמאי על ערכין,כן,ערכין,כב.,פירוש,לא,
5418,קובץ שיטות קמאי על ערכין,כן,ערכין,כב.,פירוש,לא,
5419,קובץ שיטות קמאי על ערכין,כן,ערכין,כב.,פירוש,לא,
5420,קובץ שיטות קמאי על ערכין,כן,ערכין,כב.,פירוש,לא,
5421,קובץ שיטות קמאי על ערכין,כן,ערכין,כב.,פירוש,לא,
5422,קובץ שיטות קמאי על ערכין,כן,ערכין,כב.,פירוש,לא,
5423,קובץ שיטות קמאי על ערכין,כן,ערכין,כב.,פירוש,לא,
5424,קובץ שיטות קמאי על ערכין,כן,ערכין,כב.,פירוש,לא,
5426,קובץ שיטות קמאי על ערכין,כן,ערכין,כב.,פירוש,לא,
5428,קובץ שיטות קמאי על ערכין,כן,ערכין,כב.,פירוש,לא,
5429,קובץ שיטות קמאי על ערכין,כן,ערכין,כב.,פירוש,לא,
5430,קובץ שיטות קמאי על ערכין,כן,ערכין,כב.,פירוש,לא,
5431,קובץ שיטות קמאי על ערכין,כן,ערכין,כב.,פירוש,לא,
5433,קובץ שיטות קמאי על ערכין,כן,ערכין,כב.,פירוש,לא,
5435,קובץ שיטות קמאי על ערכין,כן,ערכין,כב.,פירוש,לא,
5437,קובץ שיטות קמאי על ערכין,כן,ערכין,כב.,פירוש,לא,
5439,קובץ שיטות קמאי על ערכין,כן,ערכין,כב.,פירוש,לא,
5441,קובץ שיטות קמאי על ערכין,כן,ערכין,כב.,פירוש,לא,
5443,קובץ שיטות קמאי על ערכין,כן,ערכין,כב.,פירוש,לא,
5445,קובץ שיטות קמאי על ערכין,כן,ערכין,כב.,פירוש,לא,
5447,קובץ שיטות קמאי על ערכין,כן,ערכין,כב.,פירוש,לא,
5449,קובץ שיטות קמאי על ערכין,כן,ערכין,כב.,פירוש,לא,
5451,קובץ שיטות קמאי על ערכין,כן,ערכין,כב.,פירוש,לא,
5453,קובץ שיטות קמאי על ערכין,כן,ערכין,כב.,פירוש,לא,
5455,קובץ שיטות קמאי על ערכין,כן,ערכין,כב.,פירוש,לא,
5457,קובץ שיטות קמאי על ערכין,כן,ערכין,כב.,פירוש,לא,
5459,קובץ שיטות קמאי על ערכין,כן,ערכין,כב.,פירוש,לא,
5461,קובץ שיטות קמאי על ערכין,כן,ערכין,כב.,פירוש,לא,
5463,קובץ שיטות קמאי על ערכין,כן,ערכין,כב.,פירוש,לא,
5465,קובץ שיטות קמאי על ערכין,כן,ערכין,כב.,פירוש,לא,
5467,קובץ שיטות קמאי על ערכין,כן,ערכין,כב.,פירוש,לא,
5469,קובץ שיטות קמאי על ערכין,כן,ערכין,כב.,פירוש,לא,
5471,קובץ שיטות קמאי על ערכין,כן,ערכין,כב.,פירוש,לא,
5473,קובץ שיטות קמאי על ערכין,כן,ערכין,כב.,פירוש,לא,
5475,קובץ שיטות קמאי על ערכין,כן,ערכין,כב.,פירוש,לא,
5477,קובץ שיטות קמאי על ערכין,כן,ערכין,כב.,פירוש,לא,
5479,קובץ שיטות קמאי על ערכין,כן,ערכין,כב.,פירוש,לא,
5481,קובץ שיטות קמאי על ערכין,כן,ערכין,כב.,פירוש,לא,
5483,קובץ שיטות קמאי על ערכין,כן,ערכין,כב.,פירוש,לא,
5484,קובץ שיטות קמאי על ערכין,כן,ערכין,כב.,פירוש,לא,
5486,קובץ שיטות קמאי על ערכין,כן,ערכין,כב.,פירוש,לא,
5488,קובץ שיטות קמאי על ערכין,כן,ערכין,כב.,פירוש,לא,
5490,קובץ שיטות קמאי על ערכין,כן,ערכין,כב.,פירוש,לא,
5492,קובץ שיטות קמאי על ערכין,כן,ערכין,כב.,פירוש,לא,
5494,קובץ שיטות קמאי על ערכין,כן,ערכין,כב.,פירוש,לא,
5496,קובץ שיטות קמאי על ערכין,כן,ערכין,כב.,פירוש,לא,
5498,קובץ שיטות קמאי על ערכין,כן,ערכין,כב.,פירוש,לא,
5499,קובץ שיטות קמאי על ערכין,כן,ערכין,כב.,פירוש,לא,
5500,קובץ שיטות קמאי על ערכין,כן,ערכין,כב.,פירוש,לא,
5502,קובץ שיטות קמאי על ערכין,כן,ערכין,כב.,פירוש,לא,
5504,קובץ שיטות קמאי על ערכין,כן,ערכין,כב.,פירוש,לא,
5505,קובץ שיטות קמאי על ערכין,כן,ערכין,כב.,פירוש,לא,
5507,קובץ שיטות קמאי על ערכין,כן,ערכין,כב.,פירוש,לא,
5509,קובץ שיטות קמאי על ערכין,כן,ערכין,כב.,פירוש,לא,
5511,קובץ שיטות קמאי על ערכין,כן,ערכין,כב.,פירוש,לא,
5513,קובץ שיטות קמאי על ערכין,כן,ערכין,כב.,פירוש,לא,
5515,קובץ שיטות קמאי על ערכין,כן,ערכין,כב.,פירוש,לא,
5517,קובץ שיטות קמאי על ערכין,כן,ערכין,כב.,פירוש,לא,
5519,קובץ שיטות קמאי על ערכין,כן,ערכין,כב.,פירוש,לא,
5521,קובץ שיטות קמאי על ערכין,כן,ערכין,כב.,פירוש,לא,
5523,קובץ שיטות קמאי על ערכין,כן,ערכין,כב.,פירוש,לא,
5525,קובץ שיטות קמאי על ערכין,כן,ערכין,כב.,פירוש,לא,
5527,קובץ שיטות קמאי על ערכין,כן,ערכין,כב.,פירוש,לא,
5529,קובץ שיטות קמאי על ערכין,כן,ערכין,כב.,פירוש,לא,
5531,קובץ שיטות קמאי על ערכין,כן,ערכין,כב.,פירוש,לא,
5533,קובץ שיטות קמאי על ערכין,כן,ערכין,כב.,פירוש,לא,
5535,קובץ שיטות קמאי על ערכין,כן,ערכין,כב.,פירוש,לא,
5537,קובץ שיטות קמאי על ערכין,כן,ערכין,כב.,פירוש,לא,
5539,קובץ שיטות קמאי על ערכין,כן,ערכין,כב.,פירוש,לא,
5541,קובץ שיטות קמאי על ערכין,כן,ערכין,כב.,פירוש,לא,
5543,קובץ שיטות קמאי על ערכין,כן,ערכין,כב.,פירוש,לא,
5545,קובץ שיטות קמאי על ערכין,כן,ערכין,כב.,פירוש,לא,
5547,קובץ שיטות קמאי על ערכין,כן,ערכין,כב.,פירוש,לא,
5549,קובץ שיטות קמאי על ערכין,כן,ערכין,כב.,פירוש,לא,
5551,קובץ שיטות קמאי על ערכין,כן,ערכין,כב.,פירוש,לא,
5553,קובץ שיטות קמאי על ערכין,כן,ערכין,כב.,פירוש,לא,
5555,קובץ שיטות קמאי על ערכין,כן,ערכין,כב.,פירוש,לא,
5557,קובץ שיטות קמאי על ערכין,כן,ערכין,כב.,פירוש,לא,
5559,קובץ שיטות קמאי על ערכין,כן,ערכין,כב.,פירוש,לא,
5561,קובץ שיטות קמאי על ערכין,כן,ערכין,כב.,פירוש,לא,
5563,קובץ שיטות קמאי על ערכין,כן,ערכין,כב.,פירוש,לא,
5565,קובץ שיטות קמאי על ערכין,כן,ערכין,כב.,פירוש,לא,
5567,קובץ שיטות קמאי על ערכין,כן,ערכין,כב.,פירוש,לא,
5569,קובץ שיטות קמאי על ערכין,כן,ערכין,כב.,פירוש,לא,
5571,קובץ שיטות קמאי על ערכין,כן,ערכין,כב.,פירוש,לא,
5574,קובץ שיטות קמאי על ערכין,כן,ערכין,כב:,פירוש,לא,
5576,קובץ שיטות קמאי על ערכין,כן,ערכין,כב:,פירוש,לא,
5578,קובץ שיטות קמאי על ערכין,כן,ערכין,כב:,פירוש,לא,
5580,קובץ שיטות קמאי על ערכין,כן,ערכין,כב:,פירוש,לא,
5581,קובץ שיטות קמאי על ערכין,כן,ערכין,כב:,פירוש,לא,
5582,קובץ שיטות קמאי על ערכין,כן,ערכין,כב:,פירוש,לא,
5583,קובץ שיטות קמאי על ערכין,כן,ערכין,כב:,פירוש,לא,
5585,קובץ שיטות קמאי על ערכין,כן,ערכין,כב:,פירוש,לא,
5587,קובץ שיטות קמאי על ערכין,כן,ערכין,כב:,פירוש,לא,
5589,קובץ שיטות קמאי על ערכין,כן,ערכין,כב:,פירוש,לא,
5591,קובץ שיטות קמאי על ערכין,כן,ערכין,כב:,פירוש,לא,
5593,קובץ שיטות קמאי על ערכין,כן,ערכין,כב:,פירוש,לא,
5595,קובץ שיטות קמאי על ערכין,כן,ערכין,כב:,פירוש,לא,
5597,קובץ שיטות קמאי על ערכין,כן,ערכין,כב:,פירוש,לא,
5599,קובץ שיטות קמאי על ערכין,כן,ערכין,כב:,פירוש,לא,
5601,קובץ שיטות קמאי על ערכין,כן,ערכין,כב:,פירוש,לא,
5603,קובץ שיטות קמאי על ערכין,כן,ערכין,כב:,פירוש,לא,
5605,קובץ שיטות קמאי על ערכין,כן,ערכין,כב:,פירוש,לא,
5607,קובץ שיטות קמאי על ערכין,כן,ערכין,כב:,פירוש,לא,
5609,קובץ שיטות קמאי על ערכין,כן,ערכין,כב:,פירוש,לא,
5611,קובץ שיטות קמאי על ערכין,כן,ערכין,כב:,פירוש,לא,
5613,קובץ שיטות קמאי על ערכין,כן,ערכין,כב:,פירוש,לא,
5615,קובץ שיטות קמאי על ערכין,כן,ערכין,כב:,פירוש,לא,
5616,קובץ שיטות קמאי על ערכין,כן,ערכין,כב:,פירוש,לא,
5618,קובץ שיטות קמאי על ערכין,כן,ערכין,כב:,פירוש,לא,
5620,קובץ שיטות קמאי על ערכין,כן,ערכין,כב:,פירוש,לא,
5621,קובץ שיטות קמאי על ערכין,כן,ערכין,כב:,פירוש,לא,
5622,קובץ שיטות קמאי על ערכין,כן,ערכין,כב:,פירוש,לא,
5623,קובץ שיטות קמאי על ערכין,כן,ערכין,כב:,פירוש,לא,
5625,קובץ שיטות קמאי על ערכין,כן,ערכין,כב:,פירוש,לא,
5627,קובץ שיטות קמאי על ערכין,כן,ערכין,כב:,פירוש,לא,
5629,קובץ שיטות קמאי על ערכין,כן,ערכין,כב:,פירוש,לא,
5631,קובץ שיטות קמאי על ערכין,כן,ערכין,כב:,פירוש,לא,
5633,קובץ שיטות קמאי על ערכין,כן,ערכין,כב:,פירוש,לא,
5635,קובץ שיטות קמאי על ערכין,כן,ערכין,כב:,פירוש,לא,
5637,קובץ שיטות קמאי על ערכין,כן,ערכין,כב:,פירוש,לא,
5639,קובץ שיטות קמאי על ערכין,כן,ערכין,כב:,פירוש,לא,
5641,קובץ שיטות קמאי על ערכין,כן,ערכין,כב:,פירוש,לא,
5643,קובץ שיטות קמאי על ערכין,כן,ערכין,כב:,פירוש,לא,
5645,קובץ שיטות קמאי על ערכין,כן,ערכין,כב:,פירוש,לא,
5647,קובץ שיטות קמאי על ערכין,כן,ערכין,כב:,פירוש,לא,
5649,קובץ שיטות קמאי על ערכין,כן,ערכין,כב:,פירוש,לא,
5651,קובץ שיטות קמאי על ערכין,כן,ערכין,כב:,פירוש,לא,
5653,קובץ שיטות קמאי על ערכין,כן,ערכין,כב:,פירוש,לא,
5655,קובץ שיטות קמאי על ערכין,כן,ערכין,כב:,פירוש,לא,
5657,קובץ שיטות קמאי על ערכין,כן,ערכין,כב:,פירוש,לא,
5659,קובץ שיטות קמאי על ערכין,כן,ערכין,כב:,פירוש,לא,
5661,קובץ שיטות קמאי על ערכין,כן,ערכין,כב:,פירוש,לא,
5663,קובץ שיטות קמאי על ערכין,כן,ערכין,כב:,פירוש,לא,
5665,קובץ שיטות קמאי על ערכין,כן,ערכין,כב:,פירוש,לא,
5667,קובץ שיטות קמאי על ערכין,כן,ערכין,כב:,פירוש,לא,
5669,קובץ שיטות קמאי על ערכין,כן,ערכין,כב:,פירוש,לא,
5671,קובץ שיטות קמאי על ערכין,כן,ערכין,כב:,פירוש,לא,
5673,קובץ שיטות קמאי על ערכין,כן,ערכין,כב:,פירוש,לא,
5675,קובץ שיטות קמאי על ערכין,כן,ערכין,כב:,פירוש,לא,
5676,קובץ שיטות קמאי על ערכין,כן,ערכין,כב:,פירוש,לא,
5677,קובץ שיטות קמאי על ערכין,כן,ערכין,כב:,פירוש,לא,
5678,קובץ שיטות קמאי על ערכין,כן,ערכין,כב:,פירוש,לא,
5680,קובץ שיטות קמאי על ערכין,כן,ערכין,כב:,פירוש,לא,
5682,קובץ שיטות קמאי על ערכין,כן,ערכין,כב:,פירוש,לא,
5683,קובץ שיטות קמאי על ערכין,כן,ערכין,כב:,פירוש,לא,
5684,קובץ שיטות קמאי על ערכין,כן,ערכין,כב:,פירוש,לא,
5686,קובץ שיטות קמאי על ערכין,כן,ערכין,כב:,פירוש,לא,
5688,קובץ שיטות קמאי על ערכין,כן,ערכין,כב:,פירוש,לא,
5689,קובץ שיטות קמאי על ערכין,כן,ערכין,כב:,פירוש,לא,
5690,קובץ שיטות קמאי על ערכין,כן,ערכין,כב:,פירוש,לא,
5692,קובץ שיטות קמאי על ערכין,כן,ערכין,כב:,פירוש,לא,
5694,קובץ שיטות קמאי על ערכין,כן,ערכין,כב:,פירוש,לא,
5696,קובץ שיטות קמאי על ערכין,כן,ערכין,כב:,פירוש,לא,
5698,קובץ שיטות קמאי על ערכין,כן,ערכין,כב:,פירוש,לא,
5699,קובץ שיטות קמאי על ערכין,כן,ערכין,כב:,פירוש,לא,
5701,קובץ שיטות קמאי על ערכין,כן,ערכין,כב:,פירוש,לא,
5703,קובץ שיטות קמאי על ערכין,כן,ערכין,כב:,פירוש,לא,
5705,קובץ שיטות קמאי על ערכין,כן,ערכין,כב:,פירוש,לא,
5707,קובץ שיטות קמאי על ערכין,כן,ערכין,כב:,פירוש,לא,
5709,קובץ שיטות קמאי על ערכין,כן,ערכין,כב:,פירוש,לא,
5710,קובץ שיטות קמאי על ערכין,כן,ערכין,כב:,פירוש,לא,
5711,קובץ שיטות קמאי על ערכין,כן,ערכין,כב:,פירוש,לא,
5713,קובץ שיטות קמאי על ערכין,כן,ערכין,כב:,פירוש,לא,
5715,קובץ שיטות קמאי על ערכין,כן,ערכין,כב:,פירוש,לא,
5717,קובץ שיטות קמאי על ערכין,כן,ערכין,כב:,פירוש,לא,
5719,קובץ שיטות קמאי על ערכין,כן,ערכין,כב:,פירוש,לא,
5721,קובץ שיטות קמאי על ערכין,כן,ערכין,כב:,פירוש,לא,
5723,קובץ שיטות קמאי על ערכין,כן,ערכין,כב:,פירוש,לא,
5725,קובץ שיטות קמאי על ערכין,כן,ערכין,כב:,פירוש,לא,
5727,קובץ שיטות קמאי על ערכין,כן,ערכין,כב:,פירוש,לא,
5730,קובץ שיטות קמאי על ערכין,כן,ערכין,כג.,פירוש,לא,
5732,קובץ שיטות קמאי על ערכין,כן,ערכין,כג.,פירוש,לא,
5734,קובץ שיטות קמאי על ערכין,כן,ערכין,כג.,פירוש,לא,
5736,קובץ שיטות קמאי על ערכין,כן,ערכין,כג.,פירוש,לא,
5738,קובץ שיטות קמאי על ערכין,כן,ערכין,כג.,פירוש,לא,
5739,קובץ שיטות קמאי על ערכין,כן,ערכין,כג.,פירוש,לא,
5740,קובץ שיטות קמאי על ערכין,כן,ערכין,כג.,פירוש,לא,
5741,קובץ שיטות קמאי על ערכין,כן,ערכין,כג.,פירוש,לא,
5743,קובץ שיטות קמאי על ערכין,כן,ערכין,כג.,פירוש,לא,
5745,קובץ שיטות קמאי על ערכין,כן,ערכין,כג.,פירוש,לא,
5747,קובץ שיטות קמאי על ערכין,כן,ערכין,כג.,פירוש,לא,
5749,קובץ שיטות קמאי על ערכין,כן,ערכין,כג.,פירוש,לא,
5751,קובץ שיטות קמאי על ערכין,כן,ערכין,כג.,פירוש,לא,
5753,קובץ שיטות קמאי על ערכין,כן,ערכין,כג.,פירוש,לא,
5755,קובץ שיטות קמאי על ערכין,כן,ערכין,כג.,פירוש,לא,
5757,קובץ שיטות קמאי על ערכין,כן,ערכין,כג.,פירוש,לא,
5759,קובץ שיטות קמאי על ערכין,כן,ערכין,כג.,פירוש,לא,
5761,קובץ שיטות קמאי על ערכין,כן,ערכין,כג.,פירוש,לא,
5763,קובץ שיטות קמאי על ערכין,כן,ערכין,כג.,פירוש,לא,
5765,קובץ שיטות קמאי על ערכין,כן,ערכין,כג.,פירוש,לא,
5767,קובץ שיטות קמאי על ערכין,כן,ערכין,כג.,פירוש,לא,
5769,קובץ שיטות קמאי על ערכין,כן,ערכין,כג.,פירוש,לא,
5771,קובץ שיטות קמאי על ערכין,כן,ערכין,כג.,פירוש,לא,
5773,קובץ שיטות קמאי על ערכין,כן,ערכין,כג.,פירוש,לא,
5775,קובץ שיטות קמאי על ערכין,כן,ערכין,כג.,פירוש,לא,
5776,קובץ שיטות קמאי על ערכין,כן,ערכין,כג.,פירוש,לא,
5777,קובץ שיטות קמאי על ערכין,כן,ערכין,כג.,פירוש,לא,
5778,קובץ שיטות קמאי על ערכין,כן,ערכין,כג.,פירוש,לא,
5779,קובץ שיטות קמאי על ערכין,כן,ערכין,כג.,פירוש,לא,
5780,קובץ שיטות קמאי על ערכין,כן,ערכין,כג.,פירוש,לא,
5782,קובץ שיטות קמאי על ערכין,כן,ערכין,כג.,פירוש,לא,
5783,קובץ שיטות קמאי על ערכין,כן,ערכין,כג.,פירוש,לא,
5784,קובץ שיטות קמאי על ערכין,כן,ערכין,כג.,פירוש,לא,
5785,קובץ שיטות קמאי על ערכין,כן,ערכין,כג.,פירוש,לא,
5787,קובץ שיטות קמאי על ערכין,כן,ערכין,כג.,פירוש,לא,
5789,קובץ שיטות קמאי על ערכין,כן,ערכין,כג.,פירוש,לא,
5791,קובץ שיטות קמאי על ערכין,כן,ערכין,כג.,פירוש,לא,
5793,קובץ שיטות קמאי על ערכין,כן,ערכין,כג.,פירוש,לא,
5795,קובץ שיטות קמאי על ערכין,כן,ערכין,כג.,פירוש,לא,
5797,קובץ שיטות קמאי על ערכין,כן,ערכין,כג.,פירוש,לא,
5799,קובץ שיטות קמאי על ערכין,כן,ערכין,כג.,פירוש,לא,
5801,קובץ שיטות קמאי על ערכין,כן,ערכין,כג.,פירוש,לא,
5802,קובץ שיטות קמאי על ערכין,כן,ערכין,כג.,פירוש,לא,
5804,קובץ שיטות קמאי על ערכין,כן,ערכין,כג.,פירוש,לא,
5806,קובץ שיטות קמאי על ערכין,כן,ערכין,כג.,פירוש,לא,
5808,קובץ שיטות קמאי על ערכין,כן,ערכין,כג.,פירוש,לא,
5810,קובץ שיטות קמאי על ערכין,כן,ערכין,כג.,פירוש,לא,
5812,קובץ שיטות קמאי על ערכין,כן,ערכין,כג.,פירוש,לא,
5814,קובץ שיטות קמאי על ערכין,כן,ערכין,כג.,פירוש,לא,
5816,קובץ שיטות קמאי על ערכין,כן,ערכין,כג.,פירוש,לא,
5818,קובץ שיטות קמאי על ערכין,כן,ערכין,כג.,פירוש,לא,
5820,קובץ שיטות קמאי על ערכין,כן,ערכין,כג.,פירוש,לא,
5822,קובץ שיטות קמאי על ערכין,כן,ערכין,כג.,פירוש,לא,
5824,קובץ שיטות קמאי על ערכין,כן,ערכין,כג.,פירוש,לא,
5826,קובץ שיטות קמאי על ערכין,כן,ערכין,כג.,פירוש,לא,
5828,קובץ שיטות קמאי על ערכין,כן,ערכין,כג.,פירוש,לא,
5830,קובץ שיטות קמאי על ערכין,כן,ערכין,כג.,פירוש,לא,
5832,קובץ שיטות קמאי על ערכין,כן,ערכין,כג.,פירוש,לא,
5834,קובץ שיטות קמאי על ערכין,כן,ערכין,כג.,פירוש,לא,
5836,קובץ שיטות קמאי על ערכין,כן,ערכין,כג.,פירוש,לא,
5838,קובץ שיטות קמאי על ערכין,כן,ערכין,כג.,פירוש,לא,
5840,קובץ שיטות קמאי על ערכין,כן,ערכין,כג.,פירוש,לא,
5842,קובץ שיטות קמאי על ערכין,כן,ערכין,כג.,פירוש,לא,
5844,קובץ שיטות קמאי על ערכין,כן,ערכין,כג.,פירוש,לא,
5846,קובץ שיטות קמאי על ערכין,כן,ערכין,כג.,פירוש,לא,
5848,קובץ שיטות קמאי על ערכין,כן,ערכין,כג.,פירוש,לא,
5850,קובץ שיטות קמאי על ערכין,כן,ערכין,כג.,פירוש,לא,
5852,קובץ שיטות קמאי על ערכין,כן,ערכין,כג.,פירוש,לא,
5854,קובץ שיטות קמאי על ערכין,כן,ערכין,כג.,פירוש,לא,
5856,קובץ שיטות קמאי על ערכין,כן,ערכין,כג.,פירוש,לא,
5858,קובץ שיטות קמאי על ערכין,כן,ערכין,כג.,פירוש,לא,
5860,קובץ שיטות קמאי על ערכין,כן,ערכין,כג.,פירוש,לא,
5862,קובץ שיטות קמאי על ערכין,כן,ערכין,כג.,פירוש,לא,
5864,קובץ שיטות קמאי על ערכין,כן,ערכין,כג.,פירוש,לא,
5866,קובץ שיטות קמאי על ערכין,כן,ערכין,כג.,פירוש,לא,
5868,קובץ שיטות קמאי על ערכין,כן,ערכין,כג.,פירוש,לא,
5870,קובץ שיטות קמאי על ערכין,כן,ערכין,כג.,פירוש,לא,
5872,קובץ שיטות קמאי על ערכין,כן,ערכין,כג.,פירוש,לא,
5873,קובץ שיטות קמאי על ערכין,כן,ערכין,כג.,פירוש,לא,
5874,קובץ שיטות קמאי על ערכין,כן,ערכין,כג.,פירוש,לא,
5875,קובץ שיטות קמאי על ערכין,כן,ערכין,כג.,פירוש,לא,
5876,קובץ שיטות קמאי על ערכין,כן,ערכין,כג.,פירוש,לא,
5877,קובץ שיטות קמאי על ערכין,כן,ערכין,כג.,פירוש,לא,
5879,קובץ שיטות קמאי על ערכין,כן,ערכין,כג.,פירוש,לא,
5881,קובץ שיטות קמאי על ערכין,כן,ערכין,כג.,פירוש,לא,
5883,קובץ שיטות קמאי על ערכין,כן,ערכין,כג.,פירוש,לא,
5885,קובץ שיטות קמאי על ערכין,כן,ערכין,כג.,פירוש,לא,
5887,קובץ שיטות קמאי על ערכין,כן,ערכין,כג.,פירוש,לא,
5889,קובץ שיטות קמאי על ערכין,כן,ערכין,כג.,פירוש,לא,
5891,קובץ שיטות קמאי על ערכין,כן,ערכין,כג.,פירוש,לא,
5893,קובץ שיטות קמאי על ערכין,כן,ערכין,כג.,פירוש,לא,
5895,קובץ שיטות קמאי על ערכין,כן,ערכין,כג.,פירוש,לא,
5897,קובץ שיטות קמאי על ערכין,כן,ערכין,כג.,פירוש,לא,
5899,קובץ שיטות קמאי על ערכין,כן,ערכין,כג.,פירוש,לא,
5900,קובץ שיטות קמאי על ערכין,כן,ערכין,כג.,פירוש,לא,
5901,קובץ שיטות קמאי על ערכין,כן,ערכין,כג.,פירוש,לא,
5902,קובץ שיטות קמאי על ערכין,כן,ערכין,כג.,פירוש,לא,
5903,קובץ שיטות קמאי על ערכין,כן,ערכין,כג.,פירוש,לא,
5904,קובץ שיטות קמאי על ערכין,כן,ערכין,כג.,פירוש,לא,
5905,קובץ שיטות קמאי על ערכין,כן,ערכין,כג.,פירוש,לא,
5906,קובץ שיטות קמאי על ערכין,כן,ערכין,כג.,פירוש,לא,
5907,קובץ שיטות קמאי על ערכין,כן,ערכין,כג.,פירוש,לא,
5908,קובץ שיטות קמאי על ערכין,כן,ערכין,כג.,פירוש,לא,
5909,קובץ שיטות קמאי על ערכין,כן,ערכין,כג.,פירוש,לא,
5910,קובץ שיטות קמאי על ערכין,כן,ערכין,כג.,פירוש,לא,
5912,קובץ שיטות קמאי על ערכין,כן,ערכין,כג.,פירוש,לא,
5914,קובץ שיטות קמאי על ערכין,כן,ערכין,כג.,פירוש,לא,
5916,קובץ שיטות קמאי על ערכין,כן,ערכין,כג.,פירוש,לא,
5918,קובץ שיטות קמאי על ערכין,כן,ערכין,כג.,פירוש,לא,
5920,קובץ שיטות קמאי על ערכין,כן,ערכין,כג.,פירוש,לא,
5922,קובץ שיטות קמאי על ערכין,כן,ערכין,כג.,פירוש,לא,
5924,קובץ שיטות קמאי על ערכין,כן,ערכין,כג.,פירוש,לא,
5926,קובץ שיטות קמאי על ערכין,כן,ערכין,כג.,פירוש,לא,
5927,קובץ שיטות קמאי על ערכין,כן,ערכין,כג.,פירוש,לא,
5929,קובץ שיטות קמאי על ערכין,כן,ערכין,כג.,פירוש,לא,
5930,קובץ שיטות קמאי על ערכין,כן,ערכין,כג.,פירוש,לא,
5931,קובץ שיטות קמאי על ערכין,כן,ערכין,כג.,פירוש,לא,
5933,קובץ שיטות קמאי על ערכין,כן,ערכין,כג.,פירוש,לא,
5935,קובץ שיטות קמאי על ערכין,כן,ערכין,כג.,פירוש,לא,
5937,קובץ שיטות קמאי על ערכין,כן,ערכין,כג.,פירוש,לא,
5939,קובץ שיטות קמאי על ערכין,כן,ערכין,כג.,פירוש,לא,
5941,קובץ שיטות קמאי על ערכין,כן,ערכין,כג.,פירוש,לא,
5943,קובץ שיטות קמאי על ערכין,כן,ערכין,כג.,פירוש,לא,
5945,קובץ שיטות קמאי על ערכין,כן,ערכין,כג.,פירוש,לא,
5947,קובץ שיטות קמאי על ערכין,כן,ערכין,כג.,פירוש,לא,
5949,קובץ שיטות קמאי על ערכין,כן,ערכין,כג.,פירוש,לא,
5950,קובץ שיטות קמאי על ערכין,כן,ערכין,כג.,פירוש,לא,
5952,קובץ שיטות קמאי על ערכין,כן,ערכין,כג.,פירוש,לא,
5954,קובץ שיטות קמאי על ערכין,כן,ערכין,כג.,פירוש,לא,
5956,קובץ שיטות קמאי על ערכין,כן,ערכין,כג.,פירוש,לא,
5958,קובץ שיטות קמאי על ערכין,כן,ערכין,כג.,פירוש,לא,
5960,קובץ שיטות קמאי על ערכין,כן,ערכין,כג.,פירוש,לא,
5962,קובץ שיטות קמאי על ערכין,כן,ערכין,כג.,פירוש,לא,
5964,קובץ שיטות קמאי על ערכין,כן,ערכין,כג.,פירוש,לא,
5966,קובץ שיטות קמאי על ערכין,כן,ערכין,כג.,פירוש,לא,
5968,קובץ שיטות קמאי על ערכין,כן,ערכין,כג.,פירוש,לא,
5970,קובץ שיטות קמאי על ערכין,כן,ערכין,כג.,פירוש,לא,
5971,קובץ שיטות קמאי על ערכין,כן,ערכין,כג.,פירוש,לא,
5972,קובץ שיטות קמאי על ערכין,כן,ערכין,כג.,פירוש,לא,
5974,קובץ שיטות קמאי על ערכין,כן,ערכין,כג.,פירוש,לא,
5976,קובץ שיטות קמאי על ערכין,כן,ערכין,כג.,פירוש,לא,
5978,קובץ שיטות קמאי על ערכין,כן,ערכין,כג.,פירוש,לא,
5980,קובץ שיטות קמאי על ערכין,כן,ערכין,כג.,פירוש,לא,
5982,קובץ שיטות קמאי על ערכין,כן,ערכין,כג.,פירוש,לא,
5984,קובץ שיטות קמאי על ערכין,כן,ערכין,כג.,פירוש,לא,
5986,קובץ שיטות קמאי על ערכין,כן,ערכין,כג.,פירוש,לא,
5988,קובץ שיטות קמאי על ערכין,כן,ערכין,כג.,פירוש,לא,
5990,קובץ שיטות קמאי על ערכין,כן,ערכין,כג.,פירוש,לא,
5992,קובץ שיטות קמאי על ערכין,כן,ערכין,כג.,פירוש,לא,
5994,קובץ שיטות קמאי על ערכין,כן,ערכין,כג.,פירוש,לא,
5996,קובץ שיטות קמאי על ערכין,כן,ערכין,כג.,פירוש,לא,
5998,קובץ שיטות קמאי על ערכין,כן,ערכין,כג.,פירוש,לא,
6000,קובץ שיטות קמאי על ערכין,כן,ערכין,כג.,פירוש,לא,
6002,קובץ שיטות קמאי על ערכין,כן,ערכין,כג.,פירוש,לא,
6004,קובץ שיטות קמאי על ערכין,כן,ערכין,כג.,פירוש,לא,
6006,קובץ שיטות קמאי על ערכין,כן,ערכין,כג.,פירוש,לא,
6008,קובץ שיטות קמאי על ערכין,כן,ערכין,כג.,פירוש,לא,
6010,קובץ שיטות קמאי על ערכין,כן,ערכין,כג.,פירוש,לא,
6012,קובץ שיטות קמאי על ערכין,כן,ערכין,כג.,פירוש,לא,
6014,קובץ שיטות קמאי על ערכין,כן,ערכין,כג.,פירוש,לא,
6015,קובץ שיטות קמאי על ערכין,כן,ערכין,כג.,פירוש,לא,
6017,קובץ שיטות קמאי על ערכין,כן,ערכין,כג.,פירוש,לא,
6019,קובץ שיטות קמאי על ערכין,כן,ערכין,כג.,פירוש,לא,
6021,קובץ שיטות קמאי על ערכין,כן,ערכין,כג.,פירוש,לא,
6023,קובץ שיטות קמאי על ערכין,כן,ערכין,כג.,פירוש,לא,
6025,קובץ שיטות קמאי על ערכין,כן,ערכין,כג.,פירוש,לא,
6026,קובץ שיטות קמאי על ערכין,כן,ערכין,כג.,פירוש,לא,
6028,קובץ שיטות קמאי על ערכין,כן,ערכין,כג.,פירוש,לא,
6030,קובץ שיטות קמאי על ערכין,כן,ערכין,כג.,פירוש,לא,
6032,קובץ שיטות קמאי על ערכין,כן,ערכין,כג.,פירוש,לא,
6034,קובץ שיטות קמאי על ערכין,כן,ערכין,כג.,פירוש,לא,
6036,קובץ שיטות קמאי על ערכין,כן,ערכין,כג.,פירוש,לא,
6038,קובץ שיטות קמאי על ערכין,כן,ערכין,כג.,פירוש,לא,
6041,קובץ שיטות קמאי על ערכין,כן,ערכין,כג:,פירוש,לא,
6043,קובץ שיטות קמאי על ערכין,כן,ערכין,כג:,פירוש,לא,
6045,קובץ שיטות קמאי על ערכין,כן,ערכין,כג:,פירוש,לא,
6047,קובץ שיטות קמאי על ערכין,כן,ערכין,כג:,פירוש,לא,
6049,קובץ שיטות קמאי על ערכין,כן,ערכין,כג:,פירוש,לא,
6051,קובץ שיטות קמאי על ערכין,כן,ערכין,כג:,פירוש,לא,
6053,קובץ שיטות קמאי על ערכין,כן,ערכין,כג:,פירוש,לא,
6055,קובץ שיטות קמאי על ערכין,כן,ערכין,כג:,פירוש,לא,
6057,קובץ שיטות קמאי על ערכין,כן,ערכין,כג:,פירוש,לא,
6059,קובץ שיטות קמאי על ערכין,כן,ערכין,כג:,פירוש,לא,
6061,קובץ שיטות קמאי על ערכין,כן,ערכין,כג:,פירוש,לא,
6063,קובץ שיטות קמאי על ערכין,כן,ערכין,כג:,פירוש,לא,
6065,קובץ שיטות קמאי על ערכין,כן,ערכין,כג:,פירוש,לא,
6067,קובץ שיטות קמאי על ערכין,כן,ערכין,כג:,פירוש,לא,
6069,קובץ שיטות קמאי על ערכין,כן,ערכין,כג:,פירוש,לא,
6071,קובץ שיטות קמאי על ערכין,כן,ערכין,כג:,פירוש,לא,
6073,קובץ שיטות קמאי על ערכין,כן,ערכין,כג:,פירוש,לא,
6075,קובץ שיטות קמאי על ערכין,כן,ערכין,כג:,פירוש,לא,
6076,קובץ שיטות קמאי על ערכין,כן,ערכין,כג:,פירוש,לא,
6078,קובץ שיטות קמאי על ערכין,כן,ערכין,כג:,פירוש,לא,
6080,קובץ שיטות קמאי על ערכין,כן,ערכין,כג:,פירוש,לא,
6081,קובץ שיטות קמאי על ערכין,כן,ערכין,כג:,פירוש,לא,
6082,קובץ שיטות קמאי על ערכין,כן,ערכין,כג:,פירוש,לא,
6083,קובץ שיטות קמאי על ערכין,כן,ערכין,כג:,פירוש,לא,
6084,קובץ שיטות קמאי על ערכין,כן,ערכין,כג:,פירוש,לא,
6085,קובץ שיטות קמאי על ערכין,כן,ערכין,כג:,פירוש,לא,
6086,קובץ שיטות קמאי על ערכין,כן,ערכין,כג:,פירוש,לא,
6087,קובץ שיטות קמאי על ערכין,כן,ערכין,כג:,פירוש,לא,
6088,קובץ שיטות קמאי על ערכין,כן,ערכין,כג:,פירוש,לא,
6089,קובץ שיטות קמאי על ערכין,כן,ערכין,כג:,פירוש,לא,
6090,קובץ שיטות קמאי על ערכין,כן,ערכין,כג:,פירוש,לא,
6091,קובץ שיטות קמאי על ערכין,כן,ערכין,כג:,פירוש,לא,
6092,קובץ שיטות קמאי על ערכין,כן,ערכין,כג:,פירוש,לא,
6093,קובץ שיטות קמאי על ערכין,כן,ערכין,כג:,פירוש,לא,
6094,קובץ שיטות קמאי על ערכין,כן,ערכין,כג:,פירוש,לא,
6095,קובץ שיטות קמאי על ערכין,כן,ערכין,כג:,פירוש,לא,
6096,קובץ שיטות קמאי על ערכין,כן,ערכין,כג:,פירוש,לא,
6097,קובץ שיטות קמאי על ערכין,כן,ערכין,כג:,פירוש,לא,
6098,קובץ שיטות קמאי על ערכין,כן,ערכין,כג:,פירוש,לא,
6099,קובץ שיטות קמאי על ערכין,כן,ערכין,כג:,פירוש,לא,
6101,קובץ שיטות קמאי על ערכין,כן,ערכין,כג:,פירוש,לא,
6103,קובץ שיטות קמאי על ערכין,כן,ערכין,כג:,פירוש,לא,
6105,קובץ שיטות קמאי על ערכין,כן,ערכין,כג:,פירוש,לא,
6107,קובץ שיטות קמאי על ערכין,כן,ערכין,כג:,פירוש,לא,
6109,קובץ שיטות קמאי על ערכין,כן,ערכין,כג:,פירוש,לא,
6111,קובץ שיטות קמאי על ערכין,כן,ערכין,כג:,פירוש,לא,
6113,קובץ שיטות קמאי על ערכין,כן,ערכין,כג:,פירוש,לא,
6115,קובץ שיטות קמאי על ערכין,כן,ערכין,כג:,פירוש,לא,
6116,קובץ שיטות קמאי על ערכין,כן,ערכין,כג:,פירוש,לא,
6117,קובץ שיטות קמאי על ערכין,כן,ערכין,כג:,פירוש,לא,
6118,קובץ שיטות קמאי על ערכין,כן,ערכין,כג:,פירוש,לא,
6120,קובץ שיטות קמאי על ערכין,כן,ערכין,כג:,פירוש,לא,
6122,קובץ שיטות קמאי על ערכין,כן,ערכין,כג:,פירוש,לא,
6124,קובץ שיטות קמאי על ערכין,כן,ערכין,כג:,פירוש,לא,
6126,קובץ שיטות קמאי על ערכין,כן,ערכין,כג:,פירוש,לא,
6128,קובץ שיטות קמאי על ערכין,כן,ערכין,כג:,פירוש,לא,
6129,קובץ שיטות קמאי על ערכין,כן,ערכין,כג:,פירוש,לא,
6131,קובץ שיטות קמאי על ערכין,כן,ערכין,כג:,פירוש,לא,
6133,קובץ שיטות קמאי על ערכין,כן,ערכין,כג:,פירוש,לא,
6135,קובץ שיטות קמאי על ערכין,כן,ערכין,כג:,פירוש,לא,
6137,קובץ שיטות קמאי על ערכין,כן,ערכין,כג:,פירוש,לא,
6139,קובץ שיטות קמאי על ערכין,כן,ערכין,כג:,פירוש,לא,
6141,קובץ שיטות קמאי על ערכין,כן,ערכין,כג:,פירוש,לא,
6143,קובץ שיטות קמאי על ערכין,כן,ערכין,כג:,פירוש,לא,
6145,קובץ שיטות קמאי על ערכין,כן,ערכין,כג:,פירוש,לא,
6147,קובץ שיטות קמאי על ערכין,כן,ערכין,כג:,פירוש,לא,
6149,קובץ שיטות קמאי על ערכין,כן,ערכין,כג:,פירוש,לא,
6151,קובץ שיטות קמאי על ערכין,כן,ערכין,כג:,פירוש,לא,
6153,קובץ שיטות קמאי על ערכין,כן,ערכין,כג:,פירוש,לא,
6154,קובץ שיטות קמאי על ערכין,כן,ערכין,כג:,פירוש,לא,
6155,קובץ שיטות קמאי על ערכין,כן,ערכין,כג:,פירוש,לא,
6157,קובץ שיטות קמאי על ערכין,כן,ערכין,כג:,פירוש,לא,
6159,קובץ שיטות קמאי על ערכין,כן,ערכין,כג:,פירוש,לא,
6161,קובץ שיטות קמאי על ערכין,כן,ערכין,כג:,פירוש,לא,
6163,קובץ שיטות קמאי על ערכין,כן,ערכין,כג:,פירוש,לא,
6165,קובץ שיטות קמאי על ערכין,כן,ערכין,כג:,פירוש,לא,
6167,קובץ שיטות קמאי על ערכין,כן,ערכין,כג:,פירוש,לא,
6169,קובץ שיטות קמאי על ערכין,כן,ערכין,כג:,פירוש,לא,
6171,קובץ שיטות קמאי על ערכין,כן,ערכין,כג:,פירוש,לא,
6173,קובץ שיטות קמאי על ערכין,כן,ערכין,כג:,פירוש,לא,
6175,קובץ שיטות קמאי על ערכין,כן,ערכין,כג:,פירוש,לא,
6177,קובץ שיטות קמאי על ערכין,כן,ערכין,כג:,פירוש,לא,
6179,קובץ שיטות קמאי על ערכין,כן,ערכין,כג:,פירוש,לא,
6181,קובץ שיטות קמאי על ערכין,כן,ערכין,כג:,פירוש,לא,
6183,קובץ שיטות קמאי על ערכין,כן,ערכין,כג:,פירוש,לא,
6184,קובץ שיטות קמאי על ערכין,כן,ערכין,כג:,פירוש,לא,
6186,קובץ שיטות קמאי על ערכין,כן,ערכין,כג:,פירוש,לא,
6188,קובץ שיטות קמאי על ערכין,כן,ערכין,כג:,פירוש,לא,
6190,קובץ שיטות קמאי על ערכין,כן,ערכין,כג:,פירוש,לא,
6192,קובץ שיטות קמאי על ערכין,כן,ערכין,כג:,פירוש,לא,
6193,קובץ שיטות קמאי על ערכין,כן,ערכין,כג:,פירוש,לא,
6195,קובץ שיטות קמאי על ערכין,כן,ערכין,כג:,פירוש,לא,
6197,קובץ שיטות קמאי על ערכין,כן,ערכין,כג:,פירוש,לא,
6199,קובץ שיטות קמאי על ערכין,כן,ערכין,כג:,פירוש,לא,
6201,קובץ שיטות קמאי על ערכין,כן,ערכין,כג:,פירוש,לא,
6203,קובץ שיטות קמאי על ערכין,כן,ערכין,כג:,פירוש,לא,
6205,קובץ שיטות קמאי על ערכין,כן,ערכין,כג:,פירוש,לא,
6207,קובץ שיטות קמאי על ערכין,כן,ערכין,כג:,פירוש,לא,
6209,קובץ שיטות קמאי על ערכין,כן,ערכין,כג:,פירוש,לא,
6211,קובץ שיטות קמאי על ערכין,כן,ערכין,כג:,פירוש,לא,
6213,קובץ שיטות קמאי על ערכין,כן,ערכין,כג:,פירוש,לא,
6215,קובץ שיטות קמאי על ערכין,כן,ערכין,כג:,פירוש,לא,
6217,קובץ שיטות קמאי על ערכין,כן,ערכין,כג:,פירוש,לא,
6218,קובץ שיטות קמאי על ערכין,כן,ערכין,כג:,פירוש,לא,
6220,קובץ שיטות קמאי על ערכין,כן,ערכין,כג:,פירוש,לא,
6222,קובץ שיטות קמאי על ערכין,כן,ערכין,כג:,פירוש,לא,
6224,קובץ שיטות קמאי על ערכין,כן,ערכין,כג:,פירוש,לא,
6226,קובץ שיטות קמאי על ערכין,כן,ערכין,כג:,פירוש,לא,
6227,קובץ שיטות קמאי על ערכין,כן,ערכין,כג:,פירוש,לא,
6229,קובץ שיטות קמאי על ערכין,כן,ערכין,כג:,פירוש,לא,
6231,קובץ שיטות קמאי על ערכין,כן,ערכין,כג:,פירוש,לא,
6233,קובץ שיטות קמאי על ערכין,כן,ערכין,כג:,פירוש,לא,
6235,קובץ שיטות קמאי על ערכין,כן,ערכין,כג:,פירוש,לא,
6236,קובץ שיטות קמאי על ערכין,כן,ערכין,כג:,פירוש,לא,
6237,קובץ שיטות קמאי על ערכין,כן,ערכין,כג:,פירוש,לא,
6238,קובץ שיטות קמאי על ערכין,כן,ערכין,כג:,פירוש,לא,
6240,קובץ שיטות קמאי על ערכין,כן,ערכין,כג:,פירוש,לא,
6241,קובץ שיטות קמאי על ערכין,כן,ערכין,כג:,פירוש,לא,
6243,קובץ שיטות קמאי על ערכין,כן,ערכין,כג:,פירוש,לא,
6245,קובץ שיטות קמאי על ערכין,כן,ערכין,כג:,פירוש,לא,
6247,קובץ שיטות קמאי על ערכין,כן,ערכין,כג:,פירוש,לא,
6249,קובץ שיטות קמאי על ערכין,כן,ערכין,כג:,פירוש,לא,
6251,קובץ שיטות קמאי על ערכין,כן,ערכין,כג:,פירוש,לא,
6253,קובץ שיטות קמאי על ערכין,כן,ערכין,כג:,פירוש,לא,
6255,קובץ שיטות קמאי על ערכין,כן,ערכין,כג:,פירוש,לא,
6257,קובץ שיטות קמאי על ערכין,כן,ערכין,כג:,פירוש,לא,
6259,קובץ שיטות קמאי על ערכין,כן,ערכין,כג:,פירוש,לא,
6261,קובץ שיטות קמאי על ערכין,כן,ערכין,כג:,פירוש,לא,
6263,קובץ שיטות קמאי על ערכין,כן,ערכין,כג:,פירוש,לא,
6264,קובץ שיטות קמאי על ערכין,כן,ערכין,כג:,פירוש,לא,
6265,קובץ שיטות קמאי על ערכין,כן,ערכין,כג:,פירוש,לא,
6267,קובץ שיטות קמאי על ערכין,כן,ערכין,כג:,פירוש,לא,
6268,קובץ שיטות קמאי על ערכין,כן,ערכין,כג:,פירוש,לא,
6269,קובץ שיטות קמאי על ערכין,כן,ערכין,כג:,פירוש,לא,
6270,קובץ שיטות קמאי על ערכין,כן,ערכין,כג:,פירוש,לא,
6272,קובץ שיטות קמאי על ערכין,כן,ערכין,כג:,פירוש,לא,
6274,קובץ שיטות קמאי על ערכין,כן,ערכין,כג:,פירוש,לא,
6276,קובץ שיטות קמאי על ערכין,כן,ערכין,כג:,פירוש,לא,
6278,קובץ שיטות קמאי על ערכין,כן,ערכין,כג:,פירוש,לא,
6280,קובץ שיטות קמאי על ערכין,כן,ערכין,כג:,פירוש,לא,
6282,קובץ שיטות קמאי על ערכין,כן,ערכין,כג:,פירוש,לא,
6284,קובץ שיטות קמאי על ערכין,כן,ערכין,כג:,פירוש,לא,
6286,קובץ שיטות קמאי על ערכין,כן,ערכין,כג:,פירוש,לא,
6289,קובץ שיטות קמאי על ערכין,כן,ערכין,כד.,פירוש,לא,
6291,קובץ שיטות קמאי על ערכין,כן,ערכין,כד.,פירוש,לא,
6293,קובץ שיטות קמאי על ערכין,כן,ערכין,כד.,פירוש,לא,
6295,קובץ שיטות קמאי על ערכין,כן,ערכין,כד.,פירוש,לא,
6297,קובץ שיטות קמאי על ערכין,כן,ערכין,כד.,פירוש,לא,
6299,קובץ שיטות קמאי על ערכין,כן,ערכין,כד.,פירוש,לא,
6301,קובץ שיטות קמאי על ערכין,כן,ערכין,כד.,פירוש,לא,
6303,קובץ שיטות קמאי על ערכין,כן,ערכין,כד.,פירוש,לא,
6305,קובץ שיטות קמאי על ערכין,כן,ערכין,כד.,פירוש,לא,
6306,קובץ שיטות קמאי על ערכין,כן,ערכין,כד.,פירוש,לא,
6307,קובץ שיטות קמאי על ערכין,כן,ערכין,כד.,פירוש,לא,
6308,קובץ שיטות קמאי על ערכין,כן,ערכין,כד.,פירוש,לא,
6310,קובץ שיטות קמאי על ערכין,כן,ערכין,כד.,פירוש,לא,
6312,קובץ שיטות קמאי על ערכין,כן,ערכין,כד.,פירוש,לא,
6314,קובץ שיטות קמאי על ערכין,כן,ערכין,כד.,פירוש,לא,
6316,קובץ שיטות קמאי על ערכין,כן,ערכין,כד.,פירוש,לא,
6318,קובץ שיטות קמאי על ערכין,כן,ערכין,כד.,פירוש,לא,
6320,קובץ שיטות קמאי על ערכין,כן,ערכין,כד.,פירוש,לא,
6322,קובץ שיטות קמאי על ערכין,כן,ערכין,כד.,פירוש,לא,
6324,קובץ שיטות קמאי על ערכין,כן,ערכין,כד.,פירוש,לא,
6326,קובץ שיטות קמאי על ערכין,כן,ערכין,כד.,פירוש,לא,
6328,קובץ שיטות קמאי על ערכין,כן,ערכין,כד.,פירוש,לא,
6330,קובץ שיטות קמאי על ערכין,כן,ערכין,כד.,פירוש,לא,
6332,קובץ שיטות קמאי על ערכין,כן,ערכין,כד.,פירוש,לא,
6334,קובץ שיטות קמאי על ערכין,כן,ערכין,כד.,פירוש,לא,
6336,קובץ שיטות קמאי על ערכין,כן,ערכין,כד.,פירוש,לא,
6337,קובץ שיטות קמאי על ערכין,כן,ערכין,כד.,פירוש,לא,
6338,קובץ שיטות קמאי על ערכין,כן,ערכין,כד.,פירוש,לא,
6339,קובץ שיטות קמאי על ערכין,כן,ערכין,כד.,פירוש,לא,
6340,קובץ שיטות קמאי על ערכין,כן,ערכין,כד.,פירוש,לא,
6342,קובץ שיטות קמאי על ערכין,כן,ערכין,כד.,פירוש,לא,
6343,קובץ שיטות קמאי על ערכין,כן,ערכין,כד.,פירוש,לא,
6345,קובץ שיטות קמאי על ערכין,כן,ערכין,כד.,פירוש,לא,
6347,קובץ שיטות קמאי על ערכין,כן,ערכין,כד.,פירוש,לא,
6349,קובץ שיטות קמאי על ערכין,כן,ערכין,כד.,פירוש,לא,
6351,קובץ שיטות קמאי על ערכין,כן,ערכין,כד.,פירוש,לא,
6353,קובץ שיטות קמאי על ערכין,כן,ערכין,כד.,פירוש,לא,
6355,קובץ שיטות קמאי על ערכין,כן,ערכין,כד.,פירוש,לא,
6356,קובץ שיטות קמאי על ערכין,כן,ערכין,כד.,פירוש,לא,
6358,קובץ שיטות קמאי על ערכין,כן,ערכין,כד.,פירוש,לא,
6360,קובץ שיטות קמאי על ערכין,כן,ערכין,כד.,פירוש,לא,
6362,קובץ שיטות קמאי על ערכין,כן,ערכין,כד.,פירוש,לא,
6364,קובץ שיטות קמאי על ערכין,כן,ערכין,כד.,פירוש,לא,
6366,קובץ שיטות קמאי על ערכין,כן,ערכין,כד.,פירוש,לא,
6367,קובץ שיטות קמאי על ערכין,כן,ערכין,כד.,פירוש,לא,
6368,קובץ שיטות קמאי על ערכין,כן,ערכין,כד.,פירוש,לא,
6369,קובץ שיטות קמאי על ערכין,כן,ערכין,כד.,פירוש,לא,
6370,קובץ שיטות קמאי על ערכין,כן,ערכין,כד.,פירוש,לא,
6371,קובץ שיטות קמאי על ערכין,כן,ערכין,כד.,פירוש,לא,
6373,קובץ שיטות קמאי על ערכין,כן,ערכין,כד.,פירוש,לא,
6375,קובץ שיטות קמאי על ערכין,כן,ערכין,כד.,פירוש,לא,
6377,קובץ שיטות קמאי על ערכין,כן,ערכין,כד.,פירוש,לא,
6379,קובץ שיטות קמאי על ערכין,כן,ערכין,כד.,פירוש,לא,
6380,קובץ שיטות קמאי על ערכין,כן,ערכין,כד.,פירוש,לא,
6382,קובץ שיטות קמאי על ערכין,כן,ערכין,כד.,פירוש,לא,
6384,קובץ שיטות קמאי על ערכין,כן,ערכין,כד.,פירוש,לא,
6386,קובץ שיטות קמאי על ערכין,כן,ערכין,כד.,פירוש,לא,
6388,קובץ שיטות קמאי על ערכין,כן,ערכין,כד.,פירוש,לא,
6390,קובץ שיטות קמאי על ערכין,כן,ערכין,כד.,פירוש,לא,
6392,קובץ שיטות קמאי על ערכין,כן,ערכין,כד.,פירוש,לא,
6394,קובץ שיטות קמאי על ערכין,כן,ערכין,כד.,פירוש,לא,
6395,קובץ שיטות קמאי על ערכין,כן,ערכין,כד.,פירוש,לא,
6396,קובץ שיטות קמאי על ערכין,כן,ערכין,כד.,פירוש,לא,
6397,קובץ שיטות קמאי על ערכין,כן,ערכין,כד.,פירוש,לא,
6399,קובץ שיטות קמאי על ערכין,כן,ערכין,כד.,פירוש,לא,
6401,קובץ שיטות קמאי על ערכין,כן,ערכין,כד.,פירוש,לא,
6403,קובץ שיטות קמאי על ערכין,כן,ערכין,כד.,פירוש,לא,
6405,קובץ שיטות קמאי על ערכין,כן,ערכין,כד.,פירוש,לא,
6407,קובץ שיטות קמאי על ערכין,כן,ערכין,כד.,פירוש,לא,
6409,קובץ שיטות קמאי על ערכין,כן,ערכין,כד.,פירוש,לא,
6411,קובץ שיטות קמאי על ערכין,כן,ערכין,כד.,פירוש,לא,
6413,קובץ שיטות קמאי על ערכין,כן,ערכין,כד.,פירוש,לא,
6415,קובץ שיטות קמאי על ערכין,כן,ערכין,כד.,פירוש,לא,
6417,קובץ שיטות קמאי על ערכין,כן,ערכין,כד.,פירוש,לא,
6418,קובץ שיטות קמאי על ערכין,כן,ערכין,כד.,פירוש,לא,
6420,קובץ שיטות קמאי על ערכין,כן,ערכין,כד.,פירוש,לא,
6422,קובץ שיטות קמאי על ערכין,כן,ערכין,כד.,פירוש,לא,
6424,קובץ שיטות קמאי על ערכין,כן,ערכין,כד.,פירוש,לא,
6426,קובץ שיטות קמאי על ערכין,כן,ערכין,כד.,פירוש,לא,
6428,קובץ שיטות קמאי על ערכין,כן,ערכין,כד.,פירוש,לא,
6430,קובץ שיטות קמאי על ערכין,כן,ערכין,כד.,פירוש,לא,
6432,קובץ שיטות קמאי על ערכין,כן,ערכין,כד.,פירוש,לא,
6434,קובץ שיטות קמאי על ערכין,כן,ערכין,כד.,פירוש,לא,
6437,קובץ שיטות קמאי על ערכין,כן,ערכין,כד:,פירוש,לא,
6439,קובץ שיטות קמאי על ערכין,כן,ערכין,כד:,פירוש,לא,
6441,קובץ שיטות קמאי על ערכין,כן,ערכין,כד:,פירוש,לא,
6443,קובץ שיטות קמאי על ערכין,כן,ערכין,כד:,פירוש,לא,
6445,קובץ שיטות קמאי על ערכין,כן,ערכין,כד:,פירוש,לא,
6447,קובץ שיטות קמאי על ערכין,כן,ערכין,כד:,פירוש,לא,
6449,קובץ שיטות קמאי על ערכין,כן,ערכין,כד:,פירוש,לא,
6451,קובץ שיטות קמאי על ערכין,כן,ערכין,כד:,פירוש,לא,
6453,קובץ שיטות קמאי על ערכין,כן,ערכין,כד:,פירוש,לא,
6455,קובץ שיטות קמאי על ערכין,כן,ערכין,כד:,פירוש,לא,
6457,קובץ שיטות קמאי על ערכין,כן,ערכין,כד:,פירוש,לא,
6459,קובץ שיטות קמאי על ערכין,כן,ערכין,כד:,פירוש,לא,
6461,קובץ שיטות קמאי על ערכין,כן,ערכין,כד:,פירוש,לא,
6463,קובץ שיטות קמאי על ערכין,כן,ערכין,כד:,פירוש,לא,
6465,קובץ שיטות קמאי על ערכין,כן,ערכין,כד:,פירוש,לא,
6467,קובץ שיטות קמאי על ערכין,כן,ערכין,כד:,פירוש,לא,
6469,קובץ שיטות קמאי על ערכין,כן,ערכין,כד:,פירוש,לא,
6471,קובץ שיטות קמאי על ערכין,כן,ערכין,כד:,פירוש,לא,
6473,קובץ שיטות קמאי על ערכין,כן,ערכין,כד:,פירוש,לא,
6475,קובץ שיטות קמאי על ערכין,כן,ערכין,כד:,פירוש,לא,
6477,קובץ שיטות קמאי על ערכין,כן,ערכין,כד:,פירוש,לא,
6479,קובץ שיטות קמאי על ערכין,כן,ערכין,כד:,פירוש,לא,
6481,קובץ שיטות קמאי על ערכין,כן,ערכין,כד:,פירוש,לא,
6484,קובץ שיטות קמאי על ערכין,כן,ערכין,כה.,פירוש,לא,
6486,קובץ שיטות קמאי על ערכין,כן,ערכין,כה.,פירוש,לא,
6488,קובץ שיטות קמאי על ערכין,כן,ערכין,כה.,פירוש,לא,
6490,קובץ שיטות קמאי על ערכין,כן,ערכין,כה.,פירוש,לא,
6492,קובץ שיטות קמאי על ערכין,כן,ערכין,כה.,פירוש,לא,
6494,קובץ שיטות קמאי על ערכין,כן,ערכין,כה.,פירוש,לא,
6496,קובץ שיטות קמאי על ערכין,כן,ערכין,כה.,פירוש,לא,
6498,קובץ שיטות קמאי על ערכין,כן,ערכין,כה.,פירוש,לא,
6500,קובץ שיטות קמאי על ערכין,כן,ערכין,כה.,פירוש,לא,
6502,קובץ שיטות קמאי על ערכין,כן,ערכין,כה.,פירוש,לא,
6504,קובץ שיטות קמאי על ערכין,כן,ערכין,כה.,פירוש,לא,
6506,קובץ שיטות קמאי על ערכין,כן,ערכין,כה.,פירוש,לא,
6508,קובץ שיטות קמאי על ערכין,כן,ערכין,כה.,פירוש,לא,
6510,קובץ שיטות קמאי על ערכין,כן,ערכין,כה.,פירוש,לא,
6512,קובץ שיטות קמאי על ערכין,כן,ערכין,כה.,פירוש,לא,
6514,קובץ שיטות קמאי על ערכין,כן,ערכין,כה.,פירוש,לא,
6516,קובץ שיטות קמאי על ערכין,כן,ערכין,כה.,פירוש,לא,
6518,קובץ שיטות קמאי על ערכין,כן,ערכין,כה.,פירוש,לא,
6519,קובץ שיטות קמאי על ערכין,כן,ערכין,כה.,פירוש,לא,
6520,קובץ שיטות קמאי על ערכין,כן,ערכין,כה.,פירוש,לא,
6521,קובץ שיטות קמאי על ערכין,כן,ערכין,כה.,פירוש,לא,
6522,קובץ שיטות קמאי על ערכין,כן,ערכין,כה.,פירוש,לא,
6523,קובץ שיטות קמאי על ערכין,כן,ערכין,כה.,פירוש,לא,
6524,קובץ שיטות קמאי על ערכין,כן,ערכין,כה.,פירוש,לא,
6525,קובץ שיטות קמאי על ערכין,כן,ערכין,כה.,פירוש,לא,
6527,קובץ שיטות קמאי על ערכין,כן,ערכין,כה.,פירוש,לא,
6529,קובץ שיטות קמאי על ערכין,כן,ערכין,כה.,פירוש,לא,
6530,קובץ שיטות קמאי על ערכין,כן,ערכין,כה.,פירוש,לא,
6532,קובץ שיטות קמאי על ערכין,כן,ערכין,כה.,פירוש,לא,
6534,קובץ שיטות קמאי על ערכין,כן,ערכין,כה.,פירוש,לא,
6536,קובץ שיטות קמאי על ערכין,כן,ערכין,כה.,פירוש,לא,
6538,קובץ שיטות קמאי על ערכין,כן,ערכין,כה.,פירוש,לא,
6540,קובץ שיטות קמאי על ערכין,כן,ערכין,כה.,פירוש,לא,
6542,קובץ שיטות קמאי על ערכין,כן,ערכין,כה.,פירוש,לא,
6544,קובץ שיטות קמאי על ערכין,כן,ערכין,כה.,פירוש,לא,
6546,קובץ שיטות קמאי על ערכין,כן,ערכין,כה.,פירוש,לא,
6548,קובץ שיטות קמאי על ערכין,כן,ערכין,כה.,פירוש,לא,
6550,קובץ שיטות קמאי על ערכין,כן,ערכין,כה.,פירוש,לא,
6552,קובץ שיטות קמאי על ערכין,כן,ערכין,כה.,פירוש,לא,
6554,קובץ שיטות קמאי על ערכין,כן,ערכין,כה.,פירוש,לא,
6556,קובץ שיטות קמאי על ערכין,כן,ערכין,כה.,פירוש,לא,
6558,קובץ שיטות קמאי על ערכין,כן,ערכין,כה.,פירוש,לא,
6559,קובץ שיטות קמאי על ערכין,כן,ערכין,כה.,פירוש,לא,
6561,קובץ שיטות קמאי על ערכין,כן,ערכין,כה.,פירוש,לא,
6563,קובץ שיטות קמאי על ערכין,כן,ערכין,כה.,פירוש,לא,
6565,קובץ שיטות קמאי על ערכין,כן,ערכין,כה.,פירוש,לא,
6567,קובץ שיטות קמאי על ערכין,כן,ערכין,כה.,פירוש,לא,
6569,קובץ שיטות קמאי על ערכין,כן,ערכין,כה.,פירוש,לא,
6572,קובץ שיטות קמאי על ערכין,כן,ערכין,כה:,פירוש,לא,
6574,קובץ שיטות קמאי על ערכין,כן,ערכין,כה:,פירוש,לא,
6576,קובץ שיטות קמאי על ערכין,כן,ערכין,כה:,פירוש,לא,
6578,קובץ שיטות קמאי על ערכין,כן,ערכין,כה:,פירוש,לא,
6580,קובץ שיטות קמאי על ערכין,כן,ערכין,כה:,פירוש,לא,
6582,קובץ שיטות קמאי על ערכין,כן,ערכין,כה:,פירוש,לא,
6584,קובץ שיטות קמאי על ערכין,כן,ערכין,כה:,פירוש,לא,
6586,קובץ שיטות קמאי על ערכין,כן,ערכין,כה:,פירוש,לא,
6587,קובץ שיטות קמאי על ערכין,כן,ערכין,כה:,פירוש,לא,
6588,קובץ שיטות קמאי על ערכין,כן,ערכין,כה:,פירוש,לא,
6589,קובץ שיטות קמאי על ערכין,כן,ערכין,כה:,פירוש,לא,
6590,קובץ שיטות קמאי על ערכין,כן,ערכין,כה:,פירוש,לא,
6591,קובץ שיטות קמאי על ערכין,כן,ערכין,כה:,פירוש,לא,
6593,קובץ שיטות קמאי על ערכין,כן,ערכין,כה:,פירוש,לא,
6595,קובץ שיטות קמאי על ערכין,כן,ערכין,כה:,פירוש,לא,
6597,קובץ שיטות קמאי על ערכין,כן,ערכין,כה:,פירוש,לא,
6599,קובץ שיטות קמאי על ערכין,כן,ערכין,כה:,פירוש,לא,
6601,קובץ שיטות קמאי על ערכין,כן,ערכין,כה:,פירוש,לא,
6603,קובץ שיטות קמאי על ערכין,כן,ערכין,כה:,פירוש,לא,
6604,קובץ שיטות קמאי על ערכין,כן,ערכין,כה:,פירוש,לא,
6606,קובץ שיטות קמאי על ערכין,כן,ערכין,כה:,פירוש,לא,
6608,קובץ שיטות קמאי על ערכין,כן,ערכין,כה:,פירוש,לא,
6610,קובץ שיטות קמאי על ערכין,כן,ערכין,כה:,פירוש,לא,
6611,קובץ שיטות קמאי על ערכין,כן,ערכין,כה:,פירוש,לא,
6613,קובץ שיטות קמאי על ערכין,כן,ערכין,כה:,פירוש,לא,
6615,קובץ שיטות קמאי על ערכין,כן,ערכין,כה:,פירוש,לא,
6617,קובץ שיטות קמאי על ערכין,כן,ערכין,כה:,פירוש,לא,
6619,קובץ שיטות קמאי על ערכין,כן,ערכין,כה:,פירוש,לא,
6621,קובץ שיטות קמאי על ערכין,כן,ערכין,כה:,פירוש,לא,
6623,קובץ שיטות קמאי על ערכין,כן,ערכין,כה:,פירוש,לא,
6625,קובץ שיטות קמאי על ערכין,כן,ערכין,כה:,פירוש,לא,
6627,קובץ שיטות קמאי על ערכין,כן,ערכין,כה:,פירוש,לא,
6629,קובץ שיטות קמאי על ערכין,כן,ערכין,כה:,פירוש,לא,
6631,קובץ שיטות קמאי על ערכין,כן,ערכין,כה:,פירוש,לא,
6633,קובץ שיטות קמאי על ערכין,כן,ערכין,כה:,פירוש,לא,
6635,קובץ שיטות קמאי על ערכין,כן,ערכין,כה:,פירוש,לא,
6637,קובץ שיטות קמאי על ערכין,כן,ערכין,כה:,פירוש,לא,
6639,קובץ שיטות קמאי על ערכין,כן,ערכין,כה:,פירוש,לא,
6641,קובץ שיטות קמאי על ערכין,כן,ערכין,כה:,פירוש,לא,
6643,קובץ שיטות קמאי על ערכין,כן,ערכין,כה:,פירוש,לא,
6645,קובץ שיטות קמאי על ערכין,כן,ערכין,כה:,פירוש,לא,
6647,קובץ שיטות קמאי על ערכין,כן,ערכין,כה:,פירוש,לא,
6649,קובץ שיטות קמאי על ערכין,כן,ערכין,כה:,פירוש,לא,
6651,קובץ שיטות קמאי על ערכין,כן,ערכין,כה:,פירוש,לא,
6653,קובץ שיטות קמאי על ערכין,כן,ערכין,כה:,פירוש,לא,
6655,קובץ שיטות קמאי על ערכין,כן,ערכין,כה:,פירוש,לא,
6657,קובץ שיטות קמאי על ערכין,כן,ערכין,כה:,פירוש,לא,
6659,קובץ שיטות קמאי על ערכין,כן,ערכין,כה:,פירוש,לא,
6661,קובץ שיטות קמאי על ערכין,כן,ערכין,כה:,פירוש,לא,
6663,קובץ שיטות קמאי על ערכין,כן,ערכין,כה:,פירוש,לא,
6665,קובץ שיטות קמאי על ערכין,כן,ערכין,כה:,פירוש,לא,
6668,קובץ שיטות קמאי על ערכין,כן,ערכין,כו.,פירוש,לא,
6670,קובץ שיטות קמאי על ערכין,כן,ערכין,כו.,פירוש,לא,
6672,קובץ שיטות קמאי על ערכין,כן,ערכין,כו.,פירוש,לא,
6674,קובץ שיטות קמאי על ערכין,כן,ערכין,כו.,פירוש,לא,
6676,קובץ שיטות קמאי על ערכין,כן,ערכין,כו.,פירוש,לא,
6678,קובץ שיטות קמאי על ערכין,כן,ערכין,כו.,פירוש,לא,
6680,קובץ שיטות קמאי על ערכין,כן,ערכין,כו.,פירוש,לא,
6682,קובץ שיטות קמאי על ערכין,כן,ערכין,כו.,פירוש,לא,
6684,קובץ שיטות קמאי על ערכין,כן,ערכין,כו.,פירוש,לא,
6686,קובץ שיטות קמאי על ערכין,כן,ערכין,כו.,פירוש,לא,
6688,קובץ שיטות קמאי על ערכין,כן,ערכין,כו.,פירוש,לא,
6691,קובץ שיטות קמאי על ערכין,כן,ערכין,כו:,פירוש,לא,
6693,קובץ שיטות קמאי על ערכין,כן,ערכין,כו:,פירוש,לא,
6694,קובץ שיטות קמאי על ערכין,כן,ערכין,כו:,פירוש,לא,
6696,קובץ שיטות קמאי על ערכין,כן,ערכין,כו:,פירוש,לא,
6698,קובץ שיטות קמאי על ערכין,כן,ערכין,כו:,פירוש,לא,
6700,קובץ שיטות קמאי על ערכין,כן,ערכין,כו:,פירוש,לא,
6702,קובץ שיטות קמאי על ערכין,כן,ערכין,כו:,פירוש,לא,
6704,קובץ שיטות קמאי על ערכין,כן,ערכין,כו:,פירוש,לא,
6706,קובץ שיטות קמאי על ערכין,כן,ערכין,כו:,פירוש,לא,
6708,קובץ שיטות קמאי על ערכין,כן,ערכין,כו:,פירוש,לא,
6710,קובץ שיטות קמאי על ערכין,כן,ערכין,כו:,פירוש,לא,
6712,קובץ שיטות קמאי על ערכין,כן,ערכין,כו:,פירוש,לא,
6714,קובץ שיטות קמאי על ערכין,כן,ערכין,כו:,פירוש,לא,
6716,קובץ שיטות קמאי על ערכין,כן,ערכין,כו:,פירוש,לא,
6718,קובץ שיטות קמאי על ערכין,כן,ערכין,כו:,פירוש,לא,
6721,קובץ שיטות קמאי על ערכין,כן,ערכין,כז.,פירוש,לא,
6723,קובץ שיטות קמאי על ערכין,כן,ערכין,כז.,פירוש,לא,
6725,קובץ שיטות קמאי על ערכין,כן,ערכין,כז.,פירוש,לא,
6727,קובץ שיטות קמאי על ערכין,כן,ערכין,כז.,פירוש,לא,
6729,קובץ שיטות קמאי על ערכין,כן,ערכין,כז.,פירוש,לא,
6731,קובץ שיטות קמאי על ערכין,כן,ערכין,כז.,פירוש,לא,
6733,קובץ שיטות קמאי על ערכין,כן,ערכין,כז.,פירוש,לא,
6735,קובץ שיטות קמאי על ערכין,כן,ערכין,כז.,פירוש,לא,
6736,קובץ שיטות קמאי על ערכין,כן,ערכין,כז.,פירוש,לא,
6737,קובץ שיטות קמאי על ערכין,כן,ערכין,כז.,פירוש,לא,
6739,קובץ שיטות קמאי על ערכין,כן,ערכין,כז.,פירוש,לא,
6741,קובץ שיטות קמאי על ערכין,כן,ערכין,כז.,פירוש,לא,
6743,קובץ שיטות קמאי על ערכין,כן,ערכין,כז.,פירוש,לא,
6745,קובץ שיטות קמאי על ערכין,כן,ערכין,כז.,פירוש,לא,
6747,קובץ שיטות קמאי על ערכין,כן,ערכין,כז.,פירוש,לא,
6749,קובץ שיטות קמאי על ערכין,כן,ערכין,כז.,פירוש,לא,
6751,קובץ שיטות קמאי על ערכין,כן,ערכין,כז.,פירוש,לא,
6753,קובץ שיטות קמאי על ערכין,כן,ערכין,כז.,פירוש,לא,
6755,קובץ שיטות קמאי על ערכין,כן,ערכין,כז.,פירוש,לא,
6757,קובץ שיטות קמאי על ערכין,כן,ערכין,כז.,פירוש,לא,
6759,קובץ שיטות קמאי על ערכין,כן,ערכין,כז.,פירוש,לא,
6761,קובץ שיטות קמאי על ערכין,כן,ערכין,כז.,פירוש,לא,
6763,קובץ שיטות קמאי על ערכין,כן,ערכין,כז.,פירוש,לא,
6765,קובץ שיטות קמאי על ערכין,כן,ערכין,כז.,פירוש,לא,
6767,קובץ שיטות קמאי על ערכין,כן,ערכין,כז.,פירוש,לא,
6769,קובץ שיטות קמאי על ערכין,כן,ערכין,כז.,פירוש,לא,
6771,קובץ שיטות קמאי על ערכין,כן,ערכין,כז.,פירוש,לא,
6774,קובץ שיטות קמאי על ערכין,כן,ערכין,כז:,פירוש,לא,
6776,קובץ שיטות קמאי על ערכין,כן,ערכין,כז:,פירוש,לא,
6778,קובץ שיטות קמאי על ערכין,כן,ערכין,כז:,פירוש,לא,
6779,קובץ שיטות קמאי על ערכין,כן,ערכין,כז:,פירוש,לא,
6780,קובץ שיטות קמאי על ערכין,כן,ערכין,כז:,פירוש,לא,
6781,קובץ שיטות קמאי על ערכין,כן,ערכין,כז:,פירוש,לא,
6783,קובץ שיטות קמאי על ערכין,כן,ערכין,כז:,פירוש,לא,
6785,קובץ שיטות קמאי על ערכין,כן,ערכין,כז:,פירוש,לא,
6787,קובץ שיטות קמאי על ערכין,כן,ערכין,כז:,פירוש,לא,
6789,קובץ שיטות קמאי על ערכין,כן,ערכין,כז:,פירוש,לא,
6791,קובץ שיטות קמאי על ערכין,כן,ערכין,כז:,פירוש,לא,
6793,קובץ שיטות קמאי על ערכין,כן,ערכין,כז:,פירוש,לא,
6795,קובץ שיטות קמאי על ערכין,כן,ערכין,כז:,פירוש,לא,
6797,קובץ שיטות קמאי על ערכין,כן,ערכין,כז:,פירוש,לא,
6800,קובץ שיטות קמאי על ערכין,כן,ערכין,כח.,פירוש,לא,
6802,קובץ שיטות קמאי על ערכין,כן,ערכין,כח.,פירוש,לא,
6804,קובץ שיטות קמאי על ערכין,כן,ערכין,כח.,פירוש,לא,
6806,קובץ שיטות קמאי על ערכין,כן,ערכין,כח.,פירוש,לא,
6808,קובץ שיטות קמאי על ערכין,כן,ערכין,כח.,פירוש,לא,
6810,קובץ שיטות קמאי על ערכין,כן,ערכין,כח.,פירוש,לא,
6812,קובץ שיטות קמאי על ערכין,כן,ערכין,כח.,פירוש,לא,
6813,קובץ שיטות קמאי על ערכין,כן,ערכין,כח.,פירוש,לא,
6815,קובץ שיטות קמאי על ערכין,כן,ערכין,כח.,פירוש,לא,
6817,קובץ שיטות קמאי על ערכין,כן,ערכין,כח.,פירוש,לא,
6819,קובץ שיטות קמאי על ערכין,כן,ערכין,כח.,פירוש,לא,
6821,קובץ שיטות קמאי על ערכין,כן,ערכין,כח.,פירוש,לא,
6823,קובץ שיטות קמאי על ערכין,כן,ערכין,כח.,פירוש,לא,
6825,קובץ שיטות קמאי על ערכין,כן,ערכין,כח.,פירוש,לא,
6827,קובץ שיטות קמאי על ערכין,כן,ערכין,כח.,פירוש,לא,
6829,קובץ שיטות קמאי על ערכין,כן,ערכין,כח.,פירוש,לא,
6831,קובץ שיטות קמאי על ערכין,כן,ערכין,כח.,פירוש,לא,
6833,קובץ שיטות קמאי על ערכין,כן,ערכין,כח.,פירוש,לא,
6835,קובץ שיטות קמאי על ערכין,כן,ערכין,כח.,פירוש,לא,
6837,קובץ שיטות קמאי על ערכין,כן,ערכין,כח.,פירוש,לא,
6839,קובץ שיטות קמאי על ערכין,כן,ערכין,כח.,פירוש,לא,
6841,קובץ שיטות קמאי על ערכין,כן,ערכין,כח.,פירוש,לא,
6843,קובץ שיטות קמאי על ערכין,כן,ערכין,כח.,פירוש,לא,
6845,קובץ שיטות קמאי על ערכין,כן,ערכין,כח.,פירוש,לא,
6847,קובץ שיטות קמאי על ערכין,כן,ערכין,כח.,פירוש,לא,
6849,קובץ שיטות קמאי על ערכין,כן,ערכין,כח.,פירוש,לא,
6851,קובץ שיטות קמאי על ערכין,כן,ערכין,כח.,פירוש,לא,
6853,קובץ שיטות קמאי על ערכין,כן,ערכין,כח.,פירוש,לא,
6855,קובץ שיטות קמאי על ערכין,כן,ערכין,כח.,פירוש,לא,
6857,קובץ שיטות קמאי על ערכין,כן,ערכין,כח.,פירוש,לא,
6859,קובץ שיטות קמאי על ערכין,כן,ערכין,כח.,פירוש,לא,
6861,קובץ שיטות קמאי על ערכין,כן,ערכין,כח.,פירוש,לא,
6863,קובץ שיטות קמאי על ערכין,כן,ערכין,כח.,פירוש,לא,
6865,קובץ שיטות קמאי על ערכין,כן,ערכין,כח.,פירוש,לא,
6867,קובץ שיטות קמאי על ערכין,כן,ערכין,כח.,פירוש,לא,
6869,קובץ שיטות קמאי על ערכין,כן,ערכין,כח.,פירוש,לא,
6871,קובץ שיטות קמאי על ערכין,כן,ערכין,כח.,פירוש,לא,
6873,קובץ שיטות קמאי על ערכין,כן,ערכין,כח.,פירוש,לא,
6875,קובץ שיטות קמאי על ערכין,כן,ערכין,כח.,פירוש,לא,
6877,קובץ שיטות קמאי על ערכין,כן,ערכין,כח.,פירוש,לא,
6879,קובץ שיטות קמאי על ערכין,כן,ערכין,כח.,פירוש,לא,
6881,קובץ שיטות קמאי על ערכין,כן,ערכין,כח.,פירוש,לא,
6883,קובץ שיטות קמאי על ערכין,כן,ערכין,כח.,פירוש,לא,
6885,קובץ שיטות קמאי על ערכין,כן,ערכין,כח.,פירוש,לא,
6887,קובץ שיטות קמאי על ערכין,כן,ערכין,כח.,פירוש,לא,
6890,קובץ שיטות קמאי על ערכין,כן,ערכין,כח:,פירוש,לא,
6892,קובץ שיטות קמאי על ערכין,כן,ערכין,כח:,פירוש,לא,
6894,קובץ שיטות קמאי על ערכין,כן,ערכין,כח:,פירוש,לא,
6896,קובץ שיטות קמאי על ערכין,כן,ערכין,כח:,פירוש,לא,
6898,קובץ שיטות קמאי על ערכין,כן,ערכין,כח:,פירוש,לא,
6900,קובץ שיטות קמאי על ערכין,כן,ערכין,כח:,פירוש,לא,
6902,קובץ שיטות קמאי על ערכין,כן,ערכין,כח:,פירוש,לא,
6904,קובץ שיטות קמאי על ערכין,כן,ערכין,כח:,פירוש,לא,
6906,קובץ שיטות קמאי על ערכין,כן,ערכין,כח:,פירוש,לא,
6908,קובץ שיטות קמאי על ערכין,כן,ערכין,כח:,פירוש,לא,
6910,קובץ שיטות קמאי על ערכין,כן,ערכין,כח:,פירוש,לא,
6912,קובץ שיטות קמאי על ערכין,כן,ערכין,כח:,פירוש,לא,
6914,קובץ שיטות קמאי על ערכין,כן,ערכין,כח:,פירוש,לא,
6916,קובץ שיטות קמאי על ערכין,כן,ערכין,כח:,פירוש,לא,
6918,קובץ שיטות קמאי על ערכין,כן,ערכין,כח:,פירוש,לא,
6920,קובץ שיטות קמאי על ערכין,כן,ערכין,כח:,פירוש,לא,
6922,קובץ שיטות קמאי על ערכין,כן,ערכין,כח:,פירוש,לא,
6924,קובץ שיטות קמאי על ערכין,כן,ערכין,כח:,פירוש,לא,
6926,קובץ שיטות קמאי על ערכין,כן,ערכין,כח:,פירוש,לא,
6928,קובץ שיטות קמאי על ערכין,כן,ערכין,כח:,פירוש,לא,
6930,קובץ שיטות קמאי על ערכין,כן,ערכין,כח:,פירוש,לא,
6932,קובץ שיטות קמאי על ערכין,כן,ערכין,כח:,פירוש,לא,
6934,קובץ שיטות קמאי על ערכין,כן,ערכין,כח:,פירוש,לא,
6936,קובץ שיטות קמאי על ערכין,כן,ערכין,כח:,פירוש,לא,
6938,קובץ שיטות קמאי על ערכין,כן,ערכין,כח:,פירוש,לא,
6940,קובץ שיטות קמאי על ערכין,כן,ערכין,כח:,פירוש,לא,
6941,קובץ שיטות קמאי על ערכין,כן,ערכין,כח:,פירוש,לא,
6942,קובץ שיטות קמאי על ערכין,כן,ערכין,כח:,פירוש,לא,
6943,קובץ שיטות קמאי על ערכין,כן,ערכין,כח:,פירוש,לא,
6944,קובץ שיטות קמאי על ערכין,כן,ערכין,כח:,פירוש,לא,
6945,קובץ שיטות קמאי על ערכין,כן,ערכין,כח:,פירוש,לא,
6947,קובץ שיטות קמאי על ערכין,כן,ערכין,כח:,פירוש,לא,
6949,קובץ שיטות קמאי על ערכין,כן,ערכין,כח:,פירוש,לא,
6951,קובץ שיטות קמאי על ערכין,כן,ערכין,כח:,פירוש,לא,
6953,קובץ שיטות קמאי על ערכין,כן,ערכין,כח:,פירוש,לא,
6955,קובץ שיטות קמאי על ערכין,כן,ערכין,כח:,פירוש,לא,
6957,קובץ שיטות קמאי על ערכין,כן,ערכין,כח:,פירוש,לא,
6959,קובץ שיטות קמאי על ערכין,כן,ערכין,כח:,פירוש,לא,
6961,קובץ שיטות קמאי על ערכין,כן,ערכין,כח:,פירוש,לא,
6963,קובץ שיטות קמאי על ערכין,כן,ערכין,כח:,פירוש,לא,
6965,קובץ שיטות קמאי על ערכין,כן,ערכין,כח:,פירוש,לא,
6967,קובץ שיטות קמאי על ערכין,כן,ערכין,כח:,פירוש,לא,
6969,קובץ שיטות קמאי על ערכין,כן,ערכין,כח:,פירוש,לא,
6971,קובץ שיטות קמאי על ערכין,כן,ערכין,כח:,פירוש,לא,
6972,קובץ שיטות קמאי על ערכין,כן,ערכין,כח:,פירוש,לא,
6973,קובץ שיטות קמאי על ערכין,כן,ערכין,כח:,פירוש,לא,
6975,קובץ שיטות קמאי על ערכין,כן,ערכין,כח:,פירוש,לא,
6977,קובץ שיטות קמאי על ערכין,כן,ערכין,כח:,פירוש,לא,
6979,קובץ שיטות קמאי על ערכין,כן,ערכין,כח:,פירוש,לא,
6981,קובץ שיטות קמאי על ערכין,כן,ערכין,כח:,פירוש,לא,
6983,קובץ שיטות קמאי על ערכין,כן,ערכין,כח:,פירוש,לא,
6985,קובץ שיטות קמאי על ערכין,כן,ערכין,כח:,פירוש,לא,
6986,קובץ שיטות קמאי על ערכין,כן,ערכין,כח:,פירוש,לא,
6988,קובץ שיטות קמאי על ערכין,כן,ערכין,כח:,פירוש,לא,
6990,קובץ שיטות קמאי על ערכין,כן,ערכין,כח:,פירוש,לא,
6991,קובץ שיטות קמאי על ערכין,כן,ערכין,כח:,פירוש,לא,
6992,קובץ שיטות קמאי על ערכין,כן,ערכין,כח:,פירוש,לא,
6994,קובץ שיטות קמאי על ערכין,כן,ערכין,כח:,פירוש,לא,
6996,קובץ שיטות קמאי על ערכין,כן,ערכין,כח:,פירוש,לא,
6998,קובץ שיטות קמאי על ערכין,כן,ערכין,כח:,פירוש,לא,
7000,קובץ שיטות קמאי על ערכין,כן,ערכין,כח:,פירוש,לא,
7002,קובץ שיטות קמאי על ערכין,כן,ערכין,כח:,פירוש,לא,
7004,קובץ שיטות קמאי על ערכין,כן,ערכין,כח:,פירוש,לא,
7006,קובץ שיטות קמאי על ערכין,כן,ערכין,כח:,פירוש,לא,
7008,קובץ שיטות קמאי על ערכין,כן,ערכין,כח:,פירוש,לא,
7010,קובץ שיטות קמאי על ערכין,כן,ערכין,כח:,פירוש,לא,
7012,קובץ שיטות קמאי על ערכין,כן,ערכין,כח:,פירוש,לא,
7015,קובץ שיטות קמאי על ערכין,כן,ערכין,כט.,פירוש,לא,
7017,קובץ שיטות קמאי על ערכין,כן,ערכין,כט.,פירוש,לא,
7019,קובץ שיטות קמאי על ערכין,כן,ערכין,כט.,פירוש,לא,
7021,קובץ שיטות קמאי על ערכין,כן,ערכין,כט.,פירוש,לא,
7023,קובץ שיטות קמאי על ערכין,כן,ערכין,כט.,פירוש,לא,
7025,קובץ שיטות קמאי על ערכין,כן,ערכין,כט.,פירוש,לא,
7027,קובץ שיטות קמאי על ערכין,כן,ערכין,כט.,פירוש,לא,
7029,קובץ שיטות קמאי על ערכין,כן,ערכין,כט.,פירוש,לא,
7031,קובץ שיטות קמאי על ערכין,כן,ערכין,כט.,פירוש,לא,
7033,קובץ שיטות קמאי על ערכין,כן,ערכין,כט.,פירוש,לא,
7034,קובץ שיטות קמאי על ערכין,כן,ערכין,כט.,פירוש,לא,
7035,קובץ שיטות קמאי על ערכין,כן,ערכין,כט.,פירוש,לא,
7036,קובץ שיטות קמאי על ערכין,כן,ערכין,כט.,פירוש,לא,
7037,קובץ שיטות קמאי על ערכין,כן,ערכין,כט.,פירוש,לא,
7039,קובץ שיטות קמאי על ערכין,כן,ערכין,כט.,פירוש,לא,
7041,קובץ שיטות קמאי על ערכין,כן,ערכין,כט.,פירוש,לא,
7043,קובץ שיטות קמאי על ערכין,כן,ערכין,כט.,פירוש,לא,
7045,קובץ שיטות קמאי על ערכין,כן,ערכין,כט.,פירוש,לא,
7046,קובץ שיטות קמאי על ערכין,כן,ערכין,כט.,פירוש,לא,
7048,קובץ שיטות קמאי על ערכין,כן,ערכין,כט.,פירוש,לא,
7050,קובץ שיטות קמאי על ערכין,כן,ערכין,כט.,פירוש,לא,
7052,קובץ שיטות קמאי על ערכין,כן,ערכין,כט.,פירוש,לא,
7054,קובץ שיטות קמאי על ערכין,כן,ערכין,כט.,פירוש,לא,
7056,קובץ שיטות קמאי על ערכין,כן,ערכין,כט.,פירוש,לא,
7058,קובץ שיטות קמאי על ערכין,כן,ערכין,כט.,פירוש,לא,
7060,קובץ שיטות קמאי על ערכין,כן,ערכין,כט.,פירוש,לא,
7061,קובץ שיטות קמאי על ערכין,כן,ערכין,כט.,פירוש,לא,
7062,קובץ שיטות קמאי על ערכין,כן,ערכין,כט.,פירוש,לא,
7064,קובץ שיטות קמאי על ערכין,כן,ערכין,כט.,פירוש,לא,
7066,קובץ שיטות קמאי על ערכין,כן,ערכין,כט.,פירוש,לא,
7068,קובץ שיטות קמאי על ערכין,כן,ערכין,כט.,פירוש,לא,
7070,קובץ שיטות קמאי על ערכין,כן,ערכין,כט.,פירוש,לא,
7072,קובץ שיטות קמאי על ערכין,כן,ערכין,כט.,פירוש,לא,
7074,קובץ שיטות קמאי על ערכין,כן,ערכין,כט.,פירוש,לא,
7076,קובץ שיטות קמאי על ערכין,כן,ערכין,כט.,פירוש,לא,
7078,קובץ שיטות קמאי על ערכין,כן,ערכין,כט.,פירוש,לא,
7080,קובץ שיטות קמאי על ערכין,כן,ערכין,כט.,פירוש,לא,
7082,קובץ שיטות קמאי על ערכין,כן,ערכין,כט.,פירוש,לא,
7084,קובץ שיטות קמאי על ערכין,כן,ערכין,כט.,פירוש,לא,
7086,קובץ שיטות קמאי על ערכין,כן,ערכין,כט.,פירוש,לא,
7088,קובץ שיטות קמאי על ערכין,כן,ערכין,כט.,פירוש,לא,
7090,קובץ שיטות קמאי על ערכין,כן,ערכין,כט.,פירוש,לא,
7092,קובץ שיטות קמאי על ערכין,כן,ערכין,כט.,פירוש,לא,
7094,קובץ שיטות קמאי על ערכין,כן,ערכין,כט.,פירוש,לא,
7096,קובץ שיטות קמאי על ערכין,כן,ערכין,כט.,פירוש,לא,
7098,קובץ שיטות קמאי על ערכין,כן,ערכין,כט.,פירוש,לא,
7099,קובץ שיטות קמאי על ערכין,כן,ערכין,כט.,פירוש,לא,
7100,קובץ שיטות קמאי על ערכין,כן,ערכין,כט.,פירוש,לא,
7102,קובץ שיטות קמאי על ערכין,כן,ערכין,כט.,פירוש,לא,
7104,קובץ שיטות קמאי על ערכין,כן,ערכין,כט.,פירוש,לא,
7106,קובץ שיטות קמאי על ערכין,כן,ערכין,כט.,פירוש,לא,
7108,קובץ שיטות קמאי על ערכין,כן,ערכין,כט.,פירוש,לא,
7110,קובץ שיטות קמאי על ערכין,כן,ערכין,כט.,פירוש,לא,
7112,קובץ שיטות קמאי על ערכין,כן,ערכין,כט.,פירוש,לא,
7114,קובץ שיטות קמאי על ערכין,כן,ערכין,כט.,פירוש,לא,
7116,קובץ שיטות קמאי על ערכין,כן,ערכין,כט.,פירוש,לא,
7118,קובץ שיטות קמאי על ערכין,כן,ערכין,כט.,פירוש,לא,
7119,קובץ שיטות קמאי על ערכין,כן,ערכין,כט.,פירוש,לא,
7120,קובץ שיטות קמאי על ערכין,כן,ערכין,כט.,פירוש,לא,
7121,קובץ שיטות קמאי על ערכין,כן,ערכין,כט.,פירוש,לא,
7122,קובץ שיטות קמאי על ערכין,כן,ערכין,כט.,פירוש,לא,
7124,קובץ שיטות קמאי על ערכין,כן,ערכין,כט.,פירוש,לא,
7126,קובץ שיטות קמאי על ערכין,כן,ערכין,כט.,פירוש,לא,
7128,קובץ שיטות קמאי על ערכין,כן,ערכין,כט.,פירוש,לא,
7130,קובץ שיטות קמאי על ערכין,כן,ערכין,כט.,פירוש,לא,
7132,קובץ שיטות קמאי על ערכין,כן,ערכין,כט.,פירוש,לא,
7134,קובץ שיטות קמאי על ערכין,כן,ערכין,כט.,פירוש,לא,
7136,קובץ שיטות קמאי על ערכין,כן,ערכין,כט.,פירוש,לא,
7137,קובץ שיטות קמאי על ערכין,כן,ערכין,כט.,פירוש,לא,
7139,קובץ שיטות קמאי על ערכין,כן,ערכין,כט.,פירוש,לא,
7141,קובץ שיטות קמאי על ערכין,כן,ערכין,כט.,פירוש,לא,
7143,קובץ שיטות קמאי על ערכין,כן,ערכין,כט.,פירוש,לא,
7145,קובץ שיטות קמאי על ערכין,כן,ערכין,כט.,פירוש,לא,
7147,קובץ שיטות קמאי על ערכין,כן,ערכין,כט.,פירוש,לא,
7149,קובץ שיטות קמאי על ערכין,כן,ערכין,כט.,פירוש,לא,
7151,קובץ שיטות קמאי על ערכין,כן,ערכין,כט.,פירוש,לא,
7153,קובץ שיטות קמאי על ערכין,כן,ערכין,כט.,פירוש,לא,
7155,קובץ שיטות קמאי על ערכין,כן,ערכין,כט.,פירוש,לא,
7157,קובץ שיטות קמאי על ערכין,כן,ערכין,כט.,פירוש,לא,
7159,קובץ שיטות קמאי על ערכין,כן,ערכין,כט.,פירוש,לא,
7161,קובץ שיטות קמאי על ערכין,כן,ערכין,כט.,פירוש,לא,
7163,קובץ שיטות קמאי על ערכין,כן,ערכין,כט.,פירוש,לא,
7164,קובץ שיטות קמאי על ערכין,כן,ערכין,כט.,פירוש,לא,
7166,קובץ שיטות קמאי על ערכין,כן,ערכין,כט.,פירוש,לא,
7168,קובץ שיטות קמאי על ערכין,כן,ערכין,כט.,פירוש,לא,
7170,קובץ שיטות קמאי על ערכין,כן,ערכין,כט.,פירוש,לא,
7172,קובץ שיטות קמאי על ערכין,כן,ערכין,כט.,פירוש,לא,
7174,קובץ שיטות קמאי על ערכין,כן,ערכין,כט.,פירוש,לא,
7176,קובץ שיטות קמאי על ערכין,כן,ערכין,כט.,פירוש,לא,
7178,קובץ שיטות קמאי על ערכין,כן,ערכין,כט.,פירוש,לא,
7180,קובץ שיטות קמאי על ערכין,כן,ערכין,כט.,פירוש,לא,
7182,קובץ שיטות קמאי על ערכין,כן,ערכין,כט.,פירוש,לא,
7184,קובץ שיטות קמאי על ערכין,כן,ערכין,כט.,פירוש,לא,
7186,קובץ שיטות קמאי על ערכין,כן,ערכין,כט.,פירוש,לא,
7188,קובץ שיטות קמאי על ערכין,כן,ערכין,כט.,פירוש,לא,
7190,קובץ שיטות קמאי על ערכין,כן,ערכין,כט.,פירוש,לא,
7192,קובץ שיטות קמאי על ערכין,כן,ערכין,כט.,פירוש,לא,
7194,קובץ שיטות קמאי על ערכין,כן,ערכין,כט.,פירוש,לא,
7196,קובץ שיטות קמאי על ערכין,כן,ערכין,כט.,פירוש,לא,
7198,קובץ שיטות קמאי על ערכין,כן,ערכין,כט.,פירוש,לא,
7200,קובץ שיטות קמאי על ערכין,כן,ערכין,כט.,פירוש,לא,
7201,קובץ שיטות קמאי על ערכין,כן,ערכין,כט.,פירוש,לא,
7203,קובץ שיטות קמאי על ערכין,כן,ערכין,כט.,פירוש,לא,
7205,קובץ שיטות קמאי על ערכין,כן,ערכין,כט.,פירוש,לא,
7207,קובץ שיטות קמאי על ערכין,כן,ערכין,כט.,פירוש,לא,
7209,קובץ שיטות קמאי על ערכין,כן,ערכין,כט.,פירוש,לא,
7211,קובץ שיטות קמאי על ערכין,כן,ערכין,כט.,פירוש,לא,
7213,קובץ שיטות קמאי על ערכין,כן,ערכין,כט.,פירוש,לא,
7214,קובץ שיטות קמאי על ערכין,כן,ערכין,כט.,פירוש,לא,
7215,קובץ שיטות קמאי על ערכין,כן,ערכין,כט.,פירוש,לא,
7216,קובץ שיטות קמאי על ערכין,כן,ערכין,כט.,פירוש,לא,
7217,קובץ שיטות קמאי על ערכין,כן,ערכין,כט.,פירוש,לא,
7218,קובץ שיטות קמאי על ערכין,כן,ערכין,כט.,פירוש,לא,
7219,קובץ שיטות קמאי על ערכין,כן,ערכין,כט.,פירוש,לא,
7220,קובץ שיטות קמאי על ערכין,כן,ערכין,כט.,פירוש,לא,
7222,קובץ שיטות קמאי על ערכין,כן,ערכין,כט.,פירוש,לא,
7224,קובץ שיטות קמאי על ערכין,כן,ערכין,כט.,פירוש,לא,
7226,קובץ שיטות קמאי על ערכין,כן,ערכין,כט.,פירוש,לא,
7228,קובץ שיטות קמאי על ערכין,כן,ערכין,כט.,פירוש,לא,
7230,קובץ שיטות קמאי על ערכין,כן,ערכין,כט.,פירוש,לא,
7232,קובץ שיטות קמאי על ערכין,כן,ערכין,כט.,פירוש,לא,
7234,קובץ שיטות קמאי על ערכין,כן,ערכין,כט.,פירוש,לא,
7236,קובץ שיטות קמאי על ערכין,כן,ערכין,כט.,פירוש,לא,
7238,קובץ שיטות קמאי על ערכין,כן,ערכין,כט.,פירוש,לא,
7240,קובץ שיטות קמאי על ערכין,כן,ערכין,כט.,פירוש,לא,
7242,קובץ שיטות קמאי על ערכין,כן,ערכין,כט.,פירוש,לא,
7244,קובץ שיטות קמאי על ערכין,כן,ערכין,כט.,פירוש,לא,
7246,קובץ שיטות קמאי על ערכין,כן,ערכין,כט.,פירוש,לא,
7248,קובץ שיטות קמאי על ערכין,כן,ערכין,כט.,פירוש,לא,
7250,קובץ שיטות קמאי על ערכין,כן,ערכין,כט.,פירוש,לא,
7252,קובץ שיטות קמאי על ערכין,כן,ערכין,כט.,פירוש,לא,
7254,קובץ שיטות קמאי על ערכין,כן,ערכין,כט.,פירוש,לא,
7256,קובץ שיטות קמאי על ערכין,כן,ערכין,כט.,פירוש,לא,
7258,קובץ שיטות קמאי על ערכין,כן,ערכין,כט.,פירוש,לא,
7260,קובץ שיטות קמאי על ערכין,כן,ערכין,כט.,פירוש,לא,
7262,קובץ שיטות קמאי על ערכין,כן,ערכין,כט.,פירוש,לא,
7264,קובץ שיטות קמאי על ערכין,כן,ערכין,כט.,פירוש,לא,
7266,קובץ שיטות קמאי על ערכין,כן,ערכין,כט.,פירוש,לא,
7268,קובץ שיטות קמאי על ערכין,כן,ערכין,כט.,פירוש,לא,
7270,קובץ שיטות קמאי על ערכין,כן,ערכין,כט.,פירוש,לא,
7272,קובץ שיטות קמאי על ערכין,כן,ערכין,כט.,פירוש,לא,
7274,קובץ שיטות קמאי על ערכין,כן,ערכין,כט.,פירוש,לא,
7276,קובץ שיטות קמאי על ערכין,כן,ערכין,כט.,פירוש,לא,
7279,קובץ שיטות קמאי על ערכין,כן,ערכין,כט:,פירוש,לא,
7280,קובץ שיטות קמאי על ערכין,כן,ערכין,כט:,פירוש,לא,
7281,קובץ שיטות קמאי על ערכין,כן,ערכין,כט:,פירוש,לא,
7282,קובץ שיטות קמאי על ערכין,כן,ערכין,כט:,פירוש,לא,
7284,קובץ שיטות קמאי על ערכין,כן,ערכין,כט:,פירוש,לא,
7286,קובץ שיטות קמאי על ערכין,כן,ערכין,כט:,פירוש,לא,
7288,קובץ שיטות קמאי על ערכין,כן,ערכין,כט:,פירוש,לא,
7289,קובץ שיטות קמאי על ערכין,כן,ערכין,כט:,פירוש,לא,
7291,קובץ שיטות קמאי על ערכין,כן,ערכין,כט:,פירוש,לא,
7293,קובץ שיטות קמאי על ערכין,כן,ערכין,כט:,פירוש,לא,
7295,קובץ שיטות קמאי על ערכין,כן,ערכין,כט:,פירוש,לא,
7297,קובץ שיטות קמאי על ערכין,כן,ערכין,כט:,פירוש,לא,
7299,קובץ שיטות קמאי על ערכין,כן,ערכין,כט:,פירוש,לא,
7301,קובץ שיטות קמאי על ערכין,כן,ערכין,כט:,פירוש,לא,
7302,קובץ שיטות קמאי על ערכין,כן,ערכין,כט:,פירוש,לא,
7303,קובץ שיטות קמאי על ערכין,כן,ערכין,כט:,פירוש,לא,
7305,קובץ שיטות קמאי על ערכין,כן,ערכין,כט:,פירוש,לא,
7307,קובץ שיטות קמאי על ערכין,כן,ערכין,כט:,פירוש,לא,
7309,קובץ שיטות קמאי על ערכין,כן,ערכין,כט:,פירוש,לא,
7311,קובץ שיטות קמאי על ערכין,כן,ערכין,כט:,פירוש,לא,
7313,קובץ שיטות קמאי על ערכין,כן,ערכין,כט:,פירוש,לא,
7315,קובץ שיטות קמאי על ערכין,כן,ערכין,כט:,פירוש,לא,
7317,קובץ שיטות קמאי על ערכין,כן,ערכין,כט:,פירוש,לא,
7319,קובץ שיטות קמאי על ערכין,כן,ערכין,כט:,פירוש,לא,
7321,קובץ שיטות קמאי על ערכין,כן,ערכין,כט:,פירוש,לא,
7323,קובץ שיטות קמאי על ערכין,כן,ערכין,כט:,פירוש,לא,
7325,קובץ שיטות קמאי על ערכין,כן,ערכין,כט:,פירוש,לא,
7327,קובץ שיטות קמאי על ערכין,כן,ערכין,כט:,פירוש,לא,
7329,קובץ שיטות קמאי על ערכין,כן,ערכין,כט:,פירוש,לא,
7331,קובץ שיטות קמאי על ערכין,כן,ערכין,כט:,פירוש,לא,
7333,קובץ שיטות קמאי על ערכין,כן,ערכין,כט:,פירוש,לא,
7335,קובץ שיטות קמאי על ערכין,כן,ערכין,כט:,פירוש,לא,
7337,קובץ שיטות קמאי על ערכין,כן,ערכין,כט:,פירוש,לא,
7339,קובץ שיטות קמאי על ערכין,כן,ערכין,כט:,פירוש,לא,
7341,קובץ שיטות קמאי על ערכין,כן,ערכין,כט:,פירוש,לא,
7343,קובץ שיטות קמאי על ערכין,כן,ערכין,כט:,פירוש,לא,
7345,קובץ שיטות קמאי על ערכין,כן,ערכין,כט:,פירוש,לא,
7347,קובץ שיטות קמאי על ערכין,כן,ערכין,כט:,פירוש,לא,
7349,קובץ שיטות קמאי על ערכין,כן,ערכין,כט:,פירוש,לא,
7351,קובץ שיטות קמאי על ערכין,כן,ערכין,כט:,פירוש,לא,
7353,קובץ שיטות קמאי על ערכין,כן,ערכין,כט:,פירוש,לא,
7355,קובץ שיטות קמאי על ערכין,כן,ערכין,כט:,פירוש,לא,
7357,קובץ שיטות קמאי על ערכין,כן,ערכין,כט:,פירוש,לא,
7359,קובץ שיטות קמאי על ערכין,כן,ערכין,כט:,פירוש,לא,
7361,קובץ שיטות קמאי על ערכין,כן,ערכין,כט:,פירוש,לא,
7363,קובץ שיטות קמאי על ערכין,כן,ערכין,כט:,פירוש,לא,
7366,קובץ שיטות קמאי על ערכין,כן,ערכין,ל.,פירוש,לא,
7368,קובץ שיטות קמאי על ערכין,כן,ערכין,ל.,פירוש,לא,
7370,קובץ שיטות קמאי על ערכין,כן,ערכין,ל.,פירוש,לא,
7372,קובץ שיטות קמאי על ערכין,כן,ערכין,ל.,פירוש,לא,
7374,קובץ שיטות קמאי על ערכין,כן,ערכין,ל.,פירוש,לא,
7376,קובץ שיטות קמאי על ערכין,כן,ערכין,ל.,פירוש,לא,
7378,קובץ שיטות קמאי על ערכין,כן,ערכין,ל.,פירוש,לא,
7380,קובץ שיטות קמאי על ערכין,כן,ערכין,ל.,פירוש,לא,
7382,קובץ שיטות קמאי על ערכין,כן,ערכין,ל.,פירוש,לא,
7384,קובץ שיטות קמאי על ערכין,כן,ערכין,ל.,פירוש,לא,
7386,קובץ שיטות קמאי על ערכין,כן,ערכין,ל.,פירוש,לא,
7388,קובץ שיטות קמאי על ערכין,כן,ערכין,ל.,פירוש,לא,
7390,קובץ שיטות קמאי על ערכין,כן,ערכין,ל.,פירוש,לא,
7392,קובץ שיטות קמאי על ערכין,כן,ערכין,ל.,פירוש,לא,
7394,קובץ שיטות קמאי על ערכין,כן,ערכין,ל.,פירוש,לא,
7395,קובץ שיטות קמאי על ערכין,כן,ערכין,ל.,פירוש,לא,
7396,קובץ שיטות קמאי על ערכין,כן,ערכין,ל.,פירוש,לא,
7397,קובץ שיטות קמאי על ערכין,כן,ערכין,ל.,פירוש,לא,
7399,קובץ שיטות קמאי על ערכין,כן,ערכין,ל.,פירוש,לא,
7401,קובץ שיטות קמאי על ערכין,כן,ערכין,ל.,פירוש,לא,
7403,קובץ שיטות קמאי על ערכין,כן,ערכין,ל.,פירוש,לא,
7405,קובץ שיטות קמאי על ערכין,כן,ערכין,ל.,פירוש,לא,
7406,קובץ שיטות קמאי על ערכין,כן,ערכין,ל.,פירוש,לא,
7408,קובץ שיטות קמאי על ערכין,כן,ערכין,ל.,פירוש,לא,
7410,קובץ שיטות קמאי על ערכין,כן,ערכין,ל.,פירוש,לא,
7412,קובץ שיטות קמאי על ערכין,כן,ערכין,ל.,פירוש,לא,
7414,קובץ שיטות קמאי על ערכין,כן,ערכין,ל.,פירוש,לא,
7416,קובץ שיטות קמאי על ערכין,כן,ערכין,ל.,פירוש,לא,
7418,קובץ שיטות קמאי על ערכין,כן,ערכין,ל.,פירוש,לא,
7420,קובץ שיטות קמאי על ערכין,כן,ערכין,ל.,פירוש,לא,
7422,קובץ שיטות קמאי על ערכין,כן,ערכין,ל.,פירוש,לא,
7424,קובץ שיטות קמאי על ערכין,כן,ערכין,ל.,פירוש,לא,
7426,קובץ שיטות קמאי על ערכין,כן,ערכין,ל.,פירוש,לא,
7428,קובץ שיטות קמאי על ערכין,כן,ערכין,ל.,פירוש,לא,
7430,קובץ שיטות קמאי על ערכין,כן,ערכין,ל.,פירוש,לא,
7432,קובץ שיטות קמאי על ערכין,כן,ערכין,ל.,פירוש,לא,
7434,קובץ שיטות קמאי על ערכין,כן,ערכין,ל.,פירוש,לא,
7436,קובץ שיטות קמאי על ערכין,כן,ערכין,ל.,פירוש,לא,
7439,קובץ שיטות קמאי על ערכין,כן,ערכין,ל:,פירוש,לא,
7441,קובץ שיטות קמאי על ערכין,כן,ערכין,ל:,פירוש,לא,
7442,קובץ שיטות קמאי על ערכין,כן,ערכין,ל:,פירוש,לא,
7443,קובץ שיטות קמאי על ערכין,כן,ערכין,ל:,פירוש,לא,
7444,קובץ שיטות קמאי על ערכין,כן,ערכין,ל:,פירוש,לא,
7446,קובץ שיטות קמאי על ערכין,כן,ערכין,ל:,פירוש,לא,
7448,קובץ שיטות קמאי על ערכין,כן,ערכין,ל:,פירוש,לא,
7450,קובץ שיטות קמאי על ערכין,כן,ערכין,ל:,פירוש,לא,
7452,קובץ שיטות קמאי על ערכין,כן,ערכין,ל:,פירוש,לא,
7454,קובץ שיטות קמאי על ערכין,כן,ערכין,ל:,פירוש,לא,
7456,קובץ שיטות קמאי על ערכין,כן,ערכין,ל:,פירוש,לא,
7458,קובץ שיטות קמאי על ערכין,כן,ערכין,ל:,פירוש,לא,
7460,קובץ שיטות קמאי על ערכין,כן,ערכין,ל:,פירוש,לא,
7462,קובץ שיטות קמאי על ערכין,כן,ערכין,ל:,פירוש,לא,
7464,קובץ שיטות קמאי על ערכין,כן,ערכין,ל:,פירוש,לא,
7465,קובץ שיטות קמאי על ערכין,כן,ערכין,ל:,פירוש,לא,
7466,קובץ שיטות קמאי על ערכין,כן,ערכין,ל:,פירוש,לא,
7468,קובץ שיטות קמאי על ערכין,כן,ערכין,ל:,פירוש,לא,
7470,קובץ שיטות קמאי על ערכין,כן,ערכין,ל:,פירוש,לא,
7472,קובץ שיטות קמאי על ערכין,כן,ערכין,ל:,פירוש,לא,
7474,קובץ שיטות קמאי על ערכין,כן,ערכין,ל:,פירוש,לא,
7476,קובץ שיטות קמאי על ערכין,כן,ערכין,ל:,פירוש,לא,
7478,קובץ שיטות קמאי על ערכין,כן,ערכין,ל:,פירוש,לא,
7480,קובץ שיטות קמאי על ערכין,כן,ערכין,ל:,פירוש,לא,
7482,קובץ שיטות קמאי על ערכין,כן,ערכין,ל:,פירוש,לא,
7484,קובץ שיטות קמאי על ערכין,כן,ערכין,ל:,פירוש,לא,
7486,קובץ שיטות קמאי על ערכין,כן,ערכין,ל:,פירוש,לא,
7487,קובץ שיטות קמאי על ערכין,כן,ערכין,ל:,פירוש,לא,
7488,קובץ שיטות קמאי על ערכין,כן,ערכין,ל:,פירוש,לא,
7489,קובץ שיטות קמאי על ערכין,כן,ערכין,ל:,פירוש,לא,
7491,קובץ שיטות קמאי על ערכין,כן,ערכין,ל:,פירוש,לא,
7493,קובץ שיטות קמאי על ערכין,כן,ערכין,ל:,פירוש,לא,
7495,קובץ שיטות קמאי על ערכין,כן,ערכין,ל:,פירוש,לא,
7497,קובץ שיטות קמאי על ערכין,כן,ערכין,ל:,פירוש,לא,
7499,קובץ שיטות קמאי על ערכין,כן,ערכין,ל:,פירוש,לא,
7501,קובץ שיטות קמאי על ערכין,כן,ערכין,ל:,פירוש,לא,
7502,קובץ שיטות קמאי על ערכין,כן,ערכין,ל:,פירוש,לא,
7504,קובץ שיטות קמאי על ערכין,כן,ערכין,ל:,פירוש,לא,
7506,קובץ שיטות קמאי על ערכין,כן,ערכין,ל:,פירוש,לא,
7508,קובץ שיטות קמאי על ערכין,כן,ערכין,ל:,פירוש,לא,
7510,קובץ שיטות קמאי על ערכין,כן,ערכין,ל:,פירוש,לא,
7512,קובץ שיטות קמאי על ערכין,כן,ערכין,ל:,פירוש,לא,
7514,קובץ שיטות קמאי על ערכין,כן,ערכין,ל:,פירוש,לא,
7516,קובץ שיטות קמאי על ערכין,כן,ערכין,ל:,פירוש,לא,
7518,קובץ שיטות קמאי על ערכין,כן,ערכין,ל:,פירוש,לא,
7520,קובץ שיטות קמאי על ערכין,כן,ערכין,ל:,פירוש,לא,
7522,קובץ שיטות קמאי על ערכין,כן,ערכין,ל:,פירוש,לא,
7524,קובץ שיטות קמאי על ערכין,כן,ערכין,ל:,פירוש,לא,
7526,קובץ שיטות קמאי על ערכין,כן,ערכין,ל:,פירוש,לא,
7528,קובץ שיטות קמאי על ערכין,כן,ערכין,ל:,פירוש,לא,
7530,קובץ שיטות קמאי על ערכין,כן,ערכין,ל:,פירוש,לא,
7532,קובץ שיטות קמאי על ערכין,כן,ערכין,ל:,פירוש,לא,
7534,קובץ שיטות קמאי על ערכין,כן,ערכין,ל:,פירוש,לא,
7536,קובץ שיטות קמאי על ערכין,כן,ערכין,ל:,פירוש,לא,
7538,קובץ שיטות קמאי על ערכין,כן,ערכין,ל:,פירוש,לא,
7540,קובץ שיטות קמאי על ערכין,כן,ערכין,ל:,פירוש,לא,
7542,קובץ שיטות קמאי על ערכין,כן,ערכין,ל:,פירוש,לא,
7544,קובץ שיטות קמאי על ערכין,כן,ערכין,ל:,פירוש,לא,
7546,קובץ שיטות קמאי על ערכין,כן,ערכין,ל:,פירוש,לא,
7548,קובץ שיטות קמאי על ערכין,כן,ערכין,ל:,פירוש,לא,
7550,קובץ שיטות קמאי על ערכין,כן,ערכין,ל:,פירוש,לא,
7552,קובץ שיטות קמאי על ערכין,כן,ערכין,ל:,פירוש,לא,
7554,קובץ שיטות קמאי על ערכין,כן,ערכין,ל:,פירוש,לא,
7556,קובץ שיטות קמאי על ערכין,כן,ערכין,ל:,פירוש,לא,
7558,קובץ שיטות קמאי על ערכין,כן,ערכין,ל:,פירוש,לא,
7560,קובץ שיטות קמאי על ערכין,כן,ערכין,ל:,פירוש,לא,
7562,קובץ שיטות קמאי על ערכין,כן,ערכין,ל:,פירוש,לא,
7564,קובץ שיטות קמאי על ערכין,כן,ערכין,ל:,פירוש,לא,
7566,קובץ שיטות קמאי על ערכין,כן,ערכין,ל:,פירוש,לא,
7569,קובץ שיטות קמאי על ערכין,כן,ערכין,לא.,פירוש,לא,
7571,קובץ שיטות קמאי על ערכין,כן,ערכין,לא.,פירוש,לא,
7573,קובץ שיטות קמאי על ערכין,כן,ערכין,לא.,פירוש,לא,
7575,קובץ שיטות קמאי על ערכין,כן,ערכין,לא.,פירוש,לא,
7577,קובץ שיטות קמאי על ערכין,כן,ערכין,לא.,פירוש,לא,
7579,קובץ שיטות קמאי על ערכין,כן,ערכין,לא.,פירוש,לא,
7581,קובץ שיטות קמאי על ערכין,כן,ערכין,לא.,פירוש,לא,
7583,קובץ שיטות קמאי על ערכין,כן,ערכין,לא.,פירוש,לא,
7585,קובץ שיטות קמאי על ערכין,כן,ערכין,לא.,פירוש,לא,
7587,קובץ שיטות קמאי על ערכין,כן,ערכין,לא.,פירוש,לא,
7589,קובץ שיטות קמאי על ערכין,כן,ערכין,לא.,פירוש,לא,
7591,קובץ שיטות קמאי על ערכין,כן,ערכין,לא.,פירוש,לא,
7593,קובץ שיטות קמאי על ערכין,כן,ערכין,לא.,פירוש,לא,
7595,קובץ שיטות קמאי על ערכין,כן,ערכין,לא.,פירוש,לא,
7597,קובץ שיטות קמאי על ערכין,כן,ערכין,לא.,פירוש,לא,
7599,קובץ שיטות קמאי על ערכין,כן,ערכין,לא.,פירוש,לא,
7601,קובץ שיטות קמאי על ערכין,כן,ערכין,לא.,פירוש,לא,
7603,קובץ שיטות קמאי על ערכין,כן,ערכין,לא.,פירוש,לא,
7605,קובץ שיטות קמאי על ערכין,כן,ערכין,לא.,פירוש,לא,
7607,קובץ שיטות קמאי על ערכין,כן,ערכין,לא.,פירוש,לא,
7609,קובץ שיטות קמאי על ערכין,כן,ערכין,לא.,פירוש,לא,
7611,קובץ שיטות קמאי על ערכין,כן,ערכין,לא.,פירוש,לא,
7613,קובץ שיטות קמאי על ערכין,כן,ערכין,לא.,פירוש,לא,
7615,קובץ שיטות קמאי על ערכין,כן,ערכין,לא.,פירוש,לא,
7616,קובץ שיטות קמאי על ערכין,כן,ערכין,לא.,פירוש,לא,
7618,קובץ שיטות קמאי על ערכין,כן,ערכין,לא.,פירוש,לא,
7620,קובץ שיטות קמאי על ערכין,כן,ערכין,לא.,פירוש,לא,
7622,קובץ שיטות קמאי על ערכין,כן,ערכין,לא.,פירוש,לא,
7624,קובץ שיטות קמאי על ערכין,כן,ערכין,לא.,פירוש,לא,
7626,קובץ שיטות קמאי על ערכין,כן,ערכין,לא.,פירוש,לא,
7628,קובץ שיטות קמאי על ערכין,כן,ערכין,לא.,פירוש,לא,
7629,קובץ שיטות קמאי על ערכין,כן,ערכין,לא.,פירוש,לא,
7631,קובץ שיטות קמאי על ערכין,כן,ערכין,לא.,פירוש,לא,
7633,קובץ שיטות קמאי על ערכין,כן,ערכין,לא.,פירוש,לא,
7635,קובץ שיטות קמאי על ערכין,כן,ערכין,לא.,פירוש,לא,
7637,קובץ שיטות קמאי על ערכין,כן,ערכין,לא.,פירוש,לא,
7639,קובץ שיטות קמאי על ערכין,כן,ערכין,לא.,פירוש,לא,
7640,קובץ שיטות קמאי על ערכין,כן,ערכין,לא.,פירוש,לא,
7641,קובץ שיטות קמאי על ערכין,כן,ערכין,לא.,פירוש,לא,
7642,קובץ שיטות קמאי על ערכין,כן,ערכין,לא.,פירוש,לא,
7643,קובץ שיטות קמאי על ערכין,כן,ערכין,לא.,פירוש,לא,
7645,קובץ שיטות קמאי על ערכין,כן,ערכין,לא.,פירוש,לא,
7647,קובץ שיטות קמאי על ערכין,כן,ערכין,לא.,פירוש,לא,
7648,קובץ שיטות קמאי על ערכין,כן,ערכין,לא.,פירוש,לא,
7649,קובץ שיטות קמאי על ערכין,כן,ערכין,לא.,פירוש,לא,
7651,קובץ שיטות קמאי על ערכין,כן,ערכין,לא.,פירוש,לא,
7653,קובץ שיטות קמאי על ערכין,כן,ערכין,לא.,פירוש,לא,
7655,קובץ שיטות קמאי על ערכין,כן,ערכין,לא.,פירוש,לא,
7658,קובץ שיטות קמאי על ערכין,כן,ערכין,לא:,פירוש,לא,
7660,קובץ שיטות קמאי על ערכין,כן,ערכין,לא:,פירוש,לא,
7662,קובץ שיטות קמאי על ערכין,כן,ערכין,לא:,פירוש,לא,
7664,קובץ שיטות קמאי על ערכין,כן,ערכין,לא:,פירוש,לא,
7666,קובץ שיטות קמאי על ערכין,כן,ערכין,לא:,פירוש,לא,
7667,קובץ שיטות קמאי על ערכין,כן,ערכין,לא:,פירוש,לא,
7668,קובץ שיטות קמאי על ערכין,כן,ערכין,לא:,פירוש,לא,
7670,קובץ שיטות קמאי על ערכין,כן,ערכין,לא:,פירוש,לא,
7671,קובץ שיטות קמאי על ערכין,כן,ערכין,לא:,פירוש,לא,
7672,קובץ שיטות קמאי על ערכין,כן,ערכין,לא:,פירוש,לא,
7673,קובץ שיטות קמאי על ערכין,כן,ערכין,לא:,פירוש,לא,
7675,קובץ שיטות קמאי על ערכין,כן,ערכין,לא:,פירוש,לא,
7677,קובץ שיטות קמאי על ערכין,כן,ערכין,לא:,פירוש,לא,
7679,קובץ שיטות קמאי על ערכין,כן,ערכין,לא:,פירוש,לא,
7681,קובץ שיטות קמאי על ערכין,כן,ערכין,לא:,פירוש,לא,
7683,קובץ שיטות קמאי על ערכין,כן,ערכין,לא:,פירוש,לא,
7685,קובץ שיטות קמאי על ערכין,כן,ערכין,לא:,פירוש,לא,
7687,קובץ שיטות קמאי על ערכין,כן,ערכין,לא:,פירוש,לא,
7689,קובץ שיטות קמאי על ערכין,כן,ערכין,לא:,פירוש,לא,
7691,קובץ שיטות קמאי על ערכין,כן,ערכין,לא:,פירוש,לא,
7693,קובץ שיטות קמאי על ערכין,כן,ערכין,לא:,פירוש,לא,
7695,קובץ שיטות קמאי על ערכין,כן,ערכין,לא:,פירוש,לא,
7697,קובץ שיטות קמאי על ערכין,כן,ערכין,לא:,פירוש,לא,
7699,קובץ שיטות קמאי על ערכין,כן,ערכין,לא:,פירוש,לא,
7701,קובץ שיטות קמאי על ערכין,כן,ערכין,לא:,פירוש,לא,
7703,קובץ שיטות קמאי על ערכין,כן,ערכין,לא:,פירוש,לא,
7704,קובץ שיטות קמאי על ערכין,כן,ערכין,לא:,פירוש,לא,
7706,קובץ שיטות קמאי על ערכין,כן,ערכין,לא:,פירוש,לא,
7708,קובץ שיטות קמאי על ערכין,כן,ערכין,לא:,פירוש,לא,
7710,קובץ שיטות קמאי על ערכין,כן,ערכין,לא:,פירוש,לא,
7712,קובץ שיטות קמאי על ערכין,כן,ערכין,לא:,פירוש,לא,
7714,קובץ שיטות קמאי על ערכין,כן,ערכין,לא:,פירוש,לא,
7716,קובץ שיטות קמאי על ערכין,כן,ערכין,לא:,פירוש,לא,
7718,קובץ שיטות קמאי על ערכין,כן,ערכין,לא:,פירוש,לא,
7719,קובץ שיטות קמאי על ערכין,כן,ערכין,לא:,פירוש,לא,
7721,קובץ שיטות קמאי על ערכין,כן,ערכין,לא:,פירוש,לא,
7723,קובץ שיטות קמאי על ערכין,כן,ערכין,לא:,פירוש,לא,
7725,קובץ שיטות קמאי על ערכין,כן,ערכין,לא:,פירוש,לא,
7726,קובץ שיטות קמאי על ערכין,כן,ערכין,לא:,פירוש,לא,
7727,קובץ שיטות קמאי על ערכין,כן,ערכין,לא:,פירוש,לא,
7728,קובץ שיטות קמאי על ערכין,כן,ערכין,לא:,פירוש,לא,
7730,קובץ שיטות קמאי על ערכין,כן,ערכין,לא:,פירוש,לא,
7732,קובץ שיטות קמאי על ערכין,כן,ערכין,לא:,פירוש,לא,
7734,קובץ שיטות קמאי על ערכין,כן,ערכין,לא:,פירוש,לא,
7737,קובץ שיטות קמאי על ערכין,כן,ערכין,לב.,פירוש,לא,
7739,קובץ שיטות קמאי על ערכין,כן,ערכין,לב.,פירוש,לא,
7741,קובץ שיטות קמאי על ערכין,כן,ערכין,לב.,פירוש,לא,
7743,קובץ שיטות קמאי על ערכין,כן,ערכין,לב.,פירוש,לא,
7745,קובץ שיטות קמאי על ערכין,כן,ערכין,לב.,פירוש,לא,
7747,קובץ שיטות קמאי על ערכין,כן,ערכין,לב.,פירוש,לא,
7749,קובץ שיטות קמאי על ערכין,כן,ערכין,לב.,פירוש,לא,
7750,קובץ שיטות קמאי על ערכין,כן,ערכין,לב.,פירוש,לא,
7751,קובץ שיטות קמאי על ערכין,כן,ערכין,לב.,פירוש,לא,
7752,קובץ שיטות קמאי על ערכין,כן,ערכין,לב.,פירוש,לא,
7753,קובץ שיטות קמאי על ערכין,כן,ערכין,לב.,פירוש,לא,
7754,קובץ שיטות קמאי על ערכין,כן,ערכין,לב.,פירוש,לא,
7755,קובץ שיטות קמאי על ערכין,כן,ערכין,לב.,פירוש,לא,
7756,קובץ שיטות קמאי על ערכין,כן,ערכין,לב.,פירוש,לא,
7757,קובץ שיטות קמאי על ערכין,כן,ערכין,לב.,פירוש,לא,
7758,קובץ שיטות קמאי על ערכין,כן,ערכין,לב.,פירוש,לא,
7759,קובץ שיטות קמאי על ערכין,כן,ערכין,לב.,פירוש,לא,
7760,קובץ שיטות קמאי על ערכין,כן,ערכין,לב.,פירוש,לא,
7762,קובץ שיטות קמאי על ערכין,כן,ערכין,לב.,פירוש,לא,
7764,קובץ שיטות קמאי על ערכין,כן,ערכין,לב.,פירוש,לא,
7766,קובץ שיטות קמאי על ערכין,כן,ערכין,לב.,פירוש,לא,
7768,קובץ שיטות קמאי על ערכין,כן,ערכין,לב.,פירוש,לא,
7770,קובץ שיטות קמאי על ערכין,כן,ערכין,לב.,פירוש,לא,
7772,קובץ שיטות קמאי על ערכין,כן,ערכין,לב.,פירוש,לא,
7774,קובץ שיטות קמאי על ערכין,כן,ערכין,לב.,פירוש,לא,
7776,קובץ שיטות קמאי על ערכין,כן,ערכין,לב.,פירוש,לא,
7778,קובץ שיטות קמאי על ערכין,כן,ערכין,לב.,פירוש,לא,
7780,קובץ שיטות קמאי על ערכין,כן,ערכין,לב.,פירוש,לא,
7782,קובץ שיטות קמאי על ערכין,כן,ערכין,לב.,פירוש,לא,
7784,קובץ שיטות קמאי על ערכין,כן,ערכין,לב.,פירוש,לא,
7786,קובץ שיטות קמאי על ערכין,כן,ערכין,לב.,פירוש,לא,
7788,קובץ שיטות קמאי על ערכין,כן,ערכין,לב.,פירוש,לא,
7790,קובץ שיטות קמאי על ערכין,כן,ערכין,לב.,פירוש,לא,
7792,קובץ שיטות קמאי על ערכין,כן,ערכין,לב.,פירוש,לא,
7794,קובץ שיטות קמאי על ערכין,כן,ערכין,לב.,פירוש,לא,
7795,קובץ שיטות קמאי על ערכין,כן,ערכין,לב.,פירוש,לא,
7797,קובץ שיטות קמאי על ערכין,כן,ערכין,לב.,פירוש,לא,
7798,קובץ שיטות קמאי על ערכין,כן,ערכין,לב.,פירוש,לא,
7799,קובץ שיטות קמאי על ערכין,כן,ערכין,לב.,פירוש,לא,
7800,קובץ שיטות קמאי על ערכין,כן,ערכין,לב.,פירוש,לא,
7802,קובץ שיטות קמאי על ערכין,כן,ערכין,לב.,פירוש,לא,
7804,קובץ שיטות קמאי על ערכין,כן,ערכין,לב.,פירוש,לא,
7806,קובץ שיטות קמאי על ערכין,כן,ערכין,לב.,פירוש,לא,
7808,קובץ שיטות קמאי על ערכין,כן,ערכין,לב.,פירוש,לא,
7811,קובץ שיטות קמאי על ערכין,כן,ערכין,לב:,פירוש,לא,
7813,קובץ שיטות קמאי על ערכין,כן,ערכין,לב:,פירוש,לא,
7815,קובץ שיטות קמאי על ערכין,כן,ערכין,לב:,פירוש,לא,
7817,קובץ שיטות קמאי על ערכין,כן,ערכין,לב:,פירוש,לא,
7819,קובץ שיטות קמאי על ערכין,כן,ערכין,לב:,פירוש,לא,
7821,קובץ שיטות קמאי על ערכין,כן,ערכין,לב:,פירוש,לא,
7823,קובץ שיטות קמאי על ערכין,כן,ערכין,לב:,פירוש,לא,
7825,קובץ שיטות קמאי על ערכין,כן,ערכין,לב:,פירוש,לא,
7827,קובץ שיטות קמאי על ערכין,כן,ערכין,לב:,פירוש,לא,
7829,קובץ שיטות קמאי על ערכין,כן,ערכין,לב:,פירוש,לא,
7831,קובץ שיטות קמאי על ערכין,כן,ערכין,לב:,פירוש,לא,
7833,קובץ שיטות קמאי על ערכין,כן,ערכין,לב:,פירוש,לא,
7835,קובץ שיטות קמאי על ערכין,כן,ערכין,לב:,פירוש,לא,
7837,קובץ שיטות קמאי על ערכין,כן,ערכין,לב:,פירוש,לא,
7839,קובץ שיטות קמאי על ערכין,כן,ערכין,לב:,פירוש,לא,
7841,קובץ שיטות קמאי על ערכין,כן,ערכין,לב:,פירוש,לא,
7842,קובץ שיטות קמאי על ערכין,כן,ערכין,לב:,פירוש,לא,
7844,קובץ שיטות קמאי על ערכין,כן,ערכין,לב:,פירוש,לא,
7846,קובץ שיטות קמאי על ערכין,כן,ערכין,לב:,פירוש,לא,
7848,קובץ שיטות קמאי על ערכין,כן,ערכין,לב:,פירוש,לא,
7850,קובץ שיטות קמאי על ערכין,כן,ערכין,לב:,פירוש,לא,
7852,קובץ שיטות קמאי על ערכין,כן,ערכין,לב:,פירוש,לא,
7854,קובץ שיטות קמאי על ערכין,כן,ערכין,לב:,פירוש,לא,
7856,קובץ שיטות קמאי על ערכין,כן,ערכין,לב:,פירוש,לא,
7858,קובץ שיטות קמאי על ערכין,כן,ערכין,לב:,פירוש,לא,
7860,קובץ שיטות קמאי על ערכין,כן,ערכין,לב:,פירוש,לא,
7862,קובץ שיטות קמאי על ערכין,כן,ערכין,לב:,פירוש,לא,
7864,קובץ שיטות קמאי על ערכין,כן,ערכין,לב:,פירוש,לא,
7866,קובץ שיטות קמאי על ערכין,כן,ערכין,לב:,פירוש,לא,
7868,קובץ שיטות קמאי על ערכין,כן,ערכין,לב:,פירוש,לא,
7870,קובץ שיטות קמאי על ערכין,כן,ערכין,לב:,פירוש,לא,
7872,קובץ שיטות קמאי על ערכין,כן,ערכין,לב:,פירוש,לא,
7874,קובץ שיטות קמאי על ערכין,כן,ערכין,לב:,פירוש,לא,
7876,קובץ שיטות קמאי על ערכין,כן,ערכין,לב:,פירוש,לא,
7878,קובץ שיטות קמאי על ערכין,כן,ערכין,לב:,פירוש,לא,
7879,קובץ שיטות קמאי על ערכין,כן,ערכין,לב:,פירוש,לא,
7880,קובץ שיטות קמאי על ערכין,כן,ערכין,לב:,פירוש,לא,
7881,קובץ שיטות קמאי על ערכין,כן,ערכין,לב:,פירוש,לא,
7882,קובץ שיטות קמאי על ערכין,כן,ערכין,לב:,פירוש,לא,
7883,קובץ שיטות קמאי על ערכין,כן,ערכין,לב:,פירוש,לא,
7884,קובץ שיטות קמאי על ערכין,כן,ערכין,לב:,פירוש,לא,
7885,קובץ שיטות קמאי על ערכין,כן,ערכין,לב:,פירוש,לא,
7886,קובץ שיטות קמאי על ערכין,כן,ערכין,לב:,פירוש,לא,
7887,קובץ שיטות קמאי על ערכין,כן,ערכין,לב:,פירוש,לא,
7889,קובץ שיטות קמאי על ערכין,כן,ערכין,לב:,פירוש,לא,
7891,קובץ שיטות קמאי על ערכין,כן,ערכין,לב:,פירוש,לא,
7893,קובץ שיטות קמאי על ערכין,כן,ערכין,לב:,פירוש,לא,
7895,קובץ שיטות קמאי על ערכין,כן,ערכין,לב:,פירוש,לא,
7897,קובץ שיטות קמאי על ערכין,כן,ערכין,לב:,פירוש,לא,
7899,קובץ שיטות קמאי על ערכין,כן,ערכין,לב:,פירוש,לא,
7900,קובץ שיטות קמאי על ערכין,כן,ערכין,לב:,פירוש,לא,
7902,קובץ שיטות קמאי על ערכין,כן,ערכין,לב:,פירוש,לא,
7904,קובץ שיטות קמאי על ערכין,כן,ערכין,לב:,פירוש,לא,
7906,קובץ שיטות קמאי על ערכין,כן,ערכין,לב:,פירוש,לא,
7908,קובץ שיטות קמאי על ערכין,כן,ערכין,לב:,פירוש,לא,
7910,קובץ שיטות קמאי על ערכין,כן,ערכין,לב:,פירוש,לא,
7912,קובץ שיטות קמאי על ערכין,כן,ערכין,לב:,פירוש,לא,
7914,קובץ שיטות קמאי על ערכין,כן,ערכין,לב:,פירוש,לא,
7916,קובץ שיטות קמאי על ערכין,כן,ערכין,לב:,פירוש,לא,
7918,קובץ שיטות קמאי על ערכין,כן,ערכין,לב:,פירוש,לא,
7920,קובץ שיטות קמאי על ערכין,כן,ערכין,לב:,פירוש,לא,
7922,קובץ שיטות קמאי על ערכין,כן,ערכין,לב:,פירוש,לא,
7924,קובץ שיטות קמאי על ערכין,כן,ערכין,לב:,פירוש,לא,
7926,קובץ שיטות קמאי על ערכין,כן,ערכין,לב:,פירוש,לא,
7928,קובץ שיטות קמאי על ערכין,כן,ערכין,לב:,פירוש,לא,
7930,קובץ שיטות קמאי על ערכין,כן,ערכין,לב:,פירוש,לא,
7932,קובץ שיטות קמאי על ערכין,כן,ערכין,לב:,פירוש,לא,
7934,קובץ שיטות קמאי על ערכין,כן,ערכין,לב:,פירוש,לא,
7936,קובץ שיטות קמאי על ערכין,כן,ערכין,לב:,פירוש,לא,
7937,קובץ שיטות קמאי על ערכין,כן,ערכין,לב:,פירוש,לא,
7938,קובץ שיטות קמאי על ערכין,כן,ערכין,לב:,פירוש,לא,
7939,קובץ שיטות קמאי על ערכין,כן,ערכין,לב:,פירוש,לא,
7940,קובץ שיטות קמאי על ערכין,כן,ערכין,לב:,פירוש,לא,
7941,קובץ שיטות קמאי על ערכין,כן,ערכין,לב:,פירוש,לא,
7942,קובץ שיטות קמאי על ערכין,כן,ערכין,לב:,פירוש,לא,
7943,קובץ שיטות קמאי על ערכין,כן,ערכין,לב:,פירוש,לא,
7945,קובץ שיטות קמאי על ערכין,כן,ערכין,לב:,פירוש,לא,
7946,קובץ שיטות קמאי על ערכין,כן,ערכין,לב:,פירוש,לא,
7947,קובץ שיטות קמאי על ערכין,כן,ערכין,לב:,פירוש,לא,
7949,קובץ שיטות קמאי על ערכין,כן,ערכין,לב:,פירוש,לא,
7950,קובץ שיטות קמאי על ערכין,כן,ערכין,לב:,פירוש,לא,
7951,קובץ שיטות קמאי על ערכין,כן,ערכין,לב:,פירוש,לא,
7952,קובץ שיטות קמאי על ערכין,כן,ערכין,לב:,פירוש,לא,
7953,קובץ שיטות קמאי על ערכין,כן,ערכין,לב:,פירוש,לא,
7954,קובץ שיטות קמאי על ערכין,כן,ערכין,לב:,פירוש,לא,
7956,קובץ שיטות קמאי על ערכין,כן,ערכין,לב:,פירוש,לא,
7958,קובץ שיטות קמאי על ערכין,כן,ערכין,לב:,פירוש,לא,
7959,קובץ שיטות קמאי על ערכין,כן,ערכין,לב:,פירוש,לא,
7960,קובץ שיטות קמאי על ערכין,כן,ערכין,לב:,פירוש,לא,
7961,קובץ שיטות קמאי על ערכין,כן,ערכין,לב:,פירוש,לא,
7963,קובץ שיטות קמאי על ערכין,כן,ערכין,לב:,פירוש,לא,
7965,קובץ שיטות קמאי על ערכין,כן,ערכין,לב:,פירוש,לא,
7967,קובץ שיטות קמאי על ערכין,כן,ערכין,לב:,פירוש,לא,
7970,קובץ שיטות קמאי על ערכין,כן,ערכין,לג.,פירוש,לא,
7972,קובץ שיטות קמאי על ערכין,כן,ערכין,לג.,פירוש,לא,
7974,קובץ שיטות קמאי על ערכין,כן,ערכין,לג.,פירוש,לא,
7976,קובץ שיטות קמאי על ערכין,כן,ערכין,לג.,פירוש,לא,
7978,קובץ שיטות קמאי על ערכין,כן,ערכין,לג.,פירוש,לא,
7980,קובץ שיטות קמאי על ערכין,כן,ערכין,לג.,פירוש,לא,
7982,קובץ שיטות קמאי על ערכין,כן,ערכין,לג.,פירוש,לא,
7984,קובץ שיטות קמאי על ערכין,כן,ערכין,לג.,פירוש,לא,
7986,קובץ שיטות קמאי על ערכין,כן,ערכין,לג.,פירוש,לא,
7988,קובץ שיטות קמאי על ערכין,כן,ערכין,לג.,פירוש,לא,
7990,קובץ שיטות קמאי על ערכין,כן,ערכין,לג.,פירוש,לא,
7992,קובץ שיטות קמאי על ערכין,כן,ערכין,לג.,פירוש,לא,
7994,קובץ שיטות קמאי על ערכין,כן,ערכין,לג.,פירוש,לא,
7996,קובץ שיטות קמאי על ערכין,כן,ערכין,לג.,פירוש,לא,
7997,קובץ שיטות קמאי על ערכין,כן,ערכין,לג.,פירוש,לא,
7998,קובץ שיטות קמאי על ערכין,כן,ערכין,לג.,פירוש,לא,
7999,קובץ שיטות קמאי על ערכין,כן,ערכין,לג.,פירוש,לא,
8001,קובץ שיטות קמאי על ערכין,כן,ערכין,לג.,פירוש,לא,
8003,קובץ שיטות קמאי על ערכין,כן,ערכין,לג.,פירוש,לא,
8005,קובץ שיטות קמאי על ערכין,כן,ערכין,לג.,פירוש,לא,
8007,קובץ שיטות קמאי על ערכין,כן,ערכין,לג.,פירוש,לא,
8009,קובץ שיטות קמאי על ערכין,כן,ערכין,לג.,פירוש,לא,
8010,קובץ שיטות קמאי על ערכין,כן,ערכין,לג.,פירוש,לא,
8011,קובץ שיטות קמאי על ערכין,כן,ערכין,לג.,פירוש,לא,
8013,קובץ שיטות קמאי על ערכין,כן,ערכין,לג.,פירוש,לא,
8015,קובץ שיטות קמאי על ערכין,כן,ערכין,לג.,פירוש,לא,
8018,קובץ שיטות קמאי על ערכין,כן,ערכין,לג:,פירוש,לא,
8020,קובץ שיטות קמאי על ערכין,כן,ערכין,לג:,פירוש,לא,
8022,קובץ שיטות קמאי על ערכין,כן,ערכין,לג:,פירוש,לא,
8024,קובץ שיטות קמאי על ערכין,כן,ערכין,לג:,פירוש,לא,
8026,קובץ שיטות קמאי על ערכין,כן,ערכין,לג:,פירוש,לא,
8028,קובץ שיטות קמאי על ערכין,כן,ערכין,לג:,פירוש,לא,
8030,קובץ שיטות קמאי על ערכין,כן,ערכין,לג:,פירוש,לא,
8032,קובץ שיטות קמאי על ערכין,כן,ערכין,לג:,פירוש,לא,
8034,קובץ שיטות קמאי על ערכין,כן,ערכין,לג:,פירוש,לא,
8036,קובץ שיטות קמאי על ערכין,כן,ערכין,לג:,פירוש,לא,
8038,קובץ שיטות קמאי על ערכין,כן,ערכין,לג:,פירוש,לא,
8040,קובץ שיטות קמאי על ערכין,כן,ערכין,לג:,פירוש,לא,
8042,קובץ שיטות קמאי על ערכין,כן,ערכין,לג:,פירוש,לא,
8044,קובץ שיטות קמאי על ערכין,כן,ערכין,לג:,פירוש,לא,
8046,קובץ שיטות קמאי על ערכין,כן,ערכין,לג:,פירוש,לא,
8048,קובץ שיטות קמאי על ערכין,כן,ערכין,לג:,פירוש,לא,
8050,קובץ שיטות קמאי על ערכין,כן,ערכין,לג:,פירוש,לא,
8052,קובץ שיטות קמאי על ערכין,כן,ערכין,לג:,פירוש,לא,
8053,קובץ שיטות קמאי על ערכין,כן,ערכין,לג:,פירוש,לא,
8055,קובץ שיטות קמאי על ערכין,כן,ערכין,לג:,פירוש,לא,
8056,קובץ שיטות קמאי על ערכין,כן,ערכין,לג:,פירוש,לא,
8058,קובץ שיטות קמאי על ערכין,כן,ערכין,לג:,פירוש,לא,
8060,קובץ שיטות קמאי על ערכין,כן,ערכין,לג:,פירוש,לא,
8062,קובץ שיטות קמאי על ערכין,כן,ערכין,לג:,פירוש,לא,
8064,קובץ שיטות קמאי על ערכין,כן,ערכין,לג:,פירוש,לא,
8066,קובץ שיטות קמאי על ערכין,כן,ערכין,לג:,פירוש,לא,
8068,קובץ שיטות קמאי על ערכין,כן,ערכין,לג:,פירוש,לא,
8070,קובץ שיטות קמאי על ערכין,כן,ערכין,לג:,פירוש,לא,
8072,קובץ שיטות קמאי על ערכין,כן,ערכין,לג:,פירוש,לא,
8074,קובץ שיטות קמאי על ערכין,כן,ערכין,לג:,פירוש,לא,
8076,קובץ שיטות קמאי על ערכין,כן,ערכין,לג:,פירוש,לא,
8079,קובץ שיטות קמאי על ערכין,כן,ערכין,לד.,פירוש,לא,
8081,קובץ שיטות קמאי על ערכין,כן,ערכין,לד.,פירוש,לא,
8083,קובץ שיטות קמאי על ערכין,כן,ערכין,לד.,פירוש,לא,
8085,קובץ שיטות קמאי על ערכין,כן,ערכין,לד.,פירוש,לא,
8087,קובץ שיטות קמאי על ערכין,כן,ערכין,לד.,פירוש,לא,
8089,קובץ שיטות קמאי על ערכין,כן,ערכין,לד.,פירוש,לא,
8091,קובץ שיטות קמאי על ערכין,כן,ערכין,לד.,פירוש,לא,
8093,קובץ שיטות קמאי על ערכין,כן,ערכין,לד.,פירוש,לא,
4,קובץ שיטות קמאי על תמורה,כן,תמורה,ב.,פירוש,לא,
6,קובץ שיטות קמאי על תמורה,כן,תמורה,ב.,פירוש,לא,
8,קובץ שיטות קמאי על תמורה,כן,תמורה,ב.,פירוש,לא,
10,קובץ שיטות קמאי על תמורה,כן,תמורה,ב.,פירוש,לא,
12,קובץ שיטות קמאי על תמורה,כן,תמורה,ב.,פירוש,לא,
14,קובץ שיטות קמאי על תמורה,כן,תמורה,ב.,פירוש,לא,
15,קובץ שיטות קמאי על תמורה,כן,תמורה,ב.,פירוש,לא,
16,קובץ שיטות קמאי על תמורה,כן,תמורה,ב.,פירוש,לא,
17,קובץ שיטות קמאי על תמורה,כן,תמורה,ב.,פירוש,לא,
19,קובץ שיטות קמאי על תמורה,כן,תמורה,ב.,פירוש,לא,
21,קובץ שיטות קמאי על תמורה,כן,תמורה,ב.,פירוש,לא,
23,קובץ שיטות קמאי על תמורה,כן,תמורה,ב.,פירוש,לא,
25,קובץ שיטות קמאי על תמורה,כן,תמורה,ב.,פירוש,לא,
27,קובץ שיטות קמאי על תמורה,כן,תמורה,ב.,פירוש,לא,
29,קובץ שיטות קמאי על תמורה,כן,תמורה,ב.,פירוש,לא,
31,קובץ שיטות קמאי על תמורה,כן,תמורה,ב.,פירוש,לא,
33,קובץ שיטות קמאי על תמורה,כן,תמורה,ב.,פירוש,לא,
35,קובץ שיטות קמאי על תמורה,כן,תמורה,ב.,פירוש,לא,
37,קובץ שיטות קמאי על תמורה,כן,תמורה,ב.,פירוש,לא,
39,קובץ שיטות קמאי על תמורה,כן,תמורה,ב.,פירוש,לא,
41,קובץ שיטות קמאי על תמורה,כן,תמורה,ב.,פירוש,לא,
43,קובץ שיטות קמאי על תמורה,כן,תמורה,ב.,פירוש,לא,
45,קובץ שיטות קמאי על תמורה,כן,תמורה,ב.,פירוש,לא,
47,קובץ שיטות קמאי על תמורה,כן,תמורה,ב.,פירוש,לא,
49,קובץ שיטות קמאי על תמורה,כן,תמורה,ב.,פירוש,לא,
51,קובץ שיטות קמאי על תמורה,כן,תמורה,ב.,פירוש,לא,
53,קובץ שיטות קמאי על תמורה,כן,תמורה,ב.,פירוש,לא,
55,קובץ שיטות קמאי על תמורה,כן,תמורה,ב.,פירוש,לא,
57,קובץ שיטות קמאי על תמורה,כן,תמורה,ב.,פירוש,לא,
59,קובץ שיטות קמאי על תמורה,כן,תמורה,ב.,פירוש,לא,
61,קובץ שיטות קמאי על תמורה,כן,תמורה,ב.,פירוש,לא,
63,קובץ שיטות קמאי על תמורה,כן,תמורה,ב.,פירוש,לא,
66,קובץ שיטות קמאי על תמורה,כן,תמורה,ב:,פירוש,לא,
68,קובץ שיטות קמאי על תמורה,כן,תמורה,ב:,פירוש,לא,
70,קובץ שיטות קמאי על תמורה,כן,תמורה,ב:,פירוש,לא,
72,קובץ שיטות קמאי על תמורה,כן,תמורה,ב:,פירוש,לא,
74,קובץ שיטות קמאי על תמורה,כן,תמורה,ב:,פירוש,לא,
76,קובץ שיטות קמאי על תמורה,כן,תמורה,ב:,פירוש,לא,
77,קובץ שיטות קמאי על תמורה,כן,תמורה,ב:,פירוש,לא,
79,קובץ שיטות קמאי על תמורה,כן,תמורה,ב:,פירוש,לא,
81,קובץ שיטות קמאי על תמורה,כן,תמורה,ב:,פירוש,לא,
83,קובץ שיטות קמאי על תמורה,כן,תמורה,ב:,פירוש,לא,
85,קובץ שיטות קמאי על תמורה,כן,תמורה,ב:,פירוש,לא,
87,קובץ שיטות קמאי על תמורה,כן,תמורה,ב:,פירוש,לא,
89,קובץ שיטות קמאי על תמורה,כן,תמורה,ב:,פירוש,לא,
91,קובץ שיטות קמאי על תמורה,כן,תמורה,ב:,פירוש,לא,
93,קובץ שיטות קמאי על תמורה,כן,תמורה,ב:,פירוש,לא,
95,קובץ שיטות קמאי על תמורה,כן,תמורה,ב:,פירוש,לא,
97,קובץ שיטות קמאי על תמורה,כן,תמורה,ב:,פירוש,לא,
99,קובץ שיטות קמאי על תמורה,כן,תמורה,ב:,פירוש,לא,
101,קובץ שיטות קמאי על תמורה,כן,תמורה,ב:,פירוש,לא,
103,קובץ שיטות קמאי על תמורה,כן,תמורה,ב:,פירוש,לא,
105,קובץ שיטות קמאי על תמורה,כן,תמורה,ב:,פירוש,לא,
107,קובץ שיטות קמאי על תמורה,כן,תמורה,ב:,פירוש,לא,
109,קובץ שיטות קמאי על תמורה,כן,תמורה,ב:,פירוש,לא,
111,קובץ שיטות קמאי על תמורה,כן,תמורה,ב:,פירוש,לא,
112,קובץ שיטות קמאי על תמורה,כן,תמורה,ב:,פירוש,לא,
113,קובץ שיטות קמאי על תמורה,כן,תמורה,ב:,פירוש,לא,
114,קובץ שיטות קמאי על תמורה,כן,תמורה,ב:,פירוש,לא,
115,קובץ שיטות קמאי על תמורה,כן,תמורה,ב:,פירוש,לא,
117,קובץ שיטות קמאי על תמורה,כן,תמורה,ב:,פירוש,לא,
119,קובץ שיטות קמאי על תמורה,כן,תמורה,ב:,פירוש,לא,
120,קובץ שיטות קמאי על תמורה,כן,תמורה,ב:,פירוש,לא,
121,קובץ שיטות קמאי על תמורה,כן,תמורה,ב:,פירוש,לא,
123,קובץ שיטות קמאי על תמורה,כן,תמורה,ב:,פירוש,לא,
125,קובץ שיטות קמאי על תמורה,כן,תמורה,ב:,פירוש,לא,
127,קובץ שיטות קמאי על תמורה,כן,תמורה,ב:,פירוש,לא,
129,קובץ שיטות קמאי על תמורה,כן,תמורה,ב:,פירוש,לא,
131,קובץ שיטות קמאי על תמורה,כן,תמורה,ב:,פירוש,לא,
133,קובץ שיטות קמאי על תמורה,כן,תמורה,ב:,פירוש,לא,
135,קובץ שיטות קמאי על תמורה,כן,תמורה,ב:,פירוש,לא,
137,קובץ שיטות קמאי על תמורה,כן,תמורה,ב:,פירוש,לא,
139,קובץ שיטות קמאי על תמורה,כן,תמורה,ב:,פירוש,לא,
141,קובץ שיטות קמאי על תמורה,כן,תמורה,ב:,פירוש,לא,
143,קובץ שיטות קמאי על תמורה,כן,תמורה,ב:,פירוש,לא,
145,קובץ שיטות קמאי על תמורה,כן,תמורה,ב:,פירוש,לא,
147,קובץ שיטות קמאי על תמורה,כן,תמורה,ב:,פירוש,לא,
149,קובץ שיטות קמאי על תמורה,כן,תמורה,ב:,פירוש,לא,
151,קובץ שיטות קמאי על תמורה,כן,תמורה,ב:,פירוש,לא,
153,קובץ שיטות קמאי על תמורה,כן,תמורה,ב:,פירוש,לא,
155,קובץ שיטות קמאי על תמורה,כן,תמורה,ב:,פירוש,לא,
157,קובץ שיטות קמאי על תמורה,כן,תמורה,ב:,פירוש,לא,
160,קובץ שיטות קמאי על תמורה,כן,תמורה,ג.,פירוש,לא,
162,קובץ שיטות קמאי על תמורה,כן,תמורה,ג.,פירוש,לא,
164,קובץ שיטות קמאי על תמורה,כן,תמורה,ג.,פירוש,לא,
166,קובץ שיטות קמאי על תמורה,כן,תמורה,ג.,פירוש,לא,
168,קובץ שיטות קמאי על תמורה,כן,תמורה,ג.,פירוש,לא,
170,קובץ שיטות קמאי על תמורה,כן,תמורה,ג.,פירוש,לא,
172,קובץ שיטות קמאי על תמורה,כן,תמורה,ג.,פירוש,לא,
174,קובץ שיטות קמאי על תמורה,כן,תמורה,ג.,פירוש,לא,
176,קובץ שיטות קמאי על תמורה,כן,תמורה,ג.,פירוש,לא,
178,קובץ שיטות קמאי על תמורה,כן,תמורה,ג.,פירוש,לא,
180,קובץ שיטות קמאי על תמורה,כן,תמורה,ג.,פירוש,לא,
182,קובץ שיטות קמאי על תמורה,כן,תמורה,ג.,פירוש,לא,
184,קובץ שיטות קמאי על תמורה,כן,תמורה,ג.,פירוש,לא,
186,קובץ שיטות קמאי על תמורה,כן,תמורה,ג.,פירוש,לא,
188,קובץ שיטות קמאי על תמורה,כן,תמורה,ג.,פירוש,לא,
190,קובץ שיטות קמאי על תמורה,כן,תמורה,ג.,פירוש,לא,
192,קובץ שיטות קמאי על תמורה,כן,תמורה,ג.,פירוש,לא,
194,קובץ שיטות קמאי על תמורה,כן,תמורה,ג.,פירוש,לא,
196,קובץ שיטות קמאי על תמורה,כן,תמורה,ג.,פירוש,לא,
198,קובץ שיטות קמאי על תמורה,כן,תמורה,ג.,פירוש,לא,
200,קובץ שיטות קמאי על תמורה,כן,תמורה,ג.,פירוש,לא,
202,קובץ שיטות קמאי על תמורה,כן,תמורה,ג.,פירוש,לא,
204,קובץ שיטות קמאי על תמורה,כן,תמורה,ג.,פירוש,לא,
206,קובץ שיטות קמאי על תמורה,כן,תמורה,ג.,פירוש,לא,
208,קובץ שיטות קמאי על תמורה,כן,תמורה,ג.,פירוש,לא,
210,קובץ שיטות קמאי על תמורה,כן,תמורה,ג.,פירוש,לא,
212,קובץ שיטות קמאי על תמורה,כן,תמורה,ג.,פירוש,לא,
214,קובץ שיטות קמאי על תמורה,כן,תמורה,ג.,פירוש,לא,
216,קובץ שיטות קמאי על תמורה,כן,תמורה,ג.,פירוש,לא,
218,קובץ שיטות קמאי על תמורה,כן,תמורה,ג.,פירוש,לא,
220,קובץ שיטות קמאי על תמורה,כן,תמורה,ג.,פירוש,לא,
222,קובץ שיטות קמאי על תמורה,כן,תמורה,ג.,פירוש,לא,
223,קובץ שיטות קמאי על תמורה,כן,תמורה,ג.,פירוש,לא,
225,קובץ שיטות קמאי על תמורה,כן,תמורה,ג.,פירוש,לא,
227,קובץ שיטות קמאי על תמורה,כן,תמורה,ג.,פירוש,לא,
229,קובץ שיטות קמאי על תמורה,כן,תמורה,ג.,פירוש,לא,
231,קובץ שיטות קמאי על תמורה,כן,תמורה,ג.,פירוש,לא,
233,קובץ שיטות קמאי על תמורה,כן,תמורה,ג.,פירוש,לא,
235,קובץ שיטות קמאי על תמורה,כן,תמורה,ג.,פירוש,לא,
237,קובץ שיטות קמאי על תמורה,כן,תמורה,ג.,פירוש,לא,
239,קובץ שיטות קמאי על תמורה,כן,תמורה,ג.,פירוש,לא,
241,קובץ שיטות קמאי על תמורה,כן,תמורה,ג.,פירוש,לא,
243,קובץ שיטות קמאי על תמורה,כן,תמורה,ג.,פירוש,לא,
245,קובץ שיטות קמאי על תמורה,כן,תמורה,ג.,פירוש,לא,
247,קובץ שיטות קמאי על תמורה,כן,תמורה,ג.,פירוש,לא,
249,קובץ שיטות קמאי על תמורה,כן,תמורה,ג.,פירוש,לא,
251,קובץ שיטות קמאי על תמורה,כן,תמורה,ג.,פירוש,לא,
253,קובץ שיטות קמאי על תמורה,כן,תמורה,ג.,פירוש,לא,
255,קובץ שיטות קמאי על תמורה,כן,תמורה,ג.,פירוש,לא,
257,קובץ שיטות קמאי על תמורה,כן,תמורה,ג.,פירוש,לא,
259,קובץ שיטות קמאי על תמורה,כן,תמורה,ג.,פירוש,לא,
261,קובץ שיטות קמאי על תמורה,כן,תמורה,ג.,פירוש,לא,
263,קובץ שיטות קמאי על תמורה,כן,תמורה,ג.,פירוש,לא,
265,קובץ שיטות קמאי על תמורה,כן,תמורה,ג.,פירוש,לא,
267,קובץ שיטות קמאי על תמורה,כן,תמורה,ג.,פירוש,לא,
269,קובץ שיטות קמאי על תמורה,כן,תמורה,ג.,פירוש,לא,
271,קובץ שיטות קמאי על תמורה,כן,תמורה,ג.,פירוש,לא,
274,קובץ שיטות קמאי על תמורה,כן,תמורה,ג:,פירוש,לא,
276,קובץ שיטות קמאי על תמורה,כן,תמורה,ג:,פירוש,לא,
278,קובץ שיטות קמאי על תמורה,כן,תמורה,ג:,פירוש,לא,
280,קובץ שיטות קמאי על תמורה,כן,תמורה,ג:,פירוש,לא,
282,קובץ שיטות קמאי על תמורה,כן,תמורה,ג:,פירוש,לא,
284,קובץ שיטות קמאי על תמורה,כן,תמורה,ג:,פירוש,לא,
286,קובץ שיטות קמאי על תמורה,כן,תמורה,ג:,פירוש,לא,
288,קובץ שיטות קמאי על תמורה,כן,תמורה,ג:,פירוש,לא,
290,קובץ שיטות קמאי על תמורה,כן,תמורה,ג:,פירוש,לא,
292,קובץ שיטות קמאי על תמורה,כן,תמורה,ג:,פירוש,לא,
294,קובץ שיטות קמאי על תמורה,כן,תמורה,ג:,פירוש,לא,
295,קובץ שיטות קמאי על תמורה,כן,תמורה,ג:,פירוש,לא,
296,קובץ שיטות קמאי על תמורה,כן,תמורה,ג:,פירוש,לא,
297,קובץ שיטות קמאי על תמורה,כן,תמורה,ג:,פירוש,לא,
299,קובץ שיטות קמאי על תמורה,כן,תמורה,ג:,פירוש,לא,
301,קובץ שיטות קמאי על תמורה,כן,תמורה,ג:,פירוש,לא,
303,קובץ שיטות קמאי על תמורה,כן,תמורה,ג:,פירוש,לא,
305,קובץ שיטות קמאי על תמורה,כן,תמורה,ג:,פירוש,לא,
307,קובץ שיטות קמאי על תמורה,כן,תמורה,ג:,פירוש,לא,
309,קובץ שיטות קמאי על תמורה,כן,תמורה,ג:,פירוש,לא,
311,קובץ שיטות קמאי על תמורה,כן,תמורה,ג:,פירוש,לא,
313,קובץ שיטות קמאי על תמורה,כן,תמורה,ג:,פירוש,לא,
315,קובץ שיטות קמאי על תמורה,כן,תמורה,ג:,פירוש,לא,
317,קובץ שיטות קמאי על תמורה,כן,תמורה,ג:,פירוש,לא,
319,קובץ שיטות קמאי על תמורה,כן,תמורה,ג:,פירוש,לא,
321,קובץ שיטות קמאי על תמורה,כן,תמורה,ג:,פירוש,לא,
323,קובץ שיטות קמאי על תמורה,כן,תמורה,ג:,פירוש,לא,
325,קובץ שיטות קמאי על תמורה,כן,תמורה,ג:,פירוש,לא,
327,קובץ שיטות קמאי על תמורה,כן,תמורה,ג:,פירוש,לא,
329,קובץ שיטות קמאי על תמורה,כן,תמורה,ג:,פירוש,לא,
330,קובץ שיטות קמאי על תמורה,כן,תמורה,ג:,פירוש,לא,
332,קובץ שיטות קמאי על תמורה,כן,תמורה,ג:,פירוש,לא,
333,קובץ שיטות קמאי על תמורה,כן,תמורה,ג:,פירוש,לא,
334,קובץ שיטות קמאי על תמורה,כן,תמורה,ג:,פירוש,לא,
335,קובץ שיטות קמאי על תמורה,כן,תמורה,ג:,פירוש,לא,
337,קובץ שיטות קמאי על תמורה,כן,תמורה,ג:,פירוש,לא,
339,קובץ שיטות קמאי על תמורה,כן,תמורה,ג:,פירוש,לא,
340,קובץ שיטות קמאי על תמורה,כן,תמורה,ג:,פירוש,לא,
341,קובץ שיטות קמאי על תמורה,כן,תמורה,ג:,פירוש,לא,
343,קובץ שיטות קמאי על תמורה,כן,תמורה,ג:,פירוש,לא,
345,קובץ שיטות קמאי על תמורה,כן,תמורה,ג:,פירוש,לא,
347,קובץ שיטות קמאי על תמורה,כן,תמורה,ג:,פירוש,לא,
349,קובץ שיטות קמאי על תמורה,כן,תמורה,ג:,פירוש,לא,
351,קובץ שיטות קמאי על תמורה,כן,תמורה,ג:,פירוש,לא,
353,קובץ שיטות קמאי על תמורה,כן,תמורה,ג:,פירוש,לא,
355,קובץ שיטות קמאי על תמורה,כן,תמורה,ג:,פירוש,לא,
357,קובץ שיטות קמאי על תמורה,כן,תמורה,ג:,פירוש,לא,
359,קובץ שיטות קמאי על תמורה,כן,תמורה,ג:,פירוש,לא,
361,קובץ שיטות קמאי על תמורה,כן,תמורה,ג:,פירוש,לא,
363,קובץ שיטות קמאי על תמורה,כן,תמורה,ג:,פירוש,לא,
365,קובץ שיטות קמאי על תמורה,כן,תמורה,ג:,פירוש,לא,
367,קובץ שיטות קמאי על תמורה,כן,תמורה,ג:,פירוש,לא,
368,קובץ שיטות קמאי על תמורה,כן,תמורה,ג:,פירוש,לא,
369,קובץ שיטות קמאי על תמורה,כן,תמורה,ג:,פירוש,לא,
371,קובץ שיטות קמאי על תמורה,כן,תמורה,ג:,פירוש,לא,
373,קובץ שיטות קמאי על תמורה,כן,תמורה,ג:,פירוש,לא,
375,קובץ שיטות קמאי על תמורה,כן,תמורה,ג:,פירוש,לא,
377,קובץ שיטות קמאי על תמורה,כן,תמורה,ג:,פירוש,לא,
379,קובץ שיטות קמאי על תמורה,כן,תמורה,ג:,פירוש,לא,
381,קובץ שיטות קמאי על תמורה,כן,תמורה,ג:,פירוש,לא,
383,קובץ שיטות קמאי על תמורה,כן,תמורה,ג:,פירוש,לא,
385,קובץ שיטות קמאי על תמורה,כן,תמורה,ג:,פירוש,לא,
387,קובץ שיטות קמאי על תמורה,כן,תמורה,ג:,פירוש,לא,
389,קובץ שיטות קמאי על תמורה,כן,תמורה,ג:,פירוש,לא,
391,קובץ שיטות קמאי על תמורה,כן,תמורה,ג:,פירוש,לא,
393,קובץ שיטות קמאי על תמורה,כן,תמורה,ג:,פירוש,לא,
395,קובץ שיטות קמאי על תמורה,כן,תמורה,ג:,פירוש,לא,
397,קובץ שיטות קמאי על תמורה,כן,תמורה,ג:,פירוש,לא,
399,קובץ שיטות קמאי על תמורה,כן,תמורה,ג:,פירוש,לא,
401,קובץ שיטות קמאי על תמורה,כן,תמורה,ג:,פירוש,לא,
403,קובץ שיטות קמאי על תמורה,כן,תמורה,ג:,פירוש,לא,
405,קובץ שיטות קמאי על תמורה,כן,תמורה,ג:,פירוש,לא,
407,קובץ שיטות קמאי על תמורה,כן,תמורה,ג:,פירוש,לא,
409,קובץ שיטות קמאי על תמורה,כן,תמורה,ג:,פירוש,לא,
411,קובץ שיטות קמאי על תמורה,כן,תמורה,ג:,פירוש,לא,
412,קובץ שיטות קמאי על תמורה,כן,תמורה,ג:,פירוש,לא,
413,קובץ שיטות קמאי על תמורה,כן,תמורה,ג:,פירוש,לא,
414,קובץ שיטות קמאי על תמורה,כן,תמורה,ג:,פירוש,לא,
415,קובץ שיטות קמאי על תמורה,כן,תמורה,ג:,פירוש,לא,
416,קובץ שיטות קמאי על תמורה,כן,תמורה,ג:,פירוש,לא,
418,קובץ שיטות קמאי על תמורה,כן,תמורה,ג:,פירוש,לא,
420,קובץ שיטות קמאי על תמורה,כן,תמורה,ג:,פירוש,לא,
422,קובץ שיטות קמאי על תמורה,כן,תמורה,ג:,פירוש,לא,
424,קובץ שיטות קמאי על תמורה,כן,תמורה,ג:,פירוש,לא,
426,קובץ שיטות קמאי על תמורה,כן,תמורה,ג:,פירוש,לא,
428,קובץ שיטות קמאי על תמורה,כן,תמורה,ג:,פירוש,לא,
430,קובץ שיטות קמאי על תמורה,כן,תמורה,ג:,פירוש,לא,
432,קובץ שיטות קמאי על תמורה,כן,תמורה,ג:,פירוש,לא,
434,קובץ שיטות קמאי על תמורה,כן,תמורה,ג:,פירוש,לא,
436,קובץ שיטות קמאי על תמורה,כן,תמורה,ג:,פירוש,לא,
438,קובץ שיטות קמאי על תמורה,כן,תמורה,ג:,פירוש,לא,
440,קובץ שיטות קמאי על תמורה,כן,תמורה,ג:,פירוש,לא,
442,קובץ שיטות קמאי על תמורה,כן,תמורה,ג:,פירוש,לא,
444,קובץ שיטות קמאי על תמורה,כן,תמורה,ג:,פירוש,לא,
446,קובץ שיטות קמאי על תמורה,כן,תמורה,ג:,פירוש,לא,
449,קובץ שיטות קמאי על תמורה,כן,תמורה,ד.,פירוש,לא,
451,קובץ שיטות קמאי על תמורה,כן,תמורה,ד.,פירוש,לא,
453,קובץ שיטות קמאי על תמורה,כן,תמורה,ד.,פירוש,לא,
455,קובץ שיטות קמאי על תמורה,כן,תמורה,ד.,פירוש,לא,
457,קובץ שיטות קמאי על תמורה,כן,תמורה,ד.,פירוש,לא,
459,קובץ שיטות קמאי על תמורה,כן,תמורה,ד.,פירוש,לא,
461,קובץ שיטות קמאי על תמורה,כן,תמורה,ד.,פירוש,לא,
462,קובץ שיטות קמאי על תמורה,כן,תמורה,ד.,פירוש,לא,
464,קובץ שיטות קמאי על תמורה,כן,תמורה,ד.,פירוש,לא,
466,קובץ שיטות קמאי על תמורה,כן,תמורה,ד.,פירוש,לא,
468,קובץ שיטות קמאי על תמורה,כן,תמורה,ד.,פירוש,לא,
470,קובץ שיטות קמאי על תמורה,כן,תמורה,ד.,פירוש,לא,
472,קובץ שיטות קמאי על תמורה,כן,תמורה,ד.,פירוש,לא,
474,קובץ שיטות קמאי על תמורה,כן,תמורה,ד.,פירוש,לא,
476,קובץ שיטות קמאי על תמורה,כן,תמורה,ד.,פירוש,לא,
478,קובץ שיטות קמאי על תמורה,כן,תמורה,ד.,פירוש,לא,
480,קובץ שיטות קמאי על תמורה,כן,תמורה,ד.,פירוש,לא,
482,קובץ שיטות קמאי על תמורה,כן,תמורה,ד.,פירוש,לא,
484,קובץ שיטות קמאי על תמורה,כן,תמורה,ד.,פירוש,לא,
486,קובץ שיטות קמאי על תמורה,כן,תמורה,ד.,פירוש,לא,
487,קובץ שיטות קמאי על תמורה,כן,תמורה,ד.,פירוש,לא,
488,קובץ שיטות קמאי על תמורה,כן,תמורה,ד.,פירוש,לא,
490,קובץ שיטות קמאי על תמורה,כן,תמורה,ד.,פירוש,לא,
492,קובץ שיטות קמאי על תמורה,כן,תמורה,ד.,פירוש,לא,
494,קובץ שיטות קמאי על תמורה,כן,תמורה,ד.,פירוש,לא,
496,קובץ שיטות קמאי על תמורה,כן,תמורה,ד.,פירוש,לא,
498,קובץ שיטות קמאי על תמורה,כן,תמורה,ד.,פירוש,לא,
500,קובץ שיטות קמאי על תמורה,כן,תמורה,ד.,פירוש,לא,
502,קובץ שיטות קמאי על תמורה,כן,תמורה,ד.,פירוש,לא,
504,קובץ שיטות קמאי על תמורה,כן,תמורה,ד.,פירוש,לא,
505,קובץ שיטות קמאי על תמורה,כן,תמורה,ד.,פירוש,לא,
507,קובץ שיטות קמאי על תמורה,כן,תמורה,ד.,פירוש,לא,
509,קובץ שיטות קמאי על תמורה,כן,תמורה,ד.,פירוש,לא,
511,קובץ שיטות קמאי על תמורה,כן,תמורה,ד.,פירוש,לא,
513,קובץ שיטות קמאי על תמורה,כן,תמורה,ד.,פירוש,לא,
515,קובץ שיטות קמאי על תמורה,כן,תמורה,ד.,פירוש,לא,
517,קובץ שיטות קמאי על תמורה,כן,תמורה,ד.,פירוש,לא,
519,קובץ שיטות קמאי על תמורה,כן,תמורה,ד.,פירוש,לא,
521,קובץ שיטות קמאי על תמורה,כן,תמורה,ד.,פירוש,לא,
523,קובץ שיטות קמאי על תמורה,כן,תמורה,ד.,פירוש,לא,
525,קובץ שיטות קמאי על תמורה,כן,תמורה,ד.,פירוש,לא,
527,קובץ שיטות קמאי על תמורה,כן,תמורה,ד.,פירוש,לא,
530,קובץ שיטות קמאי על תמורה,כן,תמורה,ד:,פירוש,לא,
532,קובץ שיטות קמאי על תמורה,כן,תמורה,ד:,פירוש,לא,
534,קובץ שיטות קמאי על תמורה,כן,תמורה,ד:,פירוש,לא,
536,קובץ שיטות קמאי על תמורה,כן,תמורה,ד:,פירוש,לא,
538,קובץ שיטות קמאי על תמורה,כן,תמורה,ד:,פירוש,לא,
539,קובץ שיטות קמאי על תמורה,כן,תמורה,ד:,פירוש,לא,
540,קובץ שיטות קמאי על תמורה,כן,תמורה,ד:,פירוש,לא,
541,קובץ שיטות קמאי על תמורה,כן,תמורה,ד:,פירוש,לא,
542,קובץ שיטות קמאי על תמורה,כן,תמורה,ד:,פירוש,לא,
543,קובץ שיטות קמאי על תמורה,כן,תמורה,ד:,פירוש,לא,
545,קובץ שיטות קמאי על תמורה,כן,תמורה,ד:,פירוש,לא,
547,קובץ שיטות קמאי על תמורה,כן,תמורה,ד:,פירוש,לא,
548,קובץ שיטות קמאי על תמורה,כן,תמורה,ד:,פירוש,לא,
550,קובץ שיטות קמאי על תמורה,כן,תמורה,ד:,פירוש,לא,
552,קובץ שיטות קמאי על תמורה,כן,תמורה,ד:,פירוש,לא,
554,קובץ שיטות קמאי על תמורה,כן,תמורה,ד:,פירוש,לא,
556,קובץ שיטות קמאי על תמורה,כן,תמורה,ד:,פירוש,לא,
558,קובץ שיטות קמאי על תמורה,כן,תמורה,ד:,פירוש,לא,
560,קובץ שיטות קמאי על תמורה,כן,תמורה,ד:,פירוש,לא,
562,קובץ שיטות קמאי על תמורה,כן,תמורה,ד:,פירוש,לא,
564,קובץ שיטות קמאי על תמורה,כן,תמורה,ד:,פירוש,לא,
566,קובץ שיטות קמאי על תמורה,כן,תמורה,ד:,פירוש,לא,
568,קובץ שיטות קמאי על תמורה,כן,תמורה,ד:,פירוש,לא,
570,קובץ שיטות קמאי על תמורה,כן,תמורה,ד:,פירוש,לא,
572,קובץ שיטות קמאי על תמורה,כן,תמורה,ד:,פירוש,לא,
574,קובץ שיטות קמאי על תמורה,כן,תמורה,ד:,פירוש,לא,
576,קובץ שיטות קמאי על תמורה,כן,תמורה,ד:,פירוש,לא,
578,קובץ שיטות קמאי על תמורה,כן,תמורה,ד:,פירוש,לא,
580,קובץ שיטות קמאי על תמורה,כן,תמורה,ד:,פירוש,לא,
582,קובץ שיטות קמאי על תמורה,כן,תמורה,ד:,פירוש,לא,
584,קובץ שיטות קמאי על תמורה,כן,תמורה,ד:,פירוש,לא,
586,קובץ שיטות קמאי על תמורה,כן,תמורה,ד:,פירוש,לא,
588,קובץ שיטות קמאי על תמורה,כן,תמורה,ד:,פירוש,לא,
590,קובץ שיטות קמאי על תמורה,כן,תמורה,ד:,פירוש,לא,
592,קובץ שיטות קמאי על תמורה,כן,תמורה,ד:,פירוש,לא,
594,קובץ שיטות קמאי על תמורה,כן,תמורה,ד:,פירוש,לא,
596,קובץ שיטות קמאי על תמורה,כן,תמורה,ד:,פירוש,לא,
598,קובץ שיטות קמאי על תמורה,כן,תמורה,ד:,פירוש,לא,
600,קובץ שיטות קמאי על תמורה,כן,תמורה,ד:,פירוש,לא,
602,קובץ שיטות קמאי על תמורה,כן,תמורה,ד:,פירוש,לא,
604,קובץ שיטות קמאי על תמורה,כן,תמורה,ד:,פירוש,לא,
606,קובץ שיטות קמאי על תמורה,כן,תמורה,ד:,פירוש,לא,
608,קובץ שיטות קמאי על תמורה,כן,תמורה,ד:,פירוש,לא,
610,קובץ שיטות קמאי על תמורה,כן,תמורה,ד:,פירוש,לא,
612,קובץ שיטות קמאי על תמורה,כן,תמורה,ד:,פירוש,לא,
614,קובץ שיטות קמאי על תמורה,כן,תמורה,ד:,פירוש,לא,
616,קובץ שיטות קמאי על תמורה,כן,תמורה,ד:,פירוש,לא,
618,קובץ שיטות קמאי על תמורה,כן,תמורה,ד:,פירוש,לא,
620,קובץ שיטות קמאי על תמורה,כן,תמורה,ד:,פירוש,לא,
622,קובץ שיטות קמאי על תמורה,כן,תמורה,ד:,פירוש,לא,
624,קובץ שיטות קמאי על תמורה,כן,תמורה,ד:,פירוש,לא,
626,קובץ שיטות קמאי על תמורה,כן,תמורה,ד:,פירוש,לא,
628,קובץ שיטות קמאי על תמורה,כן,תמורה,ד:,פירוש,לא,
630,קובץ שיטות קמאי על תמורה,כן,תמורה,ד:,פירוש,לא,
631,קובץ שיטות קמאי על תמורה,כן,תמורה,ד:,פירוש,לא,
633,קובץ שיטות קמאי על תמורה,כן,תמורה,ד:,פירוש,לא,
635,קובץ שיטות קמאי על תמורה,כן,תמורה,ד:,פירוש,לא,
637,קובץ שיטות קמאי על תמורה,כן,תמורה,ד:,פירוש,לא,
639,קובץ שיטות קמאי על תמורה,כן,תמורה,ד:,פירוש,לא,
641,קובץ שיטות קמאי על תמורה,כן,תמורה,ד:,פירוש,לא,
643,קובץ שיטות קמאי על תמורה,כן,תמורה,ד:,פירוש,לא,
645,קובץ שיטות קמאי על תמורה,כן,תמורה,ד:,פירוש,לא,
647,קובץ שיטות קמאי על תמורה,כן,תמורה,ד:,פירוש,לא,
649,קובץ שיטות קמאי על תמורה,כן,תמורה,ד:,פירוש,לא,
651,קובץ שיטות קמאי על תמורה,כן,תמורה,ד:,פירוש,לא,
652,קובץ שיטות קמאי על תמורה,כן,תמורה,ד:,פירוש,לא,
654,קובץ שיטות קמאי על תמורה,כן,תמורה,ד:,פירוש,לא,
655,קובץ שיטות קמאי על תמורה,כן,תמורה,ד:,פירוש,לא,
656,קובץ שיטות קמאי על תמורה,כן,תמורה,ד:,פירוש,לא,
658,קובץ שיטות קמאי על תמורה,כן,תמורה,ד:,פירוש,לא,
660,קובץ שיטות קמאי על תמורה,כן,תמורה,ד:,פירוש,לא,
662,קובץ שיטות קמאי על תמורה,כן,תמורה,ד:,פירוש,לא,
664,קובץ שיטות קמאי על תמורה,כן,תמורה,ד:,פירוש,לא,
666,קובץ שיטות קמאי על תמורה,כן,תמורה,ד:,פירוש,לא,
669,קובץ שיטות קמאי על תמורה,כן,תמורה,ה.,פירוש,לא,
671,קובץ שיטות קמאי על תמורה,כן,תמורה,ה.,פירוש,לא,
673,קובץ שיטות קמאי על תמורה,כן,תמורה,ה.,פירוש,לא,
675,קובץ שיטות קמאי על תמורה,כן,תמורה,ה.,פירוש,לא,
677,קובץ שיטות קמאי על תמורה,כן,תמורה,ה.,פירוש,לא,
679,קובץ שיטות קמאי על תמורה,כן,תמורה,ה.,פירוש,לא,
681,קובץ שיטות קמאי על תמורה,כן,תמורה,ה.,פירוש,לא,
683,קובץ שיטות קמאי על תמורה,כן,תמורה,ה.,פירוש,לא,
685,קובץ שיטות קמאי על תמורה,כן,תמורה,ה.,פירוש,לא,
687,קובץ שיטות קמאי על תמורה,כן,תמורה,ה.,פירוש,לא,
689,קובץ שיטות קמאי על תמורה,כן,תמורה,ה.,פירוש,לא,
691,קובץ שיטות קמאי על תמורה,כן,תמורה,ה.,פירוש,לא,
693,קובץ שיטות קמאי על תמורה,כן,תמורה,ה.,פירוש,לא,
695,קובץ שיטות קמאי על תמורה,כן,תמורה,ה.,פירוש,לא,
697,קובץ שיטות קמאי על תמורה,כן,תמורה,ה.,פירוש,לא,
699,קובץ שיטות קמאי על תמורה,כן,תמורה,ה.,פירוש,לא,
701,קובץ שיטות קמאי על תמורה,כן,תמורה,ה.,פירוש,לא,
703,קובץ שיטות קמאי על תמורה,כן,תמורה,ה.,פירוש,לא,
705,קובץ שיטות קמאי על תמורה,כן,תמורה,ה.,פירוש,לא,
707,קובץ שיטות קמאי על תמורה,כן,תמורה,ה.,פירוש,לא,
709,קובץ שיטות קמאי על תמורה,כן,תמורה,ה.,פירוש,לא,
711,קובץ שיטות קמאי על תמורה,כן,תמורה,ה.,פירוש,לא,
713,קובץ שיטות קמאי על תמורה,כן,תמורה,ה.,פירוש,לא,
715,קובץ שיטות קמאי על תמורה,כן,תמורה,ה.,פירוש,לא,
717,קובץ שיטות קמאי על תמורה,כן,תמורה,ה.,פירוש,לא,
720,קובץ שיטות קמאי על תמורה,כן,תמורה,ה:,פירוש,לא,
722,קובץ שיטות קמאי על תמורה,כן,תמורה,ה:,פירוש,לא,
724,קובץ שיטות קמאי על תמורה,כן,תמורה,ה:,פירוש,לא,
726,קובץ שיטות קמאי על תמורה,כן,תמורה,ה:,פירוש,לא,
728,קובץ שיטות קמאי על תמורה,כן,תמורה,ה:,פירוש,לא,
730,קובץ שיטות קמאי על תמורה,כן,תמורה,ה:,פירוש,לא,
732,קובץ שיטות קמאי על תמורה,כן,תמורה,ה:,פירוש,לא,
734,קובץ שיטות קמאי על תמורה,כן,תמורה,ה:,פירוש,לא,
736,קובץ שיטות קמאי על תמורה,כן,תמורה,ה:,פירוש,לא,
738,קובץ שיטות קמאי על תמורה,כן,תמורה,ה:,פירוש,לא,
740,קובץ שיטות קמאי על תמורה,כן,תמורה,ה:,פירוש,לא,
742,קובץ שיטות קמאי על תמורה,כן,תמורה,ה:,פירוש,לא,
744,קובץ שיטות קמאי על תמורה,כן,תמורה,ה:,פירוש,לא,
746,קובץ שיטות קמאי על תמורה,כן,תמורה,ה:,פירוש,לא,
748,קובץ שיטות קמאי על תמורה,כן,תמורה,ה:,פירוש,לא,
750,קובץ שיטות קמאי על תמורה,כן,תמורה,ה:,פירוש,לא,
752,קובץ שיטות קמאי על תמורה,כן,תמורה,ה:,פירוש,לא,
754,קובץ שיטות קמאי על תמורה,כן,תמורה,ה:,פירוש,לא,
756,קובץ שיטות קמאי על תמורה,כן,תמורה,ה:,פירוש,לא,
758,קובץ שיטות קמאי על תמורה,כן,תמורה,ה:,פירוש,לא,
760,קובץ שיטות קמאי על תמורה,כן,תמורה,ה:,פירוש,לא,
761,קובץ שיטות קמאי על תמורה,כן,תמורה,ה:,פירוש,לא,
763,קובץ שיטות קמאי על תמורה,כן,תמורה,ה:,פירוש,לא,
765,קובץ שיטות קמאי על תמורה,כן,תמורה,ה:,פירוש,לא,
766,קובץ שיטות קמאי על תמורה,כן,תמורה,ה:,פירוש,לא,
768,קובץ שיטות קמאי על תמורה,כן,תמורה,ה:,פירוש,לא,
770,קובץ שיטות קמאי על תמורה,כן,תמורה,ה:,פירוש,לא,
772,קובץ שיטות קמאי על תמורה,כן,תמורה,ה:,פירוש,לא,
774,קובץ שיטות קמאי על תמורה,כן,תמורה,ה:,פירוש,לא,
776,קובץ שיטות קמאי על תמורה,כן,תמורה,ה:,פירוש,לא,
778,קובץ שיטות קמאי על תמורה,כן,תמורה,ה:,פירוש,לא,
780,קובץ שיטות קמאי על תמורה,כן,תמורה,ה:,פירוש,לא,
782,קובץ שיטות קמאי על תמורה,כן,תמורה,ה:,פירוש,לא,
784,קובץ שיטות קמאי על תמורה,כן,תמורה,ה:,פירוש,לא,
786,קובץ שיטות קמאי על תמורה,כן,תמורה,ה:,פירוש,לא,
788,קובץ שיטות קמאי על תמורה,כן,תמורה,ה:,פירוש,לא,
790,קובץ שיטות קמאי על תמורה,כן,תמורה,ה:,פירוש,לא,
792,קובץ שיטות קמאי על תמורה,כן,תמורה,ה:,פירוש,לא,
794,קובץ שיטות קמאי על תמורה,כן,תמורה,ה:,פירוש,לא,
796,קובץ שיטות קמאי על תמורה,כן,תמורה,ה:,פירוש,לא,
798,קובץ שיטות קמאי על תמורה,כן,תמורה,ה:,פירוש,לא,
800,קובץ שיטות קמאי על תמורה,כן,תמורה,ה:,פירוש,לא,
802,קובץ שיטות קמאי על תמורה,כן,תמורה,ה:,פירוש,לא,
804,קובץ שיטות קמאי על תמורה,כן,תמורה,ה:,פירוש,לא,
806,קובץ שיטות קמאי על תמורה,כן,תמורה,ה:,פירוש,לא,
808,קובץ שיטות קמאי על תמורה,כן,תמורה,ה:,פירוש,לא,
810,קובץ שיטות קמאי על תמורה,כן,תמורה,ה:,פירוש,לא,
812,קובץ שיטות קמאי על תמורה,כן,תמורה,ה:,פירוש,לא,
814,קובץ שיטות קמאי על תמורה,כן,תמורה,ה:,פירוש,לא,
816,קובץ שיטות קמאי על תמורה,כן,תמורה,ה:,פירוש,לא,
818,קובץ שיטות קמאי על תמורה,כן,תמורה,ה:,פירוש,לא,
820,קובץ שיטות קמאי על תמורה,כן,תמורה,ה:,פירוש,לא,
822,קובץ שיטות קמאי על תמורה,כן,תמורה,ה:,פירוש,לא,
824,קובץ שיטות קמאי על תמורה,כן,תמורה,ה:,פירוש,לא,
826,קובץ שיטות קמאי על תמורה,כן,תמורה,ה:,פירוש,לא,
828,קובץ שיטות קמאי על תמורה,כן,תמורה,ה:,פירוש,לא,
831,קובץ שיטות קמאי על תמורה,כן,תמורה,ו.,פירוש,לא,
833,קובץ שיטות קמאי על תמורה,כן,תמורה,ו.,פירוש,לא,
835,קובץ שיטות קמאי על תמורה,כן,תמורה,ו.,פירוש,לא,
837,קובץ שיטות קמאי על תמורה,כן,תמורה,ו.,פירוש,לא,
839,קובץ שיטות קמאי על תמורה,כן,תמורה,ו.,פירוש,לא,
841,קובץ שיטות קמאי על תמורה,כן,תמורה,ו.,פירוש,לא,
843,קובץ שיטות קמאי על תמורה,כן,תמורה,ו.,פירוש,לא,
845,קובץ שיטות קמאי על תמורה,כן,תמורה,ו.,פירוש,לא,
847,קובץ שיטות קמאי על תמורה,כן,תמורה,ו.,פירוש,לא,
849,קובץ שיטות קמאי על תמורה,כן,תמורה,ו.,פירוש,לא,
851,קובץ שיטות קמאי על תמורה,כן,תמורה,ו.,פירוש,לא,
853,קובץ שיטות קמאי על תמורה,כן,תמורה,ו.,פירוש,לא,
855,קובץ שיטות קמאי על תמורה,כן,תמורה,ו.,פירוש,לא,
857,קובץ שיטות קמאי על תמורה,כן,תמורה,ו.,פירוש,לא,
859,קובץ שיטות קמאי על תמורה,כן,תמורה,ו.,פירוש,לא,
861,קובץ שיטות קמאי על תמורה,כן,תמורה,ו.,פירוש,לא,
863,קובץ שיטות קמאי על תמורה,כן,תמורה,ו.,פירוש,לא,
865,קובץ שיטות קמאי על תמורה,כן,תמורה,ו.,פירוש,לא,
867,קובץ שיטות קמאי על תמורה,כן,תמורה,ו.,פירוש,לא,
869,קובץ שיטות קמאי על תמורה,כן,תמורה,ו.,פירוש,לא,
871,קובץ שיטות קמאי על תמורה,כן,תמורה,ו.,פירוש,לא,
873,קובץ שיטות קמאי על תמורה,כן,תמורה,ו.,פירוש,לא,
875,קובץ שיטות קמאי על תמורה,כן,תמורה,ו.,פירוש,לא,
877,קובץ שיטות קמאי על תמורה,כן,תמורה,ו.,פירוש,לא,
879,קובץ שיטות קמאי על תמורה,כן,תמורה,ו.,פירוש,לא,
881,קובץ שיטות קמאי על תמורה,כן,תמורה,ו.,פירוש,לא,
883,קובץ שיטות קמאי על תמורה,כן,תמורה,ו.,פירוש,לא,
885,קובץ שיטות קמאי על תמורה,כן,תמורה,ו.,פירוש,לא,
887,קובץ שיטות קמאי על תמורה,כן,תמורה,ו.,פירוש,לא,
889,קובץ שיטות קמאי על תמורה,כן,תמורה,ו.,פירוש,לא,
891,קובץ שיטות קמאי על תמורה,כן,תמורה,ו.,פירוש,לא,
893,קובץ שיטות קמאי על תמורה,כן,תמורה,ו.,פירוש,לא,
895,קובץ שיטות קמאי על תמורה,כן,תמורה,ו.,פירוש,לא,
897,קובץ שיטות קמאי על תמורה,כן,תמורה,ו.,פירוש,לא,
899,קובץ שיטות קמאי על תמורה,כן,תמורה,ו.,פירוש,לא,
901,קובץ שיטות קמאי על תמורה,כן,תמורה,ו.,פירוש,לא,
903,קובץ שיטות קמאי על תמורה,כן,תמורה,ו.,פירוש,לא,
905,קובץ שיטות קמאי על תמורה,כן,תמורה,ו.,פירוש,לא,
907,קובץ שיטות קמאי על תמורה,כן,תמורה,ו.,פירוש,לא,
909,קובץ שיטות קמאי על תמורה,כן,תמורה,ו.,פירוש,לא,
911,קובץ שיטות קמאי על תמורה,כן,תמורה,ו.,פירוש,לא,
913,קובץ שיטות קמאי על תמורה,כן,תמורה,ו.,פירוש,לא,
914,קובץ שיטות קמאי על תמורה,כן,תמורה,ו.,פירוש,לא,
916,קובץ שיטות קמאי על תמורה,כן,תמורה,ו.,פירוש,לא,
917,קובץ שיטות קמאי על תמורה,כן,תמורה,ו.,פירוש,לא,
918,קובץ שיטות קמאי על תמורה,כן,תמורה,ו.,פירוש,לא,
919,קובץ שיטות קמאי על תמורה,כן,תמורה,ו.,פירוש,לא,
921,קובץ שיטות קמאי על תמורה,כן,תמורה,ו.,פירוש,לא,
923,קובץ שיטות קמאי על תמורה,כן,תמורה,ו.,פירוש,לא,
925,קובץ שיטות קמאי על תמורה,כן,תמורה,ו.,פירוש,לא,
927,קובץ שיטות קמאי על תמורה,כן,תמורה,ו.,פירוש,לא,
929,קובץ שיטות קמאי על תמורה,כן,תמורה,ו.,פירוש,לא,
931,קובץ שיטות קמאי על תמורה,כן,תמורה,ו.,פירוש,לא,
933,קובץ שיטות קמאי על תמורה,כן,תמורה,ו.,פירוש,לא,
935,קובץ שיטות קמאי על תמורה,כן,תמורה,ו.,פירוש,לא,
937,קובץ שיטות קמאי על תמורה,כן,תמורה,ו.,פירוש,לא,
939,קובץ שיטות קמאי על תמורה,כן,תמורה,ו.,פירוש,לא,
941,קובץ שיטות קמאי על תמורה,כן,תמורה,ו.,פירוש,לא,
943,קובץ שיטות קמאי על תמורה,כן,תמורה,ו.,פירוש,לא,
945,קובץ שיטות קמאי על תמורה,כן,תמורה,ו.,פירוש,לא,
947,קובץ שיטות קמאי על תמורה,כן,תמורה,ו.,פירוש,לא,
949,קובץ שיטות קמאי על תמורה,כן,תמורה,ו.,פירוש,לא,
950,קובץ שיטות קמאי על תמורה,כן,תמורה,ו.,פירוש,לא,
952,קובץ שיטות קמאי על תמורה,כן,תמורה,ו.,פירוש,לא,
954,קובץ שיטות קמאי על תמורה,כן,תמורה,ו.,פירוש,לא,
956,קובץ שיטות קמאי על תמורה,כן,תמורה,ו.,פירוש,לא,
958,קובץ שיטות קמאי על תמורה,כן,תמורה,ו.,פירוש,לא,
960,קובץ שיטות קמאי על תמורה,כן,תמורה,ו.,פירוש,לא,
961,קובץ שיטות קמאי על תמורה,כן,תמורה,ו.,פירוש,לא,
963,קובץ שיטות קמאי על תמורה,כן,תמורה,ו.,פירוש,לא,
965,קובץ שיטות קמאי על תמורה,כן,תמורה,ו.,פירוש,לא,
967,קובץ שיטות קמאי על תמורה,כן,תמורה,ו.,פירוש,לא,
969,קובץ שיטות קמאי על תמורה,כן,תמורה,ו.,פירוש,לא,
970,קובץ שיטות קמאי על תמורה,כן,תמורה,ו.,פירוש,לא,
972,קובץ שיטות קמאי על תמורה,כן,תמורה,ו.,פירוש,לא,
974,קובץ שיטות קמאי על תמורה,כן,תמורה,ו.,פירוש,לא,
976,קובץ שיטות קמאי על תמורה,כן,תמורה,ו.,פירוש,לא,
978,קובץ שיטות קמאי על תמורה,כן,תמורה,ו.,פירוש,לא,
980,קובץ שיטות קמאי על תמורה,כן,תמורה,ו.,פירוש,לא,
982,קובץ שיטות קמאי על תמורה,כן,תמורה,ו.,פירוש,לא,
984,קובץ שיטות קמאי על תמורה,כן,תמורה,ו.,פירוש,לא,
985,קובץ שיטות קמאי על תמורה,כן,תמורה,ו.,פירוש,לא,
987,קובץ שיטות קמאי על תמורה,כן,תמורה,ו.,פירוש,לא,
989,קובץ שיטות קמאי על תמורה,כן,תמורה,ו.,פירוש,לא,
991,קובץ שיטות קמאי על תמורה,כן,תמורה,ו.,פירוש,לא,
993,קובץ שיטות קמאי על תמורה,כן,תמורה,ו.,פירוש,לא,
995,קובץ שיטות קמאי על תמורה,כן,תמורה,ו.,פירוש,לא,
997,קובץ שיטות קמאי על תמורה,כן,תמורה,ו.,פירוש,לא,
999,קובץ שיטות קמאי על תמורה,כן,תמורה,ו.,פירוש,לא,
1001,קובץ שיטות קמאי על תמורה,כן,תמורה,ו.,פירוש,לא,
1003,קובץ שיטות קמאי על תמורה,כן,תמורה,ו.,פירוש,לא,
1005,קובץ שיטות קמאי על תמורה,כן,תמורה,ו.,פירוש,לא,
1007,קובץ שיטות קמאי על תמורה,כן,תמורה,ו.,פירוש,לא,
1009,קובץ שיטות קמאי על תמורה,כן,תמורה,ו.,פירוש,לא,
1011,קובץ שיטות קמאי על תמורה,כן,תמורה,ו.,פירוש,לא,
1013,קובץ שיטות קמאי על תמורה,כן,תמורה,ו.,פירוש,לא,
1015,קובץ שיטות קמאי על תמורה,כן,תמורה,ו.,פירוש,לא,
1017,קובץ שיטות קמאי על תמורה,כן,תמורה,ו.,פירוש,לא,
1019,קובץ שיטות קמאי על תמורה,כן,תמורה,ו.,פירוש,לא,
1021,קובץ שיטות קמאי על תמורה,כן,תמורה,ו.,פירוש,לא,
1023,קובץ שיטות קמאי על תמורה,כן,תמורה,ו.,פירוש,לא,
1025,קובץ שיטות קמאי על תמורה,כן,תמורה,ו.,פירוש,לא,
1026,קובץ שיטות קמאי על תמורה,כן,תמורה,ו.,פירוש,לא,
1028,קובץ שיטות קמאי על תמורה,כן,תמורה,ו.,פירוש,לא,
1029,קובץ שיטות קמאי על תמורה,כן,תמורה,ו.,פירוש,לא,
1031,קובץ שיטות קמאי על תמורה,כן,תמורה,ו.,פירוש,לא,
1033,קובץ שיטות קמאי על תמורה,כן,תמורה,ו.,פירוש,לא,
1035,קובץ שיטות קמאי על תמורה,כן,תמורה,ו.,פירוש,לא,
1037,קובץ שיטות קמאי על תמורה,כן,תמורה,ו.,פירוש,לא,
1039,קובץ שיטות קמאי על תמורה,כן,תמורה,ו.,פירוש,לא,
1041,קובץ שיטות קמאי על תמורה,כן,תמורה,ו.,פירוש,לא,
1043,קובץ שיטות קמאי על תמורה,כן,תמורה,ו.,פירוש,לא,
1045,קובץ שיטות קמאי על תמורה,כן,תמורה,ו.,פירוש,לא,
1047,קובץ שיטות קמאי על תמורה,כן,תמורה,ו.,פירוש,לא,
1049,קובץ שיטות קמאי על תמורה,כן,תמורה,ו.,פירוש,לא,
1051,קובץ שיטות קמאי על תמורה,כן,תמורה,ו.,פירוש,לא,
1053,קובץ שיטות קמאי על תמורה,כן,תמורה,ו.,פירוש,לא,
1056,קובץ שיטות קמאי על תמורה,כן,תמורה,ו:,פירוש,לא,
1057,קובץ שיטות קמאי על תמורה,כן,תמורה,ו:,פירוש,לא,
1059,קובץ שיטות קמאי על תמורה,כן,תמורה,ו:,פירוש,לא,
1061,קובץ שיטות קמאי על תמורה,כן,תמורה,ו:,פירוש,לא,
1063,קובץ שיטות קמאי על תמורה,כן,תמורה,ו:,פירוש,לא,
1065,קובץ שיטות קמאי על תמורה,כן,תמורה,ו:,פירוש,לא,
1067,קובץ שיטות קמאי על תמורה,כן,תמורה,ו:,פירוש,לא,
1069,קובץ שיטות קמאי על תמורה,כן,תמורה,ו:,פירוש,לא,
1071,קובץ שיטות קמאי על תמורה,כן,תמורה,ו:,פירוש,לא,
1072,קובץ שיטות קמאי על תמורה,כן,תמורה,ו:,פירוש,לא,
1073,קובץ שיטות קמאי על תמורה,כן,תמורה,ו:,פירוש,לא,
1074,קובץ שיטות קמאי על תמורה,כן,תמורה,ו:,פירוש,לא,
1075,קובץ שיטות קמאי על תמורה,כן,תמורה,ו:,פירוש,לא,
1076,קובץ שיטות קמאי על תמורה,כן,תמורה,ו:,פירוש,לא,
1077,קובץ שיטות קמאי על תמורה,כן,תמורה,ו:,פירוש,לא,
1079,קובץ שיטות קמאי על תמורה,כן,תמורה,ו:,פירוש,לא,
1080,קובץ שיטות קמאי על תמורה,כן,תמורה,ו:,פירוש,לא,
1081,קובץ שיטות קמאי על תמורה,כן,תמורה,ו:,פירוש,לא,
1082,קובץ שיטות קמאי על תמורה,כן,תמורה,ו:,פירוש,לא,
1083,קובץ שיטות קמאי על תמורה,כן,תמורה,ו:,פירוש,לא,
1085,קובץ שיטות קמאי על תמורה,כן,תמורה,ו:,פירוש,לא,
1087,קובץ שיטות קמאי על תמורה,כן,תמורה,ו:,פירוש,לא,
1089,קובץ שיטות קמאי על תמורה,כן,תמורה,ו:,פירוש,לא,
1091,קובץ שיטות קמאי על תמורה,כן,תמורה,ו:,פירוש,לא,
1092,קובץ שיטות קמאי על תמורה,כן,תמורה,ו:,פירוש,לא,
1094,קובץ שיטות קמאי על תמורה,כן,תמורה,ו:,פירוש,לא,
1096,קובץ שיטות קמאי על תמורה,כן,תמורה,ו:,פירוש,לא,
1098,קובץ שיטות קמאי על תמורה,כן,תמורה,ו:,פירוש,לא,
1100,קובץ שיטות קמאי על תמורה,כן,תמורה,ו:,פירוש,לא,
1102,קובץ שיטות קמאי על תמורה,כן,תמורה,ו:,פירוש,לא,
1104,קובץ שיטות קמאי על תמורה,כן,תמורה,ו:,פירוש,לא,
1106,קובץ שיטות קמאי על תמורה,כן,תמורה,ו:,פירוש,לא,
1108,קובץ שיטות קמאי על תמורה,כן,תמורה,ו:,פירוש,לא,
1110,קובץ שיטות קמאי על תמורה,כן,תמורה,ו:,פירוש,לא,
1112,קובץ שיטות קמאי על תמורה,כן,תמורה,ו:,פירוש,לא,
1114,קובץ שיטות קמאי על תמורה,כן,תמורה,ו:,פירוש,לא,
1116,קובץ שיטות קמאי על תמורה,כן,תמורה,ו:,פירוש,לא,
1118,קובץ שיטות קמאי על תמורה,כן,תמורה,ו:,פירוש,לא,
1120,קובץ שיטות קמאי על תמורה,כן,תמורה,ו:,פירוש,לא,
1122,קובץ שיטות קמאי על תמורה,כן,תמורה,ו:,פירוש,לא,
1124,קובץ שיטות קמאי על תמורה,כן,תמורה,ו:,פירוש,לא,
1126,קובץ שיטות קמאי על תמורה,כן,תמורה,ו:,פירוש,לא,
1128,קובץ שיטות קמאי על תמורה,כן,תמורה,ו:,פירוש,לא,
1130,קובץ שיטות קמאי על תמורה,כן,תמורה,ו:,פירוש,לא,
1132,קובץ שיטות קמאי על תמורה,כן,תמורה,ו:,פירוש,לא,
1134,קובץ שיטות קמאי על תמורה,כן,תמורה,ו:,פירוש,לא,
1136,קובץ שיטות קמאי על תמורה,כן,תמורה,ו:,פירוש,לא,
1139,קובץ שיטות קמאי על תמורה,כן,תמורה,ז.,פירוש,לא,
1141,קובץ שיטות קמאי על תמורה,כן,תמורה,ז.,פירוש,לא,
1142,קובץ שיטות קמאי על תמורה,כן,תמורה,ז.,פירוש,לא,
1143,קובץ שיטות קמאי על תמורה,כן,תמורה,ז.,פירוש,לא,
1144,קובץ שיטות קמאי על תמורה,כן,תמורה,ז.,פירוש,לא,
1146,קובץ שיטות קמאי על תמורה,כן,תמורה,ז.,פירוש,לא,
1148,קובץ שיטות קמאי על תמורה,כן,תמורה,ז.,פירוש,לא,
1150,קובץ שיטות קמאי על תמורה,כן,תמורה,ז.,פירוש,לא,
1152,קובץ שיטות קמאי על תמורה,כן,תמורה,ז.,פירוש,לא,
1154,קובץ שיטות קמאי על תמורה,כן,תמורה,ז.,פירוש,לא,
1156,קובץ שיטות קמאי על תמורה,כן,תמורה,ז.,פירוש,לא,
1158,קובץ שיטות קמאי על תמורה,כן,תמורה,ז.,פירוש,לא,
1160,קובץ שיטות קמאי על תמורה,כן,תמורה,ז.,פירוש,לא,
1162,קובץ שיטות קמאי על תמורה,כן,תמורה,ז.,פירוש,לא,
1164,קובץ שיטות קמאי על תמורה,כן,תמורה,ז.,פירוש,לא,
1166,קובץ שיטות קמאי על תמורה,כן,תמורה,ז.,פירוש,לא,
1168,קובץ שיטות קמאי על תמורה,כן,תמורה,ז.,פירוש,לא,
1170,קובץ שיטות קמאי על תמורה,כן,תמורה,ז.,פירוש,לא,
1172,קובץ שיטות קמאי על תמורה,כן,תמורה,ז.,פירוש,לא,
1174,קובץ שיטות קמאי על תמורה,כן,תמורה,ז.,פירוש,לא,
1176,קובץ שיטות קמאי על תמורה,כן,תמורה,ז.,פירוש,לא,
1178,קובץ שיטות קמאי על תמורה,כן,תמורה,ז.,פירוש,לא,
1180,קובץ שיטות קמאי על תמורה,כן,תמורה,ז.,פירוש,לא,
1182,קובץ שיטות קמאי על תמורה,כן,תמורה,ז.,פירוש,לא,
1184,קובץ שיטות קמאי על תמורה,כן,תמורה,ז.,פירוש,לא,
1187,קובץ שיטות קמאי על תמורה,כן,תמורה,ז:,פירוש,לא,
1189,קובץ שיטות קמאי על תמורה,כן,תמורה,ז:,פירוש,לא,
1191,קובץ שיטות קמאי על תמורה,כן,תמורה,ז:,פירוש,לא,
1193,קובץ שיטות קמאי על תמורה,כן,תמורה,ז:,פירוש,לא,
1195,קובץ שיטות קמאי על תמורה,כן,תמורה,ז:,פירוש,לא,
1197,קובץ שיטות קמאי על תמורה,כן,תמורה,ז:,פירוש,לא,
1199,קובץ שיטות קמאי על תמורה,כן,תמורה,ז:,פירוש,לא,
1201,קובץ שיטות קמאי על תמורה,כן,תמורה,ז:,פירוש,לא,
1203,קובץ שיטות קמאי על תמורה,כן,תמורה,ז:,פירוש,לא,
1205,קובץ שיטות קמאי על תמורה,כן,תמורה,ז:,פירוש,לא,
1207,קובץ שיטות קמאי על תמורה,כן,תמורה,ז:,פירוש,לא,
1209,קובץ שיטות קמאי על תמורה,כן,תמורה,ז:,פירוש,לא,
1211,קובץ שיטות קמאי על תמורה,כן,תמורה,ז:,פירוש,לא,
1213,קובץ שיטות קמאי על תמורה,כן,תמורה,ז:,פירוש,לא,
1215,קובץ שיטות קמאי על תמורה,כן,תמורה,ז:,פירוש,לא,
1217,קובץ שיטות קמאי על תמורה,כן,תמורה,ז:,פירוש,לא,
1218,קובץ שיטות קמאי על תמורה,כן,תמורה,ז:,פירוש,לא,
1220,קובץ שיטות קמאי על תמורה,כן,תמורה,ז:,פירוש,לא,
1221,קובץ שיטות קמאי על תמורה,כן,תמורה,ז:,פירוש,לא,
1222,קובץ שיטות קמאי על תמורה,כן,תמורה,ז:,פירוש,לא,
1224,קובץ שיטות קמאי על תמורה,כן,תמורה,ז:,פירוש,לא,
1225,קובץ שיטות קמאי על תמורה,כן,תמורה,ז:,פירוש,לא,
1227,קובץ שיטות קמאי על תמורה,כן,תמורה,ז:,פירוש,לא,
1229,קובץ שיטות קמאי על תמורה,כן,תמורה,ז:,פירוש,לא,
1231,קובץ שיטות קמאי על תמורה,כן,תמורה,ז:,פירוש,לא,
1233,קובץ שיטות קמאי על תמורה,כן,תמורה,ז:,פירוש,לא,
1234,קובץ שיטות קמאי על תמורה,כן,תמורה,ז:,פירוש,לא,
1235,קובץ שיטות קמאי על תמורה,כן,תמורה,ז:,פירוש,לא,
1236,קובץ שיטות קמאי על תמורה,כן,תמורה,ז:,פירוש,לא,
1237,קובץ שיטות קמאי על תמורה,כן,תמורה,ז:,פירוש,לא,
1238,קובץ שיטות קמאי על תמורה,כן,תמורה,ז:,פירוש,לא,
1239,קובץ שיטות קמאי על תמורה,כן,תמורה,ז:,פירוש,לא,
1240,קובץ שיטות קמאי על תמורה,כן,תמורה,ז:,פירוש,לא,
1241,קובץ שיטות קמאי על תמורה,כן,תמורה,ז:,פירוש,לא,
1242,קובץ שיטות קמאי על תמורה,כן,תמורה,ז:,פירוש,לא,
1243,קובץ שיטות קמאי על תמורה,כן,תמורה,ז:,פירוש,לא,
1244,קובץ שיטות קמאי על תמורה,כן,תמורה,ז:,פירוש,לא,
1245,קובץ שיטות קמאי על תמורה,כן,תמורה,ז:,פירוש,לא,
1246,קובץ שיטות קמאי על תמורה,כן,תמורה,ז:,פירוש,לא,
1247,קובץ שיטות קמאי על תמורה,כן,תמורה,ז:,פירוש,לא,
1249,קובץ שיטות קמאי על תמורה,כן,תמורה,ז:,פירוש,לא,
1250,קובץ שיטות קמאי על תמורה,כן,תמורה,ז:,פירוש,לא,
1251,קובץ שיטות קמאי על תמורה,כן,תמורה,ז:,פירוש,לא,
1252,קובץ שיטות קמאי על תמורה,כן,תמורה,ז:,פירוש,לא,
1253,קובץ שיטות קמאי על תמורה,כן,תמורה,ז:,פירוש,לא,
1254,קובץ שיטות קמאי על תמורה,כן,תמורה,ז:,פירוש,לא,
1255,קובץ שיטות קמאי על תמורה,כן,תמורה,ז:,פירוש,לא,
1256,קובץ שיטות קמאי על תמורה,כן,תמורה,ז:,פירוש,לא,
1257,קובץ שיטות קמאי על תמורה,כן,תמורה,ז:,פירוש,לא,
1258,קובץ שיטות קמאי על תמורה,כן,תמורה,ז:,פירוש,לא,
1260,קובץ שיטות קמאי על תמורה,כן,תמורה,ז:,פירוש,לא,
1262,קובץ שיטות קמאי על תמורה,כן,תמורה,ז:,פירוש,לא,
1264,קובץ שיטות קמאי על תמורה,כן,תמורה,ז:,פירוש,לא,
1265,קובץ שיטות קמאי על תמורה,כן,תמורה,ז:,פירוש,לא,
1266,קובץ שיטות קמאי על תמורה,כן,תמורה,ז:,פירוש,לא,
1267,קובץ שיטות קמאי על תמורה,כן,תמורה,ז:,פירוש,לא,
1269,קובץ שיטות קמאי על תמורה,כן,תמורה,ז:,פירוש,לא,
1271,קובץ שיטות קמאי על תמורה,כן,תמורה,ז:,פירוש,לא,
1273,קובץ שיטות קמאי על תמורה,כן,תמורה,ז:,פירוש,לא,
1275,קובץ שיטות קמאי על תמורה,כן,תמורה,ז:,פירוש,לא,
1277,קובץ שיטות קמאי על תמורה,כן,תמורה,ז:,פירוש,לא,
1278,קובץ שיטות קמאי על תמורה,כן,תמורה,ז:,פירוש,לא,
1280,קובץ שיטות קמאי על תמורה,כן,תמורה,ז:,פירוש,לא,
1282,קובץ שיטות קמאי על תמורה,כן,תמורה,ז:,פירוש,לא,
1284,קובץ שיטות קמאי על תמורה,כן,תמורה,ז:,פירוש,לא,
1286,קובץ שיטות קמאי על תמורה,כן,תמורה,ז:,פירוש,לא,
1287,קובץ שיטות קמאי על תמורה,כן,תמורה,ז:,פירוש,לא,
1289,קובץ שיטות קמאי על תמורה,כן,תמורה,ז:,פירוש,לא,
1291,קובץ שיטות קמאי על תמורה,כן,תמורה,ז:,פירוש,לא,
1293,קובץ שיטות קמאי על תמורה,כן,תמורה,ז:,פירוש,לא,
1295,קובץ שיטות קמאי על תמורה,כן,תמורה,ז:,פירוש,לא,
1297,קובץ שיטות קמאי על תמורה,כן,תמורה,ז:,פירוש,לא,
1299,קובץ שיטות קמאי על תמורה,כן,תמורה,ז:,פירוש,לא,
1301,קובץ שיטות קמאי על תמורה,כן,תמורה,ז:,פירוש,לא,
1303,קובץ שיטות קמאי על תמורה,כן,תמורה,ז:,פירוש,לא,
1305,קובץ שיטות קמאי על תמורה,כן,תמורה,ז:,פירוש,לא,
1307,קובץ שיטות קמאי על תמורה,כן,תמורה,ז:,פירוש,לא,
1309,קובץ שיטות קמאי על תמורה,כן,תמורה,ז:,פירוש,לא,
1311,קובץ שיטות קמאי על תמורה,כן,תמורה,ז:,פירוש,לא,
1313,קובץ שיטות קמאי על תמורה,כן,תמורה,ז:,פירוש,לא,
1315,קובץ שיטות קמאי על תמורה,כן,תמורה,ז:,פירוש,לא,
1317,קובץ שיטות קמאי על תמורה,כן,תמורה,ז:,פירוש,לא,
1319,קובץ שיטות קמאי על תמורה,כן,תמורה,ז:,פירוש,לא,
1321,קובץ שיטות קמאי על תמורה,כן,תמורה,ז:,פירוש,לא,
1323,קובץ שיטות קמאי על תמורה,כן,תמורה,ז:,פירוש,לא,
1325,קובץ שיטות קמאי על תמורה,כן,תמורה,ז:,פירוש,לא,
1327,קובץ שיטות קמאי על תמורה,כן,תמורה,ז:,פירוש,לא,
1328,קובץ שיטות קמאי על תמורה,כן,תמורה,ז:,פירוש,לא,
1329,קובץ שיטות קמאי על תמורה,כן,תמורה,ז:,פירוש,לא,
1330,קובץ שיטות קמאי על תמורה,כן,תמורה,ז:,פירוש,לא,
1331,קובץ שיטות קמאי על תמורה,כן,תמורה,ז:,פירוש,לא,
1333,קובץ שיטות קמאי על תמורה,כן,תמורה,ז:,פירוש,לא,
1335,קובץ שיטות קמאי על תמורה,כן,תמורה,ז:,פירוש,לא,
1337,קובץ שיטות קמאי על תמורה,כן,תמורה,ז:,פירוש,לא,
1339,קובץ שיטות קמאי על תמורה,כן,תמורה,ז:,פירוש,לא,
1341,קובץ שיטות קמאי על תמורה,כן,תמורה,ז:,פירוש,לא,
1343,קובץ שיטות קמאי על תמורה,כן,תמורה,ז:,פירוש,לא,
1345,קובץ שיטות קמאי על תמורה,כן,תמורה,ז:,פירוש,לא,
1347,קובץ שיטות קמאי על תמורה,כן,תמורה,ז:,פירוש,לא,
1349,קובץ שיטות קמאי על תמורה,כן,תמורה,ז:,פירוש,לא,
1351,קובץ שיטות קמאי על תמורה,כן,תמורה,ז:,פירוש,לא,
1354,קובץ שיטות קמאי על תמורה,כן,תמורה,ח.,פירוש,לא,
1356,קובץ שיטות קמאי על תמורה,כן,תמורה,ח.,פירוש,לא,
1358,קובץ שיטות קמאי על תמורה,כן,תמורה,ח.,פירוש,לא,
1360,קובץ שיטות קמאי על תמורה,כן,תמורה,ח.,פירוש,לא,
1362,קובץ שיטות קמאי על תמורה,כן,תמורה,ח.,פירוש,לא,
1364,קובץ שיטות קמאי על תמורה,כן,תמורה,ח.,פירוש,לא,
1366,קובץ שיטות קמאי על תמורה,כן,תמורה,ח.,פירוש,לא,
1368,קובץ שיטות קמאי על תמורה,כן,תמורה,ח.,פירוש,לא,
1370,קובץ שיטות קמאי על תמורה,כן,תמורה,ח.,פירוש,לא,
1372,קובץ שיטות קמאי על תמורה,כן,תמורה,ח.,פירוש,לא,
1374,קובץ שיטות קמאי על תמורה,כן,תמורה,ח.,פירוש,לא,
1375,קובץ שיטות קמאי על תמורה,כן,תמורה,ח.,פירוש,לא,
1377,קובץ שיטות קמאי על תמורה,כן,תמורה,ח.,פירוש,לא,
1379,קובץ שיטות קמאי על תמורה,כן,תמורה,ח.,פירוש,לא,
1381,קובץ שיטות קמאי על תמורה,כן,תמורה,ח.,פירוש,לא,
1383,קובץ שיטות קמאי על תמורה,כן,תמורה,ח.,פירוש,לא,
1385,קובץ שיטות קמאי על תמורה,כן,תמורה,ח.,פירוש,לא,
1387,קובץ שיטות קמאי על תמורה,כן,תמורה,ח.,פירוש,לא,
1389,קובץ שיטות קמאי על תמורה,כן,תמורה,ח.,פירוש,לא,
1391,קובץ שיטות קמאי על תמורה,כן,תמורה,ח.,פירוש,לא,
1393,קובץ שיטות קמאי על תמורה,כן,תמורה,ח.,פירוש,לא,
1395,קובץ שיטות קמאי על תמורה,כן,תמורה,ח.,פירוש,לא,
1397,קובץ שיטות קמאי על תמורה,כן,תמורה,ח.,פירוש,לא,
1399,קובץ שיטות קמאי על תמורה,כן,תמורה,ח.,פירוש,לא,
1401,קובץ שיטות קמאי על תמורה,כן,תמורה,ח.,פירוש,לא,
1403,קובץ שיטות קמאי על תמורה,כן,תמורה,ח.,פירוש,לא,
1405,קובץ שיטות קמאי על תמורה,כן,תמורה,ח.,פירוש,לא,
1407,קובץ שיטות קמאי על תמורה,כן,תמורה,ח.,פירוש,לא,
1409,קובץ שיטות קמאי על תמורה,כן,תמורה,ח.,פירוש,לא,
1411,קובץ שיטות קמאי על תמורה,כן,תמורה,ח.,פירוש,לא,
1413,קובץ שיטות קמאי על תמורה,כן,תמורה,ח.,פירוש,לא,
1414,קובץ שיטות קמאי על תמורה,כן,תמורה,ח.,פירוש,לא,
1415,קובץ שיטות קמאי על תמורה,כן,תמורה,ח.,פירוש,לא,
1416,קובץ שיטות קמאי על תמורה,כן,תמורה,ח.,פירוש,לא,
1417,קובץ שיטות קמאי על תמורה,כן,תמורה,ח.,פירוש,לא,
1419,קובץ שיטות קמאי על תמורה,כן,תמורה,ח.,פירוש,לא,
1421,קובץ שיטות קמאי על תמורה,כן,תמורה,ח.,פירוש,לא,
1423,קובץ שיטות קמאי על תמורה,כן,תמורה,ח.,פירוש,לא,
1425,קובץ שיטות קמאי על תמורה,כן,תמורה,ח.,פירוש,לא,
1427,קובץ שיטות קמאי על תמורה,כן,תמורה,ח.,פירוש,לא,
1429,קובץ שיטות קמאי על תמורה,כן,תמורה,ח.,פירוש,לא,
1431,קובץ שיטות קמאי על תמורה,כן,תמורה,ח.,פירוש,לא,
1433,קובץ שיטות קמאי על תמורה,כן,תמורה,ח.,פירוש,לא,
1434,קובץ שיטות קמאי על תמורה,כן,תמורה,ח.,פירוש,לא,
1435,קובץ שיטות קמאי על תמורה,כן,תמורה,ח.,פירוש,לא,
1436,קובץ שיטות קמאי על תמורה,כן,תמורה,ח.,פירוש,לא,
1437,קובץ שיטות קמאי על תמורה,כן,תמורה,ח.,פירוש,לא,
1438,קובץ שיטות קמאי על תמורה,כן,תמורה,ח.,פירוש,לא,
1440,קובץ שיטות קמאי על תמורה,כן,תמורה,ח.,פירוש,לא,
1442,קובץ שיטות קמאי על תמורה,כן,תמורה,ח.,פירוש,לא,
1444,קובץ שיטות קמאי על תמורה,כן,תמורה,ח.,פירוש,לא,
1447,קובץ שיטות קמאי על תמורה,כן,תמורה,ח:,פירוש,לא,
1449,קובץ שיטות קמאי על תמורה,כן,תמורה,ח:,פירוש,לא,
1451,קובץ שיטות קמאי על תמורה,כן,תמורה,ח:,פירוש,לא,
1453,קובץ שיטות קמאי על תמורה,כן,תמורה,ח:,פירוש,לא,
1455,קובץ שיטות קמאי על תמורה,כן,תמורה,ח:,פירוש,לא,
1457,קובץ שיטות קמאי על תמורה,כן,תמורה,ח:,פירוש,לא,
1459,קובץ שיטות קמאי על תמורה,כן,תמורה,ח:,פירוש,לא,
1461,קובץ שיטות קמאי על תמורה,כן,תמורה,ח:,פירוש,לא,
1463,קובץ שיטות קמאי על תמורה,כן,תמורה,ח:,פירוש,לא,
1465,קובץ שיטות קמאי על תמורה,כן,תמורה,ח:,פירוש,לא,
1467,קובץ שיטות קמאי על תמורה,כן,תמורה,ח:,פירוש,לא,
1469,קובץ שיטות קמאי על תמורה,כן,תמורה,ח:,פירוש,לא,
1471,קובץ שיטות קמאי על תמורה,כן,תמורה,ח:,פירוש,לא,
1473,קובץ שיטות קמאי על תמורה,כן,תמורה,ח:,פירוש,לא,
1475,קובץ שיטות קמאי על תמורה,כן,תמורה,ח:,פירוש,לא,
1477,קובץ שיטות קמאי על תמורה,כן,תמורה,ח:,פירוש,לא,
1479,קובץ שיטות קמאי על תמורה,כן,תמורה,ח:,פירוש,לא,
1481,קובץ שיטות קמאי על תמורה,כן,תמורה,ח:,פירוש,לא,
1483,קובץ שיטות קמאי על תמורה,כן,תמורה,ח:,פירוש,לא,
1485,קובץ שיטות קמאי על תמורה,כן,תמורה,ח:,פירוש,לא,
1487,קובץ שיטות קמאי על תמורה,כן,תמורה,ח:,פירוש,לא,
1489,קובץ שיטות קמאי על תמורה,כן,תמורה,ח:,פירוש,לא,
1491,קובץ שיטות קמאי על תמורה,כן,תמורה,ח:,פירוש,לא,
1493,קובץ שיטות קמאי על תמורה,כן,תמורה,ח:,פירוש,לא,
1495,קובץ שיטות קמאי על תמורה,כן,תמורה,ח:,פירוש,לא,
1496,קובץ שיטות קמאי על תמורה,כן,תמורה,ח:,פירוש,לא,
1498,קובץ שיטות קמאי על תמורה,כן,תמורה,ח:,פירוש,לא,
1500,קובץ שיטות קמאי על תמורה,כן,תמורה,ח:,פירוש,לא,
1502,קובץ שיטות קמאי על תמורה,כן,תמורה,ח:,פירוש,לא,
1504,קובץ שיטות קמאי על תמורה,כן,תמורה,ח:,פירוש,לא,
1506,קובץ שיטות קמאי על תמורה,כן,תמורה,ח:,פירוש,לא,
1508,קובץ שיטות קמאי על תמורה,כן,תמורה,ח:,פירוש,לא,
1511,קובץ שיטות קמאי על תמורה,כן,תמורה,ט.,פירוש,לא,
1512,קובץ שיטות קמאי על תמורה,כן,תמורה,ט.,פירוש,לא,
1513,קובץ שיטות קמאי על תמורה,כן,תמורה,ט.,פירוש,לא,
1514,קובץ שיטות קמאי על תמורה,כן,תמורה,ט.,פירוש,לא,
1516,קובץ שיטות קמאי על תמורה,כן,תמורה,ט.,פירוש,לא,
1518,קובץ שיטות קמאי על תמורה,כן,תמורה,ט.,פירוש,לא,
1520,קובץ שיטות קמאי על תמורה,כן,תמורה,ט.,פירוש,לא,
1522,קובץ שיטות קמאי על תמורה,כן,תמורה,ט.,פירוש,לא,
1524,קובץ שיטות קמאי על תמורה,כן,תמורה,ט.,פירוש,לא,
1526,קובץ שיטות קמאי על תמורה,כן,תמורה,ט.,פירוש,לא,
1528,קובץ שיטות קמאי על תמורה,כן,תמורה,ט.,פירוש,לא,
1529,קובץ שיטות קמאי על תמורה,כן,תמורה,ט.,פירוש,לא,
1531,קובץ שיטות קמאי על תמורה,כן,תמורה,ט.,פירוש,לא,
1533,קובץ שיטות קמאי על תמורה,כן,תמורה,ט.,פירוש,לא,
1535,קובץ שיטות קמאי על תמורה,כן,תמורה,ט.,פירוש,לא,
1537,קובץ שיטות קמאי על תמורה,כן,תמורה,ט.,פירוש,לא,
1539,קובץ שיטות קמאי על תמורה,כן,תמורה,ט.,פירוש,לא,
1541,קובץ שיטות קמאי על תמורה,כן,תמורה,ט.,פירוש,לא,
1543,קובץ שיטות קמאי על תמורה,כן,תמורה,ט.,פירוש,לא,
1545,קובץ שיטות קמאי על תמורה,כן,תמורה,ט.,פירוש,לא,
1547,קובץ שיטות קמאי על תמורה,כן,תמורה,ט.,פירוש,לא,
1549,קובץ שיטות קמאי על תמורה,כן,תמורה,ט.,פירוש,לא,
1551,קובץ שיטות קמאי על תמורה,כן,תמורה,ט.,פירוש,לא,
1553,קובץ שיטות קמאי על תמורה,כן,תמורה,ט.,פירוש,לא,
1555,קובץ שיטות קמאי על תמורה,כן,תמורה,ט.,פירוש,לא,
1557,קובץ שיטות קמאי על תמורה,כן,תמורה,ט.,פירוש,לא,
1559,קובץ שיטות קמאי על תמורה,כן,תמורה,ט.,פירוש,לא,
1561,קובץ שיטות קמאי על תמורה,כן,תמורה,ט.,פירוש,לא,
1563,קובץ שיטות קמאי על תמורה,כן,תמורה,ט.,פירוש,לא,
1565,קובץ שיטות קמאי על תמורה,כן,תמורה,ט.,פירוש,לא,
1567,קובץ שיטות קמאי על תמורה,כן,תמורה,ט.,פירוש,לא,
1569,קובץ שיטות קמאי על תמורה,כן,תמורה,ט.,פירוש,לא,
1571,קובץ שיטות קמאי על תמורה,כן,תמורה,ט.,פירוש,לא,
1573,קובץ שיטות קמאי על תמורה,כן,תמורה,ט.,פירוש,לא,
1575,קובץ שיטות קמאי על תמורה,כן,תמורה,ט.,פירוש,לא,
1577,קובץ שיטות קמאי על תמורה,כן,תמורה,ט.,פירוש,לא,
1580,קובץ שיטות קמאי על תמורה,כן,תמורה,ט:,פירוש,לא,
1582,קובץ שיטות קמאי על תמורה,כן,תמורה,ט:,פירוש,לא,
1584,קובץ שיטות קמאי על תמורה,כן,תמורה,ט:,פירוש,לא,
1586,קובץ שיטות קמאי על תמורה,כן,תמורה,ט:,פירוש,לא,
1588,קובץ שיטות קמאי על תמורה,כן,תמורה,ט:,פירוש,לא,
1590,קובץ שיטות קמאי על תמורה,כן,תמורה,ט:,פירוש,לא,
1592,קובץ שיטות קמאי על תמורה,כן,תמורה,ט:,פירוש,לא,
1594,קובץ שיטות קמאי על תמורה,כן,תמורה,ט:,פירוש,לא,
1596,קובץ שיטות קמאי על תמורה,כן,תמורה,ט:,פירוש,לא,
1599,קובץ שיטות קמאי על תמורה,כן,תמורה,י.,פירוש,לא,
1601,קובץ שיטות קמאי על תמורה,כן,תמורה,י.,פירוש,לא,
1603,קובץ שיטות קמאי על תמורה,כן,תמורה,י.,פירוש,לא,
1605,קובץ שיטות קמאי על תמורה,כן,תמורה,י.,פירוש,לא,
1607,קובץ שיטות קמאי על תמורה,כן,תמורה,י.,פירוש,לא,
1609,קובץ שיטות קמאי על תמורה,כן,תמורה,י.,פירוש,לא,
1611,קובץ שיטות קמאי על תמורה,כן,תמורה,י.,פירוש,לא,
1613,קובץ שיטות קמאי על תמורה,כן,תמורה,י.,פירוש,לא,
1615,קובץ שיטות קמאי על תמורה,כן,תמורה,י.,פירוש,לא,
1617,קובץ שיטות קמאי על תמורה,כן,תמורה,י.,פירוש,לא,
1619,קובץ שיטות קמאי על תמורה,כן,תמורה,י.,פירוש,לא,
1620,קובץ שיטות קמאי על תמורה,כן,תמורה,י.,פירוש,לא,
1622,קובץ שיטות קמאי על תמורה,כן,תמורה,י.,פירוש,לא,
1624,קובץ שיטות קמאי על תמורה,כן,תמורה,י.,פירוש,לא,
1625,קובץ שיטות קמאי על תמורה,כן,תמורה,י.,פירוש,לא,
1626,קובץ שיטות קמאי על תמורה,כן,תמורה,י.,פירוש,לא,
1627,קובץ שיטות קמאי על תמורה,כן,תמורה,י.,פירוש,לא,
1628,קובץ שיטות קמאי על תמורה,כן,תמורה,י.,פירוש,לא,
1630,קובץ שיטות קמאי על תמורה,כן,תמורה,י.,פירוש,לא,
1632,קובץ שיטות קמאי על תמורה,כן,תמורה,י.,פירוש,לא,
1634,קובץ שיטות קמאי על תמורה,כן,תמורה,י.,פירוש,לא,
1637,קובץ שיטות קמאי על תמורה,כן,תמורה,י:,פירוש,לא,
1639,קובץ שיטות קמאי על תמורה,כן,תמורה,י:,פירוש,לא,
1641,קובץ שיטות קמאי על תמורה,כן,תמורה,י:,פירוש,לא,
1643,קובץ שיטות קמאי על תמורה,כן,תמורה,י:,פירוש,לא,
1645,קובץ שיטות קמאי על תמורה,כן,תמורה,י:,פירוש,לא,
1647,קובץ שיטות קמאי על תמורה,כן,תמורה,י:,פירוש,לא,
1649,קובץ שיטות קמאי על תמורה,כן,תמורה,י:,פירוש,לא,
1651,קובץ שיטות קמאי על תמורה,כן,תמורה,י:,פירוש,לא,
1653,קובץ שיטות קמאי על תמורה,כן,תמורה,י:,פירוש,לא,
1655,קובץ שיטות קמאי על תמורה,כן,תמורה,י:,פירוש,לא,
1657,קובץ שיטות קמאי על תמורה,כן,תמורה,י:,פירוש,לא,
1659,קובץ שיטות קמאי על תמורה,כן,תמורה,י:,פירוש,לא,
1661,קובץ שיטות קמאי על תמורה,כן,תמורה,י:,פירוש,לא,
1663,קובץ שיטות קמאי על תמורה,כן,תמורה,י:,פירוש,לא,
1665,קובץ שיטות קמאי על תמורה,כן,תמורה,י:,פירוש,לא,
1667,קובץ שיטות קמאי על תמורה,כן,תמורה,י:,פירוש,לא,
1670,קובץ שיטות קמאי על תמורה,כן,תמורה,יא.,פירוש,לא,
1672,קובץ שיטות קמאי על תמורה,כן,תמורה,יא.,פירוש,לא,
1674,קובץ שיטות קמאי על תמורה,כן,תמורה,יא.,פירוש,לא,
1676,קובץ שיטות קמאי על תמורה,כן,תמורה,יא.,פירוש,לא,
1678,קובץ שיטות קמאי על תמורה,כן,תמורה,יא.,פירוש,לא,
1680,קובץ שיטות קמאי על תמורה,כן,תמורה,יא.,פירוש,לא,
1682,קובץ שיטות קמאי על תמורה,כן,תמורה,יא.,פירוש,לא,
1684,קובץ שיטות קמאי על תמורה,כן,תמורה,יא.,פירוש,לא,
1686,קובץ שיטות קמאי על תמורה,כן,תמורה,יא.,פירוש,לא,
1688,קובץ שיטות קמאי על תמורה,כן,תמורה,יא.,פירוש,לא,
1689,קובץ שיטות קמאי על תמורה,כן,תמורה,יא.,פירוש,לא,
1691,קובץ שיטות קמאי על תמורה,כן,תמורה,יא.,פירוש,לא,
1693,קובץ שיטות קמאי על תמורה,כן,תמורה,יא.,פירוש,לא,
1695,קובץ שיטות קמאי על תמורה,כן,תמורה,יא.,פירוש,לא,
1697,קובץ שיטות קמאי על תמורה,כן,תמורה,יא.,פירוש,לא,
1699,קובץ שיטות קמאי על תמורה,כן,תמורה,יא.,פירוש,לא,
1701,קובץ שיטות קמאי על תמורה,כן,תמורה,יא.,פירוש,לא,
1703,קובץ שיטות קמאי על תמורה,כן,תמורה,יא.,פירוש,לא,
1705,קובץ שיטות קמאי על תמורה,כן,תמורה,יא.,פירוש,לא,
1707,קובץ שיטות קמאי על תמורה,כן,תמורה,יא.,פירוש,לא,
1708,קובץ שיטות קמאי על תמורה,כן,תמורה,יא.,פירוש,לא,
1709,קובץ שיטות קמאי על תמורה,כן,תמורה,יא.,פירוש,לא,
1711,קובץ שיטות קמאי על תמורה,כן,תמורה,יא.,פירוש,לא,
1713,קובץ שיטות קמאי על תמורה,כן,תמורה,יא.,פירוש,לא,
1715,קובץ שיטות קמאי על תמורה,כן,תמורה,יא.,פירוש,לא,
1717,קובץ שיטות קמאי על תמורה,כן,תמורה,יא.,פירוש,לא,
1719,קובץ שיטות קמאי על תמורה,כן,תמורה,יא.,פירוש,לא,
1721,קובץ שיטות קמאי על תמורה,כן,תמורה,יא.,פירוש,לא,
1723,קובץ שיטות קמאי על תמורה,כן,תמורה,יא.,פירוש,לא,
1725,קובץ שיטות קמאי על תמורה,כן,תמורה,יא.,פירוש,לא,
1727,קובץ שיטות קמאי על תמורה,כן,תמורה,יא.,פירוש,לא,
1729,קובץ שיטות קמאי על תמורה,כן,תמורה,יא.,פירוש,לא,
1731,קובץ שיטות קמאי על תמורה,כן,תמורה,יא.,פירוש,לא,
1733,קובץ שיטות קמאי על תמורה,כן,תמורה,יא.,פירוש,לא,
1735,קובץ שיטות קמאי על תמורה,כן,תמורה,יא.,פירוש,לא,
1737,קובץ שיטות קמאי על תמורה,כן,תמורה,יא.,פירוש,לא,
1739,קובץ שיטות קמאי על תמורה,כן,תמורה,יא.,פירוש,לא,
1741,קובץ שיטות קמאי על תמורה,כן,תמורה,יא.,פירוש,לא,
1743,קובץ שיטות קמאי על תמורה,כן,תמורה,יא.,פירוש,לא,
1745,קובץ שיטות קמאי על תמורה,כן,תמורה,יא.,פירוש,לא,
1747,קובץ שיטות קמאי על תמורה,כן,תמורה,יא.,פירוש,לא,
1749,קובץ שיטות קמאי על תמורה,כן,תמורה,יא.,פירוש,לא,
1752,קובץ שיטות קמאי על תמורה,כן,תמורה,יא:,פירוש,לא,
1754,קובץ שיטות קמאי על תמורה,כן,תמורה,יא:,פירוש,לא,
1756,קובץ שיטות קמאי על תמורה,כן,תמורה,יא:,פירוש,לא,
1758,קובץ שיטות קמאי על תמורה,כן,תמורה,יא:,פירוש,לא,
1760,קובץ שיטות קמאי על תמורה,כן,תמורה,יא:,פירוש,לא,
1762,קובץ שיטות קמאי על תמורה,כן,תמורה,יא:,פירוש,לא,
1764,קובץ שיטות קמאי על תמורה,כן,תמורה,יא:,פירוש,לא,
1766,קובץ שיטות קמאי על תמורה,כן,תמורה,יא:,פירוש,לא,
1768,קובץ שיטות קמאי על תמורה,כן,תמורה,יא:,פירוש,לא,
1770,קובץ שיטות קמאי על תמורה,כן,תמורה,יא:,פירוש,לא,
1772,קובץ שיטות קמאי על תמורה,כן,תמורה,יא:,פירוש,לא,
1773,קובץ שיטות קמאי על תמורה,כן,תמורה,יא:,פירוש,לא,
1775,קובץ שיטות קמאי על תמורה,כן,תמורה,יא:,פירוש,לא,
1777,קובץ שיטות קמאי על תמורה,כן,תמורה,יא:,פירוש,לא,
1779,קובץ שיטות קמאי על תמורה,כן,תמורה,יא:,פירוש,לא,
1780,קובץ שיטות קמאי על תמורה,כן,תמורה,יא:,פירוש,לא,
1782,קובץ שיטות קמאי על תמורה,כן,תמורה,יא:,פירוש,לא,
1783,קובץ שיטות קמאי על תמורה,כן,תמורה,יא:,פירוש,לא,
1784,קובץ שיטות קמאי על תמורה,כן,תמורה,יא:,פירוש,לא,
1785,קובץ שיטות קמאי על תמורה,כן,תמורה,יא:,פירוש,לא,
1786,קובץ שיטות קמאי על תמורה,כן,תמורה,יא:,פירוש,לא,
1787,קובץ שיטות קמאי על תמורה,כן,תמורה,יא:,פירוש,לא,
1788,קובץ שיטות קמאי על תמורה,כן,תמורה,יא:,פירוש,לא,
1790,קובץ שיטות קמאי על תמורה,כן,תמורה,יא:,פירוש,לא,
1792,קובץ שיטות קמאי על תמורה,כן,תמורה,יא:,פירוש,לא,
1794,קובץ שיטות קמאי על תמורה,כן,תמורה,יא:,פירוש,לא,
1796,קובץ שיטות קמאי על תמורה,כן,תמורה,יא:,פירוש,לא,
1798,קובץ שיטות קמאי על תמורה,כן,תמורה,יא:,פירוש,לא,
1800,קובץ שיטות קמאי על תמורה,כן,תמורה,יא:,פירוש,לא,
1801,קובץ שיטות קמאי על תמורה,כן,תמורה,יא:,פירוש,לא,
1802,קובץ שיטות קמאי על תמורה,כן,תמורה,יא:,פירוש,לא,
1803,קובץ שיטות קמאי על תמורה,כן,תמורה,יא:,פירוש,לא,
1805,קובץ שיטות קמאי על תמורה,כן,תמורה,יא:,פירוש,לא,
1807,קובץ שיטות קמאי על תמורה,כן,תמורה,יא:,פירוש,לא,
1809,קובץ שיטות קמאי על תמורה,כן,תמורה,יא:,פירוש,לא,
1810,קובץ שיטות קמאי על תמורה,כן,תמורה,יא:,פירוש,לא,
1811,קובץ שיטות קמאי על תמורה,כן,תמורה,יא:,פירוש,לא,
1812,קובץ שיטות קמאי על תמורה,כן,תמורה,יא:,פירוש,לא,
1813,קובץ שיטות קמאי על תמורה,כן,תמורה,יא:,פירוש,לא,
1814,קובץ שיטות קמאי על תמורה,כן,תמורה,יא:,פירוש,לא,
1816,קובץ שיטות קמאי על תמורה,כן,תמורה,יא:,פירוש,לא,
1818,קובץ שיטות קמאי על תמורה,כן,תמורה,יא:,פירוש,לא,
1820,קובץ שיטות קמאי על תמורה,כן,תמורה,יא:,פירוש,לא,
1822,קובץ שיטות קמאי על תמורה,כן,תמורה,יא:,פירוש,לא,
1824,קובץ שיטות קמאי על תמורה,כן,תמורה,יא:,פירוש,לא,
1825,קובץ שיטות קמאי על תמורה,כן,תמורה,יא:,פירוש,לא,
1826,קובץ שיטות קמאי על תמורה,כן,תמורה,יא:,פירוש,לא,
1828,קובץ שיטות קמאי על תמורה,כן,תמורה,יא:,פירוש,לא,
1830,קובץ שיטות קמאי על תמורה,כן,תמורה,יא:,פירוש,לא,
1832,קובץ שיטות קמאי על תמורה,כן,תמורה,יא:,פירוש,לא,
1834,קובץ שיטות קמאי על תמורה,כן,תמורה,יא:,פירוש,לא,
1836,קובץ שיטות קמאי על תמורה,כן,תמורה,יא:,פירוש,לא,
1838,קובץ שיטות קמאי על תמורה,כן,תמורה,יא:,פירוש,לא,
1840,קובץ שיטות קמאי על תמורה,כן,תמורה,יא:,פירוש,לא,
1842,קובץ שיטות קמאי על תמורה,כן,תמורה,יא:,פירוש,לא,
1844,קובץ שיטות קמאי על תמורה,כן,תמורה,יא:,פירוש,לא,
1846,קובץ שיטות קמאי על תמורה,כן,תמורה,יא:,פירוש,לא,
1848,קובץ שיטות קמאי על תמורה,כן,תמורה,יא:,פירוש,לא,
1850,קובץ שיטות קמאי על תמורה,כן,תמורה,יא:,פירוש,לא,
1852,קובץ שיטות קמאי על תמורה,כן,תמורה,יא:,פירוש,לא,
1854,קובץ שיטות קמאי על תמורה,כן,תמורה,יא:,פירוש,לא,
1856,קובץ שיטות קמאי על תמורה,כן,תמורה,יא:,פירוש,לא,
1858,קובץ שיטות קמאי על תמורה,כן,תמורה,יא:,פירוש,לא,
1860,קובץ שיטות קמאי על תמורה,כן,תמורה,יא:,פירוש,לא,
1862,קובץ שיטות קמאי על תמורה,כן,תמורה,יא:,פירוש,לא,
1863,קובץ שיטות קמאי על תמורה,כן,תמורה,יא:,פירוש,לא,
1864,קובץ שיטות קמאי על תמורה,כן,תמורה,יא:,פירוש,לא,
1865,קובץ שיטות קמאי על תמורה,כן,תמורה,יא:,פירוש,לא,
1867,קובץ שיטות קמאי על תמורה,כן,תמורה,יא:,פירוש,לא,
1869,קובץ שיטות קמאי על תמורה,כן,תמורה,יא:,פירוש,לא,
1871,קובץ שיטות קמאי על תמורה,כן,תמורה,יא:,פירוש,לא,
1873,קובץ שיטות קמאי על תמורה,כן,תמורה,יא:,פירוש,לא,
1875,קובץ שיטות קמאי על תמורה,כן,תמורה,יא:,פירוש,לא,
1878,קובץ שיטות קמאי על תמורה,כן,תמורה,יב.,פירוש,לא,
1880,קובץ שיטות קמאי על תמורה,כן,תמורה,יב.,פירוש,לא,
1882,קובץ שיטות קמאי על תמורה,כן,תמורה,יב.,פירוש,לא,
1884,קובץ שיטות קמאי על תמורה,כן,תמורה,יב.,פירוש,לא,
1886,קובץ שיטות קמאי על תמורה,כן,תמורה,יב.,פירוש,לא,
1888,קובץ שיטות קמאי על תמורה,כן,תמורה,יב.,פירוש,לא,
1890,קובץ שיטות קמאי על תמורה,כן,תמורה,יב.,פירוש,לא,
1892,קובץ שיטות קמאי על תמורה,כן,תמורה,יב.,פירוש,לא,
1893,קובץ שיטות קמאי על תמורה,כן,תמורה,יב.,פירוש,לא,
1894,קובץ שיטות קמאי על תמורה,כן,תמורה,יב.,פירוש,לא,
1895,קובץ שיטות קמאי על תמורה,כן,תמורה,יב.,פירוש,לא,
1896,קובץ שיטות קמאי על תמורה,כן,תמורה,יב.,פירוש,לא,
1897,קובץ שיטות קמאי על תמורה,כן,תמורה,יב.,פירוש,לא,
1898,קובץ שיטות קמאי על תמורה,כן,תמורה,יב.,פירוש,לא,
1900,קובץ שיטות קמאי על תמורה,כן,תמורה,יב.,פירוש,לא,
1902,קובץ שיטות קמאי על תמורה,כן,תמורה,יב.,פירוש,לא,
1904,קובץ שיטות קמאי על תמורה,כן,תמורה,יב.,פירוש,לא,
1906,קובץ שיטות קמאי על תמורה,כן,תמורה,יב.,פירוש,לא,
1908,קובץ שיטות קמאי על תמורה,כן,תמורה,יב.,פירוש,לא,
1910,קובץ שיטות קמאי על תמורה,כן,תמורה,יב.,פירוש,לא,
1912,קובץ שיטות קמאי על תמורה,כן,תמורה,יב.,פירוש,לא,
1914,קובץ שיטות קמאי על תמורה,כן,תמורה,יב.,פירוש,לא,
1916,קובץ שיטות קמאי על תמורה,כן,תמורה,יב.,פירוש,לא,
1918,קובץ שיטות קמאי על תמורה,כן,תמורה,יב.,פירוש,לא,
1920,קובץ שיטות קמאי על תמורה,כן,תמורה,יב.,פירוש,לא,
1922,קובץ שיטות קמאי על תמורה,כן,תמורה,יב.,פירוש,לא,
1923,קובץ שיטות קמאי על תמורה,כן,תמורה,יב.,פירוש,לא,
1924,קובץ שיטות קמאי על תמורה,כן,תמורה,יב.,פירוש,לא,
1925,קובץ שיטות קמאי על תמורה,כן,תמורה,יב.,פירוש,לא,
1926,קובץ שיטות קמאי על תמורה,כן,תמורה,יב.,פירוש,לא,
1927,קובץ שיטות קמאי על תמורה,כן,תמורה,יב.,פירוש,לא,
1929,קובץ שיטות קמאי על תמורה,כן,תמורה,יב.,פירוש,לא,
1930,קובץ שיטות קמאי על תמורה,כן,תמורה,יב.,פירוש,לא,
1932,קובץ שיטות קמאי על תמורה,כן,תמורה,יב.,פירוש,לא,
1934,קובץ שיטות קמאי על תמורה,כן,תמורה,יב.,פירוש,לא,
1935,קובץ שיטות קמאי על תמורה,כן,תמורה,יב.,פירוש,לא,
1937,קובץ שיטות קמאי על תמורה,כן,תמורה,יב.,פירוש,לא,
1939,קובץ שיטות קמאי על תמורה,כן,תמורה,יב.,פירוש,לא,
1940,קובץ שיטות קמאי על תמורה,כן,תמורה,יב.,פירוש,לא,
1942,קובץ שיטות קמאי על תמורה,כן,תמורה,יב.,פירוש,לא,
1944,קובץ שיטות קמאי על תמורה,כן,תמורה,יב.,פירוש,לא,
1946,קובץ שיטות קמאי על תמורה,כן,תמורה,יב.,פירוש,לא,
1948,קובץ שיטות קמאי על תמורה,כן,תמורה,יב.,פירוש,לא,
1950,קובץ שיטות קמאי על תמורה,כן,תמורה,יב.,פירוש,לא,
1952,קובץ שיטות קמאי על תמורה,כן,תמורה,יב.,פירוש,לא,
1954,קובץ שיטות קמאי על תמורה,כן,תמורה,יב.,פירוש,לא,
1956,קובץ שיטות קמאי על תמורה,כן,תמורה,יב.,פירוש,לא,
1957,קובץ שיטות קמאי על תמורה,כן,תמורה,יב.,פירוש,לא,
1958,קובץ שיטות קמאי על תמורה,כן,תמורה,יב.,פירוש,לא,
1960,קובץ שיטות קמאי על תמורה,כן,תמורה,יב.,פירוש,לא,
1962,קובץ שיטות קמאי על תמורה,כן,תמורה,יב.,פירוש,לא,
1964,קובץ שיטות קמאי על תמורה,כן,תמורה,יב.,פירוש,לא,
1966,קובץ שיטות קמאי על תמורה,כן,תמורה,יב.,פירוש,לא,
1968,קובץ שיטות קמאי על תמורה,כן,תמורה,יב.,פירוש,לא,
1970,קובץ שיטות קמאי על תמורה,כן,תמורה,יב.,פירוש,לא,
1972,קובץ שיטות קמאי על תמורה,כן,תמורה,יב.,פירוש,לא,
1974,קובץ שיטות קמאי על תמורה,כן,תמורה,יב.,פירוש,לא,
1976,קובץ שיטות קמאי על תמורה,כן,תמורה,יב.,פירוש,לא,
1978,קובץ שיטות קמאי על תמורה,כן,תמורה,יב.,פירוש,לא,
1980,קובץ שיטות קמאי על תמורה,כן,תמורה,יב.,פירוש,לא,
1982,קובץ שיטות קמאי על תמורה,כן,תמורה,יב.,פירוש,לא,
1984,קובץ שיטות קמאי על תמורה,כן,תמורה,יב.,פירוש,לא,
1986,קובץ שיטות קמאי על תמורה,כן,תמורה,יב.,פירוש,לא,
1988,קובץ שיטות קמאי על תמורה,כן,תמורה,יב.,פירוש,לא,
1990,קובץ שיטות קמאי על תמורה,כן,תמורה,יב.,פירוש,לא,
1992,קובץ שיטות קמאי על תמורה,כן,תמורה,יב.,פירוש,לא,
1994,קובץ שיטות קמאי על תמורה,כן,תמורה,יב.,פירוש,לא,
1996,קובץ שיטות קמאי על תמורה,כן,תמורה,יב.,פירוש,לא,
1998,קובץ שיטות קמאי על תמורה,כן,תמורה,יב.,פירוש,לא,
2000,קובץ שיטות קמאי על תמורה,כן,תמורה,יב.,פירוש,לא,
2002,קובץ שיטות קמאי על תמורה,כן,תמורה,יב.,פירוש,לא,
2004,קובץ שיטות קמאי על תמורה,כן,תמורה,יב.,פירוש,לא,
2005,קובץ שיטות קמאי על תמורה,כן,תמורה,יב.,פירוש,לא,
2007,קובץ שיטות קמאי על תמורה,כן,תמורה,יב.,פירוש,לא,
2008,קובץ שיטות קמאי על תמורה,כן,תמורה,יב.,פירוש,לא,
2009,קובץ שיטות קמאי על תמורה,כן,תמורה,יב.,פירוש,לא,
2010,קובץ שיטות קמאי על תמורה,כן,תמורה,יב.,פירוש,לא,
2011,קובץ שיטות קמאי על תמורה,כן,תמורה,יב.,פירוש,לא,
2012,קובץ שיטות קמאי על תמורה,כן,תמורה,יב.,פירוש,לא,
2014,קובץ שיטות קמאי על תמורה,כן,תמורה,יב.,פירוש,לא,
2016,קובץ שיטות קמאי על תמורה,כן,תמורה,יב.,פירוש,לא,
2017,קובץ שיטות קמאי על תמורה,כן,תמורה,יב.,פירוש,לא,
2019,קובץ שיטות קמאי על תמורה,כן,תמורה,יב.,פירוש,לא,
2021,קובץ שיטות קמאי על תמורה,כן,תמורה,יב.,פירוש,לא,
2023,קובץ שיטות קמאי על תמורה,כן,תמורה,יב.,פירוש,לא,
2026,קובץ שיטות קמאי על תמורה,כן,תמורה,יב:,פירוש,לא,
2028,קובץ שיטות קמאי על תמורה,כן,תמורה,יב:,פירוש,לא,
2029,קובץ שיטות קמאי על תמורה,כן,תמורה,יב:,פירוש,לא,
2031,קובץ שיטות קמאי על תמורה,כן,תמורה,יב:,פירוש,לא,
2033,קובץ שיטות קמאי על תמורה,כן,תמורה,יב:,פירוש,לא,
2035,קובץ שיטות קמאי על תמורה,כן,תמורה,יב:,פירוש,לא,
2037,קובץ שיטות קמאי על תמורה,כן,תמורה,יב:,פירוש,לא,
2039,קובץ שיטות קמאי על תמורה,כן,תמורה,יב:,פירוש,לא,
2041,קובץ שיטות קמאי על תמורה,כן,תמורה,יב:,פירוש,לא,
2042,קובץ שיטות קמאי על תמורה,כן,תמורה,יב:,פירוש,לא,
2043,קובץ שיטות קמאי על תמורה,כן,תמורה,יב:,פירוש,לא,
2044,קובץ שיטות קמאי על תמורה,כן,תמורה,יב:,פירוש,לא,
2045,קובץ שיטות קמאי על תמורה,כן,תמורה,יב:,פירוש,לא,
2046,קובץ שיטות קמאי על תמורה,כן,תמורה,יב:,פירוש,לא,
2047,קובץ שיטות קמאי על תמורה,כן,תמורה,יב:,פירוש,לא,
2048,קובץ שיטות קמאי על תמורה,כן,תמורה,יב:,פירוש,לא,
2050,קובץ שיטות קמאי על תמורה,כן,תמורה,יב:,פירוש,לא,
2052,קובץ שיטות קמאי על תמורה,כן,תמורה,יב:,פירוש,לא,
2054,קובץ שיטות קמאי על תמורה,כן,תמורה,יב:,פירוש,לא,
2056,קובץ שיטות קמאי על תמורה,כן,תמורה,יב:,פירוש,לא,
2058,קובץ שיטות קמאי על תמורה,כן,תמורה,יב:,פירוש,לא,
2060,קובץ שיטות קמאי על תמורה,כן,תמורה,יב:,פירוש,לא,
2062,קובץ שיטות קמאי על תמורה,כן,תמורה,יב:,פירוש,לא,
2064,קובץ שיטות קמאי על תמורה,כן,תמורה,יב:,פירוש,לא,
2065,קובץ שיטות קמאי על תמורה,כן,תמורה,יב:,פירוש,לא,
2066,קובץ שיטות קמאי על תמורה,כן,תמורה,יב:,פירוש,לא,
2067,קובץ שיטות קמאי על תמורה,כן,תמורה,יב:,פירוש,לא,
2068,קובץ שיטות קמאי על תמורה,כן,תמורה,יב:,פירוש,לא,
2070,קובץ שיטות קמאי על תמורה,כן,תמורה,יב:,פירוש,לא,
2071,קובץ שיטות קמאי על תמורה,כן,תמורה,יב:,פירוש,לא,
2073,קובץ שיטות קמאי על תמורה,כן,תמורה,יב:,פירוש,לא,
2075,קובץ שיטות קמאי על תמורה,כן,תמורה,יב:,פירוש,לא,
2076,קובץ שיטות קמאי על תמורה,כן,תמורה,יב:,פירוש,לא,
2077,קובץ שיטות קמאי על תמורה,כן,תמורה,יב:,פירוש,לא,
2079,קובץ שיטות קמאי על תמורה,כן,תמורה,יב:,פירוש,לא,
2081,קובץ שיטות קמאי על תמורה,כן,תמורה,יב:,פירוש,לא,
2083,קובץ שיטות קמאי על תמורה,כן,תמורה,יב:,פירוש,לא,
2084,קובץ שיטות קמאי על תמורה,כן,תמורה,יב:,פירוש,לא,
2085,קובץ שיטות קמאי על תמורה,כן,תמורה,יב:,פירוש,לא,
2087,קובץ שיטות קמאי על תמורה,כן,תמורה,יב:,פירוש,לא,
2089,קובץ שיטות קמאי על תמורה,כן,תמורה,יב:,פירוש,לא,
2090,קובץ שיטות קמאי על תמורה,כן,תמורה,יב:,פירוש,לא,
2092,קובץ שיטות קמאי על תמורה,כן,תמורה,יב:,פירוש,לא,
2094,קובץ שיטות קמאי על תמורה,כן,תמורה,יב:,פירוש,לא,
2096,קובץ שיטות קמאי על תמורה,כן,תמורה,יב:,פירוש,לא,
2098,קובץ שיטות קמאי על תמורה,כן,תמורה,יב:,פירוש,לא,
2100,קובץ שיטות קמאי על תמורה,כן,תמורה,יב:,פירוש,לא,
2102,קובץ שיטות קמאי על תמורה,כן,תמורה,יב:,פירוש,לא,
2104,קובץ שיטות קמאי על תמורה,כן,תמורה,יב:,פירוש,לא,
2106,קובץ שיטות קמאי על תמורה,כן,תמורה,יב:,פירוש,לא,
2108,קובץ שיטות קמאי על תמורה,כן,תמורה,יב:,פירוש,לא,
2110,קובץ שיטות קמאי על תמורה,כן,תמורה,יב:,פירוש,לא,
2111,קובץ שיטות קמאי על תמורה,כן,תמורה,יב:,פירוש,לא,
2113,קובץ שיטות קמאי על תמורה,כן,תמורה,יב:,פירוש,לא,
2115,קובץ שיטות קמאי על תמורה,כן,תמורה,יב:,פירוש,לא,
2117,קובץ שיטות קמאי על תמורה,כן,תמורה,יב:,פירוש,לא,
2119,קובץ שיטות קמאי על תמורה,כן,תמורה,יב:,פירוש,לא,
2121,קובץ שיטות קמאי על תמורה,כן,תמורה,יב:,פירוש,לא,
2123,קובץ שיטות קמאי על תמורה,כן,תמורה,יב:,פירוש,לא,
2125,קובץ שיטות קמאי על תמורה,כן,תמורה,יב:,פירוש,לא,
2127,קובץ שיטות קמאי על תמורה,כן,תמורה,יב:,פירוש,לא,
2129,קובץ שיטות קמאי על תמורה,כן,תמורה,יב:,פירוש,לא,
2131,קובץ שיטות קמאי על תמורה,כן,תמורה,יב:,פירוש,לא,
2132,קובץ שיטות קמאי על תמורה,כן,תמורה,יב:,פירוש,לא,
2134,קובץ שיטות קמאי על תמורה,כן,תמורה,יב:,פירוש,לא,
2136,קובץ שיטות קמאי על תמורה,כן,תמורה,יב:,פירוש,לא,
2138,קובץ שיטות קמאי על תמורה,כן,תמורה,יב:,פירוש,לא,
2140,קובץ שיטות קמאי על תמורה,כן,תמורה,יב:,פירוש,לא,
2142,קובץ שיטות קמאי על תמורה,כן,תמורה,יב:,פירוש,לא,
2144,קובץ שיטות קמאי על תמורה,כן,תמורה,יב:,פירוש,לא,
2146,קובץ שיטות קמאי על תמורה,כן,תמורה,יב:,פירוש,לא,
2148,קובץ שיטות קמאי על תמורה,כן,תמורה,יב:,פירוש,לא,
2150,קובץ שיטות קמאי על תמורה,כן,תמורה,יב:,פירוש,לא,
2152,קובץ שיטות קמאי על תמורה,כן,תמורה,יב:,פירוש,לא,
2154,קובץ שיטות קמאי על תמורה,כן,תמורה,יב:,פירוש,לא,
2156,קובץ שיטות קמאי על תמורה,כן,תמורה,יב:,פירוש,לא,
2158,קובץ שיטות קמאי על תמורה,כן,תמורה,יב:,פירוש,לא,
2160,קובץ שיטות קמאי על תמורה,כן,תמורה,יב:,פירוש,לא,
2162,קובץ שיטות קמאי על תמורה,כן,תמורה,יב:,פירוש,לא,
2164,קובץ שיטות קמאי על תמורה,כן,תמורה,יב:,פירוש,לא,
2166,קובץ שיטות קמאי על תמורה,כן,תמורה,יב:,פירוש,לא,
2168,קובץ שיטות קמאי על תמורה,כן,תמורה,יב:,פירוש,לא,
2169,קובץ שיטות קמאי על תמורה,כן,תמורה,יב:,פירוש,לא,
2170,קובץ שיטות קמאי על תמורה,כן,תמורה,יב:,פירוש,לא,
2172,קובץ שיטות קמאי על תמורה,כן,תמורה,יב:,פירוש,לא,
2174,קובץ שיטות קמאי על תמורה,כן,תמורה,יב:,פירוש,לא,
2176,קובץ שיטות קמאי על תמורה,כן,תמורה,יב:,פירוש,לא,
2178,קובץ שיטות קמאי על תמורה,כן,תמורה,יב:,פירוש,לא,
2179,קובץ שיטות קמאי על תמורה,כן,תמורה,יב:,פירוש,לא,
2181,קובץ שיטות קמאי על תמורה,כן,תמורה,יב:,פירוש,לא,
2182,קובץ שיטות קמאי על תמורה,כן,תמורה,יב:,פירוש,לא,
2183,קובץ שיטות קמאי על תמורה,כן,תמורה,יב:,פירוש,לא,
2185,קובץ שיטות קמאי על תמורה,כן,תמורה,יב:,פירוש,לא,
2187,קובץ שיטות קמאי על תמורה,כן,תמורה,יב:,פירוש,לא,
2189,קובץ שיטות קמאי על תמורה,כן,תמורה,יב:,פירוש,לא,
2191,קובץ שיטות קמאי על תמורה,כן,תמורה,יב:,פירוש,לא,
2193,קובץ שיטות קמאי על תמורה,כן,תמורה,יב:,פירוש,לא,
2194,קובץ שיטות קמאי על תמורה,כן,תמורה,יב:,פירוש,לא,
2196,קובץ שיטות קמאי על תמורה,כן,תמורה,יב:,פירוש,לא,
2197,קובץ שיטות קמאי על תמורה,כן,תמורה,יב:,פירוש,לא,
2198,קובץ שיטות קמאי על תמורה,כן,תמורה,יב:,פירוש,לא,
2199,קובץ שיטות קמאי על תמורה,כן,תמורה,יב:,פירוש,לא,
2201,קובץ שיטות קמאי על תמורה,כן,תמורה,יב:,פירוש,לא,
2202,קובץ שיטות קמאי על תמורה,כן,תמורה,יב:,פירוש,לא,
2203,קובץ שיטות קמאי על תמורה,כן,תמורה,יב:,פירוש,לא,
2205,קובץ שיטות קמאי על תמורה,כן,תמורה,יב:,פירוש,לא,
2207,קובץ שיטות קמאי על תמורה,כן,תמורה,יב:,פירוש,לא,
2208,קובץ שיטות קמאי על תמורה,כן,תמורה,יב:,פירוש,לא,
2209,קובץ שיטות קמאי על תמורה,כן,תמורה,יב:,פירוש,לא,
2211,קובץ שיטות קמאי על תמורה,כן,תמורה,יב:,פירוש,לא,
2213,קובץ שיטות קמאי על תמורה,כן,תמורה,יב:,פירוש,לא,
2215,קובץ שיטות קמאי על תמורה,כן,תמורה,יב:,פירוש,לא,
2217,קובץ שיטות קמאי על תמורה,כן,תמורה,יב:,פירוש,לא,
2219,קובץ שיטות קמאי על תמורה,כן,תמורה,יב:,פירוש,לא,
2220,קובץ שיטות קמאי על תמורה,כן,תמורה,יב:,פירוש,לא,
2221,קובץ שיטות קמאי על תמורה,כן,תמורה,יב:,פירוש,לא,
2222,קובץ שיטות קמאי על תמורה,כן,תמורה,יב:,פירוש,לא,
2224,קובץ שיטות קמאי על תמורה,כן,תמורה,יב:,פירוש,לא,
2226,קובץ שיטות קמאי על תמורה,כן,תמורה,יב:,פירוש,לא,
2228,קובץ שיטות קמאי על תמורה,כן,תמורה,יב:,פירוש,לא,
2230,קובץ שיטות קמאי על תמורה,כן,תמורה,יב:,פירוש,לא,
2232,קובץ שיטות קמאי על תמורה,כן,תמורה,יב:,פירוש,לא,
2234,קובץ שיטות קמאי על תמורה,כן,תמורה,יב:,פירוש,לא,
2236,קובץ שיטות קמאי על תמורה,כן,תמורה,יב:,פירוש,לא,
2238,קובץ שיטות קמאי על תמורה,כן,תמורה,יב:,פירוש,לא,
2240,קובץ שיטות קמאי על תמורה,כן,תמורה,יב:,פירוש,לא,
2241,קובץ שיטות קמאי על תמורה,כן,תמורה,יב:,פירוש,לא,
2242,קובץ שיטות קמאי על תמורה,כן,תמורה,יב:,פירוש,לא,
2243,קובץ שיטות קמאי על תמורה,כן,תמורה,יב:,פירוש,לא,
2244,קובץ שיטות קמאי על תמורה,כן,תמורה,יב:,פירוש,לא,
2245,קובץ שיטות קמאי על תמורה,כן,תמורה,יב:,פירוש,לא,
2246,קובץ שיטות קמאי על תמורה,כן,תמורה,יב:,פירוש,לא,
2247,קובץ שיטות קמאי על תמורה,כן,תמורה,יב:,פירוש,לא,
2248,קובץ שיטות קמאי על תמורה,כן,תמורה,יב:,פירוש,לא,
2249,קובץ שיטות קמאי על תמורה,כן,תמורה,יב:,פירוש,לא,
2250,קובץ שיטות קמאי על תמורה,כן,תמורה,יב:,פירוש,לא,
2251,קובץ שיטות קמאי על תמורה,כן,תמורה,יב:,פירוש,לא,
2252,קובץ שיטות קמאי על תמורה,כן,תמורה,יב:,פירוש,לא,
2253,קובץ שיטות קמאי על תמורה,כן,תמורה,יב:,פירוש,לא,
2254,קובץ שיטות קמאי על תמורה,כן,תמורה,יב:,פירוש,לא,
2255,קובץ שיטות קמאי על תמורה,כן,תמורה,יב:,פירוש,לא,
2256,קובץ שיטות קמאי על תמורה,כן,תמורה,יב:,פירוש,לא,
2258,קובץ שיטות קמאי על תמורה,כן,תמורה,יב:,פירוש,לא,
2260,קובץ שיטות קמאי על תמורה,כן,תמורה,יב:,פירוש,לא,
2262,קובץ שיטות קמאי על תמורה,כן,תמורה,יב:,פירוש,לא,
2265,קובץ שיטות קמאי על תמורה,כן,תמורה,יג.,פירוש,לא,
2267,קובץ שיטות קמאי על תמורה,כן,תמורה,יג.,פירוש,לא,
2269,קובץ שיטות קמאי על תמורה,כן,תמורה,יג.,פירוש,לא,
2271,קובץ שיטות קמאי על תמורה,כן,תמורה,יג.,פירוש,לא,
2273,קובץ שיטות קמאי על תמורה,כן,תמורה,יג.,פירוש,לא,
2275,קובץ שיטות קמאי על תמורה,כן,תמורה,יג.,פירוש,לא,
2277,קובץ שיטות קמאי על תמורה,כן,תמורה,יג.,פירוש,לא,
2279,קובץ שיטות קמאי על תמורה,כן,תמורה,יג.,פירוש,לא,
2281,קובץ שיטות קמאי על תמורה,כן,תמורה,יג.,פירוש,לא,
2283,קובץ שיטות קמאי על תמורה,כן,תמורה,יג.,פירוש,לא,
2285,קובץ שיטות קמאי על תמורה,כן,תמורה,יג.,פירוש,לא,
2287,קובץ שיטות קמאי על תמורה,כן,תמורה,יג.,פירוש,לא,
2289,קובץ שיטות קמאי על תמורה,כן,תמורה,יג.,פירוש,לא,
2291,קובץ שיטות קמאי על תמורה,כן,תמורה,יג.,פירוש,לא,
2293,קובץ שיטות קמאי על תמורה,כן,תמורה,יג.,פירוש,לא,
2295,קובץ שיטות קמאי על תמורה,כן,תמורה,יג.,פירוש,לא,
2297,קובץ שיטות קמאי על תמורה,כן,תמורה,יג.,פירוש,לא,
2299,קובץ שיטות קמאי על תמורה,כן,תמורה,יג.,פירוש,לא,
2301,קובץ שיטות קמאי על תמורה,כן,תמורה,יג.,פירוש,לא,
2303,קובץ שיטות קמאי על תמורה,כן,תמורה,יג.,פירוש,לא,
2305,קובץ שיטות קמאי על תמורה,כן,תמורה,יג.,פירוש,לא,
2307,קובץ שיטות קמאי על תמורה,כן,תמורה,יג.,פירוש,לא,
2309,קובץ שיטות קמאי על תמורה,כן,תמורה,יג.,פירוש,לא,
2311,קובץ שיטות קמאי על תמורה,כן,תמורה,יג.,פירוש,לא,
2313,קובץ שיטות קמאי על תמורה,כן,תמורה,יג.,פירוש,לא,
2315,קובץ שיטות קמאי על תמורה,כן,תמורה,יג.,פירוש,לא,
2317,קובץ שיטות קמאי על תמורה,כן,תמורה,יג.,פירוש,לא,
2319,קובץ שיטות קמאי על תמורה,כן,תמורה,יג.,פירוש,לא,
2321,קובץ שיטות קמאי על תמורה,כן,תמורה,יג.,פירוש,לא,
2323,קובץ שיטות קמאי על תמורה,כן,תמורה,יג.,פירוש,לא,
2325,קובץ שיטות קמאי על תמורה,כן,תמורה,יג.,פירוש,לא,
2327,קובץ שיטות קמאי על תמורה,כן,תמורה,יג.,פירוש,לא,
2329,קובץ שיטות קמאי על תמורה,כן,תמורה,יג.,פירוש,לא,
2331,קובץ שיטות קמאי על תמורה,כן,תמורה,יג.,פירוש,לא,
2333,קובץ שיטות קמאי על תמורה,כן,תמורה,יג.,פירוש,לא,
2335,קובץ שיטות קמאי על תמורה,כן,תמורה,יג.,פירוש,לא,
2337,קובץ שיטות קמאי על תמורה,כן,תמורה,יג.,פירוש,לא,
2340,קובץ שיטות קמאי על תמורה,כן,תמורה,יג:,פירוש,לא,
2342,קובץ שיטות קמאי על תמורה,כן,תמורה,יג:,פירוש,לא,
2344,קובץ שיטות קמאי על תמורה,כן,תמורה,יג:,פירוש,לא,
2346,קובץ שיטות קמאי על תמורה,כן,תמורה,יג:,פירוש,לא,
2348,קובץ שיטות קמאי על תמורה,כן,תמורה,יג:,פירוש,לא,
2350,קובץ שיטות קמאי על תמורה,כן,תמורה,יג:,פירוש,לא,
2352,קובץ שיטות קמאי על תמורה,כן,תמורה,יג:,פירוש,לא,
2354,קובץ שיטות קמאי על תמורה,כן,תמורה,יג:,פירוש,לא,
2356,קובץ שיטות קמאי על תמורה,כן,תמורה,יג:,פירוש,לא,
2359,קובץ שיטות קמאי על תמורה,כן,תמורה,יד.,פירוש,לא,
2361,קובץ שיטות קמאי על תמורה,כן,תמורה,יד.,פירוש,לא,
2362,קובץ שיטות קמאי על תמורה,כן,תמורה,יד.,פירוש,לא,
2364,קובץ שיטות קמאי על תמורה,כן,תמורה,יד.,פירוש,לא,
2365,קובץ שיטות קמאי על תמורה,כן,תמורה,יד.,פירוש,לא,
2367,קובץ שיטות קמאי על תמורה,כן,תמורה,יד.,פירוש,לא,
2369,קובץ שיטות קמאי על תמורה,כן,תמורה,יד.,פירוש,לא,
2371,קובץ שיטות קמאי על תמורה,כן,תמורה,יד.,פירוש,לא,
2373,קובץ שיטות קמאי על תמורה,כן,תמורה,יד.,פירוש,לא,
2375,קובץ שיטות קמאי על תמורה,כן,תמורה,יד.,פירוש,לא,
2377,קובץ שיטות קמאי על תמורה,כן,תמורה,יד.,פירוש,לא,
2379,קובץ שיטות קמאי על תמורה,כן,תמורה,יד.,פירוש,לא,
2381,קובץ שיטות קמאי על תמורה,כן,תמורה,יד.,פירוש,לא,
2383,קובץ שיטות קמאי על תמורה,כן,תמורה,יד.,פירוש,לא,
2385,קובץ שיטות קמאי על תמורה,כן,תמורה,יד.,פירוש,לא,
2387,קובץ שיטות קמאי על תמורה,כן,תמורה,יד.,פירוש,לא,
2389,קובץ שיטות קמאי על תמורה,כן,תמורה,יד.,פירוש,לא,
2391,קובץ שיטות קמאי על תמורה,כן,תמורה,יד.,פירוש,לא,
2393,קובץ שיטות קמאי על תמורה,כן,תמורה,יד.,פירוש,לא,
2395,קובץ שיטות קמאי על תמורה,כן,תמורה,יד.,פירוש,לא,
2397,קובץ שיטות קמאי על תמורה,כן,תמורה,יד.,פירוש,לא,
2399,קובץ שיטות קמאי על תמורה,כן,תמורה,יד.,פירוש,לא,
2401,קובץ שיטות קמאי על תמורה,כן,תמורה,יד.,פירוש,לא,
2403,קובץ שיטות קמאי על תמורה,כן,תמורה,יד.,פירוש,לא,
2405,קובץ שיטות קמאי על תמורה,כן,תמורה,יד.,פירוש,לא,
2406,קובץ שיטות קמאי על תמורה,כן,תמורה,יד.,פירוש,לא,
2408,קובץ שיטות קמאי על תמורה,כן,תמורה,יד.,פירוש,לא,
2410,קובץ שיטות קמאי על תמורה,כן,תמורה,יד.,פירוש,לא,
2411,קובץ שיטות קמאי על תמורה,כן,תמורה,יד.,פירוש,לא,
2412,קובץ שיטות קמאי על תמורה,כן,תמורה,יד.,פירוש,לא,
2413,קובץ שיטות קמאי על תמורה,כן,תמורה,יד.,פירוש,לא,
2415,קובץ שיטות קמאי על תמורה,כן,תמורה,יד.,פירוש,לא,
2417,קובץ שיטות קמאי על תמורה,כן,תמורה,יד.,פירוש,לא,
2419,קובץ שיטות קמאי על תמורה,כן,תמורה,יד.,פירוש,לא,
2421,קובץ שיטות קמאי על תמורה,כן,תמורה,יד.,פירוש,לא,
2423,קובץ שיטות קמאי על תמורה,כן,תמורה,יד.,פירוש,לא,
2425,קובץ שיטות קמאי על תמורה,כן,תמורה,יד.,פירוש,לא,
2427,קובץ שיטות קמאי על תמורה,כן,תמורה,יד.,פירוש,לא,
2429,קובץ שיטות קמאי על תמורה,כן,תמורה,יד.,פירוש,לא,
2431,קובץ שיטות קמאי על תמורה,כן,תמורה,יד.,פירוש,לא,
2433,קובץ שיטות קמאי על תמורה,כן,תמורה,יד.,פירוש,לא,
2435,קובץ שיטות קמאי על תמורה,כן,תמורה,יד.,פירוש,לא,
2437,קובץ שיטות קמאי על תמורה,כן,תמורה,יד.,פירוש,לא,
2440,קובץ שיטות קמאי על תמורה,כן,תמורה,יד:,פירוש,לא,
2442,קובץ שיטות קמאי על תמורה,כן,תמורה,יד:,פירוש,לא,
2444,קובץ שיטות קמאי על תמורה,כן,תמורה,יד:,פירוש,לא,
2446,קובץ שיטות קמאי על תמורה,כן,תמורה,יד:,פירוש,לא,
2448,קובץ שיטות קמאי על תמורה,כן,תמורה,יד:,פירוש,לא,
2450,קובץ שיטות קמאי על תמורה,כן,תמורה,יד:,פירוש,לא,
2452,קובץ שיטות קמאי על תמורה,כן,תמורה,יד:,פירוש,לא,
2454,קובץ שיטות קמאי על תמורה,כן,תמורה,יד:,פירוש,לא,
2456,קובץ שיטות קמאי על תמורה,כן,תמורה,יד:,פירוש,לא,
2458,קובץ שיטות קמאי על תמורה,כן,תמורה,יד:,פירוש,לא,
2460,קובץ שיטות קמאי על תמורה,כן,תמורה,יד:,פירוש,לא,
2462,קובץ שיטות קמאי על תמורה,כן,תמורה,יד:,פירוש,לא,
2464,קובץ שיטות קמאי על תמורה,כן,תמורה,יד:,פירוש,לא,
2466,קובץ שיטות קמאי על תמורה,כן,תמורה,יד:,פירוש,לא,
2468,קובץ שיטות קמאי על תמורה,כן,תמורה,יד:,פירוש,לא,
2470,קובץ שיטות קמאי על תמורה,כן,תמורה,יד:,פירוש,לא,
2472,קובץ שיטות קמאי על תמורה,כן,תמורה,יד:,פירוש,לא,
2474,קובץ שיטות קמאי על תמורה,כן,תמורה,יד:,פירוש,לא,
2476,קובץ שיטות קמאי על תמורה,כן,תמורה,יד:,פירוש,לא,
2478,קובץ שיטות קמאי על תמורה,כן,תמורה,יד:,פירוש,לא,
2480,קובץ שיטות קמאי על תמורה,כן,תמורה,יד:,פירוש,לא,
2482,קובץ שיטות קמאי על תמורה,כן,תמורה,יד:,פירוש,לא,
2484,קובץ שיטות קמאי על תמורה,כן,תמורה,יד:,פירוש,לא,
2486,קובץ שיטות קמאי על תמורה,כן,תמורה,יד:,פירוש,לא,
2488,קובץ שיטות קמאי על תמורה,כן,תמורה,יד:,פירוש,לא,
2490,קובץ שיטות קמאי על תמורה,כן,תמורה,יד:,פירוש,לא,
2492,קובץ שיטות קמאי על תמורה,כן,תמורה,יד:,פירוש,לא,
2493,קובץ שיטות קמאי על תמורה,כן,תמורה,יד:,פירוש,לא,
2494,קובץ שיטות קמאי על תמורה,כן,תמורה,יד:,פירוש,לא,
2495,קובץ שיטות קמאי על תמורה,כן,תמורה,יד:,פירוש,לא,
2496,קובץ שיטות קמאי על תמורה,כן,תמורה,יד:,פירוש,לא,
2497,קובץ שיטות קמאי על תמורה,כן,תמורה,יד:,פירוש,לא,
2499,קובץ שיטות קמאי על תמורה,כן,תמורה,יד:,פירוש,לא,
2501,קובץ שיטות קמאי על תמורה,כן,תמורה,יד:,פירוש,לא,
2503,קובץ שיטות קמאי על תמורה,כן,תמורה,יד:,פירוש,לא,
2505,קובץ שיטות קמאי על תמורה,כן,תמורה,יד:,פירוש,לא,
2507,קובץ שיטות קמאי על תמורה,כן,תמורה,יד:,פירוש,לא,
2509,קובץ שיטות קמאי על תמורה,כן,תמורה,יד:,פירוש,לא,
2510,קובץ שיטות קמאי על תמורה,כן,תמורה,יד:,פירוש,לא,
2512,קובץ שיטות קמאי על תמורה,כן,תמורה,יד:,פירוש,לא,
2514,קובץ שיטות קמאי על תמורה,כן,תמורה,יד:,פירוש,לא,
2516,קובץ שיטות קמאי על תמורה,כן,תמורה,יד:,פירוש,לא,
2518,קובץ שיטות קמאי על תמורה,כן,תמורה,יד:,פירוש,לא,
2520,קובץ שיטות קמאי על תמורה,כן,תמורה,יד:,פירוש,לא,
2522,קובץ שיטות קמאי על תמורה,כן,תמורה,יד:,פירוש,לא,
2524,קובץ שיטות קמאי על תמורה,כן,תמורה,יד:,פירוש,לא,
2526,קובץ שיטות קמאי על תמורה,כן,תמורה,יד:,פירוש,לא,
2528,קובץ שיטות קמאי על תמורה,כן,תמורה,יד:,פירוש,לא,
2530,קובץ שיטות קמאי על תמורה,כן,תמורה,יד:,פירוש,לא,
2532,קובץ שיטות קמאי על תמורה,כן,תמורה,יד:,פירוש,לא,
2534,קובץ שיטות קמאי על תמורה,כן,תמורה,יד:,פירוש,לא,
2536,קובץ שיטות קמאי על תמורה,כן,תמורה,יד:,פירוש,לא,
2538,קובץ שיטות קמאי על תמורה,כן,תמורה,יד:,פירוש,לא,
2540,קובץ שיטות קמאי על תמורה,כן,תמורה,יד:,פירוש,לא,
2542,קובץ שיטות קמאי על תמורה,כן,תמורה,יד:,פירוש,לא,
2544,קובץ שיטות קמאי על תמורה,כן,תמורה,יד:,פירוש,לא,
2547,קובץ שיטות קמאי על תמורה,כן,תמורה,טו.,פירוש,לא,
2549,קובץ שיטות קמאי על תמורה,כן,תמורה,טו.,פירוש,לא,
2551,קובץ שיטות קמאי על תמורה,כן,תמורה,טו.,פירוש,לא,
2553,קובץ שיטות קמאי על תמורה,כן,תמורה,טו.,פירוש,לא,
2555,קובץ שיטות קמאי על תמורה,כן,תמורה,טו.,פירוש,לא,
2557,קובץ שיטות קמאי על תמורה,כן,תמורה,טו.,פירוש,לא,
2559,קובץ שיטות קמאי על תמורה,כן,תמורה,טו.,פירוש,לא,
2561,קובץ שיטות קמאי על תמורה,כן,תמורה,טו.,פירוש,לא,
2563,קובץ שיטות קמאי על תמורה,כן,תמורה,טו.,פירוש,לא,
2565,קובץ שיטות קמאי על תמורה,כן,תמורה,טו.,פירוש,לא,
2567,קובץ שיטות קמאי על תמורה,כן,תמורה,טו.,פירוש,לא,
2569,קובץ שיטות קמאי על תמורה,כן,תמורה,טו.,פירוש,לא,
2571,קובץ שיטות קמאי על תמורה,כן,תמורה,טו.,פירוש,לא,
2573,קובץ שיטות קמאי על תמורה,כן,תמורה,טו.,פירוש,לא,
2575,קובץ שיטות קמאי על תמורה,כן,תמורה,טו.,פירוש,לא,
2577,קובץ שיטות קמאי על תמורה,כן,תמורה,טו.,פירוש,לא,
2579,קובץ שיטות קמאי על תמורה,כן,תמורה,טו.,פירוש,לא,
2582,קובץ שיטות קמאי על תמורה,כן,תמורה,טו:,פירוש,לא,
2584,קובץ שיטות קמאי על תמורה,כן,תמורה,טו:,פירוש,לא,
2586,קובץ שיטות קמאי על תמורה,כן,תמורה,טו:,פירוש,לא,
2588,קובץ שיטות קמאי על תמורה,כן,תמורה,טו:,פירוש,לא,
2590,קובץ שיטות קמאי על תמורה,כן,תמורה,טו:,פירוש,לא,
2592,קובץ שיטות קמאי על תמורה,כן,תמורה,טו:,פירוש,לא,
2593,קובץ שיטות קמאי על תמורה,כן,תמורה,טו:,פירוש,לא,
2595,קובץ שיטות קמאי על תמורה,כן,תמורה,טו:,פירוש,לא,
2597,קובץ שיטות קמאי על תמורה,כן,תמורה,טו:,פירוש,לא,
2599,קובץ שיטות קמאי על תמורה,כן,תמורה,טו:,פירוש,לא,
2601,קובץ שיטות קמאי על תמורה,כן,תמורה,טו:,פירוש,לא,
2603,קובץ שיטות קמאי על תמורה,כן,תמורה,טו:,פירוש,לא,
2605,קובץ שיטות קמאי על תמורה,כן,תמורה,טו:,פירוש,לא,
2606,קובץ שיטות קמאי על תמורה,כן,תמורה,טו:,פירוש,לא,
2607,קובץ שיטות קמאי על תמורה,כן,תמורה,טו:,פירוש,לא,
2609,קובץ שיטות קמאי על תמורה,כן,תמורה,טו:,פירוש,לא,
2611,קובץ שיטות קמאי על תמורה,כן,תמורה,טו:,פירוש,לא,
2613,קובץ שיטות קמאי על תמורה,כן,תמורה,טו:,פירוש,לא,
2615,קובץ שיטות קמאי על תמורה,כן,תמורה,טו:,פירוש,לא,
2617,קובץ שיטות קמאי על תמורה,כן,תמורה,טו:,פירוש,לא,
2619,קובץ שיטות קמאי על תמורה,כן,תמורה,טו:,פירוש,לא,
2621,קובץ שיטות קמאי על תמורה,כן,תמורה,טו:,פירוש,לא,
2623,קובץ שיטות קמאי על תמורה,כן,תמורה,טו:,פירוש,לא,
2625,קובץ שיטות קמאי על תמורה,כן,תמורה,טו:,פירוש,לא,
2626,קובץ שיטות קמאי על תמורה,כן,תמורה,טו:,פירוש,לא,
2627,קובץ שיטות קמאי על תמורה,כן,תמורה,טו:,פירוש,לא,
2628,קובץ שיטות קמאי על תמורה,כן,תמורה,טו:,פירוש,לא,
2629,קובץ שיטות קמאי על תמורה,כן,תמורה,טו:,פירוש,לא,
2630,קובץ שיטות קמאי על תמורה,כן,תמורה,טו:,פירוש,לא,
2631,קובץ שיטות קמאי על תמורה,כן,תמורה,טו:,פירוש,לא,
2632,קובץ שיטות קמאי על תמורה,כן,תמורה,טו:,פירוש,לא,
2633,קובץ שיטות קמאי על תמורה,כן,תמורה,טו:,פירוש,לא,
2634,קובץ שיטות קמאי על תמורה,כן,תמורה,טו:,פירוש,לא,
2635,קובץ שיטות קמאי על תמורה,כן,תמורה,טו:,פירוש,לא,
2636,קובץ שיטות קמאי על תמורה,כן,תמורה,טו:,פירוש,לא,
2637,קובץ שיטות קמאי על תמורה,כן,תמורה,טו:,פירוש,לא,
2638,קובץ שיטות קמאי על תמורה,כן,תמורה,טו:,פירוש,לא,
2639,קובץ שיטות קמאי על תמורה,כן,תמורה,טו:,פירוש,לא,
2641,קובץ שיטות קמאי על תמורה,כן,תמורה,טו:,פירוש,לא,
2643,קובץ שיטות קמאי על תמורה,כן,תמורה,טו:,פירוש,לא,
2645,קובץ שיטות קמאי על תמורה,כן,תמורה,טו:,פירוש,לא,
2647,קובץ שיטות קמאי על תמורה,כן,תמורה,טו:,פירוש,לא,
2649,קובץ שיטות קמאי על תמורה,כן,תמורה,טו:,פירוש,לא,
2652,קובץ שיטות קמאי על תמורה,כן,תמורה,טז.,פירוש,לא,
2654,קובץ שיטות קמאי על תמורה,כן,תמורה,טז.,פירוש,לא,
2656,קובץ שיטות קמאי על תמורה,כן,תמורה,טז.,פירוש,לא,
2658,קובץ שיטות קמאי על תמורה,כן,תמורה,טז.,פירוש,לא,
2660,קובץ שיטות קמאי על תמורה,כן,תמורה,טז.,פירוש,לא,
2662,קובץ שיטות קמאי על תמורה,כן,תמורה,טז.,פירוש,לא,
2664,קובץ שיטות קמאי על תמורה,כן,תמורה,טז.,פירוש,לא,
2665,קובץ שיטות קמאי על תמורה,כן,תמורה,טז.,פירוש,לא,
2666,קובץ שיטות קמאי על תמורה,כן,תמורה,טז.,פירוש,לא,
2667,קובץ שיטות קמאי על תמורה,כן,תמורה,טז.,פירוש,לא,
2668,קובץ שיטות קמאי על תמורה,כן,תמורה,טז.,פירוש,לא,
2669,קובץ שיטות קמאי על תמורה,כן,תמורה,טז.,פירוש,לא,
2670,קובץ שיטות קמאי על תמורה,כן,תמורה,טז.,פירוש,לא,
2671,קובץ שיטות קמאי על תמורה,כן,תמורה,טז.,פירוש,לא,
2672,קובץ שיטות קמאי על תמורה,כן,תמורה,טז.,פירוש,לא,
2673,קובץ שיטות קמאי על תמורה,כן,תמורה,טז.,פירוש,לא,
2674,קובץ שיטות קמאי על תמורה,כן,תמורה,טז.,פירוש,לא,
2675,קובץ שיטות קמאי על תמורה,כן,תמורה,טז.,פירוש,לא,
2677,קובץ שיטות קמאי על תמורה,כן,תמורה,טז.,פירוש,לא,
2679,קובץ שיטות קמאי על תמורה,כן,תמורה,טז.,פירוש,לא,
2681,קובץ שיטות קמאי על תמורה,כן,תמורה,טז.,פירוש,לא,
2683,קובץ שיטות קמאי על תמורה,כן,תמורה,טז.,פירוש,לא,
2685,קובץ שיטות קמאי על תמורה,כן,תמורה,טז.,פירוש,לא,
2687,קובץ שיטות קמאי על תמורה,כן,תמורה,טז.,פירוש,לא,
2689,קובץ שיטות קמאי על תמורה,כן,תמורה,טז.,פירוש,לא,
2691,קובץ שיטות קמאי על תמורה,כן,תמורה,טז.,פירוש,לא,
2693,קובץ שיטות קמאי על תמורה,כן,תמורה,טז.,פירוש,לא,
2695,קובץ שיטות קמאי על תמורה,כן,תמורה,טז.,פירוש,לא,
2697,קובץ שיטות קמאי על תמורה,כן,תמורה,טז.,פירוש,לא,
2699,קובץ שיטות קמאי על תמורה,כן,תמורה,טז.,פירוש,לא,
2701,קובץ שיטות קמאי על תמורה,כן,תמורה,טז.,פירוש,לא,
2703,קובץ שיטות קמאי על תמורה,כן,תמורה,טז.,פירוש,לא,
2705,קובץ שיטות קמאי על תמורה,כן,תמורה,טז.,פירוש,לא,
2707,קובץ שיטות קמאי על תמורה,כן,תמורה,טז.,פירוש,לא,
2710,קובץ שיטות קמאי על תמורה,כן,תמורה,טז:,פירוש,לא,
2712,קובץ שיטות קמאי על תמורה,כן,תמורה,טז:,פירוש,לא,
2714,קובץ שיטות קמאי על תמורה,כן,תמורה,טז:,פירוש,לא,
2716,קובץ שיטות קמאי על תמורה,כן,תמורה,טז:,פירוש,לא,
2718,קובץ שיטות קמאי על תמורה,כן,תמורה,טז:,פירוש,לא,
2720,קובץ שיטות קמאי על תמורה,כן,תמורה,טז:,פירוש,לא,
2722,קובץ שיטות קמאי על תמורה,כן,תמורה,טז:,פירוש,לא,
2724,קובץ שיטות קמאי על תמורה,כן,תמורה,טז:,פירוש,לא,
2726,קובץ שיטות קמאי על תמורה,כן,תמורה,טז:,פירוש,לא,
2728,קובץ שיטות קמאי על תמורה,כן,תמורה,טז:,פירוש,לא,
2730,קובץ שיטות קמאי על תמורה,כן,תמורה,טז:,פירוש,לא,
2732,קובץ שיטות קמאי על תמורה,כן,תמורה,טז:,פירוש,לא,
2735,קובץ שיטות קמאי על תמורה,כן,תמורה,יז.,פירוש,לא,
2737,קובץ שיטות קמאי על תמורה,כן,תמורה,יז.,פירוש,לא,
2739,קובץ שיטות קמאי על תמורה,כן,תמורה,יז.,פירוש,לא,
2741,קובץ שיטות קמאי על תמורה,כן,תמורה,יז.,פירוש,לא,
2742,קובץ שיטות קמאי על תמורה,כן,תמורה,יז.,פירוש,לא,
2744,קובץ שיטות קמאי על תמורה,כן,תמורה,יז.,פירוש,לא,
2746,קובץ שיטות קמאי על תמורה,כן,תמורה,יז.,פירוש,לא,
2747,קובץ שיטות קמאי על תמורה,כן,תמורה,יז.,פירוש,לא,
2749,קובץ שיטות קמאי על תמורה,כן,תמורה,יז.,פירוש,לא,
2751,קובץ שיטות קמאי על תמורה,כן,תמורה,יז.,פירוש,לא,
2753,קובץ שיטות קמאי על תמורה,כן,תמורה,יז.,פירוש,לא,
2755,קובץ שיטות קמאי על תמורה,כן,תמורה,יז.,פירוש,לא,
2757,קובץ שיטות קמאי על תמורה,כן,תמורה,יז.,פירוש,לא,
2758,קובץ שיטות קמאי על תמורה,כן,תמורה,יז.,פירוש,לא,
2759,קובץ שיטות קמאי על תמורה,כן,תמורה,יז.,פירוש,לא,
2761,קובץ שיטות קמאי על תמורה,כן,תמורה,יז.,פירוש,לא,
2763,קובץ שיטות קמאי על תמורה,כן,תמורה,יז.,פירוש,לא,
2765,קובץ שיטות קמאי על תמורה,כן,תמורה,יז.,פירוש,לא,
2767,קובץ שיטות קמאי על תמורה,כן,תמורה,יז.,פירוש,לא,
2769,קובץ שיטות קמאי על תמורה,כן,תמורה,יז.,פירוש,לא,
2771,קובץ שיטות קמאי על תמורה,כן,תמורה,יז.,פירוש,לא,
2773,קובץ שיטות קמאי על תמורה,כן,תמורה,יז.,פירוש,לא,
2775,קובץ שיטות קמאי על תמורה,כן,תמורה,יז.,פירוש,לא,
2777,קובץ שיטות קמאי על תמורה,כן,תמורה,יז.,פירוש,לא,
2779,קובץ שיטות קמאי על תמורה,כן,תמורה,יז.,פירוש,לא,
2781,קובץ שיטות קמאי על תמורה,כן,תמורה,יז.,פירוש,לא,
2783,קובץ שיטות קמאי על תמורה,כן,תמורה,יז.,פירוש,לא,
2785,קובץ שיטות קמאי על תמורה,כן,תמורה,יז.,פירוש,לא,
2787,קובץ שיטות קמאי על תמורה,כן,תמורה,יז.,פירוש,לא,
2789,קובץ שיטות קמאי על תמורה,כן,תמורה,יז.,פירוש,לא,
2791,קובץ שיטות קמאי על תמורה,כן,תמורה,יז.,פירוש,לא,
2793,קובץ שיטות קמאי על תמורה,כן,תמורה,יז.,פירוש,לא,
2795,קובץ שיטות קמאי על תמורה,כן,תמורה,יז.,פירוש,לא,
2797,קובץ שיטות קמאי על תמורה,כן,תמורה,יז.,פירוש,לא,
2799,קובץ שיטות קמאי על תמורה,כן,תמורה,יז.,פירוש,לא,
2802,קובץ שיטות קמאי על תמורה,כן,תמורה,יז:,פירוש,לא,
2804,קובץ שיטות קמאי על תמורה,כן,תמורה,יז:,פירוש,לא,
2806,קובץ שיטות קמאי על תמורה,כן,תמורה,יז:,פירוש,לא,
2808,קובץ שיטות קמאי על תמורה,כן,תמורה,יז:,פירוש,לא,
2810,קובץ שיטות קמאי על תמורה,כן,תמורה,יז:,פירוש,לא,
2812,קובץ שיטות קמאי על תמורה,כן,תמורה,יז:,פירוש,לא,
2814,קובץ שיטות קמאי על תמורה,כן,תמורה,יז:,פירוש,לא,
2816,קובץ שיטות קמאי על תמורה,כן,תמורה,יז:,פירוש,לא,
2818,קובץ שיטות קמאי על תמורה,כן,תמורה,יז:,פירוש,לא,
2820,קובץ שיטות קמאי על תמורה,כן,תמורה,יז:,פירוש,לא,
2822,קובץ שיטות קמאי על תמורה,כן,תמורה,יז:,פירוש,לא,
2824,קובץ שיטות קמאי על תמורה,כן,תמורה,יז:,פירוש,לא,
2826,קובץ שיטות קמאי על תמורה,כן,תמורה,יז:,פירוש,לא,
2828,קובץ שיטות קמאי על תמורה,כן,תמורה,יז:,פירוש,לא,
2830,קובץ שיטות קמאי על תמורה,כן,תמורה,יז:,פירוש,לא,
2832,קובץ שיטות קמאי על תמורה,כן,תמורה,יז:,פירוש,לא,
2834,קובץ שיטות קמאי על תמורה,כן,תמורה,יז:,פירוש,לא,
2836,קובץ שיטות קמאי על תמורה,כן,תמורה,יז:,פירוש,לא,
2838,קובץ שיטות קמאי על תמורה,כן,תמורה,יז:,פירוש,לא,
2839,קובץ שיטות קמאי על תמורה,כן,תמורה,יז:,פירוש,לא,
2841,קובץ שיטות קמאי על תמורה,כן,תמורה,יז:,פירוש,לא,
2843,קובץ שיטות קמאי על תמורה,כן,תמורה,יז:,פירוש,לא,
2845,קובץ שיטות קמאי על תמורה,כן,תמורה,יז:,פירוש,לא,
2847,קובץ שיטות קמאי על תמורה,כן,תמורה,יז:,פירוש,לא,
2849,קובץ שיטות קמאי על תמורה,כן,תמורה,יז:,פירוש,לא,
2851,קובץ שיטות קמאי על תמורה,כן,תמורה,יז:,פירוש,לא,
2853,קובץ שיטות קמאי על תמורה,כן,תמורה,יז:,פירוש,לא,
2855,קובץ שיטות קמאי על תמורה,כן,תמורה,יז:,פירוש,לא,
2857,קובץ שיטות קמאי על תמורה,כן,תמורה,יז:,פירוש,לא,
2859,קובץ שיטות קמאי על תמורה,כן,תמורה,יז:,פירוש,לא,
2861,קובץ שיטות קמאי על תמורה,כן,תמורה,יז:,פירוש,לא,
2864,קובץ שיטות קמאי על תמורה,כן,תמורה,יח.,פירוש,לא,
2866,קובץ שיטות קמאי על תמורה,כן,תמורה,יח.,פירוש,לא,
2868,קובץ שיטות קמאי על תמורה,כן,תמורה,יח.,פירוש,לא,
2870,קובץ שיטות קמאי על תמורה,כן,תמורה,יח.,פירוש,לא,
2872,קובץ שיטות קמאי על תמורה,כן,תמורה,יח.,פירוש,לא,
2874,קובץ שיטות קמאי על תמורה,כן,תמורה,יח.,פירוש,לא,
2876,קובץ שיטות קמאי על תמורה,כן,תמורה,יח.,פירוש,לא,
2878,קובץ שיטות קמאי על תמורה,כן,תמורה,יח.,פירוש,לא,
2880,קובץ שיטות קמאי על תמורה,כן,תמורה,יח.,פירוש,לא,
2882,קובץ שיטות קמאי על תמורה,כן,תמורה,יח.,פירוש,לא,
2884,קובץ שיטות קמאי על תמורה,כן,תמורה,יח.,פירוש,לא,
2886,קובץ שיטות קמאי על תמורה,כן,תמורה,יח.,פירוש,לא,
2888,קובץ שיטות קמאי על תמורה,כן,תמורה,יח.,פירוש,לא,
2890,קובץ שיטות קמאי על תמורה,כן,תמורה,יח.,פירוש,לא,
2892,קובץ שיטות קמאי על תמורה,כן,תמורה,יח.,פירוש,לא,
2894,קובץ שיטות קמאי על תמורה,כן,תמורה,יח.,פירוש,לא,
2896,קובץ שיטות קמאי על תמורה,כן,תמורה,יח.,פירוש,לא,
2898,קובץ שיטות קמאי על תמורה,כן,תמורה,יח.,פירוש,לא,
2900,קובץ שיטות קמאי על תמורה,כן,תמורה,יח.,פירוש,לא,
2902,קובץ שיטות קמאי על תמורה,כן,תמורה,יח.,פירוש,לא,
2904,קובץ שיטות קמאי על תמורה,כן,תמורה,יח.,פירוש,לא,
2905,קובץ שיטות קמאי על תמורה,כן,תמורה,יח.,פירוש,לא,
2907,קובץ שיטות קמאי על תמורה,כן,תמורה,יח.,פירוש,לא,
2909,קובץ שיטות קמאי על תמורה,כן,תמורה,יח.,פירוש,לא,
2910,קובץ שיטות קמאי על תמורה,כן,תמורה,יח.,פירוש,לא,
2912,קובץ שיטות קמאי על תמורה,כן,תמורה,יח.,פירוש,לא,
2914,קובץ שיטות קמאי על תמורה,כן,תמורה,יח.,פירוש,לא,
2916,קובץ שיטות קמאי על תמורה,כן,תמורה,יח.,פירוש,לא,
2918,קובץ שיטות קמאי על תמורה,כן,תמורה,יח.,פירוש,לא,
2921,קובץ שיטות קמאי על תמורה,כן,תמורה,יח:,פירוש,לא,
2923,קובץ שיטות קמאי על תמורה,כן,תמורה,יח:,פירוש,לא,
2925,קובץ שיטות קמאי על תמורה,כן,תמורה,יח:,פירוש,לא,
2927,קובץ שיטות קמאי על תמורה,כן,תמורה,יח:,פירוש,לא,
2929,קובץ שיטות קמאי על תמורה,כן,תמורה,יח:,פירוש,לא,
2931,קובץ שיטות קמאי על תמורה,כן,תמורה,יח:,פירוש,לא,
2933,קובץ שיטות קמאי על תמורה,כן,תמורה,יח:,פירוש,לא,
2935,קובץ שיטות קמאי על תמורה,כן,תמורה,יח:,פירוש,לא,
2937,קובץ שיטות קמאי על תמורה,כן,תמורה,יח:,פירוש,לא,
2939,קובץ שיטות קמאי על תמורה,כן,תמורה,יח:,פירוש,לא,
2941,קובץ שיטות קמאי על תמורה,כן,תמורה,יח:,פירוש,לא,
2943,קובץ שיטות קמאי על תמורה,כן,תמורה,יח:,פירוש,לא,
2945,קובץ שיטות קמאי על תמורה,כן,תמורה,יח:,פירוש,לא,
2947,קובץ שיטות קמאי על תמורה,כן,תמורה,יח:,פירוש,לא,
2950,קובץ שיטות קמאי על תמורה,כן,תמורה,יט.,פירוש,לא,
2952,קובץ שיטות קמאי על תמורה,כן,תמורה,יט.,פירוש,לא,
2954,קובץ שיטות קמאי על תמורה,כן,תמורה,יט.,פירוש,לא,
2956,קובץ שיטות קמאי על תמורה,כן,תמורה,יט.,פירוש,לא,
2958,קובץ שיטות קמאי על תמורה,כן,תמורה,יט.,פירוש,לא,
2960,קובץ שיטות קמאי על תמורה,כן,תמורה,יט.,פירוש,לא,
2962,קובץ שיטות קמאי על תמורה,כן,תמורה,יט.,פירוש,לא,
2964,קובץ שיטות קמאי על תמורה,כן,תמורה,יט.,פירוש,לא,
2966,קובץ שיטות קמאי על תמורה,כן,תמורה,יט.,פירוש,לא,
2968,קובץ שיטות קמאי על תמורה,כן,תמורה,יט.,פירוש,לא,
2970,קובץ שיטות קמאי על תמורה,כן,תמורה,יט.,פירוש,לא,
2971,קובץ שיטות קמאי על תמורה,כן,תמורה,יט.,פירוש,לא,
2972,קובץ שיטות קמאי על תמורה,כן,תמורה,יט.,פירוש,לא,
2974,קובץ שיטות קמאי על תמורה,כן,תמורה,יט.,פירוש,לא,
2976,קובץ שיטות קמאי על תמורה,כן,תמורה,יט.,פירוש,לא,
2978,קובץ שיטות קמאי על תמורה,כן,תמורה,יט.,פירוש,לא,
2980,קובץ שיטות קמאי על תמורה,כן,תמורה,יט.,פירוש,לא,
2983,קובץ שיטות קמאי על תמורה,כן,תמורה,יט:,פירוש,לא,
2985,קובץ שיטות קמאי על תמורה,כן,תמורה,יט:,פירוש,לא,
2987,קובץ שיטות קמאי על תמורה,כן,תמורה,יט:,פירוש,לא,
2989,קובץ שיטות קמאי על תמורה,כן,תמורה,יט:,פירוש,לא,
2991,קובץ שיטות קמאי על תמורה,כן,תמורה,יט:,פירוש,לא,
2993,קובץ שיטות קמאי על תמורה,כן,תמורה,יט:,פירוש,לא,
2995,קובץ שיטות קמאי על תמורה,כן,תמורה,יט:,פירוש,לא,
2997,קובץ שיטות קמאי על תמורה,כן,תמורה,יט:,פירוש,לא,
2999,קובץ שיטות קמאי על תמורה,כן,תמורה,יט:,פירוש,לא,
3001,קובץ שיטות קמאי על תמורה,כן,תמורה,יט:,פירוש,לא,
3003,קובץ שיטות קמאי על תמורה,כן,תמורה,יט:,פירוש,לא,
3005,קובץ שיטות קמאי על תמורה,כן,תמורה,יט:,פירוש,לא,
3007,קובץ שיטות קמאי על תמורה,כן,תמורה,יט:,פירוש,לא,
3009,קובץ שיטות קמאי על תמורה,כן,תמורה,יט:,פירוש,לא,
3011,קובץ שיטות קמאי על תמורה,כן,תמורה,יט:,פירוש,לא,
3014,קובץ שיטות קמאי על תמורה,כן,תמורה,כ.,פירוש,לא,
3016,קובץ שיטות קמאי על תמורה,כן,תמורה,כ.,פירוש,לא,
3018,קובץ שיטות קמאי על תמורה,כן,תמורה,כ.,פירוש,לא,
3020,קובץ שיטות קמאי על תמורה,כן,תמורה,כ.,פירוש,לא,
3022,קובץ שיטות קמאי על תמורה,כן,תמורה,כ.,פירוש,לא,
3024,קובץ שיטות קמאי על תמורה,כן,תמורה,כ.,פירוש,לא,
3026,קובץ שיטות קמאי על תמורה,כן,תמורה,כ.,פירוש,לא,
3028,קובץ שיטות קמאי על תמורה,כן,תמורה,כ.,פירוש,לא,
3030,קובץ שיטות קמאי על תמורה,כן,תמורה,כ.,פירוש,לא,
3032,קובץ שיטות קמאי על תמורה,כן,תמורה,כ.,פירוש,לא,
3034,קובץ שיטות קמאי על תמורה,כן,תמורה,כ.,פירוש,לא,
3036,קובץ שיטות קמאי על תמורה,כן,תמורה,כ.,פירוש,לא,
3038,קובץ שיטות קמאי על תמורה,כן,תמורה,כ.,פירוש,לא,
3040,קובץ שיטות קמאי על תמורה,כן,תמורה,כ.,פירוש,לא,
3042,קובץ שיטות קמאי על תמורה,כן,תמורה,כ.,פירוש,לא,
3044,קובץ שיטות קמאי על תמורה,כן,תמורה,כ.,פירוש,לא,
3046,קובץ שיטות קמאי על תמורה,כן,תמורה,כ.,פירוש,לא,
3049,קובץ שיטות קמאי על תמורה,כן,תמורה,כ:,פירוש,לא,
3051,קובץ שיטות קמאי על תמורה,כן,תמורה,כ:,פירוש,לא,
3053,קובץ שיטות קמאי על תמורה,כן,תמורה,כ:,פירוש,לא,
3055,קובץ שיטות קמאי על תמורה,כן,תמורה,כ:,פירוש,לא,
3057,קובץ שיטות קמאי על תמורה,כן,תמורה,כ:,פירוש,לא,
3059,קובץ שיטות קמאי על תמורה,כן,תמורה,כ:,פירוש,לא,
3061,קובץ שיטות קמאי על תמורה,כן,תמורה,כ:,פירוש,לא,
3063,קובץ שיטות קמאי על תמורה,כן,תמורה,כ:,פירוש,לא,
3065,קובץ שיטות קמאי על תמורה,כן,תמורה,כ:,פירוש,לא,
3067,קובץ שיטות קמאי על תמורה,כן,תמורה,כ:,פירוש,לא,
3069,קובץ שיטות קמאי על תמורה,כן,תמורה,כ:,פירוש,לא,
3071,קובץ שיטות קמאי על תמורה,כן,תמורה,כ:,פירוש,לא,
3073,קובץ שיטות קמאי על תמורה,כן,תמורה,כ:,פירוש,לא,
3075,קובץ שיטות קמאי על תמורה,כן,תמורה,כ:,פירוש,לא,
3077,קובץ שיטות קמאי על תמורה,כן,תמורה,כ:,פירוש,לא,
3079,קובץ שיטות קמאי על תמורה,כן,תמורה,כ:,פירוש,לא,
3081,קובץ שיטות קמאי על תמורה,כן,תמורה,כ:,פירוש,לא,
3083,קובץ שיטות קמאי על תמורה,כן,תמורה,כ:,פירוש,לא,
3085,קובץ שיטות קמאי על תמורה,כן,תמורה,כ:,פירוש,לא,
3087,קובץ שיטות קמאי על תמורה,כן,תמורה,כ:,פירוש,לא,
3089,קובץ שיטות קמאי על תמורה,כן,תמורה,כ:,פירוש,לא,
3091,קובץ שיטות קמאי על תמורה,כן,תמורה,כ:,פירוש,לא,
3093,קובץ שיטות קמאי על תמורה,כן,תמורה,כ:,פירוש,לא,
3096,קובץ שיטות קמאי על תמורה,כן,תמורה,כא.,פירוש,לא,
3098,קובץ שיטות קמאי על תמורה,כן,תמורה,כא.,פירוש,לא,
3100,קובץ שיטות קמאי על תמורה,כן,תמורה,כא.,פירוש,לא,
3102,קובץ שיטות קמאי על תמורה,כן,תמורה,כא.,פירוש,לא,
3104,קובץ שיטות קמאי על תמורה,כן,תמורה,כא.,פירוש,לא,
3105,קובץ שיטות קמאי על תמורה,כן,תמורה,כא.,פירוש,לא,
3106,קובץ שיטות קמאי על תמורה,כן,תמורה,כא.,פירוש,לא,
3107,קובץ שיטות קמאי על תמורה,כן,תמורה,כא.,פירוש,לא,
3109,קובץ שיטות קמאי על תמורה,כן,תמורה,כא.,פירוש,לא,
3111,קובץ שיטות קמאי על תמורה,כן,תמורה,כא.,פירוש,לא,
3113,קובץ שיטות קמאי על תמורה,כן,תמורה,כא.,פירוש,לא,
3114,קובץ שיטות קמאי על תמורה,כן,תמורה,כא.,פירוש,לא,
3115,קובץ שיטות קמאי על תמורה,כן,תמורה,כא.,פירוש,לא,
3116,קובץ שיטות קמאי על תמורה,כן,תמורה,כא.,פירוש,לא,
3117,קובץ שיטות קמאי על תמורה,כן,תמורה,כא.,פירוש,לא,
3119,קובץ שיטות קמאי על תמורה,כן,תמורה,כא.,פירוש,לא,
3121,קובץ שיטות קמאי על תמורה,כן,תמורה,כא.,פירוש,לא,
3123,קובץ שיטות קמאי על תמורה,כן,תמורה,כא.,פירוש,לא,
3125,קובץ שיטות קמאי על תמורה,כן,תמורה,כא.,פירוש,לא,
3127,קובץ שיטות קמאי על תמורה,כן,תמורה,כא.,פירוש,לא,
3129,קובץ שיטות קמאי על תמורה,כן,תמורה,כא.,פירוש,לא,
3131,קובץ שיטות קמאי על תמורה,כן,תמורה,כא.,פירוש,לא,
3133,קובץ שיטות קמאי על תמורה,כן,תמורה,כא.,פירוש,לא,
3134,קובץ שיטות קמאי על תמורה,כן,תמורה,כא.,פירוש,לא,
3136,קובץ שיטות קמאי על תמורה,כן,תמורה,כא.,פירוש,לא,
3138,קובץ שיטות קמאי על תמורה,כן,תמורה,כא.,פירוש,לא,
3140,קובץ שיטות קמאי על תמורה,כן,תמורה,כא.,פירוש,לא,
3142,קובץ שיטות קמאי על תמורה,כן,תמורה,כא.,פירוש,לא,
3144,קובץ שיטות קמאי על תמורה,כן,תמורה,כא.,פירוש,לא,
3146,קובץ שיטות קמאי על תמורה,כן,תמורה,כא.,פירוש,לא,
3148,קובץ שיטות קמאי על תמורה,כן,תמורה,כא.,פירוש,לא,
3150,קובץ שיטות קמאי על תמורה,כן,תמורה,כא.,פירוש,לא,
3152,קובץ שיטות קמאי על תמורה,כן,תמורה,כא.,פירוש,לא,
3154,קובץ שיטות קמאי על תמורה,כן,תמורה,כא.,פירוש,לא,
3156,קובץ שיטות קמאי על תמורה,כן,תמורה,כא.,פירוש,לא,
3158,קובץ שיטות קמאי על תמורה,כן,תמורה,כא.,פירוש,לא,
3160,קובץ שיטות קמאי על תמורה,כן,תמורה,כא.,פירוש,לא,
3161,קובץ שיטות קמאי על תמורה,כן,תמורה,כא.,פירוש,לא,
3163,קובץ שיטות קמאי על תמורה,כן,תמורה,כא.,פירוש,לא,
3165,קובץ שיטות קמאי על תמורה,כן,תמורה,כא.,פירוש,לא,
3167,קובץ שיטות קמאי על תמורה,כן,תמורה,כא.,פירוש,לא,
3169,קובץ שיטות קמאי על תמורה,כן,תמורה,כא.,פירוש,לא,
3171,קובץ שיטות קמאי על תמורה,כן,תמורה,כא.,פירוש,לא,
3173,קובץ שיטות קמאי על תמורה,כן,תמורה,כא.,פירוש,לא,
3175,קובץ שיטות קמאי על תמורה,כן,תמורה,כא.,פירוש,לא,
3177,קובץ שיטות קמאי על תמורה,כן,תמורה,כא.,פירוש,לא,
3179,קובץ שיטות קמאי על תמורה,כן,תמורה,כא.,פירוש,לא,
3181,קובץ שיטות קמאי על תמורה,כן,תמורה,כא.,פירוש,לא,
3183,קובץ שיטות קמאי על תמורה,כן,תמורה,כא.,פירוש,לא,
3185,קובץ שיטות קמאי על תמורה,כן,תמורה,כא.,פירוש,לא,
3186,קובץ שיטות קמאי על תמורה,כן,תמורה,כא.,פירוש,לא,
3187,קובץ שיטות קמאי על תמורה,כן,תמורה,כא.,פירוש,לא,
3188,קובץ שיטות קמאי על תמורה,כן,תמורה,כא.,פירוש,לא,
3190,קובץ שיטות קמאי על תמורה,כן,תמורה,כא.,פירוש,לא,
3192,קובץ שיטות קמאי על תמורה,כן,תמורה,כא.,פירוש,לא,
3194,קובץ שיטות קמאי על תמורה,כן,תמורה,כא.,פירוש,לא,
3196,קובץ שיטות קמאי על תמורה,כן,תמורה,כא.,פירוש,לא,
3198,קובץ שיטות קמאי על תמורה,כן,תמורה,כא.,פירוש,לא,
3200,קובץ שיטות קמאי על תמורה,כן,תמורה,כא.,פירוש,לא,
3202,קובץ שיטות קמאי על תמורה,כן,תמורה,כא.,פירוש,לא,
3204,קובץ שיטות קמאי על תמורה,כן,תמורה,כא.,פירוש,לא,
3206,קובץ שיטות קמאי על תמורה,כן,תמורה,כא.,פירוש,לא,
3208,קובץ שיטות קמאי על תמורה,כן,תמורה,כא.,פירוש,לא,
3210,קובץ שיטות קמאי על תמורה,כן,תמורה,כא.,פירוש,לא,
3212,קובץ שיטות קמאי על תמורה,כן,תמורה,כא.,פירוש,לא,
3213,קובץ שיטות קמאי על תמורה,כן,תמורה,כא.,פירוש,לא,
3214,קובץ שיטות קמאי על תמורה,כן,תמורה,כא.,פירוש,לא,
3215,קובץ שיטות קמאי על תמורה,כן,תמורה,כא.,פירוש,לא,
3216,קובץ שיטות קמאי על תמורה,כן,תמורה,כא.,פירוש,לא,
3217,קובץ שיטות קמאי על תמורה,כן,תמורה,כא.,פירוש,לא,
3218,קובץ שיטות קמאי על תמורה,כן,תמורה,כא.,פירוש,לא,
3219,קובץ שיטות קמאי על תמורה,כן,תמורה,כא.,פירוש,לא,
3220,קובץ שיטות קמאי על תמורה,כן,תמורה,כא.,פירוש,לא,
3221,קובץ שיטות קמאי על תמורה,כן,תמורה,כא.,פירוש,לא,
3223,קובץ שיטות קמאי על תמורה,כן,תמורה,כא.,פירוש,לא,
3225,קובץ שיטות קמאי על תמורה,כן,תמורה,כא.,פירוש,לא,
3227,קובץ שיטות קמאי על תמורה,כן,תמורה,כא.,פירוש,לא,
3229,קובץ שיטות קמאי על תמורה,כן,תמורה,כא.,פירוש,לא,
3231,קובץ שיטות קמאי על תמורה,כן,תמורה,כא.,פירוש,לא,
3232,קובץ שיטות קמאי על תמורה,כן,תמורה,כא.,פירוש,לא,
3234,קובץ שיטות קמאי על תמורה,כן,תמורה,כא.,פירוש,לא,
3235,קובץ שיטות קמאי על תמורה,כן,תמורה,כא.,פירוש,לא,
3236,קובץ שיטות קמאי על תמורה,כן,תמורה,כא.,פירוש,לא,
3237,קובץ שיטות קמאי על תמורה,כן,תמורה,כא.,פירוש,לא,
3239,קובץ שיטות קמאי על תמורה,כן,תמורה,כא.,פירוש,לא,
3241,קובץ שיטות קמאי על תמורה,כן,תמורה,כא.,פירוש,לא,
3243,קובץ שיטות קמאי על תמורה,כן,תמורה,כא.,פירוש,לא,
3245,קובץ שיטות קמאי על תמורה,כן,תמורה,כא.,פירוש,לא,
3247,קובץ שיטות קמאי על תמורה,כן,תמורה,כא.,פירוש,לא,
3249,קובץ שיטות קמאי על תמורה,כן,תמורה,כא.,פירוש,לא,
3251,קובץ שיטות קמאי על תמורה,כן,תמורה,כא.,פירוש,לא,
3253,קובץ שיטות קמאי על תמורה,כן,תמורה,כא.,פירוש,לא,
3255,קובץ שיטות קמאי על תמורה,כן,תמורה,כא.,פירוש,לא,
3257,קובץ שיטות קמאי על תמורה,כן,תמורה,כא.,פירוש,לא,
3259,קובץ שיטות קמאי על תמורה,כן,תמורה,כא.,פירוש,לא,
3262,קובץ שיטות קמאי על תמורה,כן,תמורה,כא:,פירוש,לא,
3264,קובץ שיטות קמאי על תמורה,כן,תמורה,כא:,פירוש,לא,
3266,קובץ שיטות קמאי על תמורה,כן,תמורה,כא:,פירוש,לא,
3268,קובץ שיטות קמאי על תמורה,כן,תמורה,כא:,פירוש,לא,
3270,קובץ שיטות קמאי על תמורה,כן,תמורה,כא:,פירוש,לא,
3272,קובץ שיטות קמאי על תמורה,כן,תמורה,כא:,פירוש,לא,
3274,קובץ שיטות קמאי על תמורה,כן,תמורה,כא:,פירוש,לא,
3276,קובץ שיטות קמאי על תמורה,כן,תמורה,כא:,פירוש,לא,
3278,קובץ שיטות קמאי על תמורה,כן,תמורה,כא:,פירוש,לא,
3280,קובץ שיטות קמאי על תמורה,כן,תמורה,כא:,פירוש,לא,
3282,קובץ שיטות קמאי על תמורה,כן,תמורה,כא:,פירוש,לא,
3284,קובץ שיטות קמאי על תמורה,כן,תמורה,כא:,פירוש,לא,
3286,קובץ שיטות קמאי על תמורה,כן,תמורה,כא:,פירוש,לא,
3288,קובץ שיטות קמאי על תמורה,כן,תמורה,כא:,פירוש,לא,
3290,קובץ שיטות קמאי על תמורה,כן,תמורה,כא:,פירוש,לא,
3292,קובץ שיטות קמאי על תמורה,כן,תמורה,כא:,פירוש,לא,
3294,קובץ שיטות קמאי על תמורה,כן,תמורה,כא:,פירוש,לא,
3296,קובץ שיטות קמאי על תמורה,כן,תמורה,כא:,פירוש,לא,
3298,קובץ שיטות קמאי על תמורה,כן,תמורה,כא:,פירוש,לא,
3300,קובץ שיטות קמאי על תמורה,כן,תמורה,כא:,פירוש,לא,
3302,קובץ שיטות קמאי על תמורה,כן,תמורה,כא:,פירוש,לא,
3304,קובץ שיטות קמאי על תמורה,כן,תמורה,כא:,פירוש,לא,
3306,קובץ שיטות קמאי על תמורה,כן,תמורה,כא:,פירוש,לא,
3308,קובץ שיטות קמאי על תמורה,כן,תמורה,כא:,פירוש,לא,
3310,קובץ שיטות קמאי על תמורה,כן,תמורה,כא:,פירוש,לא,
3312,קובץ שיטות קמאי על תמורה,כן,תמורה,כא:,פירוש,לא,
3314,קובץ שיטות קמאי על תמורה,כן,תמורה,כא:,פירוש,לא,
3316,קובץ שיטות קמאי על תמורה,כן,תמורה,כא:,פירוש,לא,
3318,קובץ שיטות קמאי על תמורה,כן,תמורה,כא:,פירוש,לא,
3321,קובץ שיטות קמאי על תמורה,כן,תמורה,כב.,פירוש,לא,
3323,קובץ שיטות קמאי על תמורה,כן,תמורה,כב.,פירוש,לא,
3325,קובץ שיטות קמאי על תמורה,כן,תמורה,כב.,פירוש,לא,
3327,קובץ שיטות קמאי על תמורה,כן,תמורה,כב.,פירוש,לא,
3329,קובץ שיטות קמאי על תמורה,כן,תמורה,כב.,פירוש,לא,
3331,קובץ שיטות קמאי על תמורה,כן,תמורה,כב.,פירוש,לא,
3333,קובץ שיטות קמאי על תמורה,כן,תמורה,כב.,פירוש,לא,
3335,קובץ שיטות קמאי על תמורה,כן,תמורה,כב.,פירוש,לא,
3337,קובץ שיטות קמאי על תמורה,כן,תמורה,כב.,פירוש,לא,
3339,קובץ שיטות קמאי על תמורה,כן,תמורה,כב.,פירוש,לא,
3341,קובץ שיטות קמאי על תמורה,כן,תמורה,כב.,פירוש,לא,
3343,קובץ שיטות קמאי על תמורה,כן,תמורה,כב.,פירוש,לא,
3345,קובץ שיטות קמאי על תמורה,כן,תמורה,כב.,פירוש,לא,
3347,קובץ שיטות קמאי על תמורה,כן,תמורה,כב.,פירוש,לא,
3349,קובץ שיטות קמאי על תמורה,כן,תמורה,כב.,פירוש,לא,
3351,קובץ שיטות קמאי על תמורה,כן,תמורה,כב.,פירוש,לא,
3353,קובץ שיטות קמאי על תמורה,כן,תמורה,כב.,פירוש,לא,
3355,קובץ שיטות קמאי על תמורה,כן,תמורה,כב.,פירוש,לא,
3357,קובץ שיטות קמאי על תמורה,כן,תמורה,כב.,פירוש,לא,
3359,קובץ שיטות קמאי על תמורה,כן,תמורה,כב.,פירוש,לא,
3361,קובץ שיטות קמאי על תמורה,כן,תמורה,כב.,פירוש,לא,
3363,קובץ שיטות קמאי על תמורה,כן,תמורה,כב.,פירוש,לא,
3365,קובץ שיטות קמאי על תמורה,כן,תמורה,כב.,פירוש,לא,
3367,קובץ שיטות קמאי על תמורה,כן,תמורה,כב.,פירוש,לא,
3369,קובץ שיטות קמאי על תמורה,כן,תמורה,כב.,פירוש,לא,
3372,קובץ שיטות קמאי על תמורה,כן,תמורה,כב:,פירוש,לא,
3374,קובץ שיטות קמאי על תמורה,כן,תמורה,כב:,פירוש,לא,
3376,קובץ שיטות קמאי על תמורה,כן,תמורה,כב:,פירוש,לא,
3378,קובץ שיטות קמאי על תמורה,כן,תמורה,כב:,פירוש,לא,
3380,קובץ שיטות קמאי על תמורה,כן,תמורה,כב:,פירוש,לא,
3382,קובץ שיטות קמאי על תמורה,כן,תמורה,כב:,פירוש,לא,
3384,קובץ שיטות קמאי על תמורה,כן,תמורה,כב:,פירוש,לא,
3386,קובץ שיטות קמאי על תמורה,כן,תמורה,כב:,פירוש,לא,
3388,קובץ שיטות קמאי על תמורה,כן,תמורה,כב:,פירוש,לא,
3390,קובץ שיטות קמאי על תמורה,כן,תמורה,כב:,פירוש,לא,
3392,קובץ שיטות קמאי על תמורה,כן,תמורה,כב:,פירוש,לא,
3395,קובץ שיטות קמאי על תמורה,כן,תמורה,כג.,פירוש,לא,
3397,קובץ שיטות קמאי על תמורה,כן,תמורה,כג.,פירוש,לא,
3399,קובץ שיטות קמאי על תמורה,כן,תמורה,כג.,פירוש,לא,
3401,קובץ שיטות קמאי על תמורה,כן,תמורה,כג.,פירוש,לא,
3403,קובץ שיטות קמאי על תמורה,כן,תמורה,כג.,פירוש,לא,
3405,קובץ שיטות קמאי על תמורה,כן,תמורה,כג.,פירוש,לא,
3407,קובץ שיטות קמאי על תמורה,כן,תמורה,כג.,פירוש,לא,
3409,קובץ שיטות קמאי על תמורה,כן,תמורה,כג.,פירוש,לא,
3411,קובץ שיטות קמאי על תמורה,כן,תמורה,כג.,פירוש,לא,
3413,קובץ שיטות קמאי על תמורה,כן,תמורה,כג.,פירוש,לא,
3415,קובץ שיטות קמאי על תמורה,כן,תמורה,כג.,פירוש,לא,
3417,קובץ שיטות קמאי על תמורה,כן,תמורה,כג.,פירוש,לא,
3419,קובץ שיטות קמאי על תמורה,כן,תמורה,כג.,פירוש,לא,
3421,קובץ שיטות קמאי על תמורה,כן,תמורה,כג.,פירוש,לא,
3423,קובץ שיטות קמאי על תמורה,כן,תמורה,כג.,פירוש,לא,
3425,קובץ שיטות קמאי על תמורה,כן,תמורה,כג.,פירוש,לא,
3427,קובץ שיטות קמאי על תמורה,כן,תמורה,כג.,פירוש,לא,
3429,קובץ שיטות קמאי על תמורה,כן,תמורה,כג.,פירוש,לא,
3431,קובץ שיטות קמאי על תמורה,כן,תמורה,כג.,פירוש,לא,
3433,קובץ שיטות קמאי על תמורה,כן,תמורה,כג.,פירוש,לא,
3435,קובץ שיטות קמאי על תמורה,כן,תמורה,כג.,פירוש,לא,
3437,קובץ שיטות קמאי על תמורה,כן,תמורה,כג.,פירוש,לא,
3439,קובץ שיטות קמאי על תמורה,כן,תמורה,כג.,פירוש,לא,
3442,קובץ שיטות קמאי על תמורה,כן,תמורה,כג:,פירוש,לא,
3444,קובץ שיטות קמאי על תמורה,כן,תמורה,כג:,פירוש,לא,
3446,קובץ שיטות קמאי על תמורה,כן,תמורה,כג:,פירוש,לא,
3448,קובץ שיטות קמאי על תמורה,כן,תמורה,כג:,פירוש,לא,
3450,קובץ שיטות קמאי על תמורה,כן,תמורה,כג:,פירוש,לא,
3452,קובץ שיטות קמאי על תמורה,כן,תמורה,כג:,פירוש,לא,
3454,קובץ שיטות קמאי על תמורה,כן,תמורה,כג:,פירוש,לא,
3455,קובץ שיטות קמאי על תמורה,כן,תמורה,כג:,פירוש,לא,
3456,קובץ שיטות קמאי על תמורה,כן,תמורה,כג:,פירוש,לא,
3457,קובץ שיטות קמאי על תמורה,כן,תמורה,כג:,פירוש,לא,
3458,קובץ שיטות קמאי על תמורה,כן,תמורה,כג:,פירוש,לא,
3459,קובץ שיטות קמאי על תמורה,כן,תמורה,כג:,פירוש,לא,
3461,קובץ שיטות קמאי על תמורה,כן,תמורה,כג:,פירוש,לא,
3463,קובץ שיטות קמאי על תמורה,כן,תמורה,כג:,פירוש,לא,
3465,קובץ שיטות קמאי על תמורה,כן,תמורה,כג:,פירוש,לא,
3467,קובץ שיטות קמאי על תמורה,כן,תמורה,כג:,פירוש,לא,
3469,קובץ שיטות קמאי על תמורה,כן,תמורה,כג:,פירוש,לא,
3471,קובץ שיטות קמאי על תמורה,כן,תמורה,כג:,פירוש,לא,
3473,קובץ שיטות קמאי על תמורה,כן,תמורה,כג:,פירוש,לא,
3475,קובץ שיטות קמאי על תמורה,כן,תמורה,כג:,פירוש,לא,
3477,קובץ שיטות קמאי על תמורה,כן,תמורה,כג:,פירוש,לא,
3479,קובץ שיטות קמאי על תמורה,כן,תמורה,כג:,פירוש,לא,
3481,קובץ שיטות קמאי על תמורה,כן,תמורה,כג:,פירוש,לא,
3483,קובץ שיטות קמאי על תמורה,כן,תמורה,כג:,פירוש,לא,
3485,קובץ שיטות קמאי על תמורה,כן,תמורה,כג:,פירוש,לא,
3488,קובץ שיטות קמאי על תמורה,כן,תמורה,כד.,פירוש,לא,
3490,קובץ שיטות קמאי על תמורה,כן,תמורה,כד.,פירוש,לא,
3492,קובץ שיטות קמאי על תמורה,כן,תמורה,כד.,פירוש,לא,
3494,קובץ שיטות קמאי על תמורה,כן,תמורה,כד.,פירוש,לא,
3496,קובץ שיטות קמאי על תמורה,כן,תמורה,כד.,פירוש,לא,
3498,קובץ שיטות קמאי על תמורה,כן,תמורה,כד.,פירוש,לא,
3500,קובץ שיטות קמאי על תמורה,כן,תמורה,כד.,פירוש,לא,
3502,קובץ שיטות קמאי על תמורה,כן,תמורה,כד.,פירוש,לא,
3504,קובץ שיטות קמאי על תמורה,כן,תמורה,כד.,פירוש,לא,
3506,קובץ שיטות קמאי על תמורה,כן,תמורה,כד.,פירוש,לא,
3508,קובץ שיטות קמאי על תמורה,כן,תמורה,כד.,פירוש,לא,
3509,קובץ שיטות קמאי על תמורה,כן,תמורה,כד.,פירוש,לא,
3510,קובץ שיטות קמאי על תמורה,כן,תמורה,כד.,פירוש,לא,
3511,קובץ שיטות קמאי על תמורה,כן,תמורה,כד.,פירוש,לא,
3513,קובץ שיטות קמאי על תמורה,כן,תמורה,כד.,פירוש,לא,
3515,קובץ שיטות קמאי על תמורה,כן,תמורה,כד.,פירוש,לא,
3517,קובץ שיטות קמאי על תמורה,כן,תמורה,כד.,פירוש,לא,
3519,קובץ שיטות קמאי על תמורה,כן,תמורה,כד.,פירוש,לא,
3521,קובץ שיטות קמאי על תמורה,כן,תמורה,כד.,פירוש,לא,
3523,קובץ שיטות קמאי על תמורה,כן,תמורה,כד.,פירוש,לא,
3525,קובץ שיטות קמאי על תמורה,כן,תמורה,כד.,פירוש,לא,
3527,קובץ שיטות קמאי על תמורה,כן,תמורה,כד.,פירוש,לא,
3529,קובץ שיטות קמאי על תמורה,כן,תמורה,כד.,פירוש,לא,
3531,קובץ שיטות קמאי על תמורה,כן,תמורה,כד.,פירוש,לא,
3533,קובץ שיטות קמאי על תמורה,כן,תמורה,כד.,פירוש,לא,
3536,קובץ שיטות קמאי על תמורה,כן,תמורה,כד:,פירוש,לא,
3538,קובץ שיטות קמאי על תמורה,כן,תמורה,כד:,פירוש,לא,
3540,קובץ שיטות קמאי על תמורה,כן,תמורה,כד:,פירוש,לא,
3542,קובץ שיטות קמאי על תמורה,כן,תמורה,כד:,פירוש,לא,
3544,קובץ שיטות קמאי על תמורה,כן,תמורה,כד:,פירוש,לא,
3546,קובץ שיטות קמאי על תמורה,כן,תמורה,כד:,פירוש,לא,
3547,קובץ שיטות קמאי על תמורה,כן,תמורה,כד:,פירוש,לא,
3548,קובץ שיטות קמאי על תמורה,כן,תמורה,כד:,פירוש,לא,
3549,קובץ שיטות קמאי על תמורה,כן,תמורה,כד:,פירוש,לא,
3551,קובץ שיטות קמאי על תמורה,כן,תמורה,כד:,פירוש,לא,
3553,קובץ שיטות קמאי על תמורה,כן,תמורה,כד:,פירוש,לא,
3554,קובץ שיטות קמאי על תמורה,כן,תמורה,כד:,פירוש,לא,
3556,קובץ שיטות קמאי על תמורה,כן,תמורה,כד:,פירוש,לא,
3558,קובץ שיטות קמאי על תמורה,כן,תמורה,כד:,פירוש,לא,
3560,קובץ שיטות קמאי על תמורה,כן,תמורה,כד:,פירוש,לא,
3561,קובץ שיטות קמאי על תמורה,כן,תמורה,כד:,פירוש,לא,
3562,קובץ שיטות קמאי על תמורה,כן,תמורה,כד:,פירוש,לא,
3564,קובץ שיטות קמאי על תמורה,כן,תמורה,כד:,פירוש,לא,
3566,קובץ שיטות קמאי על תמורה,כן,תמורה,כד:,פירוש,לא,
3568,קובץ שיטות קמאי על תמורה,כן,תמורה,כד:,פירוש,לא,
3570,קובץ שיטות קמאי על תמורה,כן,תמורה,כד:,פירוש,לא,
3572,קובץ שיטות קמאי על תמורה,כן,תמורה,כד:,פירוש,לא,
3574,קובץ שיטות קמאי על תמורה,כן,תמורה,כד:,פירוש,לא,
3576,קובץ שיטות קמאי על תמורה,כן,תמורה,כד:,פירוש,לא,
3578,קובץ שיטות קמאי על תמורה,כן,תמורה,כד:,פירוש,לא,
3580,קובץ שיטות קמאי על תמורה,כן,תמורה,כד:,פירוש,לא,
3582,קובץ שיטות קמאי על תמורה,כן,תמורה,כד:,פירוש,לא,
3584,קובץ שיטות קמאי על תמורה,כן,תמורה,כד:,פירוש,לא,
3586,קובץ שיטות קמאי על תמורה,כן,תמורה,כד:,פירוש,לא,
3588,קובץ שיטות קמאי על תמורה,כן,תמורה,כד:,פירוש,לא,
3590,קובץ שיטות קמאי על תמורה,כן,תמורה,כד:,פירוש,לא,
3592,קובץ שיטות קמאי על תמורה,כן,תמורה,כד:,פירוש,לא,
3593,קובץ שיטות קמאי על תמורה,כן,תמורה,כד:,פירוש,לא,
3595,קובץ שיטות קמאי על תמורה,כן,תמורה,כד:,פירוש,לא,
3597,קובץ שיטות קמאי על תמורה,כן,תמורה,כד:,פירוש,לא,
3599,קובץ שיטות קמאי על תמורה,כן,תמורה,כד:,פירוש,לא,
3601,קובץ שיטות קמאי על תמורה,כן,תמורה,כד:,פירוש,לא,
3603,קובץ שיטות קמאי על תמורה,כן,תמורה,כד:,פירוש,לא,
3605,קובץ שיטות קמאי על תמורה,כן,תמורה,כד:,פירוש,לא,
3608,קובץ שיטות קמאי על תמורה,כן,תמורה,כה.,פירוש,לא,
3610,קובץ שיטות קמאי על תמורה,כן,תמורה,כה.,פירוש,לא,
3612,קובץ שיטות קמאי על תמורה,כן,תמורה,כה.,פירוש,לא,
3614,קובץ שיטות קמאי על תמורה,כן,תמורה,כה.,פירוש,לא,
3616,קובץ שיטות קמאי על תמורה,כן,תמורה,כה.,פירוש,לא,
3618,קובץ שיטות קמאי על תמורה,כן,תמורה,כה.,פירוש,לא,
3620,קובץ שיטות קמאי על תמורה,כן,תמורה,כה.,פירוש,לא,
3622,קובץ שיטות קמאי על תמורה,כן,תמורה,כה.,פירוש,לא,
3623,קובץ שיטות קמאי על תמורה,כן,תמורה,כה.,פירוש,לא,
3625,קובץ שיטות קמאי על תמורה,כן,תמורה,כה.,פירוש,לא,
3627,קובץ שיטות קמאי על תמורה,כן,תמורה,כה.,פירוש,לא,
3629,קובץ שיטות קמאי על תמורה,כן,תמורה,כה.,פירוש,לא,
3631,קובץ שיטות קמאי על תמורה,כן,תמורה,כה.,פירוש,לא,
3633,קובץ שיטות קמאי על תמורה,כן,תמורה,כה.,פירוש,לא,
3635,קובץ שיטות קמאי על תמורה,כן,תמורה,כה.,פירוש,לא,
3637,קובץ שיטות קמאי על תמורה,כן,תמורה,כה.,פירוש,לא,
3639,קובץ שיטות קמאי על תמורה,כן,תמורה,כה.,פירוש,לא,
3640,קובץ שיטות קמאי על תמורה,כן,תמורה,כה.,פירוש,לא,
3641,קובץ שיטות קמאי על תמורה,כן,תמורה,כה.,פירוש,לא,
3643,קובץ שיטות קמאי על תמורה,כן,תמורה,כה.,פירוש,לא,
3645,קובץ שיטות קמאי על תמורה,כן,תמורה,כה.,פירוש,לא,
3647,קובץ שיטות קמאי על תמורה,כן,תמורה,כה.,פירוש,לא,
3649,קובץ שיטות קמאי על תמורה,כן,תמורה,כה.,פירוש,לא,
3651,קובץ שיטות קמאי על תמורה,כן,תמורה,כה.,פירוש,לא,
3653,קובץ שיטות קמאי על תמורה,כן,תמורה,כה.,פירוש,לא,
3654,קובץ שיטות קמאי על תמורה,כן,תמורה,כה.,פירוש,לא,
3655,קובץ שיטות קמאי על תמורה,כן,תמורה,כה.,פירוש,לא,
3656,קובץ שיטות קמאי על תמורה,כן,תמורה,כה.,פירוש,לא,
3657,קובץ שיטות קמאי על תמורה,כן,תמורה,כה.,פירוש,לא,
3659,קובץ שיטות קמאי על תמורה,כן,תמורה,כה.,פירוש,לא,
3661,קובץ שיטות קמאי על תמורה,כן,תמורה,כה.,פירוש,לא,
3663,קובץ שיטות קמאי על תמורה,כן,תמורה,כה.,פירוש,לא,
3665,קובץ שיטות קמאי על תמורה,כן,תמורה,כה.,פירוש,לא,
3667,קובץ שיטות קמאי על תמורה,כן,תמורה,כה.,פירוש,לא,
3670,קובץ שיטות קמאי על תמורה,כן,תמורה,כה:,פירוש,לא,
3672,קובץ שיטות קמאי על תמורה,כן,תמורה,כה:,פירוש,לא,
3674,קובץ שיטות קמאי על תמורה,כן,תמורה,כה:,פירוש,לא,
3676,קובץ שיטות קמאי על תמורה,כן,תמורה,כה:,פירוש,לא,
3678,קובץ שיטות קמאי על תמורה,כן,תמורה,כה:,פירוש,לא,
3680,קובץ שיטות קמאי על תמורה,כן,תמורה,כה:,פירוש,לא,
3682,קובץ שיטות קמאי על תמורה,כן,תמורה,כה:,פירוש,לא,
3684,קובץ שיטות קמאי על תמורה,כן,תמורה,כה:,פירוש,לא,
3686,קובץ שיטות קמאי על תמורה,כן,תמורה,כה:,פירוש,לא,
3688,קובץ שיטות קמאי על תמורה,כן,תמורה,כה:,פירוש,לא,
3690,קובץ שיטות קמאי על תמורה,כן,תמורה,כה:,פירוש,לא,
3692,קובץ שיטות קמאי על תמורה,כן,תמורה,כה:,פירוש,לא,
3694,קובץ שיטות קמאי על תמורה,כן,תמורה,כה:,פירוש,לא,
3696,קובץ שיטות קמאי על תמורה,כן,תמורה,כה:,פירוש,לא,
3698,קובץ שיטות קמאי על תמורה,כן,תמורה,כה:,פירוש,לא,
3700,קובץ שיטות קמאי על תמורה,כן,תמורה,כה:,פירוש,לא,
3702,קובץ שיטות קמאי על תמורה,כן,תמורה,כה:,פירוש,לא,
3704,קובץ שיטות קמאי על תמורה,כן,תמורה,כה:,פירוש,לא,
3706,קובץ שיטות קמאי על תמורה,כן,תמורה,כה:,פירוש,לא,
3708,קובץ שיטות קמאי על תמורה,כן,תמורה,כה:,פירוש,לא,
3710,קובץ שיטות קמאי על תמורה,כן,תמורה,כה:,פירוש,לא,
3712,קובץ שיטות קמאי על תמורה,כן,תמורה,כה:,פירוש,לא,
3713,קובץ שיטות קמאי על תמורה,כן,תמורה,כה:,פירוש,לא,
3714,קובץ שיטות קמאי על תמורה,כן,תמורה,כה:,פירוש,לא,
3715,קובץ שיטות קמאי על תמורה,כן,תמורה,כה:,פירוש,לא,
3717,קובץ שיטות קמאי על תמורה,כן,תמורה,כה:,פירוש,לא,
3719,קובץ שיטות קמאי על תמורה,כן,תמורה,כה:,פירוש,לא,
3720,קובץ שיטות קמאי על תמורה,כן,תמורה,כה:,פירוש,לא,
3721,קובץ שיטות קמאי על תמורה,כן,תמורה,כה:,פירוש,לא,
3722,קובץ שיטות קמאי על תמורה,כן,תמורה,כה:,פירוש,לא,
3724,קובץ שיטות קמאי על תמורה,כן,תמורה,כה:,פירוש,לא,
3726,קובץ שיטות קמאי על תמורה,כן,תמורה,כה:,פירוש,לא,
3728,קובץ שיטות קמאי על תמורה,כן,תמורה,כה:,פירוש,לא,
3729,קובץ שיטות קמאי על תמורה,כן,תמורה,כה:,פירוש,לא,
3730,קובץ שיטות קמאי על תמורה,כן,תמורה,כה:,פירוש,לא,
3731,קובץ שיטות קמאי על תמורה,כן,תמורה,כה:,פירוש,לא,
3733,קובץ שיטות קמאי על תמורה,כן,תמורה,כה:,פירוש,לא,
3735,קובץ שיטות קמאי על תמורה,כן,תמורה,כה:,פירוש,לא,
3736,קובץ שיטות קמאי על תמורה,כן,תמורה,כה:,פירוש,לא,
3737,קובץ שיטות קמאי על תמורה,כן,תמורה,כה:,פירוש,לא,
3738,קובץ שיטות קמאי על תמורה,כן,תמורה,כה:,פירוש,לא,
3740,קובץ שיטות קמאי על תמורה,כן,תמורה,כה:,פירוש,לא,
3741,קובץ שיטות קמאי על תמורה,כן,תמורה,כה:,פירוש,לא,
3742,קובץ שיטות קמאי על תמורה,כן,תמורה,כה:,פירוש,לא,
3743,קובץ שיטות קמאי על תמורה,כן,תמורה,כה:,פירוש,לא,
3744,קובץ שיטות קמאי על תמורה,כן,תמורה,כה:,פירוש,לא,
3746,קובץ שיטות קמאי על תמורה,כן,תמורה,כה:,פירוש,לא,
3748,קובץ שיטות קמאי על תמורה,כן,תמורה,כה:,פירוש,לא,
3750,קובץ שיטות קמאי על תמורה,כן,תמורה,כה:,פירוש,לא,
3752,קובץ שיטות קמאי על תמורה,כן,תמורה,כה:,פירוש,לא,
3754,קובץ שיטות קמאי על תמורה,כן,תמורה,כה:,פירוש,לא,
3756,קובץ שיטות קמאי על תמורה,כן,תמורה,כה:,פירוש,לא,
3758,קובץ שיטות קמאי על תמורה,כן,תמורה,כה:,פירוש,לא,
3760,קובץ שיטות קמאי על תמורה,כן,תמורה,כה:,פירוש,לא,
3762,קובץ שיטות קמאי על תמורה,כן,תמורה,כה:,פירוש,לא,
3764,קובץ שיטות קמאי על תמורה,כן,תמורה,כה:,פירוש,לא,
3766,קובץ שיטות קמאי על תמורה,כן,תמורה,כה:,פירוש,לא,
3768,קובץ שיטות קמאי על תמורה,כן,תמורה,כה:,פירוש,לא,
3770,קובץ שיטות קמאי על תמורה,כן,תמורה,כה:,פירוש,לא,
3772,קובץ שיטות קמאי על תמורה,כן,תמורה,כה:,פירוש,לא,
3774,קובץ שיטות קמאי על תמורה,כן,תמורה,כה:,פירוש,לא,
3776,קובץ שיטות קמאי על תמורה,כן,תמורה,כה:,פירוש,לא,
3778,קובץ שיטות קמאי על תמורה,כן,תמורה,כה:,פירוש,לא,
3780,קובץ שיטות קמאי על תמורה,כן,תמורה,כה:,פירוש,לא,
3782,קובץ שיטות קמאי על תמורה,כן,תמורה,כה:,פירוש,לא,
3784,קובץ שיטות קמאי על תמורה,כן,תמורה,כה:,פירוש,לא,
3786,קובץ שיטות קמאי על תמורה,כן,תמורה,כה:,פירוש,לא,
3788,קובץ שיטות קמאי על תמורה,כן,תמורה,כה:,פירוש,לא,
3790,קובץ שיטות קמאי על תמורה,כן,תמורה,כה:,פירוש,לא,
3793,קובץ שיטות קמאי על תמורה,כן,תמורה,כו.,פירוש,לא,
3795,קובץ שיטות קמאי על תמורה,כן,תמורה,כו.,פירוש,לא,
3797,קובץ שיטות קמאי על תמורה,כן,תמורה,כו.,פירוש,לא,
3799,קובץ שיטות קמאי על תמורה,כן,תמורה,כו.,פירוש,לא,
3801,קובץ שיטות קמאי על תמורה,כן,תמורה,כו.,פירוש,לא,
3803,קובץ שיטות קמאי על תמורה,כן,תמורה,כו.,פירוש,לא,
3805,קובץ שיטות קמאי על תמורה,כן,תמורה,כו.,פירוש,לא,
3807,קובץ שיטות קמאי על תמורה,כן,תמורה,כו.,פירוש,לא,
3809,קובץ שיטות קמאי על תמורה,כן,תמורה,כו.,פירוש,לא,
3811,קובץ שיטות קמאי על תמורה,כן,תמורה,כו.,פירוש,לא,
3813,קובץ שיטות קמאי על תמורה,כן,תמורה,כו.,פירוש,לא,
3815,קובץ שיטות קמאי על תמורה,כן,תמורה,כו.,פירוש,לא,
3817,קובץ שיטות קמאי על תמורה,כן,תמורה,כו.,פירוש,לא,
3819,קובץ שיטות קמאי על תמורה,כן,תמורה,כו.,פירוש,לא,
3821,קובץ שיטות קמאי על תמורה,כן,תמורה,כו.,פירוש,לא,
3823,קובץ שיטות קמאי על תמורה,כן,תמורה,כו.,פירוש,לא,
3825,קובץ שיטות קמאי על תמורה,כן,תמורה,כו.,פירוש,לא,
3827,קובץ שיטות קמאי על תמורה,כן,תמורה,כו.,פירוש,לא,
3829,קובץ שיטות קמאי על תמורה,כן,תמורה,כו.,פירוש,לא,
3831,קובץ שיטות קמאי על תמורה,כן,תמורה,כו.,פירוש,לא,
3833,קובץ שיטות קמאי על תמורה,כן,תמורה,כו.,פירוש,לא,
3836,קובץ שיטות קמאי על תמורה,כן,תמורה,כו:,פירוש,לא,
3838,קובץ שיטות קמאי על תמורה,כן,תמורה,כו:,פירוש,לא,
3840,קובץ שיטות קמאי על תמורה,כן,תמורה,כו:,פירוש,לא,
3842,קובץ שיטות קמאי על תמורה,כן,תמורה,כו:,פירוש,לא,
3844,קובץ שיטות קמאי על תמורה,כן,תמורה,כו:,פירוש,לא,
3846,קובץ שיטות קמאי על תמורה,כן,תמורה,כו:,פירוש,לא,
3848,קובץ שיטות קמאי על תמורה,כן,תמורה,כו:,פירוש,לא,
3850,קובץ שיטות קמאי על תמורה,כן,תמורה,כו:,פירוש,לא,
3852,קובץ שיטות קמאי על תמורה,כן,תמורה,כו:,פירוש,לא,
3854,קובץ שיטות קמאי על תמורה,כן,תמורה,כו:,פירוש,לא,
3856,קובץ שיטות קמאי על תמורה,כן,תמורה,כו:,פירוש,לא,
3858,קובץ שיטות קמאי על תמורה,כן,תמורה,כו:,פירוש,לא,
3860,קובץ שיטות קמאי על תמורה,כן,תמורה,כו:,פירוש,לא,
3862,קובץ שיטות קמאי על תמורה,כן,תמורה,כו:,פירוש,לא,
3864,קובץ שיטות קמאי על תמורה,כן,תמורה,כו:,פירוש,לא,
3865,קובץ שיטות קמאי על תמורה,כן,תמורה,כו:,פירוש,לא,
3867,קובץ שיטות קמאי על תמורה,כן,תמורה,כו:,פירוש,לא,
3869,קובץ שיטות קמאי על תמורה,כן,תמורה,כו:,פירוש,לא,
3871,קובץ שיטות קמאי על תמורה,כן,תמורה,כו:,פירוש,לא,
3873,קובץ שיטות קמאי על תמורה,כן,תמורה,כו:,פירוש,לא,
3875,קובץ שיטות קמאי על תמורה,כן,תמורה,כו:,פירוש,לא,
3877,קובץ שיטות קמאי על תמורה,כן,תמורה,כו:,פירוש,לא,
3879,קובץ שיטות קמאי על תמורה,כן,תמורה,כו:,פירוש,לא,
3881,קובץ שיטות קמאי על תמורה,כן,תמורה,כו:,פירוש,לא,
3883,קובץ שיטות קמאי על תמורה,כן,תמורה,כו:,פירוש,לא,
3885,קובץ שיטות קמאי על תמורה,כן,תמורה,כו:,פירוש,לא,
3887,קובץ שיטות קמאי על תמורה,כן,תמורה,כו:,פירוש,לא,
3889,קובץ שיטות קמאי על תמורה,כן,תמורה,כו:,פירוש,לא,
3891,קובץ שיטות קמאי על תמורה,כן,תמורה,כו:,פירוש,לא,
3893,קובץ שיטות קמאי על תמורה,כן,תמורה,כו:,פירוש,לא,
3895,קובץ שיטות קמאי על תמורה,כן,תמורה,כו:,פירוש,לא,
3898,קובץ שיטות קמאי על תמורה,כן,תמורה,כז.,פירוש,לא,
3900,קובץ שיטות קמאי על תמורה,כן,תמורה,כז.,פירוש,לא,
3902,קובץ שיטות קמאי על תמורה,כן,תמורה,כז.,פירוש,לא,
3904,קובץ שיטות קמאי על תמורה,כן,תמורה,כז.,פירוש,לא,
3906,קובץ שיטות קמאי על תמורה,כן,תמורה,כז.,פירוש,לא,
3908,קובץ שיטות קמאי על תמורה,כן,תמורה,כז.,פירוש,לא,
3909,קובץ שיטות קמאי על תמורה,כן,תמורה,כז.,פירוש,לא,
3910,קובץ שיטות קמאי על תמורה,כן,תמורה,כז.,פירוש,לא,
3911,קובץ שיטות קמאי על תמורה,כן,תמורה,כז.,פירוש,לא,
3913,קובץ שיטות קמאי על תמורה,כן,תמורה,כז.,פירוש,לא,
3914,קובץ שיטות קמאי על תמורה,כן,תמורה,כז.,פירוש,לא,
3916,קובץ שיטות קמאי על תמורה,כן,תמורה,כז.,פירוש,לא,
3918,קובץ שיטות קמאי על תמורה,כן,תמורה,כז.,פירוש,לא,
3920,קובץ שיטות קמאי על תמורה,כן,תמורה,כז.,פירוש,לא,
3922,קובץ שיטות קמאי על תמורה,כן,תמורה,כז.,פירוש,לא,
3924,קובץ שיטות קמאי על תמורה,כן,תמורה,כז.,פירוש,לא,
3926,קובץ שיטות קמאי על תמורה,כן,תמורה,כז.,פירוש,לא,
3928,קובץ שיטות קמאי על תמורה,כן,תמורה,כז.,פירוש,לא,
3930,קובץ שיטות קמאי על תמורה,כן,תמורה,כז.,פירוש,לא,
3932,קובץ שיטות קמאי על תמורה,כן,תמורה,כז.,פירוש,לא,
3934,קובץ שיטות קמאי על תמורה,כן,תמורה,כז.,פירוש,לא,
3935,קובץ שיטות קמאי על תמורה,כן,תמורה,כז.,פירוש,לא,
3936,קובץ שיטות קמאי על תמורה,כן,תמורה,כז.,פירוש,לא,
3938,קובץ שיטות קמאי על תמורה,כן,תמורה,כז.,פירוש,לא,
3940,קובץ שיטות קמאי על תמורה,כן,תמורה,כז.,פירוש,לא,
3942,קובץ שיטות קמאי על תמורה,כן,תמורה,כז.,פירוש,לא,
3944,קובץ שיטות קמאי על תמורה,כן,תמורה,כז.,פירוש,לא,
3946,קובץ שיטות קמאי על תמורה,כן,תמורה,כז.,פירוש,לא,
3948,קובץ שיטות קמאי על תמורה,כן,תמורה,כז.,פירוש,לא,
3950,קובץ שיטות קמאי על תמורה,כן,תמורה,כז.,פירוש,לא,
3952,קובץ שיטות קמאי על תמורה,כן,תמורה,כז.,פירוש,לא,
3954,קובץ שיטות קמאי על תמורה,כן,תמורה,כז.,פירוש,לא,
3956,קובץ שיטות קמאי על תמורה,כן,תמורה,כז.,פירוש,לא,
3958,קובץ שיטות קמאי על תמורה,כן,תמורה,כז.,פירוש,לא,
3960,קובץ שיטות קמאי על תמורה,כן,תמורה,כז.,פירוש,לא,
3962,קובץ שיטות קמאי על תמורה,כן,תמורה,כז.,פירוש,לא,
3964,קובץ שיטות קמאי על תמורה,כן,תמורה,כז.,פירוש,לא,
3967,קובץ שיטות קמאי על תמורה,כן,תמורה,כז:,פירוש,לא,
3969,קובץ שיטות קמאי על תמורה,כן,תמורה,כז:,פירוש,לא,
3971,קובץ שיטות קמאי על תמורה,כן,תמורה,כז:,פירוש,לא,
3973,קובץ שיטות קמאי על תמורה,כן,תמורה,כז:,פירוש,לא,
3975,קובץ שיטות קמאי על תמורה,כן,תמורה,כז:,פירוש,לא,
3977,קובץ שיטות קמאי על תמורה,כן,תמורה,כז:,פירוש,לא,
3979,קובץ שיטות קמאי על תמורה,כן,תמורה,כז:,פירוש,לא,
3981,קובץ שיטות קמאי על תמורה,כן,תמורה,כז:,פירוש,לא,
3982,קובץ שיטות קמאי על תמורה,כן,תמורה,כז:,פירוש,לא,
3984,קובץ שיטות קמאי על תמורה,כן,תמורה,כז:,פירוש,לא,
3986,קובץ שיטות קמאי על תמורה,כן,תמורה,כז:,פירוש,לא,
3988,קובץ שיטות קמאי על תמורה,כן,תמורה,כז:,פירוש,לא,
3990,קובץ שיטות קמאי על תמורה,כן,תמורה,כז:,פירוש,לא,
3992,קובץ שיטות קמאי על תמורה,כן,תמורה,כז:,פירוש,לא,
3994,קובץ שיטות קמאי על תמורה,כן,תמורה,כז:,פירוש,לא,
3996,קובץ שיטות קמאי על תמורה,כן,תמורה,כז:,פירוש,לא,
3998,קובץ שיטות קמאי על תמורה,כן,תמורה,כז:,פירוש,לא,
4000,קובץ שיטות קמאי על תמורה,כן,תמורה,כז:,פירוש,לא,
4002,קובץ שיטות קמאי על תמורה,כן,תמורה,כז:,פירוש,לא,
4004,קובץ שיטות קמאי על תמורה,כן,תמורה,כז:,פירוש,לא,
4006,קובץ שיטות קמאי על תמורה,כן,תמורה,כז:,פירוש,לא,
4008,קובץ שיטות קמאי על תמורה,כן,תמורה,כז:,פירוש,לא,
4010,קובץ שיטות קמאי על תמורה,כן,תמורה,כז:,פירוש,לא,
4012,קובץ שיטות קמאי על תמורה,כן,תמורה,כז:,פירוש,לא,
4014,קובץ שיטות קמאי על תמורה,כן,תמורה,כז:,פירוש,לא,
4016,קובץ שיטות קמאי על תמורה,כן,תמורה,כז:,פירוש,לא,
4018,קובץ שיטות קמאי על תמורה,כן,תמורה,כז:,פירוש,לא,
4020,קובץ שיטות קמאי על תמורה,כן,תמורה,כז:,פירוש,לא,
4022,קובץ שיטות קמאי על תמורה,כן,תמורה,כז:,פירוש,לא,
4024,קובץ שיטות קמאי על תמורה,כן,תמורה,כז:,פירוש,לא,
4026,קובץ שיטות קמאי על תמורה,כן,תמורה,כז:,פירוש,לא,
4028,קובץ שיטות קמאי על תמורה,כן,תמורה,כז:,פירוש,לא,
4030,קובץ שיטות קמאי על תמורה,כן,תמורה,כז:,פירוש,לא,
4032,קובץ שיטות קמאי על תמורה,כן,תמורה,כז:,פירוש,לא,
4034,קובץ שיטות קמאי על תמורה,כן,תמורה,כז:,פירוש,לא,
4036,קובץ שיטות קמאי על תמורה,כן,תמורה,כז:,פירוש,לא,
4038,קובץ שיטות קמאי על תמורה,כן,תמורה,כז:,פירוש,לא,
4040,קובץ שיטות קמאי על תמורה,כן,תמורה,כז:,פירוש,לא,
4041,קובץ שיטות קמאי על תמורה,כן,תמורה,כז:,פירוש,לא,
4042,קובץ שיטות קמאי על תמורה,כן,תמורה,כז:,פירוש,לא,
4043,קובץ שיטות קמאי על תמורה,כן,תמורה,כז:,פירוש,לא,
4044,קובץ שיטות קמאי על תמורה,כן,תמורה,כז:,פירוש,לא,
4046,קובץ שיטות קמאי על תמורה,כן,תמורה,כז:,פירוש,לא,
4048,קובץ שיטות קמאי על תמורה,כן,תמורה,כז:,פירוש,לא,
4050,קובץ שיטות קמאי על תמורה,כן,תמורה,כז:,פירוש,לא,
4052,קובץ שיטות קמאי על תמורה,כן,תמורה,כז:,פירוש,לא,
4054,קובץ שיטות קמאי על תמורה,כן,תמורה,כז:,פירוש,לא,
4057,קובץ שיטות קמאי על תמורה,כן,תמורה,כח.,פירוש,לא,
4059,קובץ שיטות קמאי על תמורה,כן,תמורה,כח.,פירוש,לא,
4061,קובץ שיטות קמאי על תמורה,כן,תמורה,כח.,פירוש,לא,
4063,קובץ שיטות קמאי על תמורה,כן,תמורה,כח.,פירוש,לא,
4065,קובץ שיטות קמאי על תמורה,כן,תמורה,כח.,פירוש,לא,
4066,קובץ שיטות קמאי על תמורה,כן,תמורה,כח.,פירוש,לא,
4068,קובץ שיטות קמאי על תמורה,כן,תמורה,כח.,פירוש,לא,
4069,קובץ שיטות קמאי על תמורה,כן,תמורה,כח.,פירוש,לא,
4070,קובץ שיטות קמאי על תמורה,כן,תמורה,כח.,פירוש,לא,
4071,קובץ שיטות קמאי על תמורה,כן,תמורה,כח.,פירוש,לא,
4073,קובץ שיטות קמאי על תמורה,כן,תמורה,כח.,פירוש,לא,
4075,קובץ שיטות קמאי על תמורה,כן,תמורה,כח.,פירוש,לא,
4077,קובץ שיטות קמאי על תמורה,כן,תמורה,כח.,פירוש,לא,
4079,קובץ שיטות קמאי על תמורה,כן,תמורה,כח.,פירוש,לא,
4081,קובץ שיטות קמאי על תמורה,כן,תמורה,כח.,פירוש,לא,
4083,קובץ שיטות קמאי על תמורה,כן,תמורה,כח.,פירוש,לא,
4084,קובץ שיטות קמאי על תמורה,כן,תמורה,כח.,פירוש,לא,
4085,קובץ שיטות קמאי על תמורה,כן,תמורה,כח.,פירוש,לא,
4087,קובץ שיטות קמאי על תמורה,כן,תמורה,כח.,פירוש,לא,
4089,קובץ שיטות קמאי על תמורה,כן,תמורה,כח.,פירוש,לא,
4091,קובץ שיטות קמאי על תמורה,כן,תמורה,כח.,פירוש,לא,
4093,קובץ שיטות קמאי על תמורה,כן,תמורה,כח.,פירוש,לא,
4094,קובץ שיטות קמאי על תמורה,כן,תמורה,כח.,פירוש,לא,
4095,קובץ שיטות קמאי על תמורה,כן,תמורה,כח.,פירוש,לא,
4096,קובץ שיטות קמאי על תמורה,כן,תמורה,כח.,פירוש,לא,
4098,קובץ שיטות קמאי על תמורה,כן,תמורה,כח.,פירוש,לא,
4100,קובץ שיטות קמאי על תמורה,כן,תמורה,כח.,פירוש,לא,
4102,קובץ שיטות קמאי על תמורה,כן,תמורה,כח.,פירוש,לא,
4104,קובץ שיטות קמאי על תמורה,כן,תמורה,כח.,פירוש,לא,
4106,קובץ שיטות קמאי על תמורה,כן,תמורה,כח.,פירוש,לא,
4108,קובץ שיטות קמאי על תמורה,כן,תמורה,כח.,פירוש,לא,
4110,קובץ שיטות קמאי על תמורה,כן,תמורה,כח.,פירוש,לא,
4112,קובץ שיטות קמאי על תמורה,כן,תמורה,כח.,פירוש,לא,
4114,קובץ שיטות קמאי על תמורה,כן,תמורה,כח.,פירוש,לא,
4116,קובץ שיטות קמאי על תמורה,כן,תמורה,כח.,פירוש,לא,
4118,קובץ שיטות קמאי על תמורה,כן,תמורה,כח.,פירוש,לא,
4120,קובץ שיטות קמאי על תמורה,כן,תמורה,כח.,פירוש,לא,
4122,קובץ שיטות קמאי על תמורה,כן,תמורה,כח.,פירוש,לא,
4124,קובץ שיטות קמאי על תמורה,כן,תמורה,כח.,פירוש,לא,
4126,קובץ שיטות קמאי על תמורה,כן,תמורה,כח.,פירוש,לא,
4128,קובץ שיטות קמאי על תמורה,כן,תמורה,כח.,פירוש,לא,
4130,קובץ שיטות קמאי על תמורה,כן,תמורה,כח.,פירוש,לא,
4132,קובץ שיטות קמאי על תמורה,כן,תמורה,כח.,פירוש,לא,
4134,קובץ שיטות קמאי על תמורה,כן,תמורה,כח.,פירוש,לא,
4136,קובץ שיטות קמאי על תמורה,כן,תמורה,כח.,פירוש,לא,
4138,קובץ שיטות קמאי על תמורה,כן,תמורה,כח.,פירוש,לא,
4140,קובץ שיטות קמאי על תמורה,כן,תמורה,כח.,פירוש,לא,
4142,קובץ שיטות קמאי על תמורה,כן,תמורה,כח.,פירוש,לא,
4143,קובץ שיטות קמאי על תמורה,כן,תמורה,כח.,פירוש,לא,
4144,קובץ שיטות קמאי על תמורה,כן,תמורה,כח.,פירוש,לא,
4145,קובץ שיטות קמאי על תמורה,כן,תמורה,כח.,פירוש,לא,
4146,קובץ שיטות קמאי על תמורה,כן,תמורה,כח.,פירוש,לא,
4148,קובץ שיטות קמאי על תמורה,כן,תמורה,כח.,פירוש,לא,
4150,קובץ שיטות קמאי על תמורה,כן,תמורה,כח.,פירוש,לא,
4152,קובץ שיטות קמאי על תמורה,כן,תמורה,כח.,פירוש,לא,
4154,קובץ שיטות קמאי על תמורה,כן,תמורה,כח.,פירוש,לא,
4156,קובץ שיטות קמאי על תמורה,כן,תמורה,כח.,פירוש,לא,
4158,קובץ שיטות קמאי על תמורה,כן,תמורה,כח.,פירוש,לא,
4160,קובץ שיטות קמאי על תמורה,כן,תמורה,כח.,פירוש,לא,
4161,קובץ שיטות קמאי על תמורה,כן,תמורה,כח.,פירוש,לא,
4162,קובץ שיטות קמאי על תמורה,כן,תמורה,כח.,פירוש,לא,
4163,קובץ שיטות קמאי על תמורה,כן,תמורה,כח.,פירוש,לא,
4165,קובץ שיטות קמאי על תמורה,כן,תמורה,כח.,פירוש,לא,
4167,קובץ שיטות קמאי על תמורה,כן,תמורה,כח.,פירוש,לא,
4169,קובץ שיטות קמאי על תמורה,כן,תמורה,כח.,פירוש,לא,
4170,קובץ שיטות קמאי על תמורה,כן,תמורה,כח.,פירוש,לא,
4171,קובץ שיטות קמאי על תמורה,כן,תמורה,כח.,פירוש,לא,
4172,קובץ שיטות קמאי על תמורה,כן,תמורה,כח.,פירוש,לא,
4174,קובץ שיטות קמאי על תמורה,כן,תמורה,כח.,פירוש,לא,
4176,קובץ שיטות קמאי על תמורה,כן,תמורה,כח.,פירוש,לא,
4178,קובץ שיטות קמאי על תמורה,כן,תמורה,כח.,פירוש,לא,
4180,קובץ שיטות קמאי על תמורה,כן,תמורה,כח.,פירוש,לא,
4182,קובץ שיטות קמאי על תמורה,כן,תמורה,כח.,פירוש,לא,
4184,קובץ שיטות קמאי על תמורה,כן,תמורה,כח.,פירוש,לא,
4186,קובץ שיטות קמאי על תמורה,כן,תמורה,כח.,פירוש,לא,
4188,קובץ שיטות קמאי על תמורה,כן,תמורה,כח.,פירוש,לא,
4190,קובץ שיטות קמאי על תמורה,כן,תמורה,כח.,פירוש,לא,
4192,קובץ שיטות קמאי על תמורה,כן,תמורה,כח.,פירוש,לא,
4194,קובץ שיטות קמאי על תמורה,כן,תמורה,כח.,פירוש,לא,
4196,קובץ שיטות קמאי על תמורה,כן,תמורה,כח.,פירוש,לא,
4198,קובץ שיטות קמאי על תמורה,כן,תמורה,כח.,פירוש,לא,
4200,קובץ שיטות קמאי על תמורה,כן,תמורה,כח.,פירוש,לא,
4202,קובץ שיטות קמאי על תמורה,כן,תמורה,כח.,פירוש,לא,
4204,קובץ שיטות קמאי על תמורה,כן,תמורה,כח.,פירוש,לא,
4206,קובץ שיטות קמאי על תמורה,כן,תמורה,כח.,פירוש,לא,
4208,קובץ שיטות קמאי על תמורה,כן,תמורה,כח.,פירוש,לא,
4210,קובץ שיטות קמאי על תמורה,כן,תמורה,כח.,פירוש,לא,
4212,קובץ שיטות קמאי על תמורה,כן,תמורה,כח.,פירוש,לא,
4214,קובץ שיטות קמאי על תמורה,כן,תמורה,כח.,פירוש,לא,
4216,קובץ שיטות קמאי על תמורה,כן,תמורה,כח.,פירוש,לא,
4218,קובץ שיטות קמאי על תמורה,כן,תמורה,כח.,פירוש,לא,
4220,קובץ שיטות קמאי על תמורה,כן,תמורה,כח.,פירוש,לא,
4222,קובץ שיטות קמאי על תמורה,כן,תמורה,כח.,פירוש,לא,
4224,קובץ שיטות קמאי על תמורה,כן,תמורה,כח.,פירוש,לא,
4226,קובץ שיטות קמאי על תמורה,כן,תמורה,כח.,פירוש,לא,
4228,קובץ שיטות קמאי על תמורה,כן,תמורה,כח.,פירוש,לא,
4230,קובץ שיטות קמאי על תמורה,כן,תמורה,כח.,פירוש,לא,
4232,קובץ שיטות קמאי על תמורה,כן,תמורה,כח.,פירוש,לא,
4234,קובץ שיטות קמאי על תמורה,כן,תמורה,כח.,פירוש,לא,
4236,קובץ שיטות קמאי על תמורה,כן,תמורה,כח.,פירוש,לא,
4237,קובץ שיטות קמאי על תמורה,כן,תמורה,כח.,פירוש,לא,
4238,קובץ שיטות קמאי על תמורה,כן,תמורה,כח.,פירוש,לא,
4239,קובץ שיטות קמאי על תמורה,כן,תמורה,כח.,פירוש,לא,
4241,קובץ שיטות קמאי על תמורה,כן,תמורה,כח.,פירוש,לא,
4243,קובץ שיטות קמאי על תמורה,כן,תמורה,כח.,פירוש,לא,
4245,קובץ שיטות קמאי על תמורה,כן,תמורה,כח.,פירוש,לא,
4247,קובץ שיטות קמאי על תמורה,כן,תמורה,כח.,פירוש,לא,
4249,קובץ שיטות קמאי על תמורה,כן,תמורה,כח.,פירוש,לא,
4251,קובץ שיטות קמאי על תמורה,כן,תמורה,כח.,פירוש,לא,
4253,קובץ שיטות קמאי על תמורה,כן,תמורה,כח.,פירוש,לא,
4255,קובץ שיטות קמאי על תמורה,כן,תמורה,כח.,פירוש,לא,
4257,קובץ שיטות קמאי על תמורה,כן,תמורה,כח.,פירוש,לא,
4259,קובץ שיטות קמאי על תמורה,כן,תמורה,כח.,פירוש,לא,
4261,קובץ שיטות קמאי על תמורה,כן,תמורה,כח.,פירוש,לא,
4263,קובץ שיטות קמאי על תמורה,כן,תמורה,כח.,פירוש,לא,
4266,קובץ שיטות קמאי על תמורה,כן,תמורה,כח:,פירוש,לא,
4268,קובץ שיטות קמאי על תמורה,כן,תמורה,כח:,פירוש,לא,
4270,קובץ שיטות קמאי על תמורה,כן,תמורה,כח:,פירוש,לא,
4272,קובץ שיטות קמאי על תמורה,כן,תמורה,כח:,פירוש,לא,
4273,קובץ שיטות קמאי על תמורה,כן,תמורה,כח:,פירוש,לא,
4274,קובץ שיטות קמאי על תמורה,כן,תמורה,כח:,פירוש,לא,
4275,קובץ שיטות קמאי על תמורה,כן,תמורה,כח:,פירוש,לא,
4276,קובץ שיטות קמאי על תמורה,כן,תמורה,כח:,פירוש,לא,
4277,קובץ שיטות קמאי על תמורה,כן,תמורה,כח:,פירוש,לא,
4278,קובץ שיטות קמאי על תמורה,כן,תמורה,כח:,פירוש,לא,
4279,קובץ שיטות קמאי על תמורה,כן,תמורה,כח:,פירוש,לא,
4281,קובץ שיטות קמאי על תמורה,כן,תמורה,כח:,פירוש,לא,
4283,קובץ שיטות קמאי על תמורה,כן,תמורה,כח:,פירוש,לא,
4285,קובץ שיטות קמאי על תמורה,כן,תמורה,כח:,פירוש,לא,
4287,קובץ שיטות קמאי על תמורה,כן,תמורה,כח:,פירוש,לא,
4289,קובץ שיטות קמאי על תמורה,כן,תמורה,כח:,פירוש,לא,
4291,קובץ שיטות קמאי על תמורה,כן,תמורה,כח:,פירוש,לא,
4293,קובץ שיטות קמאי על תמורה,כן,תמורה,כח:,פירוש,לא,
4295,קובץ שיטות קמאי על תמורה,כן,תמורה,כח:,פירוש,לא,
4297,קובץ שיטות קמאי על תמורה,כן,תמורה,כח:,פירוש,לא,
4299,קובץ שיטות קמאי על תמורה,כן,תמורה,כח:,פירוש,לא,
4301,קובץ שיטות קמאי על תמורה,כן,תמורה,כח:,פירוש,לא,
4303,קובץ שיטות קמאי על תמורה,כן,תמורה,כח:,פירוש,לא,
4305,קובץ שיטות קמאי על תמורה,כן,תמורה,כח:,פירוש,לא,
4307,קובץ שיטות קמאי על תמורה,כן,תמורה,כח:,פירוש,לא,
4309,קובץ שיטות קמאי על תמורה,כן,תמורה,כח:,פירוש,לא,
4311,קובץ שיטות קמאי על תמורה,כן,תמורה,כח:,פירוש,לא,
4313,קובץ שיטות קמאי על תמורה,כן,תמורה,כח:,פירוש,לא,
4315,קובץ שיטות קמאי על תמורה,כן,תמורה,כח:,פירוש,לא,
4317,קובץ שיטות קמאי על תמורה,כן,תמורה,כח:,פירוש,לא,
4319,קובץ שיטות קמאי על תמורה,כן,תמורה,כח:,פירוש,לא,
4321,קובץ שיטות קמאי על תמורה,כן,תמורה,כח:,פירוש,לא,
4323,קובץ שיטות קמאי על תמורה,כן,תמורה,כח:,פירוש,לא,
4325,קובץ שיטות קמאי על תמורה,כן,תמורה,כח:,פירוש,לא,
4327,קובץ שיטות קמאי על תמורה,כן,תמורה,כח:,פירוש,לא,
4329,קובץ שיטות קמאי על תמורה,כן,תמורה,כח:,פירוש,לא,
4331,קובץ שיטות קמאי על תמורה,כן,תמורה,כח:,פירוש,לא,
4333,קובץ שיטות קמאי על תמורה,כן,תמורה,כח:,פירוש,לא,
4336,קובץ שיטות קמאי על תמורה,כן,תמורה,כט.,פירוש,לא,
4338,קובץ שיטות קמאי על תמורה,כן,תמורה,כט.,פירוש,לא,
4340,קובץ שיטות קמאי על תמורה,כן,תמורה,כט.,פירוש,לא,
4342,קובץ שיטות קמאי על תמורה,כן,תמורה,כט.,פירוש,לא,
4344,קובץ שיטות קמאי על תמורה,כן,תמורה,כט.,פירוש,לא,
4346,קובץ שיטות קמאי על תמורה,כן,תמורה,כט.,פירוש,לא,
4348,קובץ שיטות קמאי על תמורה,כן,תמורה,כט.,פירוש,לא,
4350,קובץ שיטות קמאי על תמורה,כן,תמורה,כט.,פירוש,לא,
4351,קובץ שיטות קמאי על תמורה,כן,תמורה,כט.,פירוש,לא,
4353,קובץ שיטות קמאי על תמורה,כן,תמורה,כט.,פירוש,לא,
4354,קובץ שיטות קמאי על תמורה,כן,תמורה,כט.,פירוש,לא,
4355,קובץ שיטות קמאי על תמורה,כן,תמורה,כט.,פירוש,לא,
4356,קובץ שיטות קמאי על תמורה,כן,תמורה,כט.,פירוש,לא,
4357,קובץ שיטות קמאי על תמורה,כן,תמורה,כט.,פירוש,לא,
4358,קובץ שיטות קמאי על תמורה,כן,תמורה,כט.,פירוש,לא,
4359,קובץ שיטות קמאי על תמורה,כן,תמורה,כט.,פירוש,לא,
4361,קובץ שיטות קמאי על תמורה,כן,תמורה,כט.,פירוש,לא,
4362,קובץ שיטות קמאי על תמורה,כן,תמורה,כט.,פירוש,לא,
4363,קובץ שיטות קמאי על תמורה,כן,תמורה,כט.,פירוש,לא,
4365,קובץ שיטות קמאי על תמורה,כן,תמורה,כט.,פירוש,לא,
4367,קובץ שיטות קמאי על תמורה,כן,תמורה,כט.,פירוש,לא,
4369,קובץ שיטות קמאי על תמורה,כן,תמורה,כט.,פירוש,לא,
4371,קובץ שיטות קמאי על תמורה,כן,תמורה,כט.,פירוש,לא,
4372,קובץ שיטות קמאי על תמורה,כן,תמורה,כט.,פירוש,לא,
4374,קובץ שיטות קמאי על תמורה,כן,תמורה,כט.,פירוש,לא,
4376,קובץ שיטות קמאי על תמורה,כן,תמורה,כט.,פירוש,לא,
4378,קובץ שיטות קמאי על תמורה,כן,תמורה,כט.,פירוש,לא,
4380,קובץ שיטות קמאי על תמורה,כן,תמורה,כט.,פירוש,לא,
4382,קובץ שיטות קמאי על תמורה,כן,תמורה,כט.,פירוש,לא,
4384,קובץ שיטות קמאי על תמורה,כן,תמורה,כט.,פירוש,לא,
4386,קובץ שיטות קמאי על תמורה,כן,תמורה,כט.,פירוש,לא,
4387,קובץ שיטות קמאי על תמורה,כן,תמורה,כט.,פירוש,לא,
4389,קובץ שיטות קמאי על תמורה,כן,תמורה,כט.,פירוש,לא,
4391,קובץ שיטות קמאי על תמורה,כן,תמורה,כט.,פירוש,לא,
4393,קובץ שיטות קמאי על תמורה,כן,תמורה,כט.,פירוש,לא,
4395,קובץ שיטות קמאי על תמורה,כן,תמורה,כט.,פירוש,לא,
4397,קובץ שיטות קמאי על תמורה,כן,תמורה,כט.,פירוש,לא,
4399,קובץ שיטות קמאי על תמורה,כן,תמורה,כט.,פירוש,לא,
4401,קובץ שיטות קמאי על תמורה,כן,תמורה,כט.,פירוש,לא,
4404,קובץ שיטות קמאי על תמורה,כן,תמורה,כט:,פירוש,לא,
4406,קובץ שיטות קמאי על תמורה,כן,תמורה,כט:,פירוש,לא,
4408,קובץ שיטות קמאי על תמורה,כן,תמורה,כט:,פירוש,לא,
4410,קובץ שיטות קמאי על תמורה,כן,תמורה,כט:,פירוש,לא,
4412,קובץ שיטות קמאי על תמורה,כן,תמורה,כט:,פירוש,לא,
4414,קובץ שיטות קמאי על תמורה,כן,תמורה,כט:,פירוש,לא,
4416,קובץ שיטות קמאי על תמורה,כן,תמורה,כט:,פירוש,לא,
4418,קובץ שיטות קמאי על תמורה,כן,תמורה,כט:,פירוש,לא,
4420,קובץ שיטות קמאי על תמורה,כן,תמורה,כט:,פירוש,לא,
4421,קובץ שיטות קמאי על תמורה,כן,תמורה,כט:,פירוש,לא,
4423,קובץ שיטות קמאי על תמורה,כן,תמורה,כט:,פירוש,לא,
4425,קובץ שיטות קמאי על תמורה,כן,תמורה,כט:,פירוש,לא,
4427,קובץ שיטות קמאי על תמורה,כן,תמורה,כט:,פירוש,לא,
4429,קובץ שיטות קמאי על תמורה,כן,תמורה,כט:,פירוש,לא,
4431,קובץ שיטות קמאי על תמורה,כן,תמורה,כט:,פירוש,לא,
4433,קובץ שיטות קמאי על תמורה,כן,תמורה,כט:,פירוש,לא,
4435,קובץ שיטות קמאי על תמורה,כן,תמורה,כט:,פירוש,לא,
4437,קובץ שיטות קמאי על תמורה,כן,תמורה,כט:,פירוש,לא,
4439,קובץ שיטות קמאי על תמורה,כן,תמורה,כט:,פירוש,לא,
4441,קובץ שיטות קמאי על תמורה,כן,תמורה,כט:,פירוש,לא,
4443,קובץ שיטות קמאי על תמורה,כן,תמורה,כט:,פירוש,לא,
4445,קובץ שיטות קמאי על תמורה,כן,תמורה,כט:,פירוש,לא,
4447,קובץ שיטות קמאי על תמורה,כן,תמורה,כט:,פירוש,לא,
4449,קובץ שיטות קמאי על תמורה,כן,תמורה,כט:,פירוש,לא,
4450,קובץ שיטות קמאי על תמורה,כן,תמורה,כט:,פירוש,לא,
4452,קובץ שיטות קמאי על תמורה,כן,תמורה,כט:,פירוש,לא,
4454,קובץ שיטות קמאי על תמורה,כן,תמורה,כט:,פירוש,לא,
4456,קובץ שיטות קמאי על תמורה,כן,תמורה,כט:,פירוש,לא,
4458,קובץ שיטות קמאי על תמורה,כן,תמורה,כט:,פירוש,לא,
4460,קובץ שיטות קמאי על תמורה,כן,תמורה,כט:,פירוש,לא,
4462,קובץ שיטות קמאי על תמורה,כן,תמורה,כט:,פירוש,לא,
4464,קובץ שיטות קמאי על תמורה,כן,תמורה,כט:,פירוש,לא,
4466,קובץ שיטות קמאי על תמורה,כן,תמורה,כט:,פירוש,לא,
4468,קובץ שיטות קמאי על תמורה,כן,תמורה,כט:,פירוש,לא,
4470,קובץ שיטות קמאי על תמורה,כן,תמורה,כט:,פירוש,לא,
4472,קובץ שיטות קמאי על תמורה,כן,תמורה,כט:,פירוש,לא,
4474,קובץ שיטות קמאי על תמורה,כן,תמורה,כט:,פירוש,לא,
4476,קובץ שיטות קמאי על תמורה,כן,תמורה,כט:,פירוש,לא,
4478,קובץ שיטות קמאי על תמורה,כן,תמורה,כט:,פירוש,לא,
4480,קובץ שיטות קמאי על תמורה,כן,תמורה,כט:,פירוש,לא,
4482,קובץ שיטות קמאי על תמורה,כן,תמורה,כט:,פירוש,לא,
4483,קובץ שיטות קמאי על תמורה,כן,תמורה,כט:,פירוש,לא,
4485,קובץ שיטות קמאי על תמורה,כן,תמורה,כט:,פירוש,לא,
4487,קובץ שיטות קמאי על תמורה,כן,תמורה,כט:,פירוש,לא,
4489,קובץ שיטות קמאי על תמורה,כן,תמורה,כט:,פירוש,לא,
4491,קובץ שיטות קמאי על תמורה,כן,תמורה,כט:,פירוש,לא,
4493,קובץ שיטות קמאי על תמורה,כן,תמורה,כט:,פירוש,לא,
4495,קובץ שיטות קמאי על תמורה,כן,תמורה,כט:,פירוש,לא,
4497,קובץ שיטות קמאי על תמורה,כן,תמורה,כט:,פירוש,לא,
4499,קובץ שיטות קמאי על תמורה,כן,תמורה,כט:,פירוש,לא,
4501,קובץ שיטות קמאי על תמורה,כן,תמורה,כט:,פירוש,לא,
4503,קובץ שיטות קמאי על תמורה,כן,תמורה,כט:,פירוש,לא,
4505,קובץ שיטות קמאי על תמורה,כן,תמורה,כט:,פירוש,לא,
4507,קובץ שיטות קמאי על תמורה,כן,תמורה,כט:,פירוש,לא,
4509,קובץ שיטות קמאי על תמורה,כן,תמורה,כט:,פירוש,לא,
4511,קובץ שיטות קמאי על תמורה,כן,תמורה,כט:,פירוש,לא,
4513,קובץ שיטות קמאי על תמורה,כן,תמורה,כט:,פירוש,לא,
4515,קובץ שיטות קמאי על תמורה,כן,תמורה,כט:,פירוש,לא,
4517,קובץ שיטות קמאי על תמורה,כן,תמורה,כט:,פירוש,לא,
4518,קובץ שיטות קמאי על תמורה,כן,תמורה,כט:,פירוש,לא,
4520,קובץ שיטות קמאי על תמורה,כן,תמורה,כט:,פירוש,לא,
4522,קובץ שיטות קמאי על תמורה,כן,תמורה,כט:,פירוש,לא,
4524,קובץ שיטות קמאי על תמורה,כן,תמורה,כט:,פירוש,לא,
4526,קובץ שיטות קמאי על תמורה,כן,תמורה,כט:,פירוש,לא,
4528,קובץ שיטות קמאי על תמורה,כן,תמורה,כט:,פירוש,לא,
4530,קובץ שיטות קמאי על תמורה,כן,תמורה,כט:,פירוש,לא,
4532,קובץ שיטות קמאי על תמורה,כן,תמורה,כט:,פירוש,לא,
4534,קובץ שיטות קמאי על תמורה,כן,תמורה,כט:,פירוש,לא,
4535,קובץ שיטות קמאי על תמורה,כן,תמורה,כט:,פירוש,לא,
4537,קובץ שיטות קמאי על תמורה,כן,תמורה,כט:,פירוש,לא,
4539,קובץ שיטות קמאי על תמורה,כן,תמורה,כט:,פירוש,לא,
4541,קובץ שיטות קמאי על תמורה,כן,תמורה,כט:,פירוש,לא,
4543,קובץ שיטות קמאי על תמורה,כן,תמורה,כט:,פירוש,לא,
4544,קובץ שיטות קמאי על תמורה,כן,תמורה,כט:,פירוש,לא,
4545,קובץ שיטות קמאי על תמורה,כן,תמורה,כט:,פירוש,לא,
4546,קובץ שיטות קמאי על תמורה,כן,תמורה,כט:,פירוש,לא,
4547,קובץ שיטות קמאי על תמורה,כן,תמורה,כט:,פירוש,לא,
4548,קובץ שיטות קמאי על תמורה,כן,תמורה,כט:,פירוש,לא,
4550,קובץ שיטות קמאי על תמורה,כן,תמורה,כט:,פירוש,לא,
4552,קובץ שיטות קמאי על תמורה,כן,תמורה,כט:,פירוש,לא,
4554,קובץ שיטות קמאי על תמורה,כן,תמורה,כט:,פירוש,לא,
4556,קובץ שיטות קמאי על תמורה,כן,תמורה,כט:,פירוש,לא,
4557,קובץ שיטות קמאי על תמורה,כן,תמורה,כט:,פירוש,לא,
4558,קובץ שיטות קמאי על תמורה,כן,תמורה,כט:,פירוש,לא,
4559,קובץ שיטות קמאי על תמורה,כן,תמורה,כט:,פירוש,לא,
4560,קובץ שיטות קמאי על תמורה,כן,תמורה,כט:,פירוש,לא,
4562,קובץ שיטות קמאי על תמורה,כן,תמורה,כט:,פירוש,לא,
4564,קובץ שיטות קמאי על תמורה,כן,תמורה,כט:,פירוש,לא,
4566,קובץ שיטות קמאי על תמורה,כן,תמורה,כט:,פירוש,לא,
4568,קובץ שיטות קמאי על תמורה,כן,תמורה,כט:,פירוש,לא,
4570,קובץ שיטות קמאי על תמורה,כן,תמורה,כט:,פירוש,לא,
4572,קובץ שיטות קמאי על תמורה,כן,תמורה,כט:,פירוש,לא,
4574,קובץ שיטות קמאי על תמורה,כן,תמורה,כט:,פירוש,לא,
4576,קובץ שיטות קמאי על תמורה,כן,תמורה,כט:,פירוש,לא,
4578,קובץ שיטות קמאי על תמורה,כן,תמורה,כט:,פירוש,לא,
4580,קובץ שיטות קמאי על תמורה,כן,תמורה,כט:,פירוש,לא,
4582,קובץ שיטות קמאי על תמורה,כן,תמורה,כט:,פירוש,לא,
4584,קובץ שיטות קמאי על תמורה,כן,תמורה,כט:,פירוש,לא,
4586,קובץ שיטות קמאי על תמורה,כן,תמורה,כט:,פירוש,לא,
4588,קובץ שיטות קמאי על תמורה,כן,תמורה,כט:,פירוש,לא,
4590,קובץ שיטות קמאי על תמורה,כן,תמורה,כט:,פירוש,לא,
4592,קובץ שיטות קמאי על תמורה,כן,תמורה,כט:,פירוש,לא,
4594,קובץ שיטות קמאי על תמורה,כן,תמורה,כט:,פירוש,לא,
4596,קובץ שיטות קמאי על תמורה,כן,תמורה,כט:,פירוש,לא,
4597,קובץ שיטות קמאי על תמורה,כן,תמורה,כט:,פירוש,לא,
4599,קובץ שיטות קמאי על תמורה,כן,תמורה,כט:,פירוש,לא,
4601,קובץ שיטות קמאי על תמורה,כן,תמורה,כט:,פירוש,לא,
4603,קובץ שיטות קמאי על תמורה,כן,תמורה,כט:,פירוש,לא,
4605,קובץ שיטות קמאי על תמורה,כן,תמורה,כט:,פירוש,לא,
4607,קובץ שיטות קמאי על תמורה,כן,תמורה,כט:,פירוש,לא,
4609,קובץ שיטות קמאי על תמורה,כן,תמורה,כט:,פירוש,לא,
4610,קובץ שיטות קמאי על תמורה,כן,תמורה,כט:,פירוש,לא,
4612,קובץ שיטות קמאי על תמורה,כן,תמורה,כט:,פירוש,לא,
4614,קובץ שיטות קמאי על תמורה,כן,תמורה,כט:,פירוש,לא,
4616,קובץ שיטות קמאי על תמורה,כן,תמורה,כט:,פירוש,לא,
4618,קובץ שיטות קמאי על תמורה,כן,תמורה,כט:,פירוש,לא,
4620,קובץ שיטות קמאי על תמורה,כן,תמורה,כט:,פירוש,לא,
4622,קובץ שיטות קמאי על תמורה,כן,תמורה,כט:,פירוש,לא,
4624,קובץ שיטות קמאי על תמורה,כן,תמורה,כט:,פירוש,לא,
4627,קובץ שיטות קמאי על תמורה,כן,תמורה,ל.,פירוש,לא,
4629,קובץ שיטות קמאי על תמורה,כן,תמורה,ל.,פירוש,לא,
4631,קובץ שיטות קמאי על תמורה,כן,תמורה,ל.,פירוש,לא,
4633,קובץ שיטות קמאי על תמורה,כן,תמורה,ל.,פירוש,לא,
4635,קובץ שיטות קמאי על תמורה,כן,תמורה,ל.,פירוש,לא,
4637,קובץ שיטות קמאי על תמורה,כן,תמורה,ל.,פירוש,לא,
4639,קובץ שיטות קמאי על תמורה,כן,תמורה,ל.,פירוש,לא,
4641,קובץ שיטות קמאי על תמורה,כן,תמורה,ל.,פירוש,לא,
4643,קובץ שיטות קמאי על תמורה,כן,תמורה,ל.,פירוש,לא,
4645,קובץ שיטות קמאי על תמורה,כן,תמורה,ל.,פירוש,לא,
4647,קובץ שיטות קמאי על תמורה,כן,תמורה,ל.,פירוש,לא,
4649,קובץ שיטות קמאי על תמורה,כן,תמורה,ל.,פירוש,לא,
4651,קובץ שיטות קמאי על תמורה,כן,תמורה,ל.,פירוש,לא,
4653,קובץ שיטות קמאי על תמורה,כן,תמורה,ל.,פירוש,לא,
4655,קובץ שיטות קמאי על תמורה,כן,תמורה,ל.,פירוש,לא,
4657,קובץ שיטות קמאי על תמורה,כן,תמורה,ל.,פירוש,לא,
4659,קובץ שיטות קמאי על תמורה,כן,תמורה,ל.,פירוש,לא,
4661,קובץ שיטות קמאי על תמורה,כן,תמורה,ל.,פירוש,לא,
4663,קובץ שיטות קמאי על תמורה,כן,תמורה,ל.,פירוש,לא,
4665,קובץ שיטות קמאי על תמורה,כן,תמורה,ל.,פירוש,לא,
4667,קובץ שיטות קמאי על תמורה,כן,תמורה,ל.,פירוש,לא,
4669,קובץ שיטות קמאי על תמורה,כן,תמורה,ל.,פירוש,לא,
4671,קובץ שיטות קמאי על תמורה,כן,תמורה,ל.,פירוש,לא,
4673,קובץ שיטות קמאי על תמורה,כן,תמורה,ל.,פירוש,לא,
4675,קובץ שיטות קמאי על תמורה,כן,תמורה,ל.,פירוש,לא,
4677,קובץ שיטות קמאי על תמורה,כן,תמורה,ל.,פירוש,לא,
4679,קובץ שיטות קמאי על תמורה,כן,תמורה,ל.,פירוש,לא,
4681,קובץ שיטות קמאי על תמורה,כן,תמורה,ל.,פירוש,לא,
4682,קובץ שיטות קמאי על תמורה,כן,תמורה,ל.,פירוש,לא,
4684,קובץ שיטות קמאי על תמורה,כן,תמורה,ל.,פירוש,לא,
4686,קובץ שיטות קמאי על תמורה,כן,תמורה,ל.,פירוש,לא,
4688,קובץ שיטות קמאי על תמורה,כן,תמורה,ל.,פירוש,לא,
4690,קובץ שיטות קמאי על תמורה,כן,תמורה,ל.,פירוש,לא,
4692,קובץ שיטות קמאי על תמורה,כן,תמורה,ל.,פירוש,לא,
4694,קובץ שיטות קמאי על תמורה,כן,תמורה,ל.,פירוש,לא,
4696,קובץ שיטות קמאי על תמורה,כן,תמורה,ל.,פירוש,לא,
4698,קובץ שיטות קמאי על תמורה,כן,תמורה,ל.,פירוש,לא,
4700,קובץ שיטות קמאי על תמורה,כן,תמורה,ל.,פירוש,לא,
4702,קובץ שיטות קמאי על תמורה,כן,תמורה,ל.,פירוש,לא,
4704,קובץ שיטות קמאי על תמורה,כן,תמורה,ל.,פירוש,לא,
4705,קובץ שיטות קמאי על תמורה,כן,תמורה,ל.,פירוש,לא,
4707,קובץ שיטות קמאי על תמורה,כן,תמורה,ל.,פירוש,לא,
4709,קובץ שיטות קמאי על תמורה,כן,תמורה,ל.,פירוש,לא,
4710,קובץ שיטות קמאי על תמורה,כן,תמורה,ל.,פירוש,לא,
4711,קובץ שיטות קמאי על תמורה,כן,תמורה,ל.,פירוש,לא,
4712,קובץ שיטות קמאי על תמורה,כן,תמורה,ל.,פירוש,לא,
4713,קובץ שיטות קמאי על תמורה,כן,תמורה,ל.,פירוש,לא,
4714,קובץ שיטות קמאי על תמורה,כן,תמורה,ל.,פירוש,לא,
4715,קובץ שיטות קמאי על תמורה,כן,תמורה,ל.,פירוש,לא,
4716,קובץ שיטות קמאי על תמורה,כן,תמורה,ל.,פירוש,לא,
4717,קובץ שיטות קמאי על תמורה,כן,תמורה,ל.,פירוש,לא,
4719,קובץ שיטות קמאי על תמורה,כן,תמורה,ל.,פירוש,לא,
4721,קובץ שיטות קמאי על תמורה,כן,תמורה,ל.,פירוש,לא,
4723,קובץ שיטות קמאי על תמורה,כן,תמורה,ל.,פירוש,לא,
4725,קובץ שיטות קמאי על תמורה,כן,תמורה,ל.,פירוש,לא,
4728,קובץ שיטות קמאי על תמורה,כן,תמורה,ל:,פירוש,לא,
4730,קובץ שיטות קמאי על תמורה,כן,תמורה,ל:,פירוש,לא,
4732,קובץ שיטות קמאי על תמורה,כן,תמורה,ל:,פירוש,לא,
4734,קובץ שיטות קמאי על תמורה,כן,תמורה,ל:,פירוש,לא,
4736,קובץ שיטות קמאי על תמורה,כן,תמורה,ל:,פירוש,לא,
4738,קובץ שיטות קמאי על תמורה,כן,תמורה,ל:,פירוש,לא,
4740,קובץ שיטות קמאי על תמורה,כן,תמורה,ל:,פירוש,לא,
4742,קובץ שיטות קמאי על תמורה,כן,תמורה,ל:,פירוש,לא,
4744,קובץ שיטות קמאי על תמורה,כן,תמורה,ל:,פירוש,לא,
4746,קובץ שיטות קמאי על תמורה,כן,תמורה,ל:,פירוש,לא,
4748,קובץ שיטות קמאי על תמורה,כן,תמורה,ל:,פירוש,לא,
4750,קובץ שיטות קמאי על תמורה,כן,תמורה,ל:,פירוש,לא,
4752,קובץ שיטות קמאי על תמורה,כן,תמורה,ל:,פירוש,לא,
4754,קובץ שיטות קמאי על תמורה,כן,תמורה,ל:,פירוש,לא,
4756,קובץ שיטות קמאי על תמורה,כן,תמורה,ל:,פירוש,לא,
4758,קובץ שיטות קמאי על תמורה,כן,תמורה,ל:,פירוש,לא,
4760,קובץ שיטות קמאי על תמורה,כן,תמורה,ל:,פירוש,לא,
4762,קובץ שיטות קמאי על תמורה,כן,תמורה,ל:,פירוש,לא,
4764,קובץ שיטות קמאי על תמורה,כן,תמורה,ל:,פירוש,לא,
4766,קובץ שיטות קמאי על תמורה,כן,תמורה,ל:,פירוש,לא,
4768,קובץ שיטות קמאי על תמורה,כן,תמורה,ל:,פירוש,לא,
4770,קובץ שיטות קמאי על תמורה,כן,תמורה,ל:,פירוש,לא,
4772,קובץ שיטות קמאי על תמורה,כן,תמורה,ל:,פירוש,לא,
4774,קובץ שיטות קמאי על תמורה,כן,תמורה,ל:,פירוש,לא,
4776,קובץ שיטות קמאי על תמורה,כן,תמורה,ל:,פירוש,לא,
4778,קובץ שיטות קמאי על תמורה,כן,תמורה,ל:,פירוש,לא,
4780,קובץ שיטות קמאי על תמורה,כן,תמורה,ל:,פירוש,לא,
4781,קובץ שיטות קמאי על תמורה,כן,תמורה,ל:,פירוש,לא,
4783,קובץ שיטות קמאי על תמורה,כן,תמורה,ל:,פירוש,לא,
4785,קובץ שיטות קמאי על תמורה,כן,תמורה,ל:,פירוש,לא,
4787,קובץ שיטות קמאי על תמורה,כן,תמורה,ל:,פירוש,לא,
4788,קובץ שיטות קמאי על תמורה,כן,תמורה,ל:,פירוש,לא,
4790,קובץ שיטות קמאי על תמורה,כן,תמורה,ל:,פירוש,לא,
4792,קובץ שיטות קמאי על תמורה,כן,תמורה,ל:,פירוש,לא,
4794,קובץ שיטות קמאי על תמורה,כן,תמורה,ל:,פירוש,לא,
4796,קובץ שיטות קמאי על תמורה,כן,תמורה,ל:,פירוש,לא,
4798,קובץ שיטות קמאי על תמורה,כן,תמורה,ל:,פירוש,לא,
4800,קובץ שיטות קמאי על תמורה,כן,תמורה,ל:,פירוש,לא,
4802,קובץ שיטות קמאי על תמורה,כן,תמורה,ל:,פירוש,לא,
4804,קובץ שיטות קמאי על תמורה,כן,תמורה,ל:,פירוש,לא,
4806,קובץ שיטות קמאי על תמורה,כן,תמורה,ל:,פירוש,לא,
4808,קובץ שיטות קמאי על תמורה,כן,תמורה,ל:,פירוש,לא,
4810,קובץ שיטות קמאי על תמורה,כן,תמורה,ל:,פירוש,לא,
4812,קובץ שיטות קמאי על תמורה,כן,תמורה,ל:,פירוש,לא,
4814,קובץ שיטות קמאי על תמורה,כן,תמורה,ל:,פירוש,לא,
4816,קובץ שיטות קמאי על תמורה,כן,תמורה,ל:,פירוש,לא,
4817,קובץ שיטות קמאי על תמורה,כן,תמורה,ל:,פירוש,לא,
4818,קובץ שיטות קמאי על תמורה,כן,תמורה,ל:,פירוש,לא,
4819,קובץ שיטות קמאי על תמורה,כן,תמורה,ל:,פירוש,לא,
4821,קובץ שיטות קמאי על תמורה,כן,תמורה,ל:,פירוש,לא,
4823,קובץ שיטות קמאי על תמורה,כן,תמורה,ל:,פירוש,לא,
4825,קובץ שיטות קמאי על תמורה,כן,תמורה,ל:,פירוש,לא,
4827,קובץ שיטות קמאי על תמורה,כן,תמורה,ל:,פירוש,לא,
4829,קובץ שיטות קמאי על תמורה,כן,תמורה,ל:,פירוש,לא,
4831,קובץ שיטות קמאי על תמורה,כן,תמורה,ל:,פירוש,לא,
4833,קובץ שיטות קמאי על תמורה,כן,תמורה,ל:,פירוש,לא,
4835,קובץ שיטות קמאי על תמורה,כן,תמורה,ל:,פירוש,לא,
4837,קובץ שיטות קמאי על תמורה,כן,תמורה,ל:,פירוש,לא,
4839,קובץ שיטות קמאי על תמורה,כן,תמורה,ל:,פירוש,לא,
4841,קובץ שיטות קמאי על תמורה,כן,תמורה,ל:,פירוש,לא,
4843,קובץ שיטות קמאי על תמורה,כן,תמורה,ל:,פירוש,לא,
4846,קובץ שיטות קמאי על תמורה,כן,תמורה,לא.,פירוש,לא,
4848,קובץ שיטות קמאי על תמורה,כן,תמורה,לא.,פירוש,לא,
4850,קובץ שיטות קמאי על תמורה,כן,תמורה,לא.,פירוש,לא,
4851,קובץ שיטות קמאי על תמורה,כן,תמורה,לא.,פירוש,לא,
4852,קובץ שיטות קמאי על תמורה,כן,תמורה,לא.,פירוש,לא,
4854,קובץ שיטות קמאי על תמורה,כן,תמורה,לא.,פירוש,לא,
4856,קובץ שיטות קמאי על תמורה,כן,תמורה,לא.,פירוש,לא,
4858,קובץ שיטות קמאי על תמורה,כן,תמורה,לא.,פירוש,לא,
4860,קובץ שיטות קמאי על תמורה,כן,תמורה,לא.,פירוש,לא,
4862,קובץ שיטות קמאי על תמורה,כן,תמורה,לא.,פירוש,לא,
4864,קובץ שיטות קמאי על תמורה,כן,תמורה,לא.,פירוש,לא,
4866,קובץ שיטות קמאי על תמורה,כן,תמורה,לא.,פירוש,לא,
4868,קובץ שיטות קמאי על תמורה,כן,תמורה,לא.,פירוש,לא,
4870,קובץ שיטות קמאי על תמורה,כן,תמורה,לא.,פירוש,לא,
4872,קובץ שיטות קמאי על תמורה,כן,תמורה,לא.,פירוש,לא,
4874,קובץ שיטות קמאי על תמורה,כן,תמורה,לא.,פירוש,לא,
4876,קובץ שיטות קמאי על תמורה,כן,תמורה,לא.,פירוש,לא,
4878,קובץ שיטות קמאי על תמורה,כן,תמורה,לא.,פירוש,לא,
4880,קובץ שיטות קמאי על תמורה,כן,תמורה,לא.,פירוש,לא,
4882,קובץ שיטות קמאי על תמורה,כן,תמורה,לא.,פירוש,לא,
4884,קובץ שיטות קמאי על תמורה,כן,תמורה,לא.,פירוש,לא,
4886,קובץ שיטות קמאי על תמורה,כן,תמורה,לא.,פירוש,לא,
4888,קובץ שיטות קמאי על תמורה,כן,תמורה,לא.,פירוש,לא,
4890,קובץ שיטות קמאי על תמורה,כן,תמורה,לא.,פירוש,לא,
4892,קובץ שיטות קמאי על תמורה,כן,תמורה,לא.,פירוש,לא,
4894,קובץ שיטות קמאי על תמורה,כן,תמורה,לא.,פירוש,לא,
4896,קובץ שיטות קמאי על תמורה,כן,תמורה,לא.,פירוש,לא,
4898,קובץ שיטות קמאי על תמורה,כן,תמורה,לא.,פירוש,לא,
4900,קובץ שיטות קמאי על תמורה,כן,תמורה,לא.,פירוש,לא,
4902,קובץ שיטות קמאי על תמורה,כן,תמורה,לא.,פירוש,לא,
4904,קובץ שיטות קמאי על תמורה,כן,תמורה,לא.,פירוש,לא,
4906,קובץ שיטות קמאי על תמורה,כן,תמורה,לא.,פירוש,לא,
4908,קובץ שיטות קמאי על תמורה,כן,תמורה,לא.,פירוש,לא,
4910,קובץ שיטות קמאי על תמורה,כן,תמורה,לא.,פירוש,לא,
4912,קובץ שיטות קמאי על תמורה,כן,תמורה,לא.,פירוש,לא,
4914,קובץ שיטות קמאי על תמורה,כן,תמורה,לא.,פירוש,לא,
4916,קובץ שיטות קמאי על תמורה,כן,תמורה,לא.,פירוש,לא,
4918,קובץ שיטות קמאי על תמורה,כן,תמורה,לא.,פירוש,לא,
4920,קובץ שיטות קמאי על תמורה,כן,תמורה,לא.,פירוש,לא,
4922,קובץ שיטות קמאי על תמורה,כן,תמורה,לא.,פירוש,לא,
4924,קובץ שיטות קמאי על תמורה,כן,תמורה,לא.,פירוש,לא,
4926,קובץ שיטות קמאי על תמורה,כן,תמורה,לא.,פירוש,לא,
4928,קובץ שיטות קמאי על תמורה,כן,תמורה,לא.,פירוש,לא,
4930,קובץ שיטות קמאי על תמורה,כן,תמורה,לא.,פירוש,לא,
4932,קובץ שיטות קמאי על תמורה,כן,תמורה,לא.,פירוש,לא,
4934,קובץ שיטות קמאי על תמורה,כן,תמורה,לא.,פירוש,לא,
4936,קובץ שיטות קמאי על תמורה,כן,תמורה,לא.,פירוש,לא,
4938,קובץ שיטות קמאי על תמורה,כן,תמורה,לא.,פירוש,לא,
4940,קובץ שיטות קמאי על תמורה,כן,תמורה,לא.,פירוש,לא,
4942,קובץ שיטות קמאי על תמורה,כן,תמורה,לא.,פירוש,לא,
4943,קובץ שיטות קמאי על תמורה,כן,תמורה,לא.,פירוש,לא,
4944,קובץ שיטות קמאי על תמורה,כן,תמורה,לא.,פירוש,לא,
4945,קובץ שיטות קמאי על תמורה,כן,תמורה,לא.,פירוש,לא,
4946,קובץ שיטות קמאי על תמורה,כן,תמורה,לא.,פירוש,לא,
4948,קובץ שיטות קמאי על תמורה,כן,תמורה,לא.,פירוש,לא,
4950,קובץ שיטות קמאי על תמורה,כן,תמורה,לא.,פירוש,לא,
4952,קובץ שיטות קמאי על תמורה,כן,תמורה,לא.,פירוש,לא,
4954,קובץ שיטות קמאי על תמורה,כן,תמורה,לא.,פירוש,לא,
4956,קובץ שיטות קמאי על תמורה,כן,תמורה,לא.,פירוש,לא,
4958,קובץ שיטות קמאי על תמורה,כן,תמורה,לא.,פירוש,לא,
4960,קובץ שיטות קמאי על תמורה,כן,תמורה,לא.,פירוש,לא,
4962,קובץ שיטות קמאי על תמורה,כן,תמורה,לא.,פירוש,לא,
4964,קובץ שיטות קמאי על תמורה,כן,תמורה,לא.,פירוש,לא,
4966,קובץ שיטות קמאי על תמורה,כן,תמורה,לא.,פירוש,לא,
4968,קובץ שיטות קמאי על תמורה,כן,תמורה,לא.,פירוש,לא,
4970,קובץ שיטות קמאי על תמורה,כן,תמורה,לא.,פירוש,לא,
4972,קובץ שיטות קמאי על תמורה,כן,תמורה,לא.,פירוש,לא,
4974,קובץ שיטות קמאי על תמורה,כן,תמורה,לא.,פירוש,לא,
4976,קובץ שיטות קמאי על תמורה,כן,תמורה,לא.,פירוש,לא,
4978,קובץ שיטות קמאי על תמורה,כן,תמורה,לא.,פירוש,לא,
4980,קובץ שיטות קמאי על תמורה,כן,תמורה,לא.,פירוש,לא,
4981,קובץ שיטות קמאי על תמורה,כן,תמורה,לא.,פירוש,לא,
4983,קובץ שיטות קמאי על תמורה,כן,תמורה,לא.,פירוש,לא,
4985,קובץ שיטות קמאי על תמורה,כן,תמורה,לא.,פירוש,לא,
4987,קובץ שיטות קמאי על תמורה,כן,תמורה,לא.,פירוש,לא,
4989,קובץ שיטות קמאי על תמורה,כן,תמורה,לא.,פירוש,לא,
4991,קובץ שיטות קמאי על תמורה,כן,תמורה,לא.,פירוש,לא,
4993,קובץ שיטות קמאי על תמורה,כן,תמורה,לא.,פירוש,לא,
4995,קובץ שיטות קמאי על תמורה,כן,תמורה,לא.,פירוש,לא,
4997,קובץ שיטות קמאי על תמורה,כן,תמורה,לא.,פירוש,לא,
4999,קובץ שיטות קמאי על תמורה,כן,תמורה,לא.,פירוש,לא,
5001,קובץ שיטות קמאי על תמורה,כן,תמורה,לא.,פירוש,לא,
5003,קובץ שיטות קמאי על תמורה,כן,תמורה,לא.,פירוש,לא,
5005,קובץ שיטות קמאי על תמורה,כן,תמורה,לא.,פירוש,לא,
5007,קובץ שיטות קמאי על תמורה,כן,תמורה,לא.,פירוש,לא,
5009,קובץ שיטות קמאי על תמורה,כן,תמורה,לא.,פירוש,לא,
5011,קובץ שיטות קמאי על תמורה,כן,תמורה,לא.,פירוש,לא,
5013,קובץ שיטות קמאי על תמורה,כן,תמורה,לא.,פירוש,לא,
5015,קובץ שיטות קמאי על תמורה,כן,תמורה,לא.,פירוש,לא,
5017,קובץ שיטות קמאי על תמורה,כן,תמורה,לא.,פירוש,לא,
5020,קובץ שיטות קמאי על תמורה,כן,תמורה,לא:,פירוש,לא,
5022,קובץ שיטות קמאי על תמורה,כן,תמורה,לא:,פירוש,לא,
5024,קובץ שיטות קמאי על תמורה,כן,תמורה,לא:,פירוש,לא,
5025,קובץ שיטות קמאי על תמורה,כן,תמורה,לא:,פירוש,לא,
5026,קובץ שיטות קמאי על תמורה,כן,תמורה,לא:,פירוש,לא,
5027,קובץ שיטות קמאי על תמורה,כן,תמורה,לא:,פירוש,לא,
5029,קובץ שיטות קמאי על תמורה,כן,תמורה,לא:,פירוש,לא,
5031,קובץ שיטות קמאי על תמורה,כן,תמורה,לא:,פירוש,לא,
5033,קובץ שיטות קמאי על תמורה,כן,תמורה,לא:,פירוש,לא,
5035,קובץ שיטות קמאי על תמורה,כן,תמורה,לא:,פירוש,לא,
5037,קובץ שיטות קמאי על תמורה,כן,תמורה,לא:,פירוש,לא,
5040,קובץ שיטות קמאי על תמורה,כן,תמורה,לב.,פירוש,לא,
5042,קובץ שיטות קמאי על תמורה,כן,תמורה,לב.,פירוש,לא,
5043,קובץ שיטות קמאי על תמורה,כן,תמורה,לב.,פירוש,לא,
5045,קובץ שיטות קמאי על תמורה,כן,תמורה,לב.,פירוש,לא,
5047,קובץ שיטות קמאי על תמורה,כן,תמורה,לב.,פירוש,לא,
5049,קובץ שיטות קמאי על תמורה,כן,תמורה,לב.,פירוש,לא,
5051,קובץ שיטות קמאי על תמורה,כן,תמורה,לב.,פירוש,לא,
5053,קובץ שיטות קמאי על תמורה,כן,תמורה,לב.,פירוש,לא,
5055,קובץ שיטות קמאי על תמורה,כן,תמורה,לב.,פירוש,לא,
5056,קובץ שיטות קמאי על תמורה,כן,תמורה,לב.,פירוש,לא,
5058,קובץ שיטות קמאי על תמורה,כן,תמורה,לב.,פירוש,לא,
5060,קובץ שיטות קמאי על תמורה,כן,תמורה,לב.,פירוש,לא,
5061,קובץ שיטות קמאי על תמורה,כן,תמורה,לב.,פירוש,לא,
5063,קובץ שיטות קמאי על תמורה,כן,תמורה,לב.,פירוש,לא,
5065,קובץ שיטות קמאי על תמורה,כן,תמורה,לב.,פירוש,לא,
5067,קובץ שיטות קמאי על תמורה,כן,תמורה,לב.,פירוש,לא,
5069,קובץ שיטות קמאי על תמורה,כן,תמורה,לב.,פירוש,לא,
5071,קובץ שיטות קמאי על תמורה,כן,תמורה,לב.,פירוש,לא,
5073,קובץ שיטות קמאי על תמורה,כן,תמורה,לב.,פירוש,לא,
5075,קובץ שיטות קמאי על תמורה,כן,תמורה,לב.,פירוש,לא,
5078,קובץ שיטות קמאי על תמורה,כן,תמורה,לב:,פירוש,לא,
5080,קובץ שיטות קמאי על תמורה,כן,תמורה,לב:,פירוש,לא,
5081,קובץ שיטות קמאי על תמורה,כן,תמורה,לב:,פירוש,לא,
5082,קובץ שיטות קמאי על תמורה,כן,תמורה,לב:,פירוש,לא,
5084,קובץ שיטות קמאי על תמורה,כן,תמורה,לב:,פירוש,לא,
5085,קובץ שיטות קמאי על תמורה,כן,תמורה,לב:,פירוש,לא,
5087,קובץ שיטות קמאי על תמורה,כן,תמורה,לב:,פירוש,לא,
5088,קובץ שיטות קמאי על תמורה,כן,תמורה,לב:,פירוש,לא,
5090,קובץ שיטות קמאי על תמורה,כן,תמורה,לב:,פירוש,לא,
5092,קובץ שיטות קמאי על תמורה,כן,תמורה,לב:,פירוש,לא,
5094,קובץ שיטות קמאי על תמורה,כן,תמורה,לב:,פירוש,לא,
5096,קובץ שיטות קמאי על תמורה,כן,תמורה,לב:,פירוש,לא,
5098,קובץ שיטות קמאי על תמורה,כן,תמורה,לב:,פירוש,לא,
5100,קובץ שיטות קמאי על תמורה,כן,תמורה,לב:,פירוש,לא,
5102,קובץ שיטות קמאי על תמורה,כן,תמורה,לב:,פירוש,לא,
5104,קובץ שיטות קמאי על תמורה,כן,תמורה,לב:,פירוש,לא,
5106,קובץ שיטות קמאי על תמורה,כן,תמורה,לב:,פירוש,לא,
5108,קובץ שיטות קמאי על תמורה,כן,תמורה,לב:,פירוש,לא,
5110,קובץ שיטות קמאי על תמורה,כן,תמורה,לב:,פירוש,לא,
5112,קובץ שיטות קמאי על תמורה,כן,תמורה,לב:,פירוש,לא,
5115,קובץ שיטות קמאי על תמורה,כן,תמורה,לג.,פירוש,לא,
5117,קובץ שיטות קמאי על תמורה,כן,תמורה,לג.,פירוש,לא,
5119,קובץ שיטות קמאי על תמורה,כן,תמורה,לג.,פירוש,לא,
5121,קובץ שיטות קמאי על תמורה,כן,תמורה,לג.,פירוש,לא,
5123,קובץ שיטות קמאי על תמורה,כן,תמורה,לג.,פירוש,לא,
5125,קובץ שיטות קמאי על תמורה,כן,תמורה,לג.,פירוש,לא,
5128,קובץ שיטות קמאי על תמורה,כן,תמורה,לג:,פירוש,לא,
5130,קובץ שיטות קמאי על תמורה,כן,תמורה,לג:,פירוש,לא,
5132,קובץ שיטות קמאי על תמורה,כן,תמורה,לג:,פירוש,לא,
5134,קובץ שיטות קמאי על תמורה,כן,תמורה,לג:,פירוש,לא,
5135,קובץ שיטות קמאי על תמורה,כן,תמורה,לג:,פירוש,לא,
5136,קובץ שיטות קמאי על תמורה,כן,תמורה,לג:,פירוש,לא,
5138,קובץ שיטות קמאי על תמורה,כן,תמורה,לג:,פירוש,לא,
5140,קובץ שיטות קמאי על תמורה,כן,תמורה,לג:,פירוש,לא,
5142,קובץ שיטות קמאי על תמורה,כן,תמורה,לג:,פירוש,לא,
5144,קובץ שיטות קמאי על תמורה,כן,תמורה,לג:,פירוש,לא,
5146,קובץ שיטות קמאי על תמורה,כן,תמורה,לג:,פירוש,לא,
5148,קובץ שיטות קמאי על תמורה,כן,תמורה,לג:,פירוש,לא,
5150,קובץ שיטות קמאי על תמורה,כן,תמורה,לג:,פירוש,לא,
5152,קובץ שיטות קמאי על תמורה,כן,תמורה,לג:,פירוש,לא,
5154,קובץ שיטות קמאי על תמורה,כן,תמורה,לג:,פירוש,לא,
5156,קובץ שיטות קמאי על תמורה,כן,תמורה,לג:,פירוש,לא,
5158,קובץ שיטות קמאי על תמורה,כן,תמורה,לג:,פירוש,לא,
5160,קובץ שיטות קמאי על תמורה,כן,תמורה,לג:,פירוש,לא,
5162,קובץ שיטות קמאי על תמורה,כן,תמורה,לג:,פירוש,לא,
5164,קובץ שיטות קמאי על תמורה,כן,תמורה,לג:,פירוש,לא,
5166,קובץ שיטות קמאי על תמורה,כן,תמורה,לג:,פירוש,לא,
5167,קובץ שיטות קמאי על תמורה,כן,תמורה,לג:,פירוש,לא,
5168,קובץ שיטות קמאי על תמורה,כן,תמורה,לג:,פירוש,לא,
5170,קובץ שיטות קמאי על תמורה,כן,תמורה,לג:,פירוש,לא,
5171,קובץ שיטות קמאי על תמורה,כן,תמורה,לג:,פירוש,לא,
5173,קובץ שיטות קמאי על תמורה,כן,תמורה,לג:,פירוש,לא,
5175,קובץ שיטות קמאי על תמורה,כן,תמורה,לג:,פירוש,לא,
5177,קובץ שיטות קמאי על תמורה,כן,תמורה,לג:,פירוש,לא,
5179,קובץ שיטות קמאי על תמורה,כן,תמורה,לג:,פירוש,לא,
5181,קובץ שיטות קמאי על תמורה,כן,תמורה,לג:,פירוש,לא,
5183,קובץ שיטות קמאי על תמורה,כן,תמורה,לג:,פירוש,לא,
5185,קובץ שיטות קמאי על תמורה,כן,תמורה,לג:,פירוש,לא,
5187,קובץ שיטות קמאי על תמורה,כן,תמורה,לג:,פירוש,לא,
5189,קובץ שיטות קמאי על תמורה,כן,תמורה,לג:,פירוש,לא,
5191,קובץ שיטות קמאי על תמורה,כן,תמורה,לג:,פירוש,לא,
5193,קובץ שיטות קמאי על תמורה,כן,תמורה,לג:,פירוש,לא,
5194,קובץ שיטות קמאי על תמורה,כן,תמורה,לג:,פירוש,לא,
5195,קובץ שיטות קמאי על תמורה,כן,תמורה,לג:,פירוש,לא,
5196,קובץ שיטות קמאי על תמורה,כן,תמורה,לג:,פירוש,לא,
5197,קובץ שיטות קמאי על תמורה,כן,תמורה,לג:,פירוש,לא,
5198,קובץ שיטות קמאי על תמורה,כן,תמורה,לג:,פירוש,לא,
5199,קובץ שיטות קמאי על תמורה,כן,תמורה,לג:,פירוש,לא,
5201,קובץ שיטות קמאי על תמורה,כן,תמורה,לג:,פירוש,לא,
5202,קובץ שיטות קמאי על תמורה,כן,תמורה,לג:,פירוש,לא,
5204,קובץ שיטות קמאי על תמורה,כן,תמורה,לג:,פירוש,לא,
5206,קובץ שיטות קמאי על תמורה,כן,תמורה,לג:,פירוש,לא,
5208,קובץ שיטות קמאי על תמורה,כן,תמורה,לג:,פירוש,לא,
5210,קובץ שיטות קמאי על תמורה,כן,תמורה,לג:,פירוש,לא,
5212,קובץ שיטות קמאי על תמורה,כן,תמורה,לג:,פירוש,לא,
5214,קובץ שיטות קמאי על תמורה,כן,תמורה,לג:,פירוש,לא,
5216,קובץ שיטות קמאי על תמורה,כן,תמורה,לג:,פירוש,לא,
5218,קובץ שיטות קמאי על תמורה,כן,תמורה,לג:,פירוש,לא,
5220,קובץ שיטות קמאי על תמורה,כן,תמורה,לג:,פירוש,לא,
5222,קובץ שיטות קמאי על תמורה,כן,תמורה,לג:,פירוש,לא,
5224,קובץ שיטות קמאי על תמורה,כן,תמורה,לג:,פירוש,לא,
5226,קובץ שיטות קמאי על תמורה,כן,תמורה,לג:,פירוש,לא,
5228,קובץ שיטות קמאי על תמורה,כן,תמורה,לג:,פירוש,לא,
5230,קובץ שיטות קמאי על תמורה,כן,תמורה,לג:,פירוש,לא,
5231,קובץ שיטות קמאי על תמורה,כן,תמורה,לג:,פירוש,לא,
5232,קובץ שיטות קמאי על תמורה,כן,תמורה,לג:,פירוש,לא,
5234,קובץ שיטות קמאי על תמורה,כן,תמורה,לג:,פירוש,לא,
5236,קובץ שיטות קמאי על תמורה,כן,תמורה,לג:,פירוש,לא,
5238,קובץ שיטות קמאי על תמורה,כן,תמורה,לג:,פירוש,לא,
5240,קובץ שיטות קמאי על תמורה,כן,תמורה,לג:,פירוש,לא,
5242,קובץ שיטות קמאי על תמורה,כן,תמורה,לג:,פירוש,לא,
5244,קובץ שיטות קמאי על תמורה,כן,תמורה,לג:,פירוש,לא,
5246,קובץ שיטות קמאי על תמורה,כן,תמורה,לג:,פירוש,לא,
5248,קובץ שיטות קמאי על תמורה,כן,תמורה,לג:,פירוש,לא,
5250,קובץ שיטות קמאי על תמורה,כן,תמורה,לג:,פירוש,לא,
5252,קובץ שיטות קמאי על תמורה,כן,תמורה,לג:,פירוש,לא,
5254,קובץ שיטות קמאי על תמורה,כן,תמורה,לג:,פירוש,לא,
5256,קובץ שיטות קמאי על תמורה,כן,תמורה,לג:,פירוש,לא,
5258,קובץ שיטות קמאי על תמורה,כן,תמורה,לג:,פירוש,לא,
5260,קובץ שיטות קמאי על תמורה,כן,תמורה,לג:,פירוש,לא,
5262,קובץ שיטות קמאי על תמורה,כן,תמורה,לג:,פירוש,לא,
5264,קובץ שיטות קמאי על תמורה,כן,תמורה,לג:,פירוש,לא,
5266,קובץ שיטות קמאי על תמורה,כן,תמורה,לג:,פירוש,לא,
5268,קובץ שיטות קמאי על תמורה,כן,תמורה,לג:,פירוש,לא,
5270,קובץ שיטות קמאי על תמורה,כן,תמורה,לג:,פירוש,לא,
5272,קובץ שיטות קמאי על תמורה,כן,תמורה,לג:,פירוש,לא,
5274,קובץ שיטות קמאי על תמורה,כן,תמורה,לג:,פירוש,לא,
5276,קובץ שיטות קמאי על תמורה,כן,תמורה,לג:,פירוש,לא,
5278,קובץ שיטות קמאי על תמורה,כן,תמורה,לג:,פירוש,לא,
5280,קובץ שיטות קמאי על תמורה,כן,תמורה,לג:,פירוש,לא,
5282,קובץ שיטות קמאי על תמורה,כן,תמורה,לג:,פירוש,לא,
5284,קובץ שיטות קמאי על תמורה,כן,תמורה,לג:,פירוש,לא,
5286,קובץ שיטות קמאי על תמורה,כן,תמורה,לג:,פירוש,לא,
5288,קובץ שיטות קמאי על תמורה,כן,תמורה,לג:,פירוש,לא,
5290,קובץ שיטות קמאי על תמורה,כן,תמורה,לג:,פירוש,לא,
5292,קובץ שיטות קמאי על תמורה,כן,תמורה,לג:,פירוש,לא,
5294,קובץ שיטות קמאי על תמורה,כן,תמורה,לג:,פירוש,לא,
5297,קובץ שיטות קמאי על תמורה,כן,תמורה,לד.,פירוש,לא,
5299,קובץ שיטות קמאי על תמורה,כן,תמורה,לד.,פירוש,לא,
5300,קובץ שיטות קמאי על תמורה,כן,תמורה,לד.,פירוש,לא,
5302,קובץ שיטות קמאי על תמורה,כן,תמורה,לד.,פירוש,לא,
5304,קובץ שיטות קמאי על תמורה,כן,תמורה,לד.,פירוש,לא,
5305,קובץ שיטות קמאי על תמורה,כן,תמורה,לד.,פירוש,לא,
5307,קובץ שיטות קמאי על תמורה,כן,תמורה,לד.,פירוש,לא,
5308,קובץ שיטות קמאי על תמורה,כן,תמורה,לד.,פירוש,לא,
5310,קובץ שיטות קמאי על תמורה,כן,תמורה,לד.,פירוש,לא,
5312,קובץ שיטות קמאי על תמורה,כן,תמורה,לד.,פירוש,לא,
5313,קובץ שיטות קמאי על תמורה,כן,תמורה,לד.,פירוש,לא,
5314,קובץ שיטות קמאי על תמורה,כן,תמורה,לד.,פירוש,לא,
5315,קובץ שיטות קמאי על תמורה,כן,תמורה,לד.,פירוש,לא,
5316,קובץ שיטות קמאי על תמורה,כן,תמורה,לד.,פירוש,לא,
5317,קובץ שיטות קמאי על תמורה,כן,תמורה,לד.,פירוש,לא,
5318,קובץ שיטות קמאי על תמורה,כן,תמורה,לד.,פירוש,לא,
5319,קובץ שיטות קמאי על תמורה,כן,תמורה,לד.,פירוש,לא,
5321,קובץ שיטות קמאי על תמורה,כן,תמורה,לד.,פירוש,לא,
5323,קובץ שיטות קמאי על תמורה,כן,תמורה,לד.,פירוש,לא,
5325,קובץ שיטות קמאי על תמורה,כן,תמורה,לד.,פירוש,לא,
5327,קובץ שיטות קמאי על תמורה,כן,תמורה,לד.,פירוש,לא,
5329,קובץ שיטות קמאי על תמורה,כן,תמורה,לד.,פירוש,לא,
5331,קובץ שיטות קמאי על תמורה,כן,תמורה,לד.,פירוש,לא,
5333,קובץ שיטות קמאי על תמורה,כן,תמורה,לד.,פירוש,לא,
5334,קובץ שיטות קמאי על תמורה,כן,תמורה,לד.,פירוש,לא,
5335,קובץ שיטות קמאי על תמורה,כן,תמורה,לד.,פירוש,לא,
5336,קובץ שיטות קמאי על תמורה,כן,תמורה,לד.,פירוש,לא,
5337,קובץ שיטות קמאי על תמורה,כן,תמורה,לד.,פירוש,לא,
5339,קובץ שיטות קמאי על תמורה,כן,תמורה,לד.,פירוש,לא,
5340,קובץ שיטות קמאי על תמורה,כן,תמורה,לד.,פירוש,לא,
5341,קובץ שיטות קמאי על תמורה,כן,תמורה,לד.,פירוש,לא,
5343,קובץ שיטות קמאי על תמורה,כן,תמורה,לד.,פירוש,לא,
5344,קובץ שיטות קמאי על תמורה,כן,תמורה,לד.,פירוש,לא,
5346,קובץ שיטות קמאי על תמורה,כן,תמורה,לד.,פירוש,לא,
5348,קובץ שיטות קמאי על תמורה,כן,תמורה,לד.,פירוש,לא,
5350,קובץ שיטות קמאי על תמורה,כן,תמורה,לד.,פירוש,לא,
5352,קובץ שיטות קמאי על תמורה,כן,תמורה,לד.,פירוש,לא,
5353,קובץ שיטות קמאי על תמורה,כן,תמורה,לד.,פירוש,לא,
5354,קובץ שיטות קמאי על תמורה,כן,תמורה,לד.,פירוש,לא,
5355,קובץ שיטות קמאי על תמורה,כן,תמורה,לד.,פירוש,לא,
5357,קובץ שיטות קמאי על תמורה,כן,תמורה,לד.,פירוש,לא,
5359,קובץ שיטות קמאי על תמורה,כן,תמורה,לד.,פירוש,לא,
5361,קובץ שיטות קמאי על תמורה,כן,תמורה,לד.,פירוש,לא,
5363,קובץ שיטות קמאי על תמורה,כן,תמורה,לד.,פירוש,לא,
5365,קובץ שיטות קמאי על תמורה,כן,תמורה,לד.,פירוש,לא,
5367,קובץ שיטות קמאי על תמורה,כן,תמורה,לד.,פירוש,לא,
5369,קובץ שיטות קמאי על תמורה,כן,תמורה,לד.,פירוש,לא,
5371,קובץ שיטות קמאי על תמורה,כן,תמורה,לד.,פירוש,לא,
5373,קובץ שיטות קמאי על תמורה,כן,תמורה,לד.,פירוש,לא,
5375,קובץ שיטות קמאי על תמורה,כן,תמורה,לד.,פירוש,לא,
5377,קובץ שיטות קמאי על תמורה,כן,תמורה,לד.,פירוש,לא,
5379,קובץ שיטות קמאי על תמורה,כן,תמורה,לד.,פירוש,לא,
5381,קובץ שיטות קמאי על תמורה,כן,תמורה,לד.,פירוש,לא,
5383,קובץ שיטות קמאי על תמורה,כן,תמורה,לד.,פירוש,לא,
5385,קובץ שיטות קמאי על תמורה,כן,תמורה,לד.,פירוש,לא,
5387,קובץ שיטות קמאי על תמורה,כן,תמורה,לד.,פירוש,לא,
5389,קובץ שיטות קמאי על תמורה,כן,תמורה,לד.,פירוש,לא,
5391,קובץ שיטות קמאי על תמורה,כן,תמורה,לד.,פירוש,לא,
5393,קובץ שיטות קמאי על תמורה,כן,תמורה,לד.,פירוש,לא,
5395,קובץ שיטות קמאי על תמורה,כן,תמורה,לד.,פירוש,לא,
5397,קובץ שיטות קמאי על תמורה,כן,תמורה,לד.,פירוש,לא,
5399,קובץ שיטות קמאי על תמורה,כן,תמורה,לד.,פירוש,לא,
5401,קובץ שיטות קמאי על תמורה,כן,תמורה,לד.,פירוש,לא,
5403,קובץ שיטות קמאי על תמורה,כן,תמורה,לד.,פירוש,לא,
5405,קובץ שיטות קמאי על תמורה,כן,תמורה,לד.,פירוש,לא,
5407,קובץ שיטות קמאי על תמורה,כן,תמורה,לד.,פירוש,לא,
5409,קובץ שיטות קמאי על תמורה,כן,תמורה,לד.,פירוש,לא,
5411,קובץ שיטות קמאי על תמורה,כן,תמורה,לד.,פירוש,לא,
5413,קובץ שיטות קמאי על תמורה,כן,תמורה,לד.,פירוש,לא,
5415,קובץ שיטות קמאי על תמורה,כן,תמורה,לד.,פירוש,לא,
5417,קובץ שיטות קמאי על תמורה,כן,תמורה,לד.,פירוש,לא,
5419,קובץ שיטות קמאי על תמורה,כן,תמורה,לד.,פירוש,לא,
5421,קובץ שיטות קמאי על תמורה,כן,תמורה,לד.,פירוש,לא,
5422,קובץ שיטות קמאי על תמורה,כן,תמורה,לד.,פירוש,לא,
5423,קובץ שיטות קמאי על תמורה,כן,תמורה,לד.,פירוש,לא,
5425,קובץ שיטות קמאי על תמורה,כן,תמורה,לד.,פירוש,לא,
5426,קובץ שיטות קמאי על תמורה,כן,תמורה,לד.,פירוש,לא,
5428,קובץ שיטות קמאי על תמורה,כן,תמורה,לד.,פירוש,לא,
5430,קובץ שיטות קמאי על תמורה,כן,תמורה,לד.,פירוש,לא,
5432,קובץ שיטות קמאי על תמורה,כן,תמורה,לד.,פירוש,לא,
5433,קובץ שיטות קמאי על תמורה,כן,תמורה,לד.,פירוש,לא,
5434,קובץ שיטות קמאי על תמורה,כן,תמורה,לד.,פירוש,לא,
5435,קובץ שיטות קמאי על תמורה,כן,תמורה,לד.,פירוש,לא,
5436,קובץ שיטות קמאי על תמורה,כן,תמורה,לד.,פירוש,לא,
5437,קובץ שיטות קמאי על תמורה,כן,תמורה,לד.,פירוש,לא,
5438,קובץ שיטות קמאי על תמורה,כן,תמורה,לד.,פירוש,לא,
5439,קובץ שיטות קמאי על תמורה,כן,תמורה,לד.,פירוש,לא,
5440,קובץ שיטות קמאי על תמורה,כן,תמורה,לד.,פירוש,לא,
5441,קובץ שיטות קמאי על תמורה,כן,תמורה,לד.,פירוש,לא,
5442,קובץ שיטות קמאי על תמורה,כן,תמורה,לד.,פירוש,לא,
5443,קובץ שיטות קמאי על תמורה,כן,תמורה,לד.,פירוש,לא,
5444,קובץ שיטות קמאי על תמורה,כן,תמורה,לד.,פירוש,לא,
5445,קובץ שיטות קמאי על תמורה,כן,תמורה,לד.,פירוש,לא,
5446,קובץ שיטות קמאי על תמורה,כן,תמורה,לד.,פירוש,לא,
5447,קובץ שיטות קמאי על תמורה,כן,תמורה,לד.,פירוש,לא,
5448,קובץ שיטות קמאי על תמורה,כן,תמורה,לד.,פירוש,לא,
5449,קובץ שיטות קמאי על תמורה,כן,תמורה,לד.,פירוש,לא,
5450,קובץ שיטות קמאי על תמורה,כן,תמורה,לד.,פירוש,לא,
5451,קובץ שיטות קמאי על תמורה,כן,תמורה,לד.,פירוש,לא,
5452,קובץ שיטות קמאי על תמורה,כן,תמורה,לד.,פירוש,לא,
5454,קובץ שיטות קמאי על תמורה,כן,תמורה,לד.,פירוש,לא,
5456,קובץ שיטות קמאי על תמורה,כן,תמורה,לד.,פירוש,לא,
5458,קובץ שיטות קמאי על תמורה,כן,תמורה,לד.,פירוש,לא,
5460,קובץ שיטות קמאי על תמורה,כן,תמורה,לד.,פירוש,לא,
5462,קובץ שיטות קמאי על תמורה,כן,תמורה,לד.,פירוש,לא,
5464,קובץ שיטות קמאי על תמורה,כן,תמורה,לד.,פירוש,לא,
5466,קובץ שיטות קמאי על תמורה,כן,תמורה,לד.,פירוש,לא,
5468,קובץ שיטות קמאי על תמורה,כן,תמורה,לד.,פירוש,לא,
5469,קובץ שיטות קמאי על תמורה,כן,תמורה,לד.,פירוש,לא,
5470,קובץ שיטות קמאי על תמורה,כן,תמורה,לד.,פירוש,לא,
5472,קובץ שיטות קמאי על תמורה,כן,תמורה,לד.,פירוש,לא,
5473,קובץ שיטות קמאי על תמורה,כן,תמורה,לד.,פירוש,לא,
5474,קובץ שיטות קמאי על תמורה,כן,תמורה,לד.,פירוש,לא,
5475,קובץ שיטות קמאי על תמורה,כן,תמורה,לד.,פירוש,לא,
5477,קובץ שיטות קמאי על תמורה,כן,תמורה,לד.,פירוש,לא,
5479,קובץ שיטות קמאי על תמורה,כן,תמורה,לד.,פירוש,לא,
5481,קובץ שיטות קמאי על תמורה,כן,תמורה,לד.,פירוש,לא,
5483,קובץ שיטות קמאי על תמורה,כן,תמורה,לד.,פירוש,לא,
5485,קובץ שיטות קמאי על תמורה,כן,תמורה,לד.,פירוש,לא,
5487,קובץ שיטות קמאי על תמורה,כן,תמורה,לד.,פירוש,לא,
5489,קובץ שיטות קמאי על תמורה,כן,תמורה,לד.,פירוש,לא,
5491,קובץ שיטות קמאי על תמורה,כן,תמורה,לד.,פירוש,לא,
4,קובץ שיטות קמאי על תמיד,כן,תמיד,כה:,פירוש,לא,
6,קובץ שיטות קמאי על תמיד,כן,תמיד,כה:,פירוש,לא,
8,קובץ שיטות קמאי על תמיד,כן,תמיד,כה:,פירוש,לא,
10,קובץ שיטות קמאי על תמיד,כן,תמיד,כה:,פירוש,לא,
12,קובץ שיטות קמאי על תמיד,כן,תמיד,כה:,פירוש,לא,
14,קובץ שיטות קמאי על תמיד,כן,תמיד,כה:,פירוש,לא,
16,קובץ שיטות קמאי על תמיד,כן,תמיד,כה:,פירוש,לא,
18,קובץ שיטות קמאי על תמיד,כן,תמיד,כה:,פירוש,לא,
20,קובץ שיטות קמאי על תמיד,כן,תמיד,כה:,פירוש,לא,
22,קובץ שיטות קמאי על תמיד,כן,תמיד,כה:,פירוש,לא,
24,קובץ שיטות קמאי על תמיד,כן,תמיד,כה:,פירוש,לא,
25,קובץ שיטות קמאי על תמיד,כן,תמיד,כה:,פירוש,לא,
26,קובץ שיטות קמאי על תמיד,כן,תמיד,כה:,פירוש,לא,
27,קובץ שיטות קמאי על תמיד,כן,תמיד,כה:,פירוש,לא,
28,קובץ שיטות קמאי על תמיד,כן,תמיד,כה:,פירוש,לא,
30,קובץ שיטות קמאי על תמיד,כן,תמיד,כה:,פירוש,לא,
32,קובץ שיטות קמאי על תמיד,כן,תמיד,כה:,פירוש,לא,
34,קובץ שיטות קמאי על תמיד,כן,תמיד,כה:,פירוש,לא,
35,קובץ שיטות קמאי על תמיד,כן,תמיד,כה:,פירוש,לא,
36,קובץ שיטות קמאי על תמיד,כן,תמיד,כה:,פירוש,לא,
37,קובץ שיטות קמאי על תמיד,כן,תמיד,כה:,פירוש,לא,
38,קובץ שיטות קמאי על תמיד,כן,תמיד,כה:,פירוש,לא,
39,קובץ שיטות קמאי על תמיד,כן,תמיד,כה:,פירוש,לא,
40,קובץ שיטות קמאי על תמיד,כן,תמיד,כה:,פירוש,לא,
41,קובץ שיטות קמאי על תמיד,כן,תמיד,כה:,פירוש,לא,
42,קובץ שיטות קמאי על תמיד,כן,תמיד,כה:,פירוש,לא,
43,קובץ שיטות קמאי על תמיד,כן,תמיד,כה:,פירוש,לא,
44,קובץ שיטות קמאי על תמיד,כן,תמיד,כה:,פירוש,לא,
45,קובץ שיטות קמאי על תמיד,כן,תמיד,כה:,פירוש,לא,
46,קובץ שיטות קמאי על תמיד,כן,תמיד,כה:,פירוש,לא,
47,קובץ שיטות קמאי על תמיד,כן,תמיד,כה:,פירוש,לא,
49,קובץ שיטות קמאי על תמיד,כן,תמיד,כה:,פירוש,לא,
51,קובץ שיטות קמאי על תמיד,כן,תמיד,כה:,פירוש,לא,
52,קובץ שיטות קמאי על תמיד,כן,תמיד,כה:,פירוש,לא,
54,קובץ שיטות קמאי על תמיד,כן,תמיד,כה:,פירוש,לא,
56,קובץ שיטות קמאי על תמיד,כן,תמיד,כה:,פירוש,לא,
58,קובץ שיטות קמאי על תמיד,כן,תמיד,כה:,פירוש,לא,
60,קובץ שיטות קמאי על תמיד,כן,תמיד,כה:,פירוש,לא,
62,קובץ שיטות קמאי על תמיד,כן,תמיד,כה:,פירוש,לא,
64,קובץ שיטות קמאי על תמיד,כן,תמיד,כה:,פירוש,לא,
66,קובץ שיטות קמאי על תמיד,כן,תמיד,כה:,פירוש,לא,
68,קובץ שיטות קמאי על תמיד,כן,תמיד,כה:,פירוש,לא,
70,קובץ שיטות קמאי על תמיד,כן,תמיד,כה:,פירוש,לא,
72,קובץ שיטות קמאי על תמיד,כן,תמיד,כה:,פירוש,לא,
74,קובץ שיטות קמאי על תמיד,כן,תמיד,כה:,פירוש,לא,
76,קובץ שיטות קמאי על תמיד,כן,תמיד,כה:,פירוש,לא,
78,קובץ שיטות קמאי על תמיד,כן,תמיד,כה:,פירוש,לא,
81,קובץ שיטות קמאי על תמיד,כן,תמיד,כו.,פירוש,לא,
83,קובץ שיטות קמאי על תמיד,כן,תמיד,כו.,פירוש,לא,
84,קובץ שיטות קמאי על תמיד,כן,תמיד,כו.,פירוש,לא,
85,קובץ שיטות קמאי על תמיד,כן,תמיד,כו.,פירוש,לא,
86,קובץ שיטות קמאי על תמיד,כן,תמיד,כו.,פירוש,לא,
87,קובץ שיטות קמאי על תמיד,כן,תמיד,כו.,פירוש,לא,
88,קובץ שיטות קמאי על תמיד,כן,תמיד,כו.,פירוש,לא,
89,קובץ שיטות קמאי על תמיד,כן,תמיד,כו.,פירוש,לא,
90,קובץ שיטות קמאי על תמיד,כן,תמיד,כו.,פירוש,לא,
91,קובץ שיטות קמאי על תמיד,כן,תמיד,כו.,פירוש,לא,
92,קובץ שיטות קמאי על תמיד,כן,תמיד,כו.,פירוש,לא,
94,קובץ שיטות קמאי על תמיד,כן,תמיד,כו.,פירוש,לא,
96,קובץ שיטות קמאי על תמיד,כן,תמיד,כו.,פירוש,לא,
98,קובץ שיטות קמאי על תמיד,כן,תמיד,כו.,פירוש,לא,
100,קובץ שיטות קמאי על תמיד,כן,תמיד,כו.,פירוש,לא,
102,קובץ שיטות קמאי על תמיד,כן,תמיד,כו.,פירוש,לא,
104,קובץ שיטות קמאי על תמיד,כן,תמיד,כו.,פירוש,לא,
106,קובץ שיטות קמאי על תמיד,כן,תמיד,כו.,פירוש,לא,
107,קובץ שיטות קמאי על תמיד,כן,תמיד,כו.,פירוש,לא,
109,קובץ שיטות קמאי על תמיד,כן,תמיד,כו.,פירוש,לא,
111,קובץ שיטות קמאי על תמיד,כן,תמיד,כו.,פירוש,לא,
113,קובץ שיטות קמאי על תמיד,כן,תמיד,כו.,פירוש,לא,
115,קובץ שיטות קמאי על תמיד,כן,תמיד,כו.,פירוש,לא,
117,קובץ שיטות קמאי על תמיד,כן,תמיד,כו.,פירוש,לא,
119,קובץ שיטות קמאי על תמיד,כן,תמיד,כו.,פירוש,לא,
121,קובץ שיטות קמאי על תמיד,כן,תמיד,כו.,פירוש,לא,
123,קובץ שיטות קמאי על תמיד,כן,תמיד,כו.,פירוש,לא,
125,קובץ שיטות קמאי על תמיד,כן,תמיד,כו.,פירוש,לא,
127,קובץ שיטות קמאי על תמיד,כן,תמיד,כו.,פירוש,לא,
129,קובץ שיטות קמאי על תמיד,כן,תמיד,כו.,פירוש,לא,
130,קובץ שיטות קמאי על תמיד,כן,תמיד,כו.,פירוש,לא,
131,קובץ שיטות קמאי על תמיד,כן,תמיד,כו.,פירוש,לא,
132,קובץ שיטות קמאי על תמיד,כן,תמיד,כו.,פירוש,לא,
133,קובץ שיטות קמאי על תמיד,כן,תמיד,כו.,פירוש,לא,
135,קובץ שיטות קמאי על תמיד,כן,תמיד,כו.,פירוש,לא,
137,קובץ שיטות קמאי על תמיד,כן,תמיד,כו.,פירוש,לא,
139,קובץ שיטות קמאי על תמיד,כן,תמיד,כו.,פירוש,לא,
141,קובץ שיטות קמאי על תמיד,כן,תמיד,כו.,פירוש,לא,
143,קובץ שיטות קמאי על תמיד,כן,תמיד,כו.,פירוש,לא,
145,קובץ שיטות קמאי על תמיד,כן,תמיד,כו.,פירוש,לא,
148,קובץ שיטות קמאי על תמיד,כן,תמיד,כו:,פירוש,לא,
150,קובץ שיטות קמאי על תמיד,כן,תמיד,כו:,פירוש,לא,
152,קובץ שיטות קמאי על תמיד,כן,תמיד,כו:,פירוש,לא,
153,קובץ שיטות קמאי על תמיד,כן,תמיד,כו:,פירוש,לא,
154,קובץ שיטות קמאי על תמיד,כן,תמיד,כו:,פירוש,לא,
155,קובץ שיטות קמאי על תמיד,כן,תמיד,כו:,פירוש,לא,
156,קובץ שיטות קמאי על תמיד,כן,תמיד,כו:,פירוש,לא,
157,קובץ שיטות קמאי על תמיד,כן,תמיד,כו:,פירוש,לא,
158,קובץ שיטות קמאי על תמיד,כן,תמיד,כו:,פירוש,לא,
159,קובץ שיטות קמאי על תמיד,כן,תמיד,כו:,פירוש,לא,
161,קובץ שיטות קמאי על תמיד,כן,תמיד,כו:,פירוש,לא,
163,קובץ שיטות קמאי על תמיד,כן,תמיד,כו:,פירוש,לא,
165,קובץ שיטות קמאי על תמיד,כן,תמיד,כו:,פירוש,לא,
167,קובץ שיטות קמאי על תמיד,כן,תמיד,כו:,פירוש,לא,
169,קובץ שיטות קמאי על תמיד,כן,תמיד,כו:,פירוש,לא,
171,קובץ שיטות קמאי על תמיד,כן,תמיד,כו:,פירוש,לא,
173,קובץ שיטות קמאי על תמיד,כן,תמיד,כו:,פירוש,לא,
174,קובץ שיטות קמאי על תמיד,כן,תמיד,כו:,פירוש,לא,
176,קובץ שיטות קמאי על תמיד,כן,תמיד,כו:,פירוש,לא,
178,קובץ שיטות קמאי על תמיד,כן,תמיד,כו:,פירוש,לא,
180,קובץ שיטות קמאי על תמיד,כן,תמיד,כו:,פירוש,לא,
182,קובץ שיטות קמאי על תמיד,כן,תמיד,כו:,פירוש,לא,
184,קובץ שיטות קמאי על תמיד,כן,תמיד,כו:,פירוש,לא,
187,קובץ שיטות קמאי על תמיד,כן,תמיד,כז.,פירוש,לא,
189,קובץ שיטות קמאי על תמיד,כן,תמיד,כז.,פירוש,לא,
191,קובץ שיטות קמאי על תמיד,כן,תמיד,כז.,פירוש,לא,
193,קובץ שיטות קמאי על תמיד,כן,תמיד,כז.,פירוש,לא,
195,קובץ שיטות קמאי על תמיד,כן,תמיד,כז.,פירוש,לא,
197,קובץ שיטות קמאי על תמיד,כן,תמיד,כז.,פירוש,לא,
198,קובץ שיטות קמאי על תמיד,כן,תמיד,כז.,פירוש,לא,
199,קובץ שיטות קמאי על תמיד,כן,תמיד,כז.,פירוש,לא,
200,קובץ שיטות קמאי על תמיד,כן,תמיד,כז.,פירוש,לא,
201,קובץ שיטות קמאי על תמיד,כן,תמיד,כז.,פירוש,לא,
202,קובץ שיטות קמאי על תמיד,כן,תמיד,כז.,פירוש,לא,
203,קובץ שיטות קמאי על תמיד,כן,תמיד,כז.,פירוש,לא,
204,קובץ שיטות קמאי על תמיד,כן,תמיד,כז.,פירוש,לא,
206,קובץ שיטות קמאי על תמיד,כן,תמיד,כז.,פירוש,לא,
207,קובץ שיטות קמאי על תמיד,כן,תמיד,כז.,פירוש,לא,
208,קובץ שיטות קמאי על תמיד,כן,תמיד,כז.,פירוש,לא,
209,קובץ שיטות קמאי על תמיד,כן,תמיד,כז.,פירוש,לא,
211,קובץ שיטות קמאי על תמיד,כן,תמיד,כז.,פירוש,לא,
212,קובץ שיטות קמאי על תמיד,כן,תמיד,כז.,פירוש,לא,
214,קובץ שיטות קמאי על תמיד,כן,תמיד,כז.,פירוש,לא,
216,קובץ שיטות קמאי על תמיד,כן,תמיד,כז.,פירוש,לא,
218,קובץ שיטות קמאי על תמיד,כן,תמיד,כז.,פירוש,לא,
220,קובץ שיטות קמאי על תמיד,כן,תמיד,כז.,פירוש,לא,
222,קובץ שיטות קמאי על תמיד,כן,תמיד,כז.,פירוש,לא,
224,קובץ שיטות קמאי על תמיד,כן,תמיד,כז.,פירוש,לא,
226,קובץ שיטות קמאי על תמיד,כן,תמיד,כז.,פירוש,לא,
228,קובץ שיטות קמאי על תמיד,כן,תמיד,כז.,פירוש,לא,
230,קובץ שיטות קמאי על תמיד,כן,תמיד,כז.,פירוש,לא,
232,קובץ שיטות קמאי על תמיד,כן,תמיד,כז.,פירוש,לא,
234,קובץ שיטות קמאי על תמיד,כן,תמיד,כז.,פירוש,לא,
236,קובץ שיטות קמאי על תמיד,כן,תמיד,כז.,פירוש,לא,
238,קובץ שיטות קמאי על תמיד,כן,תמיד,כז.,פירוש,לא,
240,קובץ שיטות קמאי על תמיד,כן,תמיד,כז.,פירוש,לא,
242,קובץ שיטות קמאי על תמיד,כן,תמיד,כז.,פירוש,לא,
244,קובץ שיטות קמאי על תמיד,כן,תמיד,כז.,פירוש,לא,
246,קובץ שיטות קמאי על תמיד,כן,תמיד,כז.,פירוש,לא,
248,קובץ שיטות קמאי על תמיד,כן,תמיד,כז.,פירוש,לא,
250,קובץ שיטות קמאי על תמיד,כן,תמיד,כז.,פירוש,לא,
252,קובץ שיטות קמאי על תמיד,כן,תמיד,כז.,פירוש,לא,
254,קובץ שיטות קמאי על תמיד,כן,תמיד,כז.,פירוש,לא,
256,קובץ שיטות קמאי על תמיד,כן,תמיד,כז.,פירוש,לא,
258,קובץ שיטות קמאי על תמיד,כן,תמיד,כז.,פירוש,לא,
259,קובץ שיטות קמאי על תמיד,כן,תמיד,כז.,פירוש,לא,
261,קובץ שיטות קמאי על תמיד,כן,תמיד,כז.,פירוש,לא,
263,קובץ שיטות קמאי על תמיד,כן,תמיד,כז.,פירוש,לא,
265,קובץ שיטות קמאי על תמיד,כן,תמיד,כז.,פירוש,לא,
267,קובץ שיטות קמאי על תמיד,כן,תמיד,כז.,פירוש,לא,
269,קובץ שיטות קמאי על תמיד,כן,תמיד,כז.,פירוש,לא,
271,קובץ שיטות קמאי על תמיד,כן,תמיד,כז.,פירוש,לא,
273,קובץ שיטות קמאי על תמיד,כן,תמיד,כז.,פירוש,לא,
275,קובץ שיטות קמאי על תמיד,כן,תמיד,כז.,פירוש,לא,
277,קובץ שיטות קמאי על תמיד,כן,תמיד,כז.,פירוש,לא,
279,קובץ שיטות קמאי על תמיד,כן,תמיד,כז.,פירוש,לא,
281,קובץ שיטות קמאי על תמיד,כן,תמיד,כז.,פירוש,לא,
283,קובץ שיטות קמאי על תמיד,כן,תמיד,כז.,פירוש,לא,
286,קובץ שיטות קמאי על תמיד,כן,תמיד,כז:,פירוש,לא,
288,קובץ שיטות קמאי על תמיד,כן,תמיד,כז:,פירוש,לא,
290,קובץ שיטות קמאי על תמיד,כן,תמיד,כז:,פירוש,לא,
292,קובץ שיטות קמאי על תמיד,כן,תמיד,כז:,פירוש,לא,
294,קובץ שיטות קמאי על תמיד,כן,תמיד,כז:,פירוש,לא,
296,קובץ שיטות קמאי על תמיד,כן,תמיד,כז:,פירוש,לא,
298,קובץ שיטות קמאי על תמיד,כן,תמיד,כז:,פירוש,לא,
300,קובץ שיטות קמאי על תמיד,כן,תמיד,כז:,פירוש,לא,
302,קובץ שיטות קמאי על תמיד,כן,תמיד,כז:,פירוש,לא,
304,קובץ שיטות קמאי על תמיד,כן,תמיד,כז:,פירוש,לא,
306,קובץ שיטות קמאי על תמיד,כן,תמיד,כז:,פירוש,לא,
308,קובץ שיטות קמאי על תמיד,כן,תמיד,כז:,פירוש,לא,
310,קובץ שיטות קמאי על תמיד,כן,תמיד,כז:,פירוש,לא,
312,קובץ שיטות קמאי על תמיד,כן,תמיד,כז:,פירוש,לא,
314,קובץ שיטות קמאי על תמיד,כן,תמיד,כז:,פירוש,לא,
316,קובץ שיטות קמאי על תמיד,כן,תמיד,כז:,פירוש,לא,
318,קובץ שיטות קמאי על תמיד,כן,תמיד,כז:,פירוש,לא,
319,קובץ שיטות קמאי על תמיד,כן,תמיד,כז:,פירוש,לא,
320,קובץ שיטות קמאי על תמיד,כן,תמיד,כז:,פירוש,לא,
321,קובץ שיטות קמאי על תמיד,כן,תמיד,כז:,פירוש,לא,
322,קובץ שיטות קמאי על תמיד,כן,תמיד,כז:,פירוש,לא,
323,קובץ שיטות קמאי על תמיד,כן,תמיד,כז:,פירוש,לא,
324,קובץ שיטות קמאי על תמיד,כן,תמיד,כז:,פירוש,לא,
325,קובץ שיטות קמאי על תמיד,כן,תמיד,כז:,פירוש,לא,
326,קובץ שיטות קמאי על תמיד,כן,תמיד,כז:,פירוש,לא,
327,קובץ שיטות קמאי על תמיד,כן,תמיד,כז:,פירוש,לא,
328,קובץ שיטות קמאי על תמיד,כן,תמיד,כז:,פירוש,לא,
329,קובץ שיטות קמאי על תמיד,כן,תמיד,כז:,פירוש,לא,
330,קובץ שיטות קמאי על תמיד,כן,תמיד,כז:,פירוש,לא,
331,קובץ שיטות קמאי על תמיד,כן,תמיד,כז:,פירוש,לא,
332,קובץ שיטות קמאי על תמיד,כן,תמיד,כז:,פירוש,לא,
333,קובץ שיטות קמאי על תמיד,כן,תמיד,כז:,פירוש,לא,
334,קובץ שיטות קמאי על תמיד,כן,תמיד,כז:,פירוש,לא,
335,קובץ שיטות קמאי על תמיד,כן,תמיד,כז:,פירוש,לא,
336,קובץ שיטות קמאי על תמיד,כן,תמיד,כז:,פירוש,לא,
337,קובץ שיטות קמאי על תמיד,כן,תמיד,כז:,פירוש,לא,
338,קובץ שיטות קמאי על תמיד,כן,תמיד,כז:,פירוש,לא,
339,קובץ שיטות קמאי על תמיד,כן,תמיד,כז:,פירוש,לא,
340,קובץ שיטות קמאי על תמיד,כן,תמיד,כז:,פירוש,לא,
341,קובץ שיטות קמאי על תמיד,כן,תמיד,כז:,פירוש,לא,
343,קובץ שיטות קמאי על תמיד,כן,תמיד,כז:,פירוש,לא,
345,קובץ שיטות קמאי על תמיד,כן,תמיד,כז:,פירוש,לא,
347,קובץ שיטות קמאי על תמיד,כן,תמיד,כז:,פירוש,לא,
349,קובץ שיטות קמאי על תמיד,כן,תמיד,כז:,פירוש,לא,
351,קובץ שיטות קמאי על תמיד,כן,תמיד,כז:,פירוש,לא,
352,קובץ שיטות קמאי על תמיד,כן,תמיד,כז:,פירוש,לא,
353,קובץ שיטות קמאי על תמיד,כן,תמיד,כז:,פירוש,לא,
355,קובץ שיטות קמאי על תמיד,כן,תמיד,כז:,פירוש,לא,
357,קובץ שיטות קמאי על תמיד,כן,תמיד,כז:,פירוש,לא,
359,קובץ שיטות קמאי על תמיד,כן,תמיד,כז:,פירוש,לא,
361,קובץ שיטות קמאי על תמיד,כן,תמיד,כז:,פירוש,לא,
363,קובץ שיטות קמאי על תמיד,כן,תמיד,כז:,פירוש,לא,
364,קובץ שיטות קמאי על תמיד,כן,תמיד,כז:,פירוש,לא,
365,קובץ שיטות קמאי על תמיד,כן,תמיד,כז:,פירוש,לא,
367,קובץ שיטות קמאי על תמיד,כן,תמיד,כז:,פירוש,לא,
369,קובץ שיטות קמאי על תמיד,כן,תמיד,כז:,פירוש,לא,
371,קובץ שיטות קמאי על תמיד,כן,תמיד,כז:,פירוש,לא,
373,קובץ שיטות קמאי על תמיד,כן,תמיד,כז:,פירוש,לא,
375,קובץ שיטות קמאי על תמיד,כן,תמיד,כז:,פירוש,לא,
377,קובץ שיטות קמאי על תמיד,כן,תמיד,כז:,פירוש,לא,
379,קובץ שיטות קמאי על תמיד,כן,תמיד,כז:,פירוש,לא,
381,קובץ שיטות קמאי על תמיד,כן,תמיד,כז:,פירוש,לא,
383,קובץ שיטות קמאי על תמיד,כן,תמיד,כז:,פירוש,לא,
385,קובץ שיטות קמאי על תמיד,כן,תמיד,כז:,פירוש,לא,
387,קובץ שיטות קמאי על תמיד,כן,תמיד,כז:,פירוש,לא,
389,קובץ שיטות קמאי על תמיד,כן,תמיד,כז:,פירוש,לא,
391,קובץ שיטות קמאי על תמיד,כן,תמיד,כז:,פירוש,לא,
393,קובץ שיטות קמאי על תמיד,כן,תמיד,כז:,פירוש,לא,
395,קובץ שיטות קמאי על תמיד,כן,תמיד,כז:,פירוש,לא,
397,קובץ שיטות קמאי על תמיד,כן,תמיד,כז:,פירוש,לא,
399,קובץ שיטות קמאי על תמיד,כן,תמיד,כז:,פירוש,לא,
401,קובץ שיטות קמאי על תמיד,כן,תמיד,כז:,פירוש,לא,
403,קובץ שיטות קמאי על תמיד,כן,תמיד,כז:,פירוש,לא,
405,קובץ שיטות קמאי על תמיד,כן,תמיד,כז:,פירוש,לא,
407,קובץ שיטות קמאי על תמיד,כן,תמיד,כז:,פירוש,לא,
409,קובץ שיטות קמאי על תמיד,כן,תמיד,כז:,פירוש,לא,
411,קובץ שיטות קמאי על תמיד,כן,תמיד,כז:,פירוש,לא,
413,קובץ שיטות קמאי על תמיד,כן,תמיד,כז:,פירוש,לא,
415,קובץ שיטות קמאי על תמיד,כן,תמיד,כז:,פירוש,לא,
417,קובץ שיטות קמאי על תמיד,כן,תמיד,כז:,פירוש,לא,
419,קובץ שיטות קמאי על תמיד,כן,תמיד,כז:,פירוש,לא,
421,קובץ שיטות קמאי על תמיד,כן,תמיד,כז:,פירוש,לא,
423,קובץ שיטות קמאי על תמיד,כן,תמיד,כז:,פירוש,לא,
425,קובץ שיטות קמאי על תמיד,כן,תמיד,כז:,פירוש,לא,
427,קובץ שיטות קמאי על תמיד,כן,תמיד,כז:,פירוש,לא,
429,קובץ שיטות קמאי על תמיד,כן,תמיד,כז:,פירוש,לא,
431,קובץ שיטות קמאי על תמיד,כן,תמיד,כז:,פירוש,לא,
433,קובץ שיטות קמאי על תמיד,כן,תמיד,כז:,פירוש,לא,
435,קובץ שיטות קמאי על תמיד,כן,תמיד,כז:,פירוש,לא,
437,קובץ שיטות קמאי על תמיד,כן,תמיד,כז:,פירוש,לא,
439,קובץ שיטות קמאי על תמיד,כן,תמיד,כז:,פירוש,לא,
441,קובץ שיטות קמאי על תמיד,כן,תמיד,כז:,פירוש,לא,
443,קובץ שיטות קמאי על תמיד,כן,תמיד,כז:,פירוש,לא,
445,קובץ שיטות קמאי על תמיד,כן,תמיד,כז:,פירוש,לא,
447,קובץ שיטות קמאי על תמיד,כן,תמיד,כז:,פירוש,לא,
449,קובץ שיטות קמאי על תמיד,כן,תמיד,כז:,פירוש,לא,
451,קובץ שיטות קמאי על תמיד,כן,תמיד,כז:,פירוש,לא,
453,קובץ שיטות קמאי על תמיד,כן,תמיד,כז:,פירוש,לא,
455,קובץ שיטות קמאי על תמיד,כן,תמיד,כז:,פירוש,לא,
457,קובץ שיטות קמאי על תמיד,כן,תמיד,כז:,פירוש,לא,
459,קובץ שיטות קמאי על תמיד,כן,תמיד,כז:,פירוש,לא,
461,קובץ שיטות קמאי על תמיד,כן,תמיד,כז:,פירוש,לא,
463,קובץ שיטות קמאי על תמיד,כן,תמיד,כז:,פירוש,לא,
465,קובץ שיטות קמאי על תמיד,כן,תמיד,כז:,פירוש,לא,
467,קובץ שיטות קמאי על תמיד,כן,תמיד,כז:,פירוש,לא,
469,קובץ שיטות קמאי על תמיד,כן,תמיד,כז:,פירוש,לא,
471,קובץ שיטות קמאי על תמיד,כן,תמיד,כז:,פירוש,לא,
473,קובץ שיטות קמאי על תמיד,כן,תמיד,כז:,פירוש,לא,
475,קובץ שיטות קמאי על תמיד,כן,תמיד,כז:,פירוש,לא,
476,קובץ שיטות קמאי על תמיד,כן,תמיד,כז:,פירוש,לא,
477,קובץ שיטות קמאי על תמיד,כן,תמיד,כז:,פירוש,לא,
478,קובץ שיטות קמאי על תמיד,כן,תמיד,כז:,פירוש,לא,
480,קובץ שיטות קמאי על תמיד,כן,תמיד,כז:,פירוש,לא,
482,קובץ שיטות קמאי על תמיד,כן,תמיד,כז:,פירוש,לא,
484,קובץ שיטות קמאי על תמיד,כן,תמיד,כז:,פירוש,לא,
486,קובץ שיטות קמאי על תמיד,כן,תמיד,כז:,פירוש,לא,
488,קובץ שיטות קמאי על תמיד,כן,תמיד,כז:,פירוש,לא,
490,קובץ שיטות קמאי על תמיד,כן,תמיד,כז:,פירוש,לא,
492,קובץ שיטות קמאי על תמיד,כן,תמיד,כז:,פירוש,לא,
494,קובץ שיטות קמאי על תמיד,כן,תמיד,כז:,פירוש,לא,
496,קובץ שיטות קמאי על תמיד,כן,תמיד,כז:,פירוש,לא,
497,קובץ שיטות קמאי על תמיד,כן,תמיד,כז:,פירוש,לא,
498,קובץ שיטות קמאי על תמיד,כן,תמיד,כז:,פירוש,לא,
499,קובץ שיטות קמאי על תמיד,כן,תמיד,כז:,פירוש,לא,
501,קובץ שיטות קמאי על תמיד,כן,תמיד,כז:,פירוש,לא,
503,קובץ שיטות קמאי על תמיד,כן,תמיד,כז:,פירוש,לא,
505,קובץ שיטות קמאי על תמיד,כן,תמיד,כז:,פירוש,לא,
507,קובץ שיטות קמאי על תמיד,כן,תמיד,כז:,פירוש,לא,
508,קובץ שיטות קמאי על תמיד,כן,תמיד,כז:,פירוש,לא,
509,קובץ שיטות קמאי על תמיד,כן,תמיד,כז:,פירוש,לא,
510,קובץ שיטות קמאי על תמיד,כן,תמיד,כז:,פירוש,לא,
511,קובץ שיטות קמאי על תמיד,כן,תמיד,כז:,פירוש,לא,
512,קובץ שיטות קמאי על תמיד,כן,תמיד,כז:,פירוש,לא,
513,קובץ שיטות קמאי על תמיד,כן,תמיד,כז:,פירוש,לא,
514,קובץ שיטות קמאי על תמיד,כן,תמיד,כז:,פירוש,לא,
515,קובץ שיטות קמאי על תמיד,כן,תמיד,כז:,פירוש,לא,
516,קובץ שיטות קמאי על תמיד,כן,תמיד,כז:,פירוש,לא,
518,קובץ שיטות קמאי על תמיד,כן,תמיד,כז:,פירוש,לא,
520,קובץ שיטות קמאי על תמיד,כן,תמיד,כז:,פירוש,לא,
522,קובץ שיטות קמאי על תמיד,כן,תמיד,כז:,פירוש,לא,
524,קובץ שיטות קמאי על תמיד,כן,תמיד,כז:,פירוש,לא,
526,קובץ שיטות קמאי על תמיד,כן,תמיד,כז:,פירוש,לא,
528,קובץ שיטות קמאי על תמיד,כן,תמיד,כז:,פירוש,לא,
530,קובץ שיטות קמאי על תמיד,כן,תמיד,כז:,פירוש,לא,
531,קובץ שיטות קמאי על תמיד,כן,תמיד,כז:,פירוש,לא,
532,קובץ שיטות קמאי על תמיד,כן,תמיד,כז:,פירוש,לא,
534,קובץ שיטות קמאי על תמיד,כן,תמיד,כז:,פירוש,לא,
536,קובץ שיטות קמאי על תמיד,כן,תמיד,כז:,פירוש,לא,
538,קובץ שיטות קמאי על תמיד,כן,תמיד,כז:,פירוש,לא,
540,קובץ שיטות קמאי על תמיד,כן,תמיד,כז:,פירוש,לא,
542,קובץ שיטות קמאי על תמיד,כן,תמיד,כז:,פירוש,לא,
543,קובץ שיטות קמאי על תמיד,כן,תמיד,כז:,פירוש,לא,
545,קובץ שיטות קמאי על תמיד,כן,תמיד,כז:,פירוש,לא,
547,קובץ שיטות קמאי על תמיד,כן,תמיד,כז:,פירוש,לא,
549,קובץ שיטות קמאי על תמיד,כן,תמיד,כז:,פירוש,לא,
551,קובץ שיטות קמאי על תמיד,כן,תמיד,כז:,פירוש,לא,
553,קובץ שיטות קמאי על תמיד,כן,תמיד,כז:,פירוש,לא,
555,קובץ שיטות קמאי על תמיד,כן,תמיד,כז:,פירוש,לא,
557,קובץ שיטות קמאי על תמיד,כן,תמיד,כז:,פירוש,לא,
559,קובץ שיטות קמאי על תמיד,כן,תמיד,כז:,פירוש,לא,
560,קובץ שיטות קמאי על תמיד,כן,תמיד,כז:,פירוש,לא,
562,קובץ שיטות קמאי על תמיד,כן,תמיד,כז:,פירוש,לא,
564,קובץ שיטות קמאי על תמיד,כן,תמיד,כז:,פירוש,לא,
566,קובץ שיטות קמאי על תמיד,כן,תמיד,כז:,פירוש,לא,
568,קובץ שיטות קמאי על תמיד,כן,תמיד,כז:,פירוש,לא,
570,קובץ שיטות קמאי על תמיד,כן,תמיד,כז:,פירוש,לא,
572,קובץ שיטות קמאי על תמיד,כן,תמיד,כז:,פירוש,לא,
574,קובץ שיטות קמאי על תמיד,כן,תמיד,כז:,פירוש,לא,
576,קובץ שיטות קמאי על תמיד,כן,תמיד,כז:,פירוש,לא,
578,קובץ שיטות קמאי על תמיד,כן,תמיד,כז:,פירוש,לא,
580,קובץ שיטות קמאי על תמיד,כן,תמיד,כז:,פירוש,לא,
582,קובץ שיטות קמאי על תמיד,כן,תמיד,כז:,פירוש,לא,
584,קובץ שיטות קמאי על תמיד,כן,תמיד,כז:,פירוש,לא,
586,קובץ שיטות קמאי על תמיד,כן,תמיד,כז:,פירוש,לא,
588,קובץ שיטות קמאי על תמיד,כן,תמיד,כז:,פירוש,לא,
590,קובץ שיטות קמאי על תמיד,כן,תמיד,כז:,פירוש,לא,
592,קובץ שיטות קמאי על תמיד,כן,תמיד,כז:,פירוש,לא,
594,קובץ שיטות קמאי על תמיד,כן,תמיד,כז:,פירוש,לא,
596,קובץ שיטות קמאי על תמיד,כן,תמיד,כז:,פירוש,לא,
598,קובץ שיטות קמאי על תמיד,כן,תמיד,כז:,פירוש,לא,
600,קובץ שיטות קמאי על תמיד,כן,תמיד,כז:,פירוש,לא,
602,קובץ שיטות קמאי על תמיד,כן,תמיד,כז:,פירוש,לא,
605,קובץ שיטות קמאי על תמיד,כן,תמיד,כח.,פירוש,לא,
607,קובץ שיטות קמאי על תמיד,כן,תמיד,כח.,פירוש,לא,
609,קובץ שיטות קמאי על תמיד,כן,תמיד,כח.,פירוש,לא,
611,קובץ שיטות קמאי על תמיד,כן,תמיד,כח.,פירוש,לא,
612,קובץ שיטות קמאי על תמיד,כן,תמיד,כח.,פירוש,לא,
614,קובץ שיטות קמאי על תמיד,כן,תמיד,כח.,פירוש,לא,
616,קובץ שיטות קמאי על תמיד,כן,תמיד,כח.,פירוש,לא,
618,קובץ שיטות קמאי על תמיד,כן,תמיד,כח.,פירוש,לא,
620,קובץ שיטות קמאי על תמיד,כן,תמיד,כח.,פירוש,לא,
622,קובץ שיטות קמאי על תמיד,כן,תמיד,כח.,פירוש,לא,
624,קובץ שיטות קמאי על תמיד,כן,תמיד,כח.,פירוש,לא,
626,קובץ שיטות קמאי על תמיד,כן,תמיד,כח.,פירוש,לא,
628,קובץ שיטות קמאי על תמיד,כן,תמיד,כח.,פירוש,לא,
630,קובץ שיטות קמאי על תמיד,כן,תמיד,כח.,פירוש,לא,
632,קובץ שיטות קמאי על תמיד,כן,תמיד,כח.,פירוש,לא,
634,קובץ שיטות קמאי על תמיד,כן,תמיד,כח.,פירוש,לא,
636,קובץ שיטות קמאי על תמיד,כן,תמיד,כח.,פירוש,לא,
638,קובץ שיטות קמאי על תמיד,כן,תמיד,כח.,פירוש,לא,
640,קובץ שיטות קמאי על תמיד,כן,תמיד,כח.,פירוש,לא,
642,קובץ שיטות קמאי על תמיד,כן,תמיד,כח.,פירוש,לא,
644,קובץ שיטות קמאי על תמיד,כן,תמיד,כח.,פירוש,לא,
645,קובץ שיטות קמאי על תמיד,כן,תמיד,כח.,פירוש,לא,
646,קובץ שיטות קמאי על תמיד,כן,תמיד,כח.,פירוש,לא,
647,קובץ שיטות קמאי על תמיד,כן,תמיד,כח.,פירוש,לא,
648,קובץ שיטות קמאי על תמיד,כן,תמיד,כח.,פירוש,לא,
649,קובץ שיטות קמאי על תמיד,כן,תמיד,כח.,פירוש,לא,
650,קובץ שיטות קמאי על תמיד,כן,תמיד,כח.,פירוש,לא,
651,קובץ שיטות קמאי על תמיד,כן,תמיד,כח.,פירוש,לא,
652,קובץ שיטות קמאי על תמיד,כן,תמיד,כח.,פירוש,לא,
654,קובץ שיטות קמאי על תמיד,כן,תמיד,כח.,פירוש,לא,
656,קובץ שיטות קמאי על תמיד,כן,תמיד,כח.,פירוש,לא,
658,קובץ שיטות קמאי על תמיד,כן,תמיד,כח.,פירוש,לא,
660,קובץ שיטות קמאי על תמיד,כן,תמיד,כח.,פירוש,לא,
662,קובץ שיטות קמאי על תמיד,כן,תמיד,כח.,פירוש,לא,
664,קובץ שיטות קמאי על תמיד,כן,תמיד,כח.,פירוש,לא,
666,קובץ שיטות קמאי על תמיד,כן,תמיד,כח.,פירוש,לא,
668,קובץ שיטות קמאי על תמיד,כן,תמיד,כח.,פירוש,לא,
670,קובץ שיטות קמאי על תמיד,כן,תמיד,כח.,פירוש,לא,
672,קובץ שיטות קמאי על תמיד,כן,תמיד,כח.,פירוש,לא,
675,קובץ שיטות קמאי על תמיד,כן,תמיד,כח:,פירוש,לא,
677,קובץ שיטות קמאי על תמיד,כן,תמיד,כח:,פירוש,לא,
678,קובץ שיטות קמאי על תמיד,כן,תמיד,כח:,פירוש,לא,
679,קובץ שיטות קמאי על תמיד,כן,תמיד,כח:,פירוש,לא,
680,קובץ שיטות קמאי על תמיד,כן,תמיד,כח:,פירוש,לא,
681,קובץ שיטות קמאי על תמיד,כן,תמיד,כח:,פירוש,לא,
682,קובץ שיטות קמאי על תמיד,כן,תמיד,כח:,פירוש,לא,
683,קובץ שיטות קמאי על תמיד,כן,תמיד,כח:,פירוש,לא,
684,קובץ שיטות קמאי על תמיד,כן,תמיד,כח:,פירוש,לא,
685,קובץ שיטות קמאי על תמיד,כן,תמיד,כח:,פירוש,לא,
686,קובץ שיטות קמאי על תמיד,כן,תמיד,כח:,פירוש,לא,
687,קובץ שיטות קמאי על תמיד,כן,תמיד,כח:,פירוש,לא,
688,קובץ שיטות קמאי על תמיד,כן,תמיד,כח:,פירוש,לא,
689,קובץ שיטות קמאי על תמיד,כן,תמיד,כח:,פירוש,לא,
690,קובץ שיטות קמאי על תמיד,כן,תמיד,כח:,פירוש,לא,
691,קובץ שיטות קמאי על תמיד,כן,תמיד,כח:,פירוש,לא,
692,קובץ שיטות קמאי על תמיד,כן,תמיד,כח:,פירוש,לא,
693,קובץ שיטות קמאי על תמיד,כן,תמיד,כח:,פירוש,לא,
694,קובץ שיטות קמאי על תמיד,כן,תמיד,כח:,פירוש,לא,
695,קובץ שיטות קמאי על תמיד,כן,תמיד,כח:,פירוש,לא,
697,קובץ שיטות קמאי על תמיד,כן,תמיד,כח:,פירוש,לא,
699,קובץ שיטות קמאי על תמיד,כן,תמיד,כח:,פירוש,לא,
701,קובץ שיטות קמאי על תמיד,כן,תמיד,כח:,פירוש,לא,
703,קובץ שיטות קמאי על תמיד,כן,תמיד,כח:,פירוש,לא,
705,קובץ שיטות קמאי על תמיד,כן,תמיד,כח:,פירוש,לא,
707,קובץ שיטות קמאי על תמיד,כן,תמיד,כח:,פירוש,לא,
709,קובץ שיטות קמאי על תמיד,כן,תמיד,כח:,פירוש,לא,
711,קובץ שיטות קמאי על תמיד,כן,תמיד,כח:,פירוש,לא,
713,קובץ שיטות קמאי על תמיד,כן,תמיד,כח:,פירוש,לא,
715,קובץ שיטות קמאי על תמיד,כן,תמיד,כח:,פירוש,לא,
717,קובץ שיטות קמאי על תמיד,כן,תמיד,כח:,פירוש,לא,
719,קובץ שיטות קמאי על תמיד,כן,תמיד,כח:,פירוש,לא,
721,קובץ שיטות קמאי על תמיד,כן,תמיד,כח:,פירוש,לא,
723,קובץ שיטות קמאי על תמיד,כן,תמיד,כח:,פירוש,לא,
725,קובץ שיטות קמאי על תמיד,כן,תמיד,כח:,פירוש,לא,
727,קובץ שיטות קמאי על תמיד,כן,תמיד,כח:,פירוש,לא,
729,קובץ שיטות קמאי על תמיד,כן,תמיד,כח:,פירוש,לא,
731,קובץ שיטות קמאי על תמיד,כן,תמיד,כח:,פירוש,לא,
733,קובץ שיטות קמאי על תמיד,כן,תמיד,כח:,פירוש,לא,
735,קובץ שיטות קמאי על תמיד,כן,תמיד,כח:,פירוש,לא,
737,קובץ שיטות קמאי על תמיד,כן,תמיד,כח:,פירוש,לא,
739,קובץ שיטות קמאי על תמיד,כן,תמיד,כח:,פירוש,לא,
741,קובץ שיטות קמאי על תמיד,כן,תמיד,כח:,פירוש,לא,
743,קובץ שיטות קמאי על תמיד,כן,תמיד,כח:,פירוש,לא,
745,קובץ שיטות קמאי על תמיד,כן,תמיד,כח:,פירוש,לא,
747,קובץ שיטות קמאי על תמיד,כן,תמיד,כח:,פירוש,לא,
749,קובץ שיטות קמאי על תמיד,כן,תמיד,כח:,פירוש,לא,
751,קובץ שיטות קמאי על תמיד,כן,תמיד,כח:,פירוש,לא,
753,קובץ שיטות קמאי על תמיד,כן,תמיד,כח:,פירוש,לא,
755,קובץ שיטות קמאי על תמיד,כן,תמיד,כח:,פירוש,לא,
757,קובץ שיטות קמאי על תמיד,כן,תמיד,כח:,פירוש,לא,
759,קובץ שיטות קמאי על תמיד,כן,תמיד,כח:,פירוש,לא,
761,קובץ שיטות קמאי על תמיד,כן,תמיד,כח:,פירוש,לא,
763,קובץ שיטות קמאי על תמיד,כן,תמיד,כח:,פירוש,לא,
765,קובץ שיטות קמאי על תמיד,כן,תמיד,כח:,פירוש,לא,
767,קובץ שיטות קמאי על תמיד,כן,תמיד,כח:,פירוש,לא,
769,קובץ שיטות קמאי על תמיד,כן,תמיד,כח:,פירוש,לא,
771,קובץ שיטות קמאי על תמיד,כן,תמיד,כח:,פירוש,לא,
773,קובץ שיטות קמאי על תמיד,כן,תמיד,כח:,פירוש,לא,
775,קובץ שיטות קמאי על תמיד,כן,תמיד,כח:,פירוש,לא,
777,קובץ שיטות קמאי על תמיד,כן,תמיד,כח:,פירוש,לא,
779,קובץ שיטות קמאי על תמיד,כן,תמיד,כח:,פירוש,לא,
781,קובץ שיטות קמאי על תמיד,כן,תמיד,כח:,פירוש,לא,
783,קובץ שיטות קמאי על תמיד,כן,תמיד,כח:,פירוש,לא,
785,קובץ שיטות קמאי על תמיד,כן,תמיד,כח:,פירוש,לא,
787,קובץ שיטות קמאי על תמיד,כן,תמיד,כח:,פירוש,לא,
789,קובץ שיטות קמאי על תמיד,כן,תמיד,כח:,פירוש,לא,
791,קובץ שיטות קמאי על תמיד,כן,תמיד,כח:,פירוש,לא,
794,קובץ שיטות קמאי על תמיד,כן,תמיד,כט.,פירוש,לא,
795,קובץ שיטות קמאי על תמיד,כן,תמיד,כט.,פירוש,לא,
796,קובץ שיטות קמאי על תמיד,כן,תמיד,כט.,פירוש,לא,
797,קובץ שיטות קמאי על תמיד,כן,תמיד,כט.,פירוש,לא,
798,קובץ שיטות קמאי על תמיד,כן,תמיד,כט.,פירוש,לא,
799,קובץ שיטות קמאי על תמיד,כן,תמיד,כט.,פירוש,לא,
800,קובץ שיטות קמאי על תמיד,כן,תמיד,כט.,פירוש,לא,
801,קובץ שיטות קמאי על תמיד,כן,תמיד,כט.,פירוש,לא,
802,קובץ שיטות קמאי על תמיד,כן,תמיד,כט.,פירוש,לא,
803,קובץ שיטות קמאי על תמיד,כן,תמיד,כט.,פירוש,לא,
804,קובץ שיטות קמאי על תמיד,כן,תמיד,כט.,פירוש,לא,
805,קובץ שיטות קמאי על תמיד,כן,תמיד,כט.,פירוש,לא,
806,קובץ שיטות קמאי על תמיד,כן,תמיד,כט.,פירוש,לא,
807,קובץ שיטות קמאי על תמיד,כן,תמיד,כט.,פירוש,לא,
808,קובץ שיטות קמאי על תמיד,כן,תמיד,כט.,פירוש,לא,
809,קובץ שיטות קמאי על תמיד,כן,תמיד,כט.,פירוש,לא,
810,קובץ שיטות קמאי על תמיד,כן,תמיד,כט.,פירוש,לא,
811,קובץ שיטות קמאי על תמיד,כן,תמיד,כט.,פירוש,לא,
813,קובץ שיטות קמאי על תמיד,כן,תמיד,כט.,פירוש,לא,
815,קובץ שיטות קמאי על תמיד,כן,תמיד,כט.,פירוש,לא,
817,קובץ שיטות קמאי על תמיד,כן,תמיד,כט.,פירוש,לא,
819,קובץ שיטות קמאי על תמיד,כן,תמיד,כט.,פירוש,לא,
821,קובץ שיטות קמאי על תמיד,כן,תמיד,כט.,פירוש,לא,
822,קובץ שיטות קמאי על תמיד,כן,תמיד,כט.,פירוש,לא,
824,קובץ שיטות קמאי על תמיד,כן,תמיד,כט.,פירוש,לא,
826,קובץ שיטות קמאי על תמיד,כן,תמיד,כט.,פירוש,לא,
828,קובץ שיטות קמאי על תמיד,כן,תמיד,כט.,פירוש,לא,
830,קובץ שיטות קמאי על תמיד,כן,תמיד,כט.,פירוש,לא,
832,קובץ שיטות קמאי על תמיד,כן,תמיד,כט.,פירוש,לא,
833,קובץ שיטות קמאי על תמיד,כן,תמיד,כט.,פירוש,לא,
835,קובץ שיטות קמאי על תמיד,כן,תמיד,כט.,פירוש,לא,
837,קובץ שיטות קמאי על תמיד,כן,תמיד,כט.,פירוש,לא,
839,קובץ שיטות קמאי על תמיד,כן,תמיד,כט.,פירוש,לא,
841,קובץ שיטות קמאי על תמיד,כן,תמיד,כט.,פירוש,לא,
843,קובץ שיטות קמאי על תמיד,כן,תמיד,כט.,פירוש,לא,
845,קובץ שיטות קמאי על תמיד,כן,תמיד,כט.,פירוש,לא,
847,קובץ שיטות קמאי על תמיד,כן,תמיד,כט.,פירוש,לא,
849,קובץ שיטות קמאי על תמיד,כן,תמיד,כט.,פירוש,לא,
851,קובץ שיטות קמאי על תמיד,כן,תמיד,כט.,פירוש,לא,
853,קובץ שיטות קמאי על תמיד,כן,תמיד,כט.,פירוש,לא,
855,קובץ שיטות קמאי על תמיד,כן,תמיד,כט.,פירוש,לא,
857,קובץ שיטות קמאי על תמיד,כן,תמיד,כט.,פירוש,לא,
859,קובץ שיטות קמאי על תמיד,כן,תמיד,כט.,פירוש,לא,
861,קובץ שיטות קמאי על תמיד,כן,תמיד,כט.,פירוש,לא,
863,קובץ שיטות קמאי על תמיד,כן,תמיד,כט.,פירוש,לא,
865,קובץ שיטות קמאי על תמיד,כן,תמיד,כט.,פירוש,לא,
868,קובץ שיטות קמאי על תמיד,כן,תמיד,כט:,פירוש,לא,
869,קובץ שיטות קמאי על תמיד,כן,תמיד,כט:,פירוש,לא,
870,קובץ שיטות קמאי על תמיד,כן,תמיד,כט:,פירוש,לא,
871,קובץ שיטות קמאי על תמיד,כן,תמיד,כט:,פירוש,לא,
872,קובץ שיטות קמאי על תמיד,כן,תמיד,כט:,פירוש,לא,
873,קובץ שיטות קמאי על תמיד,כן,תמיד,כט:,פירוש,לא,
874,קובץ שיטות קמאי על תמיד,כן,תמיד,כט:,פירוש,לא,
875,קובץ שיטות קמאי על תמיד,כן,תמיד,כט:,פירוש,לא,
877,קובץ שיטות קמאי על תמיד,כן,תמיד,כט:,פירוש,לא,
879,קובץ שיטות קמאי על תמיד,כן,תמיד,כט:,פירוש,לא,
881,קובץ שיטות קמאי על תמיד,כן,תמיד,כט:,פירוש,לא,
883,קובץ שיטות קמאי על תמיד,כן,תמיד,כט:,פירוש,לא,
885,קובץ שיטות קמאי על תמיד,כן,תמיד,כט:,פירוש,לא,
887,קובץ שיטות קמאי על תמיד,כן,תמיד,כט:,פירוש,לא,
889,קובץ שיטות קמאי על תמיד,כן,תמיד,כט:,פירוש,לא,
891,קובץ שיטות קמאי על תמיד,כן,תמיד,כט:,פירוש,לא,
893,קובץ שיטות קמאי על תמיד,כן,תמיד,כט:,פירוש,לא,
895,קובץ שיטות קמאי על תמיד,כן,תמיד,כט:,פירוש,לא,
897,קובץ שיטות קמאי על תמיד,כן,תמיד,כט:,פירוש,לא,
899,קובץ שיטות קמאי על תמיד,כן,תמיד,כט:,פירוש,לא,
901,קובץ שיטות קמאי על תמיד,כן,תמיד,כט:,פירוש,לא,
903,קובץ שיטות קמאי על תמיד,כן,תמיד,כט:,פירוש,לא,
906,קובץ שיטות קמאי על תמיד,כן,תמיד,ל.,פירוש,לא,
908,קובץ שיטות קמאי על תמיד,כן,תמיד,ל.,פירוש,לא,
910,קובץ שיטות קמאי על תמיד,כן,תמיד,ל.,פירוש,לא,
911,קובץ שיטות קמאי על תמיד,כן,תמיד,ל.,פירוש,לא,
912,קובץ שיטות קמאי על תמיד,כן,תמיד,ל.,פירוש,לא,
913,קובץ שיטות קמאי על תמיד,כן,תמיד,ל.,פירוש,לא,
914,קובץ שיטות קמאי על תמיד,כן,תמיד,ל.,פירוש,לא,
915,קובץ שיטות קמאי על תמיד,כן,תמיד,ל.,פירוש,לא,
916,קובץ שיטות קמאי על תמיד,כן,תמיד,ל.,פירוש,לא,
917,קובץ שיטות קמאי על תמיד,כן,תמיד,ל.,פירוש,לא,
918,קובץ שיטות קמאי על תמיד,כן,תמיד,ל.,פירוש,לא,
919,קובץ שיטות קמאי על תמיד,כן,תמיד,ל.,פירוש,לא,
920,קובץ שיטות קמאי על תמיד,כן,תמיד,ל.,פירוש,לא,
921,קובץ שיטות קמאי על תמיד,כן,תמיד,ל.,פירוש,לא,
922,קובץ שיטות קמאי על תמיד,כן,תמיד,ל.,פירוש,לא,
923,קובץ שיטות קמאי על תמיד,כן,תמיד,ל.,פירוש,לא,
924,קובץ שיטות קמאי על תמיד,כן,תמיד,ל.,פירוש,לא,
925,קובץ שיטות קמאי על תמיד,כן,תמיד,ל.,פירוש,לא,
927,קובץ שיטות קמאי על תמיד,כן,תמיד,ל.,פירוש,לא,
929,קובץ שיטות קמאי על תמיד,כן,תמיד,ל.,פירוש,לא,
931,קובץ שיטות קמאי על תמיד,כן,תמיד,ל.,פירוש,לא,
933,קובץ שיטות קמאי על תמיד,כן,תמיד,ל.,פירוש,לא,
935,קובץ שיטות קמאי על תמיד,כן,תמיד,ל.,פירוש,לא,
937,קובץ שיטות קמאי על תמיד,כן,תמיד,ל.,פירוש,לא,
939,קובץ שיטות קמאי על תמיד,כן,תמיד,ל.,פירוש,לא,
941,קובץ שיטות קמאי על תמיד,כן,תמיד,ל.,פירוש,לא,
943,קובץ שיטות קמאי על תמיד,כן,תמיד,ל.,פירוש,לא,
945,קובץ שיטות קמאי על תמיד,כן,תמיד,ל.,פירוש,לא,
947,קובץ שיטות קמאי על תמיד,כן,תמיד,ל.,פירוש,לא,
949,קובץ שיטות קמאי על תמיד,כן,תמיד,ל.,פירוש,לא,
951,קובץ שיטות קמאי על תמיד,כן,תמיד,ל.,פירוש,לא,
952,קובץ שיטות קמאי על תמיד,כן,תמיד,ל.,פירוש,לא,
953,קובץ שיטות קמאי על תמיד,כן,תמיד,ל.,פירוש,לא,
955,קובץ שיטות קמאי על תמיד,כן,תמיד,ל.,פירוש,לא,
957,קובץ שיטות קמאי על תמיד,כן,תמיד,ל.,פירוש,לא,
959,קובץ שיטות קמאי על תמיד,כן,תמיד,ל.,פירוש,לא,
961,קובץ שיטות קמאי על תמיד,כן,תמיד,ל.,פירוש,לא,
963,קובץ שיטות קמאי על תמיד,כן,תמיד,ל.,פירוש,לא,
965,קובץ שיטות קמאי על תמיד,כן,תמיד,ל.,פירוש,לא,
967,קובץ שיטות קמאי על תמיד,כן,תמיד,ל.,פירוש,לא,
969,קובץ שיטות קמאי על תמיד,כן,תמיד,ל.,פירוש,לא,
971,קובץ שיטות קמאי על תמיד,כן,תמיד,ל.,פירוש,לא,
973,קובץ שיטות קמאי על תמיד,כן,תמיד,ל.,פירוש,לא,
975,קובץ שיטות קמאי על תמיד,כן,תמיד,ל.,פירוש,לא,
977,קובץ שיטות קמאי על תמיד,כן,תמיד,ל.,פירוש,לא,
979,קובץ שיטות קמאי על תמיד,כן,תמיד,ל.,פירוש,לא,
981,קובץ שיטות קמאי על תמיד,כן,תמיד,ל.,פירוש,לא,
983,קובץ שיטות קמאי על תמיד,כן,תמיד,ל.,פירוש,לא,
985,קובץ שיטות קמאי על תמיד,כן,תמיד,ל.,פירוש,לא,
987,קובץ שיטות קמאי על תמיד,כן,תמיד,ל.,פירוש,לא,
989,קובץ שיטות קמאי על תמיד,כן,תמיד,ל.,פירוש,לא,
990,קובץ שיטות קמאי על תמיד,כן,תמיד,ל.,פירוש,לא,
991,קובץ שיטות קמאי על תמיד,כן,תמיד,ל.,פירוש,לא,
992,קובץ שיטות קמאי על תמיד,כן,תמיד,ל.,פירוש,לא,
993,קובץ שיטות קמאי על תמיד,כן,תמיד,ל.,פירוש,לא,
994,קובץ שיטות קמאי על תמיד,כן,תמיד,ל.,פירוש,לא,
995,קובץ שיטות קמאי על תמיד,כן,תמיד,ל.,פירוש,לא,
996,קובץ שיטות קמאי על תמיד,כן,תמיד,ל.,פירוש,לא,
997,קובץ שיטות קמאי על תמיד,כן,תמיד,ל.,פירוש,לא,
998,קובץ שיטות קמאי על תמיד,כן,תמיד,ל.,פירוש,לא,
999,קובץ שיטות קמאי על תמיד,כן,תמיד,ל.,פירוש,לא,
1000,קובץ שיטות קמאי על תמיד,כן,תמיד,ל.,פירוש,לא,
1001,קובץ שיטות קמאי על תמיד,כן,תמיד,ל.,פירוש,לא,
1002,קובץ שיטות קמאי על תמיד,כן,תמיד,ל.,פירוש,לא,
1003,קובץ שיטות קמאי על תמיד,כן,תמיד,ל.,פירוש,לא,
1004,קובץ שיטות קמאי על תמיד,כן,תמיד,ל.,פירוש,לא,
1005,קובץ שיטות קמאי על תמיד,כן,תמיד,ל.,פירוש,לא,
1007,קובץ שיטות קמאי על תמיד,כן,תמיד,ל.,פירוש,לא,
1009,קובץ שיטות קמאי על תמיד,כן,תמיד,ל.,פירוש,לא,
1011,קובץ שיטות קמאי על תמיד,כן,תמיד,ל.,פירוש,לא,
1013,קובץ שיטות קמאי על תמיד,כן,תמיד,ל.,פירוש,לא,
1015,קובץ שיטות קמאי על תמיד,כן,תמיד,ל.,פירוש,לא,
1017,קובץ שיטות קמאי על תמיד,כן,תמיד,ל.,פירוש,לא,
1019,קובץ שיטות קמאי על תמיד,כן,תמיד,ל.,פירוש,לא,
1021,קובץ שיטות קמאי על תמיד,כן,תמיד,ל.,פירוש,לא,
1022,קובץ שיטות קמאי על תמיד,כן,תמיד,ל.,פירוש,לא,
1024,קובץ שיטות קמאי על תמיד,כן,תמיד,ל.,פירוש,לא,
1026,קובץ שיטות קמאי על תמיד,כן,תמיד,ל.,פירוש,לא,
1028,קובץ שיטות קמאי על תמיד,כן,תמיד,ל.,פירוש,לא,
1030,קובץ שיטות קמאי על תמיד,כן,תמיד,ל.,פירוש,לא,
1032,קובץ שיטות קמאי על תמיד,כן,תמיד,ל.,פירוש,לא,
1034,קובץ שיטות קמאי על תמיד,כן,תמיד,ל.,פירוש,לא,
1036,קובץ שיטות קמאי על תמיד,כן,תמיד,ל.,פירוש,לא,
1038,קובץ שיטות קמאי על תמיד,כן,תמיד,ל.,פירוש,לא,
1041,קובץ שיטות קמאי על תמיד,כן,תמיד,ל:,פירוש,לא,
1043,קובץ שיטות קמאי על תמיד,כן,תמיד,ל:,פירוש,לא,
1045,קובץ שיטות קמאי על תמיד,כן,תמיד,ל:,פירוש,לא,
1047,קובץ שיטות קמאי על תמיד,כן,תמיד,ל:,פירוש,לא,
1049,קובץ שיטות קמאי על תמיד,כן,תמיד,ל:,פירוש,לא,
1051,קובץ שיטות קמאי על תמיד,כן,תמיד,ל:,פירוש,לא,
1053,קובץ שיטות קמאי על תמיד,כן,תמיד,ל:,פירוש,לא,
1055,קובץ שיטות קמאי על תמיד,כן,תמיד,ל:,פירוש,לא,
1056,קובץ שיטות קמאי על תמיד,כן,תמיד,ל:,פירוש,לא,
1057,קובץ שיטות קמאי על תמיד,כן,תמיד,ל:,פירוש,לא,
1058,קובץ שיטות קמאי על תמיד,כן,תמיד,ל:,פירוש,לא,
1059,קובץ שיטות קמאי על תמיד,כן,תמיד,ל:,פירוש,לא,
1060,קובץ שיטות קמאי על תמיד,כן,תמיד,ל:,פירוש,לא,
1061,קובץ שיטות קמאי על תמיד,כן,תמיד,ל:,פירוש,לא,
1062,קובץ שיטות קמאי על תמיד,כן,תמיד,ל:,פירוש,לא,
1063,קובץ שיטות קמאי על תמיד,כן,תמיד,ל:,פירוש,לא,
1064,קובץ שיטות קמאי על תמיד,כן,תמיד,ל:,פירוש,לא,
1065,קובץ שיטות קמאי על תמיד,כן,תמיד,ל:,פירוש,לא,
1066,קובץ שיטות קמאי על תמיד,כן,תמיד,ל:,פירוש,לא,
1067,קובץ שיטות קמאי על תמיד,כן,תמיד,ל:,פירוש,לא,
1068,קובץ שיטות קמאי על תמיד,כן,תמיד,ל:,פירוש,לא,
1069,קובץ שיטות קמאי על תמיד,כן,תמיד,ל:,פירוש,לא,
1070,קובץ שיטות קמאי על תמיד,כן,תמיד,ל:,פירוש,לא,
1071,קובץ שיטות קמאי על תמיד,כן,תמיד,ל:,פירוש,לא,
1072,קובץ שיטות קמאי על תמיד,כן,תמיד,ל:,פירוש,לא,
1073,קובץ שיטות קמאי על תמיד,כן,תמיד,ל:,פירוש,לא,
1074,קובץ שיטות קמאי על תמיד,כן,תמיד,ל:,פירוש,לא,
1075,קובץ שיטות קמאי על תמיד,כן,תמיד,ל:,פירוש,לא,
1076,קובץ שיטות קמאי על תמיד,כן,תמיד,ל:,פירוש,לא,
1077,קובץ שיטות קמאי על תמיד,כן,תמיד,ל:,פירוש,לא,
1078,קובץ שיטות קמאי על תמיד,כן,תמיד,ל:,פירוש,לא,
1079,קובץ שיטות קמאי על תמיד,כן,תמיד,ל:,פירוש,לא,
1080,קובץ שיטות קמאי על תמיד,כן,תמיד,ל:,פירוש,לא,
1081,קובץ שיטות קמאי על תמיד,כן,תמיד,ל:,פירוש,לא,
1082,קובץ שיטות קמאי על תמיד,כן,תמיד,ל:,פירוש,לא,
1084,קובץ שיטות קמאי על תמיד,כן,תמיד,ל:,פירוש,לא,
1086,קובץ שיטות קמאי על תמיד,כן,תמיד,ל:,פירוש,לא,
1088,קובץ שיטות קמאי על תמיד,כן,תמיד,ל:,פירוש,לא,
1090,קובץ שיטות קמאי על תמיד,כן,תמיד,ל:,פירוש,לא,
1092,קובץ שיטות קמאי על תמיד,כן,תמיד,ל:,פירוש,לא,
1094,קובץ שיטות קמאי על תמיד,כן,תמיד,ל:,פירוש,לא,
1096,קובץ שיטות קמאי על תמיד,כן,תמיד,ל:,פירוש,לא,
1098,קובץ שיטות קמאי על תמיד,כן,תמיד,ל:,פירוש,לא,
1100,קובץ שיטות קמאי על תמיד,כן,תמיד,ל:,פירוש,לא,
1102,קובץ שיטות קמאי על תמיד,כן,תמיד,ל:,פירוש,לא,
1104,קובץ שיטות קמאי על תמיד,כן,תמיד,ל:,פירוש,לא,
1106,קובץ שיטות קמאי על תמיד,כן,תמיד,ל:,פירוש,לא,
1108,קובץ שיטות קמאי על תמיד,כן,תמיד,ל:,פירוש,לא,
1110,קובץ שיטות קמאי על תמיד,כן,תמיד,ל:,פירוש,לא,
1111,קובץ שיטות קמאי על תמיד,כן,תמיד,ל:,פירוש,לא,
1113,קובץ שיטות קמאי על תמיד,כן,תמיד,ל:,פירוש,לא,
1115,קובץ שיטות קמאי על תמיד,כן,תמיד,ל:,פירוש,לא,
1117,קובץ שיטות קמאי על תמיד,כן,תמיד,ל:,פירוש,לא,
1119,קובץ שיטות קמאי על תמיד,כן,תמיד,ל:,פירוש,לא,
1121,קובץ שיטות קמאי על תמיד,כן,תמיד,ל:,פירוש,לא,
1123,קובץ שיטות קמאי על תמיד,כן,תמיד,ל:,פירוש,לא,
1124,קובץ שיטות קמאי על תמיד,כן,תמיד,ל:,פירוש,לא,
1126,קובץ שיטות קמאי על תמיד,כן,תמיד,ל:,פירוש,לא,
1128,קובץ שיטות קמאי על תמיד,כן,תמיד,ל:,פירוש,לא,
1130,קובץ שיטות קמאי על תמיד,כן,תמיד,ל:,פירוש,לא,
1132,קובץ שיטות קמאי על תמיד,כן,תמיד,ל:,פירוש,לא,
1134,קובץ שיטות קמאי על תמיד,כן,תמיד,ל:,פירוש,לא,
1136,קובץ שיטות קמאי על תמיד,כן,תמיד,ל:,פירוש,לא,
1138,קובץ שיטות קמאי על תמיד,כן,תמיד,ל:,פירוש,לא,
1140,קובץ שיטות קמאי על תמיד,כן,תמיד,ל:,פירוש,לא,
1141,קובץ שיטות קמאי על תמיד,כן,תמיד,ל:,פירוש,לא,
1143,קובץ שיטות קמאי על תמיד,כן,תמיד,ל:,פירוש,לא,
1145,קובץ שיטות קמאי על תמיד,כן,תמיד,ל:,פירוש,לא,
1147,קובץ שיטות קמאי על תמיד,כן,תמיד,ל:,פירוש,לא,
1149,קובץ שיטות קמאי על תמיד,כן,תמיד,ל:,פירוש,לא,
1151,קובץ שיטות קמאי על תמיד,כן,תמיד,ל:,פירוש,לא,
1153,קובץ שיטות קמאי על תמיד,כן,תמיד,ל:,פירוש,לא,
1155,קובץ שיטות קמאי על תמיד,כן,תמיד,ל:,פירוש,לא,
1157,קובץ שיטות קמאי על תמיד,כן,תמיד,ל:,פירוש,לא,
1159,קובץ שיטות קמאי על תמיד,כן,תמיד,ל:,פירוש,לא,
1161,קובץ שיטות קמאי על תמיד,כן,תמיד,ל:,פירוש,לא,
1163,קובץ שיטות קמאי על תמיד,כן,תמיד,ל:,פירוש,לא,
1165,קובץ שיטות קמאי על תמיד,כן,תמיד,ל:,פירוש,לא,
1167,קובץ שיטות קמאי על תמיד,כן,תמיד,ל:,פירוש,לא,
1169,קובץ שיטות קמאי על תמיד,כן,תמיד,ל:,פירוש,לא,
1170,קובץ שיטות קמאי על תמיד,כן,תמיד,ל:,פירוש,לא,
1171,קובץ שיטות קמאי על תמיד,כן,תמיד,ל:,פירוש,לא,
1172,קובץ שיטות קמאי על תמיד,כן,תמיד,ל:,פירוש,לא,
1173,קובץ שיטות קמאי על תמיד,כן,תמיד,ל:,פירוש,לא,
1175,קובץ שיטות קמאי על תמיד,כן,תמיד,ל:,פירוש,לא,
1177,קובץ שיטות קמאי על תמיד,כן,תמיד,ל:,פירוש,לא,
1179,קובץ שיטות קמאי על תמיד,כן,תמיד,ל:,פירוש,לא,
1181,קובץ שיטות קמאי על תמיד,כן,תמיד,ל:,פירוש,לא,
1183,קובץ שיטות קמאי על תמיד,כן,תמיד,ל:,פירוש,לא,
1184,קובץ שיטות קמאי על תמיד,כן,תמיד,ל:,פירוש,לא,
1186,קובץ שיטות קמאי על תמיד,כן,תמיד,ל:,פירוש,לא,
1188,קובץ שיטות קמאי על תמיד,כן,תמיד,ל:,פירוש,לא,
1190,קובץ שיטות קמאי על תמיד,כן,תמיד,ל:,פירוש,לא,
1192,קובץ שיטות קמאי על תמיד,כן,תמיד,ל:,פירוש,לא,
1194,קובץ שיטות קמאי על תמיד,כן,תמיד,ל:,פירוש,לא,
1196,קובץ שיטות קמאי על תמיד,כן,תמיד,ל:,פירוש,לא,
1197,קובץ שיטות קמאי על תמיד,כן,תמיד,ל:,פירוש,לא,
1198,קובץ שיטות קמאי על תמיד,כן,תמיד,ל:,פירוש,לא,
1200,קובץ שיטות קמאי על תמיד,כן,תמיד,ל:,פירוש,לא,
1202,קובץ שיטות קמאי על תמיד,כן,תמיד,ל:,פירוש,לא,
1204,קובץ שיטות קמאי על תמיד,כן,תמיד,ל:,פירוש,לא,
1205,קובץ שיטות קמאי על תמיד,כן,תמיד,ל:,פירוש,לא,
1206,קובץ שיטות קמאי על תמיד,כן,תמיד,ל:,פירוש,לא,
1207,קובץ שיטות קמאי על תמיד,כן,תמיד,ל:,פירוש,לא,
1208,קובץ שיטות קמאי על תמיד,כן,תמיד,ל:,פירוש,לא,
1209,קובץ שיטות קמאי על תמיד,כן,תמיד,ל:,פירוש,לא,
1210,קובץ שיטות קמאי על תמיד,כן,תמיד,ל:,פירוש,לא,
1212,קובץ שיטות קמאי על תמיד,כן,תמיד,ל:,פירוש,לא,
1214,קובץ שיטות קמאי על תמיד,כן,תמיד,ל:,פירוש,לא,
1216,קובץ שיטות קמאי על תמיד,כן,תמיד,ל:,פירוש,לא,
1219,קובץ שיטות קמאי על תמיד,כן,תמיד,לא.,פירוש,לא,
1221,קובץ שיטות קמאי על תמיד,כן,תמיד,לא.,פירוש,לא,
1223,קובץ שיטות קמאי על תמיד,כן,תמיד,לא.,פירוש,לא,
1224,קובץ שיטות קמאי על תמיד,כן,תמיד,לא.,פירוש,לא,
1226,קובץ שיטות קמאי על תמיד,כן,תמיד,לא.,פירוש,לא,
1228,קובץ שיטות קמאי על תמיד,כן,תמיד,לא.,פירוש,לא,
1230,קובץ שיטות קמאי על תמיד,כן,תמיד,לא.,פירוש,לא,
1232,קובץ שיטות קמאי על תמיד,כן,תמיד,לא.,פירוש,לא,
1234,קובץ שיטות קמאי על תמיד,כן,תמיד,לא.,פירוש,לא,
1236,קובץ שיטות קמאי על תמיד,כן,תמיד,לא.,פירוש,לא,
1237,קובץ שיטות קמאי על תמיד,כן,תמיד,לא.,פירוש,לא,
1238,קובץ שיטות קמאי על תמיד,כן,תמיד,לא.,פירוש,לא,
1239,קובץ שיטות קמאי על תמיד,כן,תמיד,לא.,פירוש,לא,
1240,קובץ שיטות קמאי על תמיד,כן,תמיד,לא.,פירוש,לא,
1241,קובץ שיטות קמאי על תמיד,כן,תמיד,לא.,פירוש,לא,
1242,קובץ שיטות קמאי על תמיד,כן,תמיד,לא.,פירוש,לא,
1243,קובץ שיטות קמאי על תמיד,כן,תמיד,לא.,פירוש,לא,
1244,קובץ שיטות קמאי על תמיד,כן,תמיד,לא.,פירוש,לא,
1245,קובץ שיטות קמאי על תמיד,כן,תמיד,לא.,פירוש,לא,
1246,קובץ שיטות קמאי על תמיד,כן,תמיד,לא.,פירוש,לא,
1247,קובץ שיטות קמאי על תמיד,כן,תמיד,לא.,פירוש,לא,
1248,קובץ שיטות קמאי על תמיד,כן,תמיד,לא.,פירוש,לא,
1249,קובץ שיטות קמאי על תמיד,כן,תמיד,לא.,פירוש,לא,
1250,קובץ שיטות קמאי על תמיד,כן,תמיד,לא.,פירוש,לא,
1251,קובץ שיטות קמאי על תמיד,כן,תמיד,לא.,פירוש,לא,
1253,קובץ שיטות קמאי על תמיד,כן,תמיד,לא.,פירוש,לא,
1255,קובץ שיטות קמאי על תמיד,כן,תמיד,לא.,פירוש,לא,
1257,קובץ שיטות קמאי על תמיד,כן,תמיד,לא.,פירוש,לא,
1259,קובץ שיטות קמאי על תמיד,כן,תמיד,לא.,פירוש,לא,
1261,קובץ שיטות קמאי על תמיד,כן,תמיד,לא.,פירוש,לא,
1263,קובץ שיטות קמאי על תמיד,כן,תמיד,לא.,פירוש,לא,
1266,קובץ שיטות קמאי על תמיד,כן,תמיד,לא:,פירוש,לא,
1268,קובץ שיטות קמאי על תמיד,כן,תמיד,לא:,פירוש,לא,
1270,קובץ שיטות קמאי על תמיד,כן,תמיד,לא:,פירוש,לא,
1271,קובץ שיטות קמאי על תמיד,כן,תמיד,לא:,פירוש,לא,
1272,קובץ שיטות קמאי על תמיד,כן,תמיד,לא:,פירוש,לא,
1273,קובץ שיטות קמאי על תמיד,כן,תמיד,לא:,פירוש,לא,
1275,קובץ שיטות קמאי על תמיד,כן,תמיד,לא:,פירוש,לא,
1277,קובץ שיטות קמאי על תמיד,כן,תמיד,לא:,פירוש,לא,
1279,קובץ שיטות קמאי על תמיד,כן,תמיד,לא:,פירוש,לא,
1281,קובץ שיטות קמאי על תמיד,כן,תמיד,לא:,פירוש,לא,
1283,קובץ שיטות קמאי על תמיד,כן,תמיד,לא:,פירוש,לא,
1285,קובץ שיטות קמאי על תמיד,כן,תמיד,לא:,פירוש,לא,
1287,קובץ שיטות קמאי על תמיד,כן,תמיד,לא:,פירוש,לא,
1289,קובץ שיטות קמאי על תמיד,כן,תמיד,לא:,פירוש,לא,
1291,קובץ שיטות קמאי על תמיד,כן,תמיד,לא:,פירוש,לא,
1293,קובץ שיטות קמאי על תמיד,כן,תמיד,לא:,פירוש,לא,
1294,קובץ שיטות קמאי על תמיד,כן,תמיד,לא:,פירוש,לא,
1295,קובץ שיטות קמאי על תמיד,כן,תמיד,לא:,פירוש,לא,
1296,קובץ שיטות קמאי על תמיד,כן,תמיד,לא:,פירוש,לא,
1297,קובץ שיטות קמאי על תמיד,כן,תמיד,לא:,פירוש,לא,
1299,קובץ שיטות קמאי על תמיד,כן,תמיד,לא:,פירוש,לא,
1301,קובץ שיטות קמאי על תמיד,כן,תמיד,לא:,פירוש,לא,
1303,קובץ שיטות קמאי על תמיד,כן,תמיד,לא:,פירוש,לא,
1305,קובץ שיטות קמאי על תמיד,כן,תמיד,לא:,פירוש,לא,
1307,קובץ שיטות קמאי על תמיד,כן,תמיד,לא:,פירוש,לא,
1309,קובץ שיטות קמאי על תמיד,כן,תמיד,לא:,פירוש,לא,
1311,קובץ שיטות קמאי על תמיד,כן,תמיד,לא:,פירוש,לא,
1313,קובץ שיטות קמאי על תמיד,כן,תמיד,לא:,פירוש,לא,
1315,קובץ שיטות קמאי על תמיד,כן,תמיד,לא:,פירוש,לא,
1317,קובץ שיטות קמאי על תמיד,כן,תמיד,לא:,פירוש,לא,
1319,קובץ שיטות קמאי על תמיד,כן,תמיד,לא:,פירוש,לא,
1321,קובץ שיטות קמאי על תמיד,כן,תמיד,לא:,פירוש,לא,
1323,קובץ שיטות קמאי על תמיד,כן,תמיד,לא:,פירוש,לא,
1325,קובץ שיטות קמאי על תמיד,כן,תמיד,לא:,פירוש,לא,
1327,קובץ שיטות קמאי על תמיד,כן,תמיד,לא:,פירוש,לא,
1329,קובץ שיטות קמאי על תמיד,כן,תמיד,לא:,פירוש,לא,
1331,קובץ שיטות קמאי על תמיד,כן,תמיד,לא:,פירוש,לא,
1333,קובץ שיטות קמאי על תמיד,כן,תמיד,לא:,פירוש,לא,
1335,קובץ שיטות קמאי על תמיד,כן,תמיד,לא:,פירוש,לא,
1337,קובץ שיטות קמאי על תמיד,כן,תמיד,לא:,פירוש,לא,
1339,קובץ שיטות קמאי על תמיד,כן,תמיד,לא:,פירוש,לא,
1341,קובץ שיטות קמאי על תמיד,כן,תמיד,לא:,פירוש,לא,
1343,קובץ שיטות קמאי על תמיד,כן,תמיד,לא:,פירוש,לא,
1345,קובץ שיטות קמאי על תמיד,כן,תמיד,לא:,פירוש,לא,
1347,קובץ שיטות קמאי על תמיד,כן,תמיד,לא:,פירוש,לא,
1349,קובץ שיטות קמאי על תמיד,כן,תמיד,לא:,פירוש,לא,
1352,קובץ שיטות קמאי על תמיד,כן,תמיד,לב.,פירוש,לא,
1354,קובץ שיטות קמאי על תמיד,כן,תמיד,לב.,פירוש,לא,
1356,קובץ שיטות קמאי על תמיד,כן,תמיד,לב.,פירוש,לא,
1358,קובץ שיטות קמאי על תמיד,כן,תמיד,לב.,פירוש,לא,
1360,קובץ שיטות קמאי על תמיד,כן,תמיד,לב.,פירוש,לא,
1362,קובץ שיטות קמאי על תמיד,כן,תמיד,לב.,פירוש,לא,
1364,קובץ שיטות קמאי על תמיד,כן,תמיד,לב.,פירוש,לא,
1366,קובץ שיטות קמאי על תמיד,כן,תמיד,לב.,פירוש,לא,
1367,קובץ שיטות קמאי על תמיד,כן,תמיד,לב.,פירוש,לא,
1368,קובץ שיטות קמאי על תמיד,כן,תמיד,לב.,פירוש,לא,
1369,קובץ שיטות קמאי על תמיד,כן,תמיד,לב.,פירוש,לא,
1370,קובץ שיטות קמאי על תמיד,כן,תמיד,לב.,פירוש,לא,
1371,קובץ שיטות קמאי על תמיד,כן,תמיד,לב.,פירוש,לא,
1372,קובץ שיטות קמאי על תמיד,כן,תמיד,לב.,פירוש,לא,
1373,קובץ שיטות קמאי על תמיד,כן,תמיד,לב.,פירוש,לא,
1375,קובץ שיטות קמאי על תמיד,כן,תמיד,לב.,פירוש,לא,
1377,קובץ שיטות קמאי על תמיד,כן,תמיד,לב.,פירוש,לא,
1379,קובץ שיטות קמאי על תמיד,כן,תמיד,לב.,פירוש,לא,
1382,קובץ שיטות קמאי על תמיד,כן,תמיד,לב:,פירוש,לא,
1384,קובץ שיטות קמאי על תמיד,כן,תמיד,לב:,פירוש,לא,
1386,קובץ שיטות קמאי על תמיד,כן,תמיד,לב:,פירוש,לא,
1388,קובץ שיטות קמאי על תמיד,כן,תמיד,לב:,פירוש,לא,
1390,קובץ שיטות קמאי על תמיד,כן,תמיד,לב:,פירוש,לא,
1392,קובץ שיטות קמאי על תמיד,כן,תמיד,לב:,פירוש,לא,
1393,קובץ שיטות קמאי על תמיד,כן,תמיד,לב:,פירוש,לא,
1394,קובץ שיטות קמאי על תמיד,כן,תמיד,לב:,פירוש,לא,
1395,קובץ שיטות קמאי על תמיד,כן,תמיד,לב:,פירוש,לא,
1397,קובץ שיטות קמאי על תמיד,כן,תמיד,לב:,פירוש,לא,
1399,קובץ שיטות קמאי על תמיד,כן,תמיד,לב:,פירוש,לא,
1401,קובץ שיטות קמאי על תמיד,כן,תמיד,לב:,פירוש,לא,
1403,קובץ שיטות קמאי על תמיד,כן,תמיד,לב:,פירוש,לא,
1405,קובץ שיטות קמאי על תמיד,כן,תמיד,לב:,פירוש,לא,
1406,קובץ שיטות קמאי על תמיד,כן,תמיד,לב:,פירוש,לא,
1407,קובץ שיטות קמאי על תמיד,כן,תמיד,לב:,פירוש,לא,
1408,קובץ שיטות קמאי על תמיד,כן,תמיד,לב:,פירוש,לא,
1409,קובץ שיטות קמאי על תמיד,כן,תמיד,לב:,פירוש,לא,
1410,קובץ שיטות קמאי על תמיד,כן,תמיד,לב:,פירוש,לא,
1411,קובץ שיטות קמאי על תמיד,כן,תמיד,לב:,פירוש,לא,
1412,קובץ שיטות קמאי על תמיד,כן,תמיד,לב:,פירוש,לא,
1413,קובץ שיטות קמאי על תמיד,כן,תמיד,לב:,פירוש,לא,
1414,קובץ שיטות קמאי על תמיד,כן,תמיד,לב:,פירוש,לא,
1415,קובץ שיטות קמאי על תמיד,כן,תמיד,לב:,פירוש,לא,
1416,קובץ שיטות קמאי על תמיד,כן,תמיד,לב:,פירוש,לא,
1417,קובץ שיטות קמאי על תמיד,כן,תמיד,לב:,פירוש,לא,
1418,קובץ שיטות קמאי על תמיד,כן,תמיד,לב:,פירוש,לא,
1419,קובץ שיטות קמאי על תמיד,כן,תמיד,לב:,פירוש,לא,
1420,קובץ שיטות קמאי על תמיד,כן,תמיד,לב:,פירוש,לא,
1421,קובץ שיטות קמאי על תמיד,כן,תמיד,לב:,פירוש,לא,
1423,קובץ שיטות קמאי על תמיד,כן,תמיד,לב:,פירוש,לא,
1425,קובץ שיטות קמאי על תמיד,כן,תמיד,לב:,פירוש,לא,
1427,קובץ שיטות קמאי על תמיד,כן,תמיד,לב:,פירוש,לא,
1429,קובץ שיטות קמאי על תמיד,כן,תמיד,לב:,פירוש,לא,
1431,קובץ שיטות קמאי על תמיד,כן,תמיד,לב:,פירוש,לא,
1433,קובץ שיטות קמאי על תמיד,כן,תמיד,לב:,פירוש,לא,
1435,קובץ שיטות קמאי על תמיד,כן,תמיד,לב:,פירוש,לא,
1437,קובץ שיטות קמאי על תמיד,כן,תמיד,לב:,פירוש,לא,
1439,קובץ שיטות קמאי על תמיד,כן,תמיד,לב:,פירוש,לא,
1441,קובץ שיטות קמאי על תמיד,כן,תמיד,לב:,פירוש,לא,
1443,קובץ שיטות קמאי על תמיד,כן,תמיד,לב:,פירוש,לא,
1445,קובץ שיטות קמאי על תמיד,כן,תמיד,לב:,פירוש,לא,
1446,קובץ שיטות קמאי על תמיד,כן,תמיד,לב:,פירוש,לא,
1448,קובץ שיטות קמאי על תמיד,כן,תמיד,לב:,פירוש,לא,
1450,קובץ שיטות קמאי על תמיד,כן,תמיד,לב:,פירוש,לא,
1452,קובץ שיטות קמאי על תמיד,כן,תמיד,לב:,פירוש,לא,
1454,קובץ שיטות קמאי על תמיד,כן,תמיד,לב:,פירוש,לא,
1456,קובץ שיטות קמאי על תמיד,כן,תמיד,לב:,פירוש,לא,
1458,קובץ שיטות קמאי על תמיד,כן,תמיד,לב:,פירוש,לא,
1460,קובץ שיטות קמאי על תמיד,כן,תמיד,לב:,פירוש,לא,
1461,קובץ שיטות קמאי על תמיד,כן,תמיד,לב:,פירוש,לא,
1463,קובץ שיטות קמאי על תמיד,כן,תמיד,לב:,פירוש,לא,
1465,קובץ שיטות קמאי על תמיד,כן,תמיד,לב:,פירוש,לא,
1467,קובץ שיטות קמאי על תמיד,כן,תמיד,לב:,פירוש,לא,
1469,קובץ שיטות קמאי על תמיד,כן,תמיד,לב:,פירוש,לא,
1471,קובץ שיטות קמאי על תמיד,כן,תמיד,לב:,פירוש,לא,
1472,קובץ שיטות קמאי על תמיד,כן,תמיד,לב:,פירוש,לא,
1473,קובץ שיטות קמאי על תמיד,כן,תמיד,לב:,פירוש,לא,
1474,קובץ שיטות קמאי על תמיד,כן,תמיד,לב:,פירוש,לא,
1476,קובץ שיטות קמאי על תמיד,כן,תמיד,לב:,פירוש,לא,
1478,קובץ שיטות קמאי על תמיד,כן,תמיד,לב:,פירוש,לא,
1480,קובץ שיטות קמאי על תמיד,כן,תמיד,לב:,פירוש,לא,
1482,קובץ שיטות קמאי על תמיד,כן,תמיד,לב:,פירוש,לא,
1484,קובץ שיטות קמאי על תמיד,כן,תמיד,לב:,פירוש,לא,
1486,קובץ שיטות קמאי על תמיד,כן,תמיד,לב:,פירוש,לא,
1488,קובץ שיטות קמאי על תמיד,כן,תמיד,לב:,פירוש,לא,
1490,קובץ שיטות קמאי על תמיד,כן,תמיד,לב:,פירוש,לא,
1492,קובץ שיטות קמאי על תמיד,כן,תמיד,לב:,פירוש,לא,
1494,קובץ שיטות קמאי על תמיד,כן,תמיד,לב:,פירוש,לא,
1496,קובץ שיטות קמאי על תמיד,כן,תמיד,לב:,פירוש,לא,
1498,קובץ שיטות קמאי על תמיד,כן,תמיד,לב:,פירוש,לא,
1500,קובץ שיטות קמאי על תמיד,כן,תמיד,לב:,פירוש,לא,
1502,קובץ שיטות קמאי על תמיד,כן,תמיד,לב:,פירוש,לא,
1505,קובץ שיטות קמאי על תמיד,כן,תמיד,לג.,פירוש,לא,
1506,קובץ שיטות קמאי על תמיד,כן,תמיד,לג.,פירוש,לא,
1507,קובץ שיטות קמאי על תמיד,כן,תמיד,לג.,פירוש,לא,
1508,קובץ שיטות קמאי על תמיד,כן,תמיד,לג.,פירוש,לא,
1509,קובץ שיטות קמאי על תמיד,כן,תמיד,לג.,פירוש,לא,
1510,קובץ שיטות קמאי על תמיד,כן,תמיד,לג.,פירוש,לא,
1511,קובץ שיטות קמאי על תמיד,כן,תמיד,לג.,פירוש,לא,
1512,קובץ שיטות קמאי על תמיד,כן,תמיד,לג.,פירוש,לא,
1513,קובץ שיטות קמאי על תמיד,כן,תמיד,לג.,פירוש,לא,
1514,קובץ שיטות קמאי על תמיד,כן,תמיד,לג.,פירוש,לא,
1515,קובץ שיטות קמאי על תמיד,כן,תמיד,לג.,פירוש,לא,
1516,קובץ שיטות קמאי על תמיד,כן,תמיד,לג.,פירוש,לא,
1517,קובץ שיטות קמאי על תמיד,כן,תמיד,לג.,פירוש,לא,
1518,קובץ שיטות קמאי על תמיד,כן,תמיד,לג.,פירוש,לא,
1520,קובץ שיטות קמאי על תמיד,כן,תמיד,לג.,פירוש,לא,
1522,קובץ שיטות קמאי על תמיד,כן,תמיד,לג.,פירוש,לא,
1524,קובץ שיטות קמאי על תמיד,כן,תמיד,לג.,פירוש,לא,
1526,קובץ שיטות קמאי על תמיד,כן,תמיד,לג.,פירוש,לא,
1528,קובץ שיטות קמאי על תמיד,כן,תמיד,לג.,פירוש,לא,
1530,קובץ שיטות קמאי על תמיד,כן,תמיד,לג.,פירוש,לא,
1532,קובץ שיטות קמאי על תמיד,כן,תמיד,לג.,פירוש,לא,
1533,קובץ שיטות קמאי על תמיד,כן,תמיד,לג.,פירוש,לא,
1534,קובץ שיטות קמאי על תמיד,כן,תמיד,לג.,פירוש,לא,
1535,קובץ שיטות קמאי על תמיד,כן,תמיד,לג.,פירוש,לא,
1537,קובץ שיטות קמאי על תמיד,כן,תמיד,לג.,פירוש,לא,
1539,קובץ שיטות קמאי על תמיד,כן,תמיד,לג.,פירוש,לא,
1541,קובץ שיטות קמאי על תמיד,כן,תמיד,לג.,פירוש,לא,
1543,קובץ שיטות קמאי על תמיד,כן,תמיד,לג.,פירוש,לא,
1545,קובץ שיטות קמאי על תמיד,כן,תמיד,לג.,פירוש,לא,
1547,קובץ שיטות קמאי על תמיד,כן,תמיד,לג.,פירוש,לא,
1549,קובץ שיטות קמאי על תמיד,כן,תמיד,לג.,פירוש,לא,
1551,קובץ שיטות קמאי על תמיד,כן,תמיד,לג.,פירוש,לא,
1553,קובץ שיטות קמאי על תמיד,כן,תמיד,לג.,פירוש,לא,
1555,קובץ שיטות קמאי על תמיד,כן,תמיד,לג.,פירוש,לא,
1556,קובץ שיטות קמאי על תמיד,כן,תמיד,לג.,פירוש,לא,
1557,קובץ שיטות קמאי על תמיד,כן,תמיד,לג.,פירוש,לא,
1559,קובץ שיטות קמאי על תמיד,כן,תמיד,לג.,פירוש,לא,
1561,קובץ שיטות קמאי על תמיד,כן,תמיד,לג.,פירוש,לא,
1563,קובץ שיטות קמאי על תמיד,כן,תמיד,לג.,פירוש,לא,
1565,קובץ שיטות קמאי על תמיד,כן,תמיד,לג.,פירוש,לא,
1567,קובץ שיטות קמאי על תמיד,כן,תמיד,לג.,פירוש,לא,
1569,קובץ שיטות קמאי על תמיד,כן,תמיד,לג.,פירוש,לא,
1571,קובץ שיטות קמאי על תמיד,כן,תמיד,לג.,פירוש,לא,
1573,קובץ שיטות קמאי על תמיד,כן,תמיד,לג.,פירוש,לא,
1575,קובץ שיטות קמאי על תמיד,כן,תמיד,לג.,פירוש,לא,
1577,קובץ שיטות קמאי על תמיד,כן,תמיד,לג.,פירוש,לא,
1579,קובץ שיטות קמאי על תמיד,כן,תמיד,לג.,פירוש,לא,
1581,קובץ שיטות קמאי על תמיד,כן,תמיד,לג.,פירוש,לא,
1583,קובץ שיטות קמאי על תמיד,כן,תמיד,לג.,פירוש,לא,
1585,קובץ שיטות קמאי על תמיד,כן,תמיד,לג.,פירוש,לא,
1587,קובץ שיטות קמאי על תמיד,כן,תמיד,לג.,פירוש,לא,
1589,קובץ שיטות קמאי על תמיד,כן,תמיד,לג.,פירוש,לא,
1591,קובץ שיטות קמאי על תמיד,כן,תמיד,לג.,פירוש,לא,
1593,קובץ שיטות קמאי על תמיד,כן,תמיד,לג.,פירוש,לא,
1595,קובץ שיטות קמאי על תמיד,כן,תמיד,לג.,פירוש,לא,
1597,קובץ שיטות קמאי על תמיד,כן,תמיד,לג.,פירוש,לא,
1599,קובץ שיטות קמאי על תמיד,כן,תמיד,לג.,פירוש,לא,
1601,קובץ שיטות קמאי על תמיד,כן,תמיד,לג.,פירוש,לא,
1603,קובץ שיטות קמאי על תמיד,כן,תמיד,לג.,פירוש,לא,
1604,קובץ שיטות קמאי על תמיד,כן,תמיד,לג.,פירוש,לא,
1605,קובץ שיטות קמאי על תמיד,כן,תמיד,לג.,פירוש,לא,
1606,קובץ שיטות קמאי על תמיד,כן,תמיד,לג.,פירוש,לא,
1607,קובץ שיטות קמאי על תמיד,כן,תמיד,לג.,פירוש,לא,
1608,קובץ שיטות קמאי על תמיד,כן,תמיד,לג.,פירוש,לא,
1610,קובץ שיטות קמאי על תמיד,כן,תמיד,לג.,פירוש,לא,
1612,קובץ שיטות קמאי על תמיד,כן,תמיד,לג.,פירוש,לא,
1614,קובץ שיטות קמאי על תמיד,כן,תמיד,לג.,פירוש,לא,
1616,קובץ שיטות קמאי על תמיד,כן,תמיד,לג.,פירוש,לא,
1618,קובץ שיטות קמאי על תמיד,כן,תמיד,לג.,פירוש,לא,
1620,קובץ שיטות קמאי על תמיד,כן,תמיד,לג.,פירוש,לא,
1622,קובץ שיטות קמאי על תמיד,כן,תמיד,לג.,פירוש,לא,
1624,קובץ שיטות קמאי על תמיד,כן,תמיד,לג.,פירוש,לא,
1626,קובץ שיטות קמאי על תמיד,כן,תמיד,לג.,פירוש,לא,
1628,קובץ שיטות קמאי על תמיד,כן,תמיד,לג.,פירוש,לא,
1630,קובץ שיטות קמאי על תמיד,כן,תמיד,לג.,פירוש,לא,
1632,קובץ שיטות קמאי על תמיד,כן,תמיד,לג.,פירוש,לא,
1634,קובץ שיטות קמאי על תמיד,כן,תמיד,לג.,פירוש,לא,
1636,קובץ שיטות קמאי על תמיד,כן,תמיד,לג.,פירוש,לא,
1638,קובץ שיטות קמאי על תמיד,כן,תמיד,לג.,פירוש,לא,
1640,קובץ שיטות קמאי על תמיד,כן,תמיד,לג.,פירוש,לא,
1642,קובץ שיטות קמאי על תמיד,כן,תמיד,לג.,פירוש,לא,
1645,קובץ שיטות קמאי על תמיד,כן,תמיד,לג:,פירוש,לא,
1647,קובץ שיטות קמאי על תמיד,כן,תמיד,לג:,פירוש,לא,
1649,קובץ שיטות קמאי על תמיד,כן,תמיד,לג:,פירוש,לא,
1651,קובץ שיטות קמאי על תמיד,כן,תמיד,לג:,פירוש,לא,
1653,קובץ שיטות קמאי על תמיד,כן,תמיד,לג:,פירוש,לא,
1655,קובץ שיטות קמאי על תמיד,כן,תמיד,לג:,פירוש,לא,
1656,קובץ שיטות קמאי על תמיד,כן,תמיד,לג:,פירוש,לא,
1657,קובץ שיטות קמאי על תמיד,כן,תמיד,לג:,פירוש,לא,
1659,קובץ שיטות קמאי על תמיד,כן,תמיד,לג:,פירוש,לא,
1661,קובץ שיטות קמאי על תמיד,כן,תמיד,לג:,פירוש,לא,
1663,קובץ שיטות קמאי על תמיד,כן,תמיד,לג:,פירוש,לא,
1665,קובץ שיטות קמאי על תמיד,כן,תמיד,לג:,פירוש,לא,
1667,קובץ שיטות קמאי על תמיד,כן,תמיד,לג:,פירוש,לא,
1669,קובץ שיטות קמאי על תמיד,כן,תמיד,לג:,פירוש,לא,
1671,קובץ שיטות קמאי על תמיד,כן,תמיד,לג:,פירוש,לא,
1673,קובץ שיטות קמאי על תמיד,כן,תמיד,לג:,פירוש,לא,
1675,קובץ שיטות קמאי על תמיד,כן,תמיד,לג:,פירוש,לא,
1676,קובץ שיטות קמאי על תמיד,כן,תמיד,לג:,פירוש,לא,
1677,קובץ שיטות קמאי על תמיד,כן,תמיד,לג:,פירוש,לא,
1678,קובץ שיטות קמאי על תמיד,כן,תמיד,לג:,פירוש,לא,
1679,קובץ שיטות קמאי על תמיד,כן,תמיד,לג:,פירוש,לא,
1681,קובץ שיטות קמאי על תמיד,כן,תמיד,לג:,פירוש,לא,
1683,קובץ שיטות קמאי על תמיד,כן,תמיד,לג:,פירוש,לא,
1685,קובץ שיטות קמאי על תמיד,כן,תמיד,לג:,פירוש,לא,
1687,קובץ שיטות קמאי על תמיד,כן,תמיד,לג:,פירוש,לא,
1689,קובץ שיטות קמאי על תמיד,כן,תמיד,לג:,פירוש,לא,
1691,קובץ שיטות קמאי על תמיד,כן,תמיד,לג:,פירוש,לא,
1693,קובץ שיטות קמאי על תמיד,כן,תמיד,לג:,פירוש,לא,
1695,קובץ שיטות קמאי על תמיד,כן,תמיד,לג:,פירוש,לא,
1697,קובץ שיטות קמאי על תמיד,כן,תמיד,לג:,פירוש,לא,
1699,קובץ שיטות קמאי על תמיד,כן,תמיד,לג:,פירוש,לא,
1701,קובץ שיטות קמאי על תמיד,כן,תמיד,לג:,פירוש,לא,
1703,קובץ שיטות קמאי על תמיד,כן,תמיד,לג:,פירוש,לא,
1705,קובץ שיטות קמאי על תמיד,כן,תמיד,לג:,פירוש,לא,
1707,קובץ שיטות קמאי על תמיד,כן,תמיד,לג:,פירוש,לא,
1709,קובץ שיטות קמאי על תמיד,כן,תמיד,לג:,פירוש,לא,
1710,קובץ שיטות קמאי על תמיד,כן,תמיד,לג:,פירוש,לא,
1711,קובץ שיטות קמאי על תמיד,כן,תמיד,לג:,פירוש,לא,
1712,קובץ שיטות קמאי על תמיד,כן,תמיד,לג:,פירוש,לא,
1713,קובץ שיטות קמאי על תמיד,כן,תמיד,לג:,פירוש,לא,
1714,קובץ שיטות קמאי על תמיד,כן,תמיד,לג:,פירוש,לא,
1715,קובץ שיטות קמאי על תמיד,כן,תמיד,לג:,פירוש,לא,
1716,קובץ שיטות קמאי על תמיד,כן,תמיד,לג:,פירוש,לא,
1717,קובץ שיטות קמאי על תמיד,כן,תמיד,לג:,פירוש,לא,
1718,קובץ שיטות קמאי על תמיד,כן,תמיד,לג:,פירוש,לא,
1719,קובץ שיטות קמאי על תמיד,כן,תמיד,לג:,פירוש,לא,
1720,קובץ שיטות קמאי על תמיד,כן,תמיד,לג:,פירוש,לא,
1721,קובץ שיטות קמאי על תמיד,כן,תמיד,לג:,פירוש,לא,
1723,קובץ שיטות קמאי על תמיד,כן,תמיד,לג:,פירוש,לא,
1725,קובץ שיטות קמאי על תמיד,כן,תמיד,לג:,פירוש,לא,
1727,קובץ שיטות קמאי על תמיד,כן,תמיד,לג:,פירוש,לא,
1729,קובץ שיטות קמאי על תמיד,כן,תמיד,לג:,פירוש,לא,
1731,קובץ שיטות קמאי על תמיד,כן,תמיד,לג:,פירוש,לא,
1733,קובץ שיטות קמאי על תמיד,כן,תמיד,לג:,פירוש,לא,
1734,קובץ שיטות קמאי על תמיד,כן,תמיד,לג:,פירוש,לא,
1736,קובץ שיטות קמאי על תמיד,כן,תמיד,לג:,פירוש,לא,
1738,קובץ שיטות קמאי על תמיד,כן,תמיד,לג:,פירוש,לא,
1740,קובץ שיטות קמאי על תמיד,כן,תמיד,לג:,פירוש,לא,
1742,קובץ שיטות קמאי על תמיד,כן,תמיד,לג:,פירוש,לא,
1744,קובץ שיטות קמאי על תמיד,כן,תמיד,לג:,פירוש,לא,
1746,קובץ שיטות קמאי על תמיד,כן,תמיד,לג:,פירוש,לא,
1748,קובץ שיטות קמאי על תמיד,כן,תמיד,לג:,פירוש,לא,
1750,קובץ שיטות קמאי על תמיד,כן,תמיד,לג:,פירוש,לא,
1751,קובץ שיטות קמאי על תמיד,כן,תמיד,לג:,פירוש,לא,
1752,קובץ שיטות קמאי על תמיד,כן,תמיד,לג:,פירוש,לא,
1754,קובץ שיטות קמאי על תמיד,כן,תמיד,לג:,פירוש,לא,
1755,קובץ שיטות קמאי על תמיד,כן,תמיד,לג:,פירוש,לא,
1757,קובץ שיטות קמאי על תמיד,כן,תמיד,לג:,פירוש,לא,
1759,קובץ שיטות קמאי על תמיד,כן,תמיד,לג:,פירוש,לא,
1761,קובץ שיטות קמאי על תמיד,כן,תמיד,לג:,פירוש,לא,
1763,קובץ שיטות קמאי על תמיד,כן,תמיד,לג:,פירוש,לא,
1765,קובץ שיטות קמאי על תמיד,כן,תמיד,לג:,פירוש,לא,
1767,קובץ שיטות קמאי על תמיד,כן,תמיד,לג:,פירוש,לא,
1769,קובץ שיטות קמאי על תמיד,כן,תמיד,לג:,פירוש,לא,
1771,קובץ שיטות קמאי על תמיד,כן,תמיד,לג:,פירוש,לא,
1773,קובץ שיטות קמאי על תמיד,כן,תמיד,לג:,פירוש,לא,
1775,קובץ שיטות קמאי על תמיד,כן,תמיד,לג:,פירוש,לא,
1777,קובץ שיטות קמאי על תמיד,כן,תמיד,לג:,פירוש,לא,
1779,קובץ שיטות קמאי על תמיד,כן,תמיד,לג:,פירוש,לא,
1781,קובץ שיטות קמאי על תמיד,כן,תמיד,לג:,פירוש,לא,
1783,קובץ שיטות קמאי על תמיד,כן,תמיד,לג:,פירוש,לא,
1785,קובץ שיטות קמאי על תמיד,כן,תמיד,לג:,פירוש,לא,
1787,קובץ שיטות קמאי על תמיד,כן,תמיד,לג:,פירוש,לא,
1789,קובץ שיטות קמאי על תמיד,כן,תמיד,לג:,פירוש,לא,
1791,קובץ שיטות קמאי על תמיד,כן,תמיד,לג:,פירוש,לא,
1793,קובץ שיטות קמאי על תמיד,כן,תמיד,לג:,פירוש,לא,
1794,קובץ שיטות קמאי על תמיד,כן,תמיד,לג:,פירוש,לא,
1796,קובץ שיטות קמאי על תמיד,כן,תמיד,לג:,פירוש,לא,
1798,קובץ שיטות קמאי על תמיד,כן,תמיד,לג:,פירוש,לא,
1800,קובץ שיטות קמאי על תמיד,כן,תמיד,לג:,פירוש,לא,
1802,קובץ שיטות קמאי על תמיד,כן,תמיד,לג:,פירוש,לא,
1804,קובץ שיטות קמאי על תמיד,כן,תמיד,לג:,פירוש,לא,
1806,קובץ שיטות קמאי על תמיד,כן,תמיד,לג:,פירוש,לא,
1808,קובץ שיטות קמאי על תמיד,כן,תמיד,לג:,פירוש,לא,
1810,קובץ שיטות קמאי על תמיד,כן,תמיד,לג:,פירוש,לא,
1812,קובץ שיטות קמאי על תמיד,כן,תמיד,לג:,פירוש,לא,
1814,קובץ שיטות קמאי על תמיד,כן,תמיד,לג:,פירוש,לא,
1816,קובץ שיטות קמאי על תמיד,כן,תמיד,לג:,פירוש,לא,
1818,קובץ שיטות קמאי על תמיד,כן,תמיד,לג:,פירוש,לא,
1820,קובץ שיטות קמאי על תמיד,כן,תמיד,לג:,פירוש,לא,
1822,קובץ שיטות קמאי על תמיד,כן,תמיד,לג:,פירוש,לא,
1824,קובץ שיטות קמאי על תמיד,כן,תמיד,לג:,פירוש,לא,
1826,קובץ שיטות קמאי על תמיד,כן,תמיד,לג:,פירוש,לא,
1828,קובץ שיטות קמאי על תמיד,כן,תמיד,לג:,פירוש,לא,
1830,קובץ שיטות קמאי על תמיד,כן,תמיד,לג:,פירוש,לא,
1832,קובץ שיטות קמאי על תמיד,כן,תמיד,לג:,פירוש,לא,
1834,קובץ שיטות קמאי על תמיד,כן,תמיד,לג:,פירוש,לא,
1836,קובץ שיטות קמאי על תמיד,כן,תמיד,לג:,פירוש,לא,
1838,קובץ שיטות קמאי על תמיד,כן,תמיד,לג:,פירוש,לא,
1840,קובץ שיטות קמאי על תמיד,כן,תמיד,לג:,פירוש,לא,
1842,קובץ שיטות קמאי על תמיד,כן,תמיד,לג:,פירוש,לא,
1844,קובץ שיטות קמאי על תמיד,כן,תמיד,לג:,פירוש,לא,
1846,קובץ שיטות קמאי על תמיד,כן,תמיד,לג:,פירוש,לא,
1848,קובץ שיטות קמאי על תמיד,כן,תמיד,לג:,פירוש,לא,
1850,קובץ שיטות קמאי על תמיד,כן,תמיד,לג:,פירוש,לא,
1852,קובץ שיטות קמאי על תמיד,כן,תמיד,לג:,פירוש,לא,
1854,קובץ שיטות קמאי על תמיד,כן,תמיד,לג:,פירוש,לא,
1856,קובץ שיטות קמאי על תמיד,כן,תמיד,לג:,פירוש,לא,
1858,קובץ שיטות קמאי על תמיד,כן,תמיד,לג:,פירוש,לא,
1860,קובץ שיטות קמאי על תמיד,כן,תמיד,לג:,פירוש,לא,
1862,קובץ שיטות קמאי על תמיד,כן,תמיד,לג:,פירוש,לא,
1864,קובץ שיטות קמאי על תמיד,כן,תמיד,לג:,פירוש,לא,
1866,קובץ שיטות קמאי על תמיד,כן,תמיד,לג:,פירוש,לא,
1868,קובץ שיטות קמאי על תמיד,כן,תמיד,לג:,פירוש,לא,
1870,קובץ שיטות קמאי על תמיד,כן,תמיד,לג:,פירוש,לא,
1872,קובץ שיטות קמאי על תמיד,כן,תמיד,לג:,פירוש,לא,
1874,קובץ שיטות קמאי על תמיד,כן,תמיד,לג:,פירוש,לא,
1876,קובץ שיטות קמאי על תמיד,כן,תמיד,לג:,פירוש,לא,
1878,קובץ שיטות קמאי על תמיד,כן,תמיד,לג:,פירוש,לא,
1879,קובץ שיטות קמאי על תמיד,כן,תמיד,לג:,פירוש,לא,
1881,קובץ שיטות קמאי על תמיד,כן,תמיד,לג:,פירוש,לא,
1883,קובץ שיטות קמאי על תמיד,כן,תמיד,לג:,פירוש,לא,
1885,קובץ שיטות קמאי על תמיד,כן,תמיד,לג:,פירוש,לא,
1887,קובץ שיטות קמאי על תמיד,כן,תמיד,לג:,פירוש,לא,
1889,קובץ שיטות קמאי על תמיד,כן,תמיד,לג:,פירוש,לא,
1891,קובץ שיטות קמאי על תמיד,כן,תמיד,לג:,פירוש,לא,
1893,קובץ שיטות קמאי על תמיד,כן,תמיד,לג:,פירוש,לא,
1895,קובץ שיטות קמאי על תמיד,כן,תמיד,לג:,פירוש,לא,
1897,קובץ שיטות קמאי על תמיד,כן,תמיד,לג:,פירוש,לא,
1899,קובץ שיטות קמאי על תמיד,כן,תמיד,לג:,פירוש,לא,
1901,קובץ שיטות קמאי על תמיד,כן,תמיד,לג:,פירוש,לא,
1903,קובץ שיטות קמאי על תמיד,כן,תמיד,לג:,פירוש,לא,
1905,קובץ שיטות קמאי על תמיד,כן,תמיד,לג:,פירוש,לא,
1906,קובץ שיטות קמאי על תמיד,כן,תמיד,לג:,פירוש,לא,
1908,קובץ שיטות קמאי על תמיד,כן,תמיד,לג:,פירוש,לא,
1910,קובץ שיטות קמאי על תמיד,כן,תמיד,לג:,פירוש,לא,
1912,קובץ שיטות קמאי על תמיד,כן,תמיד,לג:,פירוש,לא,
1914,קובץ שיטות קמאי על תמיד,כן,תמיד,לג:,פירוש,לא,
1915,קובץ שיטות קמאי על תמיד,כן,תמיד,לג:,פירוש,לא,
1917,קובץ שיטות קמאי על תמיד,כן,תמיד,לג:,פירוש,לא,
1919,קובץ שיטות קמאי על תמיד,כן,תמיד,לג:,פירוש,לא,
1921,קובץ שיטות קמאי על תמיד,כן,תמיד,לג:,פירוש,לא,
