מקור,ספר_מקור,מקור_אישי,ספר_יעד,מיקום_יעד,סוג,יעד_אישי,קטגוריית_מקור
6,חנוך הנער,כן,ברכות,ב.,פירוש,לא,
7,חנוך הנער,כן,ברכות,ז.,פירוש,לא,
8,חנוך הנער,כן,ברכות,ט:,פירוש,לא,
9,חנוך הנער,כן,ברכות,יא:,פירוש,לא,
10,חנוך הנער,כן,ברכות,טו.,פירוש,לא,
11,חנוך הנער,כן,ברכות,כו:,פירוש,לא,
12,חנוך הנער,כן,ברכות,לא:,פירוש,לא,
13,חנוך הנער,כן,ברכות,לד.,פירוש,לא,
14,חנוך הנער,כן,ברכות,לד.,פירוש,לא,
15,חנוך הנער,כן,ברכות,לה:,פירוש,לא,
16,חנוך הנער,כן,ברכות,לו.,פירוש,לא,
17,חנוך הנער,כן,ברכות,לו.,פירוש,לא,
18,חנוך הנער,כן,ברכות,מה:,פירוש,לא,
19,חנוך הנער,כן,ברכות,מז.,פירוש,לא,
20,חנוך הנער,כן,ברכות,מח.,פירוש,לא,
21,חנוך הנער,כן,ברכות,נג:,פירוש,לא,
23,חנוך הנער,כן,שבת,טו:,פירוש,לא,
25,חנוך הנער,כן,שבת,כ:,פירוש,לא,
26,חנוך הנער,כן,שבת,לא:,פירוש,לא,
27,חנוך הנער,כן,שבת,לג:,פירוש,לא,
28,חנוך הנער,כן,שבת,לג:,פירוש,לא,
30,חנוך הנער,כן,שבת,לג:,פירוש,לא,
32,חנוך הנער,כן,שבת,לז:,פירוש,לא,
33,חנוך הנער,כן,שבת,לט:,פירוש,לא,
34,חנוך הנער,כן,שבת,נג:,פירוש,לא,
35,חנוך הנער,כן,שבת,ס:,פירוש,לא,
37,חנוך הנער,כן,ראש השנה,טו:,פירוש,לא,
39,חנוך הנער,כן,ביצה,כה.,פירוש,לא,
41,חנוך הנער,כן,מגילה,טו:,פירוש,לא,
43,חנוך הנער,כן,מועד קטן,יט:,פירוש,לא,
44,חנוך הנער,כן,מועד קטן,כו:,פירוש,לא,
45,חנוך הנער,כן,מועד קטן,כח.,פירוש,לא,
47,חנוך הנער,כן,כתובות,טז.,פירוש,לא,
48,חנוך הנער,כן,כתובות,טז.,פירוש,לא,
49,חנוך הנער,כן,כתובות,יז.,פירוש,לא,
50,חנוך הנער,כן,כתובות,יז.,פירוש,לא,
52,חנוך הנער,כן,כתובות,יז:,פירוש,לא,
54,חנוך הנער,כן,כתובות,יח.,פירוש,לא,
55,חנוך הנער,כן,כתובות,יח:,פירוש,לא,
56,חנוך הנער,כן,כתובות,יט.,פירוש,לא,
61,חנוך הנער,כן,כתובות,יט.,פירוש,לא,
62,חנוך הנער,כן,כתובות,יט.,פירוש,לא,
64,חנוך הנער,כן,כתובות,כא:,פירוש,לא,
65,חנוך הנער,כן,כתובות,כב:,פירוש,לא,
66,חנוך הנער,כן,כתובות,כג.,פירוש,לא,
67,חנוך הנער,כן,כתובות,כג.,פירוש,לא,
68,חנוך הנער,כן,כתובות,ל.,פירוש,לא,
69,חנוך הנער,כן,כתובות,סג:,פירוש,לא,
70,חנוך הנער,כן,כתובות,פד:,פירוש,לא,
72,חנוך הנער,כן,נזיר,כז:,פירוש,לא,
73,חנוך הנער,כן,נזיר,ל.,פירוש,לא,
74,חנוך הנער,כן,נזיר,נא:,פירוש,לא,
75,חנוך הנער,כן,נזיר,נו:,פירוש,לא,
76,חנוך הנער,כן,נזיר,נו:,פירוש,לא,
77,חנוך הנער,כן,נזיר,סה.,פירוש,לא,
79,חנוך הנער,כן,גיטין,ד.,פירוש,לא,
80,חנוך הנער,כן,גיטין,ה:,פירוש,לא,
81,חנוך הנער,כן,גיטין,ו:,פירוש,לא,
82,חנוך הנער,כן,גיטין,יא:,פירוש,לא,
83,חנוך הנער,כן,גיטין,יא:,פירוש,לא,
84,חנוך הנער,כן,גיטין,לא:,פירוש,לא,
85,חנוך הנער,כן,גיטין,לא:,פירוש,לא,
86,חנוך הנער,כן,גיטין,נו.,פירוש,לא,
87,חנוך הנער,כן,גיטין,פד.,פירוש,לא,
89,חנוך הנער,כן,קידושין,ח.,פירוש,לא,
90,חנוך הנער,כן,קידושין,לא:,פירוש,לא,
91,חנוך הנער,כן,קידושין,לז.,פירוש,לא,
92,חנוך הנער,כן,קידושין,עב:,פירוש,לא,
93,חנוך הנער,כן,קידושין,פא:,פירוש,לא,
95,חנוך הנער,כן,בבא קמא,ד.,פירוש,לא,
96,חנוך הנער,כן,בבא קמא,י:,פירוש,לא,
97,חנוך הנער,כן,בבא קמא,כ:,פירוש,לא,
98,חנוך הנער,כן,בבא קמא,עט:,פירוש,לא,
99,חנוך הנער,כן,בבא קמא,פג.,פירוש,לא,
100,חנוך הנער,כן,בבא קמא,צד:,פירוש,לא,
102,חנוך הנער,כן,בבא בתרא,ב.,פירוש,לא,
103,חנוך הנער,כן,בבא בתרא,ד.,פירוש,לא,
104,חנוך הנער,כן,בבא בתרא,ד:,פירוש,לא,
105,חנוך הנער,כן,בבא בתרא,ד:,פירוש,לא,
106,חנוך הנער,כן,בבא בתרא,ה:,פירוש,לא,
107,חנוך הנער,כן,בבא בתרא,ה:,פירוש,לא,
108,חנוך הנער,כן,בבא בתרא,ז:,פירוש,לא,
109,חנוך הנער,כן,בבא בתרא,ט.,פירוש,לא,
110,חנוך הנער,כן,בבא בתרא,י:,פירוש,לא,
111,חנוך הנער,כן,בבא בתרא,יא:,פירוש,לא,
112,חנוך הנער,כן,בבא בתרא,יא:,פירוש,לא,
113,חנוך הנער,כן,בבא בתרא,יב:,פירוש,לא,
114,חנוך הנער,כן,בבא בתרא,כא:,פירוש,לא,
115,חנוך הנער,כן,בבא בתרא,כג.,פירוש,לא,
116,חנוך הנער,כן,בבא בתרא,כג.,פירוש,לא,
117,חנוך הנער,כן,בבא בתרא,כד.,פירוש,לא,
118,חנוך הנער,כן,בבא בתרא,כז:,פירוש,לא,
120,חנוך הנער,כן,בבא בתרא,כט.,פירוש,לא,
121,חנוך הנער,כן,בבא בתרא,כט.,פירוש,לא,
122,חנוך הנער,כן,בבא בתרא,נא.,פירוש,לא,
123,חנוך הנער,כן,בבא בתרא,קיא.,פירוש,לא,
124,חנוך הנער,כן,בבא בתרא,קכג.,פירוש,לא,
125,חנוך הנער,כן,בבא בתרא,קכז.,פירוש,לא,
127,חנוך הנער,כן,סנהדרין,ה.,פירוש,לא,
128,חנוך הנער,כן,סנהדרין,יד.,פירוש,לא,
129,חנוך הנער,כן,סנהדרין,מא:,פירוש,לא,
130,חנוך הנער,כן,סנהדרין,מב.,פירוש,לא,
131,חנוך הנער,כן,סנהדרין,מח.,פירוש,לא,
133,חנוך הנער,כן,מכות,ה:,פירוש,לא,
134,חנוך הנער,כן,מכות,י.,פירוש,לא,
135,חנוך הנער,כן,מכות,יז.,פירוש,לא,
136,חנוך הנער,כן,מכות,כד.,פירוש,לא,
138,חנוך הנער,כן,שבועות,ה:,פירוש,לא,
139,חנוך הנער,כן,שבועות,יז.,פירוש,לא,
140,חנוך הנער,כן,שבועות,יח.,פירוש,לא,
141,חנוך הנער,כן,שבועות,יח:,פירוש,לא,
142,חנוך הנער,כן,שבועות,יט.,פירוש,לא,
143,חנוך הנער,כן,שבועות,כא:,פירוש,לא,
144,חנוך הנער,כן,שבועות,כו.,פירוש,לא,
145,חנוך הנער,כן,שבועות,ל:,פירוש,לא,
146,חנוך הנער,כן,שבועות,לא.,פירוש,לא,
148,חנוך הנער,כן,שבועות,לו.,פירוש,לא,
149,חנוך הנער,כן,שבועות,לו.,פירוש,לא,
150,חנוך הנער,כן,שבועות,מב.,פירוש,לא,
151,חנוך הנער,כן,שבועות,מז.,פירוש,לא,
152,חנוך הנער,כן,שבועות,מח.,פירוש,לא,
154,חנוך הנער,כן,עבודה זרה,כז:,פירוש,לא,
155,חנוך הנער,כן,עבודה זרה,לג:,פירוש,לא,
156,חנוך הנער,כן,זבחים,ז.,פירוש,לא,
157,חנוך הנער,כן,זבחים,ז:,פירוש,לא,
158,חנוך הנער,כן,זבחים,יג.,פירוש,לא,
159,חנוך הנער,כן,זבחים,כח.,פירוש,לא,
160,חנוך הנער,כן,זבחים,מד:,פירוש,לא,
161,חנוך הנער,כן,זבחים,סג.,פירוש,לא,
162,חנוך הנער,כן,זבחים,פז.,פירוש,לא,
163,חנוך הנער,כן,זבחים,פח:,פירוש,לא,
164,חנוך הנער,כן,זבחים,צו:,פירוש,לא,
165,חנוך הנער,כן,זבחים,קיג:,פירוש,לא,
166,חנוך הנער,כן,זבחים,קטו:,פירוש,לא,
167,חנוך הנער,כן,זבחים,קיט:,פירוש,לא,
168,חנוך הנער,כן,מנחות,צג:,פירוש,לא,
169,חנוך הנער,כן,חולין,יד.,פירוש,לא,
10,מאור ישראל - טבעת המלך על הרמב״ם,כן,"משנה תורה, הלכות יסודי התורה",פרק ה,פירוש,לא,
11,מאור ישראל - טבעת המלך על הרמב״ם,כן,"משנה תורה, הלכות יסודי התורה",פרק ה,פירוש,לא,
12,מאור ישראל - טבעת המלך על הרמב״ם,כן,"משנה תורה, הלכות יסודי התורה",פרק ה,פירוש,לא,
13,מאור ישראל - טבעת המלך על הרמב״ם,כן,"משנה תורה, הלכות יסודי התורה",פרק ה,פירוש,לא,
14,מאור ישראל - טבעת המלך על הרמב״ם,כן,"משנה תורה, הלכות יסודי התורה",פרק ה,פירוש,לא,
15,מאור ישראל - טבעת המלך על הרמב״ם,כן,"משנה תורה, הלכות יסודי התורה",פרק ה,פירוש,לא,
16,מאור ישראל - טבעת המלך על הרמב״ם,כן,"משנה תורה, הלכות יסודי התורה",פרק ה,פירוש,לא,
17,מאור ישראל - טבעת המלך על הרמב״ם,כן,"משנה תורה, הלכות יסודי התורה",פרק ה,פירוש,לא,
19,מאור ישראל - טבעת המלך על הרמב״ם,כן,"משנה תורה, הלכות יסודי התורה",פרק ט,פירוש,לא,
20,מאור ישראל - טבעת המלך על הרמב״ם,כן,"משנה תורה, הלכות יסודי התורה",פרק ט,פירוש,לא,
21,מאור ישראל - טבעת המלך על הרמב״ם,כן,"משנה תורה, הלכות יסודי התורה",פרק ט,פירוש,לא,
22,מאור ישראל - טבעת המלך על הרמב״ם,כן,"משנה תורה, הלכות יסודי התורה",פרק ט,פירוש,לא,
23,מאור ישראל - טבעת המלך על הרמב״ם,כן,"משנה תורה, הלכות יסודי התורה",פרק ט,פירוש,לא,
24,מאור ישראל - טבעת המלך על הרמב״ם,כן,"משנה תורה, הלכות יסודי התורה",פרק ט,פירוש,לא,
27,מאור ישראל - טבעת המלך על הרמב״ם,כן,"משנה תורה, הלכות דעות",פרק ב,פירוש,לא,
29,מאור ישראל - טבעת המלך על הרמב״ם,כן,"משנה תורה, הלכות דעות",פרק ז,פירוש,לא,
32,מאור ישראל - טבעת המלך על הרמב״ם,כן,"משנה תורה, הלכות תלמוד תורה",פרק ג,פירוש,לא,
34,מאור ישראל - טבעת המלך על הרמב״ם,כן,"משנה תורה, הלכות תלמוד תורה",פרק ה,פירוש,לא,
36,מאור ישראל - טבעת המלך על הרמב״ם,כן,"משנה תורה, הלכות תלמוד תורה",פרק ו,פירוש,לא,
37,מאור ישראל - טבעת המלך על הרמב״ם,כן,"משנה תורה, הלכות תלמוד תורה",פרק ו,פירוש,לא,
38,מאור ישראל - טבעת המלך על הרמב״ם,כן,"משנה תורה, הלכות תלמוד תורה",פרק ו,פירוש,לא,
41,מאור ישראל - טבעת המלך על הרמב״ם,כן,"משנה תורה, הלכות עבודה זרה וחוקות הגויים",פרק י,פירוש,לא,
43,מאור ישראל - טבעת המלך על הרמב״ם,כן,"משנה תורה, הלכות עבודה זרה וחוקות הגויים",פרק יא,פירוש,לא,
44,מאור ישראל - טבעת המלך על הרמב״ם,כן,"משנה תורה, הלכות עבודה זרה וחוקות הגויים",פרק יא,פירוש,לא,
45,מאור ישראל - טבעת המלך על הרמב״ם,כן,"משנה תורה, הלכות עבודה זרה וחוקות הגויים",פרק יא,פירוש,לא,
47,מאור ישראל - טבעת המלך על הרמב״ם,כן,"משנה תורה, הלכות עבודה זרה וחוקות הגויים",פרק יב,פירוש,לא,
48,מאור ישראל - טבעת המלך על הרמב״ם,כן,"משנה תורה, הלכות עבודה זרה וחוקות הגויים",פרק יב,פירוש,לא,
51,מאור ישראל - טבעת המלך על הרמב״ם,כן,"משנה תורה, הלכות תשובה",פרק א,פירוש,לא,
52,מאור ישראל - טבעת המלך על הרמב״ם,כן,"משנה תורה, הלכות תשובה",פרק א,פירוש,לא,
53,מאור ישראל - טבעת המלך על הרמב״ם,כן,"משנה תורה, הלכות תשובה",פרק א,פירוש,לא,
54,מאור ישראל - טבעת המלך על הרמב״ם,כן,"משנה תורה, הלכות תשובה",פרק א,פירוש,לא,
55,מאור ישראל - טבעת המלך על הרמב״ם,כן,"משנה תורה, הלכות תשובה",פרק א,פירוש,לא,
56,מאור ישראל - טבעת המלך על הרמב״ם,כן,"משנה תורה, הלכות תשובה",פרק א,פירוש,לא,
57,מאור ישראל - טבעת המלך על הרמב״ם,כן,"משנה תורה, הלכות תשובה",פרק א,פירוש,לא,
59,מאור ישראל - טבעת המלך על הרמב״ם,כן,"משנה תורה, הלכות תשובה",פרק ב,פירוש,לא,
61,מאור ישראל - טבעת המלך על הרמב״ם,כן,"משנה תורה, הלכות תשובה",פרק ז,פירוש,לא,
62,מאור ישראל - טבעת המלך על הרמב״ם,כן,"משנה תורה, הלכות תשובה",פרק ז,פירוש,לא,
63,מאור ישראל - טבעת המלך על הרמב״ם,כן,"משנה תורה, הלכות תשובה",פרק ז,פירוש,לא,
64,מאור ישראל - טבעת המלך על הרמב״ם,כן,"משנה תורה, הלכות תשובה",פרק ז,פירוש,לא,
66,מאור ישראל - טבעת המלך על הרמב״ם,כן,"משנה תורה, הלכות תשובה",פרק י,פירוש,לא,
67,מאור ישראל - טבעת המלך על הרמב״ם,כן,"משנה תורה, הלכות תשובה",פרק י,פירוש,לא,
68,מאור ישראל - טבעת המלך על הרמב״ם,כן,"משנה תורה, הלכות תשובה",פרק י,פירוש,לא,
69,מאור ישראל - טבעת המלך על הרמב״ם,כן,"משנה תורה, הלכות תשובה",פרק י,פירוש,לא,
72,מאור ישראל - טבעת המלך על הרמב״ם,כן,"משנה תורה, הלכות קריאת שמע",פרק א,פירוש,לא,
73,מאור ישראל - טבעת המלך על הרמב״ם,כן,"משנה תורה, הלכות קריאת שמע",פרק א,פירוש,לא,
74,מאור ישראל - טבעת המלך על הרמב״ם,כן,"משנה תורה, הלכות קריאת שמע",פרק א,פירוש,לא,
75,מאור ישראל - טבעת המלך על הרמב״ם,כן,"משנה תורה, הלכות קריאת שמע",פרק א,פירוש,לא,
77,מאור ישראל - טבעת המלך על הרמב״ם,כן,"משנה תורה, הלכות קריאת שמע",פרק ב,פירוש,לא,
78,מאור ישראל - טבעת המלך על הרמב״ם,כן,"משנה תורה, הלכות קריאת שמע",פרק ב,פירוש,לא,
79,מאור ישראל - טבעת המלך על הרמב״ם,כן,"משנה תורה, הלכות קריאת שמע",פרק ב,פירוש,לא,
80,מאור ישראל - טבעת המלך על הרמב״ם,כן,"משנה תורה, הלכות קריאת שמע",פרק ב,פירוש,לא,
81,מאור ישראל - טבעת המלך על הרמב״ם,כן,"משנה תורה, הלכות קריאת שמע",פרק ב,פירוש,לא,
83,מאור ישראל - טבעת המלך על הרמב״ם,כן,"משנה תורה, הלכות קריאת שמע",פרק ג,פירוש,לא,
86,מאור ישראל - טבעת המלך על הרמב״ם,כן,"משנה תורה, הלכות תפילה וברכת כהנים",פרק א,פירוש,לא,
87,מאור ישראל - טבעת המלך על הרמב״ם,כן,"משנה תורה, הלכות תפילה וברכת כהנים",פרק א,פירוש,לא,
88,מאור ישראל - טבעת המלך על הרמב״ם,כן,"משנה תורה, הלכות תפילה וברכת כהנים",פרק א,פירוש,לא,
89,מאור ישראל - טבעת המלך על הרמב״ם,כן,"משנה תורה, הלכות תפילה וברכת כהנים",פרק א,פירוש,לא,
90,מאור ישראל - טבעת המלך על הרמב״ם,כן,"משנה תורה, הלכות תפילה וברכת כהנים",פרק א,פירוש,לא,
92,מאור ישראל - טבעת המלך על הרמב״ם,כן,"משנה תורה, הלכות תפילה וברכת כהנים",פרק ב,פירוש,לא,
94,מאור ישראל - טבעת המלך על הרמב״ם,כן,"משנה תורה, הלכות תפילה וברכת כהנים",פרק ד,פירוש,לא,
96,מאור ישראל - טבעת המלך על הרמב״ם,כן,"משנה תורה, הלכות תפילה וברכת כהנים",פרק ז,פירוש,לא,
97,מאור ישראל - טבעת המלך על הרמב״ם,כן,"משנה תורה, הלכות תפילה וברכת כהנים",פרק ז,פירוש,לא,
98,מאור ישראל - טבעת המלך על הרמב״ם,כן,"משנה תורה, הלכות תפילה וברכת כהנים",פרק ז,פירוש,לא,
99,מאור ישראל - טבעת המלך על הרמב״ם,כן,"משנה תורה, הלכות תפילה וברכת כהנים",פרק ז,פירוש,לא,
101,מאור ישראל - טבעת המלך על הרמב״ם,כן,"משנה תורה, הלכות תפילה וברכת כהנים",פרק ח,פירוש,לא,
103,מאור ישראל - טבעת המלך על הרמב״ם,כן,"משנה תורה, הלכות תפילה וברכת כהנים",פרק ט,פירוש,לא,
105,מאור ישראל - טבעת המלך על הרמב״ם,כן,"משנה תורה, הלכות תפילה וברכת כהנים",פרק י,פירוש,לא,
107,מאור ישראל - טבעת המלך על הרמב״ם,כן,"משנה תורה, הלכות תפילה וברכת כהנים",פרק יא,פירוש,לא,
108,מאור ישראל - טבעת המלך על הרמב״ם,כן,"משנה תורה, הלכות תפילה וברכת כהנים",פרק יא,פירוש,לא,
109,מאור ישראל - טבעת המלך על הרמב״ם,כן,"משנה תורה, הלכות תפילה וברכת כהנים",פרק יא,פירוש,לא,
110,מאור ישראל - טבעת המלך על הרמב״ם,כן,"משנה תורה, הלכות תפילה וברכת כהנים",פרק יא,פירוש,לא,
111,מאור ישראל - טבעת המלך על הרמב״ם,כן,"משנה תורה, הלכות תפילה וברכת כהנים",פרק יא,פירוש,לא,
112,מאור ישראל - טבעת המלך על הרמב״ם,כן,"משנה תורה, הלכות תפילה וברכת כהנים",פרק יא,פירוש,לא,
113,מאור ישראל - טבעת המלך על הרמב״ם,כן,"משנה תורה, הלכות תפילה וברכת כהנים",פרק יא,פירוש,לא,
114,מאור ישראל - טבעת המלך על הרמב״ם,כן,"משנה תורה, הלכות תפילה וברכת כהנים",פרק יא,פירוש,לא,
116,מאור ישראל - טבעת המלך על הרמב״ם,כן,"משנה תורה, הלכות תפילה וברכת כהנים",פרק יב,פירוש,לא,
118,מאור ישראל - טבעת המלך על הרמב״ם,כן,"משנה תורה, הלכות תפילה וברכת כהנים",פרק יג,פירוש,לא,
120,מאור ישראל - טבעת המלך על הרמב״ם,כן,"משנה תורה, הלכות תפילה וברכת כהנים",פרק טו,פירוש,לא,
121,מאור ישראל - טבעת המלך על הרמב״ם,כן,"משנה תורה, הלכות תפילה וברכת כהנים",פרק טו,פירוש,לא,
124,מאור ישראל - טבעת המלך על הרמב״ם,כן,"משנה תורה, הלכות תפילין ומזוזה וספר תורה",פרק א,פירוש,לא,
125,מאור ישראל - טבעת המלך על הרמב״ם,כן,"משנה תורה, הלכות תפילין ומזוזה וספר תורה",פרק א,פירוש,לא,
126,מאור ישראל - טבעת המלך על הרמב״ם,כן,"משנה תורה, הלכות תפילין ומזוזה וספר תורה",פרק א,פירוש,לא,
127,מאור ישראל - טבעת המלך על הרמב״ם,כן,"משנה תורה, הלכות תפילין ומזוזה וספר תורה",פרק א,פירוש,לא,
128,מאור ישראל - טבעת המלך על הרמב״ם,כן,"משנה תורה, הלכות תפילין ומזוזה וספר תורה",פרק א,פירוש,לא,
129,מאור ישראל - טבעת המלך על הרמב״ם,כן,"משנה תורה, הלכות תפילין ומזוזה וספר תורה",פרק א,פירוש,לא,
130,מאור ישראל - טבעת המלך על הרמב״ם,כן,"משנה תורה, הלכות תפילין ומזוזה וספר תורה",פרק א,פירוש,לא,
131,מאור ישראל - טבעת המלך על הרמב״ם,כן,"משנה תורה, הלכות תפילין ומזוזה וספר תורה",פרק א,פירוש,לא,
133,מאור ישראל - טבעת המלך על הרמב״ם,כן,"משנה תורה, הלכות תפילין ומזוזה וספר תורה",פרק ג,פירוש,לא,
134,מאור ישראל - טבעת המלך על הרמב״ם,כן,"משנה תורה, הלכות תפילין ומזוזה וספר תורה",פרק ג,פירוש,לא,
137,מאור ישראל - טבעת המלך על הרמב״ם,כן,"משנה תורה, הלכות תפילין ומזוזה וספר תורה",פרק ז,פירוש,לא,
138,מאור ישראל - טבעת המלך על הרמב״ם,כן,"משנה תורה, הלכות תפילין ומזוזה וספר תורה",פרק ז,פירוש,לא,
139,מאור ישראל - טבעת המלך על הרמב״ם,כן,"משנה תורה, הלכות תפילין ומזוזה וספר תורה",פרק ז,פירוש,לא,
142,מאור ישראל - טבעת המלך על הרמב״ם,כן,"משנה תורה, הלכות ציצית",פרק א,פירוש,לא,
144,מאור ישראל - טבעת המלך על הרמב״ם,כן,"משנה תורה, הלכות ציצית",פרק ג,פירוש,לא,
147,מאור ישראל - טבעת המלך על הרמב״ם,כן,"משנה תורה, הלכות ברכות",פרק ב,פירוש,לא,
148,מאור ישראל - טבעת המלך על הרמב״ם,כן,"משנה תורה, הלכות ברכות",פרק ב,פירוש,לא,
149,מאור ישראל - טבעת המלך על הרמב״ם,כן,"משנה תורה, הלכות ברכות",פרק ב,פירוש,לא,
150,מאור ישראל - טבעת המלך על הרמב״ם,כן,"משנה תורה, הלכות ברכות",פרק ב,פירוש,לא,
151,מאור ישראל - טבעת המלך על הרמב״ם,כן,"משנה תורה, הלכות ברכות",פרק ב,פירוש,לא,
152,מאור ישראל - טבעת המלך על הרמב״ם,כן,"משנה תורה, הלכות ברכות",פרק ב,פירוש,לא,
153,מאור ישראל - טבעת המלך על הרמב״ם,כן,"משנה תורה, הלכות ברכות",פרק ב,פירוש,לא,
155,מאור ישראל - טבעת המלך על הרמב״ם,כן,"משנה תורה, הלכות ברכות",פרק ג,פירוש,לא,
156,מאור ישראל - טבעת המלך על הרמב״ם,כן,"משנה תורה, הלכות ברכות",פרק ג,פירוש,לא,
157,מאור ישראל - טבעת המלך על הרמב״ם,כן,"משנה תורה, הלכות ברכות",פרק ג,פירוש,לא,
158,מאור ישראל - טבעת המלך על הרמב״ם,כן,"משנה תורה, הלכות ברכות",פרק ג,פירוש,לא,
159,מאור ישראל - טבעת המלך על הרמב״ם,כן,"משנה תורה, הלכות ברכות",פרק ג,פירוש,לא,
161,מאור ישראל - טבעת המלך על הרמב״ם,כן,"משנה תורה, הלכות ברכות",פרק ד,פירוש,לא,
162,מאור ישראל - טבעת המלך על הרמב״ם,כן,"משנה תורה, הלכות ברכות",פרק ד,פירוש,לא,
164,מאור ישראל - טבעת המלך על הרמב״ם,כן,"משנה תורה, הלכות ברכות",פרק ה,פירוש,לא,
165,מאור ישראל - טבעת המלך על הרמב״ם,כן,"משנה תורה, הלכות ברכות",פרק ה,פירוש,לא,
167,מאור ישראל - טבעת המלך על הרמב״ם,כן,"משנה תורה, הלכות ברכות",פרק ח,פירוש,לא,
168,מאור ישראל - טבעת המלך על הרמב״ם,כן,"משנה תורה, הלכות ברכות",פרק ח,פירוש,לא,
169,מאור ישראל - טבעת המלך על הרמב״ם,כן,"משנה תורה, הלכות ברכות",פרק ח,פירוש,לא,
171,מאור ישראל - טבעת המלך על הרמב״ם,כן,"משנה תורה, הלכות ברכות",פרק ט,פירוש,לא,
173,מאור ישראל - טבעת המלך על הרמב״ם,כן,"משנה תורה, הלכות ברכות",פרק י,פירוש,לא,
174,מאור ישראל - טבעת המלך על הרמב״ם,כן,"משנה תורה, הלכות ברכות",פרק י,פירוש,לא,
175,מאור ישראל - טבעת המלך על הרמב״ם,כן,"משנה תורה, הלכות ברכות",פרק י,פירוש,לא,
176,מאור ישראל - טבעת המלך על הרמב״ם,כן,"משנה תורה, הלכות ברכות",פרק י,פירוש,לא,
177,מאור ישראל - טבעת המלך על הרמב״ם,כן,"משנה תורה, הלכות ברכות",פרק י,פירוש,לא,
178,מאור ישראל - טבעת המלך על הרמב״ם,כן,"משנה תורה, הלכות ברכות",פרק י,פירוש,לא,
179,מאור ישראל - טבעת המלך על הרמב״ם,כן,"משנה תורה, הלכות ברכות",פרק י,פירוש,לא,
181,מאור ישראל - טבעת המלך על הרמב״ם,כן,"משנה תורה, הלכות ברכות",פרק יא,פירוש,לא,
182,מאור ישראל - טבעת המלך על הרמב״ם,כן,"משנה תורה, הלכות ברכות",פרק יא,פירוש,לא,
183,מאור ישראל - טבעת המלך על הרמב״ם,כן,"משנה תורה, הלכות ברכות",פרק יא,פירוש,לא,
184,מאור ישראל - טבעת המלך על הרמב״ם,כן,"משנה תורה, הלכות ברכות",פרק יא,פירוש,לא,
187,מאור ישראל - טבעת המלך על הרמב״ם,כן,"משנה תורה, הלכות מילה",פרק ב,פירוש,לא,
188,מאור ישראל - טבעת המלך על הרמב״ם,כן,"משנה תורה, הלכות מילה",פרק ב,פירוש,לא,
191,מאור ישראל - טבעת המלך על הרמב״ם,כן,"משנה תורה, הלכות שבת",פרק א,פירוש,לא,
192,מאור ישראל - טבעת המלך על הרמב״ם,כן,"משנה תורה, הלכות שבת",פרק א,פירוש,לא,
193,מאור ישראל - טבעת המלך על הרמב״ם,כן,"משנה תורה, הלכות שבת",פרק א,פירוש,לא,
194,מאור ישראל - טבעת המלך על הרמב״ם,כן,"משנה תורה, הלכות שבת",פרק א,פירוש,לא,
195,מאור ישראל - טבעת המלך על הרמב״ם,כן,"משנה תורה, הלכות שבת",פרק א,פירוש,לא,
196,מאור ישראל - טבעת המלך על הרמב״ם,כן,"משנה תורה, הלכות שבת",פרק א,פירוש,לא,
197,מאור ישראל - טבעת המלך על הרמב״ם,כן,"משנה תורה, הלכות שבת",פרק א,פירוש,לא,
198,מאור ישראל - טבעת המלך על הרמב״ם,כן,"משנה תורה, הלכות שבת",פרק א,פירוש,לא,
199,מאור ישראל - טבעת המלך על הרמב״ם,כן,"משנה תורה, הלכות שבת",פרק א,פירוש,לא,
200,מאור ישראל - טבעת המלך על הרמב״ם,כן,"משנה תורה, הלכות שבת",פרק א,פירוש,לא,
201,מאור ישראל - טבעת המלך על הרמב״ם,כן,"משנה תורה, הלכות שבת",פרק א,פירוש,לא,
202,מאור ישראל - טבעת המלך על הרמב״ם,כן,"משנה תורה, הלכות שבת",פרק א,פירוש,לא,
203,מאור ישראל - טבעת המלך על הרמב״ם,כן,"משנה תורה, הלכות שבת",פרק א,פירוש,לא,
204,מאור ישראל - טבעת המלך על הרמב״ם,כן,"משנה תורה, הלכות שבת",פרק א,פירוש,לא,
205,מאור ישראל - טבעת המלך על הרמב״ם,כן,"משנה תורה, הלכות שבת",פרק א,פירוש,לא,
207,מאור ישראל - טבעת המלך על הרמב״ם,כן,"משנה תורה, הלכות שבת",פרק ב,פירוש,לא,
208,מאור ישראל - טבעת המלך על הרמב״ם,כן,"משנה תורה, הלכות שבת",פרק ב,פירוש,לא,
209,מאור ישראל - טבעת המלך על הרמב״ם,כן,"משנה תורה, הלכות שבת",פרק ב,פירוש,לא,
210,מאור ישראל - טבעת המלך על הרמב״ם,כן,"משנה תורה, הלכות שבת",פרק ב,פירוש,לא,
211,מאור ישראל - טבעת המלך על הרמב״ם,כן,"משנה תורה, הלכות שבת",פרק ב,פירוש,לא,
212,מאור ישראל - טבעת המלך על הרמב״ם,כן,"משנה תורה, הלכות שבת",פרק ב,פירוש,לא,
213,מאור ישראל - טבעת המלך על הרמב״ם,כן,"משנה תורה, הלכות שבת",פרק ב,פירוש,לא,
215,מאור ישראל - טבעת המלך על הרמב״ם,כן,"משנה תורה, הלכות שבת",פרק ג,פירוש,לא,
216,מאור ישראל - טבעת המלך על הרמב״ם,כן,"משנה תורה, הלכות שבת",פרק ג,פירוש,לא,
218,מאור ישראל - טבעת המלך על הרמב״ם,כן,"משנה תורה, הלכות שבת",פרק ה,פירוש,לא,
219,מאור ישראל - טבעת המלך על הרמב״ם,כן,"משנה תורה, הלכות שבת",פרק ה,פירוש,לא,
220,מאור ישראל - טבעת המלך על הרמב״ם,כן,"משנה תורה, הלכות שבת",פרק ה,פירוש,לא,
221,מאור ישראל - טבעת המלך על הרמב״ם,כן,"משנה תורה, הלכות שבת",פרק ה,פירוש,לא,
222,מאור ישראל - טבעת המלך על הרמב״ם,כן,"משנה תורה, הלכות שבת",פרק ה,פירוש,לא,
223,מאור ישראל - טבעת המלך על הרמב״ם,כן,"משנה תורה, הלכות שבת",פרק ה,פירוש,לא,
224,מאור ישראל - טבעת המלך על הרמב״ם,כן,"משנה תורה, הלכות שבת",פרק ה,פירוש,לא,
225,מאור ישראל - טבעת המלך על הרמב״ם,כן,"משנה תורה, הלכות שבת",פרק ה,פירוש,לא,
226,מאור ישראל - טבעת המלך על הרמב״ם,כן,"משנה תורה, הלכות שבת",פרק ה,פירוש,לא,
227,מאור ישראל - טבעת המלך על הרמב״ם,כן,"משנה תורה, הלכות שבת",פרק ה,פירוש,לא,
228,מאור ישראל - טבעת המלך על הרמב״ם,כן,"משנה תורה, הלכות שבת",פרק ה,פירוש,לא,
229,מאור ישראל - טבעת המלך על הרמב״ם,כן,"משנה תורה, הלכות שבת",פרק ה,פירוש,לא,
230,מאור ישראל - טבעת המלך על הרמב״ם,כן,"משנה תורה, הלכות שבת",פרק ה,פירוש,לא,
231,מאור ישראל - טבעת המלך על הרמב״ם,כן,"משנה תורה, הלכות שבת",פרק ה,פירוש,לא,
232,מאור ישראל - טבעת המלך על הרמב״ם,כן,"משנה תורה, הלכות שבת",פרק ה,פירוש,לא,
234,מאור ישראל - טבעת המלך על הרמב״ם,כן,"משנה תורה, הלכות שבת",פרק ו,פירוש,לא,
235,מאור ישראל - טבעת המלך על הרמב״ם,כן,"משנה תורה, הלכות שבת",פרק ו,פירוש,לא,
236,מאור ישראל - טבעת המלך על הרמב״ם,כן,"משנה תורה, הלכות שבת",פרק ו,פירוש,לא,
237,מאור ישראל - טבעת המלך על הרמב״ם,כן,"משנה תורה, הלכות שבת",פרק ו,פירוש,לא,
238,מאור ישראל - טבעת המלך על הרמב״ם,כן,"משנה תורה, הלכות שבת",פרק ו,פירוש,לא,
239,מאור ישראל - טבעת המלך על הרמב״ם,כן,"משנה תורה, הלכות שבת",פרק ו,פירוש,לא,
241,מאור ישראל - טבעת המלך על הרמב״ם,כן,"משנה תורה, הלכות שבת",פרק ו,פירוש,לא,
242,מאור ישראל - טבעת המלך על הרמב״ם,כן,"משנה תורה, הלכות שבת",פרק ו,פירוש,לא,
243,מאור ישראל - טבעת המלך על הרמב״ם,כן,"משנה תורה, הלכות שבת",פרק ו,פירוש,לא,
245,מאור ישראל - טבעת המלך על הרמב״ם,כן,"משנה תורה, הלכות שבת",פרק ו,פירוש,לא,
247,מאור ישראל - טבעת המלך על הרמב״ם,כן,"משנה תורה, הלכות שבת",פרק ו,פירוש,לא,
248,מאור ישראל - טבעת המלך על הרמב״ם,כן,"משנה תורה, הלכות שבת",פרק ו,פירוש,לא,
250,מאור ישראל - טבעת המלך על הרמב״ם,כן,"משנה תורה, הלכות שבת",פרק ו,פירוש,לא,
252,מאור ישראל - טבעת המלך על הרמב״ם,כן,"משנה תורה, הלכות שבת",פרק ו,פירוש,לא,
253,מאור ישראל - טבעת המלך על הרמב״ם,כן,"משנה תורה, הלכות שבת",פרק ו,פירוש,לא,
255,מאור ישראל - טבעת המלך על הרמב״ם,כן,"משנה תורה, הלכות שבת",פרק ו,פירוש,לא,
256,מאור ישראל - טבעת המלך על הרמב״ם,כן,"משנה תורה, הלכות שבת",פרק ו,פירוש,לא,
257,מאור ישראל - טבעת המלך על הרמב״ם,כן,"משנה תורה, הלכות שבת",פרק ו,פירוש,לא,
259,מאור ישראל - טבעת המלך על הרמב״ם,כן,"משנה תורה, הלכות שבת",פרק ז,פירוש,לא,
260,מאור ישראל - טבעת המלך על הרמב״ם,כן,"משנה תורה, הלכות שבת",פרק ז,פירוש,לא,
261,מאור ישראל - טבעת המלך על הרמב״ם,כן,"משנה תורה, הלכות שבת",פרק ז,פירוש,לא,
262,מאור ישראל - טבעת המלך על הרמב״ם,כן,"משנה תורה, הלכות שבת",פרק ז,פירוש,לא,
263,מאור ישראל - טבעת המלך על הרמב״ם,כן,"משנה תורה, הלכות שבת",פרק ז,פירוש,לא,
264,מאור ישראל - טבעת המלך על הרמב״ם,כן,"משנה תורה, הלכות שבת",פרק ז,פירוש,לא,
266,מאור ישראל - טבעת המלך על הרמב״ם,כן,"משנה תורה, הלכות שבת",פרק ח,פירוש,לא,
267,מאור ישראל - טבעת המלך על הרמב״ם,כן,"משנה תורה, הלכות שבת",פרק ח,פירוש,לא,
268,מאור ישראל - טבעת המלך על הרמב״ם,כן,"משנה תורה, הלכות שבת",פרק ח,פירוש,לא,
269,מאור ישראל - טבעת המלך על הרמב״ם,כן,"משנה תורה, הלכות שבת",פרק ח,פירוש,לא,
270,מאור ישראל - טבעת המלך על הרמב״ם,כן,"משנה תורה, הלכות שבת",פרק ח,פירוש,לא,
271,מאור ישראל - טבעת המלך על הרמב״ם,כן,"משנה תורה, הלכות שבת",פרק ח,פירוש,לא,
272,מאור ישראל - טבעת המלך על הרמב״ם,כן,"משנה תורה, הלכות שבת",פרק ח,פירוש,לא,
273,מאור ישראל - טבעת המלך על הרמב״ם,כן,"משנה תורה, הלכות שבת",פרק ח,פירוש,לא,
274,מאור ישראל - טבעת המלך על הרמב״ם,כן,"משנה תורה, הלכות שבת",פרק ח,פירוש,לא,
276,מאור ישראל - טבעת המלך על הרמב״ם,כן,"משנה תורה, הלכות שבת",פרק ט,פירוש,לא,
277,מאור ישראל - טבעת המלך על הרמב״ם,כן,"משנה תורה, הלכות שבת",פרק ט,פירוש,לא,
278,מאור ישראל - טבעת המלך על הרמב״ם,כן,"משנה תורה, הלכות שבת",פרק ט,פירוש,לא,
279,מאור ישראל - טבעת המלך על הרמב״ם,כן,"משנה תורה, הלכות שבת",פרק ט,פירוש,לא,
280,מאור ישראל - טבעת המלך על הרמב״ם,כן,"משנה תורה, הלכות שבת",פרק ט,פירוש,לא,
281,מאור ישראל - טבעת המלך על הרמב״ם,כן,"משנה תורה, הלכות שבת",פרק ט,פירוש,לא,
283,מאור ישראל - טבעת המלך על הרמב״ם,כן,"משנה תורה, הלכות שבת",פרק ט,פירוש,לא,
284,מאור ישראל - טבעת המלך על הרמב״ם,כן,"משנה תורה, הלכות שבת",פרק ט,פירוש,לא,
285,מאור ישראל - טבעת המלך על הרמב״ם,כן,"משנה תורה, הלכות שבת",פרק ט,פירוש,לא,
286,מאור ישראל - טבעת המלך על הרמב״ם,כן,"משנה תורה, הלכות שבת",פרק ט,פירוש,לא,
287,מאור ישראל - טבעת המלך על הרמב״ם,כן,"משנה תורה, הלכות שבת",פרק ט,פירוש,לא,
288,מאור ישראל - טבעת המלך על הרמב״ם,כן,"משנה תורה, הלכות שבת",פרק ט,פירוש,לא,
290,מאור ישראל - טבעת המלך על הרמב״ם,כן,"משנה תורה, הלכות שבת",פרק י,פירוש,לא,
291,מאור ישראל - טבעת המלך על הרמב״ם,כן,"משנה תורה, הלכות שבת",פרק י,פירוש,לא,
292,מאור ישראל - טבעת המלך על הרמב״ם,כן,"משנה תורה, הלכות שבת",פרק י,פירוש,לא,
293,מאור ישראל - טבעת המלך על הרמב״ם,כן,"משנה תורה, הלכות שבת",פרק י,פירוש,לא,
295,מאור ישראל - טבעת המלך על הרמב״ם,כן,"משנה תורה, הלכות שבת",פרק יא,פירוש,לא,
296,מאור ישראל - טבעת המלך על הרמב״ם,כן,"משנה תורה, הלכות שבת",פרק יא,פירוש,לא,
297,מאור ישראל - טבעת המלך על הרמב״ם,כן,"משנה תורה, הלכות שבת",פרק יא,פירוש,לא,
298,מאור ישראל - טבעת המלך על הרמב״ם,כן,"משנה תורה, הלכות שבת",פרק יא,פירוש,לא,
300,מאור ישראל - טבעת המלך על הרמב״ם,כן,"משנה תורה, הלכות שבת",פרק יג,פירוש,לא,
301,מאור ישראל - טבעת המלך על הרמב״ם,כן,"משנה תורה, הלכות שבת",פרק יג,פירוש,לא,
302,מאור ישראל - טבעת המלך על הרמב״ם,כן,"משנה תורה, הלכות שבת",פרק יג,פירוש,לא,
304,מאור ישראל - טבעת המלך על הרמב״ם,כן,"משנה תורה, הלכות שבת",פרק יד,פירוש,לא,
305,מאור ישראל - טבעת המלך על הרמב״ם,כן,"משנה תורה, הלכות שבת",פרק יד,פירוש,לא,
306,מאור ישראל - טבעת המלך על הרמב״ם,כן,"משנה תורה, הלכות שבת",פרק יד,פירוש,לא,
308,מאור ישראל - טבעת המלך על הרמב״ם,כן,"משנה תורה, הלכות שבת",פרק יט,פירוש,לא,
310,מאור ישראל - טבעת המלך על הרמב״ם,כן,"משנה תורה, הלכות שבת",פרק כ,פירוש,לא,
311,מאור ישראל - טבעת המלך על הרמב״ם,כן,"משנה תורה, הלכות שבת",פרק כ,פירוש,לא,
313,מאור ישראל - טבעת המלך על הרמב״ם,כן,"משנה תורה, הלכות שבת",פרק כג,פירוש,לא,
314,מאור ישראל - טבעת המלך על הרמב״ם,כן,"משנה תורה, הלכות שבת",פרק כג,פירוש,לא,
316,מאור ישראל - טבעת המלך על הרמב״ם,כן,"משנה תורה, הלכות שבת",פרק כה,פירוש,לא,
317,מאור ישראל - טבעת המלך על הרמב״ם,כן,"משנה תורה, הלכות שבת",פרק כה,פירוש,לא,
319,מאור ישראל - טבעת המלך על הרמב״ם,כן,"משנה תורה, הלכות שבת",פרק כז,פירוש,לא,
320,מאור ישראל - טבעת המלך על הרמב״ם,כן,"משנה תורה, הלכות שבת",פרק כז,פירוש,לא,
321,מאור ישראל - טבעת המלך על הרמב״ם,כן,"משנה תורה, הלכות שבת",פרק כז,פירוש,לא,
322,מאור ישראל - טבעת המלך על הרמב״ם,כן,"משנה תורה, הלכות שבת",פרק כז,פירוש,לא,
323,מאור ישראל - טבעת המלך על הרמב״ם,כן,"משנה תורה, הלכות שבת",פרק כז,פירוש,לא,
325,מאור ישראל - טבעת המלך על הרמב״ם,כן,"משנה תורה, הלכות שבת",פרק כט,פירוש,לא,
326,מאור ישראל - טבעת המלך על הרמב״ם,כן,"משנה תורה, הלכות שבת",פרק כט,פירוש,לא,
328,מאור ישראל - טבעת המלך על הרמב״ם,כן,"משנה תורה, הלכות שבת",פרק כט,פירוש,לא,
329,מאור ישראל - טבעת המלך על הרמב״ם,כן,"משנה תורה, הלכות שבת",פרק כט,פירוש,לא,
330,מאור ישראל - טבעת המלך על הרמב״ם,כן,"משנה תורה, הלכות שבת",פרק כט,פירוש,לא,
331,מאור ישראל - טבעת המלך על הרמב״ם,כן,"משנה תורה, הלכות שבת",פרק כט,פירוש,לא,
332,מאור ישראל - טבעת המלך על הרמב״ם,כן,"משנה תורה, הלכות שבת",פרק כט,פירוש,לא,
333,מאור ישראל - טבעת המלך על הרמב״ם,כן,"משנה תורה, הלכות שבת",פרק כט,פירוש,לא,
334,מאור ישראל - טבעת המלך על הרמב״ם,כן,"משנה תורה, הלכות שבת",פרק כט,פירוש,לא,
335,מאור ישראל - טבעת המלך על הרמב״ם,כן,"משנה תורה, הלכות שבת",פרק כט,פירוש,לא,
336,מאור ישראל - טבעת המלך על הרמב״ם,כן,"משנה תורה, הלכות שבת",פרק כט,פירוש,לא,
338,מאור ישראל - טבעת המלך על הרמב״ם,כן,"משנה תורה, הלכות שבת",פרק ל,פירוש,לא,
339,מאור ישראל - טבעת המלך על הרמב״ם,כן,"משנה תורה, הלכות שבת",פרק ל,פירוש,לא,
342,מאור ישראל - טבעת המלך על הרמב״ם,כן,"משנה תורה, הלכות עירובין",פרק א,פירוש,לא,
344,מאור ישראל - טבעת המלך על הרמב״ם,כן,"משנה תורה, הלכות עירובין",פרק ו,פירוש,לא,
345,מאור ישראל - טבעת המלך על הרמב״ם,כן,"משנה תורה, הלכות עירובין",פרק ו,פירוש,לא,
348,מאור ישראל - טבעת המלך על הרמב״ם,כן,"משנה תורה, הלכות שביתת עשור",פרק א,פירוש,לא,
349,מאור ישראל - טבעת המלך על הרמב״ם,כן,"משנה תורה, הלכות שביתת עשור",פרק א,פירוש,לא,
350,מאור ישראל - טבעת המלך על הרמב״ם,כן,"משנה תורה, הלכות שביתת עשור",פרק א,פירוש,לא,
351,מאור ישראל - טבעת המלך על הרמב״ם,כן,"משנה תורה, הלכות שביתת עשור",פרק א,פירוש,לא,
352,מאור ישראל - טבעת המלך על הרמב״ם,כן,"משנה תורה, הלכות שביתת עשור",פרק א,פירוש,לא,
354,מאור ישראל - טבעת המלך על הרמב״ם,כן,"משנה תורה, הלכות שביתת עשור",פרק ג,פירוש,לא,
355,מאור ישראל - טבעת המלך על הרמב״ם,כן,"משנה תורה, הלכות שביתת עשור",פרק ג,פירוש,לא,
356,מאור ישראל - טבעת המלך על הרמב״ם,כן,"משנה תורה, הלכות שביתת עשור",פרק ג,פירוש,לא,
357,מאור ישראל - טבעת המלך על הרמב״ם,כן,"משנה תורה, הלכות שביתת עשור",פרק ג,פירוש,לא,
358,מאור ישראל - טבעת המלך על הרמב״ם,כן,"משנה תורה, הלכות שביתת עשור",פרק ג,פירוש,לא,
361,מאור ישראל - טבעת המלך על הרמב״ם,כן,"משנה תורה, הלכות שביתת יום טוב",פרק א,פירוש,לא,
362,מאור ישראל - טבעת המלך על הרמב״ם,כן,"משנה תורה, הלכות שביתת יום טוב",פרק א,פירוש,לא,
363,מאור ישראל - טבעת המלך על הרמב״ם,כן,"משנה תורה, הלכות שביתת יום טוב",פרק א,פירוש,לא,
364,מאור ישראל - טבעת המלך על הרמב״ם,כן,"משנה תורה, הלכות שביתת יום טוב",פרק א,פירוש,לא,
365,מאור ישראל - טבעת המלך על הרמב״ם,כן,"משנה תורה, הלכות שביתת יום טוב",פרק א,פירוש,לא,
366,מאור ישראל - טבעת המלך על הרמב״ם,כן,"משנה תורה, הלכות שביתת יום טוב",פרק א,פירוש,לא,
367,מאור ישראל - טבעת המלך על הרמב״ם,כן,"משנה תורה, הלכות שביתת יום טוב",פרק א,פירוש,לא,
369,מאור ישראל - טבעת המלך על הרמב״ם,כן,"משנה תורה, הלכות שביתת יום טוב",פרק ב,פירוש,לא,
370,מאור ישראל - טבעת המלך על הרמב״ם,כן,"משנה תורה, הלכות שביתת יום טוב",פרק ב,פירוש,לא,
371,מאור ישראל - טבעת המלך על הרמב״ם,כן,"משנה תורה, הלכות שביתת יום טוב",פרק ב,פירוש,לא,
373,מאור ישראל - טבעת המלך על הרמב״ם,כן,"משנה תורה, הלכות שביתת יום טוב",פרק ג,פירוש,לא,
374,מאור ישראל - טבעת המלך על הרמב״ם,כן,"משנה תורה, הלכות שביתת יום טוב",פרק ג,פירוש,לא,
375,מאור ישראל - טבעת המלך על הרמב״ם,כן,"משנה תורה, הלכות שביתת יום טוב",פרק ג,פירוש,לא,
376,מאור ישראל - טבעת המלך על הרמב״ם,כן,"משנה תורה, הלכות שביתת יום טוב",פרק ג,פירוש,לא,
378,מאור ישראל - טבעת המלך על הרמב״ם,כן,"משנה תורה, הלכות שביתת יום טוב",פרק ד,פירוש,לא,
379,מאור ישראל - טבעת המלך על הרמב״ם,כן,"משנה תורה, הלכות שביתת יום טוב",פרק ד,פירוש,לא,
380,מאור ישראל - טבעת המלך על הרמב״ם,כן,"משנה תורה, הלכות שביתת יום טוב",פרק ד,פירוש,לא,
381,מאור ישראל - טבעת המלך על הרמב״ם,כן,"משנה תורה, הלכות שביתת יום טוב",פרק ד,פירוש,לא,
382,מאור ישראל - טבעת המלך על הרמב״ם,כן,"משנה תורה, הלכות שביתת יום טוב",פרק ד,פירוש,לא,
383,מאור ישראל - טבעת המלך על הרמב״ם,כן,"משנה תורה, הלכות שביתת יום טוב",פרק ד,פירוש,לא,
384,מאור ישראל - טבעת המלך על הרמב״ם,כן,"משנה תורה, הלכות שביתת יום טוב",פרק ד,פירוש,לא,
385,מאור ישראל - טבעת המלך על הרמב״ם,כן,"משנה תורה, הלכות שביתת יום טוב",פרק ד,פירוש,לא,
387,מאור ישראל - טבעת המלך על הרמב״ם,כן,"משנה תורה, הלכות שביתת יום טוב",פרק ד,פירוש,לא,
389,מאור ישראל - טבעת המלך על הרמב״ם,כן,"משנה תורה, הלכות שביתת יום טוב",פרק ו,פירוש,לא,
390,מאור ישראל - טבעת המלך על הרמב״ם,כן,"משנה תורה, הלכות שביתת יום טוב",פרק ו,פירוש,לא,
391,מאור ישראל - טבעת המלך על הרמב״ם,כן,"משנה תורה, הלכות שביתת יום טוב",פרק ו,פירוש,לא,
392,מאור ישראל - טבעת המלך על הרמב״ם,כן,"משנה תורה, הלכות שביתת יום טוב",פרק ו,פירוש,לא,
393,מאור ישראל - טבעת המלך על הרמב״ם,כן,"משנה תורה, הלכות שביתת יום טוב",פרק ו,פירוש,לא,
394,מאור ישראל - טבעת המלך על הרמב״ם,כן,"משנה תורה, הלכות שביתת יום טוב",פרק ו,פירוש,לא,
395,מאור ישראל - טבעת המלך על הרמב״ם,כן,"משנה תורה, הלכות שביתת יום טוב",פרק ו,פירוש,לא,
396,מאור ישראל - טבעת המלך על הרמב״ם,כן,"משנה תורה, הלכות שביתת יום טוב",פרק ו,פירוש,לא,
397,מאור ישראל - טבעת המלך על הרמב״ם,כן,"משנה תורה, הלכות שביתת יום טוב",פרק ו,פירוש,לא,
399,מאור ישראל - טבעת המלך על הרמב״ם,כן,"משנה תורה, הלכות שביתת יום טוב",פרק ז,פירוש,לא,
400,מאור ישראל - טבעת המלך על הרמב״ם,כן,"משנה תורה, הלכות שביתת יום טוב",פרק ז,פירוש,לא,
401,מאור ישראל - טבעת המלך על הרמב״ם,כן,"משנה תורה, הלכות שביתת יום טוב",פרק ז,פירוש,לא,
402,מאור ישראל - טבעת המלך על הרמב״ם,כן,"משנה תורה, הלכות שביתת יום טוב",פרק ז,פירוש,לא,
403,מאור ישראל - טבעת המלך על הרמב״ם,כן,"משנה תורה, הלכות שביתת יום טוב",פרק ז,פירוש,לא,
404,מאור ישראל - טבעת המלך על הרמב״ם,כן,"משנה תורה, הלכות שביתת יום טוב",פרק ז,פירוש,לא,
405,מאור ישראל - טבעת המלך על הרמב״ם,כן,"משנה תורה, הלכות שביתת יום טוב",פרק ז,פירוש,לא,
406,מאור ישראל - טבעת המלך על הרמב״ם,כן,"משנה תורה, הלכות שביתת יום טוב",פרק ז,פירוש,לא,
407,מאור ישראל - טבעת המלך על הרמב״ם,כן,"משנה תורה, הלכות שביתת יום טוב",פרק ז,פירוש,לא,
408,מאור ישראל - טבעת המלך על הרמב״ם,כן,"משנה תורה, הלכות שביתת יום טוב",פרק ז,פירוש,לא,
409,מאור ישראל - טבעת המלך על הרמב״ם,כן,"משנה תורה, הלכות שביתת יום טוב",פרק ז,פירוש,לא,
410,מאור ישראל - טבעת המלך על הרמב״ם,כן,"משנה תורה, הלכות שביתת יום טוב",פרק ז,פירוש,לא,
411,מאור ישראל - טבעת המלך על הרמב״ם,כן,"משנה תורה, הלכות שביתת יום טוב",פרק ז,פירוש,לא,
414,מאור ישראל - טבעת המלך על הרמב״ם,כן,"משנה תורה, הלכות חמץ ומצה",פרק א,פירוש,לא,
415,מאור ישראל - טבעת המלך על הרמב״ם,כן,"משנה תורה, הלכות חמץ ומצה",פרק א,פירוש,לא,
416,מאור ישראל - טבעת המלך על הרמב״ם,כן,"משנה תורה, הלכות חמץ ומצה",פרק א,פירוש,לא,
418,מאור ישראל - טבעת המלך על הרמב״ם,כן,"משנה תורה, הלכות חמץ ומצה",פרק ב,פירוש,לא,
419,מאור ישראל - טבעת המלך על הרמב״ם,כן,"משנה תורה, הלכות חמץ ומצה",פרק ב,פירוש,לא,
420,מאור ישראל - טבעת המלך על הרמב״ם,כן,"משנה תורה, הלכות חמץ ומצה",פרק ב,פירוש,לא,
421,מאור ישראל - טבעת המלך על הרמב״ם,כן,"משנה תורה, הלכות חמץ ומצה",פרק ב,פירוש,לא,
422,מאור ישראל - טבעת המלך על הרמב״ם,כן,"משנה תורה, הלכות חמץ ומצה",פרק ב,פירוש,לא,
424,מאור ישראל - טבעת המלך על הרמב״ם,כן,"משנה תורה, הלכות חמץ ומצה",פרק ג,פירוש,לא,
426,מאור ישראל - טבעת המלך על הרמב״ם,כן,"משנה תורה, הלכות חמץ ומצה",פרק ה,פירוש,לא,
427,מאור ישראל - טבעת המלך על הרמב״ם,כן,"משנה תורה, הלכות חמץ ומצה",פרק ה,פירוש,לא,
428,מאור ישראל - טבעת המלך על הרמב״ם,כן,"משנה תורה, הלכות חמץ ומצה",פרק ה,פירוש,לא,
429,מאור ישראל - טבעת המלך על הרמב״ם,כן,"משנה תורה, הלכות חמץ ומצה",פרק ה,פירוש,לא,
430,מאור ישראל - טבעת המלך על הרמב״ם,כן,"משנה תורה, הלכות חמץ ומצה",פרק ה,פירוש,לא,
431,מאור ישראל - טבעת המלך על הרמב״ם,כן,"משנה תורה, הלכות חמץ ומצה",פרק ה,פירוש,לא,
432,מאור ישראל - טבעת המלך על הרמב״ם,כן,"משנה תורה, הלכות חמץ ומצה",פרק ה,פירוש,לא,
434,מאור ישראל - טבעת המלך על הרמב״ם,כן,"משנה תורה, הלכות חמץ ומצה",פרק ו,פירוש,לא,
435,מאור ישראל - טבעת המלך על הרמב״ם,כן,"משנה תורה, הלכות חמץ ומצה",פרק ו,פירוש,לא,
436,מאור ישראל - טבעת המלך על הרמב״ם,כן,"משנה תורה, הלכות חמץ ומצה",פרק ו,פירוש,לא,
437,מאור ישראל - טבעת המלך על הרמב״ם,כן,"משנה תורה, הלכות חמץ ומצה",פרק ו,פירוש,לא,
438,מאור ישראל - טבעת המלך על הרמב״ם,כן,"משנה תורה, הלכות חמץ ומצה",פרק ו,פירוש,לא,
439,מאור ישראל - טבעת המלך על הרמב״ם,כן,"משנה תורה, הלכות חמץ ומצה",פרק ו,פירוש,לא,
440,מאור ישראל - טבעת המלך על הרמב״ם,כן,"משנה תורה, הלכות חמץ ומצה",פרק ו,פירוש,לא,
441,מאור ישראל - טבעת המלך על הרמב״ם,כן,"משנה תורה, הלכות חמץ ומצה",פרק ו,פירוש,לא,
442,מאור ישראל - טבעת המלך על הרמב״ם,כן,"משנה תורה, הלכות חמץ ומצה",פרק ו,פירוש,לא,
443,מאור ישראל - טבעת המלך על הרמב״ם,כן,"משנה תורה, הלכות חמץ ומצה",פרק ו,פירוש,לא,
444,מאור ישראל - טבעת המלך על הרמב״ם,כן,"משנה תורה, הלכות חמץ ומצה",פרק ו,פירוש,לא,
445,מאור ישראל - טבעת המלך על הרמב״ם,כן,"משנה תורה, הלכות חמץ ומצה",פרק ו,פירוש,לא,
446,מאור ישראל - טבעת המלך על הרמב״ם,כן,"משנה תורה, הלכות חמץ ומצה",פרק ו,פירוש,לא,
447,מאור ישראל - טבעת המלך על הרמב״ם,כן,"משנה תורה, הלכות חמץ ומצה",פרק ו,פירוש,לא,
448,מאור ישראל - טבעת המלך על הרמב״ם,כן,"משנה תורה, הלכות חמץ ומצה",פרק ו,פירוש,לא,
449,מאור ישראל - טבעת המלך על הרמב״ם,כן,"משנה תורה, הלכות חמץ ומצה",פרק ו,פירוש,לא,
450,מאור ישראל - טבעת המלך על הרמב״ם,כן,"משנה תורה, הלכות חמץ ומצה",פרק ו,פירוש,לא,
452,מאור ישראל - טבעת המלך על הרמב״ם,כן,"משנה תורה, הלכות חמץ ומצה",פרק ז,פירוש,לא,
453,מאור ישראל - טבעת המלך על הרמב״ם,כן,"משנה תורה, הלכות חמץ ומצה",פרק ז,פירוש,לא,
454,מאור ישראל - טבעת המלך על הרמב״ם,כן,"משנה תורה, הלכות חמץ ומצה",פרק ז,פירוש,לא,
455,מאור ישראל - טבעת המלך על הרמב״ם,כן,"משנה תורה, הלכות חמץ ומצה",פרק ז,פירוש,לא,
456,מאור ישראל - טבעת המלך על הרמב״ם,כן,"משנה תורה, הלכות חמץ ומצה",פרק ז,פירוש,לא,
457,מאור ישראל - טבעת המלך על הרמב״ם,כן,"משנה תורה, הלכות חמץ ומצה",פרק ז,פירוש,לא,
458,מאור ישראל - טבעת המלך על הרמב״ם,כן,"משנה תורה, הלכות חמץ ומצה",פרק ז,פירוש,לא,
460,מאור ישראל - טבעת המלך על הרמב״ם,כן,"משנה תורה, הלכות חמץ ומצה",פרק ח,פירוש,לא,
461,מאור ישראל - טבעת המלך על הרמב״ם,כן,"משנה תורה, הלכות חמץ ומצה",פרק ח,פירוש,לא,
462,מאור ישראל - טבעת המלך על הרמב״ם,כן,"משנה תורה, הלכות חמץ ומצה",פרק ח,פירוש,לא,
465,מאור ישראל - טבעת המלך על הרמב״ם,כן,"משנה תורה, הלכות שופר וסוכה ולולב",פרק א,פירוש,לא,
466,מאור ישראל - טבעת המלך על הרמב״ם,כן,"משנה תורה, הלכות שופר וסוכה ולולב",פרק א,פירוש,לא,
467,מאור ישראל - טבעת המלך על הרמב״ם,כן,"משנה תורה, הלכות שופר וסוכה ולולב",פרק א,פירוש,לא,
468,מאור ישראל - טבעת המלך על הרמב״ם,כן,"משנה תורה, הלכות שופר וסוכה ולולב",פרק א,פירוש,לא,
469,מאור ישראל - טבעת המלך על הרמב״ם,כן,"משנה תורה, הלכות שופר וסוכה ולולב",פרק א,פירוש,לא,
470,מאור ישראל - טבעת המלך על הרמב״ם,כן,"משנה תורה, הלכות שופר וסוכה ולולב",פרק א,פירוש,לא,
471,מאור ישראל - טבעת המלך על הרמב״ם,כן,"משנה תורה, הלכות שופר וסוכה ולולב",פרק א,פירוש,לא,
473,מאור ישראל - טבעת המלך על הרמב״ם,כן,"משנה תורה, הלכות שופר וסוכה ולולב",פרק ב,פירוש,לא,
474,מאור ישראל - טבעת המלך על הרמב״ם,כן,"משנה תורה, הלכות שופר וסוכה ולולב",פרק ב,פירוש,לא,
475,מאור ישראל - טבעת המלך על הרמב״ם,כן,"משנה תורה, הלכות שופר וסוכה ולולב",פרק ב,פירוש,לא,
476,מאור ישראל - טבעת המלך על הרמב״ם,כן,"משנה תורה, הלכות שופר וסוכה ולולב",פרק ב,פירוש,לא,
477,מאור ישראל - טבעת המלך על הרמב״ם,כן,"משנה תורה, הלכות שופר וסוכה ולולב",פרק ב,פירוש,לא,
478,מאור ישראל - טבעת המלך על הרמב״ם,כן,"משנה תורה, הלכות שופר וסוכה ולולב",פרק ב,פירוש,לא,
479,מאור ישראל - טבעת המלך על הרמב״ם,כן,"משנה תורה, הלכות שופר וסוכה ולולב",פרק ב,פירוש,לא,
480,מאור ישראל - טבעת המלך על הרמב״ם,כן,"משנה תורה, הלכות שופר וסוכה ולולב",פרק ב,פירוש,לא,
481,מאור ישראל - טבעת המלך על הרמב״ם,כן,"משנה תורה, הלכות שופר וסוכה ולולב",פרק ב,פירוש,לא,
482,מאור ישראל - טבעת המלך על הרמב״ם,כן,"משנה תורה, הלכות שופר וסוכה ולולב",פרק ב,פירוש,לא,
483,מאור ישראל - טבעת המלך על הרמב״ם,כן,"משנה תורה, הלכות שופר וסוכה ולולב",פרק ב,פירוש,לא,
484,מאור ישראל - טבעת המלך על הרמב״ם,כן,"משנה תורה, הלכות שופר וסוכה ולולב",פרק ב,פירוש,לא,
485,מאור ישראל - טבעת המלך על הרמב״ם,כן,"משנה תורה, הלכות שופר וסוכה ולולב",פרק ב,פירוש,לא,
487,מאור ישראל - טבעת המלך על הרמב״ם,כן,"משנה תורה, הלכות שופר וסוכה ולולב",פרק ג,פירוש,לא,
488,מאור ישראל - טבעת המלך על הרמב״ם,כן,"משנה תורה, הלכות שופר וסוכה ולולב",פרק ג,פירוש,לא,
489,מאור ישראל - טבעת המלך על הרמב״ם,כן,"משנה תורה, הלכות שופר וסוכה ולולב",פרק ג,פירוש,לא,
492,מאור ישראל - טבעת המלך על הרמב״ם,כן,"משנה תורה, הלכות שופר וסוכה ולולב",פרק ד,פירוש,לא,
493,מאור ישראל - טבעת המלך על הרמב״ם,כן,"משנה תורה, הלכות שופר וסוכה ולולב",פרק ד,פירוש,לא,
494,מאור ישראל - טבעת המלך על הרמב״ם,כן,"משנה תורה, הלכות שופר וסוכה ולולב",פרק ד,פירוש,לא,
495,מאור ישראל - טבעת המלך על הרמב״ם,כן,"משנה תורה, הלכות שופר וסוכה ולולב",פרק ד,פירוש,לא,
496,מאור ישראל - טבעת המלך על הרמב״ם,כן,"משנה תורה, הלכות שופר וסוכה ולולב",פרק ד,פירוש,לא,
497,מאור ישראל - טבעת המלך על הרמב״ם,כן,"משנה תורה, הלכות שופר וסוכה ולולב",פרק ד,פירוש,לא,
498,מאור ישראל - טבעת המלך על הרמב״ם,כן,"משנה תורה, הלכות שופר וסוכה ולולב",פרק ד,פירוש,לא,
500,מאור ישראל - טבעת המלך על הרמב״ם,כן,"משנה תורה, הלכות שופר וסוכה ולולב",פרק ו,פירוש,לא,
501,מאור ישראל - טבעת המלך על הרמב״ם,כן,"משנה תורה, הלכות שופר וסוכה ולולב",פרק ו,פירוש,לא,
502,מאור ישראל - טבעת המלך על הרמב״ם,כן,"משנה תורה, הלכות שופר וסוכה ולולב",פרק ו,פירוש,לא,
505,מאור ישראל - טבעת המלך על הרמב״ם,כן,"משנה תורה, הלכות שופר וסוכה ולולב",פרק ז,פירוש,לא,
507,מאור ישראל - טבעת המלך על הרמב״ם,כן,"משנה תורה, הלכות שופר וסוכה ולולב",פרק ח,פירוש,לא,
508,מאור ישראל - טבעת המלך על הרמב״ם,כן,"משנה תורה, הלכות שופר וסוכה ולולב",פרק ח,פירוש,לא,
509,מאור ישראל - טבעת המלך על הרמב״ם,כן,"משנה תורה, הלכות שופר וסוכה ולולב",פרק ח,פירוש,לא,
510,מאור ישראל - טבעת המלך על הרמב״ם,כן,"משנה תורה, הלכות שופר וסוכה ולולב",פרק ח,פירוש,לא,
511,מאור ישראל - טבעת המלך על הרמב״ם,כן,"משנה תורה, הלכות שופר וסוכה ולולב",פרק ח,פירוש,לא,
512,מאור ישראל - טבעת המלך על הרמב״ם,כן,"משנה תורה, הלכות שופר וסוכה ולולב",פרק ח,פירוש,לא,
513,מאור ישראל - טבעת המלך על הרמב״ם,כן,"משנה תורה, הלכות שופר וסוכה ולולב",פרק ח,פירוש,לא,
516,מאור ישראל - טבעת המלך על הרמב״ם,כן,"משנה תורה, הלכות שקלים",פרק א,פירוש,לא,
517,מאור ישראל - טבעת המלך על הרמב״ם,כן,"משנה תורה, הלכות שקלים",פרק א,פירוש,לא,
519,מאור ישראל - טבעת המלך על הרמב״ם,כן,"משנה תורה, הלכות שקלים",פרק ב,פירוש,לא,
522,מאור ישראל - טבעת המלך על הרמב״ם,כן,"משנה תורה, הלכות קידוש החודש",פרק ב,פירוש,לא,
523,מאור ישראל - טבעת המלך על הרמב״ם,כן,"משנה תורה, הלכות קידוש החודש",פרק ב,פירוש,לא,
526,מאור ישראל - טבעת המלך על הרמב״ם,כן,"משנה תורה, הלכות תעניות",פרק א,פירוש,לא,
528,מאור ישראל - טבעת המלך על הרמב״ם,כן,"משנה תורה, הלכות תעניות",פרק ה,פירוש,לא,
529,מאור ישראל - טבעת המלך על הרמב״ם,כן,"משנה תורה, הלכות תעניות",פרק ה,פירוש,לא,
530,מאור ישראל - טבעת המלך על הרמב״ם,כן,"משנה תורה, הלכות תעניות",פרק ה,פירוש,לא,
531,מאור ישראל - טבעת המלך על הרמב״ם,כן,"משנה תורה, הלכות תעניות",פרק ה,פירוש,לא,
532,מאור ישראל - טבעת המלך על הרמב״ם,כן,"משנה תורה, הלכות תעניות",פרק ה,פירוש,לא,
533,מאור ישראל - טבעת המלך על הרמב״ם,כן,"משנה תורה, הלכות תעניות",פרק ה,פירוש,לא,
534,מאור ישראל - טבעת המלך על הרמב״ם,כן,"משנה תורה, הלכות תעניות",פרק ה,פירוש,לא,
535,מאור ישראל - טבעת המלך על הרמב״ם,כן,"משנה תורה, הלכות תעניות",פרק ה,פירוש,לא,
536,מאור ישראל - טבעת המלך על הרמב״ם,כן,"משנה תורה, הלכות תעניות",פרק ה,פירוש,לא,
537,מאור ישראל - טבעת המלך על הרמב״ם,כן,"משנה תורה, הלכות תעניות",פרק ה,פירוש,לא,
538,מאור ישראל - טבעת המלך על הרמב״ם,כן,"משנה תורה, הלכות תעניות",פרק ה,פירוש,לא,
541,מאור ישראל - טבעת המלך על הרמב״ם,כן,"משנה תורה, הלכות מגילה וחנוכה",פרק א,פירוש,לא,
542,מאור ישראל - טבעת המלך על הרמב״ם,כן,"משנה תורה, הלכות מגילה וחנוכה",פרק א,פירוש,לא,
543,מאור ישראל - טבעת המלך על הרמב״ם,כן,"משנה תורה, הלכות מגילה וחנוכה",פרק א,פירוש,לא,
544,מאור ישראל - טבעת המלך על הרמב״ם,כן,"משנה תורה, הלכות מגילה וחנוכה",פרק א,פירוש,לא,
545,מאור ישראל - טבעת המלך על הרמב״ם,כן,"משנה תורה, הלכות מגילה וחנוכה",פרק א,פירוש,לא,
546,מאור ישראל - טבעת המלך על הרמב״ם,כן,"משנה תורה, הלכות מגילה וחנוכה",פרק א,פירוש,לא,
547,מאור ישראל - טבעת המלך על הרמב״ם,כן,"משנה תורה, הלכות מגילה וחנוכה",פרק א,פירוש,לא,
548,מאור ישראל - טבעת המלך על הרמב״ם,כן,"משנה תורה, הלכות מגילה וחנוכה",פרק א,פירוש,לא,
549,מאור ישראל - טבעת המלך על הרמב״ם,כן,"משנה תורה, הלכות מגילה וחנוכה",פרק א,פירוש,לא,
550,מאור ישראל - טבעת המלך על הרמב״ם,כן,"משנה תורה, הלכות מגילה וחנוכה",פרק א,פירוש,לא,
551,מאור ישראל - טבעת המלך על הרמב״ם,כן,"משנה תורה, הלכות מגילה וחנוכה",פרק א,פירוש,לא,
552,מאור ישראל - טבעת המלך על הרמב״ם,כן,"משנה תורה, הלכות מגילה וחנוכה",פרק א,פירוש,לא,
553,מאור ישראל - טבעת המלך על הרמב״ם,כן,"משנה תורה, הלכות מגילה וחנוכה",פרק א,פירוש,לא,
554,מאור ישראל - טבעת המלך על הרמב״ם,כן,"משנה תורה, הלכות מגילה וחנוכה",פרק א,פירוש,לא,
555,מאור ישראל - טבעת המלך על הרמב״ם,כן,"משנה תורה, הלכות מגילה וחנוכה",פרק א,פירוש,לא,
557,מאור ישראל - טבעת המלך על הרמב״ם,כן,"משנה תורה, הלכות מגילה וחנוכה",פרק ב,פירוש,לא,
558,מאור ישראל - טבעת המלך על הרמב״ם,כן,"משנה תורה, הלכות מגילה וחנוכה",פרק ב,פירוש,לא,
559,מאור ישראל - טבעת המלך על הרמב״ם,כן,"משנה תורה, הלכות מגילה וחנוכה",פרק ב,פירוש,לא,
560,מאור ישראל - טבעת המלך על הרמב״ם,כן,"משנה תורה, הלכות מגילה וחנוכה",פרק ב,פירוש,לא,
561,מאור ישראל - טבעת המלך על הרמב״ם,כן,"משנה תורה, הלכות מגילה וחנוכה",פרק ב,פירוש,לא,
562,מאור ישראל - טבעת המלך על הרמב״ם,כן,"משנה תורה, הלכות מגילה וחנוכה",פרק ב,פירוש,לא,
563,מאור ישראל - טבעת המלך על הרמב״ם,כן,"משנה תורה, הלכות מגילה וחנוכה",פרק ב,פירוש,לא,
564,מאור ישראל - טבעת המלך על הרמב״ם,כן,"משנה תורה, הלכות מגילה וחנוכה",פרק ב,פירוש,לא,
565,מאור ישראל - טבעת המלך על הרמב״ם,כן,"משנה תורה, הלכות מגילה וחנוכה",פרק ב,פירוש,לא,
566,מאור ישראל - טבעת המלך על הרמב״ם,כן,"משנה תורה, הלכות מגילה וחנוכה",פרק ב,פירוש,לא,
567,מאור ישראל - טבעת המלך על הרמב״ם,כן,"משנה תורה, הלכות מגילה וחנוכה",פרק ב,פירוש,לא,
568,מאור ישראל - טבעת המלך על הרמב״ם,כן,"משנה תורה, הלכות מגילה וחנוכה",פרק ב,פירוש,לא,
569,מאור ישראל - טבעת המלך על הרמב״ם,כן,"משנה תורה, הלכות מגילה וחנוכה",פרק ב,פירוש,לא,
570,מאור ישראל - טבעת המלך על הרמב״ם,כן,"משנה תורה, הלכות מגילה וחנוכה",פרק ב,פירוש,לא,
571,מאור ישראל - טבעת המלך על הרמב״ם,כן,"משנה תורה, הלכות מגילה וחנוכה",פרק ב,פירוש,לא,
572,מאור ישראל - טבעת המלך על הרמב״ם,כן,"משנה תורה, הלכות מגילה וחנוכה",פרק ב,פירוש,לא,
573,מאור ישראל - טבעת המלך על הרמב״ם,כן,"משנה תורה, הלכות מגילה וחנוכה",פרק ב,פירוש,לא,
574,מאור ישראל - טבעת המלך על הרמב״ם,כן,"משנה תורה, הלכות מגילה וחנוכה",פרק ב,פירוש,לא,
575,מאור ישראל - טבעת המלך על הרמב״ם,כן,"משנה תורה, הלכות מגילה וחנוכה",פרק ב,פירוש,לא,
576,מאור ישראל - טבעת המלך על הרמב״ם,כן,"משנה תורה, הלכות מגילה וחנוכה",פרק ב,פירוש,לא,
577,מאור ישראל - טבעת המלך על הרמב״ם,כן,"משנה תורה, הלכות מגילה וחנוכה",פרק ב,פירוש,לא,
578,מאור ישראל - טבעת המלך על הרמב״ם,כן,"משנה תורה, הלכות מגילה וחנוכה",פרק ב,פירוש,לא,
581,מאור ישראל - טבעת המלך על הרמב״ם,כן,"משנה תורה, הלכות מגילה וחנוכה",פרק ג,פירוש,לא,
582,מאור ישראל - טבעת המלך על הרמב״ם,כן,"משנה תורה, הלכות מגילה וחנוכה",פרק ג,פירוש,לא,
583,מאור ישראל - טבעת המלך על הרמב״ם,כן,"משנה תורה, הלכות מגילה וחנוכה",פרק ג,פירוש,לא,
584,מאור ישראל - טבעת המלך על הרמב״ם,כן,"משנה תורה, הלכות מגילה וחנוכה",פרק ג,פירוש,לא,
585,מאור ישראל - טבעת המלך על הרמב״ם,כן,"משנה תורה, הלכות מגילה וחנוכה",פרק ג,פירוש,לא,
586,מאור ישראל - טבעת המלך על הרמב״ם,כן,"משנה תורה, הלכות מגילה וחנוכה",פרק ג,פירוש,לא,
587,מאור ישראל - טבעת המלך על הרמב״ם,כן,"משנה תורה, הלכות מגילה וחנוכה",פרק ג,פירוש,לא,
588,מאור ישראל - טבעת המלך על הרמב״ם,כן,"משנה תורה, הלכות מגילה וחנוכה",פרק ג,פירוש,לא,
589,מאור ישראל - טבעת המלך על הרמב״ם,כן,"משנה תורה, הלכות מגילה וחנוכה",פרק ג,פירוש,לא,
590,מאור ישראל - טבעת המלך על הרמב״ם,כן,"משנה תורה, הלכות מגילה וחנוכה",פרק ג,פירוש,לא,
592,מאור ישראל - טבעת המלך על הרמב״ם,כן,"משנה תורה, הלכות מגילה וחנוכה",פרק ד,פירוש,לא,
593,מאור ישראל - טבעת המלך על הרמב״ם,כן,"משנה תורה, הלכות מגילה וחנוכה",פרק ד,פירוש,לא,
594,מאור ישראל - טבעת המלך על הרמב״ם,כן,"משנה תורה, הלכות מגילה וחנוכה",פרק ד,פירוש,לא,
595,מאור ישראל - טבעת המלך על הרמב״ם,כן,"משנה תורה, הלכות מגילה וחנוכה",פרק ד,פירוש,לא,
596,מאור ישראל - טבעת המלך על הרמב״ם,כן,"משנה תורה, הלכות מגילה וחנוכה",פרק ד,פירוש,לא,
597,מאור ישראל - טבעת המלך על הרמב״ם,כן,"משנה תורה, הלכות מגילה וחנוכה",פרק ד,פירוש,לא,
598,מאור ישראל - טבעת המלך על הרמב״ם,כן,"משנה תורה, הלכות מגילה וחנוכה",פרק ד,פירוש,לא,
599,מאור ישראל - טבעת המלך על הרמב״ם,כן,"משנה תורה, הלכות מגילה וחנוכה",פרק ד,פירוש,לא,
600,מאור ישראל - טבעת המלך על הרמב״ם,כן,"משנה תורה, הלכות מגילה וחנוכה",פרק ד,פירוש,לא,
601,מאור ישראל - טבעת המלך על הרמב״ם,כן,"משנה תורה, הלכות מגילה וחנוכה",פרק ד,פירוש,לא,
602,מאור ישראל - טבעת המלך על הרמב״ם,כן,"משנה תורה, הלכות מגילה וחנוכה",פרק ד,פירוש,לא,
603,מאור ישראל - טבעת המלך על הרמב״ם,כן,"משנה תורה, הלכות מגילה וחנוכה",פרק ד,פירוש,לא,
604,מאור ישראל - טבעת המלך על הרמב״ם,כן,"משנה תורה, הלכות מגילה וחנוכה",פרק ד,פירוש,לא,
605,מאור ישראל - טבעת המלך על הרמב״ם,כן,"משנה תורה, הלכות מגילה וחנוכה",פרק ד,פירוש,לא,
606,מאור ישראל - טבעת המלך על הרמב״ם,כן,"משנה תורה, הלכות מגילה וחנוכה",פרק ד,פירוש,לא,
607,מאור ישראל - טבעת המלך על הרמב״ם,כן,"משנה תורה, הלכות מגילה וחנוכה",פרק ד,פירוש,לא,
610,מאור ישראל - טבעת המלך על הרמב״ם,כן,"משנה תורה, הלכות מאכלות אסורות",פרק ג,פירוש,לא,
611,מאור ישראל - טבעת המלך על הרמב״ם,כן,"משנה תורה, הלכות מאכלות אסורות",פרק ג,פירוש,לא,
612,מאור ישראל - טבעת המלך על הרמב״ם,כן,"משנה תורה, הלכות מאכלות אסורות",פרק ג,פירוש,לא,
613,מאור ישראל - טבעת המלך על הרמב״ם,כן,"משנה תורה, הלכות מאכלות אסורות",פרק ג,פירוש,לא,
615,מאור ישראל - טבעת המלך על הרמב״ם,כן,"משנה תורה, הלכות מאכלות אסורות",פרק ו,פירוש,לא,
616,מאור ישראל - טבעת המלך על הרמב״ם,כן,"משנה תורה, הלכות מאכלות אסורות",פרק ו,פירוש,לא,
617,מאור ישראל - טבעת המלך על הרמב״ם,כן,"משנה תורה, הלכות מאכלות אסורות",פרק ו,פירוש,לא,
618,מאור ישראל - טבעת המלך על הרמב״ם,כן,"משנה תורה, הלכות מאכלות אסורות",פרק ו,פירוש,לא,
619,מאור ישראל - טבעת המלך על הרמב״ם,כן,"משנה תורה, הלכות מאכלות אסורות",פרק ו,פירוש,לא,
620,מאור ישראל - טבעת המלך על הרמב״ם,כן,"משנה תורה, הלכות מאכלות אסורות",פרק ו,פירוש,לא,
621,מאור ישראל - טבעת המלך על הרמב״ם,כן,"משנה תורה, הלכות מאכלות אסורות",פרק ו,פירוש,לא,
622,מאור ישראל - טבעת המלך על הרמב״ם,כן,"משנה תורה, הלכות מאכלות אסורות",פרק ו,פירוש,לא,
624,מאור ישראל - טבעת המלך על הרמב״ם,כן,"משנה תורה, הלכות מאכלות אסורות",פרק ט,פירוש,לא,
625,מאור ישראל - טבעת המלך על הרמב״ם,כן,"משנה תורה, הלכות מאכלות אסורות",פרק ט,פירוש,לא,
626,מאור ישראל - טבעת המלך על הרמב״ם,כן,"משנה תורה, הלכות מאכלות אסורות",פרק ט,פירוש,לא,
627,מאור ישראל - טבעת המלך על הרמב״ם,כן,"משנה תורה, הלכות מאכלות אסורות",פרק ט,פירוש,לא,
628,מאור ישראל - טבעת המלך על הרמב״ם,כן,"משנה תורה, הלכות מאכלות אסורות",פרק ט,פירוש,לא,
629,מאור ישראל - טבעת המלך על הרמב״ם,כן,"משנה תורה, הלכות מאכלות אסורות",פרק ט,פירוש,לא,
630,מאור ישראל - טבעת המלך על הרמב״ם,כן,"משנה תורה, הלכות מאכלות אסורות",פרק ט,פירוש,לא,
632,מאור ישראל - טבעת המלך על הרמב״ם,כן,"משנה תורה, הלכות מאכלות אסורות",פרק יא,פירוש,לא,
633,מאור ישראל - טבעת המלך על הרמב״ם,כן,"משנה תורה, הלכות מאכלות אסורות",פרק יא,פירוש,לא,
635,מאור ישראל - טבעת המלך על הרמב״ם,כן,"משנה תורה, הלכות מאכלות אסורות",פרק יא,פירוש,לא,
636,מאור ישראל - טבעת המלך על הרמב״ם,כן,"משנה תורה, הלכות מאכלות אסורות",פרק יא,פירוש,לא,
637,מאור ישראל - טבעת המלך על הרמב״ם,כן,"משנה תורה, הלכות מאכלות אסורות",פרק יא,פירוש,לא,
638,מאור ישראל - טבעת המלך על הרמב״ם,כן,"משנה תורה, הלכות מאכלות אסורות",פרק יא,פירוש,לא,
639,מאור ישראל - טבעת המלך על הרמב״ם,כן,"משנה תורה, הלכות מאכלות אסורות",פרק יא,פירוש,לא,
640,מאור ישראל - טבעת המלך על הרמב״ם,כן,"משנה תורה, הלכות מאכלות אסורות",פרק יא,פירוש,לא,
641,מאור ישראל - טבעת המלך על הרמב״ם,כן,"משנה תורה, הלכות מאכלות אסורות",פרק יא,פירוש,לא,
642,מאור ישראל - טבעת המלך על הרמב״ם,כן,"משנה תורה, הלכות מאכלות אסורות",פרק יא,פירוש,לא,
644,מאור ישראל - טבעת המלך על הרמב״ם,כן,"משנה תורה, הלכות מאכלות אסורות",פרק טו,פירוש,לא,
645,מאור ישראל - טבעת המלך על הרמב״ם,כן,"משנה תורה, הלכות מאכלות אסורות",פרק טו,פירוש,לא,
647,מאור ישראל - טבעת המלך על הרמב״ם,כן,"משנה תורה, הלכות מאכלות אסורות",פרק יז,פירוש,לא,
648,מאור ישראל - טבעת המלך על הרמב״ם,כן,"משנה תורה, הלכות מאכלות אסורות",פרק יז,פירוש,לא,
31,שונה הלכות - הלכות חנוכה,כן,משנה ברורה,סימן תרעא,פירוש,לא,
33,שונה הלכות - הלכות חנוכה,כן,משנה ברורה,סימן תרעא,פירוש,לא,
35,שונה הלכות - הלכות חנוכה,כן,משנה ברורה,סימן תרעא,פירוש,לא,
37,שונה הלכות - הלכות חנוכה,כן,משנה ברורה,סימן תרעא,פירוש,לא,
39,שונה הלכות - הלכות חנוכה,כן,משנה ברורה,סימן תרעא,פירוש,לא,
40,שונה הלכות - הלכות חנוכה,כן,משנה ברורה,סימן תרעא,פירוש,לא,
41,שונה הלכות - הלכות חנוכה,כן,משנה ברורה,סימן תרעא,פירוש,לא,
43,שונה הלכות - הלכות חנוכה,כן,משנה ברורה,סימן תרעא,פירוש,לא,
45,שונה הלכות - הלכות חנוכה,כן,משנה ברורה,סימן תרעא,פירוש,לא,
47,שונה הלכות - הלכות חנוכה,כן,משנה ברורה,סימן תרעא,פירוש,לא,
49,שונה הלכות - הלכות חנוכה,כן,משנה ברורה,סימן תרעא,פירוש,לא,
51,שונה הלכות - הלכות חנוכה,כן,משנה ברורה,סימן תרעא,פירוש,לא,
53,שונה הלכות - הלכות חנוכה,כן,משנה ברורה,סימן תרעא,פירוש,לא,
55,שונה הלכות - הלכות חנוכה,כן,משנה ברורה,סימן תרעא,פירוש,לא,
57,שונה הלכות - הלכות חנוכה,כן,משנה ברורה,סימן תרעא,פירוש,לא,
59,שונה הלכות - הלכות חנוכה,כן,משנה ברורה,סימן תרעא,פירוש,לא,
61,שונה הלכות - הלכות חנוכה,כן,משנה ברורה,סימן תרעא,פירוש,לא,
63,שונה הלכות - הלכות חנוכה,כן,משנה ברורה,סימן תרעא,פירוש,לא,
65,שונה הלכות - הלכות חנוכה,כן,משנה ברורה,סימן תרעא,פירוש,לא,
67,שונה הלכות - הלכות חנוכה,כן,משנה ברורה,סימן תרעא,פירוש,לא,
69,שונה הלכות - הלכות חנוכה,כן,משנה ברורה,סימן תרעא,פירוש,לא,
71,שונה הלכות - הלכות חנוכה,כן,משנה ברורה,סימן תרעא,פירוש,לא,
73,שונה הלכות - הלכות חנוכה,כן,משנה ברורה,סימן תרעא,פירוש,לא,
75,שונה הלכות - הלכות חנוכה,כן,משנה ברורה,סימן תרעא,פירוש,לא,
77,שונה הלכות - הלכות חנוכה,כן,משנה ברורה,סימן תרעא,פירוש,לא,
79,שונה הלכות - הלכות חנוכה,כן,משנה ברורה,סימן תרעא,פירוש,לא,
81,שונה הלכות - הלכות חנוכה,כן,משנה ברורה,סימן תרעב,פירוש,לא,
83,שונה הלכות - הלכות חנוכה,כן,משנה ברורה,סימן תרעב,פירוש,לא,
85,שונה הלכות - הלכות חנוכה,כן,משנה ברורה,סימן תרעב,פירוש,לא,
87,שונה הלכות - הלכות חנוכה,כן,משנה ברורה,סימן תרעב,פירוש,לא,
89,שונה הלכות - הלכות חנוכה,כן,משנה ברורה,סימן תרעב,פירוש,לא,
90,שונה הלכות - הלכות חנוכה,כן,משנה ברורה,סימן תרעב,פירוש,לא,
91,שונה הלכות - הלכות חנוכה,כן,משנה ברורה,סימן תרעב,פירוש,לא,
93,שונה הלכות - הלכות חנוכה,כן,משנה ברורה,סימן תרעב,פירוש,לא,
95,שונה הלכות - הלכות חנוכה,כן,משנה ברורה,סימן תרעב,פירוש,לא,
97,שונה הלכות - הלכות חנוכה,כן,משנה ברורה,סימן תרעב,פירוש,לא,
99,שונה הלכות - הלכות חנוכה,כן,משנה ברורה,סימן תרעב,פירוש,לא,
101,שונה הלכות - הלכות חנוכה,כן,משנה ברורה,סימן תרעב,פירוש,לא,
103,שונה הלכות - הלכות חנוכה,כן,משנה ברורה,סימן תרעג,פירוש,לא,
105,שונה הלכות - הלכות חנוכה,כן,משנה ברורה,סימן תרעג,פירוש,לא,
107,שונה הלכות - הלכות חנוכה,כן,משנה ברורה,סימן תרעג,פירוש,לא,
109,שונה הלכות - הלכות חנוכה,כן,משנה ברורה,סימן תרעג,פירוש,לא,
111,שונה הלכות - הלכות חנוכה,כן,משנה ברורה,סימן תרעג,פירוש,לא,
112,שונה הלכות - הלכות חנוכה,כן,משנה ברורה,סימן תרעג,פירוש,לא,
113,שונה הלכות - הלכות חנוכה,כן,משנה ברורה,סימן תרעג,פירוש,לא,
114,שונה הלכות - הלכות חנוכה,כן,משנה ברורה,סימן תרעג,פירוש,לא,
115,שונה הלכות - הלכות חנוכה,כן,משנה ברורה,סימן תרעג,פירוש,לא,
116,שונה הלכות - הלכות חנוכה,כן,משנה ברורה,סימן תרעג,פירוש,לא,
117,שונה הלכות - הלכות חנוכה,כן,משנה ברורה,סימן תרעג,פירוש,לא,
118,שונה הלכות - הלכות חנוכה,כן,משנה ברורה,סימן תרעג,פירוש,לא,
119,שונה הלכות - הלכות חנוכה,כן,משנה ברורה,סימן תרעג,פירוש,לא,
120,שונה הלכות - הלכות חנוכה,כן,משנה ברורה,סימן תרעג,פירוש,לא,
121,שונה הלכות - הלכות חנוכה,כן,משנה ברורה,סימן תרעג,פירוש,לא,
123,שונה הלכות - הלכות חנוכה,כן,משנה ברורה,סימן תרעג,פירוש,לא,
125,שונה הלכות - הלכות חנוכה,כן,משנה ברורה,סימן תרעג,פירוש,לא,
127,שונה הלכות - הלכות חנוכה,כן,משנה ברורה,סימן תרעג,פירוש,לא,
129,שונה הלכות - הלכות חנוכה,כן,משנה ברורה,סימן תרעג,פירוש,לא,
130,שונה הלכות - הלכות חנוכה,כן,משנה ברורה,סימן תרעג,פירוש,לא,
131,שונה הלכות - הלכות חנוכה,כן,משנה ברורה,סימן תרעג,פירוש,לא,
133,שונה הלכות - הלכות חנוכה,כן,משנה ברורה,סימן תרעג,פירוש,לא,
134,שונה הלכות - הלכות חנוכה,כן,משנה ברורה,סימן תרעג,פירוש,לא,
135,שונה הלכות - הלכות חנוכה,כן,משנה ברורה,סימן תרעג,פירוש,לא,
137,שונה הלכות - הלכות חנוכה,כן,משנה ברורה,סימן תרעג,פירוש,לא,
139,שונה הלכות - הלכות חנוכה,כן,משנה ברורה,סימן תרעג,פירוש,לא,
141,שונה הלכות - הלכות חנוכה,כן,משנה ברורה,סימן תרעג,פירוש,לא,
143,שונה הלכות - הלכות חנוכה,כן,משנה ברורה,סימן תרעג,פירוש,לא,
145,שונה הלכות - הלכות חנוכה,כן,משנה ברורה,סימן תרעג,פירוש,לא,
147,שונה הלכות - הלכות חנוכה,כן,משנה ברורה,סימן תרעג,פירוש,לא,
149,שונה הלכות - הלכות חנוכה,כן,משנה ברורה,סימן תרעג,פירוש,לא,
151,שונה הלכות - הלכות חנוכה,כן,משנה ברורה,סימן תרעג,פירוש,לא,
152,שונה הלכות - הלכות חנוכה,כן,משנה ברורה,סימן תרעג,פירוש,לא,
153,שונה הלכות - הלכות חנוכה,כן,משנה ברורה,סימן תרעג,פירוש,לא,
155,שונה הלכות - הלכות חנוכה,כן,משנה ברורה,סימן תרעד,פירוש,לא,
157,שונה הלכות - הלכות חנוכה,כן,משנה ברורה,סימן תרעד,פירוש,לא,
159,שונה הלכות - הלכות חנוכה,כן,משנה ברורה,סימן תרעד,פירוש,לא,
161,שונה הלכות - הלכות חנוכה,כן,משנה ברורה,סימן תרעד,פירוש,לא,
162,שונה הלכות - הלכות חנוכה,כן,משנה ברורה,סימן תרעד,פירוש,לא,
163,שונה הלכות - הלכות חנוכה,כן,משנה ברורה,סימן תרעד,פירוש,לא,
164,שונה הלכות - הלכות חנוכה,כן,משנה ברורה,סימן תרעד,פירוש,לא,
165,שונה הלכות - הלכות חנוכה,כן,משנה ברורה,סימן תרעד,פירוש,לא,
167,שונה הלכות - הלכות חנוכה,כן,משנה ברורה,סימן תרעד,פירוש,לא,
169,שונה הלכות - הלכות חנוכה,כן,משנה ברורה,סימן תרעה,פירוש,לא,
171,שונה הלכות - הלכות חנוכה,כן,משנה ברורה,סימן תרעה,פירוש,לא,
173,שונה הלכות - הלכות חנוכה,כן,משנה ברורה,סימן תרעה,פירוש,לא,
175,שונה הלכות - הלכות חנוכה,כן,משנה ברורה,סימן תרעה,פירוש,לא,
177,שונה הלכות - הלכות חנוכה,כן,משנה ברורה,סימן תרעה,פירוש,לא,
179,שונה הלכות - הלכות חנוכה,כן,משנה ברורה,סימן תרעה,פירוש,לא,
181,שונה הלכות - הלכות חנוכה,כן,משנה ברורה,סימן תרעה,פירוש,לא,
183,שונה הלכות - הלכות חנוכה,כן,משנה ברורה,סימן תרעה,פירוש,לא,
185,שונה הלכות - הלכות חנוכה,כן,משנה ברורה,סימן תרעה,פירוש,לא,
187,שונה הלכות - הלכות חנוכה,כן,משנה ברורה,סימן תרעה,פירוש,לא,
189,שונה הלכות - הלכות חנוכה,כן,משנה ברורה,סימן תרעו,פירוש,לא,
191,שונה הלכות - הלכות חנוכה,כן,משנה ברורה,סימן תרעו,פירוש,לא,
193,שונה הלכות - הלכות חנוכה,כן,משנה ברורה,סימן תרעו,פירוש,לא,
195,שונה הלכות - הלכות חנוכה,כן,משנה ברורה,סימן תרעו,פירוש,לא,
197,שונה הלכות - הלכות חנוכה,כן,משנה ברורה,סימן תרעו,פירוש,לא,
198,שונה הלכות - הלכות חנוכה,כן,משנה ברורה,סימן תרעו,פירוש,לא,
199,שונה הלכות - הלכות חנוכה,כן,משנה ברורה,סימן תרעו,פירוש,לא,
201,שונה הלכות - הלכות חנוכה,כן,משנה ברורה,סימן תרעו,פירוש,לא,
203,שונה הלכות - הלכות חנוכה,כן,משנה ברורה,סימן תרעו,פירוש,לא,
204,שונה הלכות - הלכות חנוכה,כן,משנה ברורה,סימן תרעו,פירוש,לא,
205,שונה הלכות - הלכות חנוכה,כן,משנה ברורה,סימן תרעו,פירוש,לא,
207,שונה הלכות - הלכות חנוכה,כן,משנה ברורה,סימן תרעו,פירוש,לא,
208,שונה הלכות - הלכות חנוכה,כן,משנה ברורה,סימן תרעו,פירוש,לא,
209,שונה הלכות - הלכות חנוכה,כן,משנה ברורה,סימן תרעו,פירוש,לא,
210,שונה הלכות - הלכות חנוכה,כן,משנה ברורה,סימן תרעו,פירוש,לא,
211,שונה הלכות - הלכות חנוכה,כן,משנה ברורה,סימן תרעו,פירוש,לא,
213,שונה הלכות - הלכות חנוכה,כן,משנה ברורה,סימן תרעו,פירוש,לא,
214,שונה הלכות - הלכות חנוכה,כן,משנה ברורה,סימן תרעו,פירוש,לא,
215,שונה הלכות - הלכות חנוכה,כן,משנה ברורה,סימן תרעו,פירוש,לא,
216,שונה הלכות - הלכות חנוכה,כן,משנה ברורה,סימן תרעו,פירוש,לא,
217,שונה הלכות - הלכות חנוכה,כן,משנה ברורה,סימן תרעו,פירוש,לא,
219,שונה הלכות - הלכות חנוכה,כן,משנה ברורה,סימן תרעו,פירוש,לא,
221,שונה הלכות - הלכות חנוכה,כן,משנה ברורה,סימן תרעז,פירוש,לא,
223,שונה הלכות - הלכות חנוכה,כן,משנה ברורה,סימן תרעז,פירוש,לא,
225,שונה הלכות - הלכות חנוכה,כן,משנה ברורה,סימן תרעז,פירוש,לא,
227,שונה הלכות - הלכות חנוכה,כן,משנה ברורה,סימן תרעז,פירוש,לא,
229,שונה הלכות - הלכות חנוכה,כן,משנה ברורה,סימן תרעז,פירוש,לא,
231,שונה הלכות - הלכות חנוכה,כן,משנה ברורה,סימן תרעז,פירוש,לא,
233,שונה הלכות - הלכות חנוכה,כן,משנה ברורה,סימן תרעז,פירוש,לא,
235,שונה הלכות - הלכות חנוכה,כן,משנה ברורה,סימן תרעז,פירוש,לא,
237,שונה הלכות - הלכות חנוכה,כן,משנה ברורה,סימן תרעז,פירוש,לא,
239,שונה הלכות - הלכות חנוכה,כן,משנה ברורה,סימן תרעז,פירוש,לא,
241,שונה הלכות - הלכות חנוכה,כן,משנה ברורה,סימן תרעז,פירוש,לא,
243,שונה הלכות - הלכות חנוכה,כן,משנה ברורה,סימן תרעז,פירוש,לא,
245,שונה הלכות - הלכות חנוכה,כן,משנה ברורה,סימן תרעז,פירוש,לא,
247,שונה הלכות - הלכות חנוכה,כן,משנה ברורה,סימן תרעח,פירוש,לא,
249,שונה הלכות - הלכות חנוכה,כן,משנה ברורה,סימן תרעח,פירוש,לא,
251,שונה הלכות - הלכות חנוכה,כן,משנה ברורה,סימן תרעח,פירוש,לא,
253,שונה הלכות - הלכות חנוכה,כן,משנה ברורה,סימן תרעח,פירוש,לא,
255,שונה הלכות - הלכות חנוכה,כן,משנה ברורה,סימן תרעט,פירוש,לא,
257,שונה הלכות - הלכות חנוכה,כן,משנה ברורה,סימן תרעט,פירוש,לא,
258,שונה הלכות - הלכות חנוכה,כן,משנה ברורה,סימן תרעט,פירוש,לא,
259,שונה הלכות - הלכות חנוכה,כן,משנה ברורה,סימן תרעט,פירוש,לא,
261,שונה הלכות - הלכות חנוכה,כן,משנה ברורה,סימן תרעט,פירוש,לא,
263,שונה הלכות - הלכות חנוכה,כן,משנה ברורה,סימן תרפ,פירוש,לא,
265,שונה הלכות - הלכות חנוכה,כן,משנה ברורה,סימן תרפ,פירוש,לא,
267,שונה הלכות - הלכות חנוכה,כן,משנה ברורה,סימן תרפ,פירוש,לא,
269,שונה הלכות - הלכות חנוכה,כן,משנה ברורה,סימן תרפא,פירוש,לא,
271,שונה הלכות - הלכות חנוכה,כן,משנה ברורה,סימן תרפא,פירוש,לא,
273,שונה הלכות - הלכות חנוכה,כן,משנה ברורה,סימן תרפא,פירוש,לא,
275,שונה הלכות - הלכות חנוכה,כן,משנה ברורה,סימן תרפב,פירוש,לא,
277,שונה הלכות - הלכות חנוכה,כן,משנה ברורה,סימן תרפב,פירוש,לא,
279,שונה הלכות - הלכות חנוכה,כן,משנה ברורה,סימן תרפב,פירוש,לא,
281,שונה הלכות - הלכות חנוכה,כן,משנה ברורה,סימן תרפב,פירוש,לא,
283,שונה הלכות - הלכות חנוכה,כן,משנה ברורה,סימן תרפב,פירוש,לא,
285,שונה הלכות - הלכות חנוכה,כן,משנה ברורה,סימן תרפב,פירוש,לא,
287,שונה הלכות - הלכות חנוכה,כן,משנה ברורה,סימן תרפב,פירוש,לא,
289,שונה הלכות - הלכות חנוכה,כן,משנה ברורה,סימן תרפב,פירוש,לא,
291,שונה הלכות - הלכות חנוכה,כן,משנה ברורה,סימן תרפב,פירוש,לא,
293,שונה הלכות - הלכות חנוכה,כן,משנה ברורה,סימן תרפג,פירוש,לא,
295,שונה הלכות - הלכות חנוכה,כן,משנה ברורה,סימן תרפג,פירוש,לא,
297,שונה הלכות - הלכות חנוכה,כן,משנה ברורה,סימן תרפג,פירוש,לא,
299,שונה הלכות - הלכות חנוכה,כן,משנה ברורה,סימן תרפג,פירוש,לא,
301,שונה הלכות - הלכות חנוכה,כן,משנה ברורה,סימן תרפג,פירוש,לא,
303,שונה הלכות - הלכות חנוכה,כן,משנה ברורה,סימן תרפד,פירוש,לא,
305,שונה הלכות - הלכות חנוכה,כן,משנה ברורה,סימן תרפד,פירוש,לא,
307,שונה הלכות - הלכות חנוכה,כן,משנה ברורה,סימן תרפד,פירוש,לא,
309,שונה הלכות - הלכות חנוכה,כן,משנה ברורה,סימן תרפד,פירוש,לא,
311,שונה הלכות - הלכות חנוכה,כן,משנה ברורה,סימן תרפד,פירוש,לא,
312,שונה הלכות - הלכות חנוכה,כן,משנה ברורה,סימן תרפד,פירוש,לא,
313,שונה הלכות - הלכות חנוכה,כן,משנה ברורה,סימן תרפד,פירוש,לא,
315,שונה הלכות - הלכות חנוכה,כן,משנה ברורה,סימן תרפד,פירוש,לא,
317,שונה הלכות - הלכות חנוכה,כן,משנה ברורה,סימן תרפד,פירוש,לא,
319,שונה הלכות - הלכות חנוכה,כן,משנה ברורה,סימן תרפד,פירוש,לא,
320,שונה הלכות - הלכות חנוכה,כן,משנה ברורה,סימן תרפד,פירוש,לא,
321,שונה הלכות - הלכות חנוכה,כן,משנה ברורה,סימן תרפד,פירוש,לא,
322,שונה הלכות - הלכות חנוכה,כן,משנה ברורה,סימן תרפד,פירוש,לא,
323,שונה הלכות - הלכות חנוכה,כן,משנה ברורה,סימן תרפד,פירוש,לא,
325,שונה הלכות - הלכות חנוכה,כן,משנה ברורה,סימן תרפד,פירוש,לא,
327,שונה הלכות - הלכות חנוכה,כן,משנה ברורה,סימן תרפד,פירוש,לא,
329,שונה הלכות - הלכות חנוכה,כן,משנה ברורה,סימן תרפד,פירוש,לא,
331,שונה הלכות - הלכות חנוכה,כן,משנה ברורה,סימן תרפד,פירוש,לא,
333,שונה הלכות - הלכות חנוכה,כן,משנה ברורה,סימן תרפד,פירוש,לא,
335,שונה הלכות - הלכות חנוכה,כן,משנה ברורה,סימן תרפד,פירוש,לא,
337,שונה הלכות - הלכות חנוכה,כן,משנה ברורה,סימן תרפד,פירוש,לא,
338,שונה הלכות - הלכות חנוכה,כן,משנה ברורה,סימן תרפד,פירוש,לא,
3,שונה הלכות - הלכות פסח,כן,משנה ברורה,סימן תל,פירוש,לא,
5,שונה הלכות - הלכות פסח,כן,משנה ברורה,סימן תל,פירוש,לא,
7,שונה הלכות - הלכות פסח,כן,משנה ברורה,סימן תל,פירוש,לא,
9,שונה הלכות - הלכות פסח,כן,משנה ברורה,סימן תל,פירוש,לא,
10,שונה הלכות - הלכות פסח,כן,משנה ברורה,סימן תל,פירוש,לא,
12,שונה הלכות - הלכות פסח,כן,משנה ברורה,סימן תלא,פירוש,לא,
14,שונה הלכות - הלכות פסח,כן,משנה ברורה,סימן תלא,פירוש,לא,
16,שונה הלכות - הלכות פסח,כן,משנה ברורה,סימן תלא,פירוש,לא,
18,שונה הלכות - הלכות פסח,כן,משנה ברורה,סימן תלא,פירוש,לא,
20,שונה הלכות - הלכות פסח,כן,משנה ברורה,סימן תלא,פירוש,לא,
22,שונה הלכות - הלכות פסח,כן,משנה ברורה,סימן תלא,פירוש,לא,
24,שונה הלכות - הלכות פסח,כן,משנה ברורה,סימן תלא,פירוש,לא,
26,שונה הלכות - הלכות פסח,כן,משנה ברורה,סימן תלא,פירוש,לא,
28,שונה הלכות - הלכות פסח,כן,משנה ברורה,סימן תלא,פירוש,לא,
30,שונה הלכות - הלכות פסח,כן,משנה ברורה,סימן תלב,פירוש,לא,
32,שונה הלכות - הלכות פסח,כן,משנה ברורה,סימן תלב,פירוש,לא,
34,שונה הלכות - הלכות פסח,כן,משנה ברורה,סימן תלב,פירוש,לא,
36,שונה הלכות - הלכות פסח,כן,משנה ברורה,סימן תלב,פירוש,לא,
38,שונה הלכות - הלכות פסח,כן,משנה ברורה,סימן תלב,פירוש,לא,
40,שונה הלכות - הלכות פסח,כן,משנה ברורה,סימן תלב,פירוש,לא,
42,שונה הלכות - הלכות פסח,כן,משנה ברורה,סימן תלב,פירוש,לא,
44,שונה הלכות - הלכות פסח,כן,משנה ברורה,סימן תלב,פירוש,לא,
46,שונה הלכות - הלכות פסח,כן,משנה ברורה,סימן תלג,פירוש,לא,
48,שונה הלכות - הלכות פסח,כן,משנה ברורה,סימן תלג,פירוש,לא,
50,שונה הלכות - הלכות פסח,כן,משנה ברורה,סימן תלג,פירוש,לא,
52,שונה הלכות - הלכות פסח,כן,משנה ברורה,סימן תלג,פירוש,לא,
53,שונה הלכות - הלכות פסח,כן,משנה ברורה,סימן תלג,פירוש,לא,
54,שונה הלכות - הלכות פסח,כן,משנה ברורה,סימן תלג,פירוש,לא,
56,שונה הלכות - הלכות פסח,כן,משנה ברורה,סימן תלג,פירוש,לא,
58,שונה הלכות - הלכות פסח,כן,משנה ברורה,סימן תלג,פירוש,לא,
60,שונה הלכות - הלכות פסח,כן,משנה ברורה,סימן תלג,פירוש,לא,
61,שונה הלכות - הלכות פסח,כן,משנה ברורה,סימן תלג,פירוש,לא,
62,שונה הלכות - הלכות פסח,כן,משנה ברורה,סימן תלג,פירוש,לא,
64,שונה הלכות - הלכות פסח,כן,משנה ברורה,סימן תלג,פירוש,לא,
66,שונה הלכות - הלכות פסח,כן,משנה ברורה,סימן תלג,פירוש,לא,
68,שונה הלכות - הלכות פסח,כן,משנה ברורה,סימן תלג,פירוש,לא,
70,שונה הלכות - הלכות פסח,כן,משנה ברורה,סימן תלג,פירוש,לא,
72,שונה הלכות - הלכות פסח,כן,משנה ברורה,סימן תלג,פירוש,לא,
74,שונה הלכות - הלכות פסח,כן,משנה ברורה,סימן תלג,פירוש,לא,
76,שונה הלכות - הלכות פסח,כן,משנה ברורה,סימן תלג,פירוש,לא,
78,שונה הלכות - הלכות פסח,כן,משנה ברורה,סימן תלג,פירוש,לא,
80,שונה הלכות - הלכות פסח,כן,משנה ברורה,סימן תלג,פירוש,לא,
82,שונה הלכות - הלכות פסח,כן,משנה ברורה,סימן תלג,פירוש,לא,
84,שונה הלכות - הלכות פסח,כן,משנה ברורה,סימן תלג,פירוש,לא,
86,שונה הלכות - הלכות פסח,כן,משנה ברורה,סימן תלג,פירוש,לא,
88,שונה הלכות - הלכות פסח,כן,משנה ברורה,סימן תלג,פירוש,לא,
90,שונה הלכות - הלכות פסח,כן,משנה ברורה,סימן תלג,פירוש,לא,
92,שונה הלכות - הלכות פסח,כן,משנה ברורה,סימן תלג,פירוש,לא,
94,שונה הלכות - הלכות פסח,כן,משנה ברורה,סימן תלג,פירוש,לא,
96,שונה הלכות - הלכות פסח,כן,משנה ברורה,סימן תלג,פירוש,לא,
98,שונה הלכות - הלכות פסח,כן,משנה ברורה,סימן תלג,פירוש,לא,
100,שונה הלכות - הלכות פסח,כן,משנה ברורה,סימן תלד,פירוש,לא,
102,שונה הלכות - הלכות פסח,כן,משנה ברורה,סימן תלד,פירוש,לא,
104,שונה הלכות - הלכות פסח,כן,משנה ברורה,סימן תלד,פירוש,לא,
106,שונה הלכות - הלכות פסח,כן,משנה ברורה,סימן תלד,פירוש,לא,
108,שונה הלכות - הלכות פסח,כן,משנה ברורה,סימן תלד,פירוש,לא,
110,שונה הלכות - הלכות פסח,כן,משנה ברורה,סימן תלד,פירוש,לא,
112,שונה הלכות - הלכות פסח,כן,משנה ברורה,סימן תלד,פירוש,לא,
114,שונה הלכות - הלכות פסח,כן,משנה ברורה,סימן תלד,פירוש,לא,
116,שונה הלכות - הלכות פסח,כן,משנה ברורה,סימן תלד,פירוש,לא,
118,שונה הלכות - הלכות פסח,כן,משנה ברורה,סימן תלד,פירוש,לא,
120,שונה הלכות - הלכות פסח,כן,משנה ברורה,סימן תלד,פירוש,לא,
122,שונה הלכות - הלכות פסח,כן,משנה ברורה,סימן תלד,פירוש,לא,
124,שונה הלכות - הלכות פסח,כן,משנה ברורה,סימן תלד,פירוש,לא,
126,שונה הלכות - הלכות פסח,כן,משנה ברורה,סימן תלה,פירוש,לא,
128,שונה הלכות - הלכות פסח,כן,משנה ברורה,סימן תלה,פירוש,לא,
130,שונה הלכות - הלכות פסח,כן,משנה ברורה,סימן תלה,פירוש,לא,
132,שונה הלכות - הלכות פסח,כן,משנה ברורה,סימן תלה,פירוש,לא,
134,שונה הלכות - הלכות פסח,כן,משנה ברורה,סימן תלה,פירוש,לא,
136,שונה הלכות - הלכות פסח,כן,משנה ברורה,סימן תלה,פירוש,לא,
138,שונה הלכות - הלכות פסח,כן,משנה ברורה,סימן תלו,פירוש,לא,
140,שונה הלכות - הלכות פסח,כן,משנה ברורה,סימן תלו,פירוש,לא,
142,שונה הלכות - הלכות פסח,כן,משנה ברורה,סימן תלו,פירוש,לא,
144,שונה הלכות - הלכות פסח,כן,משנה ברורה,סימן תלו,פירוש,לא,
145,שונה הלכות - הלכות פסח,כן,משנה ברורה,סימן תלו,פירוש,לא,
146,שונה הלכות - הלכות פסח,כן,משנה ברורה,סימן תלו,פירוש,לא,
147,שונה הלכות - הלכות פסח,כן,משנה ברורה,סימן תלו,פירוש,לא,
148,שונה הלכות - הלכות פסח,כן,משנה ברורה,סימן תלו,פירוש,לא,
150,שונה הלכות - הלכות פסח,כן,משנה ברורה,סימן תלו,פירוש,לא,
151,שונה הלכות - הלכות פסח,כן,משנה ברורה,סימן תלו,פירוש,לא,
152,שונה הלכות - הלכות פסח,כן,משנה ברורה,סימן תלו,פירוש,לא,
154,שונה הלכות - הלכות פסח,כן,משנה ברורה,סימן תלו,פירוש,לא,
155,שונה הלכות - הלכות פסח,כן,משנה ברורה,סימן תלו,פירוש,לא,
156,שונה הלכות - הלכות פסח,כן,משנה ברורה,סימן תלו,פירוש,לא,
158,שונה הלכות - הלכות פסח,כן,משנה ברורה,סימן תלו,פירוש,לא,
160,שונה הלכות - הלכות פסח,כן,משנה ברורה,סימן תלו,פירוש,לא,
162,שונה הלכות - הלכות פסח,כן,משנה ברורה,סימן תלו,פירוש,לא,
164,שונה הלכות - הלכות פסח,כן,משנה ברורה,סימן תלו,פירוש,לא,
166,שונה הלכות - הלכות פסח,כן,משנה ברורה,סימן תלו,פירוש,לא,
168,שונה הלכות - הלכות פסח,כן,משנה ברורה,סימן תלו,פירוש,לא,
170,שונה הלכות - הלכות פסח,כן,משנה ברורה,סימן תלז,פירוש,לא,
172,שונה הלכות - הלכות פסח,כן,משנה ברורה,סימן תלז,פירוש,לא,
173,שונה הלכות - הלכות פסח,כן,משנה ברורה,סימן תלז,פירוש,לא,
174,שונה הלכות - הלכות פסח,כן,משנה ברורה,סימן תלז,פירוש,לא,
176,שונה הלכות - הלכות פסח,כן,משנה ברורה,סימן תלז,פירוש,לא,
178,שונה הלכות - הלכות פסח,כן,משנה ברורה,סימן תלז,פירוש,לא,
180,שונה הלכות - הלכות פסח,כן,משנה ברורה,סימן תלז,פירוש,לא,
181,שונה הלכות - הלכות פסח,כן,משנה ברורה,סימן תלז,פירוש,לא,
182,שונה הלכות - הלכות פסח,כן,משנה ברורה,סימן תלז,פירוש,לא,
184,שונה הלכות - הלכות פסח,כן,משנה ברורה,סימן תלז,פירוש,לא,
186,שונה הלכות - הלכות פסח,כן,משנה ברורה,סימן תלח,פירוש,לא,
188,שונה הלכות - הלכות פסח,כן,משנה ברורה,סימן תמד,פירוש,לא,
190,שונה הלכות - הלכות פסח,כן,משנה ברורה,סימן תמד,פירוש,לא,
192,שונה הלכות - הלכות פסח,כן,משנה ברורה,סימן תמד,פירוש,לא,
194,שונה הלכות - הלכות פסח,כן,משנה ברורה,סימן תמד,פירוש,לא,
196,שונה הלכות - הלכות פסח,כן,משנה ברורה,סימן תמד,פירוש,לא,
198,שונה הלכות - הלכות פסח,כן,משנה ברורה,סימן תמד,פירוש,לא,
200,שונה הלכות - הלכות פסח,כן,משנה ברורה,סימן תמד,פירוש,לא,
202,שונה הלכות - הלכות פסח,כן,משנה ברורה,סימן תמד,פירוש,לא,
204,שונה הלכות - הלכות פסח,כן,משנה ברורה,סימן תמד,פירוש,לא,
206,שונה הלכות - הלכות פסח,כן,משנה ברורה,סימן תמד,פירוש,לא,
208,שונה הלכות - הלכות פסח,כן,משנה ברורה,סימן תמד,פירוש,לא,
210,שונה הלכות - הלכות פסח,כן,משנה ברורה,סימן תמד,פירוש,לא,
212,שונה הלכות - הלכות פסח,כן,משנה ברורה,סימן תמד,פירוש,לא,
213,שונה הלכות - הלכות פסח,כן,משנה ברורה,סימן תמד,פירוש,לא,
215,שונה הלכות - הלכות פסח,כן,משנה ברורה,סימן תמה,פירוש,לא,
217,שונה הלכות - הלכות פסח,כן,משנה ברורה,סימן תמה,פירוש,לא,
219,שונה הלכות - הלכות פסח,כן,משנה ברורה,סימן תמה,פירוש,לא,
221,שונה הלכות - הלכות פסח,כן,משנה ברורה,סימן תמה,פירוש,לא,
223,שונה הלכות - הלכות פסח,כן,משנה ברורה,סימן תמה,פירוש,לא,
225,שונה הלכות - הלכות פסח,כן,משנה ברורה,סימן תמה,פירוש,לא,
227,שונה הלכות - הלכות פסח,כן,משנה ברורה,סימן תמה,פירוש,לא,
229,שונה הלכות - הלכות פסח,כן,משנה ברורה,סימן תמה,פירוש,לא,
231,שונה הלכות - הלכות פסח,כן,משנה ברורה,סימן תמה,פירוש,לא,
233,שונה הלכות - הלכות פסח,כן,משנה ברורה,סימן תמה,פירוש,לא,
235,שונה הלכות - הלכות פסח,כן,משנה ברורה,סימן תמה,פירוש,לא,
237,שונה הלכות - הלכות פסח,כן,משנה ברורה,סימן תמה,פירוש,לא,
239,שונה הלכות - הלכות פסח,כן,משנה ברורה,סימן תמו,פירוש,לא,
241,שונה הלכות - הלכות פסח,כן,משנה ברורה,סימן תמו,פירוש,לא,
243,שונה הלכות - הלכות פסח,כן,משנה ברורה,סימן תמו,פירוש,לא,
245,שונה הלכות - הלכות פסח,כן,משנה ברורה,סימן תמו,פירוש,לא,
247,שונה הלכות - הלכות פסח,כן,משנה ברורה,סימן תמו,פירוש,לא,
249,שונה הלכות - הלכות פסח,כן,משנה ברורה,סימן תמו,פירוש,לא,
251,שונה הלכות - הלכות פסח,כן,משנה ברורה,סימן תמו,פירוש,לא,
253,שונה הלכות - הלכות פסח,כן,משנה ברורה,סימן תמו,פירוש,לא,
255,שונה הלכות - הלכות פסח,כן,משנה ברורה,סימן תמו,פירוש,לא,
257,שונה הלכות - הלכות פסח,כן,משנה ברורה,סימן תמו,פירוש,לא,
259,שונה הלכות - הלכות פסח,כן,משנה ברורה,סימן תסח,פירוש,לא,
261,שונה הלכות - הלכות פסח,כן,משנה ברורה,סימן תסח,פירוש,לא,
263,שונה הלכות - הלכות פסח,כן,משנה ברורה,סימן תסח,פירוש,לא,
265,שונה הלכות - הלכות פסח,כן,משנה ברורה,סימן תסח,פירוש,לא,
267,שונה הלכות - הלכות פסח,כן,משנה ברורה,סימן תסח,פירוש,לא,
269,שונה הלכות - הלכות פסח,כן,משנה ברורה,סימן תסח,פירוש,לא,
271,שונה הלכות - הלכות פסח,כן,משנה ברורה,סימן תסח,פירוש,לא,
273,שונה הלכות - הלכות פסח,כן,משנה ברורה,סימן תסח,פירוש,לא,
275,שונה הלכות - הלכות פסח,כן,משנה ברורה,סימן תסח,פירוש,לא,
277,שונה הלכות - הלכות פסח,כן,משנה ברורה,סימן תסח,פירוש,לא,
279,שונה הלכות - הלכות פסח,כן,משנה ברורה,סימן תסח,פירוש,לא,
281,שונה הלכות - הלכות פסח,כן,משנה ברורה,סימן תסח,פירוש,לא,
287,שונה הלכות - הלכות פסח,כן,משנה ברורה,סימן תסט,פירוש,לא,
289,שונה הלכות - הלכות פסח,כן,משנה ברורה,סימן תסט,פירוש,לא,
291,שונה הלכות - הלכות פסח,כן,משנה ברורה,סימן תסט,פירוש,לא,
293,שונה הלכות - הלכות פסח,כן,משנה ברורה,סימן תע,פירוש,לא,
295,שונה הלכות - הלכות פסח,כן,משנה ברורה,סימן תע,פירוש,לא,
297,שונה הלכות - הלכות פסח,כן,משנה ברורה,סימן תע,פירוש,לא,
299,שונה הלכות - הלכות פסח,כן,משנה ברורה,סימן תע,פירוש,לא,
301,שונה הלכות - הלכות פסח,כן,משנה ברורה,סימן תע,פירוש,לא,
303,שונה הלכות - הלכות פסח,כן,משנה ברורה,סימן תע,פירוש,לא,
305,שונה הלכות - הלכות פסח,כן,משנה ברורה,סימן תע,פירוש,לא,
307,שונה הלכות - הלכות פסח,כן,משנה ברורה,סימן תע,פירוש,לא,
309,שונה הלכות - הלכות פסח,כן,משנה ברורה,סימן תעא,פירוש,לא,
311,שונה הלכות - הלכות פסח,כן,משנה ברורה,סימן תעא,פירוש,לא,
313,שונה הלכות - הלכות פסח,כן,משנה ברורה,סימן תעא,פירוש,לא,
315,שונה הלכות - הלכות פסח,כן,משנה ברורה,סימן תעא,פירוש,לא,
317,שונה הלכות - הלכות פסח,כן,משנה ברורה,סימן תעא,פירוש,לא,
319,שונה הלכות - הלכות פסח,כן,משנה ברורה,סימן תעא,פירוש,לא,
321,שונה הלכות - הלכות פסח,כן,משנה ברורה,סימן תעא,פירוש,לא,
323,שונה הלכות - הלכות פסח,כן,משנה ברורה,סימן תעא,פירוש,לא,
325,שונה הלכות - הלכות פסח,כן,משנה ברורה,סימן תעא,פירוש,לא,
327,שונה הלכות - הלכות פסח,כן,משנה ברורה,סימן תעא,פירוש,לא,
328,שונה הלכות - הלכות פסח,כן,משנה ברורה,סימן תעא,פירוש,לא,
330,שונה הלכות - הלכות פסח,כן,משנה ברורה,סימן תעב,פירוש,לא,
332,שונה הלכות - הלכות פסח,כן,משנה ברורה,סימן תעב,פירוש,לא,
334,שונה הלכות - הלכות פסח,כן,משנה ברורה,סימן תעב,פירוש,לא,
336,שונה הלכות - הלכות פסח,כן,משנה ברורה,סימן תעב,פירוש,לא,
337,שונה הלכות - הלכות פסח,כן,משנה ברורה,סימן תעב,פירוש,לא,
339,שונה הלכות - הלכות פסח,כן,משנה ברורה,סימן תעב,פירוש,לא,
341,שונה הלכות - הלכות פסח,כן,משנה ברורה,סימן תעב,פירוש,לא,
343,שונה הלכות - הלכות פסח,כן,משנה ברורה,סימן תעב,פירוש,לא,
345,שונה הלכות - הלכות פסח,כן,משנה ברורה,סימן תעב,פירוש,לא,
347,שונה הלכות - הלכות פסח,כן,משנה ברורה,סימן תעב,פירוש,לא,
349,שונה הלכות - הלכות פסח,כן,משנה ברורה,סימן תעב,פירוש,לא,
351,שונה הלכות - הלכות פסח,כן,משנה ברורה,סימן תעב,פירוש,לא,
353,שונה הלכות - הלכות פסח,כן,משנה ברורה,סימן תעב,פירוש,לא,
354,שונה הלכות - הלכות פסח,כן,משנה ברורה,סימן תעב,פירוש,לא,
355,שונה הלכות - הלכות פסח,כן,משנה ברורה,סימן תעב,פירוש,לא,
356,שונה הלכות - הלכות פסח,כן,משנה ברורה,סימן תעב,פירוש,לא,
357,שונה הלכות - הלכות פסח,כן,משנה ברורה,סימן תעב,פירוש,לא,
359,שונה הלכות - הלכות פסח,כן,משנה ברורה,סימן תעב,פירוש,לא,
361,שונה הלכות - הלכות פסח,כן,משנה ברורה,סימן תעב,פירוש,לא,
363,שונה הלכות - הלכות פסח,כן,משנה ברורה,סימן תעב,פירוש,לא,
365,שונה הלכות - הלכות פסח,כן,משנה ברורה,סימן תעב,פירוש,לא,
367,שונה הלכות - הלכות פסח,כן,משנה ברורה,סימן תעב,פירוש,לא,
369,שונה הלכות - הלכות פסח,כן,משנה ברורה,סימן תעב,פירוש,לא,
371,שונה הלכות - הלכות פסח,כן,משנה ברורה,סימן תעב,פירוש,לא,
372,שונה הלכות - הלכות פסח,כן,משנה ברורה,סימן תעב,פירוש,לא,
373,שונה הלכות - הלכות פסח,כן,משנה ברורה,סימן תעב,פירוש,לא,
375,שונה הלכות - הלכות פסח,כן,משנה ברורה,סימן תעב,פירוש,לא,
377,שונה הלכות - הלכות פסח,כן,משנה ברורה,סימן תעב,פירוש,לא,
379,שונה הלכות - הלכות פסח,כן,משנה ברורה,סימן תעב,פירוש,לא,
381,שונה הלכות - הלכות פסח,כן,משנה ברורה,סימן תעב,פירוש,לא,
383,שונה הלכות - הלכות פסח,כן,משנה ברורה,סימן תעב,פירוש,לא,
385,שונה הלכות - הלכות פסח,כן,משנה ברורה,סימן תעג,פירוש,לא,
387,שונה הלכות - הלכות פסח,כן,משנה ברורה,סימן תעג,פירוש,לא,
389,שונה הלכות - הלכות פסח,כן,משנה ברורה,סימן תעג,פירוש,לא,
391,שונה הלכות - הלכות פסח,כן,משנה ברורה,סימן תעג,פירוש,לא,
393,שונה הלכות - הלכות פסח,כן,משנה ברורה,סימן תעג,פירוש,לא,
395,שונה הלכות - הלכות פסח,כן,משנה ברורה,סימן תעג,פירוש,לא,
397,שונה הלכות - הלכות פסח,כן,משנה ברורה,סימן תעג,פירוש,לא,
399,שונה הלכות - הלכות פסח,כן,משנה ברורה,סימן תעג,פירוש,לא,
400,שונה הלכות - הלכות פסח,כן,משנה ברורה,סימן תעג,פירוש,לא,
401,שונה הלכות - הלכות פסח,כן,משנה ברורה,סימן תעג,פירוש,לא,
403,שונה הלכות - הלכות פסח,כן,משנה ברורה,סימן תעג,פירוש,לא,
405,שונה הלכות - הלכות פסח,כן,משנה ברורה,סימן תעג,פירוש,לא,
407,שונה הלכות - הלכות פסח,כן,משנה ברורה,סימן תעג,פירוש,לא,
409,שונה הלכות - הלכות פסח,כן,משנה ברורה,סימן תעג,פירוש,לא,
411,שונה הלכות - הלכות פסח,כן,משנה ברורה,סימן תעג,פירוש,לא,
413,שונה הלכות - הלכות פסח,כן,משנה ברורה,סימן תעג,פירוש,לא,
415,שונה הלכות - הלכות פסח,כן,משנה ברורה,סימן תעג,פירוש,לא,
416,שונה הלכות - הלכות פסח,כן,משנה ברורה,סימן תעג,פירוש,לא,
417,שונה הלכות - הלכות פסח,כן,משנה ברורה,סימן תעג,פירוש,לא,
419,שונה הלכות - הלכות פסח,כן,משנה ברורה,סימן תעג,פירוש,לא,
421,שונה הלכות - הלכות פסח,כן,משנה ברורה,סימן תעג,פירוש,לא,
423,שונה הלכות - הלכות פסח,כן,משנה ברורה,סימן תעג,פירוש,לא,
425,שונה הלכות - הלכות פסח,כן,משנה ברורה,סימן תעג,פירוש,לא,
427,שונה הלכות - הלכות פסח,כן,משנה ברורה,סימן תעג,פירוש,לא,
429,שונה הלכות - הלכות פסח,כן,משנה ברורה,סימן תעג,פירוש,לא,
431,שונה הלכות - הלכות פסח,כן,משנה ברורה,סימן תעג,פירוש,לא,
433,שונה הלכות - הלכות פסח,כן,משנה ברורה,סימן תעג,פירוש,לא,
435,שונה הלכות - הלכות פסח,כן,משנה ברורה,סימן תעג,פירוש,לא,
437,שונה הלכות - הלכות פסח,כן,משנה ברורה,סימן תעג,פירוש,לא,
439,שונה הלכות - הלכות פסח,כן,משנה ברורה,סימן תעג,פירוש,לא,
441,שונה הלכות - הלכות פסח,כן,משנה ברורה,סימן תעג,פירוש,לא,
443,שונה הלכות - הלכות פסח,כן,משנה ברורה,סימן תעג,פירוש,לא,
445,שונה הלכות - הלכות פסח,כן,משנה ברורה,סימן תעג,פירוש,לא,
447,שונה הלכות - הלכות פסח,כן,משנה ברורה,סימן תעג,פירוש,לא,
449,שונה הלכות - הלכות פסח,כן,משנה ברורה,סימן תעג,פירוש,לא,
451,שונה הלכות - הלכות פסח,כן,משנה ברורה,סימן תעג,פירוש,לא,
453,שונה הלכות - הלכות פסח,כן,משנה ברורה,סימן תעג,פירוש,לא,
455,שונה הלכות - הלכות פסח,כן,משנה ברורה,סימן תעג,פירוש,לא,
457,שונה הלכות - הלכות פסח,כן,משנה ברורה,סימן תעג,פירוש,לא,
459,שונה הלכות - הלכות פסח,כן,משנה ברורה,סימן תעג,פירוש,לא,
461,שונה הלכות - הלכות פסח,כן,משנה ברורה,סימן תעג,פירוש,לא,
463,שונה הלכות - הלכות פסח,כן,משנה ברורה,סימן תעג,פירוש,לא,
465,שונה הלכות - הלכות פסח,כן,משנה ברורה,סימן תעג,פירוש,לא,
467,שונה הלכות - הלכות פסח,כן,משנה ברורה,סימן תעג,פירוש,לא,
469,שונה הלכות - הלכות פסח,כן,משנה ברורה,סימן תעג,פירוש,לא,
471,שונה הלכות - הלכות פסח,כן,משנה ברורה,סימן תעג,פירוש,לא,
473,שונה הלכות - הלכות פסח,כן,משנה ברורה,סימן תעג,פירוש,לא,
475,שונה הלכות - הלכות פסח,כן,משנה ברורה,סימן תעג,פירוש,לא,
477,שונה הלכות - הלכות פסח,כן,משנה ברורה,סימן תעג,פירוש,לא,
479,שונה הלכות - הלכות פסח,כן,משנה ברורה,סימן תעג,פירוש,לא,
481,שונה הלכות - הלכות פסח,כן,משנה ברורה,סימן תעג,פירוש,לא,
483,שונה הלכות - הלכות פסח,כן,משנה ברורה,סימן תעג,פירוש,לא,
485,שונה הלכות - הלכות פסח,כן,משנה ברורה,סימן תעד,פירוש,לא,
487,שונה הלכות - הלכות פסח,כן,משנה ברורה,סימן תעד,פירוש,לא,
489,שונה הלכות - הלכות פסח,כן,משנה ברורה,סימן תעד,פירוש,לא,
491,שונה הלכות - הלכות פסח,כן,משנה ברורה,סימן תעד,פירוש,לא,
493,שונה הלכות - הלכות פסח,כן,משנה ברורה,סימן תעה,פירוש,לא,
495,שונה הלכות - הלכות פסח,כן,משנה ברורה,סימן תעה,פירוש,לא,
497,שונה הלכות - הלכות פסח,כן,משנה ברורה,סימן תעה,פירוש,לא,
499,שונה הלכות - הלכות פסח,כן,משנה ברורה,סימן תעה,פירוש,לא,
501,שונה הלכות - הלכות פסח,כן,משנה ברורה,סימן תעה,פירוש,לא,
503,שונה הלכות - הלכות פסח,כן,משנה ברורה,סימן תעה,פירוש,לא,
505,שונה הלכות - הלכות פסח,כן,משנה ברורה,סימן תעה,פירוש,לא,
507,שונה הלכות - הלכות פסח,כן,משנה ברורה,סימן תעה,פירוש,לא,
509,שונה הלכות - הלכות פסח,כן,משנה ברורה,סימן תעה,פירוש,לא,
511,שונה הלכות - הלכות פסח,כן,משנה ברורה,סימן תעה,פירוש,לא,
513,שונה הלכות - הלכות פסח,כן,משנה ברורה,סימן תעה,פירוש,לא,
515,שונה הלכות - הלכות פסח,כן,משנה ברורה,סימן תעה,פירוש,לא,
517,שונה הלכות - הלכות פסח,כן,משנה ברורה,סימן תעה,פירוש,לא,
519,שונה הלכות - הלכות פסח,כן,משנה ברורה,סימן תעה,פירוש,לא,
521,שונה הלכות - הלכות פסח,כן,משנה ברורה,סימן תעה,פירוש,לא,
523,שונה הלכות - הלכות פסח,כן,משנה ברורה,סימן תעה,פירוש,לא,
525,שונה הלכות - הלכות פסח,כן,משנה ברורה,סימן תעה,פירוש,לא,
527,שונה הלכות - הלכות פסח,כן,משנה ברורה,סימן תעה,פירוש,לא,
529,שונה הלכות - הלכות פסח,כן,משנה ברורה,סימן תעה,פירוש,לא,
531,שונה הלכות - הלכות פסח,כן,משנה ברורה,סימן תעה,פירוש,לא,
532,שונה הלכות - הלכות פסח,כן,משנה ברורה,סימן תעה,פירוש,לא,
533,שונה הלכות - הלכות פסח,כן,משנה ברורה,סימן תעה,פירוש,לא,
535,שונה הלכות - הלכות פסח,כן,משנה ברורה,סימן תעה,פירוש,לא,
537,שונה הלכות - הלכות פסח,כן,משנה ברורה,סימן תעו,פירוש,לא,
539,שונה הלכות - הלכות פסח,כן,משנה ברורה,סימן תעו,פירוש,לא,
541,שונה הלכות - הלכות פסח,כן,משנה ברורה,סימן תעו,פירוש,לא,
543,שונה הלכות - הלכות פסח,כן,משנה ברורה,סימן תעו,פירוש,לא,
545,שונה הלכות - הלכות פסח,כן,משנה ברורה,סימן תעו,פירוש,לא,
547,שונה הלכות - הלכות פסח,כן,משנה ברורה,סימן תעז,פירוש,לא,
549,שונה הלכות - הלכות פסח,כן,משנה ברורה,סימן תעז,פירוש,לא,
551,שונה הלכות - הלכות פסח,כן,משנה ברורה,סימן תעז,פירוש,לא,
552,שונה הלכות - הלכות פסח,כן,משנה ברורה,סימן תעז,פירוש,לא,
553,שונה הלכות - הלכות פסח,כן,משנה ברורה,סימן תעז,פירוש,לא,
555,שונה הלכות - הלכות פסח,כן,משנה ברורה,סימן תעז,פירוש,לא,
557,שונה הלכות - הלכות פסח,כן,משנה ברורה,סימן תעז,פירוש,לא,
559,שונה הלכות - הלכות פסח,כן,משנה ברורה,סימן תעח,פירוש,לא,
561,שונה הלכות - הלכות פסח,כן,משנה ברורה,סימן תעח,פירוש,לא,
562,שונה הלכות - הלכות פסח,כן,משנה ברורה,סימן תעח,פירוש,לא,
563,שונה הלכות - הלכות פסח,כן,משנה ברורה,סימן תעח,פירוש,לא,
565,שונה הלכות - הלכות פסח,כן,משנה ברורה,סימן תעח,פירוש,לא,
567,שונה הלכות - הלכות פסח,כן,משנה ברורה,סימן תעט,פירוש,לא,
569,שונה הלכות - הלכות פסח,כן,משנה ברורה,סימן תעט,פירוש,לא,
571,שונה הלכות - הלכות פסח,כן,משנה ברורה,סימן תעט,פירוש,לא,
572,שונה הלכות - הלכות פסח,כן,משנה ברורה,סימן תעט,פירוש,לא,
574,שונה הלכות - הלכות פסח,כן,משנה ברורה,סימן תעט,פירוש,לא,
576,שונה הלכות - הלכות פסח,כן,משנה ברורה,סימן תעט,פירוש,לא,
578,שונה הלכות - הלכות פסח,כן,משנה ברורה,סימן תפ,פירוש,לא,
580,שונה הלכות - הלכות פסח,כן,משנה ברורה,סימן תפ,פירוש,לא,
582,שונה הלכות - הלכות פסח,כן,משנה ברורה,סימן תפ,פירוש,לא,
584,שונה הלכות - הלכות פסח,כן,משנה ברורה,סימן תפ,פירוש,לא,
586,שונה הלכות - הלכות פסח,כן,משנה ברורה,סימן תפ,פירוש,לא,
588,שונה הלכות - הלכות פסח,כן,משנה ברורה,סימן תפ,פירוש,לא,
590,שונה הלכות - הלכות פסח,כן,משנה ברורה,סימן תפ,פירוש,לא,
592,שונה הלכות - הלכות פסח,כן,משנה ברורה,סימן תפא,פירוש,לא,
594,שונה הלכות - הלכות פסח,כן,משנה ברורה,סימן תפא,פירוש,לא,
596,שונה הלכות - הלכות פסח,כן,משנה ברורה,סימן תפא,פירוש,לא,
598,שונה הלכות - הלכות פסח,כן,משנה ברורה,סימן תפא,פירוש,לא,
600,שונה הלכות - הלכות פסח,כן,משנה ברורה,סימן תפא,פירוש,לא,
602,שונה הלכות - הלכות פסח,כן,משנה ברורה,סימן תפא,פירוש,לא,
603,שונה הלכות - הלכות פסח,כן,משנה ברורה,סימן תפא,פירוש,לא,
605,שונה הלכות - הלכות פסח,כן,משנה ברורה,סימן תפט,פירוש,לא,
607,שונה הלכות - הלכות פסח,כן,משנה ברורה,סימן תפט,פירוש,לא,
609,שונה הלכות - הלכות פסח,כן,משנה ברורה,סימן תפט,פירוש,לא,
611,שונה הלכות - הלכות פסח,כן,משנה ברורה,סימן תפט,פירוש,לא,
613,שונה הלכות - הלכות פסח,כן,משנה ברורה,סימן תפט,פירוש,לא,
615,שונה הלכות - הלכות פסח,כן,משנה ברורה,סימן תפט,פירוש,לא,
617,שונה הלכות - הלכות פסח,כן,משנה ברורה,סימן תפט,פירוש,לא,
619,שונה הלכות - הלכות פסח,כן,משנה ברורה,סימן תפט,פירוש,לא,
621,שונה הלכות - הלכות פסח,כן,משנה ברורה,סימן תפט,פירוש,לא,
623,שונה הלכות - הלכות פסח,כן,משנה ברורה,סימן תפט,פירוש,לא,
625,שונה הלכות - הלכות פסח,כן,משנה ברורה,סימן תפט,פירוש,לא,
627,שונה הלכות - הלכות פסח,כן,משנה ברורה,סימן תפט,פירוש,לא,
629,שונה הלכות - הלכות פסח,כן,משנה ברורה,סימן תפט,פירוש,לא,
631,שונה הלכות - הלכות פסח,כן,משנה ברורה,סימן תפט,פירוש,לא,
633,שונה הלכות - הלכות פסח,כן,משנה ברורה,סימן תפט,פירוש,לא,
635,שונה הלכות - הלכות פסח,כן,משנה ברורה,סימן תפט,פירוש,לא,
637,שונה הלכות - הלכות פסח,כן,משנה ברורה,סימן תפט,פירוש,לא,
639,שונה הלכות - הלכות פסח,כן,משנה ברורה,סימן תפט,פירוש,לא,
641,שונה הלכות - הלכות פסח,כן,משנה ברורה,סימן תפט,פירוש,לא,
643,שונה הלכות - הלכות פסח,כן,משנה ברורה,סימן תפט,פירוש,לא,
645,שונה הלכות - הלכות פסח,כן,משנה ברורה,סימן תפט,פירוש,לא,
647,שונה הלכות - הלכות פסח,כן,משנה ברורה,סימן תפט,פירוש,לא,
649,שונה הלכות - הלכות פסח,כן,משנה ברורה,סימן תפט,פירוש,לא,
651,שונה הלכות - הלכות פסח,כן,משנה ברורה,סימן תפט,פירוש,לא,
653,שונה הלכות - הלכות פסח,כן,משנה ברורה,סימן תצב,פירוש,לא,
655,שונה הלכות - הלכות פסח,כן,משנה ברורה,סימן תצב,פירוש,לא,
657,שונה הלכות - הלכות פסח,כן,משנה ברורה,סימן תצב,פירוש,לא,
659,שונה הלכות - הלכות פסח,כן,משנה ברורה,סימן תצב,פירוש,לא,
661,שונה הלכות - הלכות פסח,כן,משנה ברורה,סימן תצב,פירוש,לא,
663,שונה הלכות - הלכות פסח,כן,משנה ברורה,סימן תצב,פירוש,לא,
665,שונה הלכות - הלכות פסח,כן,משנה ברורה,סימן תצג,פירוש,לא,
667,שונה הלכות - הלכות פסח,כן,משנה ברורה,סימן תצג,פירוש,לא,
669,שונה הלכות - הלכות פסח,כן,משנה ברורה,סימן תצג,פירוש,לא,
670,שונה הלכות - הלכות פסח,כן,משנה ברורה,סימן תצג,פירוש,לא,
671,שונה הלכות - הלכות פסח,כן,משנה ברורה,סימן תצג,פירוש,לא,
673,שונה הלכות - הלכות פסח,כן,משנה ברורה,סימן תצג,פירוש,לא,
675,שונה הלכות - הלכות פסח,כן,משנה ברורה,סימן תצג,פירוש,לא,
677,שונה הלכות - הלכות פסח,כן,משנה ברורה,סימן תצג,פירוש,לא,
679,שונה הלכות - הלכות פסח,כן,משנה ברורה,סימן תצג,פירוש,לא,
681,שונה הלכות - הלכות פסח,כן,משנה ברורה,סימן תצג,פירוש,לא,
683,שונה הלכות - הלכות פסח,כן,משנה ברורה,סימן תצג,פירוש,לא,
684,שונה הלכות - הלכות פסח,כן,משנה ברורה,סימן תצג,פירוש,לא,
685,שונה הלכות - הלכות פסח,כן,משנה ברורה,סימן תצג,פירוש,לא,
687,שונה הלכות - הלכות פסח,כן,משנה ברורה,סימן תצד,פירוש,לא,
689,שונה הלכות - הלכות פסח,כן,משנה ברורה,סימן תצד,פירוש,לא,
691,שונה הלכות - הלכות פסח,כן,משנה ברורה,סימן תצד,פירוש,לא,
693,שונה הלכות - הלכות פסח,כן,משנה ברורה,סימן תצד,פירוש,לא,
695,שונה הלכות - הלכות פסח,כן,משנה ברורה,סימן תצד,פירוש,לא,
697,שונה הלכות - הלכות פסח,כן,משנה ברורה,סימן תצד,פירוש,לא,
699,שונה הלכות - הלכות פסח,כן,משנה ברורה,סימן תצד,פירוש,לא,
701,שונה הלכות - הלכות פסח,כן,משנה ברורה,סימן תצד,פירוש,לא,
703,שונה הלכות - הלכות פסח,כן,משנה ברורה,סימן תצד,פירוש,לא,
705,שונה הלכות - הלכות פסח,כן,משנה ברורה,סימן תצד,פירוש,לא,
707,שונה הלכות - הלכות פסח,כן,משנה ברורה,סימן תצד,פירוש,לא,
709,שונה הלכות - הלכות פסח,כן,משנה ברורה,סימן תצד,פירוש,לא,
711,שונה הלכות - הלכות פסח,כן,משנה ברורה,סימן תצד,פירוש,לא,
712,שונה הלכות - הלכות פסח,כן,משנה ברורה,סימן תצד,פירוש,לא,
713,שונה הלכות - הלכות פסח,כן,משנה ברורה,סימן תצד,פירוש,לא,
715,שונה הלכות - הלכות פסח,כן,משנה ברורה,סימן תצד,פירוש,לא,
717,שונה הלכות - הלכות פסח,כן,משנה ברורה,סימן תצד,פירוש,לא,
719,שונה הלכות - הלכות פסח,כן,משנה ברורה,סימן תצד,פירוש,לא,
721,שונה הלכות - הלכות פסח,כן,משנה ברורה,סימן תצד,פירוש,לא,
723,שונה הלכות - הלכות פסח,כן,משנה ברורה,סימן תצד,פירוש,לא,
725,שונה הלכות - הלכות פסח,כן,משנה ברורה,סימן תצד,פירוש,לא,
726,שונה הלכות - הלכות פסח,כן,משנה ברורה,סימן תצד,פירוש,לא,
727,שונה הלכות - הלכות פסח,כן,משנה ברורה,סימן תצד,פירוש,לא,
728,שונה הלכות - הלכות פסח,כן,משנה ברורה,סימן תצד,פירוש,לא,
3,שונה הלכות - הלכות ראש חודש,כן,משנה ברורה,סימן תיז,פירוש,לא,
5,שונה הלכות - הלכות ראש חודש,כן,משנה ברורה,סימן תיז,פירוש,לא,
7,שונה הלכות - הלכות ראש חודש,כן,משנה ברורה,סימן תיז,פירוש,לא,
9,שונה הלכות - הלכות ראש חודש,כן,משנה ברורה,סימן תיז,פירוש,לא,
11,שונה הלכות - הלכות ראש חודש,כן,משנה ברורה,סימן תיז,פירוש,לא,
13,שונה הלכות - הלכות ראש חודש,כן,משנה ברורה,סימן תיז,פירוש,לא,
15,שונה הלכות - הלכות ראש חודש,כן,משנה ברורה,סימן תיז,פירוש,לא,
17,שונה הלכות - הלכות ראש חודש,כן,משנה ברורה,סימן תיז,פירוש,לא,
19,שונה הלכות - הלכות ראש חודש,כן,משנה ברורה,סימן תיז,פירוש,לא,
21,שונה הלכות - הלכות ראש חודש,כן,משנה ברורה,סימן תיז,פירוש,לא,
23,שונה הלכות - הלכות ראש חודש,כן,משנה ברורה,סימן תיז,פירוש,לא,
25,שונה הלכות - הלכות ראש חודש,כן,משנה ברורה,סימן תיז,פירוש,לא,
27,שונה הלכות - הלכות ראש חודש,כן,משנה ברורה,סימן תיז,פירוש,לא,
29,שונה הלכות - הלכות ראש חודש,כן,משנה ברורה,סימן תיח,פירוש,לא,
31,שונה הלכות - הלכות ראש חודש,כן,משנה ברורה,סימן תיח,פירוש,לא,
33,שונה הלכות - הלכות ראש חודש,כן,משנה ברורה,סימן תיח,פירוש,לא,
35,שונה הלכות - הלכות ראש חודש,כן,משנה ברורה,סימן תיח,פירוש,לא,
36,שונה הלכות - הלכות ראש חודש,כן,משנה ברורה,סימן תיח,פירוש,לא,
37,שונה הלכות - הלכות ראש חודש,כן,משנה ברורה,סימן תיח,פירוש,לא,
38,שונה הלכות - הלכות ראש חודש,כן,משנה ברורה,סימן תיח,פירוש,לא,
39,שונה הלכות - הלכות ראש חודש,כן,משנה ברורה,סימן תיח,פירוש,לא,
40,שונה הלכות - הלכות ראש חודש,כן,משנה ברורה,סימן תיח,פירוש,לא,
41,שונה הלכות - הלכות ראש חודש,כן,משנה ברורה,סימן תיח,פירוש,לא,
42,שונה הלכות - הלכות ראש חודש,כן,משנה ברורה,סימן תיח,פירוש,לא,
43,שונה הלכות - הלכות ראש חודש,כן,משנה ברורה,סימן תיח,פירוש,לא,
45,שונה הלכות - הלכות ראש חודש,כן,משנה ברורה,סימן תיח,פירוש,לא,
47,שונה הלכות - הלכות ראש חודש,כן,משנה ברורה,סימן תיח,פירוש,לא,
49,שונה הלכות - הלכות ראש חודש,כן,משנה ברורה,סימן תיח,פירוש,לא,
50,שונה הלכות - הלכות ראש חודש,כן,משנה ברורה,סימן תיח,פירוש,לא,
51,שונה הלכות - הלכות ראש חודש,כן,משנה ברורה,סימן תיח,פירוש,לא,
53,שונה הלכות - הלכות ראש חודש,כן,משנה ברורה,סימן תיט,פירוש,לא,
55,שונה הלכות - הלכות ראש חודש,כן,משנה ברורה,סימן תיט,פירוש,לא,
56,שונה הלכות - הלכות ראש חודש,כן,משנה ברורה,סימן תיט,פירוש,לא,
57,שונה הלכות - הלכות ראש חודש,כן,משנה ברורה,סימן תיט,פירוש,לא,
58,שונה הלכות - הלכות ראש חודש,כן,משנה ברורה,סימן תיט,פירוש,לא,
59,שונה הלכות - הלכות ראש חודש,כן,משנה ברורה,סימן תיט,פירוש,לא,
60,שונה הלכות - הלכות ראש חודש,כן,משנה ברורה,סימן תיט,פירוש,לא,
61,שונה הלכות - הלכות ראש חודש,כן,משנה ברורה,סימן תיט,פירוש,לא,
63,שונה הלכות - הלכות ראש חודש,כן,משנה ברורה,סימן תיט,פירוש,לא,
65,שונה הלכות - הלכות ראש חודש,כן,משנה ברורה,סימן תיט,פירוש,לא,
67,שונה הלכות - הלכות ראש חודש,כן,משנה ברורה,סימן תכ,פירוש,לא,
69,שונה הלכות - הלכות ראש חודש,כן,משנה ברורה,סימן תכ,פירוש,לא,
71,שונה הלכות - הלכות ראש חודש,כן,משנה ברורה,סימן תכ,פירוש,לא,
72,שונה הלכות - הלכות ראש חודש,כן,משנה ברורה,סימן תכ,פירוש,לא,
74,שונה הלכות - הלכות ראש חודש,כן,משנה ברורה,סימן תכא,פירוש,לא,
76,שונה הלכות - הלכות ראש חודש,כן,משנה ברורה,סימן תכא,פירוש,לא,
78,שונה הלכות - הלכות ראש חודש,כן,משנה ברורה,סימן תכב,פירוש,לא,
80,שונה הלכות - הלכות ראש חודש,כן,משנה ברורה,סימן תכב,פירוש,לא,
81,שונה הלכות - הלכות ראש חודש,כן,משנה ברורה,סימן תכב,פירוש,לא,
82,שונה הלכות - הלכות ראש חודש,כן,משנה ברורה,סימן תכב,פירוש,לא,
84,שונה הלכות - הלכות ראש חודש,כן,משנה ברורה,סימן תכב,פירוש,לא,
86,שונה הלכות - הלכות ראש חודש,כן,משנה ברורה,סימן תכב,פירוש,לא,
88,שונה הלכות - הלכות ראש חודש,כן,משנה ברורה,סימן תכב,פירוש,לא,
89,שונה הלכות - הלכות ראש חודש,כן,משנה ברורה,סימן תכב,פירוש,לא,
90,שונה הלכות - הלכות ראש חודש,כן,משנה ברורה,סימן תכב,פירוש,לא,
92,שונה הלכות - הלכות ראש חודש,כן,משנה ברורה,סימן תכב,פירוש,לא,
94,שונה הלכות - הלכות ראש חודש,כן,משנה ברורה,סימן תכב,פירוש,לא,
96,שונה הלכות - הלכות ראש חודש,כן,משנה ברורה,סימן תכב,פירוש,לא,
98,שונה הלכות - הלכות ראש חודש,כן,משנה ברורה,סימן תכב,פירוש,לא,
100,שונה הלכות - הלכות ראש חודש,כן,משנה ברורה,סימן תכב,פירוש,לא,
102,שונה הלכות - הלכות ראש חודש,כן,משנה ברורה,סימן תכב,פירוש,לא,
104,שונה הלכות - הלכות ראש חודש,כן,משנה ברורה,סימן תכב,פירוש,לא,
106,שונה הלכות - הלכות ראש חודש,כן,משנה ברורה,סימן תכב,פירוש,לא,
108,שונה הלכות - הלכות ראש חודש,כן,משנה ברורה,סימן תכב,פירוש,לא,
110,שונה הלכות - הלכות ראש חודש,כן,משנה ברורה,סימן תכב,פירוש,לא,
112,שונה הלכות - הלכות ראש חודש,כן,משנה ברורה,סימן תכב,פירוש,לא,
114,שונה הלכות - הלכות ראש חודש,כן,משנה ברורה,סימן תכב,פירוש,לא,
116,שונה הלכות - הלכות ראש חודש,כן,משנה ברורה,סימן תכב,פירוש,לא,
118,שונה הלכות - הלכות ראש חודש,כן,משנה ברורה,סימן תכב,פירוש,לא,
120,שונה הלכות - הלכות ראש חודש,כן,משנה ברורה,סימן תכב,פירוש,לא,
122,שונה הלכות - הלכות ראש חודש,כן,משנה ברורה,סימן תכב,פירוש,לא,
124,שונה הלכות - הלכות ראש חודש,כן,משנה ברורה,סימן תכב,פירוש,לא,
126,שונה הלכות - הלכות ראש חודש,כן,משנה ברורה,סימן תכב,פירוש,לא,
128,שונה הלכות - הלכות ראש חודש,כן,משנה ברורה,סימן תכב,פירוש,לא,
130,שונה הלכות - הלכות ראש חודש,כן,משנה ברורה,סימן תכב,פירוש,לא,
132,שונה הלכות - הלכות ראש חודש,כן,משנה ברורה,סימן תכב,פירוש,לא,
134,שונה הלכות - הלכות ראש חודש,כן,משנה ברורה,סימן תכב,פירוש,לא,
136,שונה הלכות - הלכות ראש חודש,כן,משנה ברורה,סימן תכב,פירוש,לא,
138,שונה הלכות - הלכות ראש חודש,כן,משנה ברורה,סימן תכב,פירוש,לא,
140,שונה הלכות - הלכות ראש חודש,כן,משנה ברורה,סימן תכב,פירוש,לא,
142,שונה הלכות - הלכות ראש חודש,כן,משנה ברורה,סימן תכב,פירוש,לא,
143,שונה הלכות - הלכות ראש חודש,כן,משנה ברורה,סימן תכב,פירוש,לא,
144,שונה הלכות - הלכות ראש חודש,כן,משנה ברורה,סימן תכב,פירוש,לא,
146,שונה הלכות - הלכות ראש חודש,כן,משנה ברורה,סימן תכג,פירוש,לא,
148,שונה הלכות - הלכות ראש חודש,כן,משנה ברורה,סימן תכג,פירוש,לא,
150,שונה הלכות - הלכות ראש חודש,כן,משנה ברורה,סימן תכג,פירוש,לא,
151,שונה הלכות - הלכות ראש חודש,כן,משנה ברורה,סימן תכג,פירוש,לא,
153,שונה הלכות - הלכות ראש חודש,כן,משנה ברורה,סימן תכג,פירוש,לא,
155,שונה הלכות - הלכות ראש חודש,כן,משנה ברורה,סימן תכג,פירוש,לא,
157,שונה הלכות - הלכות ראש חודש,כן,משנה ברורה,סימן תכג,פירוש,לא,
159,שונה הלכות - הלכות ראש חודש,כן,משנה ברורה,סימן תכג,פירוש,לא,
161,שונה הלכות - הלכות ראש חודש,כן,משנה ברורה,סימן תכג,פירוש,לא,
163,שונה הלכות - הלכות ראש חודש,כן,משנה ברורה,סימן תכג,פירוש,לא,
165,שונה הלכות - הלכות ראש חודש,כן,משנה ברורה,סימן תכג,פירוש,לא,
167,שונה הלכות - הלכות ראש חודש,כן,משנה ברורה,סימן תכג,פירוש,לא,
169,שונה הלכות - הלכות ראש חודש,כן,משנה ברורה,סימן תכג,פירוש,לא,
171,שונה הלכות - הלכות ראש חודש,כן,משנה ברורה,סימן תכד,פירוש,לא,
173,שונה הלכות - הלכות ראש חודש,כן,משנה ברורה,סימן תכד,פירוש,לא,
175,שונה הלכות - הלכות ראש חודש,כן,משנה ברורה,סימן תכד,פירוש,לא,
177,שונה הלכות - הלכות ראש חודש,כן,משנה ברורה,סימן תכד,פירוש,לא,
179,שונה הלכות - הלכות ראש חודש,כן,משנה ברורה,סימן תכד,פירוש,לא,
181,שונה הלכות - הלכות ראש חודש,כן,משנה ברורה,סימן תכד,פירוש,לא,
183,שונה הלכות - הלכות ראש חודש,כן,משנה ברורה,סימן תכד,פירוש,לא,
185,שונה הלכות - הלכות ראש חודש,כן,משנה ברורה,סימן תכה,פירוש,לא,
187,שונה הלכות - הלכות ראש חודש,כן,משנה ברורה,סימן תכה,פירוש,לא,
189,שונה הלכות - הלכות ראש חודש,כן,משנה ברורה,סימן תכה,פירוש,לא,
191,שונה הלכות - הלכות ראש חודש,כן,משנה ברורה,סימן תכה,פירוש,לא,
193,שונה הלכות - הלכות ראש חודש,כן,משנה ברורה,סימן תכה,פירוש,לא,
195,שונה הלכות - הלכות ראש חודש,כן,משנה ברורה,סימן תכה,פירוש,לא,
197,שונה הלכות - הלכות ראש חודש,כן,משנה ברורה,סימן תכה,פירוש,לא,
199,שונה הלכות - הלכות ראש חודש,כן,משנה ברורה,סימן תכה,פירוש,לא,
201,שונה הלכות - הלכות ראש חודש,כן,משנה ברורה,סימן תכה,פירוש,לא,
203,שונה הלכות - הלכות ראש חודש,כן,משנה ברורה,סימן תכו,פירוש,לא,
205,שונה הלכות - הלכות ראש חודש,כן,משנה ברורה,סימן תכו,פירוש,לא,
206,שונה הלכות - הלכות ראש חודש,כן,משנה ברורה,סימן תכו,פירוש,לא,
207,שונה הלכות - הלכות ראש חודש,כן,משנה ברורה,סימן תכו,פירוש,לא,
208,שונה הלכות - הלכות ראש חודש,כן,משנה ברורה,סימן תכו,פירוש,לא,
209,שונה הלכות - הלכות ראש חודש,כן,משנה ברורה,סימן תכו,פירוש,לא,
211,שונה הלכות - הלכות ראש חודש,כן,משנה ברורה,סימן תכו,פירוש,לא,
213,שונה הלכות - הלכות ראש חודש,כן,משנה ברורה,סימן תכו,פירוש,לא,
215,שונה הלכות - הלכות ראש חודש,כן,משנה ברורה,סימן תכו,פירוש,לא,
217,שונה הלכות - הלכות ראש חודש,כן,משנה ברורה,סימן תכו,פירוש,לא,
218,שונה הלכות - הלכות ראש חודש,כן,משנה ברורה,סימן תכו,פירוש,לא,
219,שונה הלכות - הלכות ראש חודש,כן,משנה ברורה,סימן תכו,פירוש,לא,
221,שונה הלכות - הלכות ראש חודש,כן,משנה ברורה,סימן תכו,פירוש,לא,
223,שונה הלכות - הלכות ראש חודש,כן,משנה ברורה,סימן תכו,פירוש,לא,
225,שונה הלכות - הלכות ראש חודש,כן,משנה ברורה,סימן תכו,פירוש,לא,
227,שונה הלכות - הלכות ראש חודש,כן,משנה ברורה,סימן תכו,פירוש,לא,
229,שונה הלכות - הלכות ראש חודש,כן,משנה ברורה,סימן תכו,פירוש,לא,
231,שונה הלכות - הלכות ראש חודש,כן,משנה ברורה,סימן תכו,פירוש,לא,
233,שונה הלכות - הלכות ראש חודש,כן,משנה ברורה,סימן תכו,פירוש,לא,
235,שונה הלכות - הלכות ראש חודש,כן,משנה ברורה,סימן תכו,פירוש,לא,
237,שונה הלכות - הלכות ראש חודש,כן,משנה ברורה,סימן תכו,פירוש,לא,
239,שונה הלכות - הלכות ראש חודש,כן,משנה ברורה,סימן תכו,פירוש,לא,
241,שונה הלכות - הלכות ראש חודש,כן,משנה ברורה,סימן תכו,פירוש,לא,
243,שונה הלכות - הלכות ראש חודש,כן,משנה ברורה,סימן תכז,פירוש,לא,
245,שונה הלכות - הלכות ראש חודש,כן,משנה ברורה,סימן תכז,פירוש,לא,
247,שונה הלכות - הלכות ראש חודש,כן,משנה ברורה,סימן תכז,פירוש,לא,
249,שונה הלכות - הלכות ראש חודש,כן,משנה ברורה,סימן תכז,פירוש,לא,
251,שונה הלכות - הלכות ראש חודש,כן,משנה ברורה,סימן תכז,פירוש,לא,
253,שונה הלכות - הלכות ראש חודש,כן,משנה ברורה,סימן תכח,פירוש,לא,
255,שונה הלכות - הלכות ראש חודש,כן,משנה ברורה,סימן תכח,פירוש,לא,
257,שונה הלכות - הלכות ראש חודש,כן,משנה ברורה,סימן תכח,פירוש,לא,
259,שונה הלכות - הלכות ראש חודש,כן,משנה ברורה,סימן תכח,פירוש,לא,
261,שונה הלכות - הלכות ראש חודש,כן,משנה ברורה,סימן תכח,פירוש,לא,
263,שונה הלכות - הלכות ראש חודש,כן,משנה ברורה,סימן תכח,פירוש,לא,
265,שונה הלכות - הלכות ראש חודש,כן,משנה ברורה,סימן תכח,פירוש,לא,
267,שונה הלכות - הלכות ראש חודש,כן,משנה ברורה,סימן תכח,פירוש,לא,
269,שונה הלכות - הלכות ראש חודש,כן,משנה ברורה,סימן תכח,פירוש,לא,
271,שונה הלכות - הלכות ראש חודש,כן,משנה ברורה,סימן תכח,פירוש,לא,
273,שונה הלכות - הלכות ראש חודש,כן,משנה ברורה,סימן תכח,פירוש,לא,
275,שונה הלכות - הלכות ראש חודש,כן,משנה ברורה,סימן תכח,פירוש,לא,
276,שונה הלכות - הלכות ראש חודש,כן,משנה ברורה,סימן תכח,פירוש,לא,
277,שונה הלכות - הלכות ראש חודש,כן,משנה ברורה,סימן תכח,פירוש,לא,
279,שונה הלכות - הלכות ראש חודש,כן,משנה ברורה,סימן תכח,פירוש,לא,
4,שונה הלכות - הלכות שבת,כן,משנה ברורה,סימן רמב,פירוש,לא,
7,שונה הלכות - הלכות שבת,כן,משנה ברורה,סימן רמב,פירוש,לא,
9,שונה הלכות - הלכות שבת,כן,משנה ברורה,סימן רמב,פירוש,לא,
11,שונה הלכות - הלכות שבת,כן,משנה ברורה,סימן רמב,פירוש,לא,
13,שונה הלכות - הלכות שבת,כן,משנה ברורה,סימן רמב,פירוש,לא,
15,שונה הלכות - הלכות שבת,כן,משנה ברורה,סימן רמב,פירוש,לא,
17,שונה הלכות - הלכות שבת,כן,משנה ברורה,סימן רמב,פירוש,לא,
19,שונה הלכות - הלכות שבת,כן,משנה ברורה,סימן רמב,פירוש,לא,
21,שונה הלכות - הלכות שבת,כן,משנה ברורה,סימן רמב,פירוש,לא,
23,שונה הלכות - הלכות שבת,כן,משנה ברורה,סימן רמב,פירוש,לא,
25,שונה הלכות - הלכות שבת,כן,משנה ברורה,סימן רמב,פירוש,לא,
27,שונה הלכות - הלכות שבת,כן,משנה ברורה,סימן רמב,פירוש,לא,
29,שונה הלכות - הלכות שבת,כן,משנה ברורה,סימן רמב,פירוש,לא,
31,שונה הלכות - הלכות שבת,כן,משנה ברורה,סימן רמב,פירוש,לא,
33,שונה הלכות - הלכות שבת,כן,משנה ברורה,סימן רמב,פירוש,לא,
35,שונה הלכות - הלכות שבת,כן,משנה ברורה,סימן רמב,פירוש,לא,
37,שונה הלכות - הלכות שבת,כן,משנה ברורה,סימן רמב,פירוש,לא,
39,שונה הלכות - הלכות שבת,כן,משנה ברורה,סימן רמב,פירוש,לא,
42,שונה הלכות - הלכות שבת,כן,משנה ברורה,סימן רמג,פירוש,לא,
45,שונה הלכות - הלכות שבת,כן,משנה ברורה,סימן רמג,פירוש,לא,
47,שונה הלכות - הלכות שבת,כן,משנה ברורה,סימן רמג,פירוש,לא,
49,שונה הלכות - הלכות שבת,כן,משנה ברורה,סימן רמג,פירוש,לא,
51,שונה הלכות - הלכות שבת,כן,משנה ברורה,סימן רמג,פירוש,לא,
53,שונה הלכות - הלכות שבת,כן,משנה ברורה,סימן רמג,פירוש,לא,
54,שונה הלכות - הלכות שבת,כן,משנה ברורה,סימן רמג,פירוש,לא,
56,שונה הלכות - הלכות שבת,כן,משנה ברורה,סימן רמג,פירוש,לא,
58,שונה הלכות - הלכות שבת,כן,משנה ברורה,סימן רמג,פירוש,לא,
60,שונה הלכות - הלכות שבת,כן,משנה ברורה,סימן רמג,פירוש,לא,
62,שונה הלכות - הלכות שבת,כן,משנה ברורה,סימן רמג,פירוש,לא,
64,שונה הלכות - הלכות שבת,כן,משנה ברורה,סימן רמג,פירוש,לא,
67,שונה הלכות - הלכות שבת,כן,משנה ברורה,סימן רמד,פירוש,לא,
70,שונה הלכות - הלכות שבת,כן,משנה ברורה,סימן רמד,פירוש,לא,
72,שונה הלכות - הלכות שבת,כן,משנה ברורה,סימן רמד,פירוש,לא,
74,שונה הלכות - הלכות שבת,כן,משנה ברורה,סימן רמד,פירוש,לא,
76,שונה הלכות - הלכות שבת,כן,משנה ברורה,סימן רמד,פירוש,לא,
78,שונה הלכות - הלכות שבת,כן,משנה ברורה,סימן רמד,פירוש,לא,
80,שונה הלכות - הלכות שבת,כן,משנה ברורה,סימן רמד,פירוש,לא,
81,שונה הלכות - הלכות שבת,כן,משנה ברורה,סימן רמד,פירוש,לא,
82,שונה הלכות - הלכות שבת,כן,משנה ברורה,סימן רמד,פירוש,לא,
84,שונה הלכות - הלכות שבת,כן,משנה ברורה,סימן רמד,פירוש,לא,
86,שונה הלכות - הלכות שבת,כן,משנה ברורה,סימן רמד,פירוש,לא,
88,שונה הלכות - הלכות שבת,כן,משנה ברורה,סימן רמד,פירוש,לא,
90,שונה הלכות - הלכות שבת,כן,משנה ברורה,סימן רמד,פירוש,לא,
92,שונה הלכות - הלכות שבת,כן,משנה ברורה,סימן רמד,פירוש,לא,
94,שונה הלכות - הלכות שבת,כן,משנה ברורה,סימן רמד,פירוש,לא,
96,שונה הלכות - הלכות שבת,כן,משנה ברורה,סימן רמד,פירוש,לא,
98,שונה הלכות - הלכות שבת,כן,משנה ברורה,סימן רמד,פירוש,לא,
100,שונה הלכות - הלכות שבת,כן,משנה ברורה,סימן רמד,פירוש,לא,
102,שונה הלכות - הלכות שבת,כן,משנה ברורה,סימן רמד,פירוש,לא,
104,שונה הלכות - הלכות שבת,כן,משנה ברורה,סימן רמד,פירוש,לא,
106,שונה הלכות - הלכות שבת,כן,משנה ברורה,סימן רמד,פירוש,לא,
108,שונה הלכות - הלכות שבת,כן,משנה ברורה,סימן רמד,פירוש,לא,
112,שונה הלכות - הלכות שבת,כן,משנה ברורה,סימן רמה,פירוש,לא,
115,שונה הלכות - הלכות שבת,כן,משנה ברורה,סימן רמה,פירוש,לא,
117,שונה הלכות - הלכות שבת,כן,משנה ברורה,סימן רמה,פירוש,לא,
119,שונה הלכות - הלכות שבת,כן,משנה ברורה,סימן רמה,פירוש,לא,
121,שונה הלכות - הלכות שבת,כן,משנה ברורה,סימן רמה,פירוש,לא,
123,שונה הלכות - הלכות שבת,כן,משנה ברורה,סימן רמה,פירוש,לא,
125,שונה הלכות - הלכות שבת,כן,משנה ברורה,סימן רמה,פירוש,לא,
127,שונה הלכות - הלכות שבת,כן,משנה ברורה,סימן רמה,פירוש,לא,
129,שונה הלכות - הלכות שבת,כן,משנה ברורה,סימן רמה,פירוש,לא,
131,שונה הלכות - הלכות שבת,כן,משנה ברורה,סימן רמה,פירוש,לא,
133,שונה הלכות - הלכות שבת,כן,משנה ברורה,סימן רמה,פירוש,לא,
135,שונה הלכות - הלכות שבת,כן,משנה ברורה,סימן רמה,פירוש,לא,
137,שונה הלכות - הלכות שבת,כן,משנה ברורה,סימן רמה,פירוש,לא,
139,שונה הלכות - הלכות שבת,כן,משנה ברורה,סימן רמה,פירוש,לא,
141,שונה הלכות - הלכות שבת,כן,משנה ברורה,סימן רמה,פירוש,לא,
142,שונה הלכות - הלכות שבת,כן,משנה ברורה,סימן רמה,פירוש,לא,
143,שונה הלכות - הלכות שבת,כן,משנה ברורה,סימן רמה,פירוש,לא,
144,שונה הלכות - הלכות שבת,כן,משנה ברורה,סימן רמה,פירוש,לא,
145,שונה הלכות - הלכות שבת,כן,משנה ברורה,סימן רמה,פירוש,לא,
150,שונה הלכות - הלכות שבת,כן,משנה ברורה,סימן רמו,פירוש,לא,
153,שונה הלכות - הלכות שבת,כן,משנה ברורה,סימן רמו,פירוש,לא,
155,שונה הלכות - הלכות שבת,כן,משנה ברורה,סימן רמו,פירוש,לא,
157,שונה הלכות - הלכות שבת,כן,משנה ברורה,סימן רמו,פירוש,לא,
159,שונה הלכות - הלכות שבת,כן,משנה ברורה,סימן רמו,פירוש,לא,
161,שונה הלכות - הלכות שבת,כן,משנה ברורה,סימן רמו,פירוש,לא,
163,שונה הלכות - הלכות שבת,כן,משנה ברורה,סימן רמו,פירוש,לא,
165,שונה הלכות - הלכות שבת,כן,משנה ברורה,סימן רמו,פירוש,לא,
167,שונה הלכות - הלכות שבת,כן,משנה ברורה,סימן רמו,פירוש,לא,
169,שונה הלכות - הלכות שבת,כן,משנה ברורה,סימן רמו,פירוש,לא,
171,שונה הלכות - הלכות שבת,כן,משנה ברורה,סימן רמו,פירוש,לא,
173,שונה הלכות - הלכות שבת,כן,משנה ברורה,סימן רמו,פירוש,לא,
174,שונה הלכות - הלכות שבת,כן,משנה ברורה,סימן רמו,פירוש,לא,
175,שונה הלכות - הלכות שבת,כן,משנה ברורה,סימן רמו,פירוש,לא,
177,שונה הלכות - הלכות שבת,כן,משנה ברורה,סימן רמו,פירוש,לא,
179,שונה הלכות - הלכות שבת,כן,משנה ברורה,סימן רמו,פירוש,לא,
181,שונה הלכות - הלכות שבת,כן,משנה ברורה,סימן רמו,פירוש,לא,
182,שונה הלכות - הלכות שבת,כן,משנה ברורה,סימן רמו,פירוש,לא,
183,שונה הלכות - הלכות שבת,כן,משנה ברורה,סימן רמו,פירוש,לא,
185,שונה הלכות - הלכות שבת,כן,משנה ברורה,סימן רמו,פירוש,לא,
187,שונה הלכות - הלכות שבת,כן,משנה ברורה,סימן רמו,פירוש,לא,
188,שונה הלכות - הלכות שבת,כן,משנה ברורה,סימן רמו,פירוש,לא,
189,שונה הלכות - הלכות שבת,כן,משנה ברורה,סימן רמו,פירוש,לא,
191,שונה הלכות - הלכות שבת,כן,משנה ברורה,סימן רמו,פירוש,לא,
193,שונה הלכות - הלכות שבת,כן,משנה ברורה,סימן רמו,פירוש,לא,
195,שונה הלכות - הלכות שבת,כן,משנה ברורה,סימן רמו,פירוש,לא,
197,שונה הלכות - הלכות שבת,כן,משנה ברורה,סימן רמו,פירוש,לא,
199,שונה הלכות - הלכות שבת,כן,משנה ברורה,סימן רמו,פירוש,לא,
203,שונה הלכות - הלכות שבת,כן,משנה ברורה,סימן רמז,פירוש,לא,
206,שונה הלכות - הלכות שבת,כן,משנה ברורה,סימן רמז,פירוש,לא,
208,שונה הלכות - הלכות שבת,כן,משנה ברורה,סימן רמז,פירוש,לא,
210,שונה הלכות - הלכות שבת,כן,משנה ברורה,סימן רמז,פירוש,לא,
212,שונה הלכות - הלכות שבת,כן,משנה ברורה,סימן רמז,פירוש,לא,
214,שונה הלכות - הלכות שבת,כן,משנה ברורה,סימן רמז,פירוש,לא,
216,שונה הלכות - הלכות שבת,כן,משנה ברורה,סימן רמז,פירוש,לא,
218,שונה הלכות - הלכות שבת,כן,משנה ברורה,סימן רמז,פירוש,לא,
220,שונה הלכות - הלכות שבת,כן,משנה ברורה,סימן רמז,פירוש,לא,
221,שונה הלכות - הלכות שבת,כן,משנה ברורה,סימן רמז,פירוש,לא,
222,שונה הלכות - הלכות שבת,כן,משנה ברורה,סימן רמז,פירוש,לא,
226,שונה הלכות - הלכות שבת,כן,משנה ברורה,סימן רמח,פירוש,לא,
229,שונה הלכות - הלכות שבת,כן,משנה ברורה,סימן רמח,פירוש,לא,
231,שונה הלכות - הלכות שבת,כן,משנה ברורה,סימן רמח,פירוש,לא,
233,שונה הלכות - הלכות שבת,כן,משנה ברורה,סימן רמח,פירוש,לא,
235,שונה הלכות - הלכות שבת,כן,משנה ברורה,סימן רמח,פירוש,לא,
237,שונה הלכות - הלכות שבת,כן,משנה ברורה,סימן רמח,פירוש,לא,
239,שונה הלכות - הלכות שבת,כן,משנה ברורה,סימן רמח,פירוש,לא,
241,שונה הלכות - הלכות שבת,כן,משנה ברורה,סימן רמח,פירוש,לא,
243,שונה הלכות - הלכות שבת,כן,משנה ברורה,סימן רמח,פירוש,לא,
245,שונה הלכות - הלכות שבת,כן,משנה ברורה,סימן רמח,פירוש,לא,
247,שונה הלכות - הלכות שבת,כן,משנה ברורה,סימן רמח,פירוש,לא,
249,שונה הלכות - הלכות שבת,כן,משנה ברורה,סימן רמח,פירוש,לא,
251,שונה הלכות - הלכות שבת,כן,משנה ברורה,סימן רמח,פירוש,לא,
253,שונה הלכות - הלכות שבת,כן,משנה ברורה,סימן רמח,פירוש,לא,
256,שונה הלכות - הלכות שבת,כן,משנה ברורה,סימן רמט,פירוש,לא,
259,שונה הלכות - הלכות שבת,כן,משנה ברורה,סימן רמט,פירוש,לא,
261,שונה הלכות - הלכות שבת,כן,משנה ברורה,סימן רמט,פירוש,לא,
263,שונה הלכות - הלכות שבת,כן,משנה ברורה,סימן רמט,פירוש,לא,
265,שונה הלכות - הלכות שבת,כן,משנה ברורה,סימן רמט,פירוש,לא,
267,שונה הלכות - הלכות שבת,כן,משנה ברורה,סימן רמט,פירוש,לא,
269,שונה הלכות - הלכות שבת,כן,משנה ברורה,סימן רמט,פירוש,לא,
271,שונה הלכות - הלכות שבת,כן,משנה ברורה,סימן רמט,פירוש,לא,
273,שונה הלכות - הלכות שבת,כן,משנה ברורה,סימן רמט,פירוש,לא,
275,שונה הלכות - הלכות שבת,כן,משנה ברורה,סימן רמט,פירוש,לא,
277,שונה הלכות - הלכות שבת,כן,משנה ברורה,סימן רמט,פירוש,לא,
279,שונה הלכות - הלכות שבת,כן,משנה ברורה,סימן רמט,פירוש,לא,
281,שונה הלכות - הלכות שבת,כן,משנה ברורה,סימן רמט,פירוש,לא,
283,שונה הלכות - הלכות שבת,כן,משנה ברורה,סימן רמט,פירוש,לא,
287,שונה הלכות - הלכות שבת,כן,משנה ברורה,סימן רנ,פירוש,לא,
290,שונה הלכות - הלכות שבת,כן,משנה ברורה,סימן רנ,פירוש,לא,
292,שונה הלכות - הלכות שבת,כן,משנה ברורה,סימן רנ,פירוש,לא,
294,שונה הלכות - הלכות שבת,כן,משנה ברורה,סימן רנ,פירוש,לא,
296,שונה הלכות - הלכות שבת,כן,משנה ברורה,סימן רנ,פירוש,לא,
298,שונה הלכות - הלכות שבת,כן,משנה ברורה,סימן רנ,פירוש,לא,
300,שונה הלכות - הלכות שבת,כן,משנה ברורה,סימן רנ,פירוש,לא,
302,שונה הלכות - הלכות שבת,כן,משנה ברורה,סימן רנ,פירוש,לא,
304,שונה הלכות - הלכות שבת,כן,משנה ברורה,סימן רנ,פירוש,לא,
306,שונה הלכות - הלכות שבת,כן,משנה ברורה,סימן רנ,פירוש,לא,
308,שונה הלכות - הלכות שבת,כן,משנה ברורה,סימן רנ,פירוש,לא,
312,שונה הלכות - הלכות שבת,כן,משנה ברורה,סימן רנא,פירוש,לא,
315,שונה הלכות - הלכות שבת,כן,משנה ברורה,סימן רנא,פירוש,לא,
316,שונה הלכות - הלכות שבת,כן,משנה ברורה,סימן רנא,פירוש,לא,
317,שונה הלכות - הלכות שבת,כן,משנה ברורה,סימן רנא,פירוש,לא,
319,שונה הלכות - הלכות שבת,כן,משנה ברורה,סימן רנא,פירוש,לא,
321,שונה הלכות - הלכות שבת,כן,משנה ברורה,סימן רנא,פירוש,לא,
323,שונה הלכות - הלכות שבת,כן,משנה ברורה,סימן רנא,פירוש,לא,
325,שונה הלכות - הלכות שבת,כן,משנה ברורה,סימן רנא,פירוש,לא,
327,שונה הלכות - הלכות שבת,כן,משנה ברורה,סימן רנא,פירוש,לא,
329,שונה הלכות - הלכות שבת,כן,משנה ברורה,סימן רנא,פירוש,לא,
331,שונה הלכות - הלכות שבת,כן,משנה ברורה,סימן רנא,פירוש,לא,
333,שונה הלכות - הלכות שבת,כן,משנה ברורה,סימן רנא,פירוש,לא,
335,שונה הלכות - הלכות שבת,כן,משנה ברורה,סימן רנא,פירוש,לא,
337,שונה הלכות - הלכות שבת,כן,משנה ברורה,סימן רנא,פירוש,לא,
342,שונה הלכות - הלכות שבת,כן,משנה ברורה,סימן רנב,פירוש,לא,
345,שונה הלכות - הלכות שבת,כן,משנה ברורה,סימן רנב,פירוש,לא,
347,שונה הלכות - הלכות שבת,כן,משנה ברורה,סימן רנב,פירוש,לא,
349,שונה הלכות - הלכות שבת,כן,משנה ברורה,סימן רנב,פירוש,לא,
351,שונה הלכות - הלכות שבת,כן,משנה ברורה,סימן רנב,פירוש,לא,
353,שונה הלכות - הלכות שבת,כן,משנה ברורה,סימן רנב,פירוש,לא,
355,שונה הלכות - הלכות שבת,כן,משנה ברורה,סימן רנב,פירוש,לא,
357,שונה הלכות - הלכות שבת,כן,משנה ברורה,סימן רנב,פירוש,לא,
359,שונה הלכות - הלכות שבת,כן,משנה ברורה,סימן רנב,פירוש,לא,
361,שונה הלכות - הלכות שבת,כן,משנה ברורה,סימן רנב,פירוש,לא,
363,שונה הלכות - הלכות שבת,כן,משנה ברורה,סימן רנב,פירוש,לא,
365,שונה הלכות - הלכות שבת,כן,משנה ברורה,סימן רנב,פירוש,לא,
367,שונה הלכות - הלכות שבת,כן,משנה ברורה,סימן רנב,פירוש,לא,
369,שונה הלכות - הלכות שבת,כן,משנה ברורה,סימן רנב,פירוש,לא,
371,שונה הלכות - הלכות שבת,כן,משנה ברורה,סימן רנב,פירוש,לא,
373,שונה הלכות - הלכות שבת,כן,משנה ברורה,סימן רנב,פירוש,לא,
375,שונה הלכות - הלכות שבת,כן,משנה ברורה,סימן רנב,פירוש,לא,
376,שונה הלכות - הלכות שבת,כן,משנה ברורה,סימן רנב,פירוש,לא,
377,שונה הלכות - הלכות שבת,כן,משנה ברורה,סימן רנב,פירוש,לא,
378,שונה הלכות - הלכות שבת,כן,משנה ברורה,סימן רנב,פירוש,לא,
379,שונה הלכות - הלכות שבת,כן,משנה ברורה,סימן רנב,פירוש,לא,
381,שונה הלכות - הלכות שבת,כן,משנה ברורה,סימן רנב,פירוש,לא,
382,שונה הלכות - הלכות שבת,כן,משנה ברורה,סימן רנב,פירוש,לא,
383,שונה הלכות - הלכות שבת,כן,משנה ברורה,סימן רנב,פירוש,לא,
385,שונה הלכות - הלכות שבת,כן,משנה ברורה,סימן רנב,פירוש,לא,
387,שונה הלכות - הלכות שבת,כן,משנה ברורה,סימן רנב,פירוש,לא,
389,שונה הלכות - הלכות שבת,כן,משנה ברורה,סימן רנב,פירוש,לא,
391,שונה הלכות - הלכות שבת,כן,משנה ברורה,סימן רנב,פירוש,לא,
393,שונה הלכות - הלכות שבת,כן,משנה ברורה,סימן רנב,פירוש,לא,
395,שונה הלכות - הלכות שבת,כן,משנה ברורה,סימן רנב,פירוש,לא,
397,שונה הלכות - הלכות שבת,כן,משנה ברורה,סימן רנב,פירוש,לא,
399,שונה הלכות - הלכות שבת,כן,משנה ברורה,סימן רנב,פירוש,לא,
401,שונה הלכות - הלכות שבת,כן,משנה ברורה,סימן רנב,פירוש,לא,
406,שונה הלכות - הלכות שבת,כן,משנה ברורה,סימן רנג,פירוש,לא,
409,שונה הלכות - הלכות שבת,כן,משנה ברורה,סימן רנג,פירוש,לא,
411,שונה הלכות - הלכות שבת,כן,משנה ברורה,סימן רנג,פירוש,לא,
412,שונה הלכות - הלכות שבת,כן,משנה ברורה,סימן רנג,פירוש,לא,
413,שונה הלכות - הלכות שבת,כן,משנה ברורה,סימן רנג,פירוש,לא,
415,שונה הלכות - הלכות שבת,כן,משנה ברורה,סימן רנג,פירוש,לא,
417,שונה הלכות - הלכות שבת,כן,משנה ברורה,סימן רנג,פירוש,לא,
419,שונה הלכות - הלכות שבת,כן,משנה ברורה,סימן רנג,פירוש,לא,
420,שונה הלכות - הלכות שבת,כן,משנה ברורה,סימן רנג,פירוש,לא,
421,שונה הלכות - הלכות שבת,כן,משנה ברורה,סימן רנג,פירוש,לא,
422,שונה הלכות - הלכות שבת,כן,משנה ברורה,סימן רנג,פירוש,לא,
423,שונה הלכות - הלכות שבת,כן,משנה ברורה,סימן רנג,פירוש,לא,
425,שונה הלכות - הלכות שבת,כן,משנה ברורה,סימן רנג,פירוש,לא,
427,שונה הלכות - הלכות שבת,כן,משנה ברורה,סימן רנג,פירוש,לא,
429,שונה הלכות - הלכות שבת,כן,משנה ברורה,סימן רנג,פירוש,לא,
431,שונה הלכות - הלכות שבת,כן,משנה ברורה,סימן רנג,פירוש,לא,
434,שונה הלכות - הלכות שבת,כן,משנה ברורה,סימן רנג,פירוש,לא,
436,שונה הלכות - הלכות שבת,כן,משנה ברורה,סימן רנג,פירוש,לא,
437,שונה הלכות - הלכות שבת,כן,משנה ברורה,סימן רנג,פירוש,לא,
438,שונה הלכות - הלכות שבת,כן,משנה ברורה,סימן רנג,פירוש,לא,
439,שונה הלכות - הלכות שבת,כן,משנה ברורה,סימן רנג,פירוש,לא,
440,שונה הלכות - הלכות שבת,כן,משנה ברורה,סימן רנג,פירוש,לא,
441,שונה הלכות - הלכות שבת,כן,משנה ברורה,סימן רנג,פירוש,לא,
442,שונה הלכות - הלכות שבת,כן,משנה ברורה,סימן רנג,פירוש,לא,
443,שונה הלכות - הלכות שבת,כן,משנה ברורה,סימן רנג,פירוש,לא,
444,שונה הלכות - הלכות שבת,כן,משנה ברורה,סימן רנג,פירוש,לא,
445,שונה הלכות - הלכות שבת,כן,משנה ברורה,סימן רנג,פירוש,לא,
446,שונה הלכות - הלכות שבת,כן,משנה ברורה,סימן רנג,פירוש,לא,
447,שונה הלכות - הלכות שבת,כן,משנה ברורה,סימן רנג,פירוש,לא,
449,שונה הלכות - הלכות שבת,כן,משנה ברורה,סימן רנג,פירוש,לא,
451,שונה הלכות - הלכות שבת,כן,משנה ברורה,סימן רנג,פירוש,לא,
452,שונה הלכות - הלכות שבת,כן,משנה ברורה,סימן רנג,פירוש,לא,
453,שונה הלכות - הלכות שבת,כן,משנה ברורה,סימן רנג,פירוש,לא,
455,שונה הלכות - הלכות שבת,כן,משנה ברורה,סימן רנג,פירוש,לא,
457,שונה הלכות - הלכות שבת,כן,משנה ברורה,סימן רנג,פירוש,לא,
459,שונה הלכות - הלכות שבת,כן,משנה ברורה,סימן רנג,פירוש,לא,
461,שונה הלכות - הלכות שבת,כן,משנה ברורה,סימן רנג,פירוש,לא,
463,שונה הלכות - הלכות שבת,כן,משנה ברורה,סימן רנג,פירוש,לא,
464,שונה הלכות - הלכות שבת,כן,משנה ברורה,סימן רנג,פירוש,לא,
465,שונה הלכות - הלכות שבת,כן,משנה ברורה,סימן רנג,פירוש,לא,
466,שונה הלכות - הלכות שבת,כן,משנה ברורה,סימן רנג,פירוש,לא,
467,שונה הלכות - הלכות שבת,כן,משנה ברורה,סימן רנג,פירוש,לא,
468,שונה הלכות - הלכות שבת,כן,משנה ברורה,סימן רנג,פירוש,לא,
469,שונה הלכות - הלכות שבת,כן,משנה ברורה,סימן רנג,פירוש,לא,
471,שונה הלכות - הלכות שבת,כן,משנה ברורה,סימן רנג,פירוש,לא,
472,שונה הלכות - הלכות שבת,כן,משנה ברורה,סימן רנג,פירוש,לא,
473,שונה הלכות - הלכות שבת,כן,משנה ברורה,סימן רנג,פירוש,לא,
474,שונה הלכות - הלכות שבת,כן,משנה ברורה,סימן רנג,פירוש,לא,
475,שונה הלכות - הלכות שבת,כן,משנה ברורה,סימן רנג,פירוש,לא,
477,שונה הלכות - הלכות שבת,כן,משנה ברורה,סימן רנג,פירוש,לא,
479,שונה הלכות - הלכות שבת,כן,משנה ברורה,סימן רנג,פירוש,לא,
481,שונה הלכות - הלכות שבת,כן,משנה ברורה,סימן רנג,פירוש,לא,
482,שונה הלכות - הלכות שבת,כן,משנה ברורה,סימן רנג,פירוש,לא,
483,שונה הלכות - הלכות שבת,כן,משנה ברורה,סימן רנג,פירוש,לא,
485,שונה הלכות - הלכות שבת,כן,משנה ברורה,סימן רנג,פירוש,לא,
487,שונה הלכות - הלכות שבת,כן,משנה ברורה,סימן רנג,פירוש,לא,
489,שונה הלכות - הלכות שבת,כן,משנה ברורה,סימן רנג,פירוש,לא,
491,שונה הלכות - הלכות שבת,כן,משנה ברורה,סימן רנג,פירוש,לא,
492,שונה הלכות - הלכות שבת,כן,משנה ברורה,סימן רנג,פירוש,לא,
493,שונה הלכות - הלכות שבת,כן,משנה ברורה,סימן רנג,פירוש,לא,
495,שונה הלכות - הלכות שבת,כן,משנה ברורה,סימן רנג,פירוש,לא,
497,שונה הלכות - הלכות שבת,כן,משנה ברורה,סימן רנג,פירוש,לא,
499,שונה הלכות - הלכות שבת,כן,משנה ברורה,סימן רנג,פירוש,לא,
501,שונה הלכות - הלכות שבת,כן,משנה ברורה,סימן רנג,פירוש,לא,
503,שונה הלכות - הלכות שבת,כן,משנה ברורה,סימן רנג,פירוש,לא,
504,שונה הלכות - הלכות שבת,כן,משנה ברורה,סימן רנג,פירוש,לא,
505,שונה הלכות - הלכות שבת,כן,משנה ברורה,סימן רנג,פירוש,לא,
507,שונה הלכות - הלכות שבת,כן,משנה ברורה,סימן רנג,פירוש,לא,
511,שונה הלכות - הלכות שבת,כן,משנה ברורה,סימן רנד,פירוש,לא,
514,שונה הלכות - הלכות שבת,כן,משנה ברורה,סימן רנד,פירוש,לא,
515,שונה הלכות - הלכות שבת,כן,משנה ברורה,סימן רנד,פירוש,לא,
516,שונה הלכות - הלכות שבת,כן,משנה ברורה,סימן רנד,פירוש,לא,
518,שונה הלכות - הלכות שבת,כן,משנה ברורה,סימן רנד,פירוש,לא,
519,שונה הלכות - הלכות שבת,כן,משנה ברורה,סימן רנד,פירוש,לא,
520,שונה הלכות - הלכות שבת,כן,משנה ברורה,סימן רנד,פירוש,לא,
522,שונה הלכות - הלכות שבת,כן,משנה ברורה,סימן רנד,פירוש,לא,
523,שונה הלכות - הלכות שבת,כן,משנה ברורה,סימן רנד,פירוש,לא,
524,שונה הלכות - הלכות שבת,כן,משנה ברורה,סימן רנד,פירוש,לא,
526,שונה הלכות - הלכות שבת,כן,משנה ברורה,סימן רנד,פירוש,לא,
528,שונה הלכות - הלכות שבת,כן,משנה ברורה,סימן רנד,פירוש,לא,
529,שונה הלכות - הלכות שבת,כן,משנה ברורה,סימן רנד,פירוש,לא,
530,שונה הלכות - הלכות שבת,כן,משנה ברורה,סימן רנד,פירוש,לא,
532,שונה הלכות - הלכות שבת,כן,משנה ברורה,סימן רנד,פירוש,לא,
534,שונה הלכות - הלכות שבת,כן,משנה ברורה,סימן רנד,פירוש,לא,
536,שונה הלכות - הלכות שבת,כן,משנה ברורה,סימן רנד,פירוש,לא,
538,שונה הלכות - הלכות שבת,כן,משנה ברורה,סימן רנד,פירוש,לא,
540,שונה הלכות - הלכות שבת,כן,משנה ברורה,סימן רנד,פירוש,לא,
541,שונה הלכות - הלכות שבת,כן,משנה ברורה,סימן רנד,פירוש,לא,
542,שונה הלכות - הלכות שבת,כן,משנה ברורה,סימן רנד,פירוש,לא,
544,שונה הלכות - הלכות שבת,כן,משנה ברורה,סימן רנד,פירוש,לא,
548,שונה הלכות - הלכות שבת,כן,משנה ברורה,סימן רנה,פירוש,לא,
551,שונה הלכות - הלכות שבת,כן,משנה ברורה,סימן רנה,פירוש,לא,
553,שונה הלכות - הלכות שבת,כן,משנה ברורה,סימן רנה,פירוש,לא,
554,שונה הלכות - הלכות שבת,כן,משנה ברורה,סימן רנה,פירוש,לא,
555,שונה הלכות - הלכות שבת,כן,משנה ברורה,סימן רנה,פירוש,לא,
557,שונה הלכות - הלכות שבת,כן,משנה ברורה,סימן רנה,פירוש,לא,
559,שונה הלכות - הלכות שבת,כן,משנה ברורה,סימן רנה,פירוש,לא,
561,שונה הלכות - הלכות שבת,כן,משנה ברורה,סימן רנה,פירוש,לא,
563,שונה הלכות - הלכות שבת,כן,משנה ברורה,סימן רנה,פירוש,לא,
567,שונה הלכות - הלכות שבת,כן,משנה ברורה,סימן רנו,פירוש,לא,
570,שונה הלכות - הלכות שבת,כן,משנה ברורה,סימן רנו,פירוש,לא,
572,שונה הלכות - הלכות שבת,כן,משנה ברורה,סימן רנו,פירוש,לא,
574,שונה הלכות - הלכות שבת,כן,משנה ברורה,סימן רנו,פירוש,לא,
575,שונה הלכות - הלכות שבת,כן,משנה ברורה,סימן רנו,פירוש,לא,
576,שונה הלכות - הלכות שבת,כן,משנה ברורה,סימן רנו,פירוש,לא,
578,שונה הלכות - הלכות שבת,כן,משנה ברורה,סימן רנו,פירוש,לא,
582,שונה הלכות - הלכות שבת,כן,משנה ברורה,סימן רנז,פירוש,לא,
585,שונה הלכות - הלכות שבת,כן,משנה ברורה,סימן רנז,פירוש,לא,
586,שונה הלכות - הלכות שבת,כן,משנה ברורה,סימן רנז,פירוש,לא,
587,שונה הלכות - הלכות שבת,כן,משנה ברורה,סימן רנז,פירוש,לא,
588,שונה הלכות - הלכות שבת,כן,משנה ברורה,סימן רנז,פירוש,לא,
589,שונה הלכות - הלכות שבת,כן,משנה ברורה,סימן רנז,פירוש,לא,
591,שונה הלכות - הלכות שבת,כן,משנה ברורה,סימן רנז,פירוש,לא,
592,שונה הלכות - הלכות שבת,כן,משנה ברורה,סימן רנז,פירוש,לא,
593,שונה הלכות - הלכות שבת,כן,משנה ברורה,סימן רנז,פירוש,לא,
595,שונה הלכות - הלכות שבת,כן,משנה ברורה,סימן רנז,פירוש,לא,
597,שונה הלכות - הלכות שבת,כן,משנה ברורה,סימן רנז,פירוש,לא,
599,שונה הלכות - הלכות שבת,כן,משנה ברורה,סימן רנז,פירוש,לא,
601,שונה הלכות - הלכות שבת,כן,משנה ברורה,סימן רנז,פירוש,לא,
603,שונה הלכות - הלכות שבת,כן,משנה ברורה,סימן רנז,פירוש,לא,
605,שונה הלכות - הלכות שבת,כן,משנה ברורה,סימן רנז,פירוש,לא,
607,שונה הלכות - הלכות שבת,כן,משנה ברורה,סימן רנז,פירוש,לא,
609,שונה הלכות - הלכות שבת,כן,משנה ברורה,סימן רנז,פירוש,לא,
611,שונה הלכות - הלכות שבת,כן,משנה ברורה,סימן רנז,פירוש,לא,
612,שונה הלכות - הלכות שבת,כן,משנה ברורה,סימן רנז,פירוש,לא,
613,שונה הלכות - הלכות שבת,כן,משנה ברורה,סימן רנז,פירוש,לא,
615,שונה הלכות - הלכות שבת,כן,משנה ברורה,סימן רנז,פירוש,לא,
616,שונה הלכות - הלכות שבת,כן,משנה ברורה,סימן רנז,פירוש,לא,
617,שונה הלכות - הלכות שבת,כן,משנה ברורה,סימן רנז,פירוש,לא,
619,שונה הלכות - הלכות שבת,כן,משנה ברורה,סימן רנז,פירוש,לא,
621,שונה הלכות - הלכות שבת,כן,משנה ברורה,סימן רנז,פירוש,לא,
622,שונה הלכות - הלכות שבת,כן,משנה ברורה,סימן רנז,פירוש,לא,
623,שונה הלכות - הלכות שבת,כן,משנה ברורה,סימן רנז,פירוש,לא,
625,שונה הלכות - הלכות שבת,כן,משנה ברורה,סימן רנז,פירוש,לא,
626,שונה הלכות - הלכות שבת,כן,משנה ברורה,סימן רנז,פירוש,לא,
627,שונה הלכות - הלכות שבת,כן,משנה ברורה,סימן רנז,פירוש,לא,
628,שונה הלכות - הלכות שבת,כן,משנה ברורה,סימן רנז,פירוש,לא,
629,שונה הלכות - הלכות שבת,כן,משנה ברורה,סימן רנז,פירוש,לא,
630,שונה הלכות - הלכות שבת,כן,משנה ברורה,סימן רנז,פירוש,לא,
631,שונה הלכות - הלכות שבת,כן,משנה ברורה,סימן רנז,פירוש,לא,
632,שונה הלכות - הלכות שבת,כן,משנה ברורה,סימן רנז,פירוש,לא,
633,שונה הלכות - הלכות שבת,כן,משנה ברורה,סימן רנז,פירוש,לא,
635,שונה הלכות - הלכות שבת,כן,משנה ברורה,סימן רנז,פירוש,לא,
636,שונה הלכות - הלכות שבת,כן,משנה ברורה,סימן רנז,פירוש,לא,
637,שונה הלכות - הלכות שבת,כן,משנה ברורה,סימן רנז,פירוש,לא,
639,שונה הלכות - הלכות שבת,כן,משנה ברורה,סימן רנז,פירוש,לא,
641,שונה הלכות - הלכות שבת,כן,משנה ברורה,סימן רנז,פירוש,לא,
642,שונה הלכות - הלכות שבת,כן,משנה ברורה,סימן רנז,פירוש,לא,
643,שונה הלכות - הלכות שבת,כן,משנה ברורה,סימן רנז,פירוש,לא,
645,שונה הלכות - הלכות שבת,כן,משנה ברורה,סימן רנז,פירוש,לא,
646,שונה הלכות - הלכות שבת,כן,משנה ברורה,סימן רנז,פירוש,לא,
647,שונה הלכות - הלכות שבת,כן,משנה ברורה,סימן רנז,פירוש,לא,
649,שונה הלכות - הלכות שבת,כן,משנה ברורה,סימן רנז,פירוש,לא,
651,שונה הלכות - הלכות שבת,כן,משנה ברורה,סימן רנז,פירוש,לא,
653,שונה הלכות - הלכות שבת,כן,משנה ברורה,סימן רנז,פירוש,לא,
655,שונה הלכות - הלכות שבת,כן,משנה ברורה,סימן רנז,פירוש,לא,
659,שונה הלכות - הלכות שבת,כן,משנה ברורה,סימן רנח,פירוש,לא,
662,שונה הלכות - הלכות שבת,כן,משנה ברורה,סימן רנח,פירוש,לא,
664,שונה הלכות - הלכות שבת,כן,משנה ברורה,סימן רנח,פירוש,לא,
666,שונה הלכות - הלכות שבת,כן,משנה ברורה,סימן רנח,פירוש,לא,
668,שונה הלכות - הלכות שבת,כן,משנה ברורה,סימן רנח,פירוש,לא,
672,שונה הלכות - הלכות שבת,כן,משנה ברורה,סימן רנט,פירוש,לא,
675,שונה הלכות - הלכות שבת,כן,משנה ברורה,סימן רנט,פירוש,לא,
677,שונה הלכות - הלכות שבת,כן,משנה ברורה,סימן רנט,פירוש,לא,
679,שונה הלכות - הלכות שבת,כן,משנה ברורה,סימן רנט,פירוש,לא,
681,שונה הלכות - הלכות שבת,כן,משנה ברורה,סימן רנט,פירוש,לא,
683,שונה הלכות - הלכות שבת,כן,משנה ברורה,סימן רנט,פירוש,לא,
685,שונה הלכות - הלכות שבת,כן,משנה ברורה,סימן רנט,פירוש,לא,
687,שונה הלכות - הלכות שבת,כן,משנה ברורה,סימן רנט,פירוש,לא,
689,שונה הלכות - הלכות שבת,כן,משנה ברורה,סימן רנט,פירוש,לא,
691,שונה הלכות - הלכות שבת,כן,משנה ברורה,סימן רנט,פירוש,לא,
692,שונה הלכות - הלכות שבת,כן,משנה ברורה,סימן רנט,פירוש,לא,
693,שונה הלכות - הלכות שבת,כן,משנה ברורה,סימן רנט,פירוש,לא,
697,שונה הלכות - הלכות שבת,כן,משנה ברורה,סימן רס,פירוש,לא,
700,שונה הלכות - הלכות שבת,כן,משנה ברורה,סימן רס,פירוש,לא,
701,שונה הלכות - הלכות שבת,כן,משנה ברורה,סימן רס,פירוש,לא,
702,שונה הלכות - הלכות שבת,כן,משנה ברורה,סימן רס,פירוש,לא,
703,שונה הלכות - הלכות שבת,כן,משנה ברורה,סימן רס,פירוש,לא,
704,שונה הלכות - הלכות שבת,כן,משנה ברורה,סימן רס,פירוש,לא,
706,שונה הלכות - הלכות שבת,כן,משנה ברורה,סימן רס,פירוש,לא,
708,שונה הלכות - הלכות שבת,כן,משנה ברורה,סימן רס,פירוש,לא,
710,שונה הלכות - הלכות שבת,כן,משנה ברורה,סימן רס,פירוש,לא,
712,שונה הלכות - הלכות שבת,כן,משנה ברורה,סימן רס,פירוש,לא,
714,שונה הלכות - הלכות שבת,כן,משנה ברורה,סימן רס,פירוש,לא,
716,שונה הלכות - הלכות שבת,כן,משנה ברורה,סימן רס,פירוש,לא,
718,שונה הלכות - הלכות שבת,כן,משנה ברורה,סימן רס,פירוש,לא,
720,שונה הלכות - הלכות שבת,כן,משנה ברורה,סימן רס,פירוש,לא,
721,שונה הלכות - הלכות שבת,כן,משנה ברורה,סימן רס,פירוש,לא,
722,שונה הלכות - הלכות שבת,כן,משנה ברורה,סימן רס,פירוש,לא,
724,שונה הלכות - הלכות שבת,כן,משנה ברורה,סימן רס,פירוש,לא,
728,שונה הלכות - הלכות שבת,כן,משנה ברורה,סימן רסא,פירוש,לא,
731,שונה הלכות - הלכות שבת,כן,משנה ברורה,סימן רסא,פירוש,לא,
733,שונה הלכות - הלכות שבת,כן,משנה ברורה,סימן רסא,פירוש,לא,
735,שונה הלכות - הלכות שבת,כן,משנה ברורה,סימן רסא,פירוש,לא,
737,שונה הלכות - הלכות שבת,כן,משנה ברורה,סימן רסא,פירוש,לא,
738,שונה הלכות - הלכות שבת,כן,משנה ברורה,סימן רסא,פירוש,לא,
739,שונה הלכות - הלכות שבת,כן,משנה ברורה,סימן רסא,פירוש,לא,
741,שונה הלכות - הלכות שבת,כן,משנה ברורה,סימן רסא,פירוש,לא,
743,שונה הלכות - הלכות שבת,כן,משנה ברורה,סימן רסא,פירוש,לא,
745,שונה הלכות - הלכות שבת,כן,משנה ברורה,סימן רסא,פירוש,לא,
746,שונה הלכות - הלכות שבת,כן,משנה ברורה,סימן רסא,פירוש,לא,
747,שונה הלכות - הלכות שבת,כן,משנה ברורה,סימן רסא,פירוש,לא,
749,שונה הלכות - הלכות שבת,כן,משנה ברורה,סימן רסא,פירוש,לא,
751,שונה הלכות - הלכות שבת,כן,משנה ברורה,סימן רסא,פירוש,לא,
755,שונה הלכות - הלכות שבת,כן,משנה ברורה,סימן רסב,פירוש,לא,
758,שונה הלכות - הלכות שבת,כן,משנה ברורה,סימן רסב,פירוש,לא,
760,שונה הלכות - הלכות שבת,כן,משנה ברורה,סימן רסב,פירוש,לא,
762,שונה הלכות - הלכות שבת,כן,משנה ברורה,סימן רסב,פירוש,לא,
764,שונה הלכות - הלכות שבת,כן,משנה ברורה,סימן רסב,פירוש,לא,
766,שונה הלכות - הלכות שבת,כן,משנה ברורה,סימן רסב,פירוש,לא,
768,שונה הלכות - הלכות שבת,כן,משנה ברורה,סימן רסב,פירוש,לא,
770,שונה הלכות - הלכות שבת,כן,משנה ברורה,סימן רסב,פירוש,לא,
772,שונה הלכות - הלכות שבת,כן,משנה ברורה,סימן רסב,פירוש,לא,
774,שונה הלכות - הלכות שבת,כן,משנה ברורה,סימן רסב,פירוש,לא,
776,שונה הלכות - הלכות שבת,כן,משנה ברורה,סימן רסב,פירוש,לא,
778,שונה הלכות - הלכות שבת,כן,משנה ברורה,סימן רסב,פירוש,לא,
780,שונה הלכות - הלכות שבת,כן,משנה ברורה,סימן רסב,פירוש,לא,
783,שונה הלכות - הלכות שבת,כן,משנה ברורה,סימן רסג,פירוש,לא,
786,שונה הלכות - הלכות שבת,כן,משנה ברורה,סימן רסג,פירוש,לא,
787,שונה הלכות - הלכות שבת,כן,משנה ברורה,סימן רסג,פירוש,לא,
788,שונה הלכות - הלכות שבת,כן,משנה ברורה,סימן רסג,פירוש,לא,
789,שונה הלכות - הלכות שבת,כן,משנה ברורה,סימן רסג,פירוש,לא,
790,שונה הלכות - הלכות שבת,כן,משנה ברורה,סימן רסג,פירוש,לא,
791,שונה הלכות - הלכות שבת,כן,משנה ברורה,סימן רסג,פירוש,לא,
792,שונה הלכות - הלכות שבת,כן,משנה ברורה,סימן רסג,פירוש,לא,
793,שונה הלכות - הלכות שבת,כן,משנה ברורה,סימן רסג,פירוש,לא,
794,שונה הלכות - הלכות שבת,כן,משנה ברורה,סימן רסג,פירוש,לא,
796,שונה הלכות - הלכות שבת,כן,משנה ברורה,סימן רסג,פירוש,לא,
798,שונה הלכות - הלכות שבת,כן,משנה ברורה,סימן רסג,פירוש,לא,
800,שונה הלכות - הלכות שבת,כן,משנה ברורה,סימן רסג,פירוש,לא,
802,שונה הלכות - הלכות שבת,כן,משנה ברורה,סימן רסג,פירוש,לא,
804,שונה הלכות - הלכות שבת,כן,משנה ברורה,סימן רסג,פירוש,לא,
806,שונה הלכות - הלכות שבת,כן,משנה ברורה,סימן רסג,פירוש,לא,
808,שונה הלכות - הלכות שבת,כן,משנה ברורה,סימן רסג,פירוש,לא,
810,שונה הלכות - הלכות שבת,כן,משנה ברורה,סימן רסג,פירוש,לא,
811,שונה הלכות - הלכות שבת,כן,משנה ברורה,סימן רסג,פירוש,לא,
812,שונה הלכות - הלכות שבת,כן,משנה ברורה,סימן רסג,פירוש,לא,
814,שונה הלכות - הלכות שבת,כן,משנה ברורה,סימן רסג,פירוש,לא,
815,שונה הלכות - הלכות שבת,כן,משנה ברורה,סימן רסג,פירוש,לא,
816,שונה הלכות - הלכות שבת,כן,משנה ברורה,סימן רסג,פירוש,לא,
818,שונה הלכות - הלכות שבת,כן,משנה ברורה,סימן רסג,פירוש,לא,
820,שונה הלכות - הלכות שבת,כן,משנה ברורה,סימן רסג,פירוש,לא,
821,שונה הלכות - הלכות שבת,כן,משנה ברורה,סימן רסג,פירוש,לא,
822,שונה הלכות - הלכות שבת,כן,משנה ברורה,סימן רסג,פירוש,לא,
824,שונה הלכות - הלכות שבת,כן,משנה ברורה,סימן רסג,פירוש,לא,
826,שונה הלכות - הלכות שבת,כן,משנה ברורה,סימן רסג,פירוש,לא,
828,שונה הלכות - הלכות שבת,כן,משנה ברורה,סימן רסג,פירוש,לא,
830,שונה הלכות - הלכות שבת,כן,משנה ברורה,סימן רסג,פירוש,לא,
832,שונה הלכות - הלכות שבת,כן,משנה ברורה,סימן רסג,פירוש,לא,
833,שונה הלכות - הלכות שבת,כן,משנה ברורה,סימן רסג,פירוש,לא,
834,שונה הלכות - הלכות שבת,כן,משנה ברורה,סימן רסג,פירוש,לא,
836,שונה הלכות - הלכות שבת,כן,משנה ברורה,סימן רסג,פירוש,לא,
838,שונה הלכות - הלכות שבת,כן,משנה ברורה,סימן רסג,פירוש,לא,
840,שונה הלכות - הלכות שבת,כן,משנה ברורה,סימן רסג,פירוש,לא,
842,שונה הלכות - הלכות שבת,כן,משנה ברורה,סימן רסג,פירוש,לא,
844,שונה הלכות - הלכות שבת,כן,משנה ברורה,סימן רסג,פירוש,לא,
846,שונה הלכות - הלכות שבת,כן,משנה ברורה,סימן רסג,פירוש,לא,
848,שונה הלכות - הלכות שבת,כן,משנה ברורה,סימן רסג,פירוש,לא,
849,שונה הלכות - הלכות שבת,כן,משנה ברורה,סימן רסג,פירוש,לא,
850,שונה הלכות - הלכות שבת,כן,משנה ברורה,סימן רסג,פירוש,לא,
852,שונה הלכות - הלכות שבת,כן,משנה ברורה,סימן רסג,פירוש,לא,
854,שונה הלכות - הלכות שבת,כן,משנה ברורה,סימן רסג,פירוש,לא,
856,שונה הלכות - הלכות שבת,כן,משנה ברורה,סימן רסג,פירוש,לא,
858,שונה הלכות - הלכות שבת,כן,משנה ברורה,סימן רסג,פירוש,לא,
860,שונה הלכות - הלכות שבת,כן,משנה ברורה,סימן רסג,פירוש,לא,
862,שונה הלכות - הלכות שבת,כן,משנה ברורה,סימן רסג,פירוש,לא,
864,שונה הלכות - הלכות שבת,כן,משנה ברורה,סימן רסג,פירוש,לא,
866,שונה הלכות - הלכות שבת,כן,משנה ברורה,סימן רסג,פירוש,לא,
868,שונה הלכות - הלכות שבת,כן,משנה ברורה,סימן רסג,פירוש,לא,
872,שונה הלכות - הלכות שבת,כן,משנה ברורה,סימן רסד,פירוש,לא,
875,שונה הלכות - הלכות שבת,כן,משנה ברורה,סימן רסד,פירוש,לא,
877,שונה הלכות - הלכות שבת,כן,משנה ברורה,סימן רסד,פירוש,לא,
878,שונה הלכות - הלכות שבת,כן,משנה ברורה,סימן רסד,פירוש,לא,
879,שונה הלכות - הלכות שבת,כן,משנה ברורה,סימן רסד,פירוש,לא,
881,שונה הלכות - הלכות שבת,כן,משנה ברורה,סימן רסד,פירוש,לא,
883,שונה הלכות - הלכות שבת,כן,משנה ברורה,סימן רסד,פירוש,לא,
885,שונה הלכות - הלכות שבת,כן,משנה ברורה,סימן רסד,פירוש,לא,
887,שונה הלכות - הלכות שבת,כן,משנה ברורה,סימן רסד,פירוש,לא,
889,שונה הלכות - הלכות שבת,כן,משנה ברורה,סימן רסד,פירוש,לא,
891,שונה הלכות - הלכות שבת,כן,משנה ברורה,סימן רסד,פירוש,לא,
893,שונה הלכות - הלכות שבת,כן,משנה ברורה,סימן רסד,פירוש,לא,
895,שונה הלכות - הלכות שבת,כן,משנה ברורה,סימן רסד,פירוש,לא,
897,שונה הלכות - הלכות שבת,כן,משנה ברורה,סימן רסד,פירוש,לא,
899,שונה הלכות - הלכות שבת,כן,משנה ברורה,סימן רסד,פירוש,לא,
901,שונה הלכות - הלכות שבת,כן,משנה ברורה,סימן רסד,פירוש,לא,
903,שונה הלכות - הלכות שבת,כן,משנה ברורה,סימן רסד,פירוש,לא,
907,שונה הלכות - הלכות שבת,כן,משנה ברורה,סימן רסה,פירוש,לא,
910,שונה הלכות - הלכות שבת,כן,משנה ברורה,סימן רסה,פירוש,לא,
912,שונה הלכות - הלכות שבת,כן,משנה ברורה,סימן רסה,פירוש,לא,
914,שונה הלכות - הלכות שבת,כן,משנה ברורה,סימן רסה,פירוש,לא,
916,שונה הלכות - הלכות שבת,כן,משנה ברורה,סימן רסה,פירוש,לא,
918,שונה הלכות - הלכות שבת,כן,משנה ברורה,סימן רסה,פירוש,לא,
920,שונה הלכות - הלכות שבת,כן,משנה ברורה,סימן רסה,פירוש,לא,
922,שונה הלכות - הלכות שבת,כן,משנה ברורה,סימן רסה,פירוש,לא,
924,שונה הלכות - הלכות שבת,כן,משנה ברורה,סימן רסה,פירוש,לא,
928,שונה הלכות - הלכות שבת,כן,משנה ברורה,סימן רסו,פירוש,לא,
931,שונה הלכות - הלכות שבת,כן,משנה ברורה,סימן רסו,פירוש,לא,
932,שונה הלכות - הלכות שבת,כן,משנה ברורה,סימן רסו,פירוש,לא,
933,שונה הלכות - הלכות שבת,כן,משנה ברורה,סימן רסו,פירוש,לא,
935,שונה הלכות - הלכות שבת,כן,משנה ברורה,סימן רסו,פירוש,לא,
937,שונה הלכות - הלכות שבת,כן,משנה ברורה,סימן רסו,פירוש,לא,
939,שונה הלכות - הלכות שבת,כן,משנה ברורה,סימן רסו,פירוש,לא,
941,שונה הלכות - הלכות שבת,כן,משנה ברורה,סימן רסו,פירוש,לא,
943,שונה הלכות - הלכות שבת,כן,משנה ברורה,סימן רסו,פירוש,לא,
945,שונה הלכות - הלכות שבת,כן,משנה ברורה,סימן רסו,פירוש,לא,
946,שונה הלכות - הלכות שבת,כן,משנה ברורה,סימן רסו,פירוש,לא,
947,שונה הלכות - הלכות שבת,כן,משנה ברורה,סימן רסו,פירוש,לא,
949,שונה הלכות - הלכות שבת,כן,משנה ברורה,סימן רסו,פירוש,לא,
951,שונה הלכות - הלכות שבת,כן,משנה ברורה,סימן רסו,פירוש,לא,
953,שונה הלכות - הלכות שבת,כן,משנה ברורה,סימן רסו,פירוש,לא,
955,שונה הלכות - הלכות שבת,כן,משנה ברורה,סימן רסו,פירוש,לא,
957,שונה הלכות - הלכות שבת,כן,משנה ברורה,סימן רסו,פירוש,לא,
959,שונה הלכות - הלכות שבת,כן,משנה ברורה,סימן רסו,פירוש,לא,
963,שונה הלכות - הלכות שבת,כן,משנה ברורה,סימן רסז,פירוש,לא,
966,שונה הלכות - הלכות שבת,כן,משנה ברורה,סימן רסז,פירוש,לא,
968,שונה הלכות - הלכות שבת,כן,משנה ברורה,סימן רסז,פירוש,לא,
970,שונה הלכות - הלכות שבת,כן,משנה ברורה,סימן רסז,פירוש,לא,
972,שונה הלכות - הלכות שבת,כן,משנה ברורה,סימן רסז,פירוש,לא,
974,שונה הלכות - הלכות שבת,כן,משנה ברורה,סימן רסז,פירוש,לא,
977,שונה הלכות - הלכות שבת,כן,משנה ברורה,סימן רסח,פירוש,לא,
980,שונה הלכות - הלכות שבת,כן,משנה ברורה,סימן רסח,פירוש,לא,
982,שונה הלכות - הלכות שבת,כן,משנה ברורה,סימן רסח,פירוש,לא,
984,שונה הלכות - הלכות שבת,כן,משנה ברורה,סימן רסח,פירוש,לא,
986,שונה הלכות - הלכות שבת,כן,משנה ברורה,סימן רסח,פירוש,לא,
988,שונה הלכות - הלכות שבת,כן,משנה ברורה,סימן רסח,פירוש,לא,
990,שונה הלכות - הלכות שבת,כן,משנה ברורה,סימן רסח,פירוש,לא,
992,שונה הלכות - הלכות שבת,כן,משנה ברורה,סימן רסח,פירוש,לא,
994,שונה הלכות - הלכות שבת,כן,משנה ברורה,סימן רסח,פירוש,לא,
996,שונה הלכות - הלכות שבת,כן,משנה ברורה,סימן רסח,פירוש,לא,
998,שונה הלכות - הלכות שבת,כן,משנה ברורה,סימן רסח,פירוש,לא,
1000,שונה הלכות - הלכות שבת,כן,משנה ברורה,סימן רסח,פירוש,לא,
1002,שונה הלכות - הלכות שבת,כן,משנה ברורה,סימן רסח,פירוש,לא,
1005,שונה הלכות - הלכות שבת,כן,משנה ברורה,סימן רסט,פירוש,לא,
1008,שונה הלכות - הלכות שבת,כן,משנה ברורה,סימן רסט,פירוש,לא,
1009,שונה הלכות - הלכות שבת,כן,משנה ברורה,סימן רסט,פירוש,לא,
1010,שונה הלכות - הלכות שבת,כן,משנה ברורה,סימן רסט,פירוש,לא,
1012,שונה הלכות - הלכות שבת,כן,משנה ברורה,סימן רסט,פירוש,לא,
1021,שונה הלכות - הלכות שבת,כן,משנה ברורה,סימן רעא,פירוש,לא,
1024,שונה הלכות - הלכות שבת,כן,משנה ברורה,סימן רעא,פירוש,לא,
1025,שונה הלכות - הלכות שבת,כן,משנה ברורה,סימן רעא,פירוש,לא,
1026,שונה הלכות - הלכות שבת,כן,משנה ברורה,סימן רעא,פירוש,לא,
1028,שונה הלכות - הלכות שבת,כן,משנה ברורה,סימן רעא,פירוש,לא,
1030,שונה הלכות - הלכות שבת,כן,משנה ברורה,סימן רעא,פירוש,לא,
1032,שונה הלכות - הלכות שבת,כן,משנה ברורה,סימן רעא,פירוש,לא,
1034,שונה הלכות - הלכות שבת,כן,משנה ברורה,סימן רעא,פירוש,לא,
1036,שונה הלכות - הלכות שבת,כן,משנה ברורה,סימן רעא,פירוש,לא,
1038,שונה הלכות - הלכות שבת,כן,משנה ברורה,סימן רעא,פירוש,לא,
1039,שונה הלכות - הלכות שבת,כן,משנה ברורה,סימן רעא,פירוש,לא,
1040,שונה הלכות - הלכות שבת,כן,משנה ברורה,סימן רעא,פירוש,לא,
1041,שונה הלכות - הלכות שבת,כן,משנה ברורה,סימן רעא,פירוש,לא,
1042,שונה הלכות - הלכות שבת,כן,משנה ברורה,סימן רעא,פירוש,לא,
1044,שונה הלכות - הלכות שבת,כן,משנה ברורה,סימן רעא,פירוש,לא,
1046,שונה הלכות - הלכות שבת,כן,משנה ברורה,סימן רעא,פירוש,לא,
1048,שונה הלכות - הלכות שבת,כן,משנה ברורה,סימן רעא,פירוש,לא,
1050,שונה הלכות - הלכות שבת,כן,משנה ברורה,סימן רעא,פירוש,לא,
1051,שונה הלכות - הלכות שבת,כן,משנה ברורה,סימן רעא,פירוש,לא,
1052,שונה הלכות - הלכות שבת,כן,משנה ברורה,סימן רעא,פירוש,לא,
1054,שונה הלכות - הלכות שבת,כן,משנה ברורה,סימן רעא,פירוש,לא,
1056,שונה הלכות - הלכות שבת,כן,משנה ברורה,סימן רעא,פירוש,לא,
1058,שונה הלכות - הלכות שבת,כן,משנה ברורה,סימן רעא,פירוש,לא,
1060,שונה הלכות - הלכות שבת,כן,משנה ברורה,סימן רעא,פירוש,לא,
1062,שונה הלכות - הלכות שבת,כן,משנה ברורה,סימן רעא,פירוש,לא,
1064,שונה הלכות - הלכות שבת,כן,משנה ברורה,סימן רעא,פירוש,לא,
1066,שונה הלכות - הלכות שבת,כן,משנה ברורה,סימן רעא,פירוש,לא,
1068,שונה הלכות - הלכות שבת,כן,משנה ברורה,סימן רעא,פירוש,לא,
1069,שונה הלכות - הלכות שבת,כן,משנה ברורה,סימן רעא,פירוש,לא,
1070,שונה הלכות - הלכות שבת,כן,משנה ברורה,סימן רעא,פירוש,לא,
1072,שונה הלכות - הלכות שבת,כן,משנה ברורה,סימן רעא,פירוש,לא,
1074,שונה הלכות - הלכות שבת,כן,משנה ברורה,סימן רעא,פירוש,לא,
1076,שונה הלכות - הלכות שבת,כן,משנה ברורה,סימן רעא,פירוש,לא,
1078,שונה הלכות - הלכות שבת,כן,משנה ברורה,סימן רעא,פירוש,לא,
1080,שונה הלכות - הלכות שבת,כן,משנה ברורה,סימן רעא,פירוש,לא,
1082,שונה הלכות - הלכות שבת,כן,משנה ברורה,סימן רעא,פירוש,לא,
1084,שונה הלכות - הלכות שבת,כן,משנה ברורה,סימן רעא,פירוש,לא,
1086,שונה הלכות - הלכות שבת,כן,משנה ברורה,סימן רעא,פירוש,לא,
1088,שונה הלכות - הלכות שבת,כן,משנה ברורה,סימן רעא,פירוש,לא,
1090,שונה הלכות - הלכות שבת,כן,משנה ברורה,סימן רעא,פירוש,לא,
1092,שונה הלכות - הלכות שבת,כן,משנה ברורה,סימן רעא,פירוש,לא,
1094,שונה הלכות - הלכות שבת,כן,משנה ברורה,סימן רעא,פירוש,לא,
1096,שונה הלכות - הלכות שבת,כן,משנה ברורה,סימן רעא,פירוש,לא,
1098,שונה הלכות - הלכות שבת,כן,משנה ברורה,סימן רעא,פירוש,לא,
1100,שונה הלכות - הלכות שבת,כן,משנה ברורה,סימן רעא,פירוש,לא,
1102,שונה הלכות - הלכות שבת,כן,משנה ברורה,סימן רעא,פירוש,לא,
1104,שונה הלכות - הלכות שבת,כן,משנה ברורה,סימן רעא,פירוש,לא,
1106,שונה הלכות - הלכות שבת,כן,משנה ברורה,סימן רעא,פירוש,לא,
1108,שונה הלכות - הלכות שבת,כן,משנה ברורה,סימן רעא,פירוש,לא,
1112,שונה הלכות - הלכות שבת,כן,משנה ברורה,סימן רעב,פירוש,לא,
1115,שונה הלכות - הלכות שבת,כן,משנה ברורה,סימן רעב,פירוש,לא,
1116,שונה הלכות - הלכות שבת,כן,משנה ברורה,סימן רעב,פירוש,לא,
1117,שונה הלכות - הלכות שבת,כן,משנה ברורה,סימן רעב,פירוש,לא,
1119,שונה הלכות - הלכות שבת,כן,משנה ברורה,סימן רעב,פירוש,לא,
1120,שונה הלכות - הלכות שבת,כן,משנה ברורה,סימן רעב,פירוש,לא,
1121,שונה הלכות - הלכות שבת,כן,משנה ברורה,סימן רעב,פירוש,לא,
1123,שונה הלכות - הלכות שבת,כן,משנה ברורה,סימן רעב,פירוש,לא,
1125,שונה הלכות - הלכות שבת,כן,משנה ברורה,סימן רעב,פירוש,לא,
1127,שונה הלכות - הלכות שבת,כן,משנה ברורה,סימן רעב,פירוש,לא,
1129,שונה הלכות - הלכות שבת,כן,משנה ברורה,סימן רעב,פירוש,לא,
1131,שונה הלכות - הלכות שבת,כן,משנה ברורה,סימן רעב,פירוש,לא,
1133,שונה הלכות - הלכות שבת,כן,משנה ברורה,סימן רעב,פירוש,לא,
1135,שונה הלכות - הלכות שבת,כן,משנה ברורה,סימן רעב,פירוש,לא,
1137,שונה הלכות - הלכות שבת,כן,משנה ברורה,סימן רעב,פירוש,לא,
1139,שונה הלכות - הלכות שבת,כן,משנה ברורה,סימן רעב,פירוש,לא,
1141,שונה הלכות - הלכות שבת,כן,משנה ברורה,סימן רעב,פירוש,לא,
1143,שונה הלכות - הלכות שבת,כן,משנה ברורה,סימן רעב,פירוש,לא,
1144,שונה הלכות - הלכות שבת,כן,משנה ברורה,סימן רעב,פירוש,לא,
1145,שונה הלכות - הלכות שבת,כן,משנה ברורה,סימן רעב,פירוש,לא,
1147,שונה הלכות - הלכות שבת,כן,משנה ברורה,סימן רעב,פירוש,לא,
1151,שונה הלכות - הלכות שבת,כן,משנה ברורה,סימן רעג,פירוש,לא,
1154,שונה הלכות - הלכות שבת,כן,משנה ברורה,סימן רעג,פירוש,לא,
1156,שונה הלכות - הלכות שבת,כן,משנה ברורה,סימן רעג,פירוש,לא,
1158,שונה הלכות - הלכות שבת,כן,משנה ברורה,סימן רעג,פירוש,לא,
1160,שונה הלכות - הלכות שבת,כן,משנה ברורה,סימן רעג,פירוש,לא,
1162,שונה הלכות - הלכות שבת,כן,משנה ברורה,סימן רעג,פירוש,לא,
1164,שונה הלכות - הלכות שבת,כן,משנה ברורה,סימן רעג,פירוש,לא,
1166,שונה הלכות - הלכות שבת,כן,משנה ברורה,סימן רעג,פירוש,לא,
1168,שונה הלכות - הלכות שבת,כן,משנה ברורה,סימן רעג,פירוש,לא,
1170,שונה הלכות - הלכות שבת,כן,משנה ברורה,סימן רעג,פירוש,לא,
1174,שונה הלכות - הלכות שבת,כן,משנה ברורה,סימן רעד,פירוש,לא,
1177,שונה הלכות - הלכות שבת,כן,משנה ברורה,סימן רעד,פירוש,לא,
1179,שונה הלכות - הלכות שבת,כן,משנה ברורה,סימן רעד,פירוש,לא,
1181,שונה הלכות - הלכות שבת,כן,משנה ברורה,סימן רעד,פירוש,לא,
1183,שונה הלכות - הלכות שבת,כן,משנה ברורה,סימן רעד,פירוש,לא,
1185,שונה הלכות - הלכות שבת,כן,משנה ברורה,סימן רעד,פירוש,לא,
1187,שונה הלכות - הלכות שבת,כן,משנה ברורה,סימן רעד,פירוש,לא,
1189,שונה הלכות - הלכות שבת,כן,משנה ברורה,סימן רעד,פירוש,לא,
1191,שונה הלכות - הלכות שבת,כן,משנה ברורה,סימן רעד,פירוש,לא,
1192,שונה הלכות - הלכות שבת,כן,משנה ברורה,סימן רעד,פירוש,לא,
1193,שונה הלכות - הלכות שבת,כן,משנה ברורה,סימן רעד,פירוש,לא,
1195,שונה הלכות - הלכות שבת,כן,משנה ברורה,סימן רעד,פירוש,לא,
1197,שונה הלכות - הלכות שבת,כן,משנה ברורה,סימן רעד,פירוש,לא,
1199,שונה הלכות - הלכות שבת,כן,משנה ברורה,סימן רעד,פירוש,לא,
1230,שונה הלכות - הלכות שבת,כן,משנה ברורה,סימן רעו,פירוש,לא,
1233,שונה הלכות - הלכות שבת,כן,משנה ברורה,סימן רעו,פירוש,לא,
1235,שונה הלכות - הלכות שבת,כן,משנה ברורה,סימן רעו,פירוש,לא,
1237,שונה הלכות - הלכות שבת,כן,משנה ברורה,סימן רעו,פירוש,לא,
1239,שונה הלכות - הלכות שבת,כן,משנה ברורה,סימן רעו,פירוש,לא,
1241,שונה הלכות - הלכות שבת,כן,משנה ברורה,סימן רעו,פירוש,לא,
1242,שונה הלכות - הלכות שבת,כן,משנה ברורה,סימן רעו,פירוש,לא,
1243,שונה הלכות - הלכות שבת,כן,משנה ברורה,סימן רעו,פירוש,לא,
1245,שונה הלכות - הלכות שבת,כן,משנה ברורה,סימן רעו,פירוש,לא,
1247,שונה הלכות - הלכות שבת,כן,משנה ברורה,סימן רעו,פירוש,לא,
1249,שונה הלכות - הלכות שבת,כן,משנה ברורה,סימן רעו,פירוש,לא,
1251,שונה הלכות - הלכות שבת,כן,משנה ברורה,סימן רעו,פירוש,לא,
1253,שונה הלכות - הלכות שבת,כן,משנה ברורה,סימן רעו,פירוש,לא,
1255,שונה הלכות - הלכות שבת,כן,משנה ברורה,סימן רעו,פירוש,לא,
1259,שונה הלכות - הלכות שבת,כן,משנה ברורה,סימן רעז,פירוש,לא,
1262,שונה הלכות - הלכות שבת,כן,משנה ברורה,סימן רעז,פירוש,לא,
1264,שונה הלכות - הלכות שבת,כן,משנה ברורה,סימן רעז,פירוש,לא,
1266,שונה הלכות - הלכות שבת,כן,משנה ברורה,סימן רעז,פירוש,לא,
1268,שונה הלכות - הלכות שבת,כן,משנה ברורה,סימן רעז,פירוש,לא,
1270,שונה הלכות - הלכות שבת,כן,משנה ברורה,סימן רעז,פירוש,לא,
1272,שונה הלכות - הלכות שבת,כן,משנה ברורה,סימן רעז,פירוש,לא,
1274,שונה הלכות - הלכות שבת,כן,משנה ברורה,סימן רעז,פירוש,לא,
1276,שונה הלכות - הלכות שבת,כן,משנה ברורה,סימן רעז,פירוש,לא,
1278,שונה הלכות - הלכות שבת,כן,משנה ברורה,סימן רעז,פירוש,לא,
1282,שונה הלכות - הלכות שבת,כן,משנה ברורה,סימן רעח,פירוש,לא,
1285,שונה הלכות - הלכות שבת,כן,משנה ברורה,סימן רעח,פירוש,לא,
1286,שונה הלכות - הלכות שבת,כן,משנה ברורה,סימן רעח,פירוש,לא,
1287,שונה הלכות - הלכות שבת,כן,משנה ברורה,סימן רעח,פירוש,לא,
1289,שונה הלכות - הלכות שבת,כן,משנה ברורה,סימן רעח,פירוש,לא,
1291,שונה הלכות - הלכות שבת,כן,משנה ברורה,סימן רעח,פירוש,לא,
1295,שונה הלכות - הלכות שבת,כן,משנה ברורה,סימן רעט,פירוש,לא,
1298,שונה הלכות - הלכות שבת,כן,משנה ברורה,סימן רעט,פירוש,לא,
1300,שונה הלכות - הלכות שבת,כן,משנה ברורה,סימן רעט,פירוש,לא,
1301,שונה הלכות - הלכות שבת,כן,משנה ברורה,סימן רעט,פירוש,לא,
1302,שונה הלכות - הלכות שבת,כן,משנה ברורה,סימן רעט,פירוש,לא,
1304,שונה הלכות - הלכות שבת,כן,משנה ברורה,סימן רעט,פירוש,לא,
1306,שונה הלכות - הלכות שבת,כן,משנה ברורה,סימן רעט,פירוש,לא,
1308,שונה הלכות - הלכות שבת,כן,משנה ברורה,סימן רעט,פירוש,לא,
1309,שונה הלכות - הלכות שבת,כן,משנה ברורה,סימן רעט,פירוש,לא,
1310,שונה הלכות - הלכות שבת,כן,משנה ברורה,סימן רעט,פירוש,לא,
1312,שונה הלכות - הלכות שבת,כן,משנה ברורה,סימן רעט,פירוש,לא,
1313,שונה הלכות - הלכות שבת,כן,משנה ברורה,סימן רעט,פירוש,לא,
1314,שונה הלכות - הלכות שבת,כן,משנה ברורה,סימן רעט,פירוש,לא,
1316,שונה הלכות - הלכות שבת,כן,משנה ברורה,סימן רעט,פירוש,לא,
1320,שונה הלכות - הלכות שבת,כן,משנה ברורה,סימן רפ,פירוש,לא,
1323,שונה הלכות - הלכות שבת,כן,משנה ברורה,סימן רפ,פירוש,לא,
1325,שונה הלכות - הלכות שבת,כן,משנה ברורה,סימן רפ,פירוש,לא,
1327,שונה הלכות - הלכות שבת,כן,משנה ברורה,סימן רפ,פירוש,לא,
1330,שונה הלכות - הלכות שבת,כן,משנה ברורה,סימן רפא,פירוש,לא,
1333,שונה הלכות - הלכות שבת,כן,משנה ברורה,סימן רפא,פירוש,לא,
1335,שונה הלכות - הלכות שבת,כן,משנה ברורה,סימן רפא,פירוש,לא,
1336,שונה הלכות - הלכות שבת,כן,משנה ברורה,סימן רפא,פירוש,לא,
1337,שונה הלכות - הלכות שבת,כן,משנה ברורה,סימן רפא,פירוש,לא,
1339,שונה הלכות - הלכות שבת,כן,משנה ברורה,סימן רפא,פירוש,לא,
1340,שונה הלכות - הלכות שבת,כן,משנה ברורה,סימן רפא,פירוש,לא,
1341,שונה הלכות - הלכות שבת,כן,משנה ברורה,סימן רפא,פירוש,לא,
1343,שונה הלכות - הלכות שבת,כן,משנה ברורה,סימן רפא,פירוש,לא,
1347,שונה הלכות - הלכות שבת,כן,משנה ברורה,סימן רפב,פירוש,לא,
1350,שונה הלכות - הלכות שבת,כן,משנה ברורה,סימן רפב,פירוש,לא,
1352,שונה הלכות - הלכות שבת,כן,משנה ברורה,סימן רפב,פירוש,לא,
1354,שונה הלכות - הלכות שבת,כן,משנה ברורה,סימן רפב,פירוש,לא,
1356,שונה הלכות - הלכות שבת,כן,משנה ברורה,סימן רפב,פירוש,לא,
1358,שונה הלכות - הלכות שבת,כן,משנה ברורה,סימן רפב,פירוש,לא,
1360,שונה הלכות - הלכות שבת,כן,משנה ברורה,סימן רפב,פירוש,לא,
1362,שונה הלכות - הלכות שבת,כן,משנה ברורה,סימן רפב,פירוש,לא,
1364,שונה הלכות - הלכות שבת,כן,משנה ברורה,סימן רפב,פירוש,לא,
1366,שונה הלכות - הלכות שבת,כן,משנה ברורה,סימן רפב,פירוש,לא,
1368,שונה הלכות - הלכות שבת,כן,משנה ברורה,סימן רפב,פירוש,לא,
1370,שונה הלכות - הלכות שבת,כן,משנה ברורה,סימן רפב,פירוש,לא,
1372,שונה הלכות - הלכות שבת,כן,משנה ברורה,סימן רפב,פירוש,לא,
1374,שונה הלכות - הלכות שבת,כן,משנה ברורה,סימן רפב,פירוש,לא,
1376,שונה הלכות - הלכות שבת,כן,משנה ברורה,סימן רפב,פירוש,לא,
1378,שונה הלכות - הלכות שבת,כן,משנה ברורה,סימן רפב,פירוש,לא,
1380,שונה הלכות - הלכות שבת,כן,משנה ברורה,סימן רפב,פירוש,לא,
1384,שונה הלכות - הלכות שבת,כן,משנה ברורה,סימן רפג,פירוש,לא,
1387,שונה הלכות - הלכות שבת,כן,משנה ברורה,סימן רפג,פירוש,לא,
1389,שונה הלכות - הלכות שבת,כן,משנה ברורה,סימן רפג,פירוש,לא,
1393,שונה הלכות - הלכות שבת,כן,משנה ברורה,סימן רפד,פירוש,לא,
1396,שונה הלכות - הלכות שבת,כן,משנה ברורה,סימן רפד,פירוש,לא,
1398,שונה הלכות - הלכות שבת,כן,משנה ברורה,סימן רפד,פירוש,לא,
1400,שונה הלכות - הלכות שבת,כן,משנה ברורה,סימן רפד,פירוש,לא,
1402,שונה הלכות - הלכות שבת,כן,משנה ברורה,סימן רפד,פירוש,לא,
1404,שונה הלכות - הלכות שבת,כן,משנה ברורה,סימן רפד,פירוש,לא,
1406,שונה הלכות - הלכות שבת,כן,משנה ברורה,סימן רפד,פירוש,לא,
1408,שונה הלכות - הלכות שבת,כן,משנה ברורה,סימן רפד,פירוש,לא,
1410,שונה הלכות - הלכות שבת,כן,משנה ברורה,סימן רפד,פירוש,לא,
1412,שונה הלכות - הלכות שבת,כן,משנה ברורה,סימן רפד,פירוש,לא,
1414,שונה הלכות - הלכות שבת,כן,משנה ברורה,סימן רפד,פירוש,לא,
1416,שונה הלכות - הלכות שבת,כן,משנה ברורה,סימן רפד,פירוש,לא,
1418,שונה הלכות - הלכות שבת,כן,משנה ברורה,סימן רפד,פירוש,לא,
1420,שונה הלכות - הלכות שבת,כן,משנה ברורה,סימן רפד,פירוש,לא,
1422,שונה הלכות - הלכות שבת,כן,משנה ברורה,סימן רפד,פירוש,לא,
1424,שונה הלכות - הלכות שבת,כן,משנה ברורה,סימן רפד,פירוש,לא,
1428,שונה הלכות - הלכות שבת,כן,משנה ברורה,סימן רפה,פירוש,לא,
1431,שונה הלכות - הלכות שבת,כן,משנה ברורה,סימן רפה,פירוש,לא,
1433,שונה הלכות - הלכות שבת,כן,משנה ברורה,סימן רפה,פירוש,לא,
1435,שונה הלכות - הלכות שבת,כן,משנה ברורה,סימן רפה,פירוש,לא,
1436,שונה הלכות - הלכות שבת,כן,משנה ברורה,סימן רפה,פירוש,לא,
1438,שונה הלכות - הלכות שבת,כן,משנה ברורה,סימן רפה,פירוש,לא,
1440,שונה הלכות - הלכות שבת,כן,משנה ברורה,סימן רפה,פירוש,לא,
1442,שונה הלכות - הלכות שבת,כן,משנה ברורה,סימן רפה,פירוש,לא,
1444,שונה הלכות - הלכות שבת,כן,משנה ברורה,סימן רפה,פירוש,לא,
1446,שונה הלכות - הלכות שבת,כן,משנה ברורה,סימן רפה,פירוש,לא,
1448,שונה הלכות - הלכות שבת,כן,משנה ברורה,סימן רפה,פירוש,לא,
1450,שונה הלכות - הלכות שבת,כן,משנה ברורה,סימן רפה,פירוש,לא,
1452,שונה הלכות - הלכות שבת,כן,משנה ברורה,סימן רפה,פירוש,לא,
1456,שונה הלכות - הלכות שבת,כן,משנה ברורה,סימן רפו,פירוש,לא,
1459,שונה הלכות - הלכות שבת,כן,משנה ברורה,סימן רפו,פירוש,לא,
1461,שונה הלכות - הלכות שבת,כן,משנה ברורה,סימן רפו,פירוש,לא,
1463,שונה הלכות - הלכות שבת,כן,משנה ברורה,סימן רפו,פירוש,לא,
1465,שונה הלכות - הלכות שבת,כן,משנה ברורה,סימן רפו,פירוש,לא,
1467,שונה הלכות - הלכות שבת,כן,משנה ברורה,סימן רפו,פירוש,לא,
1469,שונה הלכות - הלכות שבת,כן,משנה ברורה,סימן רפו,פירוש,לא,
1471,שונה הלכות - הלכות שבת,כן,משנה ברורה,סימן רפו,פירוש,לא,
1473,שונה הלכות - הלכות שבת,כן,משנה ברורה,סימן רפו,פירוש,לא,
1477,שונה הלכות - הלכות שבת,כן,משנה ברורה,סימן רפז,פירוש,לא,
1480,שונה הלכות - הלכות שבת,כן,משנה ברורה,סימן רפז,פירוש,לא,
1482,שונה הלכות - הלכות שבת,כן,משנה ברורה,סימן רפז,פירוש,לא,
1484,שונה הלכות - הלכות שבת,כן,משנה ברורה,סימן רפז,פירוש,לא,
1487,שונה הלכות - הלכות שבת,כן,משנה ברורה,סימן רפח,פירוש,לא,
1490,שונה הלכות - הלכות שבת,כן,משנה ברורה,סימן רפח,פירוש,לא,
1492,שונה הלכות - הלכות שבת,כן,משנה ברורה,סימן רפח,פירוש,לא,
1494,שונה הלכות - הלכות שבת,כן,משנה ברורה,סימן רפח,פירוש,לא,
1496,שונה הלכות - הלכות שבת,כן,משנה ברורה,סימן רפח,פירוש,לא,
1498,שונה הלכות - הלכות שבת,כן,משנה ברורה,סימן רפח,פירוש,לא,
1500,שונה הלכות - הלכות שבת,כן,משנה ברורה,סימן רפח,פירוש,לא,
1502,שונה הלכות - הלכות שבת,כן,משנה ברורה,סימן רפח,פירוש,לא,
1504,שונה הלכות - הלכות שבת,כן,משנה ברורה,סימן רפח,פירוש,לא,
1506,שונה הלכות - הלכות שבת,כן,משנה ברורה,סימן רפח,פירוש,לא,
1508,שונה הלכות - הלכות שבת,כן,משנה ברורה,סימן רפח,פירוש,לא,
1510,שונה הלכות - הלכות שבת,כן,משנה ברורה,סימן רפח,פירוש,לא,
1512,שונה הלכות - הלכות שבת,כן,משנה ברורה,סימן רפח,פירוש,לא,
1513,שונה הלכות - הלכות שבת,כן,משנה ברורה,סימן רפח,פירוש,לא,
1514,שונה הלכות - הלכות שבת,כן,משנה ברורה,סימן רפח,פירוש,לא,
1516,שונה הלכות - הלכות שבת,כן,משנה ברורה,סימן רפח,פירוש,לא,
1518,שונה הלכות - הלכות שבת,כן,משנה ברורה,סימן רפח,פירוש,לא,
1520,שונה הלכות - הלכות שבת,כן,משנה ברורה,סימן רפח,פירוש,לא,
1522,שונה הלכות - הלכות שבת,כן,משנה ברורה,סימן רפח,פירוש,לא,
1526,שונה הלכות - הלכות שבת,כן,משנה ברורה,סימן רפט,פירוש,לא,
1529,שונה הלכות - הלכות שבת,כן,משנה ברורה,סימן רפט,פירוש,לא,
1531,שונה הלכות - הלכות שבת,כן,משנה ברורה,סימן רפט,פירוש,לא,
1533,שונה הלכות - הלכות שבת,כן,משנה ברורה,סימן רפט,פירוש,לא,
1535,שונה הלכות - הלכות שבת,כן,משנה ברורה,סימן רפט,פירוש,לא,
1539,שונה הלכות - הלכות שבת,כן,משנה ברורה,סימן רצ,פירוש,לא,
1542,שונה הלכות - הלכות שבת,כן,משנה ברורה,סימן רצ,פירוש,לא,
1544,שונה הלכות - הלכות שבת,כן,משנה ברורה,סימן רצ,פירוש,לא,
1546,שונה הלכות - הלכות שבת,כן,משנה ברורה,סימן רצ,פירוש,לא,
1548,שונה הלכות - הלכות שבת,כן,משנה ברורה,סימן רצ,פירוש,לא,
1550,שונה הלכות - הלכות שבת,כן,משנה ברורה,סימן רצ,פירוש,לא,
1554,שונה הלכות - הלכות שבת,כן,משנה ברורה,סימן רצא,פירוש,לא,
1557,שונה הלכות - הלכות שבת,כן,משנה ברורה,סימן רצא,פירוש,לא,
1559,שונה הלכות - הלכות שבת,כן,משנה ברורה,סימן רצא,פירוש,לא,
1561,שונה הלכות - הלכות שבת,כן,משנה ברורה,סימן רצא,פירוש,לא,
1563,שונה הלכות - הלכות שבת,כן,משנה ברורה,סימן רצא,פירוש,לא,
1565,שונה הלכות - הלכות שבת,כן,משנה ברורה,סימן רצא,פירוש,לא,
1566,שונה הלכות - הלכות שבת,כן,משנה ברורה,סימן רצא,פירוש,לא,
1568,שונה הלכות - הלכות שבת,כן,משנה ברורה,סימן רצא,פירוש,לא,
1570,שונה הלכות - הלכות שבת,כן,משנה ברורה,סימן רצא,פירוש,לא,
1572,שונה הלכות - הלכות שבת,כן,משנה ברורה,סימן רצא,פירוש,לא,
1574,שונה הלכות - הלכות שבת,כן,משנה ברורה,סימן רצא,פירוש,לא,
1578,שונה הלכות - הלכות שבת,כן,משנה ברורה,סימן רצב,פירוש,לא,
1581,שונה הלכות - הלכות שבת,כן,משנה ברורה,סימן רצב,פירוש,לא,
1583,שונה הלכות - הלכות שבת,כן,משנה ברורה,סימן רצב,פירוש,לא,
1585,שונה הלכות - הלכות שבת,כן,משנה ברורה,סימן רצב,פירוש,לא,
1587,שונה הלכות - הלכות שבת,כן,משנה ברורה,סימן רצב,פירוש,לא,
1589,שונה הלכות - הלכות שבת,כן,משנה ברורה,סימן רצב,פירוש,לא,
1591,שונה הלכות - הלכות שבת,כן,משנה ברורה,סימן רצב,פירוש,לא,
1595,שונה הלכות - הלכות שבת,כן,משנה ברורה,סימן רצג,פירוש,לא,
1598,שונה הלכות - הלכות שבת,כן,משנה ברורה,סימן רצג,פירוש,לא,
1600,שונה הלכות - הלכות שבת,כן,משנה ברורה,סימן רצג,פירוש,לא,
1602,שונה הלכות - הלכות שבת,כן,משנה ברורה,סימן רצג,פירוש,לא,
1606,שונה הלכות - הלכות שבת,כן,משנה ברורה,סימן רצד,פירוש,לא,
1609,שונה הלכות - הלכות שבת,כן,משנה ברורה,סימן רצד,פירוש,לא,
1611,שונה הלכות - הלכות שבת,כן,משנה ברורה,סימן רצד,פירוש,לא,
1613,שונה הלכות - הלכות שבת,כן,משנה ברורה,סימן רצד,פירוש,לא,
1615,שונה הלכות - הלכות שבת,כן,משנה ברורה,סימן רצד,פירוש,לא,
1617,שונה הלכות - הלכות שבת,כן,משנה ברורה,סימן רצד,פירוש,לא,
1621,שונה הלכות - הלכות שבת,כן,משנה ברורה,סימן רצה,פירוש,לא,
1624,שונה הלכות - הלכות שבת,כן,משנה ברורה,סימן רצה,פירוש,לא,
1626,שונה הלכות - הלכות שבת,כן,משנה ברורה,סימן רצה,פירוש,לא,
1628,שונה הלכות - הלכות שבת,כן,משנה ברורה,סימן רצה,פירוש,לא,
1630,שונה הלכות - הלכות שבת,כן,משנה ברורה,סימן רצה,פירוש,לא,
1632,שונה הלכות - הלכות שבת,כן,משנה ברורה,סימן רצה,פירוש,לא,
1636,שונה הלכות - הלכות שבת,כן,משנה ברורה,סימן רצו,פירוש,לא,
1639,שונה הלכות - הלכות שבת,כן,משנה ברורה,סימן רצו,פירוש,לא,
1641,שונה הלכות - הלכות שבת,כן,משנה ברורה,סימן רצו,פירוש,לא,
1643,שונה הלכות - הלכות שבת,כן,משנה ברורה,סימן רצו,פירוש,לא,
1645,שונה הלכות - הלכות שבת,כן,משנה ברורה,סימן רצו,פירוש,לא,
1647,שונה הלכות - הלכות שבת,כן,משנה ברורה,סימן רצו,פירוש,לא,
1648,שונה הלכות - הלכות שבת,כן,משנה ברורה,סימן רצו,פירוש,לא,
1649,שונה הלכות - הלכות שבת,כן,משנה ברורה,סימן רצו,פירוש,לא,
1650,שונה הלכות - הלכות שבת,כן,משנה ברורה,סימן רצו,פירוש,לא,
1651,שונה הלכות - הלכות שבת,כן,משנה ברורה,סימן רצו,פירוש,לא,
1653,שונה הלכות - הלכות שבת,כן,משנה ברורה,סימן רצו,פירוש,לא,
1655,שונה הלכות - הלכות שבת,כן,משנה ברורה,סימן רצו,פירוש,לא,
1657,שונה הלכות - הלכות שבת,כן,משנה ברורה,סימן רצו,פירוש,לא,
1659,שונה הלכות - הלכות שבת,כן,משנה ברורה,סימן רצו,פירוש,לא,
1660,שונה הלכות - הלכות שבת,כן,משנה ברורה,סימן רצו,פירוש,לא,
1661,שונה הלכות - הלכות שבת,כן,משנה ברורה,סימן רצו,פירוש,לא,
1663,שונה הלכות - הלכות שבת,כן,משנה ברורה,סימן רצו,פירוש,לא,
1664,שונה הלכות - הלכות שבת,כן,משנה ברורה,סימן רצו,פירוש,לא,
1665,שונה הלכות - הלכות שבת,כן,משנה ברורה,סימן רצו,פירוש,לא,
1667,שונה הלכות - הלכות שבת,כן,משנה ברורה,סימן רצו,פירוש,לא,
1669,שונה הלכות - הלכות שבת,כן,משנה ברורה,סימן רצו,פירוש,לא,
1671,שונה הלכות - הלכות שבת,כן,משנה ברורה,סימן רצו,פירוש,לא,
1673,שונה הלכות - הלכות שבת,כן,משנה ברורה,סימן רצו,פירוש,לא,
1675,שונה הלכות - הלכות שבת,כן,משנה ברורה,סימן רצו,פירוש,לא,
1677,שונה הלכות - הלכות שבת,כן,משנה ברורה,סימן רצו,פירוש,לא,
1681,שונה הלכות - הלכות שבת,כן,משנה ברורה,סימן רצז,פירוש,לא,
1684,שונה הלכות - הלכות שבת,כן,משנה ברורה,סימן רצז,פירוש,לא,
1686,שונה הלכות - הלכות שבת,כן,משנה ברורה,סימן רצז,פירוש,לא,
1688,שונה הלכות - הלכות שבת,כן,משנה ברורה,סימן רצז,פירוש,לא,
1690,שונה הלכות - הלכות שבת,כן,משנה ברורה,סימן רצז,פירוש,לא,
1692,שונה הלכות - הלכות שבת,כן,משנה ברורה,סימן רצז,פירוש,לא,
1694,שונה הלכות - הלכות שבת,כן,משנה ברורה,סימן רצז,פירוש,לא,
1696,שונה הלכות - הלכות שבת,כן,משנה ברורה,סימן רצז,פירוש,לא,
1698,שונה הלכות - הלכות שבת,כן,משנה ברורה,סימן רצז,פירוש,לא,
1700,שונה הלכות - הלכות שבת,כן,משנה ברורה,סימן רצז,פירוש,לא,
1702,שונה הלכות - הלכות שבת,כן,משנה ברורה,סימן רצז,פירוש,לא,
1706,שונה הלכות - הלכות שבת,כן,משנה ברורה,סימן רצח,פירוש,לא,
1709,שונה הלכות - הלכות שבת,כן,משנה ברורה,סימן רצח,פירוש,לא,
1711,שונה הלכות - הלכות שבת,כן,משנה ברורה,סימן רצח,פירוש,לא,
1712,שונה הלכות - הלכות שבת,כן,משנה ברורה,סימן רצח,פירוש,לא,
1713,שונה הלכות - הלכות שבת,כן,משנה ברורה,סימן רצח,פירוש,לא,
1715,שונה הלכות - הלכות שבת,כן,משנה ברורה,סימן רצח,פירוש,לא,
1717,שונה הלכות - הלכות שבת,כן,משנה ברורה,סימן רצח,פירוש,לא,
1718,שונה הלכות - הלכות שבת,כן,משנה ברורה,סימן רצח,פירוש,לא,
1719,שונה הלכות - הלכות שבת,כן,משנה ברורה,סימן רצח,פירוש,לא,
1721,שונה הלכות - הלכות שבת,כן,משנה ברורה,סימן רצח,פירוש,לא,
1723,שונה הלכות - הלכות שבת,כן,משנה ברורה,סימן רצח,פירוש,לא,
1725,שונה הלכות - הלכות שבת,כן,משנה ברורה,סימן רצח,פירוש,לא,
1727,שונה הלכות - הלכות שבת,כן,משנה ברורה,סימן רצח,פירוש,לא,
1729,שונה הלכות - הלכות שבת,כן,משנה ברורה,סימן רצח,פירוש,לא,
1731,שונה הלכות - הלכות שבת,כן,משנה ברורה,סימן רצח,פירוש,לא,
1733,שונה הלכות - הלכות שבת,כן,משנה ברורה,סימן רצח,פירוש,לא,
1735,שונה הלכות - הלכות שבת,כן,משנה ברורה,סימן רצח,פירוש,לא,
1737,שונה הלכות - הלכות שבת,כן,משנה ברורה,סימן רצח,פירוש,לא,
1739,שונה הלכות - הלכות שבת,כן,משנה ברורה,סימן רצח,פירוש,לא,
1741,שונה הלכות - הלכות שבת,כן,משנה ברורה,סימן רצח,פירוש,לא,
1743,שונה הלכות - הלכות שבת,כן,משנה ברורה,סימן רצח,פירוש,לא,
1745,שונה הלכות - הלכות שבת,כן,משנה ברורה,סימן רצח,פירוש,לא,
1747,שונה הלכות - הלכות שבת,כן,משנה ברורה,סימן רצח,פירוש,לא,
1749,שונה הלכות - הלכות שבת,כן,משנה ברורה,סימן רצח,פירוש,לא,
1751,שונה הלכות - הלכות שבת,כן,משנה ברורה,סימן רצח,פירוש,לא,
1755,שונה הלכות - הלכות שבת,כן,משנה ברורה,סימן רצט,פירוש,לא,
1758,שונה הלכות - הלכות שבת,כן,משנה ברורה,סימן רצט,פירוש,לא,
1760,שונה הלכות - הלכות שבת,כן,משנה ברורה,סימן רצט,פירוש,לא,
1762,שונה הלכות - הלכות שבת,כן,משנה ברורה,סימן רצט,פירוש,לא,
1764,שונה הלכות - הלכות שבת,כן,משנה ברורה,סימן רצט,פירוש,לא,
1766,שונה הלכות - הלכות שבת,כן,משנה ברורה,סימן רצט,פירוש,לא,
1768,שונה הלכות - הלכות שבת,כן,משנה ברורה,סימן רצט,פירוש,לא,
1770,שונה הלכות - הלכות שבת,כן,משנה ברורה,סימן רצט,פירוש,לא,
1772,שונה הלכות - הלכות שבת,כן,משנה ברורה,סימן רצט,פירוש,לא,
1774,שונה הלכות - הלכות שבת,כן,משנה ברורה,סימן רצט,פירוש,לא,
1776,שונה הלכות - הלכות שבת,כן,משנה ברורה,סימן רצט,פירוש,לא,
1778,שונה הלכות - הלכות שבת,כן,משנה ברורה,סימן רצט,פירוש,לא,
1780,שונה הלכות - הלכות שבת,כן,משנה ברורה,סימן רצט,פירוש,לא,
1784,שונה הלכות - הלכות שבת,כן,משנה ברורה,סימן ש,פירוש,לא,
1787,שונה הלכות - הלכות שבת,כן,משנה ברורה,סימן ש,פירוש,לא,
1789,שונה הלכות - הלכות שבת,כן,משנה ברורה,סימן ש,פירוש,לא,
1791,שונה הלכות - הלכות שבת,כן,משנה ברורה,סימן ש,פירוש,לא,
1793,שונה הלכות - הלכות שבת,כן,משנה ברורה,סימן ש,פירוש,לא,
1797,שונה הלכות - הלכות שבת,כן,משנה ברורה,סימן שא,פירוש,לא,
1800,שונה הלכות - הלכות שבת,כן,משנה ברורה,סימן שא,פירוש,לא,
1802,שונה הלכות - הלכות שבת,כן,משנה ברורה,סימן שא,פירוש,לא,
1804,שונה הלכות - הלכות שבת,כן,משנה ברורה,סימן שא,פירוש,לא,
1806,שונה הלכות - הלכות שבת,כן,משנה ברורה,סימן שא,פירוש,לא,
1808,שונה הלכות - הלכות שבת,כן,משנה ברורה,סימן שא,פירוש,לא,
1810,שונה הלכות - הלכות שבת,כן,משנה ברורה,סימן שא,פירוש,לא,
1812,שונה הלכות - הלכות שבת,כן,משנה ברורה,סימן שא,פירוש,לא,
1813,שונה הלכות - הלכות שבת,כן,משנה ברורה,סימן שא,פירוש,לא,
1814,שונה הלכות - הלכות שבת,כן,משנה ברורה,סימן שא,פירוש,לא,
1815,שונה הלכות - הלכות שבת,כן,משנה ברורה,סימן שא,פירוש,לא,
1816,שונה הלכות - הלכות שבת,כן,משנה ברורה,סימן שא,פירוש,לא,
1818,שונה הלכות - הלכות שבת,כן,משנה ברורה,סימן שא,פירוש,לא,
1819,שונה הלכות - הלכות שבת,כן,משנה ברורה,סימן שא,פירוש,לא,
1820,שונה הלכות - הלכות שבת,כן,משנה ברורה,סימן שא,פירוש,לא,
1822,שונה הלכות - הלכות שבת,כן,משנה ברורה,סימן שא,פירוש,לא,
1824,שונה הלכות - הלכות שבת,כן,משנה ברורה,סימן שא,פירוש,לא,
1826,שונה הלכות - הלכות שבת,כן,משנה ברורה,סימן שא,פירוש,לא,
1828,שונה הלכות - הלכות שבת,כן,משנה ברורה,סימן שא,פירוש,לא,
1830,שונה הלכות - הלכות שבת,כן,משנה ברורה,סימן שא,פירוש,לא,
1832,שונה הלכות - הלכות שבת,כן,משנה ברורה,סימן שא,פירוש,לא,
1833,שונה הלכות - הלכות שבת,כן,משנה ברורה,סימן שא,פירוש,לא,
1834,שונה הלכות - הלכות שבת,כן,משנה ברורה,סימן שא,פירוש,לא,
1836,שונה הלכות - הלכות שבת,כן,משנה ברורה,סימן שא,פירוש,לא,
1838,שונה הלכות - הלכות שבת,כן,משנה ברורה,סימן שא,פירוש,לא,
1840,שונה הלכות - הלכות שבת,כן,משנה ברורה,סימן שא,פירוש,לא,
1842,שונה הלכות - הלכות שבת,כן,משנה ברורה,סימן שא,פירוש,לא,
1844,שונה הלכות - הלכות שבת,כן,משנה ברורה,סימן שא,פירוש,לא,
1846,שונה הלכות - הלכות שבת,כן,משנה ברורה,סימן שא,פירוש,לא,
1848,שונה הלכות - הלכות שבת,כן,משנה ברורה,סימן שא,פירוש,לא,
1850,שונה הלכות - הלכות שבת,כן,משנה ברורה,סימן שא,פירוש,לא,
1852,שונה הלכות - הלכות שבת,כן,משנה ברורה,סימן שא,פירוש,לא,
1854,שונה הלכות - הלכות שבת,כן,משנה ברורה,סימן שא,פירוש,לא,
1855,שונה הלכות - הלכות שבת,כן,משנה ברורה,סימן שא,פירוש,לא,
1856,שונה הלכות - הלכות שבת,כן,משנה ברורה,סימן שא,פירוש,לא,
1858,שונה הלכות - הלכות שבת,כן,משנה ברורה,סימן שא,פירוש,לא,
1860,שונה הלכות - הלכות שבת,כן,משנה ברורה,סימן שא,פירוש,לא,
1861,שונה הלכות - הלכות שבת,כן,משנה ברורה,סימן שא,פירוש,לא,
1862,שונה הלכות - הלכות שבת,כן,משנה ברורה,סימן שא,פירוש,לא,
1864,שונה הלכות - הלכות שבת,כן,משנה ברורה,סימן שא,פירוש,לא,
1866,שונה הלכות - הלכות שבת,כן,משנה ברורה,סימן שא,פירוש,לא,
1868,שונה הלכות - הלכות שבת,כן,משנה ברורה,סימן שא,פירוש,לא,
1870,שונה הלכות - הלכות שבת,כן,משנה ברורה,סימן שא,פירוש,לא,
1872,שונה הלכות - הלכות שבת,כן,משנה ברורה,סימן שא,פירוש,לא,
1874,שונה הלכות - הלכות שבת,כן,משנה ברורה,סימן שא,פירוש,לא,
1876,שונה הלכות - הלכות שבת,כן,משנה ברורה,סימן שא,פירוש,לא,
1878,שונה הלכות - הלכות שבת,כן,משנה ברורה,סימן שא,פירוש,לא,
1880,שונה הלכות - הלכות שבת,כן,משנה ברורה,סימן שא,פירוש,לא,
1882,שונה הלכות - הלכות שבת,כן,משנה ברורה,סימן שא,פירוש,לא,
1884,שונה הלכות - הלכות שבת,כן,משנה ברורה,סימן שא,פירוש,לא,
1886,שונה הלכות - הלכות שבת,כן,משנה ברורה,סימן שא,פירוש,לא,
1888,שונה הלכות - הלכות שבת,כן,משנה ברורה,סימן שא,פירוש,לא,
1890,שונה הלכות - הלכות שבת,כן,משנה ברורה,סימן שא,פירוש,לא,
1892,שונה הלכות - הלכות שבת,כן,משנה ברורה,סימן שא,פירוש,לא,
1894,שונה הלכות - הלכות שבת,כן,משנה ברורה,סימן שא,פירוש,לא,
1896,שונה הלכות - הלכות שבת,כן,משנה ברורה,סימן שא,פירוש,לא,
1898,שונה הלכות - הלכות שבת,כן,משנה ברורה,סימן שא,פירוש,לא,
1900,שונה הלכות - הלכות שבת,כן,משנה ברורה,סימן שא,פירוש,לא,
1902,שונה הלכות - הלכות שבת,כן,משנה ברורה,סימן שא,פירוש,לא,
1903,שונה הלכות - הלכות שבת,כן,משנה ברורה,סימן שא,פירוש,לא,
1904,שונה הלכות - הלכות שבת,כן,משנה ברורה,סימן שא,פירוש,לא,
1906,שונה הלכות - הלכות שבת,כן,משנה ברורה,סימן שא,פירוש,לא,
1908,שונה הלכות - הלכות שבת,כן,משנה ברורה,סימן שא,פירוש,לא,
1910,שונה הלכות - הלכות שבת,כן,משנה ברורה,סימן שא,פירוש,לא,
1912,שונה הלכות - הלכות שבת,כן,משנה ברורה,סימן שא,פירוש,לא,
1914,שונה הלכות - הלכות שבת,כן,משנה ברורה,סימן שא,פירוש,לא,
1916,שונה הלכות - הלכות שבת,כן,משנה ברורה,סימן שא,פירוש,לא,
1918,שונה הלכות - הלכות שבת,כן,משנה ברורה,סימן שא,פירוש,לא,
1919,שונה הלכות - הלכות שבת,כן,משנה ברורה,סימן שא,פירוש,לא,
1920,שונה הלכות - הלכות שבת,כן,משנה ברורה,סימן שא,פירוש,לא,
1922,שונה הלכות - הלכות שבת,כן,משנה ברורה,סימן שא,פירוש,לא,
1924,שונה הלכות - הלכות שבת,כן,משנה ברורה,סימן שא,פירוש,לא,
1926,שונה הלכות - הלכות שבת,כן,משנה ברורה,סימן שא,פירוש,לא,
1928,שונה הלכות - הלכות שבת,כן,משנה ברורה,סימן שא,פירוש,לא,
1930,שונה הלכות - הלכות שבת,כן,משנה ברורה,סימן שא,פירוש,לא,
1932,שונה הלכות - הלכות שבת,כן,משנה ברורה,סימן שא,פירוש,לא,
1934,שונה הלכות - הלכות שבת,כן,משנה ברורה,סימן שא,פירוש,לא,
1936,שונה הלכות - הלכות שבת,כן,משנה ברורה,סימן שא,פירוש,לא,
1937,שונה הלכות - הלכות שבת,כן,משנה ברורה,סימן שא,פירוש,לא,
1938,שונה הלכות - הלכות שבת,כן,משנה ברורה,סימן שא,פירוש,לא,
1939,שונה הלכות - הלכות שבת,כן,משנה ברורה,סימן שא,פירוש,לא,
1940,שונה הלכות - הלכות שבת,כן,משנה ברורה,סימן שא,פירוש,לא,
1942,שונה הלכות - הלכות שבת,כן,משנה ברורה,סימן שא,פירוש,לא,
1944,שונה הלכות - הלכות שבת,כן,משנה ברורה,סימן שא,פירוש,לא,
1946,שונה הלכות - הלכות שבת,כן,משנה ברורה,סימן שא,פירוש,לא,
1948,שונה הלכות - הלכות שבת,כן,משנה ברורה,סימן שא,פירוש,לא,
1950,שונה הלכות - הלכות שבת,כן,משנה ברורה,סימן שא,פירוש,לא,
1951,שונה הלכות - הלכות שבת,כן,משנה ברורה,סימן שא,פירוש,לא,
1952,שונה הלכות - הלכות שבת,כן,משנה ברורה,סימן שא,פירוש,לא,
1953,שונה הלכות - הלכות שבת,כן,משנה ברורה,סימן שא,פירוש,לא,
1954,שונה הלכות - הלכות שבת,כן,משנה ברורה,סימן שא,פירוש,לא,
1956,שונה הלכות - הלכות שבת,כן,משנה ברורה,סימן שא,פירוש,לא,
1957,שונה הלכות - הלכות שבת,כן,משנה ברורה,סימן שא,פירוש,לא,
1958,שונה הלכות - הלכות שבת,כן,משנה ברורה,סימן שא,פירוש,לא,
1960,שונה הלכות - הלכות שבת,כן,משנה ברורה,סימן שא,פירוש,לא,
1962,שונה הלכות - הלכות שבת,כן,משנה ברורה,סימן שא,פירוש,לא,
1963,שונה הלכות - הלכות שבת,כן,משנה ברורה,סימן שא,פירוש,לא,
1964,שונה הלכות - הלכות שבת,כן,משנה ברורה,סימן שא,פירוש,לא,
1966,שונה הלכות - הלכות שבת,כן,משנה ברורה,סימן שא,פירוש,לא,
1968,שונה הלכות - הלכות שבת,כן,משנה ברורה,סימן שא,פירוש,לא,
1972,שונה הלכות - הלכות שבת,כן,משנה ברורה,סימן שב,פירוש,לא,
1975,שונה הלכות - הלכות שבת,כן,משנה ברורה,סימן שב,פירוש,לא,
1977,שונה הלכות - הלכות שבת,כן,משנה ברורה,סימן שב,פירוש,לא,
1979,שונה הלכות - הלכות שבת,כן,משנה ברורה,סימן שב,פירוש,לא,
1981,שונה הלכות - הלכות שבת,כן,משנה ברורה,סימן שב,פירוש,לא,
1983,שונה הלכות - הלכות שבת,כן,משנה ברורה,סימן שב,פירוש,לא,
1985,שונה הלכות - הלכות שבת,כן,משנה ברורה,סימן שב,פירוש,לא,
1987,שונה הלכות - הלכות שבת,כן,משנה ברורה,סימן שב,פירוש,לא,
1989,שונה הלכות - הלכות שבת,כן,משנה ברורה,סימן שב,פירוש,לא,
1991,שונה הלכות - הלכות שבת,כן,משנה ברורה,סימן שב,פירוש,לא,
1993,שונה הלכות - הלכות שבת,כן,משנה ברורה,סימן שב,פירוש,לא,
1995,שונה הלכות - הלכות שבת,כן,משנה ברורה,סימן שב,פירוש,לא,
1997,שונה הלכות - הלכות שבת,כן,משנה ברורה,סימן שב,פירוש,לא,
1999,שונה הלכות - הלכות שבת,כן,משנה ברורה,סימן שב,פירוש,לא,
2000,שונה הלכות - הלכות שבת,כן,משנה ברורה,סימן שב,פירוש,לא,
2001,שונה הלכות - הלכות שבת,כן,משנה ברורה,סימן שב,פירוש,לא,
2003,שונה הלכות - הלכות שבת,כן,משנה ברורה,סימן שב,פירוש,לא,
2005,שונה הלכות - הלכות שבת,כן,משנה ברורה,סימן שב,פירוש,לא,
2007,שונה הלכות - הלכות שבת,כן,משנה ברורה,סימן שב,פירוש,לא,
2009,שונה הלכות - הלכות שבת,כן,משנה ברורה,סימן שב,פירוש,לא,
2011,שונה הלכות - הלכות שבת,כן,משנה ברורה,סימן שב,פירוש,לא,
2013,שונה הלכות - הלכות שבת,כן,משנה ברורה,סימן שב,פירוש,לא,
2015,שונה הלכות - הלכות שבת,כן,משנה ברורה,סימן שב,פירוש,לא,
2017,שונה הלכות - הלכות שבת,כן,משנה ברורה,סימן שב,פירוש,לא,
2019,שונה הלכות - הלכות שבת,כן,משנה ברורה,סימן שב,פירוש,לא,
2021,שונה הלכות - הלכות שבת,כן,משנה ברורה,סימן שב,פירוש,לא,
2023,שונה הלכות - הלכות שבת,כן,משנה ברורה,סימן שב,פירוש,לא,
2027,שונה הלכות - הלכות שבת,כן,משנה ברורה,סימן שג,פירוש,לא,
2030,שונה הלכות - הלכות שבת,כן,משנה ברורה,סימן שג,פירוש,לא,
2032,שונה הלכות - הלכות שבת,כן,משנה ברורה,סימן שג,פירוש,לא,
2034,שונה הלכות - הלכות שבת,כן,משנה ברורה,סימן שג,פירוש,לא,
2036,שונה הלכות - הלכות שבת,כן,משנה ברורה,סימן שג,פירוש,לא,
2038,שונה הלכות - הלכות שבת,כן,משנה ברורה,סימן שג,פירוש,לא,
2040,שונה הלכות - הלכות שבת,כן,משנה ברורה,סימן שג,פירוש,לא,
2042,שונה הלכות - הלכות שבת,כן,משנה ברורה,סימן שג,פירוש,לא,
2044,שונה הלכות - הלכות שבת,כן,משנה ברורה,סימן שג,פירוש,לא,
2046,שונה הלכות - הלכות שבת,כן,משנה ברורה,סימן שג,פירוש,לא,
2048,שונה הלכות - הלכות שבת,כן,משנה ברורה,סימן שג,פירוש,לא,
2050,שונה הלכות - הלכות שבת,כן,משנה ברורה,סימן שג,פירוש,לא,
2051,שונה הלכות - הלכות שבת,כן,משנה ברורה,סימן שג,פירוש,לא,
2053,שונה הלכות - הלכות שבת,כן,משנה ברורה,סימן שג,פירוש,לא,
2055,שונה הלכות - הלכות שבת,כן,משנה ברורה,סימן שג,פירוש,לא,
2057,שונה הלכות - הלכות שבת,כן,משנה ברורה,סימן שג,פירוש,לא,
2059,שונה הלכות - הלכות שבת,כן,משנה ברורה,סימן שג,פירוש,לא,
2061,שונה הלכות - הלכות שבת,כן,משנה ברורה,סימן שג,פירוש,לא,
2063,שונה הלכות - הלכות שבת,כן,משנה ברורה,סימן שג,פירוש,לא,
2065,שונה הלכות - הלכות שבת,כן,משנה ברורה,סימן שג,פירוש,לא,
2067,שונה הלכות - הלכות שבת,כן,משנה ברורה,סימן שג,פירוש,לא,
2069,שונה הלכות - הלכות שבת,כן,משנה ברורה,סימן שג,פירוש,לא,
2071,שונה הלכות - הלכות שבת,כן,משנה ברורה,סימן שג,פירוש,לא,
2073,שונה הלכות - הלכות שבת,כן,משנה ברורה,סימן שג,פירוש,לא,
2074,שונה הלכות - הלכות שבת,כן,משנה ברורה,סימן שג,פירוש,לא,
2075,שונה הלכות - הלכות שבת,כן,משנה ברורה,סימן שג,פירוש,לא,
2076,שונה הלכות - הלכות שבת,כן,משנה ברורה,סימן שג,פירוש,לא,
2077,שונה הלכות - הלכות שבת,כן,משנה ברורה,סימן שג,פירוש,לא,
2079,שונה הלכות - הלכות שבת,כן,משנה ברורה,סימן שג,פירוש,לא,
2080,שונה הלכות - הלכות שבת,כן,משנה ברורה,סימן שג,פירוש,לא,
2081,שונה הלכות - הלכות שבת,כן,משנה ברורה,סימן שג,פירוש,לא,
2083,שונה הלכות - הלכות שבת,כן,משנה ברורה,סימן שג,פירוש,לא,
2085,שונה הלכות - הלכות שבת,כן,משנה ברורה,סימן שג,פירוש,לא,
2087,שונה הלכות - הלכות שבת,כן,משנה ברורה,סימן שג,פירוש,לא,
2116,שונה הלכות - הלכות שבת,כן,משנה ברורה,סימן שה,פירוש,לא,
2119,שונה הלכות - הלכות שבת,כן,משנה ברורה,סימן שה,פירוש,לא,
2121,שונה הלכות - הלכות שבת,כן,משנה ברורה,סימן שה,פירוש,לא,
2123,שונה הלכות - הלכות שבת,כן,משנה ברורה,סימן שה,פירוש,לא,
2125,שונה הלכות - הלכות שבת,כן,משנה ברורה,סימן שה,פירוש,לא,
2127,שונה הלכות - הלכות שבת,כן,משנה ברורה,סימן שה,פירוש,לא,
2129,שונה הלכות - הלכות שבת,כן,משנה ברורה,סימן שה,פירוש,לא,
2131,שונה הלכות - הלכות שבת,כן,משנה ברורה,סימן שה,פירוש,לא,
2133,שונה הלכות - הלכות שבת,כן,משנה ברורה,סימן שה,פירוש,לא,
2135,שונה הלכות - הלכות שבת,כן,משנה ברורה,סימן שה,פירוש,לא,
2137,שונה הלכות - הלכות שבת,כן,משנה ברורה,סימן שה,פירוש,לא,
2139,שונה הלכות - הלכות שבת,כן,משנה ברורה,סימן שה,פירוש,לא,
2141,שונה הלכות - הלכות שבת,כן,משנה ברורה,סימן שה,פירוש,לא,
2143,שונה הלכות - הלכות שבת,כן,משנה ברורה,סימן שה,פירוש,לא,
2145,שונה הלכות - הלכות שבת,כן,משנה ברורה,סימן שה,פירוש,לא,
2147,שונה הלכות - הלכות שבת,כן,משנה ברורה,סימן שה,פירוש,לא,
2149,שונה הלכות - הלכות שבת,כן,משנה ברורה,סימן שה,פירוש,לא,
2151,שונה הלכות - הלכות שבת,כן,משנה ברורה,סימן שה,פירוש,לא,
2153,שונה הלכות - הלכות שבת,כן,משנה ברורה,סימן שה,פירוש,לא,
2155,שונה הלכות - הלכות שבת,כן,משנה ברורה,סימן שה,פירוש,לא,
2157,שונה הלכות - הלכות שבת,כן,משנה ברורה,סימן שה,פירוש,לא,
2159,שונה הלכות - הלכות שבת,כן,משנה ברורה,סימן שה,פירוש,לא,
2161,שונה הלכות - הלכות שבת,כן,משנה ברורה,סימן שה,פירוש,לא,
2163,שונה הלכות - הלכות שבת,כן,משנה ברורה,סימן שה,פירוש,לא,
2165,שונה הלכות - הלכות שבת,כן,משנה ברורה,סימן שה,פירוש,לא,
2167,שונה הלכות - הלכות שבת,כן,משנה ברורה,סימן שה,פירוש,לא,
2169,שונה הלכות - הלכות שבת,כן,משנה ברורה,סימן שה,פירוש,לא,
2171,שונה הלכות - הלכות שבת,כן,משנה ברורה,סימן שה,פירוש,לא,
2173,שונה הלכות - הלכות שבת,כן,משנה ברורה,סימן שה,פירוש,לא,
2175,שונה הלכות - הלכות שבת,כן,משנה ברורה,סימן שה,פירוש,לא,
2177,שונה הלכות - הלכות שבת,כן,משנה ברורה,סימן שה,פירוש,לא,
2181,שונה הלכות - הלכות שבת,כן,משנה ברורה,סימן שו,פירוש,לא,
2184,שונה הלכות - הלכות שבת,כן,משנה ברורה,סימן שו,פירוש,לא,
2186,שונה הלכות - הלכות שבת,כן,משנה ברורה,סימן שו,פירוש,לא,
2188,שונה הלכות - הלכות שבת,כן,משנה ברורה,סימן שו,פירוש,לא,
2190,שונה הלכות - הלכות שבת,כן,משנה ברורה,סימן שו,פירוש,לא,
2192,שונה הלכות - הלכות שבת,כן,משנה ברורה,סימן שו,פירוש,לא,
2194,שונה הלכות - הלכות שבת,כן,משנה ברורה,סימן שו,פירוש,לא,
2196,שונה הלכות - הלכות שבת,כן,משנה ברורה,סימן שו,פירוש,לא,
2198,שונה הלכות - הלכות שבת,כן,משנה ברורה,סימן שו,פירוש,לא,
2200,שונה הלכות - הלכות שבת,כן,משנה ברורה,סימן שו,פירוש,לא,
2202,שונה הלכות - הלכות שבת,כן,משנה ברורה,סימן שו,פירוש,לא,
2204,שונה הלכות - הלכות שבת,כן,משנה ברורה,סימן שו,פירוש,לא,
2206,שונה הלכות - הלכות שבת,כן,משנה ברורה,סימן שו,פירוש,לא,
2208,שונה הלכות - הלכות שבת,כן,משנה ברורה,סימן שו,פירוש,לא,
2210,שונה הלכות - הלכות שבת,כן,משנה ברורה,סימן שו,פירוש,לא,
2212,שונה הלכות - הלכות שבת,כן,משנה ברורה,סימן שו,פירוש,לא,
2214,שונה הלכות - הלכות שבת,כן,משנה ברורה,סימן שו,פירוש,לא,
2215,שונה הלכות - הלכות שבת,כן,משנה ברורה,סימן שו,פירוש,לא,
2216,שונה הלכות - הלכות שבת,כן,משנה ברורה,סימן שו,פירוש,לא,
2218,שונה הלכות - הלכות שבת,כן,משנה ברורה,סימן שו,פירוש,לא,
2220,שונה הלכות - הלכות שבת,כן,משנה ברורה,סימן שו,פירוש,לא,
2222,שונה הלכות - הלכות שבת,כן,משנה ברורה,סימן שו,פירוש,לא,
2224,שונה הלכות - הלכות שבת,כן,משנה ברורה,סימן שו,פירוש,לא,
2225,שונה הלכות - הלכות שבת,כן,משנה ברורה,סימן שו,פירוש,לא,
2226,שונה הלכות - הלכות שבת,כן,משנה ברורה,סימן שו,פירוש,לא,
2228,שונה הלכות - הלכות שבת,כן,משנה ברורה,סימן שו,פירוש,לא,
2230,שונה הלכות - הלכות שבת,כן,משנה ברורה,סימן שו,פירוש,לא,
2232,שונה הלכות - הלכות שבת,כן,משנה ברורה,סימן שו,פירוש,לא,
2234,שונה הלכות - הלכות שבת,כן,משנה ברורה,סימן שו,פירוש,לא,
2236,שונה הלכות - הלכות שבת,כן,משנה ברורה,סימן שו,פירוש,לא,
2238,שונה הלכות - הלכות שבת,כן,משנה ברורה,סימן שו,פירוש,לא,
2240,שונה הלכות - הלכות שבת,כן,משנה ברורה,סימן שו,פירוש,לא,
2242,שונה הלכות - הלכות שבת,כן,משנה ברורה,סימן שו,פירוש,לא,
2244,שונה הלכות - הלכות שבת,כן,משנה ברורה,סימן שו,פירוש,לא,
2246,שונה הלכות - הלכות שבת,כן,משנה ברורה,סימן שו,פירוש,לא,
2248,שונה הלכות - הלכות שבת,כן,משנה ברורה,סימן שו,פירוש,לא,
2250,שונה הלכות - הלכות שבת,כן,משנה ברורה,סימן שו,פירוש,לא,
2254,שונה הלכות - הלכות שבת,כן,משנה ברורה,סימן שז,פירוש,לא,
2257,שונה הלכות - הלכות שבת,כן,משנה ברורה,סימן שז,פירוש,לא,
2259,שונה הלכות - הלכות שבת,כן,משנה ברורה,סימן שז,פירוש,לא,
2261,שונה הלכות - הלכות שבת,כן,משנה ברורה,סימן שז,פירוש,לא,
2263,שונה הלכות - הלכות שבת,כן,משנה ברורה,סימן שז,פירוש,לא,
2265,שונה הלכות - הלכות שבת,כן,משנה ברורה,סימן שז,פירוש,לא,
2266,שונה הלכות - הלכות שבת,כן,משנה ברורה,סימן שז,פירוש,לא,
2267,שונה הלכות - הלכות שבת,כן,משנה ברורה,סימן שז,פירוש,לא,
2269,שונה הלכות - הלכות שבת,כן,משנה ברורה,סימן שז,פירוש,לא,
2271,שונה הלכות - הלכות שבת,כן,משנה ברורה,סימן שז,פירוש,לא,
2273,שונה הלכות - הלכות שבת,כן,משנה ברורה,סימן שז,פירוש,לא,
2275,שונה הלכות - הלכות שבת,כן,משנה ברורה,סימן שז,פירוש,לא,
2277,שונה הלכות - הלכות שבת,כן,משנה ברורה,סימן שז,פירוש,לא,
2279,שונה הלכות - הלכות שבת,כן,משנה ברורה,סימן שז,פירוש,לא,
2281,שונה הלכות - הלכות שבת,כן,משנה ברורה,סימן שז,פירוש,לא,
2283,שונה הלכות - הלכות שבת,כן,משנה ברורה,סימן שז,פירוש,לא,
2285,שונה הלכות - הלכות שבת,כן,משנה ברורה,סימן שז,פירוש,לא,
2287,שונה הלכות - הלכות שבת,כן,משנה ברורה,סימן שז,פירוש,לא,
2289,שונה הלכות - הלכות שבת,כן,משנה ברורה,סימן שז,פירוש,לא,
2291,שונה הלכות - הלכות שבת,כן,משנה ברורה,סימן שז,פירוש,לא,
2293,שונה הלכות - הלכות שבת,כן,משנה ברורה,סימן שז,פירוש,לא,
2295,שונה הלכות - הלכות שבת,כן,משנה ברורה,סימן שז,פירוש,לא,
2297,שונה הלכות - הלכות שבת,כן,משנה ברורה,סימן שז,פירוש,לא,
2299,שונה הלכות - הלכות שבת,כן,משנה ברורה,סימן שז,פירוש,לא,
2301,שונה הלכות - הלכות שבת,כן,משנה ברורה,סימן שז,פירוש,לא,
2302,שונה הלכות - הלכות שבת,כן,משנה ברורה,סימן שז,פירוש,לא,
2303,שונה הלכות - הלכות שבת,כן,משנה ברורה,סימן שז,פירוש,לא,
2305,שונה הלכות - הלכות שבת,כן,משנה ברורה,סימן שז,פירוש,לא,
2307,שונה הלכות - הלכות שבת,כן,משנה ברורה,סימן שז,פירוש,לא,
2309,שונה הלכות - הלכות שבת,כן,משנה ברורה,סימן שז,פירוש,לא,
2311,שונה הלכות - הלכות שבת,כן,משנה ברורה,סימן שז,פירוש,לא,
2313,שונה הלכות - הלכות שבת,כן,משנה ברורה,סימן שז,פירוש,לא,
2315,שונה הלכות - הלכות שבת,כן,משנה ברורה,סימן שז,פירוש,לא,
2317,שונה הלכות - הלכות שבת,כן,משנה ברורה,סימן שז,פירוש,לא,
2319,שונה הלכות - הלכות שבת,כן,משנה ברורה,סימן שז,פירוש,לא,
2321,שונה הלכות - הלכות שבת,כן,משנה ברורה,סימן שז,פירוש,לא,
2323,שונה הלכות - הלכות שבת,כן,משנה ברורה,סימן שז,פירוש,לא,
2325,שונה הלכות - הלכות שבת,כן,משנה ברורה,סימן שז,פירוש,לא,
2327,שונה הלכות - הלכות שבת,כן,משנה ברורה,סימן שז,פירוש,לא,
2329,שונה הלכות - הלכות שבת,כן,משנה ברורה,סימן שז,פירוש,לא,
2331,שונה הלכות - הלכות שבת,כן,משנה ברורה,סימן שז,פירוש,לא,
2333,שונה הלכות - הלכות שבת,כן,משנה ברורה,סימן שז,פירוש,לא,
2335,שונה הלכות - הלכות שבת,כן,משנה ברורה,סימן שז,פירוש,לא,
2337,שונה הלכות - הלכות שבת,כן,משנה ברורה,סימן שז,פירוש,לא,
2339,שונה הלכות - הלכות שבת,כן,משנה ברורה,סימן שז,פירוש,לא,
2341,שונה הלכות - הלכות שבת,כן,משנה ברורה,סימן שז,פירוש,לא,
2343,שונה הלכות - הלכות שבת,כן,משנה ברורה,סימן שז,פירוש,לא,
2347,שונה הלכות - הלכות שבת,כן,משנה ברורה,סימן שח,פירוש,לא,
2350,שונה הלכות - הלכות שבת,כן,משנה ברורה,סימן שח,פירוש,לא,
2352,שונה הלכות - הלכות שבת,כן,משנה ברורה,סימן שח,פירוש,לא,
2354,שונה הלכות - הלכות שבת,כן,משנה ברורה,סימן שח,פירוש,לא,
2356,שונה הלכות - הלכות שבת,כן,משנה ברורה,סימן שח,פירוש,לא,
2358,שונה הלכות - הלכות שבת,כן,משנה ברורה,סימן שח,פירוש,לא,
2360,שונה הלכות - הלכות שבת,כן,משנה ברורה,סימן שח,פירוש,לא,
2362,שונה הלכות - הלכות שבת,כן,משנה ברורה,סימן שח,פירוש,לא,
2364,שונה הלכות - הלכות שבת,כן,משנה ברורה,סימן שח,פירוש,לא,
2366,שונה הלכות - הלכות שבת,כן,משנה ברורה,סימן שח,פירוש,לא,
2368,שונה הלכות - הלכות שבת,כן,משנה ברורה,סימן שח,פירוש,לא,
2370,שונה הלכות - הלכות שבת,כן,משנה ברורה,סימן שח,פירוש,לא,
2372,שונה הלכות - הלכות שבת,כן,משנה ברורה,סימן שח,פירוש,לא,
2374,שונה הלכות - הלכות שבת,כן,משנה ברורה,סימן שח,פירוש,לא,
2376,שונה הלכות - הלכות שבת,כן,משנה ברורה,סימן שח,פירוש,לא,
2378,שונה הלכות - הלכות שבת,כן,משנה ברורה,סימן שח,פירוש,לא,
2380,שונה הלכות - הלכות שבת,כן,משנה ברורה,סימן שח,פירוש,לא,
2382,שונה הלכות - הלכות שבת,כן,משנה ברורה,סימן שח,פירוש,לא,
2384,שונה הלכות - הלכות שבת,כן,משנה ברורה,סימן שח,פירוש,לא,
2386,שונה הלכות - הלכות שבת,כן,משנה ברורה,סימן שח,פירוש,לא,
2388,שונה הלכות - הלכות שבת,כן,משנה ברורה,סימן שח,פירוש,לא,
2390,שונה הלכות - הלכות שבת,כן,משנה ברורה,סימן שח,פירוש,לא,
2392,שונה הלכות - הלכות שבת,כן,משנה ברורה,סימן שח,פירוש,לא,
2394,שונה הלכות - הלכות שבת,כן,משנה ברורה,סימן שח,פירוש,לא,
2396,שונה הלכות - הלכות שבת,כן,משנה ברורה,סימן שח,פירוש,לא,
2398,שונה הלכות - הלכות שבת,כן,משנה ברורה,סימן שח,פירוש,לא,
2399,שונה הלכות - הלכות שבת,כן,משנה ברורה,סימן שח,פירוש,לא,
2400,שונה הלכות - הלכות שבת,כן,משנה ברורה,סימן שח,פירוש,לא,
2402,שונה הלכות - הלכות שבת,כן,משנה ברורה,סימן שח,פירוש,לא,
2404,שונה הלכות - הלכות שבת,כן,משנה ברורה,סימן שח,פירוש,לא,
2406,שונה הלכות - הלכות שבת,כן,משנה ברורה,סימן שח,פירוש,לא,
2408,שונה הלכות - הלכות שבת,כן,משנה ברורה,סימן שח,פירוש,לא,
2410,שונה הלכות - הלכות שבת,כן,משנה ברורה,סימן שח,פירוש,לא,
2412,שונה הלכות - הלכות שבת,כן,משנה ברורה,סימן שח,פירוש,לא,
2414,שונה הלכות - הלכות שבת,כן,משנה ברורה,סימן שח,פירוש,לא,
2416,שונה הלכות - הלכות שבת,כן,משנה ברורה,סימן שח,פירוש,לא,
2418,שונה הלכות - הלכות שבת,כן,משנה ברורה,סימן שח,פירוש,לא,
2420,שונה הלכות - הלכות שבת,כן,משנה ברורה,סימן שח,פירוש,לא,
2422,שונה הלכות - הלכות שבת,כן,משנה ברורה,סימן שח,פירוש,לא,
2424,שונה הלכות - הלכות שבת,כן,משנה ברורה,סימן שח,פירוש,לא,
2426,שונה הלכות - הלכות שבת,כן,משנה ברורה,סימן שח,פירוש,לא,
2428,שונה הלכות - הלכות שבת,כן,משנה ברורה,סימן שח,פירוש,לא,
2430,שונה הלכות - הלכות שבת,כן,משנה ברורה,סימן שח,פירוש,לא,
2432,שונה הלכות - הלכות שבת,כן,משנה ברורה,סימן שח,פירוש,לא,
2434,שונה הלכות - הלכות שבת,כן,משנה ברורה,סימן שח,פירוש,לא,
2436,שונה הלכות - הלכות שבת,כן,משנה ברורה,סימן שח,פירוש,לא,
2438,שונה הלכות - הלכות שבת,כן,משנה ברורה,סימן שח,פירוש,לא,
2440,שונה הלכות - הלכות שבת,כן,משנה ברורה,סימן שח,פירוש,לא,
2442,שונה הלכות - הלכות שבת,כן,משנה ברורה,סימן שח,פירוש,לא,
2444,שונה הלכות - הלכות שבת,כן,משנה ברורה,סימן שח,פירוש,לא,
2446,שונה הלכות - הלכות שבת,כן,משנה ברורה,סימן שח,פירוש,לא,
2448,שונה הלכות - הלכות שבת,כן,משנה ברורה,סימן שח,פירוש,לא,
2450,שונה הלכות - הלכות שבת,כן,משנה ברורה,סימן שח,פירוש,לא,
2451,שונה הלכות - הלכות שבת,כן,משנה ברורה,סימן שח,פירוש,לא,
2452,שונה הלכות - הלכות שבת,כן,משנה ברורה,סימן שח,פירוש,לא,
2454,שונה הלכות - הלכות שבת,כן,משנה ברורה,סימן שח,פירוש,לא,
2456,שונה הלכות - הלכות שבת,כן,משנה ברורה,סימן שח,פירוש,לא,
2458,שונה הלכות - הלכות שבת,כן,משנה ברורה,סימן שח,פירוש,לא,
2459,שונה הלכות - הלכות שבת,כן,משנה ברורה,סימן שח,פירוש,לא,
2460,שונה הלכות - הלכות שבת,כן,משנה ברורה,סימן שח,פירוש,לא,
2462,שונה הלכות - הלכות שבת,כן,משנה ברורה,סימן שח,פירוש,לא,
2464,שונה הלכות - הלכות שבת,כן,משנה ברורה,סימן שח,פירוש,לא,
2466,שונה הלכות - הלכות שבת,כן,משנה ברורה,סימן שח,פירוש,לא,
2467,שונה הלכות - הלכות שבת,כן,משנה ברורה,סימן שח,פירוש,לא,
2468,שונה הלכות - הלכות שבת,כן,משנה ברורה,סימן שח,פירוש,לא,
2470,שונה הלכות - הלכות שבת,כן,משנה ברורה,סימן שח,פירוש,לא,
2472,שונה הלכות - הלכות שבת,כן,משנה ברורה,סימן שח,פירוש,לא,
2474,שונה הלכות - הלכות שבת,כן,משנה ברורה,סימן שח,פירוש,לא,
2476,שונה הלכות - הלכות שבת,כן,משנה ברורה,סימן שח,פירוש,לא,
2478,שונה הלכות - הלכות שבת,כן,משנה ברורה,סימן שח,פירוש,לא,
2480,שונה הלכות - הלכות שבת,כן,משנה ברורה,סימן שח,פירוש,לא,
2482,שונה הלכות - הלכות שבת,כן,משנה ברורה,סימן שח,פירוש,לא,
2484,שונה הלכות - הלכות שבת,כן,משנה ברורה,סימן שח,פירוש,לא,
2486,שונה הלכות - הלכות שבת,כן,משנה ברורה,סימן שח,פירוש,לא,
2488,שונה הלכות - הלכות שבת,כן,משנה ברורה,סימן שח,פירוש,לא,
2490,שונה הלכות - הלכות שבת,כן,משנה ברורה,סימן שח,פירוש,לא,
2492,שונה הלכות - הלכות שבת,כן,משנה ברורה,סימן שח,פירוש,לא,
2494,שונה הלכות - הלכות שבת,כן,משנה ברורה,סימן שח,פירוש,לא,
2496,שונה הלכות - הלכות שבת,כן,משנה ברורה,סימן שח,פירוש,לא,
2498,שונה הלכות - הלכות שבת,כן,משנה ברורה,סימן שח,פירוש,לא,
2499,שונה הלכות - הלכות שבת,כן,משנה ברורה,סימן שח,פירוש,לא,
2501,שונה הלכות - הלכות שבת,כן,משנה ברורה,סימן שח,פירוש,לא,
2504,שונה הלכות - הלכות שבת,כן,משנה ברורה,סימן שח,פירוש,לא,
2506,שונה הלכות - הלכות שבת,כן,משנה ברורה,סימן שח,פירוש,לא,
2508,שונה הלכות - הלכות שבת,כן,משנה ברורה,סימן שח,פירוש,לא,
2510,שונה הלכות - הלכות שבת,כן,משנה ברורה,סימן שח,פירוש,לא,
2512,שונה הלכות - הלכות שבת,כן,משנה ברורה,סימן שח,פירוש,לא,
2514,שונה הלכות - הלכות שבת,כן,משנה ברורה,סימן שח,פירוש,לא,
2516,שונה הלכות - הלכות שבת,כן,משנה ברורה,סימן שח,פירוש,לא,
2518,שונה הלכות - הלכות שבת,כן,משנה ברורה,סימן שח,פירוש,לא,
2520,שונה הלכות - הלכות שבת,כן,משנה ברורה,סימן שח,פירוש,לא,
2522,שונה הלכות - הלכות שבת,כן,משנה ברורה,סימן שח,פירוש,לא,
2524,שונה הלכות - הלכות שבת,כן,משנה ברורה,סימן שח,פירוש,לא,
2526,שונה הלכות - הלכות שבת,כן,משנה ברורה,סימן שח,פירוש,לא,
2529,שונה הלכות - הלכות שבת,כן,משנה ברורה,סימן שי,פירוש,לא,
2532,שונה הלכות - הלכות שבת,כן,משנה ברורה,סימן שי,פירוש,לא,
2534,שונה הלכות - הלכות שבת,כן,משנה ברורה,סימן שי,פירוש,לא,
2536,שונה הלכות - הלכות שבת,כן,משנה ברורה,סימן שי,פירוש,לא,
2538,שונה הלכות - הלכות שבת,כן,משנה ברורה,סימן שי,פירוש,לא,
2540,שונה הלכות - הלכות שבת,כן,משנה ברורה,סימן שי,פירוש,לא,
2542,שונה הלכות - הלכות שבת,כן,משנה ברורה,סימן שי,פירוש,לא,
2544,שונה הלכות - הלכות שבת,כן,משנה ברורה,סימן שי,פירוש,לא,
2546,שונה הלכות - הלכות שבת,כן,משנה ברורה,סימן שי,פירוש,לא,
2548,שונה הלכות - הלכות שבת,כן,משנה ברורה,סימן שי,פירוש,לא,
2550,שונה הלכות - הלכות שבת,כן,משנה ברורה,סימן שי,פירוש,לא,
2552,שונה הלכות - הלכות שבת,כן,משנה ברורה,סימן שי,פירוש,לא,
2554,שונה הלכות - הלכות שבת,כן,משנה ברורה,סימן שי,פירוש,לא,
2556,שונה הלכות - הלכות שבת,כן,משנה ברורה,סימן שי,פירוש,לא,
2558,שונה הלכות - הלכות שבת,כן,משנה ברורה,סימן שי,פירוש,לא,
2560,שונה הלכות - הלכות שבת,כן,משנה ברורה,סימן שי,פירוש,לא,
2562,שונה הלכות - הלכות שבת,כן,משנה ברורה,סימן שי,פירוש,לא,
2564,שונה הלכות - הלכות שבת,כן,משנה ברורה,סימן שי,פירוש,לא,
2566,שונה הלכות - הלכות שבת,כן,משנה ברורה,סימן שי,פירוש,לא,
2568,שונה הלכות - הלכות שבת,כן,משנה ברורה,סימן שי,פירוש,לא,
2570,שונה הלכות - הלכות שבת,כן,משנה ברורה,סימן שי,פירוש,לא,
2574,שונה הלכות - הלכות שבת,כן,משנה ברורה,סימן שיא,פירוש,לא,
2577,שונה הלכות - הלכות שבת,כן,משנה ברורה,סימן שיא,פירוש,לא,
2579,שונה הלכות - הלכות שבת,כן,משנה ברורה,סימן שיא,פירוש,לא,
2581,שונה הלכות - הלכות שבת,כן,משנה ברורה,סימן שיא,פירוש,לא,
2583,שונה הלכות - הלכות שבת,כן,משנה ברורה,סימן שיא,פירוש,לא,
2585,שונה הלכות - הלכות שבת,כן,משנה ברורה,סימן שיא,פירוש,לא,
2587,שונה הלכות - הלכות שבת,כן,משנה ברורה,סימן שיא,פירוש,לא,
2589,שונה הלכות - הלכות שבת,כן,משנה ברורה,סימן שיא,פירוש,לא,
2591,שונה הלכות - הלכות שבת,כן,משנה ברורה,סימן שיא,פירוש,לא,
2593,שונה הלכות - הלכות שבת,כן,משנה ברורה,סימן שיא,פירוש,לא,
2595,שונה הלכות - הלכות שבת,כן,משנה ברורה,סימן שיא,פירוש,לא,
2597,שונה הלכות - הלכות שבת,כן,משנה ברורה,סימן שיא,פירוש,לא,
2601,שונה הלכות - הלכות שבת,כן,משנה ברורה,סימן שיב,פירוש,לא,
2604,שונה הלכות - הלכות שבת,כן,משנה ברורה,סימן שיב,פירוש,לא,
2605,שונה הלכות - הלכות שבת,כן,משנה ברורה,סימן שיב,פירוש,לא,
2606,שונה הלכות - הלכות שבת,כן,משנה ברורה,סימן שיב,פירוש,לא,
2608,שונה הלכות - הלכות שבת,כן,משנה ברורה,סימן שיב,פירוש,לא,
2610,שונה הלכות - הלכות שבת,כן,משנה ברורה,סימן שיב,פירוש,לא,
2612,שונה הלכות - הלכות שבת,כן,משנה ברורה,סימן שיב,פירוש,לא,
2614,שונה הלכות - הלכות שבת,כן,משנה ברורה,סימן שיב,פירוש,לא,
2616,שונה הלכות - הלכות שבת,כן,משנה ברורה,סימן שיב,פירוש,לא,
2617,שונה הלכות - הלכות שבת,כן,משנה ברורה,סימן שיב,פירוש,לא,
2618,שונה הלכות - הלכות שבת,כן,משנה ברורה,סימן שיב,פירוש,לא,
2620,שונה הלכות - הלכות שבת,כן,משנה ברורה,סימן שיב,פירוש,לא,
2622,שונה הלכות - הלכות שבת,כן,משנה ברורה,סימן שיב,פירוש,לא,
2624,שונה הלכות - הלכות שבת,כן,משנה ברורה,סימן שיב,פירוש,לא,
2626,שונה הלכות - הלכות שבת,כן,משנה ברורה,סימן שיב,פירוש,לא,
2628,שונה הלכות - הלכות שבת,כן,משנה ברורה,סימן שיב,פירוש,לא,
2630,שונה הלכות - הלכות שבת,כן,משנה ברורה,סימן שיב,פירוש,לא,
2632,שונה הלכות - הלכות שבת,כן,משנה ברורה,סימן שיב,פירוש,לא,
2634,שונה הלכות - הלכות שבת,כן,משנה ברורה,סימן שיב,פירוש,לא,
2636,שונה הלכות - הלכות שבת,כן,משנה ברורה,סימן שיב,פירוש,לא,
2638,שונה הלכות - הלכות שבת,כן,משנה ברורה,סימן שיב,פירוש,לא,
2641,שונה הלכות - הלכות שבת,כן,משנה ברורה,סימן שיג,פירוש,לא,
2644,שונה הלכות - הלכות שבת,כן,משנה ברורה,סימן שיג,פירוש,לא,
2646,שונה הלכות - הלכות שבת,כן,משנה ברורה,סימן שיג,פירוש,לא,
2648,שונה הלכות - הלכות שבת,כן,משנה ברורה,סימן שיג,פירוש,לא,
2650,שונה הלכות - הלכות שבת,כן,משנה ברורה,סימן שיג,פירוש,לא,
2651,שונה הלכות - הלכות שבת,כן,משנה ברורה,סימן שיג,פירוש,לא,
2652,שונה הלכות - הלכות שבת,כן,משנה ברורה,סימן שיג,פירוש,לא,
2654,שונה הלכות - הלכות שבת,כן,משנה ברורה,סימן שיג,פירוש,לא,
2655,שונה הלכות - הלכות שבת,כן,משנה ברורה,סימן שיג,פירוש,לא,
2656,שונה הלכות - הלכות שבת,כן,משנה ברורה,סימן שיג,פירוש,לא,
2657,שונה הלכות - הלכות שבת,כן,משנה ברורה,סימן שיג,פירוש,לא,
2658,שונה הלכות - הלכות שבת,כן,משנה ברורה,סימן שיג,פירוש,לא,
2659,שונה הלכות - הלכות שבת,כן,משנה ברורה,סימן שיג,פירוש,לא,
2660,שונה הלכות - הלכות שבת,כן,משנה ברורה,סימן שיג,פירוש,לא,
2661,שונה הלכות - הלכות שבת,כן,משנה ברורה,סימן שיג,פירוש,לא,
2662,שונה הלכות - הלכות שבת,כן,משנה ברורה,סימן שיג,פירוש,לא,
2664,שונה הלכות - הלכות שבת,כן,משנה ברורה,סימן שיג,פירוש,לא,
2665,שונה הלכות - הלכות שבת,כן,משנה ברורה,סימן שיג,פירוש,לא,
2666,שונה הלכות - הלכות שבת,כן,משנה ברורה,סימן שיג,פירוש,לא,
2668,שונה הלכות - הלכות שבת,כן,משנה ברורה,סימן שיג,פירוש,לא,
2670,שונה הלכות - הלכות שבת,כן,משנה ברורה,סימן שיג,פירוש,לא,
2671,שונה הלכות - הלכות שבת,כן,משנה ברורה,סימן שיג,פירוש,לא,
2672,שונה הלכות - הלכות שבת,כן,משנה ברורה,סימן שיג,פירוש,לא,
2674,שונה הלכות - הלכות שבת,כן,משנה ברורה,סימן שיג,פירוש,לא,
2676,שונה הלכות - הלכות שבת,כן,משנה ברורה,סימן שיג,פירוש,לא,
2678,שונה הלכות - הלכות שבת,כן,משנה ברורה,סימן שיג,פירוש,לא,
2680,שונה הלכות - הלכות שבת,כן,משנה ברורה,סימן שיג,פירוש,לא,
2682,שונה הלכות - הלכות שבת,כן,משנה ברורה,סימן שיג,פירוש,לא,
2684,שונה הלכות - הלכות שבת,כן,משנה ברורה,סימן שיג,פירוש,לא,
2685,שונה הלכות - הלכות שבת,כן,משנה ברורה,סימן שיג,פירוש,לא,
2686,שונה הלכות - הלכות שבת,כן,משנה ברורה,סימן שיג,פירוש,לא,
2688,שונה הלכות - הלכות שבת,כן,משנה ברורה,סימן שיג,פירוש,לא,
2690,שונה הלכות - הלכות שבת,כן,משנה ברורה,סימן שיג,פירוש,לא,
2692,שונה הלכות - הלכות שבת,כן,משנה ברורה,סימן שיג,פירוש,לא,
2694,שונה הלכות - הלכות שבת,כן,משנה ברורה,סימן שיג,פירוש,לא,
2695,שונה הלכות - הלכות שבת,כן,משנה ברורה,סימן שיג,פירוש,לא,
2696,שונה הלכות - הלכות שבת,כן,משנה ברורה,סימן שיג,פירוש,לא,
2698,שונה הלכות - הלכות שבת,כן,משנה ברורה,סימן שיג,פירוש,לא,
2699,שונה הלכות - הלכות שבת,כן,משנה ברורה,סימן שיג,פירוש,לא,
2700,שונה הלכות - הלכות שבת,כן,משנה ברורה,סימן שיג,פירוש,לא,
2701,שונה הלכות - הלכות שבת,כן,משנה ברורה,סימן שיג,פירוש,לא,
2702,שונה הלכות - הלכות שבת,כן,משנה ברורה,סימן שיג,פירוש,לא,
2703,שונה הלכות - הלכות שבת,כן,משנה ברורה,סימן שיג,פירוש,לא,
2704,שונה הלכות - הלכות שבת,כן,משנה ברורה,סימן שיג,פירוש,לא,
2706,שונה הלכות - הלכות שבת,כן,משנה ברורה,סימן שיג,פירוש,לא,
2707,שונה הלכות - הלכות שבת,כן,משנה ברורה,סימן שיג,פירוש,לא,
2708,שונה הלכות - הלכות שבת,כן,משנה ברורה,סימן שיג,פירוש,לא,
2710,שונה הלכות - הלכות שבת,כן,משנה ברורה,סימן שיג,פירוש,לא,
2711,שונה הלכות - הלכות שבת,כן,משנה ברורה,סימן שיג,פירוש,לא,
2713,שונה הלכות - הלכות שבת,כן,משנה ברורה,סימן שיג,פירוש,לא,
2715,שונה הלכות - הלכות שבת,כן,משנה ברורה,סימן שיג,פירוש,לא,
2719,שונה הלכות - הלכות שבת,כן,משנה ברורה,סימן שיד,פירוש,לא,
2722,שונה הלכות - הלכות שבת,כן,משנה ברורה,סימן שיד,פירוש,לא,
2724,שונה הלכות - הלכות שבת,כן,משנה ברורה,סימן שיד,פירוש,לא,
2726,שונה הלכות - הלכות שבת,כן,משנה ברורה,סימן שיד,פירוש,לא,
2728,שונה הלכות - הלכות שבת,כן,משנה ברורה,סימן שיד,פירוש,לא,
2730,שונה הלכות - הלכות שבת,כן,משנה ברורה,סימן שיד,פירוש,לא,
2732,שונה הלכות - הלכות שבת,כן,משנה ברורה,סימן שיד,פירוש,לא,
2733,שונה הלכות - הלכות שבת,כן,משנה ברורה,סימן שיד,פירוש,לא,
2735,שונה הלכות - הלכות שבת,כן,משנה ברורה,סימן שיד,פירוש,לא,
2737,שונה הלכות - הלכות שבת,כן,משנה ברורה,סימן שיד,פירוש,לא,
2739,שונה הלכות - הלכות שבת,כן,משנה ברורה,סימן שיד,פירוש,לא,
2741,שונה הלכות - הלכות שבת,כן,משנה ברורה,סימן שיד,פירוש,לא,
2743,שונה הלכות - הלכות שבת,כן,משנה ברורה,סימן שיד,פירוש,לא,
2745,שונה הלכות - הלכות שבת,כן,משנה ברורה,סימן שיד,פירוש,לא,
2747,שונה הלכות - הלכות שבת,כן,משנה ברורה,סימן שיד,פירוש,לא,
2748,שונה הלכות - הלכות שבת,כן,משנה ברורה,סימן שיד,פירוש,לא,
2749,שונה הלכות - הלכות שבת,כן,משנה ברורה,סימן שיד,פירוש,לא,
2751,שונה הלכות - הלכות שבת,כן,משנה ברורה,סימן שיד,פירוש,לא,
2753,שונה הלכות - הלכות שבת,כן,משנה ברורה,סימן שיד,פירוש,לא,
2755,שונה הלכות - הלכות שבת,כן,משנה ברורה,סימן שיד,פירוש,לא,
2757,שונה הלכות - הלכות שבת,כן,משנה ברורה,סימן שיד,פירוש,לא,
2759,שונה הלכות - הלכות שבת,כן,משנה ברורה,סימן שיד,פירוש,לא,
2761,שונה הלכות - הלכות שבת,כן,משנה ברורה,סימן שיד,פירוש,לא,
2763,שונה הלכות - הלכות שבת,כן,משנה ברורה,סימן שיד,פירוש,לא,
2765,שונה הלכות - הלכות שבת,כן,משנה ברורה,סימן שיד,פירוש,לא,
2767,שונה הלכות - הלכות שבת,כן,משנה ברורה,סימן שיד,פירוש,לא,
2769,שונה הלכות - הלכות שבת,כן,משנה ברורה,סימן שיד,פירוש,לא,
2771,שונה הלכות - הלכות שבת,כן,משנה ברורה,סימן שיד,פירוש,לא,
2773,שונה הלכות - הלכות שבת,כן,משנה ברורה,סימן שיד,פירוש,לא,
2775,שונה הלכות - הלכות שבת,כן,משנה ברורה,סימן שיד,פירוש,לא,
2779,שונה הלכות - הלכות שבת,כן,משנה ברורה,סימן שטו,פירוש,לא,
2782,שונה הלכות - הלכות שבת,כן,משנה ברורה,סימן שטו,פירוש,לא,
2784,שונה הלכות - הלכות שבת,כן,משנה ברורה,סימן שטו,פירוש,לא,
2786,שונה הלכות - הלכות שבת,כן,משנה ברורה,סימן שטו,פירוש,לא,
2788,שונה הלכות - הלכות שבת,כן,משנה ברורה,סימן שטו,פירוש,לא,
2790,שונה הלכות - הלכות שבת,כן,משנה ברורה,סימן שטו,פירוש,לא,
2792,שונה הלכות - הלכות שבת,כן,משנה ברורה,סימן שטו,פירוש,לא,
2794,שונה הלכות - הלכות שבת,כן,משנה ברורה,סימן שטו,פירוש,לא,
2796,שונה הלכות - הלכות שבת,כן,משנה ברורה,סימן שטו,פירוש,לא,
2798,שונה הלכות - הלכות שבת,כן,משנה ברורה,סימן שטו,פירוש,לא,
2800,שונה הלכות - הלכות שבת,כן,משנה ברורה,סימן שטו,פירוש,לא,
2802,שונה הלכות - הלכות שבת,כן,משנה ברורה,סימן שטו,פירוש,לא,
2804,שונה הלכות - הלכות שבת,כן,משנה ברורה,סימן שטו,פירוש,לא,
2806,שונה הלכות - הלכות שבת,כן,משנה ברורה,סימן שטו,פירוש,לא,
2808,שונה הלכות - הלכות שבת,כן,משנה ברורה,סימן שטו,פירוש,לא,
2810,שונה הלכות - הלכות שבת,כן,משנה ברורה,סימן שטו,פירוש,לא,
2812,שונה הלכות - הלכות שבת,כן,משנה ברורה,סימן שטו,פירוש,לא,
2814,שונה הלכות - הלכות שבת,כן,משנה ברורה,סימן שטו,פירוש,לא,
2816,שונה הלכות - הלכות שבת,כן,משנה ברורה,סימן שטו,פירוש,לא,
2818,שונה הלכות - הלכות שבת,כן,משנה ברורה,סימן שטו,פירוש,לא,
2820,שונה הלכות - הלכות שבת,כן,משנה ברורה,סימן שטו,פירוש,לא,
2822,שונה הלכות - הלכות שבת,כן,משנה ברורה,סימן שטו,פירוש,לא,
2824,שונה הלכות - הלכות שבת,כן,משנה ברורה,סימן שטו,פירוש,לא,
2826,שונה הלכות - הלכות שבת,כן,משנה ברורה,סימן שטו,פירוש,לא,
2828,שונה הלכות - הלכות שבת,כן,משנה ברורה,סימן שטו,פירוש,לא,
2830,שונה הלכות - הלכות שבת,כן,משנה ברורה,סימן שטו,פירוש,לא,
2831,שונה הלכות - הלכות שבת,כן,משנה ברורה,סימן שטו,פירוש,לא,
2832,שונה הלכות - הלכות שבת,כן,משנה ברורה,סימן שטו,פירוש,לא,
2834,שונה הלכות - הלכות שבת,כן,משנה ברורה,סימן שטו,פירוש,לא,
2836,שונה הלכות - הלכות שבת,כן,משנה ברורה,סימן שטו,פירוש,לא,
2838,שונה הלכות - הלכות שבת,כן,משנה ברורה,סימן שטו,פירוש,לא,
2840,שונה הלכות - הלכות שבת,כן,משנה ברורה,סימן שטו,פירוש,לא,
2842,שונה הלכות - הלכות שבת,כן,משנה ברורה,סימן שטו,פירוש,לא,
2844,שונה הלכות - הלכות שבת,כן,משנה ברורה,סימן שטו,פירוש,לא,
2848,שונה הלכות - הלכות שבת,כן,משנה ברורה,סימן שטז,פירוש,לא,
2851,שונה הלכות - הלכות שבת,כן,משנה ברורה,סימן שטז,פירוש,לא,
2853,שונה הלכות - הלכות שבת,כן,משנה ברורה,סימן שטז,פירוש,לא,
2855,שונה הלכות - הלכות שבת,כן,משנה ברורה,סימן שטז,פירוש,לא,
2857,שונה הלכות - הלכות שבת,כן,משנה ברורה,סימן שטז,פירוש,לא,
2859,שונה הלכות - הלכות שבת,כן,משנה ברורה,סימן שטז,פירוש,לא,
2860,שונה הלכות - הלכות שבת,כן,משנה ברורה,סימן שטז,פירוש,לא,
2861,שונה הלכות - הלכות שבת,כן,משנה ברורה,סימן שטז,פירוש,לא,
2863,שונה הלכות - הלכות שבת,כן,משנה ברורה,סימן שטז,פירוש,לא,
2865,שונה הלכות - הלכות שבת,כן,משנה ברורה,סימן שטז,פירוש,לא,
2867,שונה הלכות - הלכות שבת,כן,משנה ברורה,סימן שטז,פירוש,לא,
2869,שונה הלכות - הלכות שבת,כן,משנה ברורה,סימן שטז,פירוש,לא,
2871,שונה הלכות - הלכות שבת,כן,משנה ברורה,סימן שטז,פירוש,לא,
2873,שונה הלכות - הלכות שבת,כן,משנה ברורה,סימן שטז,פירוש,לא,
2875,שונה הלכות - הלכות שבת,כן,משנה ברורה,סימן שטז,פירוש,לא,
2877,שונה הלכות - הלכות שבת,כן,משנה ברורה,סימן שטז,פירוש,לא,
2879,שונה הלכות - הלכות שבת,כן,משנה ברורה,סימן שטז,פירוש,לא,
2881,שונה הלכות - הלכות שבת,כן,משנה ברורה,סימן שטז,פירוש,לא,
2883,שונה הלכות - הלכות שבת,כן,משנה ברורה,סימן שטז,פירוש,לא,
2885,שונה הלכות - הלכות שבת,כן,משנה ברורה,סימן שטז,פירוש,לא,
2887,שונה הלכות - הלכות שבת,כן,משנה ברורה,סימן שטז,פירוש,לא,
2889,שונה הלכות - הלכות שבת,כן,משנה ברורה,סימן שטז,פירוש,לא,
2891,שונה הלכות - הלכות שבת,כן,משנה ברורה,סימן שטז,פירוש,לא,
2893,שונה הלכות - הלכות שבת,כן,משנה ברורה,סימן שטז,פירוש,לא,
2895,שונה הלכות - הלכות שבת,כן,משנה ברורה,סימן שטז,פירוש,לא,
2897,שונה הלכות - הלכות שבת,כן,משנה ברורה,סימן שטז,פירוש,לא,
2899,שונה הלכות - הלכות שבת,כן,משנה ברורה,סימן שטז,פירוש,לא,
2901,שונה הלכות - הלכות שבת,כן,משנה ברורה,סימן שטז,פירוש,לא,
2903,שונה הלכות - הלכות שבת,כן,משנה ברורה,סימן שטז,פירוש,לא,
2905,שונה הלכות - הלכות שבת,כן,משנה ברורה,סימן שטז,פירוש,לא,
2907,שונה הלכות - הלכות שבת,כן,משנה ברורה,סימן שטז,פירוש,לא,
2909,שונה הלכות - הלכות שבת,כן,משנה ברורה,סימן שטז,פירוש,לא,
2911,שונה הלכות - הלכות שבת,כן,משנה ברורה,סימן שטז,פירוש,לא,
2913,שונה הלכות - הלכות שבת,כן,משנה ברורה,סימן שטז,פירוש,לא,
2915,שונה הלכות - הלכות שבת,כן,משנה ברורה,סימן שטז,פירוש,לא,
2917,שונה הלכות - הלכות שבת,כן,משנה ברורה,סימן שטז,פירוש,לא,
2919,שונה הלכות - הלכות שבת,כן,משנה ברורה,סימן שטז,פירוש,לא,
2921,שונה הלכות - הלכות שבת,כן,משנה ברורה,סימן שטז,פירוש,לא,
2923,שונה הלכות - הלכות שבת,כן,משנה ברורה,סימן שטז,פירוש,לא,
2925,שונה הלכות - הלכות שבת,כן,משנה ברורה,סימן שטז,פירוש,לא,
2927,שונה הלכות - הלכות שבת,כן,משנה ברורה,סימן שטז,פירוש,לא,
2931,שונה הלכות - הלכות שבת,כן,משנה ברורה,סימן שיז,פירוש,לא,
2934,שונה הלכות - הלכות שבת,כן,משנה ברורה,סימן שיז,פירוש,לא,
2936,שונה הלכות - הלכות שבת,כן,משנה ברורה,סימן שיז,פירוש,לא,
2938,שונה הלכות - הלכות שבת,כן,משנה ברורה,סימן שיז,פירוש,לא,
2940,שונה הלכות - הלכות שבת,כן,משנה ברורה,סימן שיז,פירוש,לא,
2942,שונה הלכות - הלכות שבת,כן,משנה ברורה,סימן שיז,פירוש,לא,
2944,שונה הלכות - הלכות שבת,כן,משנה ברורה,סימן שיז,פירוש,לא,
2946,שונה הלכות - הלכות שבת,כן,משנה ברורה,סימן שיז,פירוש,לא,
2948,שונה הלכות - הלכות שבת,כן,משנה ברורה,סימן שיז,פירוש,לא,
2950,שונה הלכות - הלכות שבת,כן,משנה ברורה,סימן שיז,פירוש,לא,
2952,שונה הלכות - הלכות שבת,כן,משנה ברורה,סימן שיז,פירוש,לא,
2954,שונה הלכות - הלכות שבת,כן,משנה ברורה,סימן שיז,פירוש,לא,
2956,שונה הלכות - הלכות שבת,כן,משנה ברורה,סימן שיז,פירוש,לא,
2958,שונה הלכות - הלכות שבת,כן,משנה ברורה,סימן שיז,פירוש,לא,
2960,שונה הלכות - הלכות שבת,כן,משנה ברורה,סימן שיז,פירוש,לא,
2962,שונה הלכות - הלכות שבת,כן,משנה ברורה,סימן שיז,פירוש,לא,
2964,שונה הלכות - הלכות שבת,כן,משנה ברורה,סימן שיז,פירוש,לא,
2966,שונה הלכות - הלכות שבת,כן,משנה ברורה,סימן שיז,פירוש,לא,
2970,שונה הלכות - הלכות שבת,כן,משנה ברורה,סימן שיח,פירוש,לא,
2973,שונה הלכות - הלכות שבת,כן,משנה ברורה,סימן שיח,פירוש,לא,
2975,שונה הלכות - הלכות שבת,כן,משנה ברורה,סימן שיח,פירוש,לא,
2977,שונה הלכות - הלכות שבת,כן,משנה ברורה,סימן שיח,פירוש,לא,
2979,שונה הלכות - הלכות שבת,כן,משנה ברורה,סימן שיח,פירוש,לא,
2981,שונה הלכות - הלכות שבת,כן,משנה ברורה,סימן שיח,פירוש,לא,
2983,שונה הלכות - הלכות שבת,כן,משנה ברורה,סימן שיח,פירוש,לא,
2985,שונה הלכות - הלכות שבת,כן,משנה ברורה,סימן שיח,פירוש,לא,
2987,שונה הלכות - הלכות שבת,כן,משנה ברורה,סימן שיח,פירוש,לא,
2989,שונה הלכות - הלכות שבת,כן,משנה ברורה,סימן שיח,פירוש,לא,
2991,שונה הלכות - הלכות שבת,כן,משנה ברורה,סימן שיח,פירוש,לא,
2993,שונה הלכות - הלכות שבת,כן,משנה ברורה,סימן שיח,פירוש,לא,
2995,שונה הלכות - הלכות שבת,כן,משנה ברורה,סימן שיח,פירוש,לא,
2996,שונה הלכות - הלכות שבת,כן,משנה ברורה,סימן שיח,פירוש,לא,
2997,שונה הלכות - הלכות שבת,כן,משנה ברורה,סימן שיח,פירוש,לא,
2999,שונה הלכות - הלכות שבת,כן,משנה ברורה,סימן שיח,פירוש,לא,
3001,שונה הלכות - הלכות שבת,כן,משנה ברורה,סימן שיח,פירוש,לא,
3003,שונה הלכות - הלכות שבת,כן,משנה ברורה,סימן שיח,פירוש,לא,
3005,שונה הלכות - הלכות שבת,כן,משנה ברורה,סימן שיח,פירוש,לא,
3007,שונה הלכות - הלכות שבת,כן,משנה ברורה,סימן שיח,פירוש,לא,
3009,שונה הלכות - הלכות שבת,כן,משנה ברורה,סימן שיח,פירוש,לא,
3010,שונה הלכות - הלכות שבת,כן,משנה ברורה,סימן שיח,פירוש,לא,
3011,שונה הלכות - הלכות שבת,כן,משנה ברורה,סימן שיח,פירוש,לא,
3013,שונה הלכות - הלכות שבת,כן,משנה ברורה,סימן שיח,פירוש,לא,
3015,שונה הלכות - הלכות שבת,כן,משנה ברורה,סימן שיח,פירוש,לא,
3016,שונה הלכות - הלכות שבת,כן,משנה ברורה,סימן שיח,פירוש,לא,
3018,שונה הלכות - הלכות שבת,כן,משנה ברורה,סימן שיח,פירוש,לא,
3019,שונה הלכות - הלכות שבת,כן,משנה ברורה,סימן שיח,פירוש,לא,
3021,שונה הלכות - הלכות שבת,כן,משנה ברורה,סימן שיח,פירוש,לא,
3023,שונה הלכות - הלכות שבת,כן,משנה ברורה,סימן שיח,פירוש,לא,
3025,שונה הלכות - הלכות שבת,כן,משנה ברורה,סימן שיח,פירוש,לא,
3027,שונה הלכות - הלכות שבת,כן,משנה ברורה,סימן שיח,פירוש,לא,
3028,שונה הלכות - הלכות שבת,כן,משנה ברורה,סימן שיח,פירוש,לא,
3029,שונה הלכות - הלכות שבת,כן,משנה ברורה,סימן שיח,פירוש,לא,
3031,שונה הלכות - הלכות שבת,כן,משנה ברורה,סימן שיח,פירוש,לא,
3033,שונה הלכות - הלכות שבת,כן,משנה ברורה,סימן שיח,פירוש,לא,
3035,שונה הלכות - הלכות שבת,כן,משנה ברורה,סימן שיח,פירוש,לא,
3037,שונה הלכות - הלכות שבת,כן,משנה ברורה,סימן שיח,פירוש,לא,
3039,שונה הלכות - הלכות שבת,כן,משנה ברורה,סימן שיח,פירוש,לא,
3041,שונה הלכות - הלכות שבת,כן,משנה ברורה,סימן שיח,פירוש,לא,
3043,שונה הלכות - הלכות שבת,כן,משנה ברורה,סימן שיח,פירוש,לא,
3045,שונה הלכות - הלכות שבת,כן,משנה ברורה,סימן שיח,פירוש,לא,
3047,שונה הלכות - הלכות שבת,כן,משנה ברורה,סימן שיח,פירוש,לא,
3049,שונה הלכות - הלכות שבת,כן,משנה ברורה,סימן שיח,פירוש,לא,
3051,שונה הלכות - הלכות שבת,כן,משנה ברורה,סימן שיח,פירוש,לא,
3053,שונה הלכות - הלכות שבת,כן,משנה ברורה,סימן שיח,פירוש,לא,
3055,שונה הלכות - הלכות שבת,כן,משנה ברורה,סימן שיח,פירוש,לא,
3057,שונה הלכות - הלכות שבת,כן,משנה ברורה,סימן שיח,פירוש,לא,
3059,שונה הלכות - הלכות שבת,כן,משנה ברורה,סימן שיח,פירוש,לא,
3063,שונה הלכות - הלכות שבת,כן,משנה ברורה,סימן שיט,פירוש,לא,
3066,שונה הלכות - הלכות שבת,כן,משנה ברורה,סימן שיט,פירוש,לא,
3068,שונה הלכות - הלכות שבת,כן,משנה ברורה,סימן שיט,פירוש,לא,
3069,שונה הלכות - הלכות שבת,כן,משנה ברורה,סימן שיט,פירוש,לא,
3070,שונה הלכות - הלכות שבת,כן,משנה ברורה,סימן שיט,פירוש,לא,
3072,שונה הלכות - הלכות שבת,כן,משנה ברורה,סימן שיט,פירוש,לא,
3074,שונה הלכות - הלכות שבת,כן,משנה ברורה,סימן שיט,פירוש,לא,
3076,שונה הלכות - הלכות שבת,כן,משנה ברורה,סימן שיט,פירוש,לא,
3078,שונה הלכות - הלכות שבת,כן,משנה ברורה,סימן שיט,פירוש,לא,
3080,שונה הלכות - הלכות שבת,כן,משנה ברורה,סימן שיט,פירוש,לא,
3082,שונה הלכות - הלכות שבת,כן,משנה ברורה,סימן שיט,פירוש,לא,
3083,שונה הלכות - הלכות שבת,כן,משנה ברורה,סימן שיט,פירוש,לא,
3084,שונה הלכות - הלכות שבת,כן,משנה ברורה,סימן שיט,פירוש,לא,
3086,שונה הלכות - הלכות שבת,כן,משנה ברורה,סימן שיט,פירוש,לא,
3088,שונה הלכות - הלכות שבת,כן,משנה ברורה,סימן שיט,פירוש,לא,
3090,שונה הלכות - הלכות שבת,כן,משנה ברורה,סימן שיט,פירוש,לא,
3092,שונה הלכות - הלכות שבת,כן,משנה ברורה,סימן שיט,פירוש,לא,
3094,שונה הלכות - הלכות שבת,כן,משנה ברורה,סימן שיט,פירוש,לא,
3096,שונה הלכות - הלכות שבת,כן,משנה ברורה,סימן שיט,פירוש,לא,
3098,שונה הלכות - הלכות שבת,כן,משנה ברורה,סימן שיט,פירוש,לא,
3100,שונה הלכות - הלכות שבת,כן,משנה ברורה,סימן שיט,פירוש,לא,
3102,שונה הלכות - הלכות שבת,כן,משנה ברורה,סימן שיט,פירוש,לא,
3104,שונה הלכות - הלכות שבת,כן,משנה ברורה,סימן שיט,פירוש,לא,
3106,שונה הלכות - הלכות שבת,כן,משנה ברורה,סימן שיט,פירוש,לא,
3108,שונה הלכות - הלכות שבת,כן,משנה ברורה,סימן שיט,פירוש,לא,
3110,שונה הלכות - הלכות שבת,כן,משנה ברורה,סימן שיט,פירוש,לא,
3112,שונה הלכות - הלכות שבת,כן,משנה ברורה,סימן שיט,פירוש,לא,
3114,שונה הלכות - הלכות שבת,כן,משנה ברורה,סימן שיט,פירוש,לא,
3116,שונה הלכות - הלכות שבת,כן,משנה ברורה,סימן שיט,פירוש,לא,
3118,שונה הלכות - הלכות שבת,כן,משנה ברורה,סימן שיט,פירוש,לא,
3120,שונה הלכות - הלכות שבת,כן,משנה ברורה,סימן שיט,פירוש,לא,
3122,שונה הלכות - הלכות שבת,כן,משנה ברורה,סימן שיט,פירוש,לא,
3124,שונה הלכות - הלכות שבת,כן,משנה ברורה,סימן שיט,פירוש,לא,
3126,שונה הלכות - הלכות שבת,כן,משנה ברורה,סימן שיט,פירוש,לא,
3128,שונה הלכות - הלכות שבת,כן,משנה ברורה,סימן שיט,פירוש,לא,
3130,שונה הלכות - הלכות שבת,כן,משנה ברורה,סימן שיט,פירוש,לא,
3132,שונה הלכות - הלכות שבת,כן,משנה ברורה,סימן שיט,פירוש,לא,
3134,שונה הלכות - הלכות שבת,כן,משנה ברורה,סימן שיט,פירוש,לא,
3136,שונה הלכות - הלכות שבת,כן,משנה ברורה,סימן שיט,פירוש,לא,
3138,שונה הלכות - הלכות שבת,כן,משנה ברורה,סימן שיט,פירוש,לא,
3140,שונה הלכות - הלכות שבת,כן,משנה ברורה,סימן שיט,פירוש,לא,
3142,שונה הלכות - הלכות שבת,כן,משנה ברורה,סימן שיט,פירוש,לא,
3144,שונה הלכות - הלכות שבת,כן,משנה ברורה,סימן שיט,פירוש,לא,
3146,שונה הלכות - הלכות שבת,כן,משנה ברורה,סימן שיט,פירוש,לא,
3148,שונה הלכות - הלכות שבת,כן,משנה ברורה,סימן שיט,פירוש,לא,
3152,שונה הלכות - הלכות שבת,כן,משנה ברורה,סימן שכ,פירוש,לא,
3155,שונה הלכות - הלכות שבת,כן,משנה ברורה,סימן שכ,פירוש,לא,
3157,שונה הלכות - הלכות שבת,כן,משנה ברורה,סימן שכ,פירוש,לא,
3159,שונה הלכות - הלכות שבת,כן,משנה ברורה,סימן שכ,פירוש,לא,
3161,שונה הלכות - הלכות שבת,כן,משנה ברורה,סימן שכ,פירוש,לא,
3163,שונה הלכות - הלכות שבת,כן,משנה ברורה,סימן שכ,פירוש,לא,
3165,שונה הלכות - הלכות שבת,כן,משנה ברורה,סימן שכ,פירוש,לא,
3167,שונה הלכות - הלכות שבת,כן,משנה ברורה,סימן שכ,פירוש,לא,
3169,שונה הלכות - הלכות שבת,כן,משנה ברורה,סימן שכ,פירוש,לא,
3171,שונה הלכות - הלכות שבת,כן,משנה ברורה,סימן שכ,פירוש,לא,
3173,שונה הלכות - הלכות שבת,כן,משנה ברורה,סימן שכ,פירוש,לא,
3175,שונה הלכות - הלכות שבת,כן,משנה ברורה,סימן שכ,פירוש,לא,
3177,שונה הלכות - הלכות שבת,כן,משנה ברורה,סימן שכ,פירוש,לא,
3179,שונה הלכות - הלכות שבת,כן,משנה ברורה,סימן שכ,פירוש,לא,
3181,שונה הלכות - הלכות שבת,כן,משנה ברורה,סימן שכ,פירוש,לא,
3183,שונה הלכות - הלכות שבת,כן,משנה ברורה,סימן שכ,פירוש,לא,
3185,שונה הלכות - הלכות שבת,כן,משנה ברורה,סימן שכ,פירוש,לא,
3187,שונה הלכות - הלכות שבת,כן,משנה ברורה,סימן שכ,פירוש,לא,
3189,שונה הלכות - הלכות שבת,כן,משנה ברורה,סימן שכ,פירוש,לא,
3191,שונה הלכות - הלכות שבת,כן,משנה ברורה,סימן שכ,פירוש,לא,
3193,שונה הלכות - הלכות שבת,כן,משנה ברורה,סימן שכ,פירוש,לא,
3195,שונה הלכות - הלכות שבת,כן,משנה ברורה,סימן שכ,פירוש,לא,
3197,שונה הלכות - הלכות שבת,כן,משנה ברורה,סימן שכ,פירוש,לא,
3199,שונה הלכות - הלכות שבת,כן,משנה ברורה,סימן שכ,פירוש,לא,
3201,שונה הלכות - הלכות שבת,כן,משנה ברורה,סימן שכ,פירוש,לא,
3203,שונה הלכות - הלכות שבת,כן,משנה ברורה,סימן שכ,פירוש,לא,
3205,שונה הלכות - הלכות שבת,כן,משנה ברורה,סימן שכ,פירוש,לא,
3207,שונה הלכות - הלכות שבת,כן,משנה ברורה,סימן שכ,פירוש,לא,
3209,שונה הלכות - הלכות שבת,כן,משנה ברורה,סימן שכ,פירוש,לא,
3211,שונה הלכות - הלכות שבת,כן,משנה ברורה,סימן שכ,פירוש,לא,
3214,שונה הלכות - הלכות שבת,כן,משנה ברורה,סימן שכא,פירוש,לא,
3217,שונה הלכות - הלכות שבת,כן,משנה ברורה,סימן שכא,פירוש,לא,
3219,שונה הלכות - הלכות שבת,כן,משנה ברורה,סימן שכא,פירוש,לא,
3221,שונה הלכות - הלכות שבת,כן,משנה ברורה,סימן שכא,פירוש,לא,
3223,שונה הלכות - הלכות שבת,כן,משנה ברורה,סימן שכא,פירוש,לא,
3225,שונה הלכות - הלכות שבת,כן,משנה ברורה,סימן שכא,פירוש,לא,
3227,שונה הלכות - הלכות שבת,כן,משנה ברורה,סימן שכא,פירוש,לא,
3229,שונה הלכות - הלכות שבת,כן,משנה ברורה,סימן שכא,פירוש,לא,
3231,שונה הלכות - הלכות שבת,כן,משנה ברורה,סימן שכא,פירוש,לא,
3233,שונה הלכות - הלכות שבת,כן,משנה ברורה,סימן שכא,פירוש,לא,
3235,שונה הלכות - הלכות שבת,כן,משנה ברורה,סימן שכא,פירוש,לא,
3237,שונה הלכות - הלכות שבת,כן,משנה ברורה,סימן שכא,פירוש,לא,
3239,שונה הלכות - הלכות שבת,כן,משנה ברורה,סימן שכא,פירוש,לא,
3241,שונה הלכות - הלכות שבת,כן,משנה ברורה,סימן שכא,פירוש,לא,
3243,שונה הלכות - הלכות שבת,כן,משנה ברורה,סימן שכא,פירוש,לא,
3245,שונה הלכות - הלכות שבת,כן,משנה ברורה,סימן שכא,פירוש,לא,
3247,שונה הלכות - הלכות שבת,כן,משנה ברורה,סימן שכא,פירוש,לא,
3249,שונה הלכות - הלכות שבת,כן,משנה ברורה,סימן שכא,פירוש,לא,
3251,שונה הלכות - הלכות שבת,כן,משנה ברורה,סימן שכא,פירוש,לא,
3253,שונה הלכות - הלכות שבת,כן,משנה ברורה,סימן שכא,פירוש,לא,
3255,שונה הלכות - הלכות שבת,כן,משנה ברורה,סימן שכא,פירוש,לא,
3257,שונה הלכות - הלכות שבת,כן,משנה ברורה,סימן שכא,פירוש,לא,
3259,שונה הלכות - הלכות שבת,כן,משנה ברורה,סימן שכא,פירוש,לא,
3260,שונה הלכות - הלכות שבת,כן,משנה ברורה,סימן שכא,פירוש,לא,
3261,שונה הלכות - הלכות שבת,כן,משנה ברורה,סימן שכא,פירוש,לא,
3263,שונה הלכות - הלכות שבת,כן,משנה ברורה,סימן שכא,פירוש,לא,
3265,שונה הלכות - הלכות שבת,כן,משנה ברורה,סימן שכא,פירוש,לא,
3267,שונה הלכות - הלכות שבת,כן,משנה ברורה,סימן שכא,פירוש,לא,
3269,שונה הלכות - הלכות שבת,כן,משנה ברורה,סימן שכא,פירוש,לא,
3271,שונה הלכות - הלכות שבת,כן,משנה ברורה,סימן שכא,פירוש,לא,
3273,שונה הלכות - הלכות שבת,כן,משנה ברורה,סימן שכא,פירוש,לא,
3275,שונה הלכות - הלכות שבת,כן,משנה ברורה,סימן שכא,פירוש,לא,
3277,שונה הלכות - הלכות שבת,כן,משנה ברורה,סימן שכא,פירוש,לא,
3279,שונה הלכות - הלכות שבת,כן,משנה ברורה,סימן שכא,פירוש,לא,
3281,שונה הלכות - הלכות שבת,כן,משנה ברורה,סימן שכא,פירוש,לא,
3283,שונה הלכות - הלכות שבת,כן,משנה ברורה,סימן שכא,פירוש,לא,
3285,שונה הלכות - הלכות שבת,כן,משנה ברורה,סימן שכא,פירוש,לא,
3287,שונה הלכות - הלכות שבת,כן,משנה ברורה,סימן שכא,פירוש,לא,
3289,שונה הלכות - הלכות שבת,כן,משנה ברורה,סימן שכא,פירוש,לא,
3291,שונה הלכות - הלכות שבת,כן,משנה ברורה,סימן שכא,פירוש,לא,
3293,שונה הלכות - הלכות שבת,כן,משנה ברורה,סימן שכא,פירוש,לא,
3295,שונה הלכות - הלכות שבת,כן,משנה ברורה,סימן שכא,פירוש,לא,
3297,שונה הלכות - הלכות שבת,כן,משנה ברורה,סימן שכא,פירוש,לא,
3299,שונה הלכות - הלכות שבת,כן,משנה ברורה,סימן שכא,פירוש,לא,
3301,שונה הלכות - הלכות שבת,כן,משנה ברורה,סימן שכא,פירוש,לא,
3303,שונה הלכות - הלכות שבת,כן,משנה ברורה,סימן שכא,פירוש,לא,
3305,שונה הלכות - הלכות שבת,כן,משנה ברורה,סימן שכא,פירוש,לא,
3308,שונה הלכות - הלכות שבת,כן,משנה ברורה,סימן שכב,פירוש,לא,
3311,שונה הלכות - הלכות שבת,כן,משנה ברורה,סימן שכב,פירוש,לא,
3313,שונה הלכות - הלכות שבת,כן,משנה ברורה,סימן שכב,פירוש,לא,
3315,שונה הלכות - הלכות שבת,כן,משנה ברורה,סימן שכב,פירוש,לא,
3317,שונה הלכות - הלכות שבת,כן,משנה ברורה,סימן שכב,פירוש,לא,
3319,שונה הלכות - הלכות שבת,כן,משנה ברורה,סימן שכב,פירוש,לא,
3321,שונה הלכות - הלכות שבת,כן,משנה ברורה,סימן שכב,פירוש,לא,
3323,שונה הלכות - הלכות שבת,כן,משנה ברורה,סימן שכב,פירוש,לא,
3325,שונה הלכות - הלכות שבת,כן,משנה ברורה,סימן שכב,פירוש,לא,
3327,שונה הלכות - הלכות שבת,כן,משנה ברורה,סימן שכב,פירוש,לא,
3329,שונה הלכות - הלכות שבת,כן,משנה ברורה,סימן שכב,פירוש,לא,
3331,שונה הלכות - הלכות שבת,כן,משנה ברורה,סימן שכב,פירוש,לא,
3333,שונה הלכות - הלכות שבת,כן,משנה ברורה,סימן שכב,פירוש,לא,
3335,שונה הלכות - הלכות שבת,כן,משנה ברורה,סימן שכב,פירוש,לא,
3337,שונה הלכות - הלכות שבת,כן,משנה ברורה,סימן שכב,פירוש,לא,
3339,שונה הלכות - הלכות שבת,כן,משנה ברורה,סימן שכב,פירוש,לא,
3343,שונה הלכות - הלכות שבת,כן,משנה ברורה,סימן שכג,פירוש,לא,
3346,שונה הלכות - הלכות שבת,כן,משנה ברורה,סימן שכג,פירוש,לא,
3348,שונה הלכות - הלכות שבת,כן,משנה ברורה,סימן שכג,פירוש,לא,
3350,שונה הלכות - הלכות שבת,כן,משנה ברורה,סימן שכג,פירוש,לא,
3352,שונה הלכות - הלכות שבת,כן,משנה ברורה,סימן שכג,פירוש,לא,
3353,שונה הלכות - הלכות שבת,כן,משנה ברורה,סימן שכג,פירוש,לא,
3354,שונה הלכות - הלכות שבת,כן,משנה ברורה,סימן שכג,פירוש,לא,
3356,שונה הלכות - הלכות שבת,כן,משנה ברורה,סימן שכג,פירוש,לא,
3358,שונה הלכות - הלכות שבת,כן,משנה ברורה,סימן שכג,פירוש,לא,
3360,שונה הלכות - הלכות שבת,כן,משנה ברורה,סימן שכג,פירוש,לא,
3362,שונה הלכות - הלכות שבת,כן,משנה ברורה,סימן שכג,פירוש,לא,
3364,שונה הלכות - הלכות שבת,כן,משנה ברורה,סימן שכג,פירוש,לא,
3366,שונה הלכות - הלכות שבת,כן,משנה ברורה,סימן שכג,פירוש,לא,
3368,שונה הלכות - הלכות שבת,כן,משנה ברורה,סימן שכג,פירוש,לא,
3370,שונה הלכות - הלכות שבת,כן,משנה ברורה,סימן שכג,פירוש,לא,
3372,שונה הלכות - הלכות שבת,כן,משנה ברורה,סימן שכג,פירוש,לא,
3374,שונה הלכות - הלכות שבת,כן,משנה ברורה,סימן שכג,פירוש,לא,
3376,שונה הלכות - הלכות שבת,כן,משנה ברורה,סימן שכג,פירוש,לא,
3378,שונה הלכות - הלכות שבת,כן,משנה ברורה,סימן שכג,פירוש,לא,
3380,שונה הלכות - הלכות שבת,כן,משנה ברורה,סימן שכג,פירוש,לא,
3382,שונה הלכות - הלכות שבת,כן,משנה ברורה,סימן שכג,פירוש,לא,
3386,שונה הלכות - הלכות שבת,כן,משנה ברורה,סימן שכד,פירוש,לא,
3389,שונה הלכות - הלכות שבת,כן,משנה ברורה,סימן שכד,פירוש,לא,
3391,שונה הלכות - הלכות שבת,כן,משנה ברורה,סימן שכד,פירוש,לא,
3393,שונה הלכות - הלכות שבת,כן,משנה ברורה,סימן שכד,פירוש,לא,
3395,שונה הלכות - הלכות שבת,כן,משנה ברורה,סימן שכד,פירוש,לא,
3397,שונה הלכות - הלכות שבת,כן,משנה ברורה,סימן שכד,פירוש,לא,
3399,שונה הלכות - הלכות שבת,כן,משנה ברורה,סימן שכד,פירוש,לא,
3401,שונה הלכות - הלכות שבת,כן,משנה ברורה,סימן שכד,פירוש,לא,
3403,שונה הלכות - הלכות שבת,כן,משנה ברורה,סימן שכד,פירוש,לא,
3405,שונה הלכות - הלכות שבת,כן,משנה ברורה,סימן שכד,פירוש,לא,
3407,שונה הלכות - הלכות שבת,כן,משנה ברורה,סימן שכד,פירוש,לא,
3409,שונה הלכות - הלכות שבת,כן,משנה ברורה,סימן שכד,פירוש,לא,
3411,שונה הלכות - הלכות שבת,כן,משנה ברורה,סימן שכד,פירוש,לא,
3413,שונה הלכות - הלכות שבת,כן,משנה ברורה,סימן שכד,פירוש,לא,
3415,שונה הלכות - הלכות שבת,כן,משנה ברורה,סימן שכד,פירוש,לא,
3417,שונה הלכות - הלכות שבת,כן,משנה ברורה,סימן שכד,פירוש,לא,
3419,שונה הלכות - הלכות שבת,כן,משנה ברורה,סימן שכד,פירוש,לא,
3421,שונה הלכות - הלכות שבת,כן,משנה ברורה,סימן שכד,פירוש,לא,
3425,שונה הלכות - הלכות שבת,כן,משנה ברורה,סימן שכה,פירוש,לא,
3428,שונה הלכות - הלכות שבת,כן,משנה ברורה,סימן שכה,פירוש,לא,
3430,שונה הלכות - הלכות שבת,כן,משנה ברורה,סימן שכה,פירוש,לא,
3432,שונה הלכות - הלכות שבת,כן,משנה ברורה,סימן שכה,פירוש,לא,
3434,שונה הלכות - הלכות שבת,כן,משנה ברורה,סימן שכה,פירוש,לא,
3436,שונה הלכות - הלכות שבת,כן,משנה ברורה,סימן שכה,פירוש,לא,
3438,שונה הלכות - הלכות שבת,כן,משנה ברורה,סימן שכה,פירוש,לא,
3441,שונה הלכות - הלכות שבת,כן,משנה ברורה,סימן שכה,פירוש,לא,
3442,שונה הלכות - הלכות שבת,כן,משנה ברורה,סימן שכה,פירוש,לא,
3443,שונה הלכות - הלכות שבת,כן,משנה ברורה,סימן שכה,פירוש,לא,
3445,שונה הלכות - הלכות שבת,כן,משנה ברורה,סימן שכה,פירוש,לא,
3447,שונה הלכות - הלכות שבת,כן,משנה ברורה,סימן שכה,פירוש,לא,
3449,שונה הלכות - הלכות שבת,כן,משנה ברורה,סימן שכה,פירוש,לא,
3451,שונה הלכות - הלכות שבת,כן,משנה ברורה,סימן שכה,פירוש,לא,
3453,שונה הלכות - הלכות שבת,כן,משנה ברורה,סימן שכה,פירוש,לא,
3454,שונה הלכות - הלכות שבת,כן,משנה ברורה,סימן שכה,פירוש,לא,
3455,שונה הלכות - הלכות שבת,כן,משנה ברורה,סימן שכה,פירוש,לא,
3457,שונה הלכות - הלכות שבת,כן,משנה ברורה,סימן שכה,פירוש,לא,
3458,שונה הלכות - הלכות שבת,כן,משנה ברורה,סימן שכה,פירוש,לא,
3459,שונה הלכות - הלכות שבת,כן,משנה ברורה,סימן שכה,פירוש,לא,
3461,שונה הלכות - הלכות שבת,כן,משנה ברורה,סימן שכה,פירוש,לא,
3463,שונה הלכות - הלכות שבת,כן,משנה ברורה,סימן שכה,פירוש,לא,
3465,שונה הלכות - הלכות שבת,כן,משנה ברורה,סימן שכה,פירוש,לא,
3467,שונה הלכות - הלכות שבת,כן,משנה ברורה,סימן שכה,פירוש,לא,
3469,שונה הלכות - הלכות שבת,כן,משנה ברורה,סימן שכה,פירוש,לא,
3471,שונה הלכות - הלכות שבת,כן,משנה ברורה,סימן שכה,פירוש,לא,
3473,שונה הלכות - הלכות שבת,כן,משנה ברורה,סימן שכה,פירוש,לא,
3475,שונה הלכות - הלכות שבת,כן,משנה ברורה,סימן שכה,פירוש,לא,
3477,שונה הלכות - הלכות שבת,כן,משנה ברורה,סימן שכה,פירוש,לא,
3479,שונה הלכות - הלכות שבת,כן,משנה ברורה,סימן שכה,פירוש,לא,
3481,שונה הלכות - הלכות שבת,כן,משנה ברורה,סימן שכה,פירוש,לא,
3483,שונה הלכות - הלכות שבת,כן,משנה ברורה,סימן שכה,פירוש,לא,
3485,שונה הלכות - הלכות שבת,כן,משנה ברורה,סימן שכה,פירוש,לא,
3487,שונה הלכות - הלכות שבת,כן,משנה ברורה,סימן שכה,פירוש,לא,
3489,שונה הלכות - הלכות שבת,כן,משנה ברורה,סימן שכה,פירוש,לא,
3491,שונה הלכות - הלכות שבת,כן,משנה ברורה,סימן שכה,פירוש,לא,
3493,שונה הלכות - הלכות שבת,כן,משנה ברורה,סימן שכה,פירוש,לא,
3495,שונה הלכות - הלכות שבת,כן,משנה ברורה,סימן שכה,פירוש,לא,
3497,שונה הלכות - הלכות שבת,כן,משנה ברורה,סימן שכה,פירוש,לא,
3499,שונה הלכות - הלכות שבת,כן,משנה ברורה,סימן שכה,פירוש,לא,
3503,שונה הלכות - הלכות שבת,כן,משנה ברורה,סימן שכו,פירוש,לא,
3506,שונה הלכות - הלכות שבת,כן,משנה ברורה,סימן שכו,פירוש,לא,
3508,שונה הלכות - הלכות שבת,כן,משנה ברורה,סימן שכו,פירוש,לא,
3510,שונה הלכות - הלכות שבת,כן,משנה ברורה,סימן שכו,פירוש,לא,
3512,שונה הלכות - הלכות שבת,כן,משנה ברורה,סימן שכו,פירוש,לא,
3514,שונה הלכות - הלכות שבת,כן,משנה ברורה,סימן שכו,פירוש,לא,
3516,שונה הלכות - הלכות שבת,כן,משנה ברורה,סימן שכו,פירוש,לא,
3518,שונה הלכות - הלכות שבת,כן,משנה ברורה,סימן שכו,פירוש,לא,
3520,שונה הלכות - הלכות שבת,כן,משנה ברורה,סימן שכו,פירוש,לא,
3522,שונה הלכות - הלכות שבת,כן,משנה ברורה,סימן שכו,פירוש,לא,
3524,שונה הלכות - הלכות שבת,כן,משנה ברורה,סימן שכו,פירוש,לא,
3526,שונה הלכות - הלכות שבת,כן,משנה ברורה,סימן שכו,פירוש,לא,
3528,שונה הלכות - הלכות שבת,כן,משנה ברורה,סימן שכו,פירוש,לא,
3530,שונה הלכות - הלכות שבת,כן,משנה ברורה,סימן שכו,פירוש,לא,
3532,שונה הלכות - הלכות שבת,כן,משנה ברורה,סימן שכו,פירוש,לא,
3534,שונה הלכות - הלכות שבת,כן,משנה ברורה,סימן שכו,פירוש,לא,
3536,שונה הלכות - הלכות שבת,כן,משנה ברורה,סימן שכו,פירוש,לא,
3538,שונה הלכות - הלכות שבת,כן,משנה ברורה,סימן שכו,פירוש,לא,
3540,שונה הלכות - הלכות שבת,כן,משנה ברורה,סימן שכו,פירוש,לא,
3542,שונה הלכות - הלכות שבת,כן,משנה ברורה,סימן שכו,פירוש,לא,
3546,שונה הלכות - הלכות שבת,כן,משנה ברורה,סימן שכז,פירוש,לא,
3549,שונה הלכות - הלכות שבת,כן,משנה ברורה,סימן שכז,פירוש,לא,
3551,שונה הלכות - הלכות שבת,כן,משנה ברורה,סימן שכז,פירוש,לא,
3553,שונה הלכות - הלכות שבת,כן,משנה ברורה,סימן שכז,פירוש,לא,
3555,שונה הלכות - הלכות שבת,כן,משנה ברורה,סימן שכז,פירוש,לא,
3557,שונה הלכות - הלכות שבת,כן,משנה ברורה,סימן שכז,פירוש,לא,
3559,שונה הלכות - הלכות שבת,כן,משנה ברורה,סימן שכז,פירוש,לא,
3561,שונה הלכות - הלכות שבת,כן,משנה ברורה,סימן שכז,פירוש,לא,
3563,שונה הלכות - הלכות שבת,כן,משנה ברורה,סימן שכז,פירוש,לא,
3567,שונה הלכות - הלכות שבת,כן,משנה ברורה,סימן שכח,פירוש,לא,
3570,שונה הלכות - הלכות שבת,כן,משנה ברורה,סימן שכח,פירוש,לא,
3572,שונה הלכות - הלכות שבת,כן,משנה ברורה,סימן שכח,פירוש,לא,
3574,שונה הלכות - הלכות שבת,כן,משנה ברורה,סימן שכח,פירוש,לא,
3576,שונה הלכות - הלכות שבת,כן,משנה ברורה,סימן שכח,פירוש,לא,
3578,שונה הלכות - הלכות שבת,כן,משנה ברורה,סימן שכח,פירוש,לא,
3580,שונה הלכות - הלכות שבת,כן,משנה ברורה,סימן שכח,פירוש,לא,
3582,שונה הלכות - הלכות שבת,כן,משנה ברורה,סימן שכח,פירוש,לא,
3584,שונה הלכות - הלכות שבת,כן,משנה ברורה,סימן שכח,פירוש,לא,
3586,שונה הלכות - הלכות שבת,כן,משנה ברורה,סימן שכח,פירוש,לא,
3588,שונה הלכות - הלכות שבת,כן,משנה ברורה,סימן שכח,פירוש,לא,
3590,שונה הלכות - הלכות שבת,כן,משנה ברורה,סימן שכח,פירוש,לא,
3592,שונה הלכות - הלכות שבת,כן,משנה ברורה,סימן שכח,פירוש,לא,
3594,שונה הלכות - הלכות שבת,כן,משנה ברורה,סימן שכח,פירוש,לא,
3596,שונה הלכות - הלכות שבת,כן,משנה ברורה,סימן שכח,פירוש,לא,
3598,שונה הלכות - הלכות שבת,כן,משנה ברורה,סימן שכח,פירוש,לא,
3600,שונה הלכות - הלכות שבת,כן,משנה ברורה,סימן שכח,פירוש,לא,
3602,שונה הלכות - הלכות שבת,כן,משנה ברורה,סימן שכח,פירוש,לא,
3604,שונה הלכות - הלכות שבת,כן,משנה ברורה,סימן שכח,פירוש,לא,
3606,שונה הלכות - הלכות שבת,כן,משנה ברורה,סימן שכח,פירוש,לא,
3608,שונה הלכות - הלכות שבת,כן,משנה ברורה,סימן שכח,פירוש,לא,
3610,שונה הלכות - הלכות שבת,כן,משנה ברורה,סימן שכח,פירוש,לא,
3612,שונה הלכות - הלכות שבת,כן,משנה ברורה,סימן שכח,פירוש,לא,
3614,שונה הלכות - הלכות שבת,כן,משנה ברורה,סימן שכח,פירוש,לא,
3616,שונה הלכות - הלכות שבת,כן,משנה ברורה,סימן שכח,פירוש,לא,
3618,שונה הלכות - הלכות שבת,כן,משנה ברורה,סימן שכח,פירוש,לא,
3620,שונה הלכות - הלכות שבת,כן,משנה ברורה,סימן שכח,פירוש,לא,
3622,שונה הלכות - הלכות שבת,כן,משנה ברורה,סימן שכח,פירוש,לא,
3624,שונה הלכות - הלכות שבת,כן,משנה ברורה,סימן שכח,פירוש,לא,
3626,שונה הלכות - הלכות שבת,כן,משנה ברורה,סימן שכח,פירוש,לא,
3628,שונה הלכות - הלכות שבת,כן,משנה ברורה,סימן שכח,פירוש,לא,
3630,שונה הלכות - הלכות שבת,כן,משנה ברורה,סימן שכח,פירוש,לא,
3632,שונה הלכות - הלכות שבת,כן,משנה ברורה,סימן שכח,פירוש,לא,
3634,שונה הלכות - הלכות שבת,כן,משנה ברורה,סימן שכח,פירוש,לא,
3636,שונה הלכות - הלכות שבת,כן,משנה ברורה,סימן שכח,פירוש,לא,
3638,שונה הלכות - הלכות שבת,כן,משנה ברורה,סימן שכח,פירוש,לא,
3640,שונה הלכות - הלכות שבת,כן,משנה ברורה,סימן שכח,פירוש,לא,
3642,שונה הלכות - הלכות שבת,כן,משנה ברורה,סימן שכח,פירוש,לא,
3644,שונה הלכות - הלכות שבת,כן,משנה ברורה,סימן שכח,פירוש,לא,
3646,שונה הלכות - הלכות שבת,כן,משנה ברורה,סימן שכח,פירוש,לא,
3648,שונה הלכות - הלכות שבת,כן,משנה ברורה,סימן שכח,פירוש,לא,
3650,שונה הלכות - הלכות שבת,כן,משנה ברורה,סימן שכח,פירוש,לא,
3652,שונה הלכות - הלכות שבת,כן,משנה ברורה,סימן שכח,פירוש,לא,
3654,שונה הלכות - הלכות שבת,כן,משנה ברורה,סימן שכח,פירוש,לא,
3656,שונה הלכות - הלכות שבת,כן,משנה ברורה,סימן שכח,פירוש,לא,
3658,שונה הלכות - הלכות שבת,כן,משנה ברורה,סימן שכח,פירוש,לא,
3660,שונה הלכות - הלכות שבת,כן,משנה ברורה,סימן שכח,פירוש,לא,
3662,שונה הלכות - הלכות שבת,כן,משנה ברורה,סימן שכח,פירוש,לא,
3664,שונה הלכות - הלכות שבת,כן,משנה ברורה,סימן שכח,פירוש,לא,
3666,שונה הלכות - הלכות שבת,כן,משנה ברורה,סימן שכח,פירוש,לא,
3668,שונה הלכות - הלכות שבת,כן,משנה ברורה,סימן שכח,פירוש,לא,
3670,שונה הלכות - הלכות שבת,כן,משנה ברורה,סימן שכח,פירוש,לא,
3672,שונה הלכות - הלכות שבת,כן,משנה ברורה,סימן שכח,פירוש,לא,
3674,שונה הלכות - הלכות שבת,כן,משנה ברורה,סימן שכח,פירוש,לא,
3676,שונה הלכות - הלכות שבת,כן,משנה ברורה,סימן שכח,פירוש,לא,
3678,שונה הלכות - הלכות שבת,כן,משנה ברורה,סימן שכח,פירוש,לא,
3680,שונה הלכות - הלכות שבת,כן,משנה ברורה,סימן שכח,פירוש,לא,
3682,שונה הלכות - הלכות שבת,כן,משנה ברורה,סימן שכח,פירוש,לא,
3684,שונה הלכות - הלכות שבת,כן,משנה ברורה,סימן שכח,פירוש,לא,
3686,שונה הלכות - הלכות שבת,כן,משנה ברורה,סימן שכח,פירוש,לא,
3688,שונה הלכות - הלכות שבת,כן,משנה ברורה,סימן שכח,פירוש,לא,
3690,שונה הלכות - הלכות שבת,כן,משנה ברורה,סימן שכח,פירוש,לא,
3692,שונה הלכות - הלכות שבת,כן,משנה ברורה,סימן שכח,פירוש,לא,
3694,שונה הלכות - הלכות שבת,כן,משנה ברורה,סימן שכח,פירוש,לא,
3696,שונה הלכות - הלכות שבת,כן,משנה ברורה,סימן שכח,פירוש,לא,
3698,שונה הלכות - הלכות שבת,כן,משנה ברורה,סימן שכח,פירוש,לא,
3700,שונה הלכות - הלכות שבת,כן,משנה ברורה,סימן שכח,פירוש,לא,
3702,שונה הלכות - הלכות שבת,כן,משנה ברורה,סימן שכח,פירוש,לא,
3704,שונה הלכות - הלכות שבת,כן,משנה ברורה,סימן שכח,פירוש,לא,
3706,שונה הלכות - הלכות שבת,כן,משנה ברורה,סימן שכח,פירוש,לא,
3708,שונה הלכות - הלכות שבת,כן,משנה ברורה,סימן שכח,פירוש,לא,
3710,שונה הלכות - הלכות שבת,כן,משנה ברורה,סימן שכח,פירוש,לא,
3712,שונה הלכות - הלכות שבת,כן,משנה ברורה,סימן שכח,פירוש,לא,
3714,שונה הלכות - הלכות שבת,כן,משנה ברורה,סימן שכח,פירוש,לא,
3716,שונה הלכות - הלכות שבת,כן,משנה ברורה,סימן שכח,פירוש,לא,
3718,שונה הלכות - הלכות שבת,כן,משנה ברורה,סימן שכח,פירוש,לא,
3720,שונה הלכות - הלכות שבת,כן,משנה ברורה,סימן שכח,פירוש,לא,
3722,שונה הלכות - הלכות שבת,כן,משנה ברורה,סימן שכח,פירוש,לא,
3724,שונה הלכות - הלכות שבת,כן,משנה ברורה,סימן שכח,פירוש,לא,
3726,שונה הלכות - הלכות שבת,כן,משנה ברורה,סימן שכח,פירוש,לא,
3728,שונה הלכות - הלכות שבת,כן,משנה ברורה,סימן שכח,פירוש,לא,
3730,שונה הלכות - הלכות שבת,כן,משנה ברורה,סימן שכח,פירוש,לא,
3732,שונה הלכות - הלכות שבת,כן,משנה ברורה,סימן שכח,פירוש,לא,
3734,שונה הלכות - הלכות שבת,כן,משנה ברורה,סימן שכח,פירוש,לא,
3736,שונה הלכות - הלכות שבת,כן,משנה ברורה,סימן שכח,פירוש,לא,
3738,שונה הלכות - הלכות שבת,כן,משנה ברורה,סימן שכח,פירוש,לא,
3740,שונה הלכות - הלכות שבת,כן,משנה ברורה,סימן שכח,פירוש,לא,
3742,שונה הלכות - הלכות שבת,כן,משנה ברורה,סימן שכח,פירוש,לא,
3744,שונה הלכות - הלכות שבת,כן,משנה ברורה,סימן שכח,פירוש,לא,
3746,שונה הלכות - הלכות שבת,כן,משנה ברורה,סימן שכח,פירוש,לא,
3750,שונה הלכות - הלכות שבת,כן,משנה ברורה,סימן שכט,פירוש,לא,
3753,שונה הלכות - הלכות שבת,כן,משנה ברורה,סימן שכט,פירוש,לא,
3755,שונה הלכות - הלכות שבת,כן,משנה ברורה,סימן שכט,פירוש,לא,
3757,שונה הלכות - הלכות שבת,כן,משנה ברורה,סימן שכט,פירוש,לא,
3759,שונה הלכות - הלכות שבת,כן,משנה ברורה,סימן שכט,פירוש,לא,
3760,שונה הלכות - הלכות שבת,כן,משנה ברורה,סימן שכט,פירוש,לא,
3761,שונה הלכות - הלכות שבת,כן,משנה ברורה,סימן שכט,פירוש,לא,
3763,שונה הלכות - הלכות שבת,כן,משנה ברורה,סימן שכט,פירוש,לא,
3765,שונה הלכות - הלכות שבת,כן,משנה ברורה,סימן שכט,פירוש,לא,
3767,שונה הלכות - הלכות שבת,כן,משנה ברורה,סימן שכט,פירוש,לא,
3769,שונה הלכות - הלכות שבת,כן,משנה ברורה,סימן שכט,פירוש,לא,
3773,שונה הלכות - הלכות שבת,כן,משנה ברורה,סימן של,פירוש,לא,
3776,שונה הלכות - הלכות שבת,כן,משנה ברורה,סימן של,פירוש,לא,
3778,שונה הלכות - הלכות שבת,כן,משנה ברורה,סימן של,פירוש,לא,
3780,שונה הלכות - הלכות שבת,כן,משנה ברורה,סימן של,פירוש,לא,
3782,שונה הלכות - הלכות שבת,כן,משנה ברורה,סימן של,פירוש,לא,
3784,שונה הלכות - הלכות שבת,כן,משנה ברורה,סימן של,פירוש,לא,
3786,שונה הלכות - הלכות שבת,כן,משנה ברורה,סימן של,פירוש,לא,
3788,שונה הלכות - הלכות שבת,כן,משנה ברורה,סימן של,פירוש,לא,
3790,שונה הלכות - הלכות שבת,כן,משנה ברורה,סימן של,פירוש,לא,
3792,שונה הלכות - הלכות שבת,כן,משנה ברורה,סימן של,פירוש,לא,
3793,שונה הלכות - הלכות שבת,כן,משנה ברורה,סימן של,פירוש,לא,
3796,שונה הלכות - הלכות שבת,כן,משנה ברורה,סימן רמב,פירוש,לא,
3799,שונה הלכות - הלכות שבת,כן,משנה ברורה,סימן רמב,פירוש,לא,
3801,שונה הלכות - הלכות שבת,כן,משנה ברורה,סימן רמב,פירוש,לא,
3803,שונה הלכות - הלכות שבת,כן,משנה ברורה,סימן רמב,פירוש,לא,
3805,שונה הלכות - הלכות שבת,כן,משנה ברורה,סימן רמב,פירוש,לא,
3807,שונה הלכות - הלכות שבת,כן,משנה ברורה,סימן רמב,פירוש,לא,
3809,שונה הלכות - הלכות שבת,כן,משנה ברורה,סימן רמב,פירוש,לא,
3811,שונה הלכות - הלכות שבת,כן,משנה ברורה,סימן רמב,פירוש,לא,
3813,שונה הלכות - הלכות שבת,כן,משנה ברורה,סימן רמב,פירוש,לא,
3815,שונה הלכות - הלכות שבת,כן,משנה ברורה,סימן רמב,פירוש,לא,
3817,שונה הלכות - הלכות שבת,כן,משנה ברורה,סימן רמב,פירוש,לא,
3819,שונה הלכות - הלכות שבת,כן,משנה ברורה,סימן רמב,פירוש,לא,
3821,שונה הלכות - הלכות שבת,כן,משנה ברורה,סימן רמב,פירוש,לא,
3823,שונה הלכות - הלכות שבת,כן,משנה ברורה,סימן רמב,פירוש,לא,
3825,שונה הלכות - הלכות שבת,כן,משנה ברורה,סימן רמב,פירוש,לא,
3827,שונה הלכות - הלכות שבת,כן,משנה ברורה,סימן רמב,פירוש,לא,
3829,שונה הלכות - הלכות שבת,כן,משנה ברורה,סימן רמב,פירוש,לא,
3831,שונה הלכות - הלכות שבת,כן,משנה ברורה,סימן רמב,פירוש,לא,
3834,שונה הלכות - הלכות שבת,כן,משנה ברורה,סימן רמג,פירוש,לא,
3837,שונה הלכות - הלכות שבת,כן,משנה ברורה,סימן רמג,פירוש,לא,
3839,שונה הלכות - הלכות שבת,כן,משנה ברורה,סימן רמג,פירוש,לא,
3841,שונה הלכות - הלכות שבת,כן,משנה ברורה,סימן רמג,פירוש,לא,
3843,שונה הלכות - הלכות שבת,כן,משנה ברורה,סימן רמג,פירוש,לא,
3845,שונה הלכות - הלכות שבת,כן,משנה ברורה,סימן רמג,פירוש,לא,
3846,שונה הלכות - הלכות שבת,כן,משנה ברורה,סימן רמג,פירוש,לא,
3848,שונה הלכות - הלכות שבת,כן,משנה ברורה,סימן רמג,פירוש,לא,
3850,שונה הלכות - הלכות שבת,כן,משנה ברורה,סימן רמג,פירוש,לא,
3852,שונה הלכות - הלכות שבת,כן,משנה ברורה,סימן רמג,פירוש,לא,
3854,שונה הלכות - הלכות שבת,כן,משנה ברורה,סימן רמג,פירוש,לא,
3856,שונה הלכות - הלכות שבת,כן,משנה ברורה,סימן רמג,פירוש,לא,
3859,שונה הלכות - הלכות שבת,כן,משנה ברורה,סימן רמד,פירוש,לא,
3862,שונה הלכות - הלכות שבת,כן,משנה ברורה,סימן רמד,פירוש,לא,
3864,שונה הלכות - הלכות שבת,כן,משנה ברורה,סימן רמד,פירוש,לא,
3866,שונה הלכות - הלכות שבת,כן,משנה ברורה,סימן רמד,פירוש,לא,
3868,שונה הלכות - הלכות שבת,כן,משנה ברורה,סימן רמד,פירוש,לא,
3870,שונה הלכות - הלכות שבת,כן,משנה ברורה,סימן רמד,פירוש,לא,
3872,שונה הלכות - הלכות שבת,כן,משנה ברורה,סימן רמד,פירוש,לא,
3873,שונה הלכות - הלכות שבת,כן,משנה ברורה,סימן רמד,פירוש,לא,
3874,שונה הלכות - הלכות שבת,כן,משנה ברורה,סימן רמד,פירוש,לא,
3876,שונה הלכות - הלכות שבת,כן,משנה ברורה,סימן רמד,פירוש,לא,
3878,שונה הלכות - הלכות שבת,כן,משנה ברורה,סימן רמד,פירוש,לא,
3880,שונה הלכות - הלכות שבת,כן,משנה ברורה,סימן רמד,פירוש,לא,
3882,שונה הלכות - הלכות שבת,כן,משנה ברורה,סימן רמד,פירוש,לא,
3884,שונה הלכות - הלכות שבת,כן,משנה ברורה,סימן רמד,פירוש,לא,
3886,שונה הלכות - הלכות שבת,כן,משנה ברורה,סימן רמד,פירוש,לא,
3888,שונה הלכות - הלכות שבת,כן,משנה ברורה,סימן רמד,פירוש,לא,
3890,שונה הלכות - הלכות שבת,כן,משנה ברורה,סימן רמד,פירוש,לא,
3892,שונה הלכות - הלכות שבת,כן,משנה ברורה,סימן רמד,פירוש,לא,
3894,שונה הלכות - הלכות שבת,כן,משנה ברורה,סימן רמד,פירוש,לא,
3896,שונה הלכות - הלכות שבת,כן,משנה ברורה,סימן רמד,פירוש,לא,
3898,שונה הלכות - הלכות שבת,כן,משנה ברורה,סימן רמד,פירוש,לא,
3900,שונה הלכות - הלכות שבת,כן,משנה ברורה,סימן רמד,פירוש,לא,
3904,שונה הלכות - הלכות שבת,כן,משנה ברורה,סימן רמה,פירוש,לא,
3907,שונה הלכות - הלכות שבת,כן,משנה ברורה,סימן רמה,פירוש,לא,
3909,שונה הלכות - הלכות שבת,כן,משנה ברורה,סימן רמה,פירוש,לא,
3911,שונה הלכות - הלכות שבת,כן,משנה ברורה,סימן רמה,פירוש,לא,
3913,שונה הלכות - הלכות שבת,כן,משנה ברורה,סימן רמה,פירוש,לא,
3915,שונה הלכות - הלכות שבת,כן,משנה ברורה,סימן רמה,פירוש,לא,
3917,שונה הלכות - הלכות שבת,כן,משנה ברורה,סימן רמה,פירוש,לא,
3919,שונה הלכות - הלכות שבת,כן,משנה ברורה,סימן רמה,פירוש,לא,
3921,שונה הלכות - הלכות שבת,כן,משנה ברורה,סימן רמה,פירוש,לא,
3923,שונה הלכות - הלכות שבת,כן,משנה ברורה,סימן רמה,פירוש,לא,
3925,שונה הלכות - הלכות שבת,כן,משנה ברורה,סימן רמה,פירוש,לא,
3927,שונה הלכות - הלכות שבת,כן,משנה ברורה,סימן רמה,פירוש,לא,
3929,שונה הלכות - הלכות שבת,כן,משנה ברורה,סימן רמה,פירוש,לא,
3931,שונה הלכות - הלכות שבת,כן,משנה ברורה,סימן רמה,פירוש,לא,
3933,שונה הלכות - הלכות שבת,כן,משנה ברורה,סימן רמה,פירוש,לא,
3934,שונה הלכות - הלכות שבת,כן,משנה ברורה,סימן רמה,פירוש,לא,
3935,שונה הלכות - הלכות שבת,כן,משנה ברורה,סימן רמה,פירוש,לא,
3936,שונה הלכות - הלכות שבת,כן,משנה ברורה,סימן רמה,פירוש,לא,
3937,שונה הלכות - הלכות שבת,כן,משנה ברורה,סימן רמה,פירוש,לא,
3942,שונה הלכות - הלכות שבת,כן,משנה ברורה,סימן רמו,פירוש,לא,
3945,שונה הלכות - הלכות שבת,כן,משנה ברורה,סימן רמו,פירוש,לא,
3947,שונה הלכות - הלכות שבת,כן,משנה ברורה,סימן רמו,פירוש,לא,
3949,שונה הלכות - הלכות שבת,כן,משנה ברורה,סימן רמו,פירוש,לא,
3951,שונה הלכות - הלכות שבת,כן,משנה ברורה,סימן רמו,פירוש,לא,
3953,שונה הלכות - הלכות שבת,כן,משנה ברורה,סימן רמו,פירוש,לא,
3955,שונה הלכות - הלכות שבת,כן,משנה ברורה,סימן רמו,פירוש,לא,
3957,שונה הלכות - הלכות שבת,כן,משנה ברורה,סימן רמו,פירוש,לא,
3959,שונה הלכות - הלכות שבת,כן,משנה ברורה,סימן רמו,פירוש,לא,
3961,שונה הלכות - הלכות שבת,כן,משנה ברורה,סימן רמו,פירוש,לא,
3963,שונה הלכות - הלכות שבת,כן,משנה ברורה,סימן רמו,פירוש,לא,
3965,שונה הלכות - הלכות שבת,כן,משנה ברורה,סימן רמו,פירוש,לא,
3966,שונה הלכות - הלכות שבת,כן,משנה ברורה,סימן רמו,פירוש,לא,
3967,שונה הלכות - הלכות שבת,כן,משנה ברורה,סימן רמו,פירוש,לא,
3969,שונה הלכות - הלכות שבת,כן,משנה ברורה,סימן רמו,פירוש,לא,
3971,שונה הלכות - הלכות שבת,כן,משנה ברורה,סימן רמו,פירוש,לא,
3973,שונה הלכות - הלכות שבת,כן,משנה ברורה,סימן רמו,פירוש,לא,
3974,שונה הלכות - הלכות שבת,כן,משנה ברורה,סימן רמו,פירוש,לא,
3975,שונה הלכות - הלכות שבת,כן,משנה ברורה,סימן רמו,פירוש,לא,
3977,שונה הלכות - הלכות שבת,כן,משנה ברורה,סימן רמו,פירוש,לא,
3979,שונה הלכות - הלכות שבת,כן,משנה ברורה,סימן רמו,פירוש,לא,
3980,שונה הלכות - הלכות שבת,כן,משנה ברורה,סימן רמו,פירוש,לא,
3981,שונה הלכות - הלכות שבת,כן,משנה ברורה,סימן רמו,פירוש,לא,
3983,שונה הלכות - הלכות שבת,כן,משנה ברורה,סימן רמו,פירוש,לא,
3985,שונה הלכות - הלכות שבת,כן,משנה ברורה,סימן רמו,פירוש,לא,
3987,שונה הלכות - הלכות שבת,כן,משנה ברורה,סימן רמו,פירוש,לא,
3989,שונה הלכות - הלכות שבת,כן,משנה ברורה,סימן רמו,פירוש,לא,
3991,שונה הלכות - הלכות שבת,כן,משנה ברורה,סימן רמו,פירוש,לא,
3995,שונה הלכות - הלכות שבת,כן,משנה ברורה,סימן רמז,פירוש,לא,
3998,שונה הלכות - הלכות שבת,כן,משנה ברורה,סימן רמז,פירוש,לא,
4000,שונה הלכות - הלכות שבת,כן,משנה ברורה,סימן רמז,פירוש,לא,
4002,שונה הלכות - הלכות שבת,כן,משנה ברורה,סימן רמז,פירוש,לא,
4004,שונה הלכות - הלכות שבת,כן,משנה ברורה,סימן רמז,פירוש,לא,
4006,שונה הלכות - הלכות שבת,כן,משנה ברורה,סימן רמז,פירוש,לא,
4008,שונה הלכות - הלכות שבת,כן,משנה ברורה,סימן רמז,פירוש,לא,
4010,שונה הלכות - הלכות שבת,כן,משנה ברורה,סימן רמז,פירוש,לא,
4012,שונה הלכות - הלכות שבת,כן,משנה ברורה,סימן רמז,פירוש,לא,
4013,שונה הלכות - הלכות שבת,כן,משנה ברורה,סימן רמז,פירוש,לא,
4014,שונה הלכות - הלכות שבת,כן,משנה ברורה,סימן רמז,פירוש,לא,
4018,שונה הלכות - הלכות שבת,כן,משנה ברורה,סימן רמח,פירוש,לא,
4021,שונה הלכות - הלכות שבת,כן,משנה ברורה,סימן רמח,פירוש,לא,
4023,שונה הלכות - הלכות שבת,כן,משנה ברורה,סימן רמח,פירוש,לא,
4025,שונה הלכות - הלכות שבת,כן,משנה ברורה,סימן רמח,פירוש,לא,
4027,שונה הלכות - הלכות שבת,כן,משנה ברורה,סימן רמח,פירוש,לא,
4029,שונה הלכות - הלכות שבת,כן,משנה ברורה,סימן רמח,פירוש,לא,
4031,שונה הלכות - הלכות שבת,כן,משנה ברורה,סימן רמח,פירוש,לא,
4033,שונה הלכות - הלכות שבת,כן,משנה ברורה,סימן רמח,פירוש,לא,
4035,שונה הלכות - הלכות שבת,כן,משנה ברורה,סימן רמח,פירוש,לא,
4037,שונה הלכות - הלכות שבת,כן,משנה ברורה,סימן רמח,פירוש,לא,
4039,שונה הלכות - הלכות שבת,כן,משנה ברורה,סימן רמח,פירוש,לא,
4041,שונה הלכות - הלכות שבת,כן,משנה ברורה,סימן רמח,פירוש,לא,
4043,שונה הלכות - הלכות שבת,כן,משנה ברורה,סימן רמח,פירוש,לא,
4045,שונה הלכות - הלכות שבת,כן,משנה ברורה,סימן רמח,פירוש,לא,
4048,שונה הלכות - הלכות שבת,כן,משנה ברורה,סימן רמט,פירוש,לא,
4051,שונה הלכות - הלכות שבת,כן,משנה ברורה,סימן רמט,פירוש,לא,
4053,שונה הלכות - הלכות שבת,כן,משנה ברורה,סימן רמט,פירוש,לא,
4055,שונה הלכות - הלכות שבת,כן,משנה ברורה,סימן רמט,פירוש,לא,
4057,שונה הלכות - הלכות שבת,כן,משנה ברורה,סימן רמט,פירוש,לא,
4059,שונה הלכות - הלכות שבת,כן,משנה ברורה,סימן רמט,פירוש,לא,
4061,שונה הלכות - הלכות שבת,כן,משנה ברורה,סימן רמט,פירוש,לא,
4063,שונה הלכות - הלכות שבת,כן,משנה ברורה,סימן רמט,פירוש,לא,
4065,שונה הלכות - הלכות שבת,כן,משנה ברורה,סימן רמט,פירוש,לא,
4067,שונה הלכות - הלכות שבת,כן,משנה ברורה,סימן רמט,פירוש,לא,
4069,שונה הלכות - הלכות שבת,כן,משנה ברורה,סימן רמט,פירוש,לא,
4071,שונה הלכות - הלכות שבת,כן,משנה ברורה,סימן רמט,פירוש,לא,
4073,שונה הלכות - הלכות שבת,כן,משנה ברורה,סימן רמט,פירוש,לא,
4075,שונה הלכות - הלכות שבת,כן,משנה ברורה,סימן רמט,פירוש,לא,
4079,שונה הלכות - הלכות שבת,כן,משנה ברורה,סימן רנ,פירוש,לא,
4082,שונה הלכות - הלכות שבת,כן,משנה ברורה,סימן רנ,פירוש,לא,
4084,שונה הלכות - הלכות שבת,כן,משנה ברורה,סימן רנ,פירוש,לא,
4086,שונה הלכות - הלכות שבת,כן,משנה ברורה,סימן רנ,פירוש,לא,
4088,שונה הלכות - הלכות שבת,כן,משנה ברורה,סימן רנ,פירוש,לא,
4090,שונה הלכות - הלכות שבת,כן,משנה ברורה,סימן רנ,פירוש,לא,
4092,שונה הלכות - הלכות שבת,כן,משנה ברורה,סימן רנ,פירוש,לא,
4094,שונה הלכות - הלכות שבת,כן,משנה ברורה,סימן רנ,פירוש,לא,
4096,שונה הלכות - הלכות שבת,כן,משנה ברורה,סימן רנ,פירוש,לא,
4098,שונה הלכות - הלכות שבת,כן,משנה ברורה,סימן רנ,פירוש,לא,
4100,שונה הלכות - הלכות שבת,כן,משנה ברורה,סימן רנ,פירוש,לא,
4104,שונה הלכות - הלכות שבת,כן,משנה ברורה,סימן רנא,פירוש,לא,
4107,שונה הלכות - הלכות שבת,כן,משנה ברורה,סימן רנא,פירוש,לא,
4108,שונה הלכות - הלכות שבת,כן,משנה ברורה,סימן רנא,פירוש,לא,
4109,שונה הלכות - הלכות שבת,כן,משנה ברורה,סימן רנא,פירוש,לא,
4111,שונה הלכות - הלכות שבת,כן,משנה ברורה,סימן רנא,פירוש,לא,
4113,שונה הלכות - הלכות שבת,כן,משנה ברורה,סימן רנא,פירוש,לא,
4115,שונה הלכות - הלכות שבת,כן,משנה ברורה,סימן רנא,פירוש,לא,
4117,שונה הלכות - הלכות שבת,כן,משנה ברורה,סימן רנא,פירוש,לא,
4119,שונה הלכות - הלכות שבת,כן,משנה ברורה,סימן רנא,פירוש,לא,
4121,שונה הלכות - הלכות שבת,כן,משנה ברורה,סימן רנא,פירוש,לא,
4123,שונה הלכות - הלכות שבת,כן,משנה ברורה,סימן רנא,פירוש,לא,
4125,שונה הלכות - הלכות שבת,כן,משנה ברורה,סימן רנא,פירוש,לא,
4127,שונה הלכות - הלכות שבת,כן,משנה ברורה,סימן רנא,פירוש,לא,
4129,שונה הלכות - הלכות שבת,כן,משנה ברורה,סימן רנא,פירוש,לא,
4134,שונה הלכות - הלכות שבת,כן,משנה ברורה,סימן רנב,פירוש,לא,
4137,שונה הלכות - הלכות שבת,כן,משנה ברורה,סימן רנב,פירוש,לא,
4139,שונה הלכות - הלכות שבת,כן,משנה ברורה,סימן רנב,פירוש,לא,
4141,שונה הלכות - הלכות שבת,כן,משנה ברורה,סימן רנב,פירוש,לא,
4143,שונה הלכות - הלכות שבת,כן,משנה ברורה,סימן רנב,פירוש,לא,
4145,שונה הלכות - הלכות שבת,כן,משנה ברורה,סימן רנב,פירוש,לא,
4147,שונה הלכות - הלכות שבת,כן,משנה ברורה,סימן רנב,פירוש,לא,
4149,שונה הלכות - הלכות שבת,כן,משנה ברורה,סימן רנב,פירוש,לא,
4151,שונה הלכות - הלכות שבת,כן,משנה ברורה,סימן רנב,פירוש,לא,
4153,שונה הלכות - הלכות שבת,כן,משנה ברורה,סימן רנב,פירוש,לא,
4155,שונה הלכות - הלכות שבת,כן,משנה ברורה,סימן רנב,פירוש,לא,
4157,שונה הלכות - הלכות שבת,כן,משנה ברורה,סימן רנב,פירוש,לא,
4159,שונה הלכות - הלכות שבת,כן,משנה ברורה,סימן רנב,פירוש,לא,
4161,שונה הלכות - הלכות שבת,כן,משנה ברורה,סימן רנב,פירוש,לא,
4163,שונה הלכות - הלכות שבת,כן,משנה ברורה,סימן רנב,פירוש,לא,
4165,שונה הלכות - הלכות שבת,כן,משנה ברורה,סימן רנב,פירוש,לא,
4167,שונה הלכות - הלכות שבת,כן,משנה ברורה,סימן רנב,פירוש,לא,
4168,שונה הלכות - הלכות שבת,כן,משנה ברורה,סימן רנב,פירוש,לא,
4169,שונה הלכות - הלכות שבת,כן,משנה ברורה,סימן רנב,פירוש,לא,
4170,שונה הלכות - הלכות שבת,כן,משנה ברורה,סימן רנב,פירוש,לא,
4171,שונה הלכות - הלכות שבת,כן,משנה ברורה,סימן רנב,פירוש,לא,
4173,שונה הלכות - הלכות שבת,כן,משנה ברורה,סימן רנב,פירוש,לא,
4174,שונה הלכות - הלכות שבת,כן,משנה ברורה,סימן רנב,פירוש,לא,
4175,שונה הלכות - הלכות שבת,כן,משנה ברורה,סימן רנב,פירוש,לא,
4177,שונה הלכות - הלכות שבת,כן,משנה ברורה,סימן רנב,פירוש,לא,
4179,שונה הלכות - הלכות שבת,כן,משנה ברורה,סימן רנב,פירוש,לא,
4181,שונה הלכות - הלכות שבת,כן,משנה ברורה,סימן רנב,פירוש,לא,
4183,שונה הלכות - הלכות שבת,כן,משנה ברורה,סימן רנב,פירוש,לא,
4185,שונה הלכות - הלכות שבת,כן,משנה ברורה,סימן רנב,פירוש,לא,
4187,שונה הלכות - הלכות שבת,כן,משנה ברורה,סימן רנב,פירוש,לא,
4189,שונה הלכות - הלכות שבת,כן,משנה ברורה,סימן רנב,פירוש,לא,
4191,שונה הלכות - הלכות שבת,כן,משנה ברורה,סימן רנב,פירוש,לא,
4193,שונה הלכות - הלכות שבת,כן,משנה ברורה,סימן רנב,פירוש,לא,
4198,שונה הלכות - הלכות שבת,כן,משנה ברורה,סימן רנג,פירוש,לא,
4201,שונה הלכות - הלכות שבת,כן,משנה ברורה,סימן רנג,פירוש,לא,
4203,שונה הלכות - הלכות שבת,כן,משנה ברורה,סימן רנג,פירוש,לא,
4204,שונה הלכות - הלכות שבת,כן,משנה ברורה,סימן רנג,פירוש,לא,
4205,שונה הלכות - הלכות שבת,כן,משנה ברורה,סימן רנג,פירוש,לא,
4207,שונה הלכות - הלכות שבת,כן,משנה ברורה,סימן רנג,פירוש,לא,
4209,שונה הלכות - הלכות שבת,כן,משנה ברורה,סימן רנג,פירוש,לא,
4211,שונה הלכות - הלכות שבת,כן,משנה ברורה,סימן רנג,פירוש,לא,
4212,שונה הלכות - הלכות שבת,כן,משנה ברורה,סימן רנג,פירוש,לא,
4213,שונה הלכות - הלכות שבת,כן,משנה ברורה,סימן רנג,פירוש,לא,
4214,שונה הלכות - הלכות שבת,כן,משנה ברורה,סימן רנג,פירוש,לא,
4215,שונה הלכות - הלכות שבת,כן,משנה ברורה,סימן רנג,פירוש,לא,
4217,שונה הלכות - הלכות שבת,כן,משנה ברורה,סימן רנג,פירוש,לא,
4219,שונה הלכות - הלכות שבת,כן,משנה ברורה,סימן רנג,פירוש,לא,
4221,שונה הלכות - הלכות שבת,כן,משנה ברורה,סימן רנג,פירוש,לא,
4223,שונה הלכות - הלכות שבת,כן,משנה ברורה,סימן רנג,פירוש,לא,
4226,שונה הלכות - הלכות שבת,כן,משנה ברורה,סימן רנג,פירוש,לא,
4228,שונה הלכות - הלכות שבת,כן,משנה ברורה,סימן רנג,פירוש,לא,
4229,שונה הלכות - הלכות שבת,כן,משנה ברורה,סימן רנג,פירוש,לא,
4230,שונה הלכות - הלכות שבת,כן,משנה ברורה,סימן רנג,פירוש,לא,
4231,שונה הלכות - הלכות שבת,כן,משנה ברורה,סימן רנג,פירוש,לא,
4232,שונה הלכות - הלכות שבת,כן,משנה ברורה,סימן רנג,פירוש,לא,
4233,שונה הלכות - הלכות שבת,כן,משנה ברורה,סימן רנג,פירוש,לא,
4234,שונה הלכות - הלכות שבת,כן,משנה ברורה,סימן רנג,פירוש,לא,
4235,שונה הלכות - הלכות שבת,כן,משנה ברורה,סימן רנג,פירוש,לא,
4236,שונה הלכות - הלכות שבת,כן,משנה ברורה,סימן רנג,פירוש,לא,
4237,שונה הלכות - הלכות שבת,כן,משנה ברורה,סימן רנג,פירוש,לא,
4238,שונה הלכות - הלכות שבת,כן,משנה ברורה,סימן רנג,פירוש,לא,
4239,שונה הלכות - הלכות שבת,כן,משנה ברורה,סימן רנג,פירוש,לא,
4241,שונה הלכות - הלכות שבת,כן,משנה ברורה,סימן רנג,פירוש,לא,
4243,שונה הלכות - הלכות שבת,כן,משנה ברורה,סימן רנג,פירוש,לא,
4244,שונה הלכות - הלכות שבת,כן,משנה ברורה,סימן רנג,פירוש,לא,
4245,שונה הלכות - הלכות שבת,כן,משנה ברורה,סימן רנג,פירוש,לא,
4247,שונה הלכות - הלכות שבת,כן,משנה ברורה,סימן רנג,פירוש,לא,
4249,שונה הלכות - הלכות שבת,כן,משנה ברורה,סימן רנג,פירוש,לא,
4251,שונה הלכות - הלכות שבת,כן,משנה ברורה,סימן רנג,פירוש,לא,
4253,שונה הלכות - הלכות שבת,כן,משנה ברורה,סימן רנג,פירוש,לא,
4255,שונה הלכות - הלכות שבת,כן,משנה ברורה,סימן רנג,פירוש,לא,
4256,שונה הלכות - הלכות שבת,כן,משנה ברורה,סימן רנג,פירוש,לא,
4257,שונה הלכות - הלכות שבת,כן,משנה ברורה,סימן רנג,פירוש,לא,
4258,שונה הלכות - הלכות שבת,כן,משנה ברורה,סימן רנג,פירוש,לא,
4259,שונה הלכות - הלכות שבת,כן,משנה ברורה,סימן רנג,פירוש,לא,
4260,שונה הלכות - הלכות שבת,כן,משנה ברורה,סימן רנג,פירוש,לא,
4261,שונה הלכות - הלכות שבת,כן,משנה ברורה,סימן רנג,פירוש,לא,
4263,שונה הלכות - הלכות שבת,כן,משנה ברורה,סימן רנג,פירוש,לא,
4264,שונה הלכות - הלכות שבת,כן,משנה ברורה,סימן רנג,פירוש,לא,
4265,שונה הלכות - הלכות שבת,כן,משנה ברורה,סימן רנג,פירוש,לא,
4266,שונה הלכות - הלכות שבת,כן,משנה ברורה,סימן רנג,פירוש,לא,
4267,שונה הלכות - הלכות שבת,כן,משנה ברורה,סימן רנג,פירוש,לא,
4269,שונה הלכות - הלכות שבת,כן,משנה ברורה,סימן רנג,פירוש,לא,
4271,שונה הלכות - הלכות שבת,כן,משנה ברורה,סימן רנג,פירוש,לא,
4273,שונה הלכות - הלכות שבת,כן,משנה ברורה,סימן רנג,פירוש,לא,
4274,שונה הלכות - הלכות שבת,כן,משנה ברורה,סימן רנג,פירוש,לא,
4275,שונה הלכות - הלכות שבת,כן,משנה ברורה,סימן רנג,פירוש,לא,
4277,שונה הלכות - הלכות שבת,כן,משנה ברורה,סימן רנג,פירוש,לא,
4279,שונה הלכות - הלכות שבת,כן,משנה ברורה,סימן רנג,פירוש,לא,
4281,שונה הלכות - הלכות שבת,כן,משנה ברורה,סימן רנג,פירוש,לא,
4283,שונה הלכות - הלכות שבת,כן,משנה ברורה,סימן רנג,פירוש,לא,
4284,שונה הלכות - הלכות שבת,כן,משנה ברורה,סימן רנג,פירוש,לא,
4285,שונה הלכות - הלכות שבת,כן,משנה ברורה,סימן רנג,פירוש,לא,
4287,שונה הלכות - הלכות שבת,כן,משנה ברורה,סימן רנג,פירוש,לא,
4289,שונה הלכות - הלכות שבת,כן,משנה ברורה,סימן רנג,פירוש,לא,
4291,שונה הלכות - הלכות שבת,כן,משנה ברורה,סימן רנג,פירוש,לא,
4293,שונה הלכות - הלכות שבת,כן,משנה ברורה,סימן רנג,פירוש,לא,
4295,שונה הלכות - הלכות שבת,כן,משנה ברורה,סימן רנג,פירוש,לא,
4296,שונה הלכות - הלכות שבת,כן,משנה ברורה,סימן רנג,פירוש,לא,
4297,שונה הלכות - הלכות שבת,כן,משנה ברורה,סימן רנג,פירוש,לא,
4299,שונה הלכות - הלכות שבת,כן,משנה ברורה,סימן רנג,פירוש,לא,
4303,שונה הלכות - הלכות שבת,כן,משנה ברורה,סימן רנד,פירוש,לא,
4306,שונה הלכות - הלכות שבת,כן,משנה ברורה,סימן רנד,פירוש,לא,
4307,שונה הלכות - הלכות שבת,כן,משנה ברורה,סימן רנד,פירוש,לא,
4308,שונה הלכות - הלכות שבת,כן,משנה ברורה,סימן רנד,פירוש,לא,
4310,שונה הלכות - הלכות שבת,כן,משנה ברורה,סימן רנד,פירוש,לא,
4311,שונה הלכות - הלכות שבת,כן,משנה ברורה,סימן רנד,פירוש,לא,
4312,שונה הלכות - הלכות שבת,כן,משנה ברורה,סימן רנד,פירוש,לא,
4314,שונה הלכות - הלכות שבת,כן,משנה ברורה,סימן רנד,פירוש,לא,
4315,שונה הלכות - הלכות שבת,כן,משנה ברורה,סימן רנד,פירוש,לא,
4316,שונה הלכות - הלכות שבת,כן,משנה ברורה,סימן רנד,פירוש,לא,
4318,שונה הלכות - הלכות שבת,כן,משנה ברורה,סימן רנד,פירוש,לא,
4320,שונה הלכות - הלכות שבת,כן,משנה ברורה,סימן רנד,פירוש,לא,
4321,שונה הלכות - הלכות שבת,כן,משנה ברורה,סימן רנד,פירוש,לא,
4322,שונה הלכות - הלכות שבת,כן,משנה ברורה,סימן רנד,פירוש,לא,
4324,שונה הלכות - הלכות שבת,כן,משנה ברורה,סימן רנד,פירוש,לא,
4326,שונה הלכות - הלכות שבת,כן,משנה ברורה,סימן רנד,פירוש,לא,
4328,שונה הלכות - הלכות שבת,כן,משנה ברורה,סימן רנד,פירוש,לא,
4330,שונה הלכות - הלכות שבת,כן,משנה ברורה,סימן רנד,פירוש,לא,
4332,שונה הלכות - הלכות שבת,כן,משנה ברורה,סימן רנד,פירוש,לא,
4333,שונה הלכות - הלכות שבת,כן,משנה ברורה,סימן רנד,פירוש,לא,
4334,שונה הלכות - הלכות שבת,כן,משנה ברורה,סימן רנד,פירוש,לא,
4336,שונה הלכות - הלכות שבת,כן,משנה ברורה,סימן רנד,פירוש,לא,
4340,שונה הלכות - הלכות שבת,כן,משנה ברורה,סימן רנה,פירוש,לא,
4343,שונה הלכות - הלכות שבת,כן,משנה ברורה,סימן רנה,פירוש,לא,
4345,שונה הלכות - הלכות שבת,כן,משנה ברורה,סימן רנה,פירוש,לא,
4346,שונה הלכות - הלכות שבת,כן,משנה ברורה,סימן רנה,פירוש,לא,
4347,שונה הלכות - הלכות שבת,כן,משנה ברורה,סימן רנה,פירוש,לא,
4349,שונה הלכות - הלכות שבת,כן,משנה ברורה,סימן רנה,פירוש,לא,
4351,שונה הלכות - הלכות שבת,כן,משנה ברורה,סימן רנה,פירוש,לא,
4353,שונה הלכות - הלכות שבת,כן,משנה ברורה,סימן רנה,פירוש,לא,
4355,שונה הלכות - הלכות שבת,כן,משנה ברורה,סימן רנה,פירוש,לא,
4359,שונה הלכות - הלכות שבת,כן,משנה ברורה,סימן רנו,פירוש,לא,
4362,שונה הלכות - הלכות שבת,כן,משנה ברורה,סימן רנו,פירוש,לא,
4364,שונה הלכות - הלכות שבת,כן,משנה ברורה,סימן רנו,פירוש,לא,
4366,שונה הלכות - הלכות שבת,כן,משנה ברורה,סימן רנו,פירוש,לא,
4367,שונה הלכות - הלכות שבת,כן,משנה ברורה,סימן רנו,פירוש,לא,
4368,שונה הלכות - הלכות שבת,כן,משנה ברורה,סימן רנו,פירוש,לא,
4370,שונה הלכות - הלכות שבת,כן,משנה ברורה,סימן רנו,פירוש,לא,
4374,שונה הלכות - הלכות שבת,כן,משנה ברורה,סימן רנז,פירוש,לא,
4377,שונה הלכות - הלכות שבת,כן,משנה ברורה,סימן רנז,פירוש,לא,
4378,שונה הלכות - הלכות שבת,כן,משנה ברורה,סימן רנז,פירוש,לא,
4379,שונה הלכות - הלכות שבת,כן,משנה ברורה,סימן רנז,פירוש,לא,
4380,שונה הלכות - הלכות שבת,כן,משנה ברורה,סימן רנז,פירוש,לא,
4381,שונה הלכות - הלכות שבת,כן,משנה ברורה,סימן רנז,פירוש,לא,
4383,שונה הלכות - הלכות שבת,כן,משנה ברורה,סימן רנז,פירוש,לא,
4384,שונה הלכות - הלכות שבת,כן,משנה ברורה,סימן רנז,פירוש,לא,
4385,שונה הלכות - הלכות שבת,כן,משנה ברורה,סימן רנז,פירוש,לא,
4387,שונה הלכות - הלכות שבת,כן,משנה ברורה,סימן רנז,פירוש,לא,
4389,שונה הלכות - הלכות שבת,כן,משנה ברורה,סימן רנז,פירוש,לא,
4391,שונה הלכות - הלכות שבת,כן,משנה ברורה,סימן רנז,פירוש,לא,
4393,שונה הלכות - הלכות שבת,כן,משנה ברורה,סימן רנז,פירוש,לא,
4395,שונה הלכות - הלכות שבת,כן,משנה ברורה,סימן רנז,פירוש,לא,
4397,שונה הלכות - הלכות שבת,כן,משנה ברורה,סימן רנז,פירוש,לא,
4399,שונה הלכות - הלכות שבת,כן,משנה ברורה,סימן רנז,פירוש,לא,
4401,שונה הלכות - הלכות שבת,כן,משנה ברורה,סימן רנז,פירוש,לא,
4403,שונה הלכות - הלכות שבת,כן,משנה ברורה,סימן רנז,פירוש,לא,
4404,שונה הלכות - הלכות שבת,כן,משנה ברורה,סימן רנז,פירוש,לא,
4405,שונה הלכות - הלכות שבת,כן,משנה ברורה,סימן רנז,פירוש,לא,
4407,שונה הלכות - הלכות שבת,כן,משנה ברורה,סימן רנז,פירוש,לא,
4408,שונה הלכות - הלכות שבת,כן,משנה ברורה,סימן רנז,פירוש,לא,
4409,שונה הלכות - הלכות שבת,כן,משנה ברורה,סימן רנז,פירוש,לא,
4411,שונה הלכות - הלכות שבת,כן,משנה ברורה,סימן רנז,פירוש,לא,
4413,שונה הלכות - הלכות שבת,כן,משנה ברורה,סימן רנז,פירוש,לא,
4414,שונה הלכות - הלכות שבת,כן,משנה ברורה,סימן רנז,פירוש,לא,
4415,שונה הלכות - הלכות שבת,כן,משנה ברורה,סימן רנז,פירוש,לא,
4417,שונה הלכות - הלכות שבת,כן,משנה ברורה,סימן רנז,פירוש,לא,
4418,שונה הלכות - הלכות שבת,כן,משנה ברורה,סימן רנז,פירוש,לא,
4419,שונה הלכות - הלכות שבת,כן,משנה ברורה,סימן רנז,פירוש,לא,
4420,שונה הלכות - הלכות שבת,כן,משנה ברורה,סימן רנז,פירוש,לא,
4421,שונה הלכות - הלכות שבת,כן,משנה ברורה,סימן רנז,פירוש,לא,
4422,שונה הלכות - הלכות שבת,כן,משנה ברורה,סימן רנז,פירוש,לא,
4423,שונה הלכות - הלכות שבת,כן,משנה ברורה,סימן רנז,פירוש,לא,
4424,שונה הלכות - הלכות שבת,כן,משנה ברורה,סימן רנז,פירוש,לא,
4425,שונה הלכות - הלכות שבת,כן,משנה ברורה,סימן רנז,פירוש,לא,
4427,שונה הלכות - הלכות שבת,כן,משנה ברורה,סימן רנז,פירוש,לא,
4428,שונה הלכות - הלכות שבת,כן,משנה ברורה,סימן רנז,פירוש,לא,
4429,שונה הלכות - הלכות שבת,כן,משנה ברורה,סימן רנז,פירוש,לא,
4431,שונה הלכות - הלכות שבת,כן,משנה ברורה,סימן רנז,פירוש,לא,
4433,שונה הלכות - הלכות שבת,כן,משנה ברורה,סימן רנז,פירוש,לא,
4434,שונה הלכות - הלכות שבת,כן,משנה ברורה,סימן רנז,פירוש,לא,
4435,שונה הלכות - הלכות שבת,כן,משנה ברורה,סימן רנז,פירוש,לא,
4437,שונה הלכות - הלכות שבת,כן,משנה ברורה,סימן רנז,פירוש,לא,
4438,שונה הלכות - הלכות שבת,כן,משנה ברורה,סימן רנז,פירוש,לא,
4439,שונה הלכות - הלכות שבת,כן,משנה ברורה,סימן רנז,פירוש,לא,
4441,שונה הלכות - הלכות שבת,כן,משנה ברורה,סימן רנז,פירוש,לא,
4443,שונה הלכות - הלכות שבת,כן,משנה ברורה,סימן רנז,פירוש,לא,
4445,שונה הלכות - הלכות שבת,כן,משנה ברורה,סימן רנז,פירוש,לא,
4447,שונה הלכות - הלכות שבת,כן,משנה ברורה,סימן רנז,פירוש,לא,
4451,שונה הלכות - הלכות שבת,כן,משנה ברורה,סימן רנח,פירוש,לא,
4454,שונה הלכות - הלכות שבת,כן,משנה ברורה,סימן רנח,פירוש,לא,
4456,שונה הלכות - הלכות שבת,כן,משנה ברורה,סימן רנח,פירוש,לא,
4458,שונה הלכות - הלכות שבת,כן,משנה ברורה,סימן רנח,פירוש,לא,
4460,שונה הלכות - הלכות שבת,כן,משנה ברורה,סימן רנח,פירוש,לא,
4464,שונה הלכות - הלכות שבת,כן,משנה ברורה,סימן רנט,פירוש,לא,
4467,שונה הלכות - הלכות שבת,כן,משנה ברורה,סימן רנט,פירוש,לא,
4469,שונה הלכות - הלכות שבת,כן,משנה ברורה,סימן רנט,פירוש,לא,
4471,שונה הלכות - הלכות שבת,כן,משנה ברורה,סימן רנט,פירוש,לא,
4473,שונה הלכות - הלכות שבת,כן,משנה ברורה,סימן רנט,פירוש,לא,
4475,שונה הלכות - הלכות שבת,כן,משנה ברורה,סימן רנט,פירוש,לא,
4477,שונה הלכות - הלכות שבת,כן,משנה ברורה,סימן רנט,פירוש,לא,
4479,שונה הלכות - הלכות שבת,כן,משנה ברורה,סימן רנט,פירוש,לא,
4481,שונה הלכות - הלכות שבת,כן,משנה ברורה,סימן רנט,פירוש,לא,
4483,שונה הלכות - הלכות שבת,כן,משנה ברורה,סימן רנט,פירוש,לא,
4484,שונה הלכות - הלכות שבת,כן,משנה ברורה,סימן רנט,פירוש,לא,
4485,שונה הלכות - הלכות שבת,כן,משנה ברורה,סימן רנט,פירוש,לא,
4489,שונה הלכות - הלכות שבת,כן,משנה ברורה,סימן רס,פירוש,לא,
4492,שונה הלכות - הלכות שבת,כן,משנה ברורה,סימן רס,פירוש,לא,
4493,שונה הלכות - הלכות שבת,כן,משנה ברורה,סימן רס,פירוש,לא,
4494,שונה הלכות - הלכות שבת,כן,משנה ברורה,סימן רס,פירוש,לא,
4495,שונה הלכות - הלכות שבת,כן,משנה ברורה,סימן רס,פירוש,לא,
4496,שונה הלכות - הלכות שבת,כן,משנה ברורה,סימן רס,פירוש,לא,
4498,שונה הלכות - הלכות שבת,כן,משנה ברורה,סימן רס,פירוש,לא,
4500,שונה הלכות - הלכות שבת,כן,משנה ברורה,סימן רס,פירוש,לא,
4502,שונה הלכות - הלכות שבת,כן,משנה ברורה,סימן רס,פירוש,לא,
4504,שונה הלכות - הלכות שבת,כן,משנה ברורה,סימן רס,פירוש,לא,
4506,שונה הלכות - הלכות שבת,כן,משנה ברורה,סימן רס,פירוש,לא,
4508,שונה הלכות - הלכות שבת,כן,משנה ברורה,סימן רס,פירוש,לא,
4510,שונה הלכות - הלכות שבת,כן,משנה ברורה,סימן רס,פירוש,לא,
4512,שונה הלכות - הלכות שבת,כן,משנה ברורה,סימן רס,פירוש,לא,
4513,שונה הלכות - הלכות שבת,כן,משנה ברורה,סימן רס,פירוש,לא,
4514,שונה הלכות - הלכות שבת,כן,משנה ברורה,סימן רס,פירוש,לא,
4516,שונה הלכות - הלכות שבת,כן,משנה ברורה,סימן רס,פירוש,לא,
4520,שונה הלכות - הלכות שבת,כן,משנה ברורה,סימן רסא,פירוש,לא,
4523,שונה הלכות - הלכות שבת,כן,משנה ברורה,סימן רסא,פירוש,לא,
4525,שונה הלכות - הלכות שבת,כן,משנה ברורה,סימן רסא,פירוש,לא,
4527,שונה הלכות - הלכות שבת,כן,משנה ברורה,סימן רסא,פירוש,לא,
4529,שונה הלכות - הלכות שבת,כן,משנה ברורה,סימן רסא,פירוש,לא,
4530,שונה הלכות - הלכות שבת,כן,משנה ברורה,סימן רסא,פירוש,לא,
4531,שונה הלכות - הלכות שבת,כן,משנה ברורה,סימן רסא,פירוש,לא,
4533,שונה הלכות - הלכות שבת,כן,משנה ברורה,סימן רסא,פירוש,לא,
4535,שונה הלכות - הלכות שבת,כן,משנה ברורה,סימן רסא,פירוש,לא,
4537,שונה הלכות - הלכות שבת,כן,משנה ברורה,סימן רסא,פירוש,לא,
4538,שונה הלכות - הלכות שבת,כן,משנה ברורה,סימן רסא,פירוש,לא,
4539,שונה הלכות - הלכות שבת,כן,משנה ברורה,סימן רסא,פירוש,לא,
4541,שונה הלכות - הלכות שבת,כן,משנה ברורה,סימן רסא,פירוש,לא,
4543,שונה הלכות - הלכות שבת,כן,משנה ברורה,סימן רסא,פירוש,לא,
4547,שונה הלכות - הלכות שבת,כן,משנה ברורה,סימן רסב,פירוש,לא,
4550,שונה הלכות - הלכות שבת,כן,משנה ברורה,סימן רסב,פירוש,לא,
4552,שונה הלכות - הלכות שבת,כן,משנה ברורה,סימן רסב,פירוש,לא,
4554,שונה הלכות - הלכות שבת,כן,משנה ברורה,סימן רסב,פירוש,לא,
4556,שונה הלכות - הלכות שבת,כן,משנה ברורה,סימן רסב,פירוש,לא,
4558,שונה הלכות - הלכות שבת,כן,משנה ברורה,סימן רסב,פירוש,לא,
4560,שונה הלכות - הלכות שבת,כן,משנה ברורה,סימן רסב,פירוש,לא,
4562,שונה הלכות - הלכות שבת,כן,משנה ברורה,סימן רסב,פירוש,לא,
4564,שונה הלכות - הלכות שבת,כן,משנה ברורה,סימן רסב,פירוש,לא,
4566,שונה הלכות - הלכות שבת,כן,משנה ברורה,סימן רסב,פירוש,לא,
4568,שונה הלכות - הלכות שבת,כן,משנה ברורה,סימן רסב,פירוש,לא,
4570,שונה הלכות - הלכות שבת,כן,משנה ברורה,סימן רסב,פירוש,לא,
4572,שונה הלכות - הלכות שבת,כן,משנה ברורה,סימן רסב,פירוש,לא,
4575,שונה הלכות - הלכות שבת,כן,משנה ברורה,סימן רסג,פירוש,לא,
4578,שונה הלכות - הלכות שבת,כן,משנה ברורה,סימן רסג,פירוש,לא,
4579,שונה הלכות - הלכות שבת,כן,משנה ברורה,סימן רסג,פירוש,לא,
4580,שונה הלכות - הלכות שבת,כן,משנה ברורה,סימן רסג,פירוש,לא,
4581,שונה הלכות - הלכות שבת,כן,משנה ברורה,סימן רסג,פירוש,לא,
4582,שונה הלכות - הלכות שבת,כן,משנה ברורה,סימן רסג,פירוש,לא,
4583,שונה הלכות - הלכות שבת,כן,משנה ברורה,סימן רסג,פירוש,לא,
4584,שונה הלכות - הלכות שבת,כן,משנה ברורה,סימן רסג,פירוש,לא,
4585,שונה הלכות - הלכות שבת,כן,משנה ברורה,סימן רסג,פירוש,לא,
4586,שונה הלכות - הלכות שבת,כן,משנה ברורה,סימן רסג,פירוש,לא,
4588,שונה הלכות - הלכות שבת,כן,משנה ברורה,סימן רסג,פירוש,לא,
4590,שונה הלכות - הלכות שבת,כן,משנה ברורה,סימן רסג,פירוש,לא,
4592,שונה הלכות - הלכות שבת,כן,משנה ברורה,סימן רסג,פירוש,לא,
4594,שונה הלכות - הלכות שבת,כן,משנה ברורה,סימן רסג,פירוש,לא,
4596,שונה הלכות - הלכות שבת,כן,משנה ברורה,סימן רסג,פירוש,לא,
4598,שונה הלכות - הלכות שבת,כן,משנה ברורה,סימן רסג,פירוש,לא,
4600,שונה הלכות - הלכות שבת,כן,משנה ברורה,סימן רסג,פירוש,לא,
4602,שונה הלכות - הלכות שבת,כן,משנה ברורה,סימן רסג,פירוש,לא,
4603,שונה הלכות - הלכות שבת,כן,משנה ברורה,סימן רסג,פירוש,לא,
4604,שונה הלכות - הלכות שבת,כן,משנה ברורה,סימן רסג,פירוש,לא,
4606,שונה הלכות - הלכות שבת,כן,משנה ברורה,סימן רסג,פירוש,לא,
4607,שונה הלכות - הלכות שבת,כן,משנה ברורה,סימן רסג,פירוש,לא,
4608,שונה הלכות - הלכות שבת,כן,משנה ברורה,סימן רסג,פירוש,לא,
4610,שונה הלכות - הלכות שבת,כן,משנה ברורה,סימן רסג,פירוש,לא,
4612,שונה הלכות - הלכות שבת,כן,משנה ברורה,סימן רסג,פירוש,לא,
4613,שונה הלכות - הלכות שבת,כן,משנה ברורה,סימן רסג,פירוש,לא,
4614,שונה הלכות - הלכות שבת,כן,משנה ברורה,סימן רסג,פירוש,לא,
4616,שונה הלכות - הלכות שבת,כן,משנה ברורה,סימן רסג,פירוש,לא,
4618,שונה הלכות - הלכות שבת,כן,משנה ברורה,סימן רסג,פירוש,לא,
4620,שונה הלכות - הלכות שבת,כן,משנה ברורה,סימן רסג,פירוש,לא,
4622,שונה הלכות - הלכות שבת,כן,משנה ברורה,סימן רסג,פירוש,לא,
4624,שונה הלכות - הלכות שבת,כן,משנה ברורה,סימן רסג,פירוש,לא,
4625,שונה הלכות - הלכות שבת,כן,משנה ברורה,סימן רסג,פירוש,לא,
4626,שונה הלכות - הלכות שבת,כן,משנה ברורה,סימן רסג,פירוש,לא,
4628,שונה הלכות - הלכות שבת,כן,משנה ברורה,סימן רסג,פירוש,לא,
4630,שונה הלכות - הלכות שבת,כן,משנה ברורה,סימן רסג,פירוש,לא,
4632,שונה הלכות - הלכות שבת,כן,משנה ברורה,סימן רסג,פירוש,לא,
4634,שונה הלכות - הלכות שבת,כן,משנה ברורה,סימן רסג,פירוש,לא,
4636,שונה הלכות - הלכות שבת,כן,משנה ברורה,סימן רסג,פירוש,לא,
4638,שונה הלכות - הלכות שבת,כן,משנה ברורה,סימן רסג,פירוש,לא,
4640,שונה הלכות - הלכות שבת,כן,משנה ברורה,סימן רסג,פירוש,לא,
4641,שונה הלכות - הלכות שבת,כן,משנה ברורה,סימן רסג,פירוש,לא,
4642,שונה הלכות - הלכות שבת,כן,משנה ברורה,סימן רסג,פירוש,לא,
4644,שונה הלכות - הלכות שבת,כן,משנה ברורה,סימן רסג,פירוש,לא,
4646,שונה הלכות - הלכות שבת,כן,משנה ברורה,סימן רסג,פירוש,לא,
4648,שונה הלכות - הלכות שבת,כן,משנה ברורה,סימן רסג,פירוש,לא,
4650,שונה הלכות - הלכות שבת,כן,משנה ברורה,סימן רסג,פירוש,לא,
4652,שונה הלכות - הלכות שבת,כן,משנה ברורה,סימן רסג,פירוש,לא,
4654,שונה הלכות - הלכות שבת,כן,משנה ברורה,סימן רסג,פירוש,לא,
4656,שונה הלכות - הלכות שבת,כן,משנה ברורה,סימן רסג,פירוש,לא,
4658,שונה הלכות - הלכות שבת,כן,משנה ברורה,סימן רסג,פירוש,לא,
4660,שונה הלכות - הלכות שבת,כן,משנה ברורה,סימן רסג,פירוש,לא,
4664,שונה הלכות - הלכות שבת,כן,משנה ברורה,סימן רסד,פירוש,לא,
4667,שונה הלכות - הלכות שבת,כן,משנה ברורה,סימן רסד,פירוש,לא,
4669,שונה הלכות - הלכות שבת,כן,משנה ברורה,סימן רסד,פירוש,לא,
4670,שונה הלכות - הלכות שבת,כן,משנה ברורה,סימן רסד,פירוש,לא,
4671,שונה הלכות - הלכות שבת,כן,משנה ברורה,סימן רסד,פירוש,לא,
4673,שונה הלכות - הלכות שבת,כן,משנה ברורה,סימן רסד,פירוש,לא,
4675,שונה הלכות - הלכות שבת,כן,משנה ברורה,סימן רסד,פירוש,לא,
4677,שונה הלכות - הלכות שבת,כן,משנה ברורה,סימן רסד,פירוש,לא,
4679,שונה הלכות - הלכות שבת,כן,משנה ברורה,סימן רסד,פירוש,לא,
4681,שונה הלכות - הלכות שבת,כן,משנה ברורה,סימן רסד,פירוש,לא,
4683,שונה הלכות - הלכות שבת,כן,משנה ברורה,סימן רסד,פירוש,לא,
4685,שונה הלכות - הלכות שבת,כן,משנה ברורה,סימן רסד,פירוש,לא,
4687,שונה הלכות - הלכות שבת,כן,משנה ברורה,סימן רסד,פירוש,לא,
4689,שונה הלכות - הלכות שבת,כן,משנה ברורה,סימן רסד,פירוש,לא,
4691,שונה הלכות - הלכות שבת,כן,משנה ברורה,סימן רסד,פירוש,לא,
4693,שונה הלכות - הלכות שבת,כן,משנה ברורה,סימן רסד,פירוש,לא,
4695,שונה הלכות - הלכות שבת,כן,משנה ברורה,סימן רסד,פירוש,לא,
4699,שונה הלכות - הלכות שבת,כן,משנה ברורה,סימן רסה,פירוש,לא,
4702,שונה הלכות - הלכות שבת,כן,משנה ברורה,סימן רסה,פירוש,לא,
4704,שונה הלכות - הלכות שבת,כן,משנה ברורה,סימן רסה,פירוש,לא,
4706,שונה הלכות - הלכות שבת,כן,משנה ברורה,סימן רסה,פירוש,לא,
4708,שונה הלכות - הלכות שבת,כן,משנה ברורה,סימן רסה,פירוש,לא,
4710,שונה הלכות - הלכות שבת,כן,משנה ברורה,סימן רסה,פירוש,לא,
4712,שונה הלכות - הלכות שבת,כן,משנה ברורה,סימן רסה,פירוש,לא,
4714,שונה הלכות - הלכות שבת,כן,משנה ברורה,סימן רסה,פירוש,לא,
4716,שונה הלכות - הלכות שבת,כן,משנה ברורה,סימן רסה,פירוש,לא,
4720,שונה הלכות - הלכות שבת,כן,משנה ברורה,סימן רסו,פירוש,לא,
4723,שונה הלכות - הלכות שבת,כן,משנה ברורה,סימן רסו,פירוש,לא,
4724,שונה הלכות - הלכות שבת,כן,משנה ברורה,סימן רסו,פירוש,לא,
4725,שונה הלכות - הלכות שבת,כן,משנה ברורה,סימן רסו,פירוש,לא,
4727,שונה הלכות - הלכות שבת,כן,משנה ברורה,סימן רסו,פירוש,לא,
4729,שונה הלכות - הלכות שבת,כן,משנה ברורה,סימן רסו,פירוש,לא,
4731,שונה הלכות - הלכות שבת,כן,משנה ברורה,סימן רסו,פירוש,לא,
4733,שונה הלכות - הלכות שבת,כן,משנה ברורה,סימן רסו,פירוש,לא,
4735,שונה הלכות - הלכות שבת,כן,משנה ברורה,סימן רסו,פירוש,לא,
4737,שונה הלכות - הלכות שבת,כן,משנה ברורה,סימן רסו,פירוש,לא,
4738,שונה הלכות - הלכות שבת,כן,משנה ברורה,סימן רסו,פירוש,לא,
4739,שונה הלכות - הלכות שבת,כן,משנה ברורה,סימן רסו,פירוש,לא,
4741,שונה הלכות - הלכות שבת,כן,משנה ברורה,סימן רסו,פירוש,לא,
4743,שונה הלכות - הלכות שבת,כן,משנה ברורה,סימן רסו,פירוש,לא,
4745,שונה הלכות - הלכות שבת,כן,משנה ברורה,סימן רסו,פירוש,לא,
4747,שונה הלכות - הלכות שבת,כן,משנה ברורה,סימן רסו,פירוש,לא,
4749,שונה הלכות - הלכות שבת,כן,משנה ברורה,סימן רסו,פירוש,לא,
4751,שונה הלכות - הלכות שבת,כן,משנה ברורה,סימן רסו,פירוש,לא,
4755,שונה הלכות - הלכות שבת,כן,משנה ברורה,סימן רסז,פירוש,לא,
4758,שונה הלכות - הלכות שבת,כן,משנה ברורה,סימן רסז,פירוש,לא,
4760,שונה הלכות - הלכות שבת,כן,משנה ברורה,סימן רסז,פירוש,לא,
4762,שונה הלכות - הלכות שבת,כן,משנה ברורה,סימן רסז,פירוש,לא,
4764,שונה הלכות - הלכות שבת,כן,משנה ברורה,סימן רסז,פירוש,לא,
4766,שונה הלכות - הלכות שבת,כן,משנה ברורה,סימן רסז,פירוש,לא,
4769,שונה הלכות - הלכות שבת,כן,משנה ברורה,סימן רסח,פירוש,לא,
4772,שונה הלכות - הלכות שבת,כן,משנה ברורה,סימן רסח,פירוש,לא,
4774,שונה הלכות - הלכות שבת,כן,משנה ברורה,סימן רסח,פירוש,לא,
4776,שונה הלכות - הלכות שבת,כן,משנה ברורה,סימן רסח,פירוש,לא,
4778,שונה הלכות - הלכות שבת,כן,משנה ברורה,סימן רסח,פירוש,לא,
4780,שונה הלכות - הלכות שבת,כן,משנה ברורה,סימן רסח,פירוש,לא,
4782,שונה הלכות - הלכות שבת,כן,משנה ברורה,סימן רסח,פירוש,לא,
4784,שונה הלכות - הלכות שבת,כן,משנה ברורה,סימן רסח,פירוש,לא,
4786,שונה הלכות - הלכות שבת,כן,משנה ברורה,סימן רסח,פירוש,לא,
4788,שונה הלכות - הלכות שבת,כן,משנה ברורה,סימן רסח,פירוש,לא,
4790,שונה הלכות - הלכות שבת,כן,משנה ברורה,סימן רסח,פירוש,לא,
4792,שונה הלכות - הלכות שבת,כן,משנה ברורה,סימן רסח,פירוש,לא,
4794,שונה הלכות - הלכות שבת,כן,משנה ברורה,סימן רסח,פירוש,לא,
4797,שונה הלכות - הלכות שבת,כן,משנה ברורה,סימן רסט,פירוש,לא,
4800,שונה הלכות - הלכות שבת,כן,משנה ברורה,סימן רסט,פירוש,לא,
4801,שונה הלכות - הלכות שבת,כן,משנה ברורה,סימן רסט,פירוש,לא,
4802,שונה הלכות - הלכות שבת,כן,משנה ברורה,סימן רסט,פירוש,לא,
4804,שונה הלכות - הלכות שבת,כן,משנה ברורה,סימן רסט,פירוש,לא,
4813,שונה הלכות - הלכות שבת,כן,משנה ברורה,סימן רעא,פירוש,לא,
4816,שונה הלכות - הלכות שבת,כן,משנה ברורה,סימן רעא,פירוש,לא,
4817,שונה הלכות - הלכות שבת,כן,משנה ברורה,סימן רעא,פירוש,לא,
4818,שונה הלכות - הלכות שבת,כן,משנה ברורה,סימן רעא,פירוש,לא,
4820,שונה הלכות - הלכות שבת,כן,משנה ברורה,סימן רעא,פירוש,לא,
4822,שונה הלכות - הלכות שבת,כן,משנה ברורה,סימן רעא,פירוש,לא,
4824,שונה הלכות - הלכות שבת,כן,משנה ברורה,סימן רעא,פירוש,לא,
4826,שונה הלכות - הלכות שבת,כן,משנה ברורה,סימן רעא,פירוש,לא,
4828,שונה הלכות - הלכות שבת,כן,משנה ברורה,סימן רעא,פירוש,לא,
4830,שונה הלכות - הלכות שבת,כן,משנה ברורה,סימן רעא,פירוש,לא,
4831,שונה הלכות - הלכות שבת,כן,משנה ברורה,סימן רעא,פירוש,לא,
4832,שונה הלכות - הלכות שבת,כן,משנה ברורה,סימן רעא,פירוש,לא,
4833,שונה הלכות - הלכות שבת,כן,משנה ברורה,סימן רעא,פירוש,לא,
4834,שונה הלכות - הלכות שבת,כן,משנה ברורה,סימן רעא,פירוש,לא,
4836,שונה הלכות - הלכות שבת,כן,משנה ברורה,סימן רעא,פירוש,לא,
4838,שונה הלכות - הלכות שבת,כן,משנה ברורה,סימן רעא,פירוש,לא,
4840,שונה הלכות - הלכות שבת,כן,משנה ברורה,סימן רעא,פירוש,לא,
4842,שונה הלכות - הלכות שבת,כן,משנה ברורה,סימן רעא,פירוש,לא,
4843,שונה הלכות - הלכות שבת,כן,משנה ברורה,סימן רעא,פירוש,לא,
4844,שונה הלכות - הלכות שבת,כן,משנה ברורה,סימן רעא,פירוש,לא,
4846,שונה הלכות - הלכות שבת,כן,משנה ברורה,סימן רעא,פירוש,לא,
4848,שונה הלכות - הלכות שבת,כן,משנה ברורה,סימן רעא,פירוש,לא,
4850,שונה הלכות - הלכות שבת,כן,משנה ברורה,סימן רעא,פירוש,לא,
4852,שונה הלכות - הלכות שבת,כן,משנה ברורה,סימן רעא,פירוש,לא,
4854,שונה הלכות - הלכות שבת,כן,משנה ברורה,סימן רעא,פירוש,לא,
4856,שונה הלכות - הלכות שבת,כן,משנה ברורה,סימן רעא,פירוש,לא,
4858,שונה הלכות - הלכות שבת,כן,משנה ברורה,סימן רעא,פירוש,לא,
4860,שונה הלכות - הלכות שבת,כן,משנה ברורה,סימן רעא,פירוש,לא,
4861,שונה הלכות - הלכות שבת,כן,משנה ברורה,סימן רעא,פירוש,לא,
4862,שונה הלכות - הלכות שבת,כן,משנה ברורה,סימן רעא,פירוש,לא,
4864,שונה הלכות - הלכות שבת,כן,משנה ברורה,סימן רעא,פירוש,לא,
4866,שונה הלכות - הלכות שבת,כן,משנה ברורה,סימן רעא,פירוש,לא,
4868,שונה הלכות - הלכות שבת,כן,משנה ברורה,סימן רעא,פירוש,לא,
4870,שונה הלכות - הלכות שבת,כן,משנה ברורה,סימן רעא,פירוש,לא,
4872,שונה הלכות - הלכות שבת,כן,משנה ברורה,סימן רעא,פירוש,לא,
4874,שונה הלכות - הלכות שבת,כן,משנה ברורה,סימן רעא,פירוש,לא,
4876,שונה הלכות - הלכות שבת,כן,משנה ברורה,סימן רעא,פירוש,לא,
4878,שונה הלכות - הלכות שבת,כן,משנה ברורה,סימן רעא,פירוש,לא,
4880,שונה הלכות - הלכות שבת,כן,משנה ברורה,סימן רעא,פירוש,לא,
4882,שונה הלכות - הלכות שבת,כן,משנה ברורה,סימן רעא,פירוש,לא,
4884,שונה הלכות - הלכות שבת,כן,משנה ברורה,סימן רעא,פירוש,לא,
4886,שונה הלכות - הלכות שבת,כן,משנה ברורה,סימן רעא,פירוש,לא,
4888,שונה הלכות - הלכות שבת,כן,משנה ברורה,סימן רעא,פירוש,לא,
4890,שונה הלכות - הלכות שבת,כן,משנה ברורה,סימן רעא,פירוש,לא,
4892,שונה הלכות - הלכות שבת,כן,משנה ברורה,סימן רעא,פירוש,לא,
4894,שונה הלכות - הלכות שבת,כן,משנה ברורה,סימן רעא,פירוש,לא,
4896,שונה הלכות - הלכות שבת,כן,משנה ברורה,סימן רעא,פירוש,לא,
4898,שונה הלכות - הלכות שבת,כן,משנה ברורה,סימן רעא,פירוש,לא,
4900,שונה הלכות - הלכות שבת,כן,משנה ברורה,סימן רעא,פירוש,לא,
4904,שונה הלכות - הלכות שבת,כן,משנה ברורה,סימן רעב,פירוש,לא,
4907,שונה הלכות - הלכות שבת,כן,משנה ברורה,סימן רעב,פירוש,לא,
4908,שונה הלכות - הלכות שבת,כן,משנה ברורה,סימן רעב,פירוש,לא,
4909,שונה הלכות - הלכות שבת,כן,משנה ברורה,סימן רעב,פירוש,לא,
4911,שונה הלכות - הלכות שבת,כן,משנה ברורה,סימן רעב,פירוש,לא,
4912,שונה הלכות - הלכות שבת,כן,משנה ברורה,סימן רעב,פירוש,לא,
4913,שונה הלכות - הלכות שבת,כן,משנה ברורה,סימן רעב,פירוש,לא,
4915,שונה הלכות - הלכות שבת,כן,משנה ברורה,סימן רעב,פירוש,לא,
4917,שונה הלכות - הלכות שבת,כן,משנה ברורה,סימן רעב,פירוש,לא,
4919,שונה הלכות - הלכות שבת,כן,משנה ברורה,סימן רעב,פירוש,לא,
4921,שונה הלכות - הלכות שבת,כן,משנה ברורה,סימן רעב,פירוש,לא,
4923,שונה הלכות - הלכות שבת,כן,משנה ברורה,סימן רעב,פירוש,לא,
4925,שונה הלכות - הלכות שבת,כן,משנה ברורה,סימן רעב,פירוש,לא,
4927,שונה הלכות - הלכות שבת,כן,משנה ברורה,סימן רעב,פירוש,לא,
4929,שונה הלכות - הלכות שבת,כן,משנה ברורה,סימן רעב,פירוש,לא,
4931,שונה הלכות - הלכות שבת,כן,משנה ברורה,סימן רעב,פירוש,לא,
4933,שונה הלכות - הלכות שבת,כן,משנה ברורה,סימן רעב,פירוש,לא,
4935,שונה הלכות - הלכות שבת,כן,משנה ברורה,סימן רעב,פירוש,לא,
4936,שונה הלכות - הלכות שבת,כן,משנה ברורה,סימן רעב,פירוש,לא,
4937,שונה הלכות - הלכות שבת,כן,משנה ברורה,סימן רעב,פירוש,לא,
4939,שונה הלכות - הלכות שבת,כן,משנה ברורה,סימן רעב,פירוש,לא,
4943,שונה הלכות - הלכות שבת,כן,משנה ברורה,סימן רעג,פירוש,לא,
4946,שונה הלכות - הלכות שבת,כן,משנה ברורה,סימן רעג,פירוש,לא,
4948,שונה הלכות - הלכות שבת,כן,משנה ברורה,סימן רעג,פירוש,לא,
4950,שונה הלכות - הלכות שבת,כן,משנה ברורה,סימן רעג,פירוש,לא,
4952,שונה הלכות - הלכות שבת,כן,משנה ברורה,סימן רעג,פירוש,לא,
4954,שונה הלכות - הלכות שבת,כן,משנה ברורה,סימן רעג,פירוש,לא,
4956,שונה הלכות - הלכות שבת,כן,משנה ברורה,סימן רעג,פירוש,לא,
4958,שונה הלכות - הלכות שבת,כן,משנה ברורה,סימן רעג,פירוש,לא,
4960,שונה הלכות - הלכות שבת,כן,משנה ברורה,סימן רעג,פירוש,לא,
4962,שונה הלכות - הלכות שבת,כן,משנה ברורה,סימן רעג,פירוש,לא,
4966,שונה הלכות - הלכות שבת,כן,משנה ברורה,סימן רעד,פירוש,לא,
4969,שונה הלכות - הלכות שבת,כן,משנה ברורה,סימן רעד,פירוש,לא,
4971,שונה הלכות - הלכות שבת,כן,משנה ברורה,סימן רעד,פירוש,לא,
4973,שונה הלכות - הלכות שבת,כן,משנה ברורה,סימן רעד,פירוש,לא,
4975,שונה הלכות - הלכות שבת,כן,משנה ברורה,סימן רעד,פירוש,לא,
4977,שונה הלכות - הלכות שבת,כן,משנה ברורה,סימן רעד,פירוש,לא,
4979,שונה הלכות - הלכות שבת,כן,משנה ברורה,סימן רעד,פירוש,לא,
4981,שונה הלכות - הלכות שבת,כן,משנה ברורה,סימן רעד,פירוש,לא,
4983,שונה הלכות - הלכות שבת,כן,משנה ברורה,סימן רעד,פירוש,לא,
4984,שונה הלכות - הלכות שבת,כן,משנה ברורה,סימן רעד,פירוש,לא,
4985,שונה הלכות - הלכות שבת,כן,משנה ברורה,סימן רעד,פירוש,לא,
4987,שונה הלכות - הלכות שבת,כן,משנה ברורה,סימן רעד,פירוש,לא,
4989,שונה הלכות - הלכות שבת,כן,משנה ברורה,סימן רעד,פירוש,לא,
4991,שונה הלכות - הלכות שבת,כן,משנה ברורה,סימן רעד,פירוש,לא,
5022,שונה הלכות - הלכות שבת,כן,משנה ברורה,סימן רעו,פירוש,לא,
5025,שונה הלכות - הלכות שבת,כן,משנה ברורה,סימן רעו,פירוש,לא,
5027,שונה הלכות - הלכות שבת,כן,משנה ברורה,סימן רעו,פירוש,לא,
5029,שונה הלכות - הלכות שבת,כן,משנה ברורה,סימן רעו,פירוש,לא,
5031,שונה הלכות - הלכות שבת,כן,משנה ברורה,סימן רעו,פירוש,לא,
5033,שונה הלכות - הלכות שבת,כן,משנה ברורה,סימן רעו,פירוש,לא,
5034,שונה הלכות - הלכות שבת,כן,משנה ברורה,סימן רעו,פירוש,לא,
5035,שונה הלכות - הלכות שבת,כן,משנה ברורה,סימן רעו,פירוש,לא,
5037,שונה הלכות - הלכות שבת,כן,משנה ברורה,סימן רעו,פירוש,לא,
5039,שונה הלכות - הלכות שבת,כן,משנה ברורה,סימן רעו,פירוש,לא,
5041,שונה הלכות - הלכות שבת,כן,משנה ברורה,סימן רעו,פירוש,לא,
5043,שונה הלכות - הלכות שבת,כן,משנה ברורה,סימן רעו,פירוש,לא,
5045,שונה הלכות - הלכות שבת,כן,משנה ברורה,סימן רעו,פירוש,לא,
5047,שונה הלכות - הלכות שבת,כן,משנה ברורה,סימן רעו,פירוש,לא,
5051,שונה הלכות - הלכות שבת,כן,משנה ברורה,סימן רעז,פירוש,לא,
5054,שונה הלכות - הלכות שבת,כן,משנה ברורה,סימן רעז,פירוש,לא,
5056,שונה הלכות - הלכות שבת,כן,משנה ברורה,סימן רעז,פירוש,לא,
5058,שונה הלכות - הלכות שבת,כן,משנה ברורה,סימן רעז,פירוש,לא,
5060,שונה הלכות - הלכות שבת,כן,משנה ברורה,סימן רעז,פירוש,לא,
5062,שונה הלכות - הלכות שבת,כן,משנה ברורה,סימן רעז,פירוש,לא,
5064,שונה הלכות - הלכות שבת,כן,משנה ברורה,סימן רעז,פירוש,לא,
5066,שונה הלכות - הלכות שבת,כן,משנה ברורה,סימן רעז,פירוש,לא,
5068,שונה הלכות - הלכות שבת,כן,משנה ברורה,סימן רעז,פירוש,לא,
5070,שונה הלכות - הלכות שבת,כן,משנה ברורה,סימן רעז,פירוש,לא,
5074,שונה הלכות - הלכות שבת,כן,משנה ברורה,סימן רעח,פירוש,לא,
5077,שונה הלכות - הלכות שבת,כן,משנה ברורה,סימן רעח,פירוש,לא,
5078,שונה הלכות - הלכות שבת,כן,משנה ברורה,סימן רעח,פירוש,לא,
5079,שונה הלכות - הלכות שבת,כן,משנה ברורה,סימן רעח,פירוש,לא,
5081,שונה הלכות - הלכות שבת,כן,משנה ברורה,סימן רעח,פירוש,לא,
5083,שונה הלכות - הלכות שבת,כן,משנה ברורה,סימן רעח,פירוש,לא,
5087,שונה הלכות - הלכות שבת,כן,משנה ברורה,סימן רעט,פירוש,לא,
5090,שונה הלכות - הלכות שבת,כן,משנה ברורה,סימן רעט,פירוש,לא,
5092,שונה הלכות - הלכות שבת,כן,משנה ברורה,סימן רעט,פירוש,לא,
5093,שונה הלכות - הלכות שבת,כן,משנה ברורה,סימן רעט,פירוש,לא,
5094,שונה הלכות - הלכות שבת,כן,משנה ברורה,סימן רעט,פירוש,לא,
5096,שונה הלכות - הלכות שבת,כן,משנה ברורה,סימן רעט,פירוש,לא,
5098,שונה הלכות - הלכות שבת,כן,משנה ברורה,סימן רעט,פירוש,לא,
5100,שונה הלכות - הלכות שבת,כן,משנה ברורה,סימן רעט,פירוש,לא,
5101,שונה הלכות - הלכות שבת,כן,משנה ברורה,סימן רעט,פירוש,לא,
5102,שונה הלכות - הלכות שבת,כן,משנה ברורה,סימן רעט,פירוש,לא,
5104,שונה הלכות - הלכות שבת,כן,משנה ברורה,סימן רעט,פירוש,לא,
5105,שונה הלכות - הלכות שבת,כן,משנה ברורה,סימן רעט,פירוש,לא,
5106,שונה הלכות - הלכות שבת,כן,משנה ברורה,סימן רעט,פירוש,לא,
5108,שונה הלכות - הלכות שבת,כן,משנה ברורה,סימן רעט,פירוש,לא,
5112,שונה הלכות - הלכות שבת,כן,משנה ברורה,סימן רפ,פירוש,לא,
5115,שונה הלכות - הלכות שבת,כן,משנה ברורה,סימן רפ,פירוש,לא,
5117,שונה הלכות - הלכות שבת,כן,משנה ברורה,סימן רפ,פירוש,לא,
5119,שונה הלכות - הלכות שבת,כן,משנה ברורה,סימן רפ,פירוש,לא,
5122,שונה הלכות - הלכות שבת,כן,משנה ברורה,סימן רפא,פירוש,לא,
5125,שונה הלכות - הלכות שבת,כן,משנה ברורה,סימן רפא,פירוש,לא,
5127,שונה הלכות - הלכות שבת,כן,משנה ברורה,סימן רפא,פירוש,לא,
5128,שונה הלכות - הלכות שבת,כן,משנה ברורה,סימן רפא,פירוש,לא,
5129,שונה הלכות - הלכות שבת,כן,משנה ברורה,סימן רפא,פירוש,לא,
5131,שונה הלכות - הלכות שבת,כן,משנה ברורה,סימן רפא,פירוש,לא,
5132,שונה הלכות - הלכות שבת,כן,משנה ברורה,סימן רפא,פירוש,לא,
5133,שונה הלכות - הלכות שבת,כן,משנה ברורה,סימן רפא,פירוש,לא,
5135,שונה הלכות - הלכות שבת,כן,משנה ברורה,סימן רפא,פירוש,לא,
5139,שונה הלכות - הלכות שבת,כן,משנה ברורה,סימן רפב,פירוש,לא,
5142,שונה הלכות - הלכות שבת,כן,משנה ברורה,סימן רפב,פירוש,לא,
5144,שונה הלכות - הלכות שבת,כן,משנה ברורה,סימן רפב,פירוש,לא,
5146,שונה הלכות - הלכות שבת,כן,משנה ברורה,סימן רפב,פירוש,לא,
5148,שונה הלכות - הלכות שבת,כן,משנה ברורה,סימן רפב,פירוש,לא,
5150,שונה הלכות - הלכות שבת,כן,משנה ברורה,סימן רפב,פירוש,לא,
5152,שונה הלכות - הלכות שבת,כן,משנה ברורה,סימן רפב,פירוש,לא,
5154,שונה הלכות - הלכות שבת,כן,משנה ברורה,סימן רפב,פירוש,לא,
5156,שונה הלכות - הלכות שבת,כן,משנה ברורה,סימן רפב,פירוש,לא,
5158,שונה הלכות - הלכות שבת,כן,משנה ברורה,סימן רפב,פירוש,לא,
5160,שונה הלכות - הלכות שבת,כן,משנה ברורה,סימן רפב,פירוש,לא,
5162,שונה הלכות - הלכות שבת,כן,משנה ברורה,סימן רפב,פירוש,לא,
5164,שונה הלכות - הלכות שבת,כן,משנה ברורה,סימן רפב,פירוש,לא,
5166,שונה הלכות - הלכות שבת,כן,משנה ברורה,סימן רפב,פירוש,לא,
5168,שונה הלכות - הלכות שבת,כן,משנה ברורה,סימן רפב,פירוש,לא,
5170,שונה הלכות - הלכות שבת,כן,משנה ברורה,סימן רפב,פירוש,לא,
5172,שונה הלכות - הלכות שבת,כן,משנה ברורה,סימן רפב,פירוש,לא,
5176,שונה הלכות - הלכות שבת,כן,משנה ברורה,סימן רפג,פירוש,לא,
5179,שונה הלכות - הלכות שבת,כן,משנה ברורה,סימן רפג,פירוש,לא,
5181,שונה הלכות - הלכות שבת,כן,משנה ברורה,סימן רפג,פירוש,לא,
5185,שונה הלכות - הלכות שבת,כן,משנה ברורה,סימן רפד,פירוש,לא,
5188,שונה הלכות - הלכות שבת,כן,משנה ברורה,סימן רפד,פירוש,לא,
5190,שונה הלכות - הלכות שבת,כן,משנה ברורה,סימן רפד,פירוש,לא,
5192,שונה הלכות - הלכות שבת,כן,משנה ברורה,סימן רפד,פירוש,לא,
5194,שונה הלכות - הלכות שבת,כן,משנה ברורה,סימן רפד,פירוש,לא,
5196,שונה הלכות - הלכות שבת,כן,משנה ברורה,סימן רפד,פירוש,לא,
5198,שונה הלכות - הלכות שבת,כן,משנה ברורה,סימן רפד,פירוש,לא,
5200,שונה הלכות - הלכות שבת,כן,משנה ברורה,סימן רפד,פירוש,לא,
5202,שונה הלכות - הלכות שבת,כן,משנה ברורה,סימן רפד,פירוש,לא,
5204,שונה הלכות - הלכות שבת,כן,משנה ברורה,סימן רפד,פירוש,לא,
5206,שונה הלכות - הלכות שבת,כן,משנה ברורה,סימן רפד,פירוש,לא,
5208,שונה הלכות - הלכות שבת,כן,משנה ברורה,סימן רפד,פירוש,לא,
5210,שונה הלכות - הלכות שבת,כן,משנה ברורה,סימן רפד,פירוש,לא,
5212,שונה הלכות - הלכות שבת,כן,משנה ברורה,סימן רפד,פירוש,לא,
5214,שונה הלכות - הלכות שבת,כן,משנה ברורה,סימן רפד,פירוש,לא,
5216,שונה הלכות - הלכות שבת,כן,משנה ברורה,סימן רפד,פירוש,לא,
5220,שונה הלכות - הלכות שבת,כן,משנה ברורה,סימן רפה,פירוש,לא,
5223,שונה הלכות - הלכות שבת,כן,משנה ברורה,סימן רפה,פירוש,לא,
5225,שונה הלכות - הלכות שבת,כן,משנה ברורה,סימן רפה,פירוש,לא,
5227,שונה הלכות - הלכות שבת,כן,משנה ברורה,סימן רפה,פירוש,לא,
5228,שונה הלכות - הלכות שבת,כן,משנה ברורה,סימן רפה,פירוש,לא,
5230,שונה הלכות - הלכות שבת,כן,משנה ברורה,סימן רפה,פירוש,לא,
5232,שונה הלכות - הלכות שבת,כן,משנה ברורה,סימן רפה,פירוש,לא,
5234,שונה הלכות - הלכות שבת,כן,משנה ברורה,סימן רפה,פירוש,לא,
5236,שונה הלכות - הלכות שבת,כן,משנה ברורה,סימן רפה,פירוש,לא,
5238,שונה הלכות - הלכות שבת,כן,משנה ברורה,סימן רפה,פירוש,לא,
5240,שונה הלכות - הלכות שבת,כן,משנה ברורה,סימן רפה,פירוש,לא,
5242,שונה הלכות - הלכות שבת,כן,משנה ברורה,סימן רפה,פירוש,לא,
5244,שונה הלכות - הלכות שבת,כן,משנה ברורה,סימן רפה,פירוש,לא,
5248,שונה הלכות - הלכות שבת,כן,משנה ברורה,סימן רפו,פירוש,לא,
5251,שונה הלכות - הלכות שבת,כן,משנה ברורה,סימן רפו,פירוש,לא,
5253,שונה הלכות - הלכות שבת,כן,משנה ברורה,סימן רפו,פירוש,לא,
5255,שונה הלכות - הלכות שבת,כן,משנה ברורה,סימן רפו,פירוש,לא,
5257,שונה הלכות - הלכות שבת,כן,משנה ברורה,סימן רפו,פירוש,לא,
5259,שונה הלכות - הלכות שבת,כן,משנה ברורה,סימן רפו,פירוש,לא,
5261,שונה הלכות - הלכות שבת,כן,משנה ברורה,סימן רפו,פירוש,לא,
5263,שונה הלכות - הלכות שבת,כן,משנה ברורה,סימן רפו,פירוש,לא,
5265,שונה הלכות - הלכות שבת,כן,משנה ברורה,סימן רפו,פירוש,לא,
5269,שונה הלכות - הלכות שבת,כן,משנה ברורה,סימן רפז,פירוש,לא,
5272,שונה הלכות - הלכות שבת,כן,משנה ברורה,סימן רפז,פירוש,לא,
5274,שונה הלכות - הלכות שבת,כן,משנה ברורה,סימן רפז,פירוש,לא,
5276,שונה הלכות - הלכות שבת,כן,משנה ברורה,סימן רפז,פירוש,לא,
5279,שונה הלכות - הלכות שבת,כן,משנה ברורה,סימן רפח,פירוש,לא,
5282,שונה הלכות - הלכות שבת,כן,משנה ברורה,סימן רפח,פירוש,לא,
5284,שונה הלכות - הלכות שבת,כן,משנה ברורה,סימן רפח,פירוש,לא,
5286,שונה הלכות - הלכות שבת,כן,משנה ברורה,סימן רפח,פירוש,לא,
5288,שונה הלכות - הלכות שבת,כן,משנה ברורה,סימן רפח,פירוש,לא,
5290,שונה הלכות - הלכות שבת,כן,משנה ברורה,סימן רפח,פירוש,לא,
5292,שונה הלכות - הלכות שבת,כן,משנה ברורה,סימן רפח,פירוש,לא,
5294,שונה הלכות - הלכות שבת,כן,משנה ברורה,סימן רפח,פירוש,לא,
5296,שונה הלכות - הלכות שבת,כן,משנה ברורה,סימן רפח,פירוש,לא,
5298,שונה הלכות - הלכות שבת,כן,משנה ברורה,סימן רפח,פירוש,לא,
5300,שונה הלכות - הלכות שבת,כן,משנה ברורה,סימן רפח,פירוש,לא,
5302,שונה הלכות - הלכות שבת,כן,משנה ברורה,סימן רפח,פירוש,לא,
5304,שונה הלכות - הלכות שבת,כן,משנה ברורה,סימן רפח,פירוש,לא,
5305,שונה הלכות - הלכות שבת,כן,משנה ברורה,סימן רפח,פירוש,לא,
5306,שונה הלכות - הלכות שבת,כן,משנה ברורה,סימן רפח,פירוש,לא,
5308,שונה הלכות - הלכות שבת,כן,משנה ברורה,סימן רפח,פירוש,לא,
5310,שונה הלכות - הלכות שבת,כן,משנה ברורה,סימן רפח,פירוש,לא,
5312,שונה הלכות - הלכות שבת,כן,משנה ברורה,סימן רפח,פירוש,לא,
5314,שונה הלכות - הלכות שבת,כן,משנה ברורה,סימן רפח,פירוש,לא,
5318,שונה הלכות - הלכות שבת,כן,משנה ברורה,סימן רפט,פירוש,לא,
5321,שונה הלכות - הלכות שבת,כן,משנה ברורה,סימן רפט,פירוש,לא,
5323,שונה הלכות - הלכות שבת,כן,משנה ברורה,סימן רפט,פירוש,לא,
5325,שונה הלכות - הלכות שבת,כן,משנה ברורה,סימן רפט,פירוש,לא,
5327,שונה הלכות - הלכות שבת,כן,משנה ברורה,סימן רפט,פירוש,לא,
5331,שונה הלכות - הלכות שבת,כן,משנה ברורה,סימן רצ,פירוש,לא,
5334,שונה הלכות - הלכות שבת,כן,משנה ברורה,סימן רצ,פירוש,לא,
5336,שונה הלכות - הלכות שבת,כן,משנה ברורה,סימן רצ,פירוש,לא,
5338,שונה הלכות - הלכות שבת,כן,משנה ברורה,סימן רצ,פירוש,לא,
5340,שונה הלכות - הלכות שבת,כן,משנה ברורה,סימן רצ,פירוש,לא,
5342,שונה הלכות - הלכות שבת,כן,משנה ברורה,סימן רצ,פירוש,לא,
5346,שונה הלכות - הלכות שבת,כן,משנה ברורה,סימן רצא,פירוש,לא,
5349,שונה הלכות - הלכות שבת,כן,משנה ברורה,סימן רצא,פירוש,לא,
5351,שונה הלכות - הלכות שבת,כן,משנה ברורה,סימן רצא,פירוש,לא,
5353,שונה הלכות - הלכות שבת,כן,משנה ברורה,סימן רצא,פירוש,לא,
5355,שונה הלכות - הלכות שבת,כן,משנה ברורה,סימן רצא,פירוש,לא,
5357,שונה הלכות - הלכות שבת,כן,משנה ברורה,סימן רצא,פירוש,לא,
5358,שונה הלכות - הלכות שבת,כן,משנה ברורה,סימן רצא,פירוש,לא,
5360,שונה הלכות - הלכות שבת,כן,משנה ברורה,סימן רצא,פירוש,לא,
5362,שונה הלכות - הלכות שבת,כן,משנה ברורה,סימן רצא,פירוש,לא,
5364,שונה הלכות - הלכות שבת,כן,משנה ברורה,סימן רצא,פירוש,לא,
5366,שונה הלכות - הלכות שבת,כן,משנה ברורה,סימן רצא,פירוש,לא,
5370,שונה הלכות - הלכות שבת,כן,משנה ברורה,סימן רצב,פירוש,לא,
5373,שונה הלכות - הלכות שבת,כן,משנה ברורה,סימן רצב,פירוש,לא,
5375,שונה הלכות - הלכות שבת,כן,משנה ברורה,סימן רצב,פירוש,לא,
5377,שונה הלכות - הלכות שבת,כן,משנה ברורה,סימן רצב,פירוש,לא,
5379,שונה הלכות - הלכות שבת,כן,משנה ברורה,סימן רצב,פירוש,לא,
5381,שונה הלכות - הלכות שבת,כן,משנה ברורה,סימן רצב,פירוש,לא,
5383,שונה הלכות - הלכות שבת,כן,משנה ברורה,סימן רצב,פירוש,לא,
5387,שונה הלכות - הלכות שבת,כן,משנה ברורה,סימן רצג,פירוש,לא,
5390,שונה הלכות - הלכות שבת,כן,משנה ברורה,סימן רצג,פירוש,לא,
5392,שונה הלכות - הלכות שבת,כן,משנה ברורה,סימן רצג,פירוש,לא,
5394,שונה הלכות - הלכות שבת,כן,משנה ברורה,סימן רצג,פירוש,לא,
5398,שונה הלכות - הלכות שבת,כן,משנה ברורה,סימן רצד,פירוש,לא,
5401,שונה הלכות - הלכות שבת,כן,משנה ברורה,סימן רצד,פירוש,לא,
5403,שונה הלכות - הלכות שבת,כן,משנה ברורה,סימן רצד,פירוש,לא,
5405,שונה הלכות - הלכות שבת,כן,משנה ברורה,סימן רצד,פירוש,לא,
5407,שונה הלכות - הלכות שבת,כן,משנה ברורה,סימן רצד,פירוש,לא,
5409,שונה הלכות - הלכות שבת,כן,משנה ברורה,סימן רצד,פירוש,לא,
5413,שונה הלכות - הלכות שבת,כן,משנה ברורה,סימן רצה,פירוש,לא,
5416,שונה הלכות - הלכות שבת,כן,משנה ברורה,סימן רצה,פירוש,לא,
5418,שונה הלכות - הלכות שבת,כן,משנה ברורה,סימן רצה,פירוש,לא,
5420,שונה הלכות - הלכות שבת,כן,משנה ברורה,סימן רצה,פירוש,לא,
5422,שונה הלכות - הלכות שבת,כן,משנה ברורה,סימן רצה,פירוש,לא,
5424,שונה הלכות - הלכות שבת,כן,משנה ברורה,סימן רצה,פירוש,לא,
5428,שונה הלכות - הלכות שבת,כן,משנה ברורה,סימן רצו,פירוש,לא,
5431,שונה הלכות - הלכות שבת,כן,משנה ברורה,סימן רצו,פירוש,לא,
5433,שונה הלכות - הלכות שבת,כן,משנה ברורה,סימן רצו,פירוש,לא,
5435,שונה הלכות - הלכות שבת,כן,משנה ברורה,סימן רצו,פירוש,לא,
5437,שונה הלכות - הלכות שבת,כן,משנה ברורה,סימן רצו,פירוש,לא,
5439,שונה הלכות - הלכות שבת,כן,משנה ברורה,סימן רצו,פירוש,לא,
5440,שונה הלכות - הלכות שבת,כן,משנה ברורה,סימן רצו,פירוש,לא,
5441,שונה הלכות - הלכות שבת,כן,משנה ברורה,סימן רצו,פירוש,לא,
5442,שונה הלכות - הלכות שבת,כן,משנה ברורה,סימן רצו,פירוש,לא,
5443,שונה הלכות - הלכות שבת,כן,משנה ברורה,סימן רצו,פירוש,לא,
5445,שונה הלכות - הלכות שבת,כן,משנה ברורה,סימן רצו,פירוש,לא,
5447,שונה הלכות - הלכות שבת,כן,משנה ברורה,סימן רצו,פירוש,לא,
5449,שונה הלכות - הלכות שבת,כן,משנה ברורה,סימן רצו,פירוש,לא,
5451,שונה הלכות - הלכות שבת,כן,משנה ברורה,סימן רצו,פירוש,לא,
5452,שונה הלכות - הלכות שבת,כן,משנה ברורה,סימן רצו,פירוש,לא,
5453,שונה הלכות - הלכות שבת,כן,משנה ברורה,סימן רצו,פירוש,לא,
5455,שונה הלכות - הלכות שבת,כן,משנה ברורה,סימן רצו,פירוש,לא,
5456,שונה הלכות - הלכות שבת,כן,משנה ברורה,סימן רצו,פירוש,לא,
5457,שונה הלכות - הלכות שבת,כן,משנה ברורה,סימן רצו,פירוש,לא,
5459,שונה הלכות - הלכות שבת,כן,משנה ברורה,סימן רצו,פירוש,לא,
5461,שונה הלכות - הלכות שבת,כן,משנה ברורה,סימן רצו,פירוש,לא,
5463,שונה הלכות - הלכות שבת,כן,משנה ברורה,סימן רצו,פירוש,לא,
5465,שונה הלכות - הלכות שבת,כן,משנה ברורה,סימן רצו,פירוש,לא,
5467,שונה הלכות - הלכות שבת,כן,משנה ברורה,סימן רצו,פירוש,לא,
5469,שונה הלכות - הלכות שבת,כן,משנה ברורה,סימן רצו,פירוש,לא,
5473,שונה הלכות - הלכות שבת,כן,משנה ברורה,סימן רצז,פירוש,לא,
5476,שונה הלכות - הלכות שבת,כן,משנה ברורה,סימן רצז,פירוש,לא,
5478,שונה הלכות - הלכות שבת,כן,משנה ברורה,סימן רצז,פירוש,לא,
5480,שונה הלכות - הלכות שבת,כן,משנה ברורה,סימן רצז,פירוש,לא,
5482,שונה הלכות - הלכות שבת,כן,משנה ברורה,סימן רצז,פירוש,לא,
5484,שונה הלכות - הלכות שבת,כן,משנה ברורה,סימן רצז,פירוש,לא,
5486,שונה הלכות - הלכות שבת,כן,משנה ברורה,סימן רצז,פירוש,לא,
5488,שונה הלכות - הלכות שבת,כן,משנה ברורה,סימן רצז,פירוש,לא,
5490,שונה הלכות - הלכות שבת,כן,משנה ברורה,סימן רצז,פירוש,לא,
5492,שונה הלכות - הלכות שבת,כן,משנה ברורה,סימן רצז,פירוש,לא,
5494,שונה הלכות - הלכות שבת,כן,משנה ברורה,סימן רצז,פירוש,לא,
5498,שונה הלכות - הלכות שבת,כן,משנה ברורה,סימן רצח,פירוש,לא,
5501,שונה הלכות - הלכות שבת,כן,משנה ברורה,סימן רצח,פירוש,לא,
5503,שונה הלכות - הלכות שבת,כן,משנה ברורה,סימן רצח,פירוש,לא,
5504,שונה הלכות - הלכות שבת,כן,משנה ברורה,סימן רצח,פירוש,לא,
5505,שונה הלכות - הלכות שבת,כן,משנה ברורה,סימן רצח,פירוש,לא,
5507,שונה הלכות - הלכות שבת,כן,משנה ברורה,סימן רצח,פירוש,לא,
5509,שונה הלכות - הלכות שבת,כן,משנה ברורה,סימן רצח,פירוש,לא,
5510,שונה הלכות - הלכות שבת,כן,משנה ברורה,סימן רצח,פירוש,לא,
5511,שונה הלכות - הלכות שבת,כן,משנה ברורה,סימן רצח,פירוש,לא,
5513,שונה הלכות - הלכות שבת,כן,משנה ברורה,סימן רצח,פירוש,לא,
5515,שונה הלכות - הלכות שבת,כן,משנה ברורה,סימן רצח,פירוש,לא,
5517,שונה הלכות - הלכות שבת,כן,משנה ברורה,סימן רצח,פירוש,לא,
5519,שונה הלכות - הלכות שבת,כן,משנה ברורה,סימן רצח,פירוש,לא,
5521,שונה הלכות - הלכות שבת,כן,משנה ברורה,סימן רצח,פירוש,לא,
5523,שונה הלכות - הלכות שבת,כן,משנה ברורה,סימן רצח,פירוש,לא,
5525,שונה הלכות - הלכות שבת,כן,משנה ברורה,סימן רצח,פירוש,לא,
5527,שונה הלכות - הלכות שבת,כן,משנה ברורה,סימן רצח,פירוש,לא,
5529,שונה הלכות - הלכות שבת,כן,משנה ברורה,סימן רצח,פירוש,לא,
5531,שונה הלכות - הלכות שבת,כן,משנה ברורה,סימן רצח,פירוש,לא,
5533,שונה הלכות - הלכות שבת,כן,משנה ברורה,סימן רצח,פירוש,לא,
5535,שונה הלכות - הלכות שבת,כן,משנה ברורה,סימן רצח,פירוש,לא,
5537,שונה הלכות - הלכות שבת,כן,משנה ברורה,סימן רצח,פירוש,לא,
5539,שונה הלכות - הלכות שבת,כן,משנה ברורה,סימן רצח,פירוש,לא,
5541,שונה הלכות - הלכות שבת,כן,משנה ברורה,סימן רצח,פירוש,לא,
5543,שונה הלכות - הלכות שבת,כן,משנה ברורה,סימן רצח,פירוש,לא,
5547,שונה הלכות - הלכות שבת,כן,משנה ברורה,סימן רצט,פירוש,לא,
5550,שונה הלכות - הלכות שבת,כן,משנה ברורה,סימן רצט,פירוש,לא,
5552,שונה הלכות - הלכות שבת,כן,משנה ברורה,סימן רצט,פירוש,לא,
5554,שונה הלכות - הלכות שבת,כן,משנה ברורה,סימן רצט,פירוש,לא,
5556,שונה הלכות - הלכות שבת,כן,משנה ברורה,סימן רצט,פירוש,לא,
5558,שונה הלכות - הלכות שבת,כן,משנה ברורה,סימן רצט,פירוש,לא,
5560,שונה הלכות - הלכות שבת,כן,משנה ברורה,סימן רצט,פירוש,לא,
5562,שונה הלכות - הלכות שבת,כן,משנה ברורה,סימן רצט,פירוש,לא,
5564,שונה הלכות - הלכות שבת,כן,משנה ברורה,סימן רצט,פירוש,לא,
5566,שונה הלכות - הלכות שבת,כן,משנה ברורה,סימן רצט,פירוש,לא,
5568,שונה הלכות - הלכות שבת,כן,משנה ברורה,סימן רצט,פירוש,לא,
5570,שונה הלכות - הלכות שבת,כן,משנה ברורה,סימן רצט,פירוש,לא,
5572,שונה הלכות - הלכות שבת,כן,משנה ברורה,סימן רצט,פירוש,לא,
5576,שונה הלכות - הלכות שבת,כן,משנה ברורה,סימן ש,פירוש,לא,
5579,שונה הלכות - הלכות שבת,כן,משנה ברורה,סימן ש,פירוש,לא,
5581,שונה הלכות - הלכות שבת,כן,משנה ברורה,סימן ש,פירוש,לא,
5583,שונה הלכות - הלכות שבת,כן,משנה ברורה,סימן ש,פירוש,לא,
5585,שונה הלכות - הלכות שבת,כן,משנה ברורה,סימן ש,פירוש,לא,
5589,שונה הלכות - הלכות שבת,כן,משנה ברורה,סימן שא,פירוש,לא,
5592,שונה הלכות - הלכות שבת,כן,משנה ברורה,סימן שא,פירוש,לא,
5594,שונה הלכות - הלכות שבת,כן,משנה ברורה,סימן שא,פירוש,לא,
5596,שונה הלכות - הלכות שבת,כן,משנה ברורה,סימן שא,פירוש,לא,
5598,שונה הלכות - הלכות שבת,כן,משנה ברורה,סימן שא,פירוש,לא,
5600,שונה הלכות - הלכות שבת,כן,משנה ברורה,סימן שא,פירוש,לא,
5602,שונה הלכות - הלכות שבת,כן,משנה ברורה,סימן שא,פירוש,לא,
5604,שונה הלכות - הלכות שבת,כן,משנה ברורה,סימן שא,פירוש,לא,
5605,שונה הלכות - הלכות שבת,כן,משנה ברורה,סימן שא,פירוש,לא,
5606,שונה הלכות - הלכות שבת,כן,משנה ברורה,סימן שא,פירוש,לא,
5607,שונה הלכות - הלכות שבת,כן,משנה ברורה,סימן שא,פירוש,לא,
5608,שונה הלכות - הלכות שבת,כן,משנה ברורה,סימן שא,פירוש,לא,
5610,שונה הלכות - הלכות שבת,כן,משנה ברורה,סימן שא,פירוש,לא,
5611,שונה הלכות - הלכות שבת,כן,משנה ברורה,סימן שא,פירוש,לא,
5612,שונה הלכות - הלכות שבת,כן,משנה ברורה,סימן שא,פירוש,לא,
5614,שונה הלכות - הלכות שבת,כן,משנה ברורה,סימן שא,פירוש,לא,
5616,שונה הלכות - הלכות שבת,כן,משנה ברורה,סימן שא,פירוש,לא,
5618,שונה הלכות - הלכות שבת,כן,משנה ברורה,סימן שא,פירוש,לא,
5620,שונה הלכות - הלכות שבת,כן,משנה ברורה,סימן שא,פירוש,לא,
5622,שונה הלכות - הלכות שבת,כן,משנה ברורה,סימן שא,פירוש,לא,
5624,שונה הלכות - הלכות שבת,כן,משנה ברורה,סימן שא,פירוש,לא,
5625,שונה הלכות - הלכות שבת,כן,משנה ברורה,סימן שא,פירוש,לא,
5626,שונה הלכות - הלכות שבת,כן,משנה ברורה,סימן שא,פירוש,לא,
5628,שונה הלכות - הלכות שבת,כן,משנה ברורה,סימן שא,פירוש,לא,
5630,שונה הלכות - הלכות שבת,כן,משנה ברורה,סימן שא,פירוש,לא,
5632,שונה הלכות - הלכות שבת,כן,משנה ברורה,סימן שא,פירוש,לא,
5634,שונה הלכות - הלכות שבת,כן,משנה ברורה,סימן שא,פירוש,לא,
5636,שונה הלכות - הלכות שבת,כן,משנה ברורה,סימן שא,פירוש,לא,
5638,שונה הלכות - הלכות שבת,כן,משנה ברורה,סימן שא,פירוש,לא,
5640,שונה הלכות - הלכות שבת,כן,משנה ברורה,סימן שא,פירוש,לא,
5642,שונה הלכות - הלכות שבת,כן,משנה ברורה,סימן שא,פירוש,לא,
5644,שונה הלכות - הלכות שבת,כן,משנה ברורה,סימן שא,פירוש,לא,
5646,שונה הלכות - הלכות שבת,כן,משנה ברורה,סימן שא,פירוש,לא,
5647,שונה הלכות - הלכות שבת,כן,משנה ברורה,סימן שא,פירוש,לא,
5648,שונה הלכות - הלכות שבת,כן,משנה ברורה,סימן שא,פירוש,לא,
5650,שונה הלכות - הלכות שבת,כן,משנה ברורה,סימן שא,פירוש,לא,
5652,שונה הלכות - הלכות שבת,כן,משנה ברורה,סימן שא,פירוש,לא,
5653,שונה הלכות - הלכות שבת,כן,משנה ברורה,סימן שא,פירוש,לא,
5654,שונה הלכות - הלכות שבת,כן,משנה ברורה,סימן שא,פירוש,לא,
5656,שונה הלכות - הלכות שבת,כן,משנה ברורה,סימן שא,פירוש,לא,
5658,שונה הלכות - הלכות שבת,כן,משנה ברורה,סימן שא,פירוש,לא,
5660,שונה הלכות - הלכות שבת,כן,משנה ברורה,סימן שא,פירוש,לא,
5662,שונה הלכות - הלכות שבת,כן,משנה ברורה,סימן שא,פירוש,לא,
5664,שונה הלכות - הלכות שבת,כן,משנה ברורה,סימן שא,פירוש,לא,
5666,שונה הלכות - הלכות שבת,כן,משנה ברורה,סימן שא,פירוש,לא,
5668,שונה הלכות - הלכות שבת,כן,משנה ברורה,סימן שא,פירוש,לא,
5670,שונה הלכות - הלכות שבת,כן,משנה ברורה,סימן שא,פירוש,לא,
5672,שונה הלכות - הלכות שבת,כן,משנה ברורה,סימן שא,פירוש,לא,
5674,שונה הלכות - הלכות שבת,כן,משנה ברורה,סימן שא,פירוש,לא,
5676,שונה הלכות - הלכות שבת,כן,משנה ברורה,סימן שא,פירוש,לא,
5678,שונה הלכות - הלכות שבת,כן,משנה ברורה,סימן שא,פירוש,לא,
5680,שונה הלכות - הלכות שבת,כן,משנה ברורה,סימן שא,פירוש,לא,
5682,שונה הלכות - הלכות שבת,כן,משנה ברורה,סימן שא,פירוש,לא,
5684,שונה הלכות - הלכות שבת,כן,משנה ברורה,סימן שא,פירוש,לא,
5686,שונה הלכות - הלכות שבת,כן,משנה ברורה,סימן שא,פירוש,לא,
5688,שונה הלכות - הלכות שבת,כן,משנה ברורה,סימן שא,פירוש,לא,
5690,שונה הלכות - הלכות שבת,כן,משנה ברורה,סימן שא,פירוש,לא,
5692,שונה הלכות - הלכות שבת,כן,משנה ברורה,סימן שא,פירוש,לא,
5694,שונה הלכות - הלכות שבת,כן,משנה ברורה,סימן שא,פירוש,לא,
5695,שונה הלכות - הלכות שבת,כן,משנה ברורה,סימן שא,פירוש,לא,
5696,שונה הלכות - הלכות שבת,כן,משנה ברורה,סימן שא,פירוש,לא,
5698,שונה הלכות - הלכות שבת,כן,משנה ברורה,סימן שא,פירוש,לא,
5700,שונה הלכות - הלכות שבת,כן,משנה ברורה,סימן שא,פירוש,לא,
5702,שונה הלכות - הלכות שבת,כן,משנה ברורה,סימן שא,פירוש,לא,
5704,שונה הלכות - הלכות שבת,כן,משנה ברורה,סימן שא,פירוש,לא,
5706,שונה הלכות - הלכות שבת,כן,משנה ברורה,סימן שא,פירוש,לא,
5708,שונה הלכות - הלכות שבת,כן,משנה ברורה,סימן שא,פירוש,לא,
5710,שונה הלכות - הלכות שבת,כן,משנה ברורה,סימן שא,פירוש,לא,
5711,שונה הלכות - הלכות שבת,כן,משנה ברורה,סימן שא,פירוש,לא,
5712,שונה הלכות - הלכות שבת,כן,משנה ברורה,סימן שא,פירוש,לא,
5714,שונה הלכות - הלכות שבת,כן,משנה ברורה,סימן שא,פירוש,לא,
5716,שונה הלכות - הלכות שבת,כן,משנה ברורה,סימן שא,פירוש,לא,
5718,שונה הלכות - הלכות שבת,כן,משנה ברורה,סימן שא,פירוש,לא,
5720,שונה הלכות - הלכות שבת,כן,משנה ברורה,סימן שא,פירוש,לא,
5722,שונה הלכות - הלכות שבת,כן,משנה ברורה,סימן שא,פירוש,לא,
5724,שונה הלכות - הלכות שבת,כן,משנה ברורה,סימן שא,פירוש,לא,
5726,שונה הלכות - הלכות שבת,כן,משנה ברורה,סימן שא,פירוש,לא,
5728,שונה הלכות - הלכות שבת,כן,משנה ברורה,סימן שא,פירוש,לא,
5729,שונה הלכות - הלכות שבת,כן,משנה ברורה,סימן שא,פירוש,לא,
5730,שונה הלכות - הלכות שבת,כן,משנה ברורה,סימן שא,פירוש,לא,
5731,שונה הלכות - הלכות שבת,כן,משנה ברורה,סימן שא,פירוש,לא,
5732,שונה הלכות - הלכות שבת,כן,משנה ברורה,סימן שא,פירוש,לא,
5734,שונה הלכות - הלכות שבת,כן,משנה ברורה,סימן שא,פירוש,לא,
5736,שונה הלכות - הלכות שבת,כן,משנה ברורה,סימן שא,פירוש,לא,
5738,שונה הלכות - הלכות שבת,כן,משנה ברורה,סימן שא,פירוש,לא,
5740,שונה הלכות - הלכות שבת,כן,משנה ברורה,סימן שא,פירוש,לא,
5742,שונה הלכות - הלכות שבת,כן,משנה ברורה,סימן שא,פירוש,לא,
5743,שונה הלכות - הלכות שבת,כן,משנה ברורה,סימן שא,פירוש,לא,
5744,שונה הלכות - הלכות שבת,כן,משנה ברורה,סימן שא,פירוש,לא,
5745,שונה הלכות - הלכות שבת,כן,משנה ברורה,סימן שא,פירוש,לא,
5746,שונה הלכות - הלכות שבת,כן,משנה ברורה,סימן שא,פירוש,לא,
5748,שונה הלכות - הלכות שבת,כן,משנה ברורה,סימן שא,פירוש,לא,
5749,שונה הלכות - הלכות שבת,כן,משנה ברורה,סימן שא,פירוש,לא,
5750,שונה הלכות - הלכות שבת,כן,משנה ברורה,סימן שא,פירוש,לא,
5752,שונה הלכות - הלכות שבת,כן,משנה ברורה,סימן שא,פירוש,לא,
5754,שונה הלכות - הלכות שבת,כן,משנה ברורה,סימן שא,פירוש,לא,
5755,שונה הלכות - הלכות שבת,כן,משנה ברורה,סימן שא,פירוש,לא,
5756,שונה הלכות - הלכות שבת,כן,משנה ברורה,סימן שא,פירוש,לא,
5758,שונה הלכות - הלכות שבת,כן,משנה ברורה,סימן שא,פירוש,לא,
5760,שונה הלכות - הלכות שבת,כן,משנה ברורה,סימן שא,פירוש,לא,
5764,שונה הלכות - הלכות שבת,כן,משנה ברורה,סימן שב,פירוש,לא,
5767,שונה הלכות - הלכות שבת,כן,משנה ברורה,סימן שב,פירוש,לא,
5769,שונה הלכות - הלכות שבת,כן,משנה ברורה,סימן שב,פירוש,לא,
5771,שונה הלכות - הלכות שבת,כן,משנה ברורה,סימן שב,פירוש,לא,
5773,שונה הלכות - הלכות שבת,כן,משנה ברורה,סימן שב,פירוש,לא,
5775,שונה הלכות - הלכות שבת,כן,משנה ברורה,סימן שב,פירוש,לא,
5777,שונה הלכות - הלכות שבת,כן,משנה ברורה,סימן שב,פירוש,לא,
5779,שונה הלכות - הלכות שבת,כן,משנה ברורה,סימן שב,פירוש,לא,
5781,שונה הלכות - הלכות שבת,כן,משנה ברורה,סימן שב,פירוש,לא,
5783,שונה הלכות - הלכות שבת,כן,משנה ברורה,סימן שב,פירוש,לא,
5785,שונה הלכות - הלכות שבת,כן,משנה ברורה,סימן שב,פירוש,לא,
5787,שונה הלכות - הלכות שבת,כן,משנה ברורה,סימן שב,פירוש,לא,
5789,שונה הלכות - הלכות שבת,כן,משנה ברורה,סימן שב,פירוש,לא,
5791,שונה הלכות - הלכות שבת,כן,משנה ברורה,סימן שב,פירוש,לא,
5792,שונה הלכות - הלכות שבת,כן,משנה ברורה,סימן שב,פירוש,לא,
5793,שונה הלכות - הלכות שבת,כן,משנה ברורה,סימן שב,פירוש,לא,
5795,שונה הלכות - הלכות שבת,כן,משנה ברורה,סימן שב,פירוש,לא,
5797,שונה הלכות - הלכות שבת,כן,משנה ברורה,סימן שב,פירוש,לא,
5799,שונה הלכות - הלכות שבת,כן,משנה ברורה,סימן שב,פירוש,לא,
5801,שונה הלכות - הלכות שבת,כן,משנה ברורה,סימן שב,פירוש,לא,
5803,שונה הלכות - הלכות שבת,כן,משנה ברורה,סימן שב,פירוש,לא,
5805,שונה הלכות - הלכות שבת,כן,משנה ברורה,סימן שב,פירוש,לא,
5807,שונה הלכות - הלכות שבת,כן,משנה ברורה,סימן שב,פירוש,לא,
5809,שונה הלכות - הלכות שבת,כן,משנה ברורה,סימן שב,פירוש,לא,
5811,שונה הלכות - הלכות שבת,כן,משנה ברורה,סימן שב,פירוש,לא,
5813,שונה הלכות - הלכות שבת,כן,משנה ברורה,סימן שב,פירוש,לא,
5815,שונה הלכות - הלכות שבת,כן,משנה ברורה,סימן שב,פירוש,לא,
5819,שונה הלכות - הלכות שבת,כן,משנה ברורה,סימן שג,פירוש,לא,
5822,שונה הלכות - הלכות שבת,כן,משנה ברורה,סימן שג,פירוש,לא,
5824,שונה הלכות - הלכות שבת,כן,משנה ברורה,סימן שג,פירוש,לא,
5826,שונה הלכות - הלכות שבת,כן,משנה ברורה,סימן שג,פירוש,לא,
5828,שונה הלכות - הלכות שבת,כן,משנה ברורה,סימן שג,פירוש,לא,
5830,שונה הלכות - הלכות שבת,כן,משנה ברורה,סימן שג,פירוש,לא,
5832,שונה הלכות - הלכות שבת,כן,משנה ברורה,סימן שג,פירוש,לא,
5834,שונה הלכות - הלכות שבת,כן,משנה ברורה,סימן שג,פירוש,לא,
5836,שונה הלכות - הלכות שבת,כן,משנה ברורה,סימן שג,פירוש,לא,
5838,שונה הלכות - הלכות שבת,כן,משנה ברורה,סימן שג,פירוש,לא,
5840,שונה הלכות - הלכות שבת,כן,משנה ברורה,סימן שג,פירוש,לא,
5842,שונה הלכות - הלכות שבת,כן,משנה ברורה,סימן שג,פירוש,לא,
5843,שונה הלכות - הלכות שבת,כן,משנה ברורה,סימן שג,פירוש,לא,
5845,שונה הלכות - הלכות שבת,כן,משנה ברורה,סימן שג,פירוש,לא,
5847,שונה הלכות - הלכות שבת,כן,משנה ברורה,סימן שג,פירוש,לא,
5849,שונה הלכות - הלכות שבת,כן,משנה ברורה,סימן שג,פירוש,לא,
5851,שונה הלכות - הלכות שבת,כן,משנה ברורה,סימן שג,פירוש,לא,
5853,שונה הלכות - הלכות שבת,כן,משנה ברורה,סימן שג,פירוש,לא,
5855,שונה הלכות - הלכות שבת,כן,משנה ברורה,סימן שג,פירוש,לא,
5857,שונה הלכות - הלכות שבת,כן,משנה ברורה,סימן שג,פירוש,לא,
5859,שונה הלכות - הלכות שבת,כן,משנה ברורה,סימן שג,פירוש,לא,
5861,שונה הלכות - הלכות שבת,כן,משנה ברורה,סימן שג,פירוש,לא,
5863,שונה הלכות - הלכות שבת,כן,משנה ברורה,סימן שג,פירוש,לא,
5865,שונה הלכות - הלכות שבת,כן,משנה ברורה,סימן שג,פירוש,לא,
5866,שונה הלכות - הלכות שבת,כן,משנה ברורה,סימן שג,פירוש,לא,
5867,שונה הלכות - הלכות שבת,כן,משנה ברורה,סימן שג,פירוש,לא,
5868,שונה הלכות - הלכות שבת,כן,משנה ברורה,סימן שג,פירוש,לא,
5869,שונה הלכות - הלכות שבת,כן,משנה ברורה,סימן שג,פירוש,לא,
5871,שונה הלכות - הלכות שבת,כן,משנה ברורה,סימן שג,פירוש,לא,
5872,שונה הלכות - הלכות שבת,כן,משנה ברורה,סימן שג,פירוש,לא,
5873,שונה הלכות - הלכות שבת,כן,משנה ברורה,סימן שג,פירוש,לא,
5875,שונה הלכות - הלכות שבת,כן,משנה ברורה,סימן שג,פירוש,לא,
5877,שונה הלכות - הלכות שבת,כן,משנה ברורה,סימן שג,פירוש,לא,
5879,שונה הלכות - הלכות שבת,כן,משנה ברורה,סימן שג,פירוש,לא,
5908,שונה הלכות - הלכות שבת,כן,משנה ברורה,סימן שה,פירוש,לא,
5911,שונה הלכות - הלכות שבת,כן,משנה ברורה,סימן שה,פירוש,לא,
5913,שונה הלכות - הלכות שבת,כן,משנה ברורה,סימן שה,פירוש,לא,
5915,שונה הלכות - הלכות שבת,כן,משנה ברורה,סימן שה,פירוש,לא,
5917,שונה הלכות - הלכות שבת,כן,משנה ברורה,סימן שה,פירוש,לא,
5919,שונה הלכות - הלכות שבת,כן,משנה ברורה,סימן שה,פירוש,לא,
5921,שונה הלכות - הלכות שבת,כן,משנה ברורה,סימן שה,פירוש,לא,
5923,שונה הלכות - הלכות שבת,כן,משנה ברורה,סימן שה,פירוש,לא,
5925,שונה הלכות - הלכות שבת,כן,משנה ברורה,סימן שה,פירוש,לא,
5927,שונה הלכות - הלכות שבת,כן,משנה ברורה,סימן שה,פירוש,לא,
5929,שונה הלכות - הלכות שבת,כן,משנה ברורה,סימן שה,פירוש,לא,
5931,שונה הלכות - הלכות שבת,כן,משנה ברורה,סימן שה,פירוש,לא,
5933,שונה הלכות - הלכות שבת,כן,משנה ברורה,סימן שה,פירוש,לא,
5935,שונה הלכות - הלכות שבת,כן,משנה ברורה,סימן שה,פירוש,לא,
5937,שונה הלכות - הלכות שבת,כן,משנה ברורה,סימן שה,פירוש,לא,
5939,שונה הלכות - הלכות שבת,כן,משנה ברורה,סימן שה,פירוש,לא,
5941,שונה הלכות - הלכות שבת,כן,משנה ברורה,סימן שה,פירוש,לא,
5943,שונה הלכות - הלכות שבת,כן,משנה ברורה,סימן שה,פירוש,לא,
5945,שונה הלכות - הלכות שבת,כן,משנה ברורה,סימן שה,פירוש,לא,
5947,שונה הלכות - הלכות שבת,כן,משנה ברורה,סימן שה,פירוש,לא,
5949,שונה הלכות - הלכות שבת,כן,משנה ברורה,סימן שה,פירוש,לא,
5951,שונה הלכות - הלכות שבת,כן,משנה ברורה,סימן שה,פירוש,לא,
5953,שונה הלכות - הלכות שבת,כן,משנה ברורה,סימן שה,פירוש,לא,
5955,שונה הלכות - הלכות שבת,כן,משנה ברורה,סימן שה,פירוש,לא,
5957,שונה הלכות - הלכות שבת,כן,משנה ברורה,סימן שה,פירוש,לא,
5959,שונה הלכות - הלכות שבת,כן,משנה ברורה,סימן שה,פירוש,לא,
5961,שונה הלכות - הלכות שבת,כן,משנה ברורה,סימן שה,פירוש,לא,
5963,שונה הלכות - הלכות שבת,כן,משנה ברורה,סימן שה,פירוש,לא,
5965,שונה הלכות - הלכות שבת,כן,משנה ברורה,סימן שה,פירוש,לא,
5967,שונה הלכות - הלכות שבת,כן,משנה ברורה,סימן שה,פירוש,לא,
5969,שונה הלכות - הלכות שבת,כן,משנה ברורה,סימן שה,פירוש,לא,
5973,שונה הלכות - הלכות שבת,כן,משנה ברורה,סימן שו,פירוש,לא,
5976,שונה הלכות - הלכות שבת,כן,משנה ברורה,סימן שו,פירוש,לא,
5978,שונה הלכות - הלכות שבת,כן,משנה ברורה,סימן שו,פירוש,לא,
5980,שונה הלכות - הלכות שבת,כן,משנה ברורה,סימן שו,פירוש,לא,
5982,שונה הלכות - הלכות שבת,כן,משנה ברורה,סימן שו,פירוש,לא,
5984,שונה הלכות - הלכות שבת,כן,משנה ברורה,סימן שו,פירוש,לא,
5986,שונה הלכות - הלכות שבת,כן,משנה ברורה,סימן שו,פירוש,לא,
5988,שונה הלכות - הלכות שבת,כן,משנה ברורה,סימן שו,פירוש,לא,
5990,שונה הלכות - הלכות שבת,כן,משנה ברורה,סימן שו,פירוש,לא,
5992,שונה הלכות - הלכות שבת,כן,משנה ברורה,סימן שו,פירוש,לא,
5994,שונה הלכות - הלכות שבת,כן,משנה ברורה,סימן שו,פירוש,לא,
5996,שונה הלכות - הלכות שבת,כן,משנה ברורה,סימן שו,פירוש,לא,
5998,שונה הלכות - הלכות שבת,כן,משנה ברורה,סימן שו,פירוש,לא,
6000,שונה הלכות - הלכות שבת,כן,משנה ברורה,סימן שו,פירוש,לא,
6002,שונה הלכות - הלכות שבת,כן,משנה ברורה,סימן שו,פירוש,לא,
6004,שונה הלכות - הלכות שבת,כן,משנה ברורה,סימן שו,פירוש,לא,
6006,שונה הלכות - הלכות שבת,כן,משנה ברורה,סימן שו,פירוש,לא,
6007,שונה הלכות - הלכות שבת,כן,משנה ברורה,סימן שו,פירוש,לא,
6008,שונה הלכות - הלכות שבת,כן,משנה ברורה,סימן שו,פירוש,לא,
6010,שונה הלכות - הלכות שבת,כן,משנה ברורה,סימן שו,פירוש,לא,
6012,שונה הלכות - הלכות שבת,כן,משנה ברורה,סימן שו,פירוש,לא,
6014,שונה הלכות - הלכות שבת,כן,משנה ברורה,סימן שו,פירוש,לא,
6016,שונה הלכות - הלכות שבת,כן,משנה ברורה,סימן שו,פירוש,לא,
6017,שונה הלכות - הלכות שבת,כן,משנה ברורה,סימן שו,פירוש,לא,
6018,שונה הלכות - הלכות שבת,כן,משנה ברורה,סימן שו,פירוש,לא,
6020,שונה הלכות - הלכות שבת,כן,משנה ברורה,סימן שו,פירוש,לא,
6022,שונה הלכות - הלכות שבת,כן,משנה ברורה,סימן שו,פירוש,לא,
6024,שונה הלכות - הלכות שבת,כן,משנה ברורה,סימן שו,פירוש,לא,
6026,שונה הלכות - הלכות שבת,כן,משנה ברורה,סימן שו,פירוש,לא,
6028,שונה הלכות - הלכות שבת,כן,משנה ברורה,סימן שו,פירוש,לא,
6030,שונה הלכות - הלכות שבת,כן,משנה ברורה,סימן שו,פירוש,לא,
6032,שונה הלכות - הלכות שבת,כן,משנה ברורה,סימן שו,פירוש,לא,
6034,שונה הלכות - הלכות שבת,כן,משנה ברורה,סימן שו,פירוש,לא,
6036,שונה הלכות - הלכות שבת,כן,משנה ברורה,סימן שו,פירוש,לא,
6038,שונה הלכות - הלכות שבת,כן,משנה ברורה,סימן שו,פירוש,לא,
6040,שונה הלכות - הלכות שבת,כן,משנה ברורה,סימן שו,פירוש,לא,
6042,שונה הלכות - הלכות שבת,כן,משנה ברורה,סימן שו,פירוש,לא,
6046,שונה הלכות - הלכות שבת,כן,משנה ברורה,סימן שז,פירוש,לא,
6049,שונה הלכות - הלכות שבת,כן,משנה ברורה,סימן שז,פירוש,לא,
6051,שונה הלכות - הלכות שבת,כן,משנה ברורה,סימן שז,פירוש,לא,
6053,שונה הלכות - הלכות שבת,כן,משנה ברורה,סימן שז,פירוש,לא,
6055,שונה הלכות - הלכות שבת,כן,משנה ברורה,סימן שז,פירוש,לא,
6057,שונה הלכות - הלכות שבת,כן,משנה ברורה,סימן שז,פירוש,לא,
6058,שונה הלכות - הלכות שבת,כן,משנה ברורה,סימן שז,פירוש,לא,
6059,שונה הלכות - הלכות שבת,כן,משנה ברורה,סימן שז,פירוש,לא,
6061,שונה הלכות - הלכות שבת,כן,משנה ברורה,סימן שז,פירוש,לא,
6063,שונה הלכות - הלכות שבת,כן,משנה ברורה,סימן שז,פירוש,לא,
6065,שונה הלכות - הלכות שבת,כן,משנה ברורה,סימן שז,פירוש,לא,
6067,שונה הלכות - הלכות שבת,כן,משנה ברורה,סימן שז,פירוש,לא,
6069,שונה הלכות - הלכות שבת,כן,משנה ברורה,סימן שז,פירוש,לא,
6071,שונה הלכות - הלכות שבת,כן,משנה ברורה,סימן שז,פירוש,לא,
6073,שונה הלכות - הלכות שבת,כן,משנה ברורה,סימן שז,פירוש,לא,
6075,שונה הלכות - הלכות שבת,כן,משנה ברורה,סימן שז,פירוש,לא,
6077,שונה הלכות - הלכות שבת,כן,משנה ברורה,סימן שז,פירוש,לא,
6079,שונה הלכות - הלכות שבת,כן,משנה ברורה,סימן שז,פירוש,לא,
6081,שונה הלכות - הלכות שבת,כן,משנה ברורה,סימן שז,פירוש,לא,
6083,שונה הלכות - הלכות שבת,כן,משנה ברורה,סימן שז,פירוש,לא,
6085,שונה הלכות - הלכות שבת,כן,משנה ברורה,סימן שז,פירוש,לא,
6087,שונה הלכות - הלכות שבת,כן,משנה ברורה,סימן שז,פירוש,לא,
6089,שונה הלכות - הלכות שבת,כן,משנה ברורה,סימן שז,פירוש,לא,
6091,שונה הלכות - הלכות שבת,כן,משנה ברורה,סימן שז,פירוש,לא,
6093,שונה הלכות - הלכות שבת,כן,משנה ברורה,סימן שז,פירוש,לא,
6094,שונה הלכות - הלכות שבת,כן,משנה ברורה,סימן שז,פירוש,לא,
6095,שונה הלכות - הלכות שבת,כן,משנה ברורה,סימן שז,פירוש,לא,
6097,שונה הלכות - הלכות שבת,כן,משנה ברורה,סימן שז,פירוש,לא,
6099,שונה הלכות - הלכות שבת,כן,משנה ברורה,סימן שז,פירוש,לא,
6101,שונה הלכות - הלכות שבת,כן,משנה ברורה,סימן שז,פירוש,לא,
6103,שונה הלכות - הלכות שבת,כן,משנה ברורה,סימן שז,פירוש,לא,
6105,שונה הלכות - הלכות שבת,כן,משנה ברורה,סימן שז,פירוש,לא,
6107,שונה הלכות - הלכות שבת,כן,משנה ברורה,סימן שז,פירוש,לא,
6109,שונה הלכות - הלכות שבת,כן,משנה ברורה,סימן שז,פירוש,לא,
6111,שונה הלכות - הלכות שבת,כן,משנה ברורה,סימן שז,פירוש,לא,
6113,שונה הלכות - הלכות שבת,כן,משנה ברורה,סימן שז,פירוש,לא,
6115,שונה הלכות - הלכות שבת,כן,משנה ברורה,סימן שז,פירוש,לא,
6117,שונה הלכות - הלכות שבת,כן,משנה ברורה,סימן שז,פירוש,לא,
6119,שונה הלכות - הלכות שבת,כן,משנה ברורה,סימן שז,פירוש,לא,
6121,שונה הלכות - הלכות שבת,כן,משנה ברורה,סימן שז,פירוש,לא,
6123,שונה הלכות - הלכות שבת,כן,משנה ברורה,סימן שז,פירוש,לא,
6125,שונה הלכות - הלכות שבת,כן,משנה ברורה,סימן שז,פירוש,לא,
6127,שונה הלכות - הלכות שבת,כן,משנה ברורה,סימן שז,פירוש,לא,
6129,שונה הלכות - הלכות שבת,כן,משנה ברורה,סימן שז,פירוש,לא,
6131,שונה הלכות - הלכות שבת,כן,משנה ברורה,סימן שז,פירוש,לא,
6133,שונה הלכות - הלכות שבת,כן,משנה ברורה,סימן שז,פירוש,לא,
6135,שונה הלכות - הלכות שבת,כן,משנה ברורה,סימן שז,פירוש,לא,
6139,שונה הלכות - הלכות שבת,כן,משנה ברורה,סימן שח,פירוש,לא,
6142,שונה הלכות - הלכות שבת,כן,משנה ברורה,סימן שח,פירוש,לא,
6144,שונה הלכות - הלכות שבת,כן,משנה ברורה,סימן שח,פירוש,לא,
6146,שונה הלכות - הלכות שבת,כן,משנה ברורה,סימן שח,פירוש,לא,
6148,שונה הלכות - הלכות שבת,כן,משנה ברורה,סימן שח,פירוש,לא,
6150,שונה הלכות - הלכות שבת,כן,משנה ברורה,סימן שח,פירוש,לא,
6152,שונה הלכות - הלכות שבת,כן,משנה ברורה,סימן שח,פירוש,לא,
6154,שונה הלכות - הלכות שבת,כן,משנה ברורה,סימן שח,פירוש,לא,
6156,שונה הלכות - הלכות שבת,כן,משנה ברורה,סימן שח,פירוש,לא,
6158,שונה הלכות - הלכות שבת,כן,משנה ברורה,סימן שח,פירוש,לא,
6160,שונה הלכות - הלכות שבת,כן,משנה ברורה,סימן שח,פירוש,לא,
6162,שונה הלכות - הלכות שבת,כן,משנה ברורה,סימן שח,פירוש,לא,
6164,שונה הלכות - הלכות שבת,כן,משנה ברורה,סימן שח,פירוש,לא,
6166,שונה הלכות - הלכות שבת,כן,משנה ברורה,סימן שח,פירוש,לא,
6168,שונה הלכות - הלכות שבת,כן,משנה ברורה,סימן שח,פירוש,לא,
6170,שונה הלכות - הלכות שבת,כן,משנה ברורה,סימן שח,פירוש,לא,
6172,שונה הלכות - הלכות שבת,כן,משנה ברורה,סימן שח,פירוש,לא,
6174,שונה הלכות - הלכות שבת,כן,משנה ברורה,סימן שח,פירוש,לא,
6176,שונה הלכות - הלכות שבת,כן,משנה ברורה,סימן שח,פירוש,לא,
6178,שונה הלכות - הלכות שבת,כן,משנה ברורה,סימן שח,פירוש,לא,
6180,שונה הלכות - הלכות שבת,כן,משנה ברורה,סימן שח,פירוש,לא,
6182,שונה הלכות - הלכות שבת,כן,משנה ברורה,סימן שח,פירוש,לא,
6184,שונה הלכות - הלכות שבת,כן,משנה ברורה,סימן שח,פירוש,לא,
6186,שונה הלכות - הלכות שבת,כן,משנה ברורה,סימן שח,פירוש,לא,
6188,שונה הלכות - הלכות שבת,כן,משנה ברורה,סימן שח,פירוש,לא,
6190,שונה הלכות - הלכות שבת,כן,משנה ברורה,סימן שח,פירוש,לא,
6191,שונה הלכות - הלכות שבת,כן,משנה ברורה,סימן שח,פירוש,לא,
6192,שונה הלכות - הלכות שבת,כן,משנה ברורה,סימן שח,פירוש,לא,
6194,שונה הלכות - הלכות שבת,כן,משנה ברורה,סימן שח,פירוש,לא,
6196,שונה הלכות - הלכות שבת,כן,משנה ברורה,סימן שח,פירוש,לא,
6198,שונה הלכות - הלכות שבת,כן,משנה ברורה,סימן שח,פירוש,לא,
6200,שונה הלכות - הלכות שבת,כן,משנה ברורה,סימן שח,פירוש,לא,
6202,שונה הלכות - הלכות שבת,כן,משנה ברורה,סימן שח,פירוש,לא,
6204,שונה הלכות - הלכות שבת,כן,משנה ברורה,סימן שח,פירוש,לא,
6206,שונה הלכות - הלכות שבת,כן,משנה ברורה,סימן שח,פירוש,לא,
6208,שונה הלכות - הלכות שבת,כן,משנה ברורה,סימן שח,פירוש,לא,
6210,שונה הלכות - הלכות שבת,כן,משנה ברורה,סימן שח,פירוש,לא,
6212,שונה הלכות - הלכות שבת,כן,משנה ברורה,סימן שח,פירוש,לא,
6214,שונה הלכות - הלכות שבת,כן,משנה ברורה,סימן שח,פירוש,לא,
6216,שונה הלכות - הלכות שבת,כן,משנה ברורה,סימן שח,פירוש,לא,
6218,שונה הלכות - הלכות שבת,כן,משנה ברורה,סימן שח,פירוש,לא,
6220,שונה הלכות - הלכות שבת,כן,משנה ברורה,סימן שח,פירוש,לא,
6222,שונה הלכות - הלכות שבת,כן,משנה ברורה,סימן שח,פירוש,לא,
6224,שונה הלכות - הלכות שבת,כן,משנה ברורה,סימן שח,פירוש,לא,
6226,שונה הלכות - הלכות שבת,כן,משנה ברורה,סימן שח,פירוש,לא,
6228,שונה הלכות - הלכות שבת,כן,משנה ברורה,סימן שח,פירוש,לא,
6230,שונה הלכות - הלכות שבת,כן,משנה ברורה,סימן שח,פירוש,לא,
6232,שונה הלכות - הלכות שבת,כן,משנה ברורה,סימן שח,פירוש,לא,
6234,שונה הלכות - הלכות שבת,כן,משנה ברורה,סימן שח,פירוש,לא,
6236,שונה הלכות - הלכות שבת,כן,משנה ברורה,סימן שח,פירוש,לא,
6238,שונה הלכות - הלכות שבת,כן,משנה ברורה,סימן שח,פירוש,לא,
6240,שונה הלכות - הלכות שבת,כן,משנה ברורה,סימן שח,פירוש,לא,
6242,שונה הלכות - הלכות שבת,כן,משנה ברורה,סימן שח,פירוש,לא,
6243,שונה הלכות - הלכות שבת,כן,משנה ברורה,סימן שח,פירוש,לא,
6244,שונה הלכות - הלכות שבת,כן,משנה ברורה,סימן שח,פירוש,לא,
6246,שונה הלכות - הלכות שבת,כן,משנה ברורה,סימן שח,פירוש,לא,
6248,שונה הלכות - הלכות שבת,כן,משנה ברורה,סימן שח,פירוש,לא,
6250,שונה הלכות - הלכות שבת,כן,משנה ברורה,סימן שח,פירוש,לא,
6251,שונה הלכות - הלכות שבת,כן,משנה ברורה,סימן שח,פירוש,לא,
6252,שונה הלכות - הלכות שבת,כן,משנה ברורה,סימן שח,פירוש,לא,
6254,שונה הלכות - הלכות שבת,כן,משנה ברורה,סימן שח,פירוש,לא,
6256,שונה הלכות - הלכות שבת,כן,משנה ברורה,סימן שח,פירוש,לא,
6258,שונה הלכות - הלכות שבת,כן,משנה ברורה,סימן שח,פירוש,לא,
6259,שונה הלכות - הלכות שבת,כן,משנה ברורה,סימן שח,פירוש,לא,
6260,שונה הלכות - הלכות שבת,כן,משנה ברורה,סימן שח,פירוש,לא,
6262,שונה הלכות - הלכות שבת,כן,משנה ברורה,סימן שח,פירוש,לא,
6264,שונה הלכות - הלכות שבת,כן,משנה ברורה,סימן שח,פירוש,לא,
6266,שונה הלכות - הלכות שבת,כן,משנה ברורה,סימן שח,פירוש,לא,
6268,שונה הלכות - הלכות שבת,כן,משנה ברורה,סימן שח,פירוש,לא,
6270,שונה הלכות - הלכות שבת,כן,משנה ברורה,סימן שח,פירוש,לא,
6272,שונה הלכות - הלכות שבת,כן,משנה ברורה,סימן שח,פירוש,לא,
6274,שונה הלכות - הלכות שבת,כן,משנה ברורה,סימן שח,פירוש,לא,
6276,שונה הלכות - הלכות שבת,כן,משנה ברורה,סימן שח,פירוש,לא,
6278,שונה הלכות - הלכות שבת,כן,משנה ברורה,סימן שח,פירוש,לא,
6280,שונה הלכות - הלכות שבת,כן,משנה ברורה,סימן שח,פירוש,לא,
6282,שונה הלכות - הלכות שבת,כן,משנה ברורה,סימן שח,פירוש,לא,
6284,שונה הלכות - הלכות שבת,כן,משנה ברורה,סימן שח,פירוש,לא,
6286,שונה הלכות - הלכות שבת,כן,משנה ברורה,סימן שח,פירוש,לא,
6288,שונה הלכות - הלכות שבת,כן,משנה ברורה,סימן שח,פירוש,לא,
6290,שונה הלכות - הלכות שבת,כן,משנה ברורה,סימן שח,פירוש,לא,
6291,שונה הלכות - הלכות שבת,כן,משנה ברורה,סימן שח,פירוש,לא,
6293,שונה הלכות - הלכות שבת,כן,משנה ברורה,סימן שח,פירוש,לא,
6296,שונה הלכות - הלכות שבת,כן,משנה ברורה,סימן שח,פירוש,לא,
6298,שונה הלכות - הלכות שבת,כן,משנה ברורה,סימן שח,פירוש,לא,
6300,שונה הלכות - הלכות שבת,כן,משנה ברורה,סימן שח,פירוש,לא,
6302,שונה הלכות - הלכות שבת,כן,משנה ברורה,סימן שח,פירוש,לא,
6304,שונה הלכות - הלכות שבת,כן,משנה ברורה,סימן שח,פירוש,לא,
6306,שונה הלכות - הלכות שבת,כן,משנה ברורה,סימן שח,פירוש,לא,
6308,שונה הלכות - הלכות שבת,כן,משנה ברורה,סימן שח,פירוש,לא,
6310,שונה הלכות - הלכות שבת,כן,משנה ברורה,סימן שח,פירוש,לא,
6312,שונה הלכות - הלכות שבת,כן,משנה ברורה,סימן שח,פירוש,לא,
6314,שונה הלכות - הלכות שבת,כן,משנה ברורה,סימן שח,פירוש,לא,
6316,שונה הלכות - הלכות שבת,כן,משנה ברורה,סימן שח,פירוש,לא,
6318,שונה הלכות - הלכות שבת,כן,משנה ברורה,סימן שח,פירוש,לא,
6321,שונה הלכות - הלכות שבת,כן,משנה ברורה,סימן שי,פירוש,לא,
6324,שונה הלכות - הלכות שבת,כן,משנה ברורה,סימן שי,פירוש,לא,
6326,שונה הלכות - הלכות שבת,כן,משנה ברורה,סימן שי,פירוש,לא,
6328,שונה הלכות - הלכות שבת,כן,משנה ברורה,סימן שי,פירוש,לא,
6330,שונה הלכות - הלכות שבת,כן,משנה ברורה,סימן שי,פירוש,לא,
6332,שונה הלכות - הלכות שבת,כן,משנה ברורה,סימן שי,פירוש,לא,
6334,שונה הלכות - הלכות שבת,כן,משנה ברורה,סימן שי,פירוש,לא,
6336,שונה הלכות - הלכות שבת,כן,משנה ברורה,סימן שי,פירוש,לא,
6338,שונה הלכות - הלכות שבת,כן,משנה ברורה,סימן שי,פירוש,לא,
6340,שונה הלכות - הלכות שבת,כן,משנה ברורה,סימן שי,פירוש,לא,
6342,שונה הלכות - הלכות שבת,כן,משנה ברורה,סימן שי,פירוש,לא,
6344,שונה הלכות - הלכות שבת,כן,משנה ברורה,סימן שי,פירוש,לא,
6346,שונה הלכות - הלכות שבת,כן,משנה ברורה,סימן שי,פירוש,לא,
6348,שונה הלכות - הלכות שבת,כן,משנה ברורה,סימן שי,פירוש,לא,
6350,שונה הלכות - הלכות שבת,כן,משנה ברורה,סימן שי,פירוש,לא,
6352,שונה הלכות - הלכות שבת,כן,משנה ברורה,סימן שי,פירוש,לא,
6354,שונה הלכות - הלכות שבת,כן,משנה ברורה,סימן שי,פירוש,לא,
6356,שונה הלכות - הלכות שבת,כן,משנה ברורה,סימן שי,פירוש,לא,
6358,שונה הלכות - הלכות שבת,כן,משנה ברורה,סימן שי,פירוש,לא,
6360,שונה הלכות - הלכות שבת,כן,משנה ברורה,סימן שי,פירוש,לא,
6362,שונה הלכות - הלכות שבת,כן,משנה ברורה,סימן שי,פירוש,לא,
6366,שונה הלכות - הלכות שבת,כן,משנה ברורה,סימן שיא,פירוש,לא,
6369,שונה הלכות - הלכות שבת,כן,משנה ברורה,סימן שיא,פירוש,לא,
6371,שונה הלכות - הלכות שבת,כן,משנה ברורה,סימן שיא,פירוש,לא,
6373,שונה הלכות - הלכות שבת,כן,משנה ברורה,סימן שיא,פירוש,לא,
6375,שונה הלכות - הלכות שבת,כן,משנה ברורה,סימן שיא,פירוש,לא,
6377,שונה הלכות - הלכות שבת,כן,משנה ברורה,סימן שיא,פירוש,לא,
6379,שונה הלכות - הלכות שבת,כן,משנה ברורה,סימן שיא,פירוש,לא,
6381,שונה הלכות - הלכות שבת,כן,משנה ברורה,סימן שיא,פירוש,לא,
6383,שונה הלכות - הלכות שבת,כן,משנה ברורה,סימן שיא,פירוש,לא,
6385,שונה הלכות - הלכות שבת,כן,משנה ברורה,סימן שיא,פירוש,לא,
6387,שונה הלכות - הלכות שבת,כן,משנה ברורה,סימן שיא,פירוש,לא,
6389,שונה הלכות - הלכות שבת,כן,משנה ברורה,סימן שיא,פירוש,לא,
6393,שונה הלכות - הלכות שבת,כן,משנה ברורה,סימן שיב,פירוש,לא,
6396,שונה הלכות - הלכות שבת,כן,משנה ברורה,סימן שיב,פירוש,לא,
6397,שונה הלכות - הלכות שבת,כן,משנה ברורה,סימן שיב,פירוש,לא,
6398,שונה הלכות - הלכות שבת,כן,משנה ברורה,סימן שיב,פירוש,לא,
6400,שונה הלכות - הלכות שבת,כן,משנה ברורה,סימן שיב,פירוש,לא,
6402,שונה הלכות - הלכות שבת,כן,משנה ברורה,סימן שיב,פירוש,לא,
6404,שונה הלכות - הלכות שבת,כן,משנה ברורה,סימן שיב,פירוש,לא,
6406,שונה הלכות - הלכות שבת,כן,משנה ברורה,סימן שיב,פירוש,לא,
6408,שונה הלכות - הלכות שבת,כן,משנה ברורה,סימן שיב,פירוש,לא,
6409,שונה הלכות - הלכות שבת,כן,משנה ברורה,סימן שיב,פירוש,לא,
6410,שונה הלכות - הלכות שבת,כן,משנה ברורה,סימן שיב,פירוש,לא,
6412,שונה הלכות - הלכות שבת,כן,משנה ברורה,סימן שיב,פירוש,לא,
6414,שונה הלכות - הלכות שבת,כן,משנה ברורה,סימן שיב,פירוש,לא,
6416,שונה הלכות - הלכות שבת,כן,משנה ברורה,סימן שיב,פירוש,לא,
6418,שונה הלכות - הלכות שבת,כן,משנה ברורה,סימן שיב,פירוש,לא,
6420,שונה הלכות - הלכות שבת,כן,משנה ברורה,סימן שיב,פירוש,לא,
6422,שונה הלכות - הלכות שבת,כן,משנה ברורה,סימן שיב,פירוש,לא,
6424,שונה הלכות - הלכות שבת,כן,משנה ברורה,סימן שיב,פירוש,לא,
6426,שונה הלכות - הלכות שבת,כן,משנה ברורה,סימן שיב,פירוש,לא,
6428,שונה הלכות - הלכות שבת,כן,משנה ברורה,סימן שיב,פירוש,לא,
6430,שונה הלכות - הלכות שבת,כן,משנה ברורה,סימן שיב,פירוש,לא,
6433,שונה הלכות - הלכות שבת,כן,משנה ברורה,סימן שיג,פירוש,לא,
6436,שונה הלכות - הלכות שבת,כן,משנה ברורה,סימן שיג,פירוש,לא,
6438,שונה הלכות - הלכות שבת,כן,משנה ברורה,סימן שיג,פירוש,לא,
6440,שונה הלכות - הלכות שבת,כן,משנה ברורה,סימן שיג,פירוש,לא,
6442,שונה הלכות - הלכות שבת,כן,משנה ברורה,סימן שיג,פירוש,לא,
6443,שונה הלכות - הלכות שבת,כן,משנה ברורה,סימן שיג,פירוש,לא,
6444,שונה הלכות - הלכות שבת,כן,משנה ברורה,סימן שיג,פירוש,לא,
6446,שונה הלכות - הלכות שבת,כן,משנה ברורה,סימן שיג,פירוש,לא,
6447,שונה הלכות - הלכות שבת,כן,משנה ברורה,סימן שיג,פירוש,לא,
6448,שונה הלכות - הלכות שבת,כן,משנה ברורה,סימן שיג,פירוש,לא,
6449,שונה הלכות - הלכות שבת,כן,משנה ברורה,סימן שיג,פירוש,לא,
6450,שונה הלכות - הלכות שבת,כן,משנה ברורה,סימן שיג,פירוש,לא,
6451,שונה הלכות - הלכות שבת,כן,משנה ברורה,סימן שיג,פירוש,לא,
6452,שונה הלכות - הלכות שבת,כן,משנה ברורה,סימן שיג,פירוש,לא,
6453,שונה הלכות - הלכות שבת,כן,משנה ברורה,סימן שיג,פירוש,לא,
6454,שונה הלכות - הלכות שבת,כן,משנה ברורה,סימן שיג,פירוש,לא,
6456,שונה הלכות - הלכות שבת,כן,משנה ברורה,סימן שיג,פירוש,לא,
6457,שונה הלכות - הלכות שבת,כן,משנה ברורה,סימן שיג,פירוש,לא,
6458,שונה הלכות - הלכות שבת,כן,משנה ברורה,סימן שיג,פירוש,לא,
6460,שונה הלכות - הלכות שבת,כן,משנה ברורה,סימן שיג,פירוש,לא,
6462,שונה הלכות - הלכות שבת,כן,משנה ברורה,סימן שיג,פירוש,לא,
6463,שונה הלכות - הלכות שבת,כן,משנה ברורה,סימן שיג,פירוש,לא,
6464,שונה הלכות - הלכות שבת,כן,משנה ברורה,סימן שיג,פירוש,לא,
6466,שונה הלכות - הלכות שבת,כן,משנה ברורה,סימן שיג,פירוש,לא,
6468,שונה הלכות - הלכות שבת,כן,משנה ברורה,סימן שיג,פירוש,לא,
6470,שונה הלכות - הלכות שבת,כן,משנה ברורה,סימן שיג,פירוש,לא,
6472,שונה הלכות - הלכות שבת,כן,משנה ברורה,סימן שיג,פירוש,לא,
6474,שונה הלכות - הלכות שבת,כן,משנה ברורה,סימן שיג,פירוש,לא,
6476,שונה הלכות - הלכות שבת,כן,משנה ברורה,סימן שיג,פירוש,לא,
6477,שונה הלכות - הלכות שבת,כן,משנה ברורה,סימן שיג,פירוש,לא,
6478,שונה הלכות - הלכות שבת,כן,משנה ברורה,סימן שיג,פירוש,לא,
6480,שונה הלכות - הלכות שבת,כן,משנה ברורה,סימן שיג,פירוש,לא,
6482,שונה הלכות - הלכות שבת,כן,משנה ברורה,סימן שיג,פירוש,לא,
6484,שונה הלכות - הלכות שבת,כן,משנה ברורה,סימן שיג,פירוש,לא,
6486,שונה הלכות - הלכות שבת,כן,משנה ברורה,סימן שיג,פירוש,לא,
6487,שונה הלכות - הלכות שבת,כן,משנה ברורה,סימן שיג,פירוש,לא,
6488,שונה הלכות - הלכות שבת,כן,משנה ברורה,סימן שיג,פירוש,לא,
6490,שונה הלכות - הלכות שבת,כן,משנה ברורה,סימן שיג,פירוש,לא,
6491,שונה הלכות - הלכות שבת,כן,משנה ברורה,סימן שיג,פירוש,לא,
6492,שונה הלכות - הלכות שבת,כן,משנה ברורה,סימן שיג,פירוש,לא,
6493,שונה הלכות - הלכות שבת,כן,משנה ברורה,סימן שיג,פירוש,לא,
6494,שונה הלכות - הלכות שבת,כן,משנה ברורה,סימן שיג,פירוש,לא,
6495,שונה הלכות - הלכות שבת,כן,משנה ברורה,סימן שיג,פירוש,לא,
6496,שונה הלכות - הלכות שבת,כן,משנה ברורה,סימן שיג,פירוש,לא,
6498,שונה הלכות - הלכות שבת,כן,משנה ברורה,סימן שיג,פירוש,לא,
6499,שונה הלכות - הלכות שבת,כן,משנה ברורה,סימן שיג,פירוש,לא,
6500,שונה הלכות - הלכות שבת,כן,משנה ברורה,סימן שיג,פירוש,לא,
6502,שונה הלכות - הלכות שבת,כן,משנה ברורה,סימן שיג,פירוש,לא,
6503,שונה הלכות - הלכות שבת,כן,משנה ברורה,סימן שיג,פירוש,לא,
6505,שונה הלכות - הלכות שבת,כן,משנה ברורה,סימן שיג,פירוש,לא,
6507,שונה הלכות - הלכות שבת,כן,משנה ברורה,סימן שיג,פירוש,לא,
6511,שונה הלכות - הלכות שבת,כן,משנה ברורה,סימן שיד,פירוש,לא,
6514,שונה הלכות - הלכות שבת,כן,משנה ברורה,סימן שיד,פירוש,לא,
6516,שונה הלכות - הלכות שבת,כן,משנה ברורה,סימן שיד,פירוש,לא,
6518,שונה הלכות - הלכות שבת,כן,משנה ברורה,סימן שיד,פירוש,לא,
6520,שונה הלכות - הלכות שבת,כן,משנה ברורה,סימן שיד,פירוש,לא,
6522,שונה הלכות - הלכות שבת,כן,משנה ברורה,סימן שיד,פירוש,לא,
6524,שונה הלכות - הלכות שבת,כן,משנה ברורה,סימן שיד,פירוש,לא,
6525,שונה הלכות - הלכות שבת,כן,משנה ברורה,סימן שיד,פירוש,לא,
6527,שונה הלכות - הלכות שבת,כן,משנה ברורה,סימן שיד,פירוש,לא,
6529,שונה הלכות - הלכות שבת,כן,משנה ברורה,סימן שיד,פירוש,לא,
6531,שונה הלכות - הלכות שבת,כן,משנה ברורה,סימן שיד,פירוש,לא,
6533,שונה הלכות - הלכות שבת,כן,משנה ברורה,סימן שיד,פירוש,לא,
6535,שונה הלכות - הלכות שבת,כן,משנה ברורה,סימן שיד,פירוש,לא,
6537,שונה הלכות - הלכות שבת,כן,משנה ברורה,סימן שיד,פירוש,לא,
6539,שונה הלכות - הלכות שבת,כן,משנה ברורה,סימן שיד,פירוש,לא,
6540,שונה הלכות - הלכות שבת,כן,משנה ברורה,סימן שיד,פירוש,לא,
6541,שונה הלכות - הלכות שבת,כן,משנה ברורה,סימן שיד,פירוש,לא,
6543,שונה הלכות - הלכות שבת,כן,משנה ברורה,סימן שיד,פירוש,לא,
6545,שונה הלכות - הלכות שבת,כן,משנה ברורה,סימן שיד,פירוש,לא,
6547,שונה הלכות - הלכות שבת,כן,משנה ברורה,סימן שיד,פירוש,לא,
6549,שונה הלכות - הלכות שבת,כן,משנה ברורה,סימן שיד,פירוש,לא,
6551,שונה הלכות - הלכות שבת,כן,משנה ברורה,סימן שיד,פירוש,לא,
6553,שונה הלכות - הלכות שבת,כן,משנה ברורה,סימן שיד,פירוש,לא,
6555,שונה הלכות - הלכות שבת,כן,משנה ברורה,סימן שיד,פירוש,לא,
6557,שונה הלכות - הלכות שבת,כן,משנה ברורה,סימן שיד,פירוש,לא,
6559,שונה הלכות - הלכות שבת,כן,משנה ברורה,סימן שיד,פירוש,לא,
6561,שונה הלכות - הלכות שבת,כן,משנה ברורה,סימן שיד,פירוש,לא,
6563,שונה הלכות - הלכות שבת,כן,משנה ברורה,סימן שיד,פירוש,לא,
6565,שונה הלכות - הלכות שבת,כן,משנה ברורה,סימן שיד,פירוש,לא,
6567,שונה הלכות - הלכות שבת,כן,משנה ברורה,סימן שיד,פירוש,לא,
6571,שונה הלכות - הלכות שבת,כן,משנה ברורה,סימן שטו,פירוש,לא,
6574,שונה הלכות - הלכות שבת,כן,משנה ברורה,סימן שטו,פירוש,לא,
6576,שונה הלכות - הלכות שבת,כן,משנה ברורה,סימן שטו,פירוש,לא,
6578,שונה הלכות - הלכות שבת,כן,משנה ברורה,סימן שטו,פירוש,לא,
6580,שונה הלכות - הלכות שבת,כן,משנה ברורה,סימן שטו,פירוש,לא,
6582,שונה הלכות - הלכות שבת,כן,משנה ברורה,סימן שטו,פירוש,לא,
6584,שונה הלכות - הלכות שבת,כן,משנה ברורה,סימן שטו,פירוש,לא,
6586,שונה הלכות - הלכות שבת,כן,משנה ברורה,סימן שטו,פירוש,לא,
6588,שונה הלכות - הלכות שבת,כן,משנה ברורה,סימן שטו,פירוש,לא,
6590,שונה הלכות - הלכות שבת,כן,משנה ברורה,סימן שטו,פירוש,לא,
6592,שונה הלכות - הלכות שבת,כן,משנה ברורה,סימן שטו,פירוש,לא,
6594,שונה הלכות - הלכות שבת,כן,משנה ברורה,סימן שטו,פירוש,לא,
6596,שונה הלכות - הלכות שבת,כן,משנה ברורה,סימן שטו,פירוש,לא,
6598,שונה הלכות - הלכות שבת,כן,משנה ברורה,סימן שטו,פירוש,לא,
6600,שונה הלכות - הלכות שבת,כן,משנה ברורה,סימן שטו,פירוש,לא,
6602,שונה הלכות - הלכות שבת,כן,משנה ברורה,סימן שטו,פירוש,לא,
6604,שונה הלכות - הלכות שבת,כן,משנה ברורה,סימן שטו,פירוש,לא,
6606,שונה הלכות - הלכות שבת,כן,משנה ברורה,סימן שטו,פירוש,לא,
6608,שונה הלכות - הלכות שבת,כן,משנה ברורה,סימן שטו,פירוש,לא,
6610,שונה הלכות - הלכות שבת,כן,משנה ברורה,סימן שטו,פירוש,לא,
6612,שונה הלכות - הלכות שבת,כן,משנה ברורה,סימן שטו,פירוש,לא,
6614,שונה הלכות - הלכות שבת,כן,משנה ברורה,סימן שטו,פירוש,לא,
6616,שונה הלכות - הלכות שבת,כן,משנה ברורה,סימן שטו,פירוש,לא,
6618,שונה הלכות - הלכות שבת,כן,משנה ברורה,סימן שטו,פירוש,לא,
6620,שונה הלכות - הלכות שבת,כן,משנה ברורה,סימן שטו,פירוש,לא,
6622,שונה הלכות - הלכות שבת,כן,משנה ברורה,סימן שטו,פירוש,לא,
6623,שונה הלכות - הלכות שבת,כן,משנה ברורה,סימן שטו,פירוש,לא,
6624,שונה הלכות - הלכות שבת,כן,משנה ברורה,סימן שטו,פירוש,לא,
6626,שונה הלכות - הלכות שבת,כן,משנה ברורה,סימן שטו,פירוש,לא,
6628,שונה הלכות - הלכות שבת,כן,משנה ברורה,סימן שטו,פירוש,לא,
6630,שונה הלכות - הלכות שבת,כן,משנה ברורה,סימן שטו,פירוש,לא,
6632,שונה הלכות - הלכות שבת,כן,משנה ברורה,סימן שטו,פירוש,לא,
6634,שונה הלכות - הלכות שבת,כן,משנה ברורה,סימן שטו,פירוש,לא,
6636,שונה הלכות - הלכות שבת,כן,משנה ברורה,סימן שטו,פירוש,לא,
6640,שונה הלכות - הלכות שבת,כן,משנה ברורה,סימן שטז,פירוש,לא,
6643,שונה הלכות - הלכות שבת,כן,משנה ברורה,סימן שטז,פירוש,לא,
6645,שונה הלכות - הלכות שבת,כן,משנה ברורה,סימן שטז,פירוש,לא,
6647,שונה הלכות - הלכות שבת,כן,משנה ברורה,סימן שטז,פירוש,לא,
6649,שונה הלכות - הלכות שבת,כן,משנה ברורה,סימן שטז,פירוש,לא,
6651,שונה הלכות - הלכות שבת,כן,משנה ברורה,סימן שטז,פירוש,לא,
6652,שונה הלכות - הלכות שבת,כן,משנה ברורה,סימן שטז,פירוש,לא,
6653,שונה הלכות - הלכות שבת,כן,משנה ברורה,סימן שטז,פירוש,לא,
6655,שונה הלכות - הלכות שבת,כן,משנה ברורה,סימן שטז,פירוש,לא,
6657,שונה הלכות - הלכות שבת,כן,משנה ברורה,סימן שטז,פירוש,לא,
6659,שונה הלכות - הלכות שבת,כן,משנה ברורה,סימן שטז,פירוש,לא,
6661,שונה הלכות - הלכות שבת,כן,משנה ברורה,סימן שטז,פירוש,לא,
6663,שונה הלכות - הלכות שבת,כן,משנה ברורה,סימן שטז,פירוש,לא,
6665,שונה הלכות - הלכות שבת,כן,משנה ברורה,סימן שטז,פירוש,לא,
6667,שונה הלכות - הלכות שבת,כן,משנה ברורה,סימן שטז,פירוש,לא,
6669,שונה הלכות - הלכות שבת,כן,משנה ברורה,סימן שטז,פירוש,לא,
6671,שונה הלכות - הלכות שבת,כן,משנה ברורה,סימן שטז,פירוש,לא,
6673,שונה הלכות - הלכות שבת,כן,משנה ברורה,סימן שטז,פירוש,לא,
6675,שונה הלכות - הלכות שבת,כן,משנה ברורה,סימן שטז,פירוש,לא,
6677,שונה הלכות - הלכות שבת,כן,משנה ברורה,סימן שטז,פירוש,לא,
6679,שונה הלכות - הלכות שבת,כן,משנה ברורה,סימן שטז,פירוש,לא,
6681,שונה הלכות - הלכות שבת,כן,משנה ברורה,סימן שטז,פירוש,לא,
6683,שונה הלכות - הלכות שבת,כן,משנה ברורה,סימן שטז,פירוש,לא,
6685,שונה הלכות - הלכות שבת,כן,משנה ברורה,סימן שטז,פירוש,לא,
6687,שונה הלכות - הלכות שבת,כן,משנה ברורה,סימן שטז,פירוש,לא,
6689,שונה הלכות - הלכות שבת,כן,משנה ברורה,סימן שטז,פירוש,לא,
6691,שונה הלכות - הלכות שבת,כן,משנה ברורה,סימן שטז,פירוש,לא,
6693,שונה הלכות - הלכות שבת,כן,משנה ברורה,סימן שטז,פירוש,לא,
6695,שונה הלכות - הלכות שבת,כן,משנה ברורה,סימן שטז,פירוש,לא,
6697,שונה הלכות - הלכות שבת,כן,משנה ברורה,סימן שטז,פירוש,לא,
6699,שונה הלכות - הלכות שבת,כן,משנה ברורה,סימן שטז,פירוש,לא,
6701,שונה הלכות - הלכות שבת,כן,משנה ברורה,סימן שטז,פירוש,לא,
6703,שונה הלכות - הלכות שבת,כן,משנה ברורה,סימן שטז,פירוש,לא,
6705,שונה הלכות - הלכות שבת,כן,משנה ברורה,סימן שטז,פירוש,לא,
6707,שונה הלכות - הלכות שבת,כן,משנה ברורה,סימן שטז,פירוש,לא,
6709,שונה הלכות - הלכות שבת,כן,משנה ברורה,סימן שטז,פירוש,לא,
6711,שונה הלכות - הלכות שבת,כן,משנה ברורה,סימן שטז,פירוש,לא,
6713,שונה הלכות - הלכות שבת,כן,משנה ברורה,סימן שטז,פירוש,לא,
6715,שונה הלכות - הלכות שבת,כן,משנה ברורה,סימן שטז,פירוש,לא,
6717,שונה הלכות - הלכות שבת,כן,משנה ברורה,סימן שטז,פירוש,לא,
6719,שונה הלכות - הלכות שבת,כן,משנה ברורה,סימן שטז,פירוש,לא,
6723,שונה הלכות - הלכות שבת,כן,משנה ברורה,סימן שיז,פירוש,לא,
6726,שונה הלכות - הלכות שבת,כן,משנה ברורה,סימן שיז,פירוש,לא,
6728,שונה הלכות - הלכות שבת,כן,משנה ברורה,סימן שיז,פירוש,לא,
6730,שונה הלכות - הלכות שבת,כן,משנה ברורה,סימן שיז,פירוש,לא,
6732,שונה הלכות - הלכות שבת,כן,משנה ברורה,סימן שיז,פירוש,לא,
6734,שונה הלכות - הלכות שבת,כן,משנה ברורה,סימן שיז,פירוש,לא,
6736,שונה הלכות - הלכות שבת,כן,משנה ברורה,סימן שיז,פירוש,לא,
6738,שונה הלכות - הלכות שבת,כן,משנה ברורה,סימן שיז,פירוש,לא,
6740,שונה הלכות - הלכות שבת,כן,משנה ברורה,סימן שיז,פירוש,לא,
6742,שונה הלכות - הלכות שבת,כן,משנה ברורה,סימן שיז,פירוש,לא,
6744,שונה הלכות - הלכות שבת,כן,משנה ברורה,סימן שיז,פירוש,לא,
6746,שונה הלכות - הלכות שבת,כן,משנה ברורה,סימן שיז,פירוש,לא,
6748,שונה הלכות - הלכות שבת,כן,משנה ברורה,סימן שיז,פירוש,לא,
6750,שונה הלכות - הלכות שבת,כן,משנה ברורה,סימן שיז,פירוש,לא,
6752,שונה הלכות - הלכות שבת,כן,משנה ברורה,סימן שיז,פירוש,לא,
6754,שונה הלכות - הלכות שבת,כן,משנה ברורה,סימן שיז,פירוש,לא,
6756,שונה הלכות - הלכות שבת,כן,משנה ברורה,סימן שיז,פירוש,לא,
6758,שונה הלכות - הלכות שבת,כן,משנה ברורה,סימן שיז,פירוש,לא,
6762,שונה הלכות - הלכות שבת,כן,משנה ברורה,סימן שיח,פירוש,לא,
6765,שונה הלכות - הלכות שבת,כן,משנה ברורה,סימן שיח,פירוש,לא,
6767,שונה הלכות - הלכות שבת,כן,משנה ברורה,סימן שיח,פירוש,לא,
6769,שונה הלכות - הלכות שבת,כן,משנה ברורה,סימן שיח,פירוש,לא,
6771,שונה הלכות - הלכות שבת,כן,משנה ברורה,סימן שיח,פירוש,לא,
6773,שונה הלכות - הלכות שבת,כן,משנה ברורה,סימן שיח,פירוש,לא,
6775,שונה הלכות - הלכות שבת,כן,משנה ברורה,סימן שיח,פירוש,לא,
6777,שונה הלכות - הלכות שבת,כן,משנה ברורה,סימן שיח,פירוש,לא,
6779,שונה הלכות - הלכות שבת,כן,משנה ברורה,סימן שיח,פירוש,לא,
6781,שונה הלכות - הלכות שבת,כן,משנה ברורה,סימן שיח,פירוש,לא,
6783,שונה הלכות - הלכות שבת,כן,משנה ברורה,סימן שיח,פירוש,לא,
6785,שונה הלכות - הלכות שבת,כן,משנה ברורה,סימן שיח,פירוש,לא,
6787,שונה הלכות - הלכות שבת,כן,משנה ברורה,סימן שיח,פירוש,לא,
6788,שונה הלכות - הלכות שבת,כן,משנה ברורה,סימן שיח,פירוש,לא,
6789,שונה הלכות - הלכות שבת,כן,משנה ברורה,סימן שיח,פירוש,לא,
6791,שונה הלכות - הלכות שבת,כן,משנה ברורה,סימן שיח,פירוש,לא,
6793,שונה הלכות - הלכות שבת,כן,משנה ברורה,סימן שיח,פירוש,לא,
6795,שונה הלכות - הלכות שבת,כן,משנה ברורה,סימן שיח,פירוש,לא,
6797,שונה הלכות - הלכות שבת,כן,משנה ברורה,סימן שיח,פירוש,לא,
6799,שונה הלכות - הלכות שבת,כן,משנה ברורה,סימן שיח,פירוש,לא,
6801,שונה הלכות - הלכות שבת,כן,משנה ברורה,סימן שיח,פירוש,לא,
6802,שונה הלכות - הלכות שבת,כן,משנה ברורה,סימן שיח,פירוש,לא,
6803,שונה הלכות - הלכות שבת,כן,משנה ברורה,סימן שיח,פירוש,לא,
6805,שונה הלכות - הלכות שבת,כן,משנה ברורה,סימן שיח,פירוש,לא,
6807,שונה הלכות - הלכות שבת,כן,משנה ברורה,סימן שיח,פירוש,לא,
6808,שונה הלכות - הלכות שבת,כן,משנה ברורה,סימן שיח,פירוש,לא,
6810,שונה הלכות - הלכות שבת,כן,משנה ברורה,סימן שיח,פירוש,לא,
6811,שונה הלכות - הלכות שבת,כן,משנה ברורה,סימן שיח,פירוש,לא,
6813,שונה הלכות - הלכות שבת,כן,משנה ברורה,סימן שיח,פירוש,לא,
6815,שונה הלכות - הלכות שבת,כן,משנה ברורה,סימן שיח,פירוש,לא,
6817,שונה הלכות - הלכות שבת,כן,משנה ברורה,סימן שיח,פירוש,לא,
6819,שונה הלכות - הלכות שבת,כן,משנה ברורה,סימן שיח,פירוש,לא,
6820,שונה הלכות - הלכות שבת,כן,משנה ברורה,סימן שיח,פירוש,לא,
6821,שונה הלכות - הלכות שבת,כן,משנה ברורה,סימן שיח,פירוש,לא,
6823,שונה הלכות - הלכות שבת,כן,משנה ברורה,סימן שיח,פירוש,לא,
6825,שונה הלכות - הלכות שבת,כן,משנה ברורה,סימן שיח,פירוש,לא,
6827,שונה הלכות - הלכות שבת,כן,משנה ברורה,סימן שיח,פירוש,לא,
6829,שונה הלכות - הלכות שבת,כן,משנה ברורה,סימן שיח,פירוש,לא,
6831,שונה הלכות - הלכות שבת,כן,משנה ברורה,סימן שיח,פירוש,לא,
6833,שונה הלכות - הלכות שבת,כן,משנה ברורה,סימן שיח,פירוש,לא,
6835,שונה הלכות - הלכות שבת,כן,משנה ברורה,סימן שיח,פירוש,לא,
6837,שונה הלכות - הלכות שבת,כן,משנה ברורה,סימן שיח,פירוש,לא,
6839,שונה הלכות - הלכות שבת,כן,משנה ברורה,סימן שיח,פירוש,לא,
6841,שונה הלכות - הלכות שבת,כן,משנה ברורה,סימן שיח,פירוש,לא,
6843,שונה הלכות - הלכות שבת,כן,משנה ברורה,סימן שיח,פירוש,לא,
6845,שונה הלכות - הלכות שבת,כן,משנה ברורה,סימן שיח,פירוש,לא,
6847,שונה הלכות - הלכות שבת,כן,משנה ברורה,סימן שיח,פירוש,לא,
6849,שונה הלכות - הלכות שבת,כן,משנה ברורה,סימן שיח,פירוש,לא,
6851,שונה הלכות - הלכות שבת,כן,משנה ברורה,סימן שיח,פירוש,לא,
6855,שונה הלכות - הלכות שבת,כן,משנה ברורה,סימן שיט,פירוש,לא,
6858,שונה הלכות - הלכות שבת,כן,משנה ברורה,סימן שיט,פירוש,לא,
6860,שונה הלכות - הלכות שבת,כן,משנה ברורה,סימן שיט,פירוש,לא,
6861,שונה הלכות - הלכות שבת,כן,משנה ברורה,סימן שיט,פירוש,לא,
6862,שונה הלכות - הלכות שבת,כן,משנה ברורה,סימן שיט,פירוש,לא,
6864,שונה הלכות - הלכות שבת,כן,משנה ברורה,סימן שיט,פירוש,לא,
6866,שונה הלכות - הלכות שבת,כן,משנה ברורה,סימן שיט,פירוש,לא,
6868,שונה הלכות - הלכות שבת,כן,משנה ברורה,סימן שיט,פירוש,לא,
6870,שונה הלכות - הלכות שבת,כן,משנה ברורה,סימן שיט,פירוש,לא,
6872,שונה הלכות - הלכות שבת,כן,משנה ברורה,סימן שיט,פירוש,לא,
6874,שונה הלכות - הלכות שבת,כן,משנה ברורה,סימן שיט,פירוש,לא,
6875,שונה הלכות - הלכות שבת,כן,משנה ברורה,סימן שיט,פירוש,לא,
6876,שונה הלכות - הלכות שבת,כן,משנה ברורה,סימן שיט,פירוש,לא,
6878,שונה הלכות - הלכות שבת,כן,משנה ברורה,סימן שיט,פירוש,לא,
6880,שונה הלכות - הלכות שבת,כן,משנה ברורה,סימן שיט,פירוש,לא,
6882,שונה הלכות - הלכות שבת,כן,משנה ברורה,סימן שיט,פירוש,לא,
6884,שונה הלכות - הלכות שבת,כן,משנה ברורה,סימן שיט,פירוש,לא,
6886,שונה הלכות - הלכות שבת,כן,משנה ברורה,סימן שיט,פירוש,לא,
6888,שונה הלכות - הלכות שבת,כן,משנה ברורה,סימן שיט,פירוש,לא,
6890,שונה הלכות - הלכות שבת,כן,משנה ברורה,סימן שיט,פירוש,לא,
6892,שונה הלכות - הלכות שבת,כן,משנה ברורה,סימן שיט,פירוש,לא,
6894,שונה הלכות - הלכות שבת,כן,משנה ברורה,סימן שיט,פירוש,לא,
6896,שונה הלכות - הלכות שבת,כן,משנה ברורה,סימן שיט,פירוש,לא,
6898,שונה הלכות - הלכות שבת,כן,משנה ברורה,סימן שיט,פירוש,לא,
6900,שונה הלכות - הלכות שבת,כן,משנה ברורה,סימן שיט,פירוש,לא,
6902,שונה הלכות - הלכות שבת,כן,משנה ברורה,סימן שיט,פירוש,לא,
6904,שונה הלכות - הלכות שבת,כן,משנה ברורה,סימן שיט,פירוש,לא,
6906,שונה הלכות - הלכות שבת,כן,משנה ברורה,סימן שיט,פירוש,לא,
6908,שונה הלכות - הלכות שבת,כן,משנה ברורה,סימן שיט,פירוש,לא,
6910,שונה הלכות - הלכות שבת,כן,משנה ברורה,סימן שיט,פירוש,לא,
6912,שונה הלכות - הלכות שבת,כן,משנה ברורה,סימן שיט,פירוש,לא,
6914,שונה הלכות - הלכות שבת,כן,משנה ברורה,סימן שיט,פירוש,לא,
6916,שונה הלכות - הלכות שבת,כן,משנה ברורה,סימן שיט,פירוש,לא,
6918,שונה הלכות - הלכות שבת,כן,משנה ברורה,סימן שיט,פירוש,לא,
6920,שונה הלכות - הלכות שבת,כן,משנה ברורה,סימן שיט,פירוש,לא,
6922,שונה הלכות - הלכות שבת,כן,משנה ברורה,סימן שיט,פירוש,לא,
6924,שונה הלכות - הלכות שבת,כן,משנה ברורה,סימן שיט,פירוש,לא,
6926,שונה הלכות - הלכות שבת,כן,משנה ברורה,סימן שיט,פירוש,לא,
6928,שונה הלכות - הלכות שבת,כן,משנה ברורה,סימן שיט,פירוש,לא,
6930,שונה הלכות - הלכות שבת,כן,משנה ברורה,סימן שיט,פירוש,לא,
6932,שונה הלכות - הלכות שבת,כן,משנה ברורה,סימן שיט,פירוש,לא,
6934,שונה הלכות - הלכות שבת,כן,משנה ברורה,סימן שיט,פירוש,לא,
6936,שונה הלכות - הלכות שבת,כן,משנה ברורה,סימן שיט,פירוש,לא,
6938,שונה הלכות - הלכות שבת,כן,משנה ברורה,סימן שיט,פירוש,לא,
6940,שונה הלכות - הלכות שבת,כן,משנה ברורה,סימן שיט,פירוש,לא,
6944,שונה הלכות - הלכות שבת,כן,משנה ברורה,סימן שכ,פירוש,לא,
6947,שונה הלכות - הלכות שבת,כן,משנה ברורה,סימן שכ,פירוש,לא,
6949,שונה הלכות - הלכות שבת,כן,משנה ברורה,סימן שכ,פירוש,לא,
6951,שונה הלכות - הלכות שבת,כן,משנה ברורה,סימן שכ,פירוש,לא,
6953,שונה הלכות - הלכות שבת,כן,משנה ברורה,סימן שכ,פירוש,לא,
6955,שונה הלכות - הלכות שבת,כן,משנה ברורה,סימן שכ,פירוש,לא,
6957,שונה הלכות - הלכות שבת,כן,משנה ברורה,סימן שכ,פירוש,לא,
6959,שונה הלכות - הלכות שבת,כן,משנה ברורה,סימן שכ,פירוש,לא,
6961,שונה הלכות - הלכות שבת,כן,משנה ברורה,סימן שכ,פירוש,לא,
6963,שונה הלכות - הלכות שבת,כן,משנה ברורה,סימן שכ,פירוש,לא,
6965,שונה הלכות - הלכות שבת,כן,משנה ברורה,סימן שכ,פירוש,לא,
6967,שונה הלכות - הלכות שבת,כן,משנה ברורה,סימן שכ,פירוש,לא,
6969,שונה הלכות - הלכות שבת,כן,משנה ברורה,סימן שכ,פירוש,לא,
6971,שונה הלכות - הלכות שבת,כן,משנה ברורה,סימן שכ,פירוש,לא,
6973,שונה הלכות - הלכות שבת,כן,משנה ברורה,סימן שכ,פירוש,לא,
6975,שונה הלכות - הלכות שבת,כן,משנה ברורה,סימן שכ,פירוש,לא,
6977,שונה הלכות - הלכות שבת,כן,משנה ברורה,סימן שכ,פירוש,לא,
6979,שונה הלכות - הלכות שבת,כן,משנה ברורה,סימן שכ,פירוש,לא,
6981,שונה הלכות - הלכות שבת,כן,משנה ברורה,סימן שכ,פירוש,לא,
6983,שונה הלכות - הלכות שבת,כן,משנה ברורה,סימן שכ,פירוש,לא,
6985,שונה הלכות - הלכות שבת,כן,משנה ברורה,סימן שכ,פירוש,לא,
6987,שונה הלכות - הלכות שבת,כן,משנה ברורה,סימן שכ,פירוש,לא,
6989,שונה הלכות - הלכות שבת,כן,משנה ברורה,סימן שכ,פירוש,לא,
6991,שונה הלכות - הלכות שבת,כן,משנה ברורה,סימן שכ,פירוש,לא,
6993,שונה הלכות - הלכות שבת,כן,משנה ברורה,סימן שכ,פירוש,לא,
6995,שונה הלכות - הלכות שבת,כן,משנה ברורה,סימן שכ,פירוש,לא,
6997,שונה הלכות - הלכות שבת,כן,משנה ברורה,סימן שכ,פירוש,לא,
6999,שונה הלכות - הלכות שבת,כן,משנה ברורה,סימן שכ,פירוש,לא,
7001,שונה הלכות - הלכות שבת,כן,משנה ברורה,סימן שכ,פירוש,לא,
7003,שונה הלכות - הלכות שבת,כן,משנה ברורה,סימן שכ,פירוש,לא,
7006,שונה הלכות - הלכות שבת,כן,משנה ברורה,סימן שכא,פירוש,לא,
7009,שונה הלכות - הלכות שבת,כן,משנה ברורה,סימן שכא,פירוש,לא,
7011,שונה הלכות - הלכות שבת,כן,משנה ברורה,סימן שכא,פירוש,לא,
7013,שונה הלכות - הלכות שבת,כן,משנה ברורה,סימן שכא,פירוש,לא,
7015,שונה הלכות - הלכות שבת,כן,משנה ברורה,סימן שכא,פירוש,לא,
7017,שונה הלכות - הלכות שבת,כן,משנה ברורה,סימן שכא,פירוש,לא,
7019,שונה הלכות - הלכות שבת,כן,משנה ברורה,סימן שכא,פירוש,לא,
7021,שונה הלכות - הלכות שבת,כן,משנה ברורה,סימן שכא,פירוש,לא,
7023,שונה הלכות - הלכות שבת,כן,משנה ברורה,סימן שכא,פירוש,לא,
7025,שונה הלכות - הלכות שבת,כן,משנה ברורה,סימן שכא,פירוש,לא,
7027,שונה הלכות - הלכות שבת,כן,משנה ברורה,סימן שכא,פירוש,לא,
7029,שונה הלכות - הלכות שבת,כן,משנה ברורה,סימן שכא,פירוש,לא,
7031,שונה הלכות - הלכות שבת,כן,משנה ברורה,סימן שכא,פירוש,לא,
7033,שונה הלכות - הלכות שבת,כן,משנה ברורה,סימן שכא,פירוש,לא,
7035,שונה הלכות - הלכות שבת,כן,משנה ברורה,סימן שכא,פירוש,לא,
7037,שונה הלכות - הלכות שבת,כן,משנה ברורה,סימן שכא,פירוש,לא,
7039,שונה הלכות - הלכות שבת,כן,משנה ברורה,סימן שכא,פירוש,לא,
7041,שונה הלכות - הלכות שבת,כן,משנה ברורה,סימן שכא,פירוש,לא,
7043,שונה הלכות - הלכות שבת,כן,משנה ברורה,סימן שכא,פירוש,לא,
7045,שונה הלכות - הלכות שבת,כן,משנה ברורה,סימן שכא,פירוש,לא,
7047,שונה הלכות - הלכות שבת,כן,משנה ברורה,סימן שכא,פירוש,לא,
7049,שונה הלכות - הלכות שבת,כן,משנה ברורה,סימן שכא,פירוש,לא,
7051,שונה הלכות - הלכות שבת,כן,משנה ברורה,סימן שכא,פירוש,לא,
7052,שונה הלכות - הלכות שבת,כן,משנה ברורה,סימן שכא,פירוש,לא,
7053,שונה הלכות - הלכות שבת,כן,משנה ברורה,סימן שכא,פירוש,לא,
7055,שונה הלכות - הלכות שבת,כן,משנה ברורה,סימן שכא,פירוש,לא,
7057,שונה הלכות - הלכות שבת,כן,משנה ברורה,סימן שכא,פירוש,לא,
7059,שונה הלכות - הלכות שבת,כן,משנה ברורה,סימן שכא,פירוש,לא,
7061,שונה הלכות - הלכות שבת,כן,משנה ברורה,סימן שכא,פירוש,לא,
7063,שונה הלכות - הלכות שבת,כן,משנה ברורה,סימן שכא,פירוש,לא,
7065,שונה הלכות - הלכות שבת,כן,משנה ברורה,סימן שכא,פירוש,לא,
7067,שונה הלכות - הלכות שבת,כן,משנה ברורה,סימן שכא,פירוש,לא,
7069,שונה הלכות - הלכות שבת,כן,משנה ברורה,סימן שכא,פירוש,לא,
7071,שונה הלכות - הלכות שבת,כן,משנה ברורה,סימן שכא,פירוש,לא,
7073,שונה הלכות - הלכות שבת,כן,משנה ברורה,סימן שכא,פירוש,לא,
7075,שונה הלכות - הלכות שבת,כן,משנה ברורה,סימן שכא,פירוש,לא,
7077,שונה הלכות - הלכות שבת,כן,משנה ברורה,סימן שכא,פירוש,לא,
7079,שונה הלכות - הלכות שבת,כן,משנה ברורה,סימן שכא,פירוש,לא,
7081,שונה הלכות - הלכות שבת,כן,משנה ברורה,סימן שכא,פירוש,לא,
7083,שונה הלכות - הלכות שבת,כן,משנה ברורה,סימן שכא,פירוש,לא,
7085,שונה הלכות - הלכות שבת,כן,משנה ברורה,סימן שכא,פירוש,לא,
7087,שונה הלכות - הלכות שבת,כן,משנה ברורה,סימן שכא,פירוש,לא,
7089,שונה הלכות - הלכות שבת,כן,משנה ברורה,סימן שכא,פירוש,לא,
7091,שונה הלכות - הלכות שבת,כן,משנה ברורה,סימן שכא,פירוש,לא,
7093,שונה הלכות - הלכות שבת,כן,משנה ברורה,סימן שכא,פירוש,לא,
7095,שונה הלכות - הלכות שבת,כן,משנה ברורה,סימן שכא,פירוש,לא,
7097,שונה הלכות - הלכות שבת,כן,משנה ברורה,סימן שכא,פירוש,לא,
7100,שונה הלכות - הלכות שבת,כן,משנה ברורה,סימן שכב,פירוש,לא,
7103,שונה הלכות - הלכות שבת,כן,משנה ברורה,סימן שכב,פירוש,לא,
7105,שונה הלכות - הלכות שבת,כן,משנה ברורה,סימן שכב,פירוש,לא,
7107,שונה הלכות - הלכות שבת,כן,משנה ברורה,סימן שכב,פירוש,לא,
7109,שונה הלכות - הלכות שבת,כן,משנה ברורה,סימן שכב,פירוש,לא,
7111,שונה הלכות - הלכות שבת,כן,משנה ברורה,סימן שכב,פירוש,לא,
7113,שונה הלכות - הלכות שבת,כן,משנה ברורה,סימן שכב,פירוש,לא,
7115,שונה הלכות - הלכות שבת,כן,משנה ברורה,סימן שכב,פירוש,לא,
7117,שונה הלכות - הלכות שבת,כן,משנה ברורה,סימן שכב,פירוש,לא,
7119,שונה הלכות - הלכות שבת,כן,משנה ברורה,סימן שכב,פירוש,לא,
7121,שונה הלכות - הלכות שבת,כן,משנה ברורה,סימן שכב,פירוש,לא,
7123,שונה הלכות - הלכות שבת,כן,משנה ברורה,סימן שכב,פירוש,לא,
7125,שונה הלכות - הלכות שבת,כן,משנה ברורה,סימן שכב,פירוש,לא,
7127,שונה הלכות - הלכות שבת,כן,משנה ברורה,סימן שכב,פירוש,לא,
7129,שונה הלכות - הלכות שבת,כן,משנה ברורה,סימן שכב,פירוש,לא,
7131,שונה הלכות - הלכות שבת,כן,משנה ברורה,סימן שכב,פירוש,לא,
7135,שונה הלכות - הלכות שבת,כן,משנה ברורה,סימן שכג,פירוש,לא,
7138,שונה הלכות - הלכות שבת,כן,משנה ברורה,סימן שכג,פירוש,לא,
7140,שונה הלכות - הלכות שבת,כן,משנה ברורה,סימן שכג,פירוש,לא,
7142,שונה הלכות - הלכות שבת,כן,משנה ברורה,סימן שכג,פירוש,לא,
7144,שונה הלכות - הלכות שבת,כן,משנה ברורה,סימן שכג,פירוש,לא,
7145,שונה הלכות - הלכות שבת,כן,משנה ברורה,סימן שכג,פירוש,לא,
7146,שונה הלכות - הלכות שבת,כן,משנה ברורה,סימן שכג,פירוש,לא,
7148,שונה הלכות - הלכות שבת,כן,משנה ברורה,סימן שכג,פירוש,לא,
7150,שונה הלכות - הלכות שבת,כן,משנה ברורה,סימן שכג,פירוש,לא,
7152,שונה הלכות - הלכות שבת,כן,משנה ברורה,סימן שכג,פירוש,לא,
7154,שונה הלכות - הלכות שבת,כן,משנה ברורה,סימן שכג,פירוש,לא,
7156,שונה הלכות - הלכות שבת,כן,משנה ברורה,סימן שכג,פירוש,לא,
7158,שונה הלכות - הלכות שבת,כן,משנה ברורה,סימן שכג,פירוש,לא,
7160,שונה הלכות - הלכות שבת,כן,משנה ברורה,סימן שכג,פירוש,לא,
7162,שונה הלכות - הלכות שבת,כן,משנה ברורה,סימן שכג,פירוש,לא,
7164,שונה הלכות - הלכות שבת,כן,משנה ברורה,סימן שכג,פירוש,לא,
7166,שונה הלכות - הלכות שבת,כן,משנה ברורה,סימן שכג,פירוש,לא,
7168,שונה הלכות - הלכות שבת,כן,משנה ברורה,סימן שכג,פירוש,לא,
7170,שונה הלכות - הלכות שבת,כן,משנה ברורה,סימן שכג,פירוש,לא,
7172,שונה הלכות - הלכות שבת,כן,משנה ברורה,סימן שכג,פירוש,לא,
7174,שונה הלכות - הלכות שבת,כן,משנה ברורה,סימן שכג,פירוש,לא,
7178,שונה הלכות - הלכות שבת,כן,משנה ברורה,סימן שכד,פירוש,לא,
7181,שונה הלכות - הלכות שבת,כן,משנה ברורה,סימן שכד,פירוש,לא,
7183,שונה הלכות - הלכות שבת,כן,משנה ברורה,סימן שכד,פירוש,לא,
7185,שונה הלכות - הלכות שבת,כן,משנה ברורה,סימן שכד,פירוש,לא,
7187,שונה הלכות - הלכות שבת,כן,משנה ברורה,סימן שכד,פירוש,לא,
7189,שונה הלכות - הלכות שבת,כן,משנה ברורה,סימן שכד,פירוש,לא,
7191,שונה הלכות - הלכות שבת,כן,משנה ברורה,סימן שכד,פירוש,לא,
7193,שונה הלכות - הלכות שבת,כן,משנה ברורה,סימן שכד,פירוש,לא,
7195,שונה הלכות - הלכות שבת,כן,משנה ברורה,סימן שכד,פירוש,לא,
7197,שונה הלכות - הלכות שבת,כן,משנה ברורה,סימן שכד,פירוש,לא,
7199,שונה הלכות - הלכות שבת,כן,משנה ברורה,סימן שכד,פירוש,לא,
7201,שונה הלכות - הלכות שבת,כן,משנה ברורה,סימן שכד,פירוש,לא,
7203,שונה הלכות - הלכות שבת,כן,משנה ברורה,סימן שכד,פירוש,לא,
7205,שונה הלכות - הלכות שבת,כן,משנה ברורה,סימן שכד,פירוש,לא,
7207,שונה הלכות - הלכות שבת,כן,משנה ברורה,סימן שכד,פירוש,לא,
7209,שונה הלכות - הלכות שבת,כן,משנה ברורה,סימן שכד,פירוש,לא,
7211,שונה הלכות - הלכות שבת,כן,משנה ברורה,סימן שכד,פירוש,לא,
7213,שונה הלכות - הלכות שבת,כן,משנה ברורה,סימן שכד,פירוש,לא,
7217,שונה הלכות - הלכות שבת,כן,משנה ברורה,סימן שכה,פירוש,לא,
7220,שונה הלכות - הלכות שבת,כן,משנה ברורה,סימן שכה,פירוש,לא,
7222,שונה הלכות - הלכות שבת,כן,משנה ברורה,סימן שכה,פירוש,לא,
7224,שונה הלכות - הלכות שבת,כן,משנה ברורה,סימן שכה,פירוש,לא,
7226,שונה הלכות - הלכות שבת,כן,משנה ברורה,סימן שכה,פירוש,לא,
7228,שונה הלכות - הלכות שבת,כן,משנה ברורה,סימן שכה,פירוש,לא,
7230,שונה הלכות - הלכות שבת,כן,משנה ברורה,סימן שכה,פירוש,לא,
7233,שונה הלכות - הלכות שבת,כן,משנה ברורה,סימן שכה,פירוש,לא,
7234,שונה הלכות - הלכות שבת,כן,משנה ברורה,סימן שכה,פירוש,לא,
7235,שונה הלכות - הלכות שבת,כן,משנה ברורה,סימן שכה,פירוש,לא,
7237,שונה הלכות - הלכות שבת,כן,משנה ברורה,סימן שכה,פירוש,לא,
7239,שונה הלכות - הלכות שבת,כן,משנה ברורה,סימן שכה,פירוש,לא,
7241,שונה הלכות - הלכות שבת,כן,משנה ברורה,סימן שכה,פירוש,לא,
7243,שונה הלכות - הלכות שבת,כן,משנה ברורה,סימן שכה,פירוש,לא,
7245,שונה הלכות - הלכות שבת,כן,משנה ברורה,סימן שכה,פירוש,לא,
7246,שונה הלכות - הלכות שבת,כן,משנה ברורה,סימן שכה,פירוש,לא,
7247,שונה הלכות - הלכות שבת,כן,משנה ברורה,סימן שכה,פירוש,לא,
7249,שונה הלכות - הלכות שבת,כן,משנה ברורה,סימן שכה,פירוש,לא,
7250,שונה הלכות - הלכות שבת,כן,משנה ברורה,סימן שכה,פירוש,לא,
7251,שונה הלכות - הלכות שבת,כן,משנה ברורה,סימן שכה,פירוש,לא,
7253,שונה הלכות - הלכות שבת,כן,משנה ברורה,סימן שכה,פירוש,לא,
7255,שונה הלכות - הלכות שבת,כן,משנה ברורה,סימן שכה,פירוש,לא,
7257,שונה הלכות - הלכות שבת,כן,משנה ברורה,סימן שכה,פירוש,לא,
7259,שונה הלכות - הלכות שבת,כן,משנה ברורה,סימן שכה,פירוש,לא,
7261,שונה הלכות - הלכות שבת,כן,משנה ברורה,סימן שכה,פירוש,לא,
7263,שונה הלכות - הלכות שבת,כן,משנה ברורה,סימן שכה,פירוש,לא,
7265,שונה הלכות - הלכות שבת,כן,משנה ברורה,סימן שכה,פירוש,לא,
7267,שונה הלכות - הלכות שבת,כן,משנה ברורה,סימן שכה,פירוש,לא,
7269,שונה הלכות - הלכות שבת,כן,משנה ברורה,סימן שכה,פירוש,לא,
7271,שונה הלכות - הלכות שבת,כן,משנה ברורה,סימן שכה,פירוש,לא,
7273,שונה הלכות - הלכות שבת,כן,משנה ברורה,סימן שכה,פירוש,לא,
7275,שונה הלכות - הלכות שבת,כן,משנה ברורה,סימן שכה,פירוש,לא,
7277,שונה הלכות - הלכות שבת,כן,משנה ברורה,סימן שכה,פירוש,לא,
7279,שונה הלכות - הלכות שבת,כן,משנה ברורה,סימן שכה,פירוש,לא,
7281,שונה הלכות - הלכות שבת,כן,משנה ברורה,סימן שכה,פירוש,לא,
7283,שונה הלכות - הלכות שבת,כן,משנה ברורה,סימן שכה,פירוש,לא,
7285,שונה הלכות - הלכות שבת,כן,משנה ברורה,סימן שכה,פירוש,לא,
7287,שונה הלכות - הלכות שבת,כן,משנה ברורה,סימן שכה,פירוש,לא,
7289,שונה הלכות - הלכות שבת,כן,משנה ברורה,סימן שכה,פירוש,לא,
7291,שונה הלכות - הלכות שבת,כן,משנה ברורה,סימן שכה,פירוש,לא,
7295,שונה הלכות - הלכות שבת,כן,משנה ברורה,סימן שכו,פירוש,לא,
7298,שונה הלכות - הלכות שבת,כן,משנה ברורה,סימן שכו,פירוש,לא,
7300,שונה הלכות - הלכות שבת,כן,משנה ברורה,סימן שכו,פירוש,לא,
7302,שונה הלכות - הלכות שבת,כן,משנה ברורה,סימן שכו,פירוש,לא,
7304,שונה הלכות - הלכות שבת,כן,משנה ברורה,סימן שכו,פירוש,לא,
7306,שונה הלכות - הלכות שבת,כן,משנה ברורה,סימן שכו,פירוש,לא,
7308,שונה הלכות - הלכות שבת,כן,משנה ברורה,סימן שכו,פירוש,לא,
7310,שונה הלכות - הלכות שבת,כן,משנה ברורה,סימן שכו,פירוש,לא,
7312,שונה הלכות - הלכות שבת,כן,משנה ברורה,סימן שכו,פירוש,לא,
7314,שונה הלכות - הלכות שבת,כן,משנה ברורה,סימן שכו,פירוש,לא,
7316,שונה הלכות - הלכות שבת,כן,משנה ברורה,סימן שכו,פירוש,לא,
7318,שונה הלכות - הלכות שבת,כן,משנה ברורה,סימן שכו,פירוש,לא,
7320,שונה הלכות - הלכות שבת,כן,משנה ברורה,סימן שכו,פירוש,לא,
7322,שונה הלכות - הלכות שבת,כן,משנה ברורה,סימן שכו,פירוש,לא,
7324,שונה הלכות - הלכות שבת,כן,משנה ברורה,סימן שכו,פירוש,לא,
7326,שונה הלכות - הלכות שבת,כן,משנה ברורה,סימן שכו,פירוש,לא,
7328,שונה הלכות - הלכות שבת,כן,משנה ברורה,סימן שכו,פירוש,לא,
7330,שונה הלכות - הלכות שבת,כן,משנה ברורה,סימן שכו,פירוש,לא,
7332,שונה הלכות - הלכות שבת,כן,משנה ברורה,סימן שכו,פירוש,לא,
7334,שונה הלכות - הלכות שבת,כן,משנה ברורה,סימן שכו,פירוש,לא,
7338,שונה הלכות - הלכות שבת,כן,משנה ברורה,סימן שכז,פירוש,לא,
7341,שונה הלכות - הלכות שבת,כן,משנה ברורה,סימן שכז,פירוש,לא,
7343,שונה הלכות - הלכות שבת,כן,משנה ברורה,סימן שכז,פירוש,לא,
7345,שונה הלכות - הלכות שבת,כן,משנה ברורה,סימן שכז,פירוש,לא,
7347,שונה הלכות - הלכות שבת,כן,משנה ברורה,סימן שכז,פירוש,לא,
7349,שונה הלכות - הלכות שבת,כן,משנה ברורה,סימן שכז,פירוש,לא,
7351,שונה הלכות - הלכות שבת,כן,משנה ברורה,סימן שכז,פירוש,לא,
7353,שונה הלכות - הלכות שבת,כן,משנה ברורה,סימן שכז,פירוש,לא,
7355,שונה הלכות - הלכות שבת,כן,משנה ברורה,סימן שכז,פירוש,לא,
7359,שונה הלכות - הלכות שבת,כן,משנה ברורה,סימן שכח,פירוש,לא,
7362,שונה הלכות - הלכות שבת,כן,משנה ברורה,סימן שכח,פירוש,לא,
7364,שונה הלכות - הלכות שבת,כן,משנה ברורה,סימן שכח,פירוש,לא,
7366,שונה הלכות - הלכות שבת,כן,משנה ברורה,סימן שכח,פירוש,לא,
7368,שונה הלכות - הלכות שבת,כן,משנה ברורה,סימן שכח,פירוש,לא,
7370,שונה הלכות - הלכות שבת,כן,משנה ברורה,סימן שכח,פירוש,לא,
7372,שונה הלכות - הלכות שבת,כן,משנה ברורה,סימן שכח,פירוש,לא,
7374,שונה הלכות - הלכות שבת,כן,משנה ברורה,סימן שכח,פירוש,לא,
7376,שונה הלכות - הלכות שבת,כן,משנה ברורה,סימן שכח,פירוש,לא,
7378,שונה הלכות - הלכות שבת,כן,משנה ברורה,סימן שכח,פירוש,לא,
7380,שונה הלכות - הלכות שבת,כן,משנה ברורה,סימן שכח,פירוש,לא,
7382,שונה הלכות - הלכות שבת,כן,משנה ברורה,סימן שכח,פירוש,לא,
7384,שונה הלכות - הלכות שבת,כן,משנה ברורה,סימן שכח,פירוש,לא,
7386,שונה הלכות - הלכות שבת,כן,משנה ברורה,סימן שכח,פירוש,לא,
7388,שונה הלכות - הלכות שבת,כן,משנה ברורה,סימן שכח,פירוש,לא,
7390,שונה הלכות - הלכות שבת,כן,משנה ברורה,סימן שכח,פירוש,לא,
7392,שונה הלכות - הלכות שבת,כן,משנה ברורה,סימן שכח,פירוש,לא,
7394,שונה הלכות - הלכות שבת,כן,משנה ברורה,סימן שכח,פירוש,לא,
7396,שונה הלכות - הלכות שבת,כן,משנה ברורה,סימן שכח,פירוש,לא,
7398,שונה הלכות - הלכות שבת,כן,משנה ברורה,סימן שכח,פירוש,לא,
7400,שונה הלכות - הלכות שבת,כן,משנה ברורה,סימן שכח,פירוש,לא,
7402,שונה הלכות - הלכות שבת,כן,משנה ברורה,סימן שכח,פירוש,לא,
7404,שונה הלכות - הלכות שבת,כן,משנה ברורה,סימן שכח,פירוש,לא,
7406,שונה הלכות - הלכות שבת,כן,משנה ברורה,סימן שכח,פירוש,לא,
7408,שונה הלכות - הלכות שבת,כן,משנה ברורה,סימן שכח,פירוש,לא,
7410,שונה הלכות - הלכות שבת,כן,משנה ברורה,סימן שכח,פירוש,לא,
7412,שונה הלכות - הלכות שבת,כן,משנה ברורה,סימן שכח,פירוש,לא,
7414,שונה הלכות - הלכות שבת,כן,משנה ברורה,סימן שכח,פירוש,לא,
7416,שונה הלכות - הלכות שבת,כן,משנה ברורה,סימן שכח,פירוש,לא,
7418,שונה הלכות - הלכות שבת,כן,משנה ברורה,סימן שכח,פירוש,לא,
7420,שונה הלכות - הלכות שבת,כן,משנה ברורה,סימן שכח,פירוש,לא,
7422,שונה הלכות - הלכות שבת,כן,משנה ברורה,סימן שכח,פירוש,לא,
7424,שונה הלכות - הלכות שבת,כן,משנה ברורה,סימן שכח,פירוש,לא,
7426,שונה הלכות - הלכות שבת,כן,משנה ברורה,סימן שכח,פירוש,לא,
7428,שונה הלכות - הלכות שבת,כן,משנה ברורה,סימן שכח,פירוש,לא,
7430,שונה הלכות - הלכות שבת,כן,משנה ברורה,סימן שכח,פירוש,לא,
7432,שונה הלכות - הלכות שבת,כן,משנה ברורה,סימן שכח,פירוש,לא,
7434,שונה הלכות - הלכות שבת,כן,משנה ברורה,סימן שכח,פירוש,לא,
7436,שונה הלכות - הלכות שבת,כן,משנה ברורה,סימן שכח,פירוש,לא,
7438,שונה הלכות - הלכות שבת,כן,משנה ברורה,סימן שכח,פירוש,לא,
7440,שונה הלכות - הלכות שבת,כן,משנה ברורה,סימן שכח,פירוש,לא,
7442,שונה הלכות - הלכות שבת,כן,משנה ברורה,סימן שכח,פירוש,לא,
7444,שונה הלכות - הלכות שבת,כן,משנה ברורה,סימן שכח,פירוש,לא,
7446,שונה הלכות - הלכות שבת,כן,משנה ברורה,סימן שכח,פירוש,לא,
7448,שונה הלכות - הלכות שבת,כן,משנה ברורה,סימן שכח,פירוש,לא,
7450,שונה הלכות - הלכות שבת,כן,משנה ברורה,סימן שכח,פירוש,לא,
7452,שונה הלכות - הלכות שבת,כן,משנה ברורה,סימן שכח,פירוש,לא,
7454,שונה הלכות - הלכות שבת,כן,משנה ברורה,סימן שכח,פירוש,לא,
7456,שונה הלכות - הלכות שבת,כן,משנה ברורה,סימן שכח,פירוש,לא,
7458,שונה הלכות - הלכות שבת,כן,משנה ברורה,סימן שכח,פירוש,לא,
7460,שונה הלכות - הלכות שבת,כן,משנה ברורה,סימן שכח,פירוש,לא,
7462,שונה הלכות - הלכות שבת,כן,משנה ברורה,סימן שכח,פירוש,לא,
7464,שונה הלכות - הלכות שבת,כן,משנה ברורה,סימן שכח,פירוש,לא,
7466,שונה הלכות - הלכות שבת,כן,משנה ברורה,סימן שכח,פירוש,לא,
7468,שונה הלכות - הלכות שבת,כן,משנה ברורה,סימן שכח,פירוש,לא,
7470,שונה הלכות - הלכות שבת,כן,משנה ברורה,סימן שכח,פירוש,לא,
7472,שונה הלכות - הלכות שבת,כן,משנה ברורה,סימן שכח,פירוש,לא,
7474,שונה הלכות - הלכות שבת,כן,משנה ברורה,סימן שכח,פירוש,לא,
7476,שונה הלכות - הלכות שבת,כן,משנה ברורה,סימן שכח,פירוש,לא,
7478,שונה הלכות - הלכות שבת,כן,משנה ברורה,סימן שכח,פירוש,לא,
7480,שונה הלכות - הלכות שבת,כן,משנה ברורה,סימן שכח,פירוש,לא,
7482,שונה הלכות - הלכות שבת,כן,משנה ברורה,סימן שכח,פירוש,לא,
7484,שונה הלכות - הלכות שבת,כן,משנה ברורה,סימן שכח,פירוש,לא,
7486,שונה הלכות - הלכות שבת,כן,משנה ברורה,סימן שכח,פירוש,לא,
7488,שונה הלכות - הלכות שבת,כן,משנה ברורה,סימן שכח,פירוש,לא,
7490,שונה הלכות - הלכות שבת,כן,משנה ברורה,סימן שכח,פירוש,לא,
7492,שונה הלכות - הלכות שבת,כן,משנה ברורה,סימן שכח,פירוש,לא,
7494,שונה הלכות - הלכות שבת,כן,משנה ברורה,סימן שכח,פירוש,לא,
7496,שונה הלכות - הלכות שבת,כן,משנה ברורה,סימן שכח,פירוש,לא,
7498,שונה הלכות - הלכות שבת,כן,משנה ברורה,סימן שכח,פירוש,לא,
7500,שונה הלכות - הלכות שבת,כן,משנה ברורה,סימן שכח,פירוש,לא,
7502,שונה הלכות - הלכות שבת,כן,משנה ברורה,סימן שכח,פירוש,לא,
7504,שונה הלכות - הלכות שבת,כן,משנה ברורה,סימן שכח,פירוש,לא,
7506,שונה הלכות - הלכות שבת,כן,משנה ברורה,סימן שכח,פירוש,לא,
7508,שונה הלכות - הלכות שבת,כן,משנה ברורה,סימן שכח,פירוש,לא,
7510,שונה הלכות - הלכות שבת,כן,משנה ברורה,סימן שכח,פירוש,לא,
7512,שונה הלכות - הלכות שבת,כן,משנה ברורה,סימן שכח,פירוש,לא,
7514,שונה הלכות - הלכות שבת,כן,משנה ברורה,סימן שכח,פירוש,לא,
7516,שונה הלכות - הלכות שבת,כן,משנה ברורה,סימן שכח,פירוש,לא,
7518,שונה הלכות - הלכות שבת,כן,משנה ברורה,סימן שכח,פירוש,לא,
7520,שונה הלכות - הלכות שבת,כן,משנה ברורה,סימן שכח,פירוש,לא,
7522,שונה הלכות - הלכות שבת,כן,משנה ברורה,סימן שכח,פירוש,לא,
7524,שונה הלכות - הלכות שבת,כן,משנה ברורה,סימן שכח,פירוש,לא,
7526,שונה הלכות - הלכות שבת,כן,משנה ברורה,סימן שכח,פירוש,לא,
7528,שונה הלכות - הלכות שבת,כן,משנה ברורה,סימן שכח,פירוש,לא,
7530,שונה הלכות - הלכות שבת,כן,משנה ברורה,סימן שכח,פירוש,לא,
7532,שונה הלכות - הלכות שבת,כן,משנה ברורה,סימן שכח,פירוש,לא,
7534,שונה הלכות - הלכות שבת,כן,משנה ברורה,סימן שכח,פירוש,לא,
7536,שונה הלכות - הלכות שבת,כן,משנה ברורה,סימן שכח,פירוש,לא,
7538,שונה הלכות - הלכות שבת,כן,משנה ברורה,סימן שכח,פירוש,לא,
7542,שונה הלכות - הלכות שבת,כן,משנה ברורה,סימן שכט,פירוש,לא,
7545,שונה הלכות - הלכות שבת,כן,משנה ברורה,סימן שכט,פירוש,לא,
7547,שונה הלכות - הלכות שבת,כן,משנה ברורה,סימן שכט,פירוש,לא,
7549,שונה הלכות - הלכות שבת,כן,משנה ברורה,סימן שכט,פירוש,לא,
7551,שונה הלכות - הלכות שבת,כן,משנה ברורה,סימן שכט,פירוש,לא,
7552,שונה הלכות - הלכות שבת,כן,משנה ברורה,סימן שכט,פירוש,לא,
7553,שונה הלכות - הלכות שבת,כן,משנה ברורה,סימן שכט,פירוש,לא,
7555,שונה הלכות - הלכות שבת,כן,משנה ברורה,סימן שכט,פירוש,לא,
7557,שונה הלכות - הלכות שבת,כן,משנה ברורה,סימן שכט,פירוש,לא,
7559,שונה הלכות - הלכות שבת,כן,משנה ברורה,סימן שכט,פירוש,לא,
7561,שונה הלכות - הלכות שבת,כן,משנה ברורה,סימן שכט,פירוש,לא,
7565,שונה הלכות - הלכות שבת,כן,משנה ברורה,סימן של,פירוש,לא,
7568,שונה הלכות - הלכות שבת,כן,משנה ברורה,סימן של,פירוש,לא,
7570,שונה הלכות - הלכות שבת,כן,משנה ברורה,סימן של,פירוש,לא,
7572,שונה הלכות - הלכות שבת,כן,משנה ברורה,סימן של,פירוש,לא,
7574,שונה הלכות - הלכות שבת,כן,משנה ברורה,סימן של,פירוש,לא,
7576,שונה הלכות - הלכות שבת,כן,משנה ברורה,סימן של,פירוש,לא,
7578,שונה הלכות - הלכות שבת,כן,משנה ברורה,סימן של,פירוש,לא,
7580,שונה הלכות - הלכות שבת,כן,משנה ברורה,סימן של,פירוש,לא,
7582,שונה הלכות - הלכות שבת,כן,משנה ברורה,סימן של,פירוש,לא,
7584,שונה הלכות - הלכות שבת,כן,משנה ברורה,סימן של,פירוש,לא,
3,שונה הלכות - הלכות תפילה,כן,משנה ברורה,סימן פט,פירוש,לא,
5,שונה הלכות - הלכות תפילה,כן,משנה ברורה,סימן פט,פירוש,לא,
7,שונה הלכות - הלכות תפילה,כן,משנה ברורה,סימן פט,פירוש,לא,
8,שונה הלכות - הלכות תפילה,כן,משנה ברורה,סימן פט,פירוש,לא,
9,שונה הלכות - הלכות תפילה,כן,משנה ברורה,סימן פט,פירוש,לא,
11,שונה הלכות - הלכות תפילה,כן,משנה ברורה,סימן פט,פירוש,לא,
13,שונה הלכות - הלכות תפילה,כן,משנה ברורה,סימן פט,פירוש,לא,
15,שונה הלכות - הלכות תפילה,כן,משנה ברורה,סימן פט,פירוש,לא,
17,שונה הלכות - הלכות תפילה,כן,משנה ברורה,סימן פט,פירוש,לא,
19,שונה הלכות - הלכות תפילה,כן,משנה ברורה,סימן פט,פירוש,לא,
21,שונה הלכות - הלכות תפילה,כן,משנה ברורה,סימן פט,פירוש,לא,
23,שונה הלכות - הלכות תפילה,כן,משנה ברורה,סימן פט,פירוש,לא,
25,שונה הלכות - הלכות תפילה,כן,משנה ברורה,סימן פט,פירוש,לא,
26,שונה הלכות - הלכות תפילה,כן,משנה ברורה,סימן פט,פירוש,לא,
28,שונה הלכות - הלכות תפילה,כן,משנה ברורה,סימן פט,פירוש,לא,
30,שונה הלכות - הלכות תפילה,כן,משנה ברורה,סימן פט,פירוש,לא,
31,שונה הלכות - הלכות תפילה,כן,משנה ברורה,סימן פט,פירוש,לא,
33,שונה הלכות - הלכות תפילה,כן,משנה ברורה,סימן פט,פירוש,לא,
35,שונה הלכות - הלכות תפילה,כן,משנה ברורה,סימן פט,פירוש,לא,
36,שונה הלכות - הלכות תפילה,כן,משנה ברורה,סימן פט,פירוש,לא,
38,שונה הלכות - הלכות תפילה,כן,משנה ברורה,סימן פט,פירוש,לא,
40,שונה הלכות - הלכות תפילה,כן,משנה ברורה,סימן פט,פירוש,לא,
42,שונה הלכות - הלכות תפילה,כן,משנה ברורה,סימן פט,פירוש,לא,
44,שונה הלכות - הלכות תפילה,כן,משנה ברורה,סימן פט,פירוש,לא,
46,שונה הלכות - הלכות תפילה,כן,משנה ברורה,סימן פט,פירוש,לא,
48,שונה הלכות - הלכות תפילה,כן,משנה ברורה,סימן פט,פירוש,לא,
50,שונה הלכות - הלכות תפילה,כן,משנה ברורה,סימן פט,פירוש,לא,
52,שונה הלכות - הלכות תפילה,כן,משנה ברורה,סימן פט,פירוש,לא,
54,שונה הלכות - הלכות תפילה,כן,משנה ברורה,סימן פט,פירוש,לא,
56,שונה הלכות - הלכות תפילה,כן,משנה ברורה,סימן פט,פירוש,לא,
58,שונה הלכות - הלכות תפילה,כן,משנה ברורה,סימן פט,פירוש,לא,
60,שונה הלכות - הלכות תפילה,כן,משנה ברורה,סימן פט,פירוש,לא,
62,שונה הלכות - הלכות תפילה,כן,משנה ברורה,סימן פט,פירוש,לא,
64,שונה הלכות - הלכות תפילה,כן,משנה ברורה,סימן פט,פירוש,לא,
66,שונה הלכות - הלכות תפילה,כן,משנה ברורה,סימן פט,פירוש,לא,
68,שונה הלכות - הלכות תפילה,כן,משנה ברורה,סימן צ,פירוש,לא,
70,שונה הלכות - הלכות תפילה,כן,משנה ברורה,סימן צ,פירוש,לא,
72,שונה הלכות - הלכות תפילה,כן,משנה ברורה,סימן צ,פירוש,לא,
74,שונה הלכות - הלכות תפילה,כן,משנה ברורה,סימן צ,פירוש,לא,
76,שונה הלכות - הלכות תפילה,כן,משנה ברורה,סימן צ,פירוש,לא,
78,שונה הלכות - הלכות תפילה,כן,משנה ברורה,סימן צ,פירוש,לא,
80,שונה הלכות - הלכות תפילה,כן,משנה ברורה,סימן צ,פירוש,לא,
82,שונה הלכות - הלכות תפילה,כן,משנה ברורה,סימן צ,פירוש,לא,
84,שונה הלכות - הלכות תפילה,כן,משנה ברורה,סימן צ,פירוש,לא,
86,שונה הלכות - הלכות תפילה,כן,משנה ברורה,סימן צ,פירוש,לא,
87,שונה הלכות - הלכות תפילה,כן,משנה ברורה,סימן צ,פירוש,לא,
89,שונה הלכות - הלכות תפילה,כן,משנה ברורה,סימן צ,פירוש,לא,
91,שונה הלכות - הלכות תפילה,כן,משנה ברורה,סימן צ,פירוש,לא,
93,שונה הלכות - הלכות תפילה,כן,משנה ברורה,סימן צ,פירוש,לא,
95,שונה הלכות - הלכות תפילה,כן,משנה ברורה,סימן צ,פירוש,לא,
97,שונה הלכות - הלכות תפילה,כן,משנה ברורה,סימן צ,פירוש,לא,
99,שונה הלכות - הלכות תפילה,כן,משנה ברורה,סימן צ,פירוש,לא,
100,שונה הלכות - הלכות תפילה,כן,משנה ברורה,סימן צ,פירוש,לא,
102,שונה הלכות - הלכות תפילה,כן,משנה ברורה,סימן צ,פירוש,לא,
104,שונה הלכות - הלכות תפילה,כן,משנה ברורה,סימן צ,פירוש,לא,
106,שונה הלכות - הלכות תפילה,כן,משנה ברורה,סימן צ,פירוש,לא,
108,שונה הלכות - הלכות תפילה,כן,משנה ברורה,סימן צ,פירוש,לא,
110,שונה הלכות - הלכות תפילה,כן,משנה ברורה,סימן צ,פירוש,לא,
112,שונה הלכות - הלכות תפילה,כן,משנה ברורה,סימן צ,פירוש,לא,
114,שונה הלכות - הלכות תפילה,כן,משנה ברורה,סימן צ,פירוש,לא,
116,שונה הלכות - הלכות תפילה,כן,משנה ברורה,סימן צ,פירוש,לא,
118,שונה הלכות - הלכות תפילה,כן,משנה ברורה,סימן צ,פירוש,לא,
120,שונה הלכות - הלכות תפילה,כן,משנה ברורה,סימן צ,פירוש,לא,
122,שונה הלכות - הלכות תפילה,כן,משנה ברורה,סימן צ,פירוש,לא,
124,שונה הלכות - הלכות תפילה,כן,משנה ברורה,סימן צ,פירוש,לא,
126,שונה הלכות - הלכות תפילה,כן,משנה ברורה,סימן צ,פירוש,לא,
128,שונה הלכות - הלכות תפילה,כן,משנה ברורה,סימן צ,פירוש,לא,
129,שונה הלכות - הלכות תפילה,כן,משנה ברורה,סימן צ,פירוש,לא,
131,שונה הלכות - הלכות תפילה,כן,משנה ברורה,סימן צ,פירוש,לא,
133,שונה הלכות - הלכות תפילה,כן,משנה ברורה,סימן צ,פירוש,לא,
135,שונה הלכות - הלכות תפילה,כן,משנה ברורה,סימן צ,פירוש,לא,
136,שונה הלכות - הלכות תפילה,כן,משנה ברורה,סימן צ,פירוש,לא,
138,שונה הלכות - הלכות תפילה,כן,משנה ברורה,סימן צ,פירוש,לא,
139,שונה הלכות - הלכות תפילה,כן,משנה ברורה,סימן צ,פירוש,לא,
141,שונה הלכות - הלכות תפילה,כן,משנה ברורה,סימן צ,פירוש,לא,
142,שונה הלכות - הלכות תפילה,כן,משנה ברורה,סימן צ,פירוש,לא,
144,שונה הלכות - הלכות תפילה,כן,משנה ברורה,סימן צ,פירוש,לא,
146,שונה הלכות - הלכות תפילה,כן,משנה ברורה,סימן צ,פירוש,לא,
147,שונה הלכות - הלכות תפילה,כן,משנה ברורה,סימן צ,פירוש,לא,
149,שונה הלכות - הלכות תפילה,כן,משנה ברורה,סימן צ,פירוש,לא,
151,שונה הלכות - הלכות תפילה,כן,משנה ברורה,סימן צ,פירוש,לא,
153,שונה הלכות - הלכות תפילה,כן,משנה ברורה,סימן צ,פירוש,לא,
155,שונה הלכות - הלכות תפילה,כן,משנה ברורה,סימן צ,פירוש,לא,
157,שונה הלכות - הלכות תפילה,כן,משנה ברורה,סימן צ,פירוש,לא,
159,שונה הלכות - הלכות תפילה,כן,משנה ברורה,סימן צ,פירוש,לא,
161,שונה הלכות - הלכות תפילה,כן,משנה ברורה,סימן צ,פירוש,לא,
163,שונה הלכות - הלכות תפילה,כן,משנה ברורה,סימן צ,פירוש,לא,
165,שונה הלכות - הלכות תפילה,כן,משנה ברורה,סימן צ,פירוש,לא,
167,שונה הלכות - הלכות תפילה,כן,משנה ברורה,סימן צ,פירוש,לא,
169,שונה הלכות - הלכות תפילה,כן,משנה ברורה,סימן צ,פירוש,לא,
171,שונה הלכות - הלכות תפילה,כן,משנה ברורה,סימן צ,פירוש,לא,
173,שונה הלכות - הלכות תפילה,כן,משנה ברורה,סימן צ,פירוש,לא,
175,שונה הלכות - הלכות תפילה,כן,משנה ברורה,סימן צ,פירוש,לא,
177,שונה הלכות - הלכות תפילה,כן,משנה ברורה,סימן צ,פירוש,לא,
179,שונה הלכות - הלכות תפילה,כן,משנה ברורה,סימן צ,פירוש,לא,
181,שונה הלכות - הלכות תפילה,כן,משנה ברורה,סימן צ,פירוש,לא,
183,שונה הלכות - הלכות תפילה,כן,משנה ברורה,סימן צ,פירוש,לא,
185,שונה הלכות - הלכות תפילה,כן,משנה ברורה,סימן צ,פירוש,לא,
187,שונה הלכות - הלכות תפילה,כן,משנה ברורה,סימן צ,פירוש,לא,
189,שונה הלכות - הלכות תפילה,כן,משנה ברורה,סימן צ,פירוש,לא,
191,שונה הלכות - הלכות תפילה,כן,משנה ברורה,סימן צ,פירוש,לא,
193,שונה הלכות - הלכות תפילה,כן,משנה ברורה,סימן צ,פירוש,לא,
195,שונה הלכות - הלכות תפילה,כן,משנה ברורה,סימן צ,פירוש,לא,
197,שונה הלכות - הלכות תפילה,כן,משנה ברורה,סימן צ,פירוש,לא,
199,שונה הלכות - הלכות תפילה,כן,משנה ברורה,סימן צ,פירוש,לא,
201,שונה הלכות - הלכות תפילה,כן,משנה ברורה,סימן צ,פירוש,לא,
203,שונה הלכות - הלכות תפילה,כן,משנה ברורה,סימן צ,פירוש,לא,
204,שונה הלכות - הלכות תפילה,כן,משנה ברורה,סימן צ,פירוש,לא,
206,שונה הלכות - הלכות תפילה,כן,משנה ברורה,סימן צ,פירוש,לא,
208,שונה הלכות - הלכות תפילה,כן,משנה ברורה,סימן צא,פירוש,לא,
210,שונה הלכות - הלכות תפילה,כן,משנה ברורה,סימן צא,פירוש,לא,
212,שונה הלכות - הלכות תפילה,כן,משנה ברורה,סימן צא,פירוש,לא,
214,שונה הלכות - הלכות תפילה,כן,משנה ברורה,סימן צא,פירוש,לא,
216,שונה הלכות - הלכות תפילה,כן,משנה ברורה,סימן צא,פירוש,לא,
218,שונה הלכות - הלכות תפילה,כן,משנה ברורה,סימן צא,פירוש,לא,
220,שונה הלכות - הלכות תפילה,כן,משנה ברורה,סימן צא,פירוש,לא,
222,שונה הלכות - הלכות תפילה,כן,משנה ברורה,סימן צא,פירוש,לא,
224,שונה הלכות - הלכות תפילה,כן,משנה ברורה,סימן צא,פירוש,לא,
225,שונה הלכות - הלכות תפילה,כן,משנה ברורה,סימן צא,פירוש,לא,
226,שונה הלכות - הלכות תפילה,כן,משנה ברורה,סימן צא,פירוש,לא,
228,שונה הלכות - הלכות תפילה,כן,משנה ברורה,סימן צא,פירוש,לא,
229,שונה הלכות - הלכות תפילה,כן,משנה ברורה,סימן צא,פירוש,לא,
231,שונה הלכות - הלכות תפילה,כן,משנה ברורה,סימן צב,פירוש,לא,
233,שונה הלכות - הלכות תפילה,כן,משנה ברורה,סימן צב,פירוש,לא,
235,שונה הלכות - הלכות תפילה,כן,משנה ברורה,סימן צב,פירוש,לא,
237,שונה הלכות - הלכות תפילה,כן,משנה ברורה,סימן צב,פירוש,לא,
238,שונה הלכות - הלכות תפילה,כן,משנה ברורה,סימן צב,פירוש,לא,
240,שונה הלכות - הלכות תפילה,כן,משנה ברורה,סימן צב,פירוש,לא,
241,שונה הלכות - הלכות תפילה,כן,משנה ברורה,סימן צב,פירוש,לא,
243,שונה הלכות - הלכות תפילה,כן,משנה ברורה,סימן צב,פירוש,לא,
245,שונה הלכות - הלכות תפילה,כן,משנה ברורה,סימן צב,פירוש,לא,
247,שונה הלכות - הלכות תפילה,כן,משנה ברורה,סימן צב,פירוש,לא,
249,שונה הלכות - הלכות תפילה,כן,משנה ברורה,סימן צב,פירוש,לא,
250,שונה הלכות - הלכות תפילה,כן,משנה ברורה,סימן צב,פירוש,לא,
252,שונה הלכות - הלכות תפילה,כן,משנה ברורה,סימן צב,פירוש,לא,
254,שונה הלכות - הלכות תפילה,כן,משנה ברורה,סימן צב,פירוש,לא,
256,שונה הלכות - הלכות תפילה,כן,משנה ברורה,סימן צב,פירוש,לא,
258,שונה הלכות - הלכות תפילה,כן,משנה ברורה,סימן צב,פירוש,לא,
260,שונה הלכות - הלכות תפילה,כן,משנה ברורה,סימן צב,פירוש,לא,
262,שונה הלכות - הלכות תפילה,כן,משנה ברורה,סימן צב,פירוש,לא,
264,שונה הלכות - הלכות תפילה,כן,משנה ברורה,סימן צב,פירוש,לא,
266,שונה הלכות - הלכות תפילה,כן,משנה ברורה,סימן צב,פירוש,לא,
267,שונה הלכות - הלכות תפילה,כן,משנה ברורה,סימן צב,פירוש,לא,
269,שונה הלכות - הלכות תפילה,כן,משנה ברורה,סימן צב,פירוש,לא,
271,שונה הלכות - הלכות תפילה,כן,משנה ברורה,סימן צב,פירוש,לא,
273,שונה הלכות - הלכות תפילה,כן,משנה ברורה,סימן צב,פירוש,לא,
275,שונה הלכות - הלכות תפילה,כן,משנה ברורה,סימן צב,פירוש,לא,
277,שונה הלכות - הלכות תפילה,כן,משנה ברורה,סימן צב,פירוש,לא,
279,שונה הלכות - הלכות תפילה,כן,משנה ברורה,סימן צב,פירוש,לא,
281,שונה הלכות - הלכות תפילה,כן,משנה ברורה,סימן צב,פירוש,לא,
283,שונה הלכות - הלכות תפילה,כן,משנה ברורה,סימן צב,פירוש,לא,
285,שונה הלכות - הלכות תפילה,כן,משנה ברורה,סימן צג,פירוש,לא,
287,שונה הלכות - הלכות תפילה,כן,משנה ברורה,סימן צג,פירוש,לא,
289,שונה הלכות - הלכות תפילה,כן,משנה ברורה,סימן צג,פירוש,לא,
291,שונה הלכות - הלכות תפילה,כן,משנה ברורה,סימן צג,פירוש,לא,
292,שונה הלכות - הלכות תפילה,כן,משנה ברורה,סימן צג,פירוש,לא,
294,שונה הלכות - הלכות תפילה,כן,משנה ברורה,סימן צג,פירוש,לא,
296,שונה הלכות - הלכות תפילה,כן,משנה ברורה,סימן צג,פירוש,לא,
298,שונה הלכות - הלכות תפילה,כן,משנה ברורה,סימן צד,פירוש,לא,
300,שונה הלכות - הלכות תפילה,כן,משנה ברורה,סימן צד,פירוש,לא,
302,שונה הלכות - הלכות תפילה,כן,משנה ברורה,סימן צד,פירוש,לא,
303,שונה הלכות - הלכות תפילה,כן,משנה ברורה,סימן צד,פירוש,לא,
305,שונה הלכות - הלכות תפילה,כן,משנה ברורה,סימן צד,פירוש,לא,
307,שונה הלכות - הלכות תפילה,כן,משנה ברורה,סימן צד,פירוש,לא,
309,שונה הלכות - הלכות תפילה,כן,משנה ברורה,סימן צד,פירוש,לא,
310,שונה הלכות - הלכות תפילה,כן,משנה ברורה,סימן צד,פירוש,לא,
312,שונה הלכות - הלכות תפילה,כן,משנה ברורה,סימן צד,פירוש,לא,
313,שונה הלכות - הלכות תפילה,כן,משנה ברורה,סימן צד,פירוש,לא,
315,שונה הלכות - הלכות תפילה,כן,משנה ברורה,סימן צד,פירוש,לא,
317,שונה הלכות - הלכות תפילה,כן,משנה ברורה,סימן צד,פירוש,לא,
319,שונה הלכות - הלכות תפילה,כן,משנה ברורה,סימן צד,פירוש,לא,
321,שונה הלכות - הלכות תפילה,כן,משנה ברורה,סימן צד,פירוש,לא,
323,שונה הלכות - הלכות תפילה,כן,משנה ברורה,סימן צד,פירוש,לא,
325,שונה הלכות - הלכות תפילה,כן,משנה ברורה,סימן צד,פירוש,לא,
327,שונה הלכות - הלכות תפילה,כן,משנה ברורה,סימן צד,פירוש,לא,
329,שונה הלכות - הלכות תפילה,כן,משנה ברורה,סימן צה,פירוש,לא,
331,שונה הלכות - הלכות תפילה,כן,משנה ברורה,סימן צה,פירוש,לא,
333,שונה הלכות - הלכות תפילה,כן,משנה ברורה,סימן צה,פירוש,לא,
335,שונה הלכות - הלכות תפילה,כן,משנה ברורה,סימן צה,פירוש,לא,
337,שונה הלכות - הלכות תפילה,כן,משנה ברורה,סימן צה,פירוש,לא,
339,שונה הלכות - הלכות תפילה,כן,משנה ברורה,סימן צה,פירוש,לא,
341,שונה הלכות - הלכות תפילה,כן,משנה ברורה,סימן צה,פירוש,לא,
343,שונה הלכות - הלכות תפילה,כן,משנה ברורה,סימן צה,פירוש,לא,
345,שונה הלכות - הלכות תפילה,כן,משנה ברורה,סימן צה,פירוש,לא,
347,שונה הלכות - הלכות תפילה,כן,משנה ברורה,סימן צה,פירוש,לא,
349,שונה הלכות - הלכות תפילה,כן,משנה ברורה,סימן צה,פירוש,לא,
351,שונה הלכות - הלכות תפילה,כן,משנה ברורה,סימן צה,פירוש,לא,
353,שונה הלכות - הלכות תפילה,כן,משנה ברורה,סימן צה,פירוש,לא,
355,שונה הלכות - הלכות תפילה,כן,משנה ברורה,סימן צו,פירוש,לא,
357,שונה הלכות - הלכות תפילה,כן,משנה ברורה,סימן צו,פירוש,לא,
358,שונה הלכות - הלכות תפילה,כן,משנה ברורה,סימן צו,פירוש,לא,
360,שונה הלכות - הלכות תפילה,כן,משנה ברורה,סימן צו,פירוש,לא,
361,שונה הלכות - הלכות תפילה,כן,משנה ברורה,סימן צו,פירוש,לא,
363,שונה הלכות - הלכות תפילה,כן,משנה ברורה,סימן צו,פירוש,לא,
365,שונה הלכות - הלכות תפילה,כן,משנה ברורה,סימן צו,פירוש,לא,
367,שונה הלכות - הלכות תפילה,כן,משנה ברורה,סימן צו,פירוש,לא,
369,שונה הלכות - הלכות תפילה,כן,משנה ברורה,סימן צו,פירוש,לא,
371,שונה הלכות - הלכות תפילה,כן,משנה ברורה,סימן צו,פירוש,לא,
373,שונה הלכות - הלכות תפילה,כן,משנה ברורה,סימן צו,פירוש,לא,
375,שונה הלכות - הלכות תפילה,כן,משנה ברורה,סימן צז,פירוש,לא,
377,שונה הלכות - הלכות תפילה,כן,משנה ברורה,סימן צז,פירוש,לא,
379,שונה הלכות - הלכות תפילה,כן,משנה ברורה,סימן צז,פירוש,לא,
381,שונה הלכות - הלכות תפילה,כן,משנה ברורה,סימן צז,פירוש,לא,
383,שונה הלכות - הלכות תפילה,כן,משנה ברורה,סימן צז,פירוש,לא,
385,שונה הלכות - הלכות תפילה,כן,משנה ברורה,סימן צז,פירוש,לא,
387,שונה הלכות - הלכות תפילה,כן,משנה ברורה,סימן צז,פירוש,לא,
389,שונה הלכות - הלכות תפילה,כן,משנה ברורה,סימן צז,פירוש,לא,
391,שונה הלכות - הלכות תפילה,כן,משנה ברורה,סימן צז,פירוש,לא,
393,שונה הלכות - הלכות תפילה,כן,משנה ברורה,סימן צח,פירוש,לא,
395,שונה הלכות - הלכות תפילה,כן,משנה ברורה,סימן צח,פירוש,לא,
397,שונה הלכות - הלכות תפילה,כן,משנה ברורה,סימן צח,פירוש,לא,
399,שונה הלכות - הלכות תפילה,כן,משנה ברורה,סימן צח,פירוש,לא,
401,שונה הלכות - הלכות תפילה,כן,משנה ברורה,סימן צח,פירוש,לא,
403,שונה הלכות - הלכות תפילה,כן,משנה ברורה,סימן צח,פירוש,לא,
405,שונה הלכות - הלכות תפילה,כן,משנה ברורה,סימן צח,פירוש,לא,
407,שונה הלכות - הלכות תפילה,כן,משנה ברורה,סימן צח,פירוש,לא,
409,שונה הלכות - הלכות תפילה,כן,משנה ברורה,סימן צח,פירוש,לא,
411,שונה הלכות - הלכות תפילה,כן,משנה ברורה,סימן צח,פירוש,לא,
413,שונה הלכות - הלכות תפילה,כן,משנה ברורה,סימן צח,פירוש,לא,
415,שונה הלכות - הלכות תפילה,כן,משנה ברורה,סימן צח,פירוש,לא,
417,שונה הלכות - הלכות תפילה,כן,משנה ברורה,סימן צח,פירוש,לא,
419,שונה הלכות - הלכות תפילה,כן,משנה ברורה,סימן צח,פירוש,לא,
421,שונה הלכות - הלכות תפילה,כן,משנה ברורה,סימן צט,פירוש,לא,
423,שונה הלכות - הלכות תפילה,כן,משנה ברורה,סימן צט,פירוש,לא,
424,שונה הלכות - הלכות תפילה,כן,משנה ברורה,סימן צט,פירוש,לא,
426,שונה הלכות - הלכות תפילה,כן,משנה ברורה,סימן צט,פירוש,לא,
428,שונה הלכות - הלכות תפילה,כן,משנה ברורה,סימן צט,פירוש,לא,
430,שונה הלכות - הלכות תפילה,כן,משנה ברורה,סימן צט,פירוש,לא,
432,שונה הלכות - הלכות תפילה,כן,משנה ברורה,סימן ק,פירוש,לא,
434,שונה הלכות - הלכות תפילה,כן,משנה ברורה,סימן ק,פירוש,לא,
435,שונה הלכות - הלכות תפילה,כן,משנה ברורה,סימן ק,פירוש,לא,
437,שונה הלכות - הלכות תפילה,כן,משנה ברורה,סימן קא,פירוש,לא,
439,שונה הלכות - הלכות תפילה,כן,משנה ברורה,סימן קא,פירוש,לא,
441,שונה הלכות - הלכות תפילה,כן,משנה ברורה,סימן קא,פירוש,לא,
443,שונה הלכות - הלכות תפילה,כן,משנה ברורה,סימן קא,פירוש,לא,
445,שונה הלכות - הלכות תפילה,כן,משנה ברורה,סימן קא,פירוש,לא,
447,שונה הלכות - הלכות תפילה,כן,משנה ברורה,סימן קא,פירוש,לא,
449,שונה הלכות - הלכות תפילה,כן,משנה ברורה,סימן קא,פירוש,לא,
451,שונה הלכות - הלכות תפילה,כן,משנה ברורה,סימן קא,פירוש,לא,
453,שונה הלכות - הלכות תפילה,כן,משנה ברורה,סימן קא,פירוש,לא,
455,שונה הלכות - הלכות תפילה,כן,משנה ברורה,סימן קא,פירוש,לא,
457,שונה הלכות - הלכות תפילה,כן,משנה ברורה,סימן קא,פירוש,לא,
458,שונה הלכות - הלכות תפילה,כן,משנה ברורה,סימן קא,פירוש,לא,
460,שונה הלכות - הלכות תפילה,כן,משנה ברורה,סימן קב,פירוש,לא,
462,שונה הלכות - הלכות תפילה,כן,משנה ברורה,סימן קב,פירוש,לא,
464,שונה הלכות - הלכות תפילה,כן,משנה ברורה,סימן קב,פירוש,לא,
466,שונה הלכות - הלכות תפילה,כן,משנה ברורה,סימן קב,פירוש,לא,
468,שונה הלכות - הלכות תפילה,כן,משנה ברורה,סימן קב,פירוש,לא,
470,שונה הלכות - הלכות תפילה,כן,משנה ברורה,סימן קב,פירוש,לא,
472,שונה הלכות - הלכות תפילה,כן,משנה ברורה,סימן קב,פירוש,לא,
474,שונה הלכות - הלכות תפילה,כן,משנה ברורה,סימן קב,פירוש,לא,
476,שונה הלכות - הלכות תפילה,כן,משנה ברורה,סימן קב,פירוש,לא,
478,שונה הלכות - הלכות תפילה,כן,משנה ברורה,סימן קג,פירוש,לא,
480,שונה הלכות - הלכות תפילה,כן,משנה ברורה,סימן קג,פירוש,לא,
482,שונה הלכות - הלכות תפילה,כן,משנה ברורה,סימן קג,פירוש,לא,
483,שונה הלכות - הלכות תפילה,כן,משנה ברורה,סימן קג,פירוש,לא,
484,שונה הלכות - הלכות תפילה,כן,משנה ברורה,סימן קג,פירוש,לא,
486,שונה הלכות - הלכות תפילה,כן,משנה ברורה,סימן קג,פירוש,לא,
488,שונה הלכות - הלכות תפילה,כן,משנה ברורה,סימן קג,פירוש,לא,
490,שונה הלכות - הלכות תפילה,כן,משנה ברורה,סימן קד,פירוש,לא,
492,שונה הלכות - הלכות תפילה,כן,משנה ברורה,סימן קד,פירוש,לא,
494,שונה הלכות - הלכות תפילה,כן,משנה ברורה,סימן קד,פירוש,לא,
496,שונה הלכות - הלכות תפילה,כן,משנה ברורה,סימן קד,פירוש,לא,
498,שונה הלכות - הלכות תפילה,כן,משנה ברורה,סימן קד,פירוש,לא,
500,שונה הלכות - הלכות תפילה,כן,משנה ברורה,סימן קד,פירוש,לא,
502,שונה הלכות - הלכות תפילה,כן,משנה ברורה,סימן קד,פירוש,לא,
504,שונה הלכות - הלכות תפילה,כן,משנה ברורה,סימן קד,פירוש,לא,
505,שונה הלכות - הלכות תפילה,כן,משנה ברורה,סימן קד,פירוש,לא,
507,שונה הלכות - הלכות תפילה,כן,משנה ברורה,סימן קד,פירוש,לא,
509,שונה הלכות - הלכות תפילה,כן,משנה ברורה,סימן קד,פירוש,לא,
511,שונה הלכות - הלכות תפילה,כן,משנה ברורה,סימן קד,פירוש,לא,
513,שונה הלכות - הלכות תפילה,כן,משנה ברורה,סימן קד,פירוש,לא,
515,שונה הלכות - הלכות תפילה,כן,משנה ברורה,סימן קד,פירוש,לא,
517,שונה הלכות - הלכות תפילה,כן,משנה ברורה,סימן קד,פירוש,לא,
519,שונה הלכות - הלכות תפילה,כן,משנה ברורה,סימן קד,פירוש,לא,
521,שונה הלכות - הלכות תפילה,כן,משנה ברורה,סימן קד,פירוש,לא,
523,שונה הלכות - הלכות תפילה,כן,משנה ברורה,סימן קד,פירוש,לא,
525,שונה הלכות - הלכות תפילה,כן,משנה ברורה,סימן קד,פירוש,לא,
527,שונה הלכות - הלכות תפילה,כן,משנה ברורה,סימן קה,פירוש,לא,
529,שונה הלכות - הלכות תפילה,כן,משנה ברורה,סימן קה,פירוש,לא,
531,שונה הלכות - הלכות תפילה,כן,משנה ברורה,סימן קה,פירוש,לא,
533,שונה הלכות - הלכות תפילה,כן,משנה ברורה,סימן קו,פירוש,לא,
535,שונה הלכות - הלכות תפילה,כן,משנה ברורה,סימן קו,פירוש,לא,
537,שונה הלכות - הלכות תפילה,כן,משנה ברורה,סימן קו,פירוש,לא,
539,שונה הלכות - הלכות תפילה,כן,משנה ברורה,סימן קו,פירוש,לא,
541,שונה הלכות - הלכות תפילה,כן,משנה ברורה,סימן קו,פירוש,לא,
543,שונה הלכות - הלכות תפילה,כן,משנה ברורה,סימן קו,פירוש,לא,
545,שונה הלכות - הלכות תפילה,כן,משנה ברורה,סימן קו,פירוש,לא,
547,שונה הלכות - הלכות תפילה,כן,משנה ברורה,סימן קז,פירוש,לא,
549,שונה הלכות - הלכות תפילה,כן,משנה ברורה,סימן קז,פירוש,לא,
551,שונה הלכות - הלכות תפילה,כן,משנה ברורה,סימן קז,פירוש,לא,
553,שונה הלכות - הלכות תפילה,כן,משנה ברורה,סימן קז,פירוש,לא,
555,שונה הלכות - הלכות תפילה,כן,משנה ברורה,סימן קז,פירוש,לא,
557,שונה הלכות - הלכות תפילה,כן,משנה ברורה,סימן קז,פירוש,לא,
559,שונה הלכות - הלכות תפילה,כן,משנה ברורה,סימן קז,פירוש,לא,
561,שונה הלכות - הלכות תפילה,כן,משנה ברורה,סימן קח,פירוש,לא,
563,שונה הלכות - הלכות תפילה,כן,משנה ברורה,סימן קח,פירוש,לא,
565,שונה הלכות - הלכות תפילה,כן,משנה ברורה,סימן קח,פירוש,לא,
567,שונה הלכות - הלכות תפילה,כן,משנה ברורה,סימן קח,פירוש,לא,
569,שונה הלכות - הלכות תפילה,כן,משנה ברורה,סימן קח,פירוש,לא,
571,שונה הלכות - הלכות תפילה,כן,משנה ברורה,סימן קח,פירוש,לא,
573,שונה הלכות - הלכות תפילה,כן,משנה ברורה,סימן קח,פירוש,לא,
575,שונה הלכות - הלכות תפילה,כן,משנה ברורה,סימן קח,פירוש,לא,
577,שונה הלכות - הלכות תפילה,כן,משנה ברורה,סימן קח,פירוש,לא,
579,שונה הלכות - הלכות תפילה,כן,משנה ברורה,סימן קח,פירוש,לא,
581,שונה הלכות - הלכות תפילה,כן,משנה ברורה,סימן קח,פירוש,לא,
582,שונה הלכות - הלכות תפילה,כן,משנה ברורה,סימן קח,פירוש,לא,
584,שונה הלכות - הלכות תפילה,כן,משנה ברורה,סימן קח,פירוש,לא,
586,שונה הלכות - הלכות תפילה,כן,משנה ברורה,סימן קח,פירוש,לא,
588,שונה הלכות - הלכות תפילה,כן,משנה ברורה,סימן קח,פירוש,לא,
590,שונה הלכות - הלכות תפילה,כן,משנה ברורה,סימן קח,פירוש,לא,
592,שונה הלכות - הלכות תפילה,כן,משנה ברורה,סימן קח,פירוש,לא,
594,שונה הלכות - הלכות תפילה,כן,משנה ברורה,סימן קח,פירוש,לא,
595,שונה הלכות - הלכות תפילה,כן,משנה ברורה,סימן קח,פירוש,לא,
597,שונה הלכות - הלכות תפילה,כן,משנה ברורה,סימן קח,פירוש,לא,
599,שונה הלכות - הלכות תפילה,כן,משנה ברורה,סימן קח,פירוש,לא,
601,שונה הלכות - הלכות תפילה,כן,משנה ברורה,סימן קח,פירוש,לא,
603,שונה הלכות - הלכות תפילה,כן,משנה ברורה,סימן קח,פירוש,לא,
604,שונה הלכות - הלכות תפילה,כן,משנה ברורה,סימן קח,פירוש,לא,
606,שונה הלכות - הלכות תפילה,כן,משנה ברורה,סימן קח,פירוש,לא,
608,שונה הלכות - הלכות תפילה,כן,משנה ברורה,סימן קח,פירוש,לא,
610,שונה הלכות - הלכות תפילה,כן,משנה ברורה,סימן קח,פירוש,לא,
611,שונה הלכות - הלכות תפילה,כן,משנה ברורה,סימן קח,פירוש,לא,
613,שונה הלכות - הלכות תפילה,כן,משנה ברורה,סימן קח,פירוש,לא,
614,שונה הלכות - הלכות תפילה,כן,משנה ברורה,סימן קח,פירוש,לא,
616,שונה הלכות - הלכות תפילה,כן,משנה ברורה,סימן קח,פירוש,לא,
617,שונה הלכות - הלכות תפילה,כן,משנה ברורה,סימן קח,פירוש,לא,
618,שונה הלכות - הלכות תפילה,כן,משנה ברורה,סימן קח,פירוש,לא,
620,שונה הלכות - הלכות תפילה,כן,משנה ברורה,סימן קח,פירוש,לא,
621,שונה הלכות - הלכות תפילה,כן,משנה ברורה,סימן קח,פירוש,לא,
623,שונה הלכות - הלכות תפילה,כן,משנה ברורה,סימן קח,פירוש,לא,
625,שונה הלכות - הלכות תפילה,כן,משנה ברורה,סימן קח,פירוש,לא,
626,שונה הלכות - הלכות תפילה,כן,משנה ברורה,סימן קח,פירוש,לא,
627,שונה הלכות - הלכות תפילה,כן,משנה ברורה,סימן קח,פירוש,לא,
629,שונה הלכות - הלכות תפילה,כן,משנה ברורה,סימן קח,פירוש,לא,
631,שונה הלכות - הלכות תפילה,כן,משנה ברורה,סימן קט,פירוש,לא,
633,שונה הלכות - הלכות תפילה,כן,משנה ברורה,סימן קט,פירוש,לא,
634,שונה הלכות - הלכות תפילה,כן,משנה ברורה,סימן קט,פירוש,לא,
636,שונה הלכות - הלכות תפילה,כן,משנה ברורה,סימן קט,פירוש,לא,
637,שונה הלכות - הלכות תפילה,כן,משנה ברורה,סימן קט,פירוש,לא,
638,שונה הלכות - הלכות תפילה,כן,משנה ברורה,סימן קט,פירוש,לא,
640,שונה הלכות - הלכות תפילה,כן,משנה ברורה,סימן קט,פירוש,לא,
642,שונה הלכות - הלכות תפילה,כן,משנה ברורה,סימן קט,פירוש,לא,
644,שונה הלכות - הלכות תפילה,כן,משנה ברורה,סימן קט,פירוש,לא,
646,שונה הלכות - הלכות תפילה,כן,משנה ברורה,סימן קט,פירוש,לא,
648,שונה הלכות - הלכות תפילה,כן,משנה ברורה,סימן קט,פירוש,לא,
650,שונה הלכות - הלכות תפילה,כן,משנה ברורה,סימן קט,פירוש,לא,
652,שונה הלכות - הלכות תפילה,כן,משנה ברורה,סימן קי,פירוש,לא,
654,שונה הלכות - הלכות תפילה,כן,משנה ברורה,סימן קי,פירוש,לא,
656,שונה הלכות - הלכות תפילה,כן,משנה ברורה,סימן קי,פירוש,לא,
658,שונה הלכות - הלכות תפילה,כן,משנה ברורה,סימן קי,פירוש,לא,
659,שונה הלכות - הלכות תפילה,כן,משנה ברורה,סימן קי,פירוש,לא,
661,שונה הלכות - הלכות תפילה,כן,משנה ברורה,סימן קי,פירוש,לא,
663,שונה הלכות - הלכות תפילה,כן,משנה ברורה,סימן קי,פירוש,לא,
664,שונה הלכות - הלכות תפילה,כן,משנה ברורה,סימן קי,פירוש,לא,
665,שונה הלכות - הלכות תפילה,כן,משנה ברורה,סימן קי,פירוש,לא,
667,שונה הלכות - הלכות תפילה,כן,משנה ברורה,סימן קי,פירוש,לא,
668,שונה הלכות - הלכות תפילה,כן,משנה ברורה,סימן קי,פירוש,לא,
670,שונה הלכות - הלכות תפילה,כן,משנה ברורה,סימן קי,פירוש,לא,
672,שונה הלכות - הלכות תפילה,כן,משנה ברורה,סימן קי,פירוש,לא,
673,שונה הלכות - הלכות תפילה,כן,משנה ברורה,סימן קי,פירוש,לא,
674,שונה הלכות - הלכות תפילה,כן,משנה ברורה,סימן קי,פירוש,לא,
676,שונה הלכות - הלכות תפילה,כן,משנה ברורה,סימן קי,פירוש,לא,
678,שונה הלכות - הלכות תפילה,כן,משנה ברורה,סימן קי,פירוש,לא,
680,שונה הלכות - הלכות תפילה,כן,משנה ברורה,סימן קי,פירוש,לא,
681,שונה הלכות - הלכות תפילה,כן,משנה ברורה,סימן קי,פירוש,לא,
683,שונה הלכות - הלכות תפילה,כן,משנה ברורה,סימן קי,פירוש,לא,
684,שונה הלכות - הלכות תפילה,כן,משנה ברורה,סימן קי,פירוש,לא,
686,שונה הלכות - הלכות תפילה,כן,משנה ברורה,סימן קי,פירוש,לא,
688,שונה הלכות - הלכות תפילה,כן,משנה ברורה,סימן קי,פירוש,לא,
690,שונה הלכות - הלכות תפילה,כן,משנה ברורה,סימן קי,פירוש,לא,
692,שונה הלכות - הלכות תפילה,כן,משנה ברורה,סימן קי,פירוש,לא,
694,שונה הלכות - הלכות תפילה,כן,משנה ברורה,סימן קי,פירוש,לא,
696,שונה הלכות - הלכות תפילה,כן,משנה ברורה,סימן קי,פירוש,לא,
698,שונה הלכות - הלכות תפילה,כן,משנה ברורה,סימן קי,פירוש,לא,
700,שונה הלכות - הלכות תפילה,כן,משנה ברורה,סימן קי,פירוש,לא,
702,שונה הלכות - הלכות תפילה,כן,משנה ברורה,סימן קי,פירוש,לא,
703,שונה הלכות - הלכות תפילה,כן,משנה ברורה,סימן קי,פירוש,לא,
705,שונה הלכות - הלכות תפילה,כן,משנה ברורה,סימן קי,פירוש,לא,
706,שונה הלכות - הלכות תפילה,כן,משנה ברורה,סימן קי,פירוש,לא,
708,שונה הלכות - הלכות תפילה,כן,משנה ברורה,סימן קיא,פירוש,לא,
710,שונה הלכות - הלכות תפילה,כן,משנה ברורה,סימן קיא,פירוש,לא,
712,שונה הלכות - הלכות תפילה,כן,משנה ברורה,סימן קיא,פירוש,לא,
714,שונה הלכות - הלכות תפילה,כן,משנה ברורה,סימן קיא,פירוש,לא,
715,שונה הלכות - הלכות תפילה,כן,משנה ברורה,סימן קיא,פירוש,לא,
717,שונה הלכות - הלכות תפילה,כן,משנה ברורה,סימן קיא,פירוש,לא,
719,שונה הלכות - הלכות תפילה,כן,משנה ברורה,סימן קיא,פירוש,לא,
721,שונה הלכות - הלכות תפילה,כן,משנה ברורה,סימן קיא,פירוש,לא,
723,שונה הלכות - הלכות תפילה,כן,משנה ברורה,סימן קיא,פירוש,לא,
725,שונה הלכות - הלכות תפילה,כן,משנה ברורה,סימן קיב,פירוש,לא,
727,שונה הלכות - הלכות תפילה,כן,משנה ברורה,סימן קיב,פירוש,לא,
729,שונה הלכות - הלכות תפילה,כן,משנה ברורה,סימן קיב,פירוש,לא,
732,שונה הלכות - הלכות תפילה,כן,משנה ברורה,סימן קיג,פירוש,לא,
734,שונה הלכות - הלכות תפילה,כן,משנה ברורה,סימן קיג,פירוש,לא,
736,שונה הלכות - הלכות תפילה,כן,משנה ברורה,סימן קיג,פירוש,לא,
738,שונה הלכות - הלכות תפילה,כן,משנה ברורה,סימן קיג,פירוש,לא,
740,שונה הלכות - הלכות תפילה,כן,משנה ברורה,סימן קיג,פירוש,לא,
742,שונה הלכות - הלכות תפילה,כן,משנה ברורה,סימן קיג,פירוש,לא,
744,שונה הלכות - הלכות תפילה,כן,משנה ברורה,סימן קיג,פירוש,לא,
746,שונה הלכות - הלכות תפילה,כן,משנה ברורה,סימן קיג,פירוש,לא,
748,שונה הלכות - הלכות תפילה,כן,משנה ברורה,סימן קיג,פירוש,לא,
750,שונה הלכות - הלכות תפילה,כן,משנה ברורה,סימן קיג,פירוש,לא,
752,שונה הלכות - הלכות תפילה,כן,משנה ברורה,סימן קיג,פירוש,לא,
754,שונה הלכות - הלכות תפילה,כן,משנה ברורה,סימן קיד,פירוש,לא,
756,שונה הלכות - הלכות תפילה,כן,משנה ברורה,סימן קיד,פירוש,לא,
758,שונה הלכות - הלכות תפילה,כן,משנה ברורה,סימן קיד,פירוש,לא,
760,שונה הלכות - הלכות תפילה,כן,משנה ברורה,סימן קיד,פירוש,לא,
762,שונה הלכות - הלכות תפילה,כן,משנה ברורה,סימן קיד,פירוש,לא,
764,שונה הלכות - הלכות תפילה,כן,משנה ברורה,סימן קיד,פירוש,לא,
766,שונה הלכות - הלכות תפילה,כן,משנה ברורה,סימן קיד,פירוש,לא,
768,שונה הלכות - הלכות תפילה,כן,משנה ברורה,סימן קיד,פירוש,לא,
770,שונה הלכות - הלכות תפילה,כן,משנה ברורה,סימן קיד,פירוש,לא,
771,שונה הלכות - הלכות תפילה,כן,משנה ברורה,סימן קיד,פירוש,לא,
773,שונה הלכות - הלכות תפילה,כן,משנה ברורה,סימן קיד,פירוש,לא,
775,שונה הלכות - הלכות תפילה,כן,משנה ברורה,סימן קיד,פירוש,לא,
776,שונה הלכות - הלכות תפילה,כן,משנה ברורה,סימן קיד,פירוש,לא,
778,שונה הלכות - הלכות תפילה,כן,משנה ברורה,סימן קיד,פירוש,לא,
780,שונה הלכות - הלכות תפילה,כן,משנה ברורה,סימן קיד,פירוש,לא,
781,שונה הלכות - הלכות תפילה,כן,משנה ברורה,סימן קיד,פירוש,לא,
782,שונה הלכות - הלכות תפילה,כן,משנה ברורה,סימן קיד,פירוש,לא,
783,שונה הלכות - הלכות תפילה,כן,משנה ברורה,סימן קיד,פירוש,לא,
785,שונה הלכות - הלכות תפילה,כן,משנה ברורה,סימן קיד,פירוש,לא,
787,שונה הלכות - הלכות תפילה,כן,משנה ברורה,סימן קיד,פירוש,לא,
789,שונה הלכות - הלכות תפילה,כן,משנה ברורה,סימן קיד,פירוש,לא,
791,שונה הלכות - הלכות תפילה,כן,משנה ברורה,סימן קיד,פירוש,לא,
793,שונה הלכות - הלכות תפילה,כן,משנה ברורה,סימן קיד,פירוש,לא,
795,שונה הלכות - הלכות תפילה,כן,משנה ברורה,סימן קיד,פירוש,לא,
797,שונה הלכות - הלכות תפילה,כן,משנה ברורה,סימן קטו,פירוש,לא,
799,שונה הלכות - הלכות תפילה,כן,משנה ברורה,סימן קטו,פירוש,לא,
801,שונה הלכות - הלכות תפילה,כן,משנה ברורה,סימן קטו,פירוש,לא,
803,שונה הלכות - הלכות תפילה,כן,משנה ברורה,סימן קטו,פירוש,לא,
805,שונה הלכות - הלכות תפילה,כן,משנה ברורה,סימן קטז,פירוש,לא,
807,שונה הלכות - הלכות תפילה,כן,משנה ברורה,סימן קטז,פירוש,לא,
809,שונה הלכות - הלכות תפילה,כן,משנה ברורה,סימן קטז,פירוש,לא,
811,שונה הלכות - הלכות תפילה,כן,משנה ברורה,סימן קטז,פירוש,לא,
813,שונה הלכות - הלכות תפילה,כן,משנה ברורה,סימן קטז,פירוש,לא,
815,שונה הלכות - הלכות תפילה,כן,משנה ברורה,סימן קיז,פירוש,לא,
817,שונה הלכות - הלכות תפילה,כן,משנה ברורה,סימן קיז,פירוש,לא,
819,שונה הלכות - הלכות תפילה,כן,משנה ברורה,סימן קיז,פירוש,לא,
820,שונה הלכות - הלכות תפילה,כן,משנה ברורה,סימן קיז,פירוש,לא,
822,שונה הלכות - הלכות תפילה,כן,משנה ברורה,סימן קיז,פירוש,לא,
824,שונה הלכות - הלכות תפילה,כן,משנה ברורה,סימן קיז,פירוש,לא,
826,שונה הלכות - הלכות תפילה,כן,משנה ברורה,סימן קיז,פירוש,לא,
828,שונה הלכות - הלכות תפילה,כן,משנה ברורה,סימן קיז,פירוש,לא,
830,שונה הלכות - הלכות תפילה,כן,משנה ברורה,סימן קיז,פירוש,לא,
832,שונה הלכות - הלכות תפילה,כן,משנה ברורה,סימן קיז,פירוש,לא,
834,שונה הלכות - הלכות תפילה,כן,משנה ברורה,סימן קיז,פירוש,לא,
836,שונה הלכות - הלכות תפילה,כן,משנה ברורה,סימן קיז,פירוש,לא,
837,שונה הלכות - הלכות תפילה,כן,משנה ברורה,סימן קיז,פירוש,לא,
839,שונה הלכות - הלכות תפילה,כן,משנה ברורה,סימן קיח,פירוש,לא,
841,שונה הלכות - הלכות תפילה,כן,משנה ברורה,סימן קיח,פירוש,לא,
843,שונה הלכות - הלכות תפילה,כן,משנה ברורה,סימן קיח,פירוש,לא,
845,שונה הלכות - הלכות תפילה,כן,משנה ברורה,סימן קיט,פירוש,לא,
847,שונה הלכות - הלכות תפילה,כן,משנה ברורה,סימן קיט,פירוש,לא,
849,שונה הלכות - הלכות תפילה,כן,משנה ברורה,סימן קיט,פירוש,לא,
851,שונה הלכות - הלכות תפילה,כן,משנה ברורה,סימן קיט,פירוש,לא,
853,שונה הלכות - הלכות תפילה,כן,משנה ברורה,סימן קיט,פירוש,לא,
855,שונה הלכות - הלכות תפילה,כן,משנה ברורה,סימן קיט,פירוש,לא,
857,שונה הלכות - הלכות תפילה,כן,משנה ברורה,סימן קיט,פירוש,לא,
859,שונה הלכות - הלכות תפילה,כן,משנה ברורה,סימן קיט,פירוש,לא,
861,שונה הלכות - הלכות תפילה,כן,משנה ברורה,סימן קיט,פירוש,לא,
863,שונה הלכות - הלכות תפילה,כן,משנה ברורה,סימן קיט,פירוש,לא,
865,שונה הלכות - הלכות תפילה,כן,משנה ברורה,סימן קיט,פירוש,לא,
867,שונה הלכות - הלכות תפילה,כן,משנה ברורה,סימן קיט,פירוש,לא,
869,שונה הלכות - הלכות תפילה,כן,משנה ברורה,סימן קכ,פירוש,לא,
871,שונה הלכות - הלכות תפילה,כן,משנה ברורה,סימן קכ,פירוש,לא,
873,שונה הלכות - הלכות תפילה,כן,משנה ברורה,סימן קכ,פירוש,לא,
875,שונה הלכות - הלכות תפילה,כן,משנה ברורה,סימן קכא,פירוש,לא,
877,שונה הלכות - הלכות תפילה,כן,משנה ברורה,סימן קכא,פירוש,לא,
878,שונה הלכות - הלכות תפילה,כן,משנה ברורה,סימן קכא,פירוש,לא,
880,שונה הלכות - הלכות תפילה,כן,משנה ברורה,סימן קכא,פירוש,לא,
882,שונה הלכות - הלכות תפילה,כן,משנה ברורה,סימן קכא,פירוש,לא,
883,שונה הלכות - הלכות תפילה,כן,משנה ברורה,סימן קכא,פירוש,לא,
885,שונה הלכות - הלכות תפילה,כן,משנה ברורה,סימן קכא,פירוש,לא,
887,שונה הלכות - הלכות תפילה,כן,משנה ברורה,סימן קכב,פירוש,לא,
889,שונה הלכות - הלכות תפילה,כן,משנה ברורה,סימן קכב,פירוש,לא,
891,שונה הלכות - הלכות תפילה,כן,משנה ברורה,סימן קכב,פירוש,לא,
893,שונה הלכות - הלכות תפילה,כן,משנה ברורה,סימן קכב,פירוש,לא,
895,שונה הלכות - הלכות תפילה,כן,משנה ברורה,סימן קכב,פירוש,לא,
897,שונה הלכות - הלכות תפילה,כן,משנה ברורה,סימן קכב,פירוש,לא,
899,שונה הלכות - הלכות תפילה,כן,משנה ברורה,סימן קכב,פירוש,לא,
901,שונה הלכות - הלכות תפילה,כן,משנה ברורה,סימן קכג,פירוש,לא,
903,שונה הלכות - הלכות תפילה,כן,משנה ברורה,סימן קכג,פירוש,לא,
905,שונה הלכות - הלכות תפילה,כן,משנה ברורה,סימן קכג,פירוש,לא,
906,שונה הלכות - הלכות תפילה,כן,משנה ברורה,סימן קכג,פירוש,לא,
907,שונה הלכות - הלכות תפילה,כן,משנה ברורה,סימן קכג,פירוש,לא,
909,שונה הלכות - הלכות תפילה,כן,משנה ברורה,סימן קכג,פירוש,לא,
910,שונה הלכות - הלכות תפילה,כן,משנה ברורה,סימן קכג,פירוש,לא,
912,שונה הלכות - הלכות תפילה,כן,משנה ברורה,סימן קכג,פירוש,לא,
913,שונה הלכות - הלכות תפילה,כן,משנה ברורה,סימן קכג,פירוש,לא,
914,שונה הלכות - הלכות תפילה,כן,משנה ברורה,סימן קכג,פירוש,לא,
916,שונה הלכות - הלכות תפילה,כן,משנה ברורה,סימן קכג,פירוש,לא,
917,שונה הלכות - הלכות תפילה,כן,משנה ברורה,סימן קכג,פירוש,לא,
919,שונה הלכות - הלכות תפילה,כן,משנה ברורה,סימן קכג,פירוש,לא,
921,שונה הלכות - הלכות תפילה,כן,משנה ברורה,סימן קכג,פירוש,לא,
923,שונה הלכות - הלכות תפילה,כן,משנה ברורה,סימן קכג,פירוש,לא,
925,שונה הלכות - הלכות תפילה,כן,משנה ברורה,סימן קכד,פירוש,לא,
927,שונה הלכות - הלכות תפילה,כן,משנה ברורה,סימן קכד,פירוש,לא,
929,שונה הלכות - הלכות תפילה,כן,משנה ברורה,סימן קכד,פירוש,לא,
931,שונה הלכות - הלכות תפילה,כן,משנה ברורה,סימן קכד,פירוש,לא,
933,שונה הלכות - הלכות תפילה,כן,משנה ברורה,סימן קכד,פירוש,לא,
935,שונה הלכות - הלכות תפילה,כן,משנה ברורה,סימן קכד,פירוש,לא,
937,שונה הלכות - הלכות תפילה,כן,משנה ברורה,סימן קכד,פירוש,לא,
939,שונה הלכות - הלכות תפילה,כן,משנה ברורה,סימן קכד,פירוש,לא,
941,שונה הלכות - הלכות תפילה,כן,משנה ברורה,סימן קכד,פירוש,לא,
943,שונה הלכות - הלכות תפילה,כן,משנה ברורה,סימן קכד,פירוש,לא,
945,שונה הלכות - הלכות תפילה,כן,משנה ברורה,סימן קכד,פירוש,לא,
947,שונה הלכות - הלכות תפילה,כן,משנה ברורה,סימן קכד,פירוש,לא,
949,שונה הלכות - הלכות תפילה,כן,משנה ברורה,סימן קכד,פירוש,לא,
950,שונה הלכות - הלכות תפילה,כן,משנה ברורה,סימן קכד,פירוש,לא,
951,שונה הלכות - הלכות תפילה,כן,משנה ברורה,סימן קכד,פירוש,לא,
952,שונה הלכות - הלכות תפילה,כן,משנה ברורה,סימן קכד,פירוש,לא,
953,שונה הלכות - הלכות תפילה,כן,משנה ברורה,סימן קכד,פירוש,לא,
955,שונה הלכות - הלכות תפילה,כן,משנה ברורה,סימן קכד,פירוש,לא,
957,שונה הלכות - הלכות תפילה,כן,משנה ברורה,סימן קכד,פירוש,לא,
959,שונה הלכות - הלכות תפילה,כן,משנה ברורה,סימן קכד,פירוש,לא,
961,שונה הלכות - הלכות תפילה,כן,משנה ברורה,סימן קכד,פירוש,לא,
963,שונה הלכות - הלכות תפילה,כן,משנה ברורה,סימן קכד,פירוש,לא,
965,שונה הלכות - הלכות תפילה,כן,משנה ברורה,סימן קכד,פירוש,לא,
967,שונה הלכות - הלכות תפילה,כן,משנה ברורה,סימן קכד,פירוש,לא,
969,שונה הלכות - הלכות תפילה,כן,משנה ברורה,סימן קכד,פירוש,לא,
970,שונה הלכות - הלכות תפילה,כן,משנה ברורה,סימן קכד,פירוש,לא,
971,שונה הלכות - הלכות תפילה,כן,משנה ברורה,סימן קכד,פירוש,לא,
973,שונה הלכות - הלכות תפילה,כן,משנה ברורה,סימן קכד,פירוש,לא,
975,שונה הלכות - הלכות תפילה,כן,משנה ברורה,סימן קכד,פירוש,לא,
977,שונה הלכות - הלכות תפילה,כן,משנה ברורה,סימן קכד,פירוש,לא,
979,שונה הלכות - הלכות תפילה,כן,משנה ברורה,סימן קכד,פירוש,לא,
980,שונה הלכות - הלכות תפילה,כן,משנה ברורה,סימן קכד,פירוש,לא,
982,שונה הלכות - הלכות תפילה,כן,משנה ברורה,סימן קכד,פירוש,לא,
983,שונה הלכות - הלכות תפילה,כן,משנה ברורה,סימן קכד,פירוש,לא,
985,שונה הלכות - הלכות תפילה,כן,משנה ברורה,סימן קכד,פירוש,לא,
987,שונה הלכות - הלכות תפילה,כן,משנה ברורה,סימן קכד,פירוש,לא,
988,שונה הלכות - הלכות תפילה,כן,משנה ברורה,סימן קכד,פירוש,לא,
990,שונה הלכות - הלכות תפילה,כן,משנה ברורה,סימן קכד,פירוש,לא,
992,שונה הלכות - הלכות תפילה,כן,משנה ברורה,סימן קכד,פירוש,לא,
994,שונה הלכות - הלכות תפילה,כן,משנה ברורה,סימן קכד,פירוש,לא,
996,שונה הלכות - הלכות תפילה,כן,משנה ברורה,סימן קכד,פירוש,לא,
997,שונה הלכות - הלכות תפילה,כן,משנה ברורה,סימן קכד,פירוש,לא,
999,שונה הלכות - הלכות תפילה,כן,משנה ברורה,סימן קכד,פירוש,לא,
1001,שונה הלכות - הלכות תפילה,כן,משנה ברורה,סימן קכד,פירוש,לא,
1003,שונה הלכות - הלכות תפילה,כן,משנה ברורה,סימן קכד,פירוש,לא,
1004,שונה הלכות - הלכות תפילה,כן,משנה ברורה,סימן קכד,פירוש,לא,
1006,שונה הלכות - הלכות תפילה,כן,משנה ברורה,סימן קכד,פירוש,לא,
1008,שונה הלכות - הלכות תפילה,כן,משנה ברורה,סימן קכה,פירוש,לא,
1010,שונה הלכות - הלכות תפילה,כן,משנה ברורה,סימן קכה,פירוש,לא,
1012,שונה הלכות - הלכות תפילה,כן,משנה ברורה,סימן קכה,פירוש,לא,
1014,שונה הלכות - הלכות תפילה,כן,משנה ברורה,סימן קכה,פירוש,לא,
1016,שונה הלכות - הלכות תפילה,כן,משנה ברורה,סימן קכה,פירוש,לא,
1018,שונה הלכות - הלכות תפילה,כן,משנה ברורה,סימן קכה,פירוש,לא,
1020,שונה הלכות - הלכות תפילה,כן,משנה ברורה,סימן קכה,פירוש,לא,
1022,שונה הלכות - הלכות תפילה,כן,משנה ברורה,סימן קכה,פירוש,לא,
1024,שונה הלכות - הלכות תפילה,כן,משנה ברורה,סימן קכה,פירוש,לא,
1026,שונה הלכות - הלכות תפילה,כן,משנה ברורה,סימן קכה,פירוש,לא,
1028,שונה הלכות - הלכות תפילה,כן,משנה ברורה,סימן קכה,פירוש,לא,
1030,שונה הלכות - הלכות תפילה,כן,משנה ברורה,סימן קכה,פירוש,לא,
1032,שונה הלכות - הלכות תפילה,כן,משנה ברורה,סימן קכה,פירוש,לא,
1034,שונה הלכות - הלכות תפילה,כן,משנה ברורה,סימן קכה,פירוש,לא,
1036,שונה הלכות - הלכות תפילה,כן,משנה ברורה,סימן קכה,פירוש,לא,
1038,שונה הלכות - הלכות תפילה,כן,משנה ברורה,סימן קכו,פירוש,לא,
1040,שונה הלכות - הלכות תפילה,כן,משנה ברורה,סימן קכו,פירוש,לא,
1041,שונה הלכות - הלכות תפילה,כן,משנה ברורה,סימן קכו,פירוש,לא,
1043,שונה הלכות - הלכות תפילה,כן,משנה ברורה,סימן קכו,פירוש,לא,
1045,שונה הלכות - הלכות תפילה,כן,משנה ברורה,סימן קכו,פירוש,לא,
1047,שונה הלכות - הלכות תפילה,כן,משנה ברורה,סימן קכו,פירוש,לא,
1049,שונה הלכות - הלכות תפילה,כן,משנה ברורה,סימן קכו,פירוש,לא,
1051,שונה הלכות - הלכות תפילה,כן,משנה ברורה,סימן קכו,פירוש,לא,
1053,שונה הלכות - הלכות תפילה,כן,משנה ברורה,סימן קכז,פירוש,לא,
1055,שונה הלכות - הלכות תפילה,כן,משנה ברורה,סימן קכז,פירוש,לא,
1057,שונה הלכות - הלכות תפילה,כן,משנה ברורה,סימן קכז,פירוש,לא,
1059,שונה הלכות - הלכות תפילה,כן,משנה ברורה,סימן קכז,פירוש,לא,
1061,שונה הלכות - הלכות תפילה,כן,משנה ברורה,סימן קכז,פירוש,לא,
1063,שונה הלכות - הלכות תפילה,כן,משנה ברורה,סימן קכז,פירוש,לא,
1065,שונה הלכות - הלכות תפילה,כן,משנה ברורה,סימן קכז,פירוש,לא,
1067,שונה הלכות - הלכות תפילה,כן,משנה ברורה,סימן קכז,פירוש,לא,
1069,שונה הלכות - הלכות תפילה,כן,משנה ברורה,סימן קכז,פירוש,לא,
1070,שונה הלכות - הלכות תפילה,כן,משנה ברורה,סימן קכז,פירוש,לא,
1071,שונה הלכות - הלכות תפילה,כן,משנה ברורה,סימן קכז,פירוש,לא,
3,שונה הלכות - הלכות תשעה באב,כן,משנה ברורה,סימן תקמט,פירוש,לא,
5,שונה הלכות - הלכות תשעה באב,כן,משנה ברורה,סימן תקמט,פירוש,לא,
7,שונה הלכות - הלכות תשעה באב,כן,משנה ברורה,סימן תקמט,פירוש,לא,
9,שונה הלכות - הלכות תשעה באב,כן,משנה ברורה,סימן תקמט,פירוש,לא,
11,שונה הלכות - הלכות תשעה באב,כן,משנה ברורה,סימן תקמט,פירוש,לא,
13,שונה הלכות - הלכות תשעה באב,כן,משנה ברורה,סימן תקמט,פירוש,לא,
15,שונה הלכות - הלכות תשעה באב,כן,משנה ברורה,סימן תקמט,פירוש,לא,
17,שונה הלכות - הלכות תשעה באב,כן,משנה ברורה,סימן תקמט,פירוש,לא,
19,שונה הלכות - הלכות תשעה באב,כן,משנה ברורה,סימן תקנ,פירוש,לא,
21,שונה הלכות - הלכות תשעה באב,כן,משנה ברורה,סימן תקנ,פירוש,לא,
23,שונה הלכות - הלכות תשעה באב,כן,משנה ברורה,סימן תקנ,פירוש,לא,
25,שונה הלכות - הלכות תשעה באב,כן,משנה ברורה,סימן תקנ,פירוש,לא,
27,שונה הלכות - הלכות תשעה באב,כן,משנה ברורה,סימן תקנ,פירוש,לא,
29,שונה הלכות - הלכות תשעה באב,כן,משנה ברורה,סימן תקנ,פירוש,לא,
31,שונה הלכות - הלכות תשעה באב,כן,משנה ברורה,סימן תקנ,פירוש,לא,
33,שונה הלכות - הלכות תשעה באב,כן,משנה ברורה,סימן תקנ,פירוש,לא,
35,שונה הלכות - הלכות תשעה באב,כן,משנה ברורה,סימן תקנ,פירוש,לא,
37,שונה הלכות - הלכות תשעה באב,כן,משנה ברורה,סימן תקנ,פירוש,לא,
39,שונה הלכות - הלכות תשעה באב,כן,משנה ברורה,סימן תקנ,פירוש,לא,
41,שונה הלכות - הלכות תשעה באב,כן,משנה ברורה,סימן תקנ,פירוש,לא,
43,שונה הלכות - הלכות תשעה באב,כן,משנה ברורה,סימן תקנא,פירוש,לא,
45,שונה הלכות - הלכות תשעה באב,כן,משנה ברורה,סימן תקנא,פירוש,לא,
47,שונה הלכות - הלכות תשעה באב,כן,משנה ברורה,סימן תקנא,פירוש,לא,
49,שונה הלכות - הלכות תשעה באב,כן,משנה ברורה,סימן תקנא,פירוש,לא,
51,שונה הלכות - הלכות תשעה באב,כן,משנה ברורה,סימן תקנא,פירוש,לא,
53,שונה הלכות - הלכות תשעה באב,כן,משנה ברורה,סימן תקנא,פירוש,לא,
55,שונה הלכות - הלכות תשעה באב,כן,משנה ברורה,סימן תקנא,פירוש,לא,
57,שונה הלכות - הלכות תשעה באב,כן,משנה ברורה,סימן תקנא,פירוש,לא,
59,שונה הלכות - הלכות תשעה באב,כן,משנה ברורה,סימן תקנא,פירוש,לא,
61,שונה הלכות - הלכות תשעה באב,כן,משנה ברורה,סימן תקנא,פירוש,לא,
63,שונה הלכות - הלכות תשעה באב,כן,משנה ברורה,סימן תקנא,פירוש,לא,
65,שונה הלכות - הלכות תשעה באב,כן,משנה ברורה,סימן תקנא,פירוש,לא,
67,שונה הלכות - הלכות תשעה באב,כן,משנה ברורה,סימן תקנא,פירוש,לא,
69,שונה הלכות - הלכות תשעה באב,כן,משנה ברורה,סימן תקנא,פירוש,לא,
71,שונה הלכות - הלכות תשעה באב,כן,משנה ברורה,סימן תקנא,פירוש,לא,
73,שונה הלכות - הלכות תשעה באב,כן,משנה ברורה,סימן תקנא,פירוש,לא,
75,שונה הלכות - הלכות תשעה באב,כן,משנה ברורה,סימן תקנא,פירוש,לא,
77,שונה הלכות - הלכות תשעה באב,כן,משנה ברורה,סימן תקנא,פירוש,לא,
79,שונה הלכות - הלכות תשעה באב,כן,משנה ברורה,סימן תקנא,פירוש,לא,
81,שונה הלכות - הלכות תשעה באב,כן,משנה ברורה,סימן תקנא,פירוש,לא,
83,שונה הלכות - הלכות תשעה באב,כן,משנה ברורה,סימן תקנא,פירוש,לא,
84,שונה הלכות - הלכות תשעה באב,כן,משנה ברורה,סימן תקנא,פירוש,לא,
85,שונה הלכות - הלכות תשעה באב,כן,משנה ברורה,סימן תקנא,פירוש,לא,
87,שונה הלכות - הלכות תשעה באב,כן,משנה ברורה,סימן תקנא,פירוש,לא,
89,שונה הלכות - הלכות תשעה באב,כן,משנה ברורה,סימן תקנא,פירוש,לא,
91,שונה הלכות - הלכות תשעה באב,כן,משנה ברורה,סימן תקנא,פירוש,לא,
93,שונה הלכות - הלכות תשעה באב,כן,משנה ברורה,סימן תקנא,פירוש,לא,
95,שונה הלכות - הלכות תשעה באב,כן,משנה ברורה,סימן תקנא,פירוש,לא,
97,שונה הלכות - הלכות תשעה באב,כן,משנה ברורה,סימן תקנא,פירוש,לא,
99,שונה הלכות - הלכות תשעה באב,כן,משנה ברורה,סימן תקנא,פירוש,לא,
101,שונה הלכות - הלכות תשעה באב,כן,משנה ברורה,סימן תקנא,פירוש,לא,
102,שונה הלכות - הלכות תשעה באב,כן,משנה ברורה,סימן תקנא,פירוש,לא,
104,שונה הלכות - הלכות תשעה באב,כן,משנה ברורה,סימן תקנא,פירוש,לא,
106,שונה הלכות - הלכות תשעה באב,כן,משנה ברורה,סימן תקנא,פירוש,לא,
108,שונה הלכות - הלכות תשעה באב,כן,משנה ברורה,סימן תקנא,פירוש,לא,
110,שונה הלכות - הלכות תשעה באב,כן,משנה ברורה,סימן תקנא,פירוש,לא,
112,שונה הלכות - הלכות תשעה באב,כן,משנה ברורה,סימן תקנא,פירוש,לא,
114,שונה הלכות - הלכות תשעה באב,כן,משנה ברורה,סימן תקנא,פירוש,לא,
116,שונה הלכות - הלכות תשעה באב,כן,משנה ברורה,סימן תקנא,פירוש,לא,
118,שונה הלכות - הלכות תשעה באב,כן,משנה ברורה,סימן תקנא,פירוש,לא,
120,שונה הלכות - הלכות תשעה באב,כן,משנה ברורה,סימן תקנא,פירוש,לא,
122,שונה הלכות - הלכות תשעה באב,כן,משנה ברורה,סימן תקנא,פירוש,לא,
124,שונה הלכות - הלכות תשעה באב,כן,משנה ברורה,סימן תקנא,פירוש,לא,
126,שונה הלכות - הלכות תשעה באב,כן,משנה ברורה,סימן תקנב,פירוש,לא,
128,שונה הלכות - הלכות תשעה באב,כן,משנה ברורה,סימן תקנב,פירוש,לא,
130,שונה הלכות - הלכות תשעה באב,כן,משנה ברורה,סימן תקנב,פירוש,לא,
132,שונה הלכות - הלכות תשעה באב,כן,משנה ברורה,סימן תקנב,פירוש,לא,
134,שונה הלכות - הלכות תשעה באב,כן,משנה ברורה,סימן תקנב,פירוש,לא,
135,שונה הלכות - הלכות תשעה באב,כן,משנה ברורה,סימן תקנב,פירוש,לא,
137,שונה הלכות - הלכות תשעה באב,כן,משנה ברורה,סימן תקנב,פירוש,לא,
139,שונה הלכות - הלכות תשעה באב,כן,משנה ברורה,סימן תקנב,פירוש,לא,
141,שונה הלכות - הלכות תשעה באב,כן,משנה ברורה,סימן תקנב,פירוש,לא,
142,שונה הלכות - הלכות תשעה באב,כן,משנה ברורה,סימן תקנב,פירוש,לא,
143,שונה הלכות - הלכות תשעה באב,כן,משנה ברורה,סימן תקנב,פירוש,לא,
144,שונה הלכות - הלכות תשעה באב,כן,משנה ברורה,סימן תקנב,פירוש,לא,
146,שונה הלכות - הלכות תשעה באב,כן,משנה ברורה,סימן תקנב,פירוש,לא,
148,שונה הלכות - הלכות תשעה באב,כן,משנה ברורה,סימן תקנב,פירוש,לא,
150,שונה הלכות - הלכות תשעה באב,כן,משנה ברורה,סימן תקנב,פירוש,לא,
152,שונה הלכות - הלכות תשעה באב,כן,משנה ברורה,סימן תקנב,פירוש,לא,
154,שונה הלכות - הלכות תשעה באב,כן,משנה ברורה,סימן תקנג,פירוש,לא,
156,שונה הלכות - הלכות תשעה באב,כן,משנה ברורה,סימן תקנג,פירוש,לא,
158,שונה הלכות - הלכות תשעה באב,כן,משנה ברורה,סימן תקנג,פירוש,לא,
160,שונה הלכות - הלכות תשעה באב,כן,משנה ברורה,סימן תקנג,פירוש,לא,
162,שונה הלכות - הלכות תשעה באב,כן,משנה ברורה,סימן תקנג,פירוש,לא,
164,שונה הלכות - הלכות תשעה באב,כן,משנה ברורה,סימן תקנג,פירוש,לא,
166,שונה הלכות - הלכות תשעה באב,כן,משנה ברורה,סימן תקנד,פירוש,לא,
168,שונה הלכות - הלכות תשעה באב,כן,משנה ברורה,סימן תקנד,פירוש,לא,
169,שונה הלכות - הלכות תשעה באב,כן,משנה ברורה,סימן תקנד,פירוש,לא,
171,שונה הלכות - הלכות תשעה באב,כן,משנה ברורה,סימן תקנד,פירוש,לא,
173,שונה הלכות - הלכות תשעה באב,כן,משנה ברורה,סימן תקנד,פירוש,לא,
175,שונה הלכות - הלכות תשעה באב,כן,משנה ברורה,סימן תקנד,פירוש,לא,
177,שונה הלכות - הלכות תשעה באב,כן,משנה ברורה,סימן תקנד,פירוש,לא,
179,שונה הלכות - הלכות תשעה באב,כן,משנה ברורה,סימן תקנד,פירוש,לא,
181,שונה הלכות - הלכות תשעה באב,כן,משנה ברורה,סימן תקנד,פירוש,לא,
183,שונה הלכות - הלכות תשעה באב,כן,משנה ברורה,סימן תקנד,פירוש,לא,
185,שונה הלכות - הלכות תשעה באב,כן,משנה ברורה,סימן תקנד,פירוש,לא,
187,שונה הלכות - הלכות תשעה באב,כן,משנה ברורה,סימן תקנד,פירוש,לא,
189,שונה הלכות - הלכות תשעה באב,כן,משנה ברורה,סימן תקנד,פירוש,לא,
191,שונה הלכות - הלכות תשעה באב,כן,משנה ברורה,סימן תקנד,פירוש,לא,
193,שונה הלכות - הלכות תשעה באב,כן,משנה ברורה,סימן תקנד,פירוש,לא,
195,שונה הלכות - הלכות תשעה באב,כן,משנה ברורה,סימן תקנד,פירוש,לא,
197,שונה הלכות - הלכות תשעה באב,כן,משנה ברורה,סימן תקנד,פירוש,לא,
199,שונה הלכות - הלכות תשעה באב,כן,משנה ברורה,סימן תקנד,פירוש,לא,
201,שונה הלכות - הלכות תשעה באב,כן,משנה ברורה,סימן תקנד,פירוש,לא,
203,שונה הלכות - הלכות תשעה באב,כן,משנה ברורה,סימן תקנד,פירוש,לא,
205,שונה הלכות - הלכות תשעה באב,כן,משנה ברורה,סימן תקנד,פירוש,לא,
207,שונה הלכות - הלכות תשעה באב,כן,משנה ברורה,סימן תקנד,פירוש,לא,
209,שונה הלכות - הלכות תשעה באב,כן,משנה ברורה,סימן תקנד,פירוש,לא,
211,שונה הלכות - הלכות תשעה באב,כן,משנה ברורה,סימן תקנד,פירוש,לא,
213,שונה הלכות - הלכות תשעה באב,כן,משנה ברורה,סימן תקנד,פירוש,לא,
215,שונה הלכות - הלכות תשעה באב,כן,משנה ברורה,סימן תקנד,פירוש,לא,
217,שונה הלכות - הלכות תשעה באב,כן,משנה ברורה,סימן תקנד,פירוש,לא,
219,שונה הלכות - הלכות תשעה באב,כן,משנה ברורה,סימן תקנד,פירוש,לא,
221,שונה הלכות - הלכות תשעה באב,כן,משנה ברורה,סימן תקנד,פירוש,לא,
222,שונה הלכות - הלכות תשעה באב,כן,משנה ברורה,סימן תקנד,פירוש,לא,
224,שונה הלכות - הלכות תשעה באב,כן,משנה ברורה,סימן תקנה,פירוש,לא,
226,שונה הלכות - הלכות תשעה באב,כן,משנה ברורה,סימן תקנה,פירוש,לא,
228,שונה הלכות - הלכות תשעה באב,כן,משנה ברורה,סימן תקנה,פירוש,לא,
230,שונה הלכות - הלכות תשעה באב,כן,משנה ברורה,סימן תקנה,פירוש,לא,
232,שונה הלכות - הלכות תשעה באב,כן,משנה ברורה,סימן תקנו,פירוש,לא,
234,שונה הלכות - הלכות תשעה באב,כן,משנה ברורה,סימן תקנו,פירוש,לא,
236,שונה הלכות - הלכות תשעה באב,כן,משנה ברורה,סימן תקנו,פירוש,לא,
238,שונה הלכות - הלכות תשעה באב,כן,משנה ברורה,סימן תקנו,פירוש,לא,
239,שונה הלכות - הלכות תשעה באב,כן,משנה ברורה,סימן תקנו,פירוש,לא,
240,שונה הלכות - הלכות תשעה באב,כן,משנה ברורה,סימן תקנו,פירוש,לא,
242,שונה הלכות - הלכות תשעה באב,כן,משנה ברורה,סימן תקנו,פירוש,לא,
244,שונה הלכות - הלכות תשעה באב,כן,משנה ברורה,סימן תקנו,פירוש,לא,
246,שונה הלכות - הלכות תשעה באב,כן,משנה ברורה,סימן תקנו,פירוש,לא,
248,שונה הלכות - הלכות תשעה באב,כן,משנה ברורה,סימן תקנח,פירוש,לא,
250,שונה הלכות - הלכות תשעה באב,כן,משנה ברורה,סימן תקנח,פירוש,לא,
252,שונה הלכות - הלכות תשעה באב,כן,משנה ברורה,סימן תקנח,פירוש,לא,
254,שונה הלכות - הלכות תשעה באב,כן,משנה ברורה,סימן תקנח,פירוש,לא,
256,שונה הלכות - הלכות תשעה באב,כן,משנה ברורה,סימן תקנט,פירוש,לא,
258,שונה הלכות - הלכות תשעה באב,כן,משנה ברורה,סימן תקנט,פירוש,לא,
260,שונה הלכות - הלכות תשעה באב,כן,משנה ברורה,סימן תקנט,פירוש,לא,
261,שונה הלכות - הלכות תשעה באב,כן,משנה ברורה,סימן תקנט,פירוש,לא,
263,שונה הלכות - הלכות תשעה באב,כן,משנה ברורה,סימן תקנט,פירוש,לא,
265,שונה הלכות - הלכות תשעה באב,כן,משנה ברורה,סימן תקנט,פירוש,לא,
267,שונה הלכות - הלכות תשעה באב,כן,משנה ברורה,סימן תקנט,פירוש,לא,
269,שונה הלכות - הלכות תשעה באב,כן,משנה ברורה,סימן תקנט,פירוש,לא,
271,שונה הלכות - הלכות תשעה באב,כן,משנה ברורה,סימן תקנט,פירוש,לא,
273,שונה הלכות - הלכות תשעה באב,כן,משנה ברורה,סימן תקנט,פירוש,לא,
275,שונה הלכות - הלכות תשעה באב,כן,משנה ברורה,סימן תקנט,פירוש,לא,
277,שונה הלכות - הלכות תשעה באב,כן,משנה ברורה,סימן תקנט,פירוש,לא,
279,שונה הלכות - הלכות תשעה באב,כן,משנה ברורה,סימן תקנט,פירוש,לא,
281,שונה הלכות - הלכות תשעה באב,כן,משנה ברורה,סימן תקנט,פירוש,לא,
283,שונה הלכות - הלכות תשעה באב,כן,משנה ברורה,סימן תקנט,פירוש,לא,
285,שונה הלכות - הלכות תשעה באב,כן,משנה ברורה,סימן תקנט,פירוש,לא,
286,שונה הלכות - הלכות תשעה באב,כן,משנה ברורה,סימן תקנט,פירוש,לא,
288,שונה הלכות - הלכות תשעה באב,כן,משנה ברורה,סימן תקנט,פירוש,לא,
290,שונה הלכות - הלכות תשעה באב,כן,משנה ברורה,סימן תקנט,פירוש,לא,
292,שונה הלכות - הלכות תשעה באב,כן,משנה ברורה,סימן תקנט,פירוש,לא,
294,שונה הלכות - הלכות תשעה באב,כן,משנה ברורה,סימן תקס,פירוש,לא,
296,שונה הלכות - הלכות תשעה באב,כן,משנה ברורה,סימן תקס,פירוש,לא,
298,שונה הלכות - הלכות תשעה באב,כן,משנה ברורה,סימן תקס,פירוש,לא,
300,שונה הלכות - הלכות תשעה באב,כן,משנה ברורה,סימן תקס,פירוש,לא,
302,שונה הלכות - הלכות תשעה באב,כן,משנה ברורה,סימן תקס,פירוש,לא,
304,שונה הלכות - הלכות תשעה באב,כן,משנה ברורה,סימן תקס,פירוש,לא,
306,שונה הלכות - הלכות תשעה באב,כן,משנה ברורה,סימן תקס,פירוש,לא,
308,שונה הלכות - הלכות תשעה באב,כן,משנה ברורה,סימן תקס,פירוש,לא,
310,שונה הלכות - הלכות תשעה באב,כן,משנה ברורה,סימן תקס,פירוש,לא,
312,שונה הלכות - הלכות תשעה באב,כן,משנה ברורה,סימן תקס,פירוש,לא,
314,שונה הלכות - הלכות תשעה באב,כן,משנה ברורה,סימן תקס,פירוש,לא,
316,שונה הלכות - הלכות תשעה באב,כן,משנה ברורה,סימן תקס,פירוש,לא,
318,שונה הלכות - הלכות תשעה באב,כן,משנה ברורה,סימן תקס,פירוש,לא,
320,שונה הלכות - הלכות תשעה באב,כן,משנה ברורה,סימן תקסא,פירוש,לא,
322,שונה הלכות - הלכות תשעה באב,כן,משנה ברורה,סימן תקסא,פירוש,לא,
324,שונה הלכות - הלכות תשעה באב,כן,משנה ברורה,סימן תקסא,פירוש,לא,
326,שונה הלכות - הלכות תשעה באב,כן,משנה ברורה,סימן תקסא,פירוש,לא,
328,שונה הלכות - הלכות תשעה באב,כן,משנה ברורה,סימן תקסא,פירוש,לא,
330,שונה הלכות - הלכות תשעה באב,כן,משנה ברורה,סימן תקסא,פירוש,לא,
332,שונה הלכות - הלכות תשעה באב,כן,משנה ברורה,סימן תקסא,פירוש,לא,
334,שונה הלכות - הלכות תשעה באב,כן,משנה ברורה,סימן תקסא,פירוש,לא,
336,שונה הלכות - הלכות תשעה באב,כן,משנה ברורה,סימן תקסא,פירוש,לא,
338,שונה הלכות - הלכות תשעה באב,כן,משנה ברורה,סימן תקסא,פירוש,לא,
340,שונה הלכות - הלכות תשעה באב,כן,משנה ברורה,סימן תקסא,פירוש,לא,
341,שונה הלכות - הלכות תשעה באב,כן,משנה ברורה,סימן תקסא,פירוש,לא,
4,שו״ת הרמב״ם ובנו על סדר הרמבם,כן,"משנה תורה, הלכות דעות",פרק ז,פירוש,לא,
5,שו״ת הרמב״ם ובנו על סדר הרמבם,כן,"משנה תורה, הלכות דעות",פרק ז,פירוש,לא,
9,שו״ת הרמב״ם ובנו על סדר הרמבם,כן,"משנה תורה, הלכות דעות",פרק ז,פירוש,לא,
10,שו״ת הרמב״ם ובנו על סדר הרמבם,כן,"משנה תורה, הלכות דעות",פרק ז,פירוש,לא,
16,שו״ת הרמב״ם ובנו על סדר הרמבם,כן,"משנה תורה, הלכות תלמוד תורה",פרק ב,פירוש,לא,
17,שו״ת הרמב״ם ובנו על סדר הרמבם,כן,"משנה תורה, הלכות תלמוד תורה",פרק ב,פירוש,לא,
23,שו״ת הרמב״ם ובנו על סדר הרמבם,כן,"משנה תורה, הלכות תלמוד תורה",פרק ה,פירוש,לא,
24,שו״ת הרמב״ם ובנו על סדר הרמבם,כן,"משנה תורה, הלכות תלמוד תורה",פרק ה,פירוש,לא,
28,שו״ת הרמב״ם ובנו על סדר הרמבם,כן,"משנה תורה, הלכות תלמוד תורה",פרק ה,פירוש,לא,
29,שו״ת הרמב״ם ובנו על סדר הרמבם,כן,"משנה תורה, הלכות תלמוד תורה",פרק ה,פירוש,לא,
33,שו״ת הרמב״ם ובנו על סדר הרמבם,כן,"משנה תורה, הלכות תלמוד תורה",פרק ה,פירוש,לא,
37,שו״ת הרמב״ם ובנו על סדר הרמבם,כן,"משנה תורה, הלכות תלמוד תורה",פרק ה,פירוש,לא,
38,שו״ת הרמב״ם ובנו על סדר הרמבם,כן,"משנה תורה, הלכות תלמוד תורה",פרק ה,פירוש,לא,
44,שו״ת הרמב״ם ובנו על סדר הרמבם,כן,"משנה תורה, הלכות עבודה זרה וחוקות הגויים",פרק ג,פירוש,לא,
45,שו״ת הרמב״ם ובנו על סדר הרמבם,כן,"משנה תורה, הלכות עבודה זרה וחוקות הגויים",פרק ג,פירוש,לא,
46,שו״ת הרמב״ם ובנו על סדר הרמבם,כן,"משנה תורה, הלכות עבודה זרה וחוקות הגויים",פרק ג,פירוש,לא,
52,שו״ת הרמב״ם ובנו על סדר הרמבם,כן,"משנה תורה, הלכות עבודה זרה וחוקות הגויים",פרק יא,פירוש,לא,
53,שו״ת הרמב״ם ובנו על סדר הרמבם,כן,"משנה תורה, הלכות עבודה זרה וחוקות הגויים",פרק יא,פירוש,לא,
59,שו״ת הרמב״ם ובנו על סדר הרמבם,כן,"משנה תורה, הלכות תשובה",פרק ה,פירוש,לא,
60,שו״ת הרמב״ם ובנו על סדר הרמבם,כן,"משנה תורה, הלכות תשובה",פרק ה,פירוש,לא,
61,שו״ת הרמב״ם ובנו על סדר הרמבם,כן,"משנה תורה, הלכות תשובה",פרק ה,פירוש,לא,
67,שו״ת הרמב״ם ובנו על סדר הרמבם,כן,"משנה תורה, הלכות קריאת שמע",פרק א,פירוש,לא,
68,שו״ת הרמב״ם ובנו על סדר הרמבם,כן,"משנה תורה, הלכות קריאת שמע",פרק א,פירוש,לא,
72,שו״ת הרמב״ם ובנו על סדר הרמבם,כן,"משנה תורה, הלכות קריאת שמע",פרק א,פירוש,לא,
73,שו״ת הרמב״ם ובנו על סדר הרמבם,כן,"משנה תורה, הלכות קריאת שמע",פרק א,פירוש,לא,
77,שו״ת הרמב״ם ובנו על סדר הרמבם,כן,"משנה תורה, הלכות קריאת שמע",פרק א,פירוש,לא,
78,שו״ת הרמב״ם ובנו על סדר הרמבם,כן,"משנה תורה, הלכות קריאת שמע",פרק א,פירוש,לא,
79,שו״ת הרמב״ם ובנו על סדר הרמבם,כן,"משנה תורה, הלכות קריאת שמע",פרק א,פירוש,לא,
80,שו״ת הרמב״ם ובנו על סדר הרמבם,כן,"משנה תורה, הלכות קריאת שמע",פרק א,פירוש,לא,
81,שו״ת הרמב״ם ובנו על סדר הרמבם,כן,"משנה תורה, הלכות קריאת שמע",פרק א,פירוש,לא,
82,שו״ת הרמב״ם ובנו על סדר הרמבם,כן,"משנה תורה, הלכות קריאת שמע",פרק א,פירוש,לא,
83,שו״ת הרמב״ם ובנו על סדר הרמבם,כן,"משנה תורה, הלכות קריאת שמע",פרק א,פירוש,לא,
84,שו״ת הרמב״ם ובנו על סדר הרמבם,כן,"משנה תורה, הלכות קריאת שמע",פרק א,פירוש,לא,
85,שו״ת הרמב״ם ובנו על סדר הרמבם,כן,"משנה תורה, הלכות קריאת שמע",פרק א,פירוש,לא,
86,שו״ת הרמב״ם ובנו על סדר הרמבם,כן,"משנה תורה, הלכות קריאת שמע",פרק א,פירוש,לא,
92,שו״ת הרמב״ם ובנו על סדר הרמבם,כן,"משנה תורה, הלכות תפילה וברכת כהנים",פרק ג,פירוש,לא,
93,שו״ת הרמב״ם ובנו על סדר הרמבם,כן,"משנה תורה, הלכות תפילה וברכת כהנים",פרק ג,פירוש,לא,
94,שו״ת הרמב״ם ובנו על סדר הרמבם,כן,"משנה תורה, הלכות תפילה וברכת כהנים",פרק ג,פירוש,לא,
95,שו״ת הרמב״ם ובנו על סדר הרמבם,כן,"משנה תורה, הלכות תפילה וברכת כהנים",פרק ג,פירוש,לא,
96,שו״ת הרמב״ם ובנו על סדר הרמבם,כן,"משנה תורה, הלכות תפילה וברכת כהנים",פרק ג,פירוש,לא,
97,שו״ת הרמב״ם ובנו על סדר הרמבם,כן,"משנה תורה, הלכות תפילה וברכת כהנים",פרק ג,פירוש,לא,
101,שו״ת הרמב״ם ובנו על סדר הרמבם,כן,"משנה תורה, הלכות תפילה וברכת כהנים",פרק ג,פירוש,לא,
102,שו״ת הרמב״ם ובנו על סדר הרמבם,כן,"משנה תורה, הלכות תפילה וברכת כהנים",פרק ג,פירוש,לא,
103,שו״ת הרמב״ם ובנו על סדר הרמבם,כן,"משנה תורה, הלכות תפילה וברכת כהנים",פרק ג,פירוש,לא,
104,שו״ת הרמב״ם ובנו על סדר הרמבם,כן,"משנה תורה, הלכות תפילה וברכת כהנים",פרק ג,פירוש,לא,
110,שו״ת הרמב״ם ובנו על סדר הרמבם,כן,"משנה תורה, הלכות תפילה וברכת כהנים",פרק ה,פירוש,לא,
111,שו״ת הרמב״ם ובנו על סדר הרמבם,כן,"משנה תורה, הלכות תפילה וברכת כהנים",פרק ה,פירוש,לא,
112,שו״ת הרמב״ם ובנו על סדר הרמבם,כן,"משנה תורה, הלכות תפילה וברכת כהנים",פרק ה,פירוש,לא,
113,שו״ת הרמב״ם ובנו על סדר הרמבם,כן,"משנה תורה, הלכות תפילה וברכת כהנים",פרק ה,פירוש,לא,
114,שו״ת הרמב״ם ובנו על סדר הרמבם,כן,"משנה תורה, הלכות תפילה וברכת כהנים",פרק ה,פירוש,לא,
115,שו״ת הרמב״ם ובנו על סדר הרמבם,כן,"משנה תורה, הלכות תפילה וברכת כהנים",פרק ה,פירוש,לא,
121,שו״ת הרמב״ם ובנו על סדר הרמבם,כן,"משנה תורה, הלכות תפילה וברכת כהנים",פרק ז,פירוש,לא,
122,שו״ת הרמב״ם ובנו על סדר הרמבם,כן,"משנה תורה, הלכות תפילה וברכת כהנים",פרק ז,פירוש,לא,
126,שו״ת הרמב״ם ובנו על סדר הרמבם,כן,"משנה תורה, הלכות תפילה וברכת כהנים",פרק ז,פירוש,לא,
132,שו״ת הרמב״ם ובנו על סדר הרמבם,כן,"משנה תורה, הלכות תפילה וברכת כהנים",פרק ח,פירוש,לא,
133,שו״ת הרמב״ם ובנו על סדר הרמבם,כן,"משנה תורה, הלכות תפילה וברכת כהנים",פרק ח,פירוש,לא,
134,שו״ת הרמב״ם ובנו על סדר הרמבם,כן,"משנה תורה, הלכות תפילה וברכת כהנים",פרק ח,פירוש,לא,
135,שו״ת הרמב״ם ובנו על סדר הרמבם,כן,"משנה תורה, הלכות תפילה וברכת כהנים",פרק ח,פירוש,לא,
136,שו״ת הרמב״ם ובנו על סדר הרמבם,כן,"משנה תורה, הלכות תפילה וברכת כהנים",פרק ח,פירוש,לא,
137,שו״ת הרמב״ם ובנו על סדר הרמבם,כן,"משנה תורה, הלכות תפילה וברכת כהנים",פרק ח,פירוש,לא,
138,שו״ת הרמב״ם ובנו על סדר הרמבם,כן,"משנה תורה, הלכות תפילה וברכת כהנים",פרק ח,פירוש,לא,
139,שו״ת הרמב״ם ובנו על סדר הרמבם,כן,"משנה תורה, הלכות תפילה וברכת כהנים",פרק ח,פירוש,לא,
140,שו״ת הרמב״ם ובנו על סדר הרמבם,כן,"משנה תורה, הלכות תפילה וברכת כהנים",פרק ח,פירוש,לא,
141,שו״ת הרמב״ם ובנו על סדר הרמבם,כן,"משנה תורה, הלכות תפילה וברכת כהנים",פרק ח,פירוש,לא,
142,שו״ת הרמב״ם ובנו על סדר הרמבם,כן,"משנה תורה, הלכות תפילה וברכת כהנים",פרק ח,פירוש,לא,
143,שו״ת הרמב״ם ובנו על סדר הרמבם,כן,"משנה תורה, הלכות תפילה וברכת כהנים",פרק ח,פירוש,לא,
147,שו״ת הרמב״ם ובנו על סדר הרמבם,כן,"משנה תורה, הלכות תפילה וברכת כהנים",פרק ח,פירוש,לא,
148,שו״ת הרמב״ם ובנו על סדר הרמבם,כן,"משנה תורה, הלכות תפילה וברכת כהנים",פרק ח,פירוש,לא,
149,שו״ת הרמב״ם ובנו על סדר הרמבם,כן,"משנה תורה, הלכות תפילה וברכת כהנים",פרק ח,פירוש,לא,
150,שו״ת הרמב״ם ובנו על סדר הרמבם,כן,"משנה תורה, הלכות תפילה וברכת כהנים",פרק ח,פירוש,לא,
151,שו״ת הרמב״ם ובנו על סדר הרמבם,כן,"משנה תורה, הלכות תפילה וברכת כהנים",פרק ח,פירוש,לא,
152,שו״ת הרמב״ם ובנו על סדר הרמבם,כן,"משנה תורה, הלכות תפילה וברכת כהנים",פרק ח,פירוש,לא,
153,שו״ת הרמב״ם ובנו על סדר הרמבם,כן,"משנה תורה, הלכות תפילה וברכת כהנים",פרק ח,פירוש,לא,
154,שו״ת הרמב״ם ובנו על סדר הרמבם,כן,"משנה תורה, הלכות תפילה וברכת כהנים",פרק ח,פירוש,לא,
155,שו״ת הרמב״ם ובנו על סדר הרמבם,כן,"משנה תורה, הלכות תפילה וברכת כהנים",פרק ח,פירוש,לא,
156,שו״ת הרמב״ם ובנו על סדר הרמבם,כן,"משנה תורה, הלכות תפילה וברכת כהנים",פרק ח,פירוש,לא,
157,שו״ת הרמב״ם ובנו על סדר הרמבם,כן,"משנה תורה, הלכות תפילה וברכת כהנים",פרק ח,פירוש,לא,
158,שו״ת הרמב״ם ובנו על סדר הרמבם,כן,"משנה תורה, הלכות תפילה וברכת כהנים",פרק ח,פירוש,לא,
162,שו״ת הרמב״ם ובנו על סדר הרמבם,כן,"משנה תורה, הלכות תפילה וברכת כהנים",פרק ח,פירוש,לא,
163,שו״ת הרמב״ם ובנו על סדר הרמבם,כן,"משנה תורה, הלכות תפילה וברכת כהנים",פרק ח,פירוש,לא,
169,שו״ת הרמב״ם ובנו על סדר הרמבם,כן,"משנה תורה, הלכות תפילה וברכת כהנים",פרק יב,פירוש,לא,
170,שו״ת הרמב״ם ובנו על סדר הרמבם,כן,"משנה תורה, הלכות תפילה וברכת כהנים",פרק יב,פירוש,לא,
171,שו״ת הרמב״ם ובנו על סדר הרמבם,כן,"משנה תורה, הלכות תפילה וברכת כהנים",פרק יב,פירוש,לא,
172,שו״ת הרמב״ם ובנו על סדר הרמבם,כן,"משנה תורה, הלכות תפילה וברכת כהנים",פרק יב,פירוש,לא,
173,שו״ת הרמב״ם ובנו על סדר הרמבם,כן,"משנה תורה, הלכות תפילה וברכת כהנים",פרק יב,פירוש,לא,
174,שו״ת הרמב״ם ובנו על סדר הרמבם,כן,"משנה תורה, הלכות תפילה וברכת כהנים",פרק יב,פירוש,לא,
175,שו״ת הרמב״ם ובנו על סדר הרמבם,כן,"משנה תורה, הלכות תפילה וברכת כהנים",פרק יב,פירוש,לא,
176,שו״ת הרמב״ם ובנו על סדר הרמבם,כן,"משנה תורה, הלכות תפילה וברכת כהנים",פרק יב,פירוש,לא,
177,שו״ת הרמב״ם ובנו על סדר הרמבם,כן,"משנה תורה, הלכות תפילה וברכת כהנים",פרק יב,פירוש,לא,
178,שו״ת הרמב״ם ובנו על סדר הרמבם,כן,"משנה תורה, הלכות תפילה וברכת כהנים",פרק יב,פירוש,לא,
179,שו״ת הרמב״ם ובנו על סדר הרמבם,כן,"משנה תורה, הלכות תפילה וברכת כהנים",פרק יב,פירוש,לא,
180,שו״ת הרמב״ם ובנו על סדר הרמבם,כן,"משנה תורה, הלכות תפילה וברכת כהנים",פרק יב,פירוש,לא,
186,שו״ת הרמב״ם ובנו על סדר הרמבם,כן,"משנה תורה, הלכות תפילה וברכת כהנים",פרק יד,פירוש,לא,
192,שו״ת הרמב״ם ובנו על סדר הרמבם,כן,"משנה תורה, הלכות תפילין ומזוזה וספר תורה",פרק א,פירוש,לא,
193,שו״ת הרמב״ם ובנו על סדר הרמבם,כן,"משנה תורה, הלכות תפילין ומזוזה וספר תורה",פרק א,פירוש,לא,
197,שו״ת הרמב״ם ובנו על סדר הרמבם,כן,"משנה תורה, הלכות תפילין ומזוזה וספר תורה",פרק א,פירוש,לא,
198,שו״ת הרמב״ם ובנו על סדר הרמבם,כן,"משנה תורה, הלכות תפילין ומזוזה וספר תורה",פרק א,פירוש,לא,
202,שו״ת הרמב״ם ובנו על סדר הרמבם,כן,"משנה תורה, הלכות תפילין ומזוזה וספר תורה",פרק א,פירוש,לא,
203,שו״ת הרמב״ם ובנו על סדר הרמבם,כן,"משנה תורה, הלכות תפילין ומזוזה וספר תורה",פרק א,פירוש,לא,
209,שו״ת הרמב״ם ובנו על סדר הרמבם,כן,"משנה תורה, הלכות תפילין ומזוזה וספר תורה",פרק ג,פירוש,לא,
210,שו״ת הרמב״ם ובנו על סדר הרמבם,כן,"משנה תורה, הלכות תפילין ומזוזה וספר תורה",פרק ג,פירוש,לא,
211,שו״ת הרמב״ם ובנו על סדר הרמבם,כן,"משנה תורה, הלכות תפילין ומזוזה וספר תורה",פרק ג,פירוש,לא,
215,שו״ת הרמב״ם ובנו על סדר הרמבם,כן,"משנה תורה, הלכות תפילין ומזוזה וספר תורה",פרק ג,פירוש,לא,
216,שו״ת הרמב״ם ובנו על סדר הרמבם,כן,"משנה תורה, הלכות תפילין ומזוזה וספר תורה",פרק ג,פירוש,לא,
220,שו״ת הרמב״ם ובנו על סדר הרמבם,כן,"משנה תורה, הלכות תפילין ומזוזה וספר תורה",פרק ג,פירוש,לא,
221,שו״ת הרמב״ם ובנו על סדר הרמבם,כן,"משנה תורה, הלכות תפילין ומזוזה וספר תורה",פרק ג,פירוש,לא,
227,שו״ת הרמב״ם ובנו על סדר הרמבם,כן,"משנה תורה, הלכות תפילין ומזוזה וספר תורה",פרק ד,פירוש,לא,
233,שו״ת הרמב״ם ובנו על סדר הרמבם,כן,"משנה תורה, הלכות תפילין ומזוזה וספר תורה",פרק ו,פירוש,לא,
234,שו״ת הרמב״ם ובנו על סדר הרמבם,כן,"משנה תורה, הלכות תפילין ומזוזה וספר תורה",פרק ו,פירוש,לא,
240,שו״ת הרמב״ם ובנו על סדר הרמבם,כן,"משנה תורה, הלכות תפילין ומזוזה וספר תורה",פרק ז,פירוש,לא,
241,שו״ת הרמב״ם ובנו על סדר הרמבם,כן,"משנה תורה, הלכות תפילין ומזוזה וספר תורה",פרק ז,פירוש,לא,
245,שו״ת הרמב״ם ובנו על סדר הרמבם,כן,"משנה תורה, הלכות תפילין ומזוזה וספר תורה",פרק ז,פירוש,לא,
246,שו״ת הרמב״ם ובנו על סדר הרמבם,כן,"משנה תורה, הלכות תפילין ומזוזה וספר תורה",פרק ז,פירוש,לא,
247,שו״ת הרמב״ם ובנו על סדר הרמבם,כן,"משנה תורה, הלכות תפילין ומזוזה וספר תורה",פרק ז,פירוש,לא,
253,שו״ת הרמב״ם ובנו על סדר הרמבם,כן,"משנה תורה, הלכות תפילין ומזוזה וספר תורה",פרק ט,פירוש,לא,
254,שו״ת הרמב״ם ובנו על סדר הרמבם,כן,"משנה תורה, הלכות תפילין ומזוזה וספר תורה",פרק ט,פירוש,לא,
255,שו״ת הרמב״ם ובנו על סדר הרמבם,כן,"משנה תורה, הלכות תפילין ומזוזה וספר תורה",פרק ט,פירוש,לא,
256,שו״ת הרמב״ם ובנו על סדר הרמבם,כן,"משנה תורה, הלכות תפילין ומזוזה וספר תורה",פרק ט,פירוש,לא,
257,שו״ת הרמב״ם ובנו על סדר הרמבם,כן,"משנה תורה, הלכות תפילין ומזוזה וספר תורה",פרק ט,פירוש,לא,
261,שו״ת הרמב״ם ובנו על סדר הרמבם,כן,"משנה תורה, הלכות תפילין ומזוזה וספר תורה",פרק ט,פירוש,לא,
262,שו״ת הרמב״ם ובנו על סדר הרמבם,כן,"משנה תורה, הלכות תפילין ומזוזה וספר תורה",פרק ט,פירוש,לא,
263,שו״ת הרמב״ם ובנו על סדר הרמבם,כן,"משנה תורה, הלכות תפילין ומזוזה וספר תורה",פרק ט,פירוש,לא,
264,שו״ת הרמב״ם ובנו על סדר הרמבם,כן,"משנה תורה, הלכות תפילין ומזוזה וספר תורה",פרק ט,פירוש,לא,
265,שו״ת הרמב״ם ובנו על סדר הרמבם,כן,"משנה תורה, הלכות תפילין ומזוזה וספר תורה",פרק ט,פירוש,לא,
266,שו״ת הרמב״ם ובנו על סדר הרמבם,כן,"משנה תורה, הלכות תפילין ומזוזה וספר תורה",פרק ט,פירוש,לא,
267,שו״ת הרמב״ם ובנו על סדר הרמבם,כן,"משנה תורה, הלכות תפילין ומזוזה וספר תורה",פרק ט,פירוש,לא,
268,שו״ת הרמב״ם ובנו על סדר הרמבם,כן,"משנה תורה, הלכות תפילין ומזוזה וספר תורה",פרק ט,פירוש,לא,
274,שו״ת הרמב״ם ובנו על סדר הרמבם,כן,"משנה תורה, הלכות תפילין ומזוזה וספר תורה",פרק י,פירוש,לא,
275,שו״ת הרמב״ם ובנו על סדר הרמבם,כן,"משנה תורה, הלכות תפילין ומזוזה וספר תורה",פרק י,פירוש,לא,
281,שו״ת הרמב״ם ובנו על סדר הרמבם,כן,"משנה תורה, הלכות ציצית",פרק א,פירוש,לא,
282,שו״ת הרמב״ם ובנו על סדר הרמבם,כן,"משנה תורה, הלכות ציצית",פרק א,פירוש,לא,
286,שו״ת הרמב״ם ובנו על סדר הרמבם,כן,"משנה תורה, הלכות ציצית",פרק א,פירוש,לא,
287,שו״ת הרמב״ם ובנו על סדר הרמבם,כן,"משנה תורה, הלכות ציצית",פרק א,פירוש,לא,
293,שו״ת הרמב״ם ובנו על סדר הרמבם,כן,"משנה תורה, הלכות ציצית",פרק ב,פירוש,לא,
294,שו״ת הרמב״ם ובנו על סדר הרמבם,כן,"משנה תורה, הלכות ציצית",פרק ב,פירוש,לא,
300,שו״ת הרמב״ם ובנו על סדר הרמבם,כן,"משנה תורה, הלכות ציצית",פרק ג,פירוש,לא,
301,שו״ת הרמב״ם ובנו על סדר הרמבם,כן,"משנה תורה, הלכות ציצית",פרק ג,פירוש,לא,
307,שו״ת הרמב״ם ובנו על סדר הרמבם,כן,"משנה תורה, הלכות ברכות",פרק א,פירוש,לא,
308,שו״ת הרמב״ם ובנו על סדר הרמבם,כן,"משנה תורה, הלכות ברכות",פרק א,פירוש,לא,
312,שו״ת הרמב״ם ובנו על סדר הרמבם,כן,"משנה תורה, הלכות ברכות",פרק א,פירוש,לא,
313,שו״ת הרמב״ם ובנו על סדר הרמבם,כן,"משנה תורה, הלכות ברכות",פרק א,פירוש,לא,
319,שו״ת הרמב״ם ובנו על סדר הרמבם,כן,"משנה תורה, הלכות ברכות",פרק ה,פירוש,לא,
320,שו״ת הרמב״ם ובנו על סדר הרמבם,כן,"משנה תורה, הלכות ברכות",פרק ה,פירוש,לא,
326,שו״ת הרמב״ם ובנו על סדר הרמבם,כן,"משנה תורה, הלכות ברכות",פרק ח,פירוש,לא,
327,שו״ת הרמב״ם ובנו על סדר הרמבם,כן,"משנה תורה, הלכות ברכות",פרק ח,פירוש,לא,
331,שו״ת הרמב״ם ובנו על סדר הרמבם,כן,"משנה תורה, הלכות ברכות",פרק ח,פירוש,לא,
332,שו״ת הרמב״ם ובנו על סדר הרמבם,כן,"משנה תורה, הלכות ברכות",פרק ח,פירוש,לא,
338,שו״ת הרמב״ם ובנו על סדר הרמבם,כן,"משנה תורה, הלכות ברכות",פרק י,פירוש,לא,
339,שו״ת הרמב״ם ובנו על סדר הרמבם,כן,"משנה תורה, הלכות ברכות",פרק י,פירוש,לא,
345,שו״ת הרמב״ם ובנו על סדר הרמבם,כן,"משנה תורה, הלכות ברכות",פרק יא,פירוש,לא,
346,שו״ת הרמב״ם ובנו על סדר הרמבם,כן,"משנה תורה, הלכות ברכות",פרק יא,פירוש,לא,
350,שו״ת הרמב״ם ובנו על סדר הרמבם,כן,"משנה תורה, הלכות ברכות",פרק יא,פירוש,לא,
351,שו״ת הרמב״ם ובנו על סדר הרמבם,כן,"משנה תורה, הלכות ברכות",פרק יא,פירוש,לא,
355,שו״ת הרמב״ם ובנו על סדר הרמבם,כן,"משנה תורה, הלכות ברכות",פרק יא,פירוש,לא,
356,שו״ת הרמב״ם ובנו על סדר הרמבם,כן,"משנה תורה, הלכות ברכות",פרק יא,פירוש,לא,
362,שו״ת הרמב״ם ובנו על סדר הרמבם,כן,"משנה תורה, הלכות מילה",פרק א,פירוש,לא,
363,שו״ת הרמב״ם ובנו על סדר הרמבם,כן,"משנה תורה, הלכות מילה",פרק א,פירוש,לא,
369,שו״ת הרמב״ם ובנו על סדר הרמבם,כן,"משנה תורה, הלכות מילה",פרק ב,פירוש,לא,
370,שו״ת הרמב״ם ובנו על סדר הרמבם,כן,"משנה תורה, הלכות מילה",פרק ב,פירוש,לא,
376,שו״ת הרמב״ם ובנו על סדר הרמבם,כן,"משנה תורה, הלכות מילה",פרק ג,פירוש,לא,
377,שו״ת הרמב״ם ובנו על סדר הרמבם,כן,"משנה תורה, הלכות מילה",פרק ג,פירוש,לא,
378,שו״ת הרמב״ם ובנו על סדר הרמבם,כן,"משנה תורה, הלכות מילה",פרק ג,פירוש,לא,
382,שו״ת הרמב״ם ובנו על סדר הרמבם,כן,"משנה תורה, הלכות מילה",פרק ג,פירוש,לא,
383,שו״ת הרמב״ם ובנו על סדר הרמבם,כן,"משנה תורה, הלכות מילה",פרק ג,פירוש,לא,
384,שו״ת הרמב״ם ובנו על סדר הרמבם,כן,"משנה תורה, הלכות מילה",פרק ג,פירוש,לא,
385,שו״ת הרמב״ם ובנו על סדר הרמבם,כן,"משנה תורה, הלכות מילה",פרק ג,פירוש,לא,
389,שו״ת הרמב״ם ובנו על סדר הרמבם,כן,"משנה תורה, הלכות מילה",פרק ג,פירוש,לא,
390,שו״ת הרמב״ם ובנו על סדר הרמבם,כן,"משנה תורה, הלכות מילה",פרק ג,פירוש,לא,
396,שו״ת הרמב״ם ובנו על סדר הרמבם,כן,"משנה תורה, הלכות שבת",פרק א,פירוש,לא,
402,שו״ת הרמב״ם ובנו על סדר הרמבם,כן,"משנה תורה, הלכות שבת",פרק ב,פירוש,לא,
403,שו״ת הרמב״ם ובנו על סדר הרמבם,כן,"משנה תורה, הלכות שבת",פרק ב,פירוש,לא,
409,שו״ת הרמב״ם ובנו על סדר הרמבם,כן,"משנה תורה, הלכות שבת",פרק ג,פירוש,לא,
415,שו״ת הרמב״ם ובנו על סדר הרמבם,כן,"משנה תורה, הלכות שבת",פרק ו,פירוש,לא,
416,שו״ת הרמב״ם ובנו על סדר הרמבם,כן,"משנה תורה, הלכות שבת",פרק ו,פירוש,לא,
420,שו״ת הרמב״ם ובנו על סדר הרמבם,כן,"משנה תורה, הלכות שבת",פרק ו,פירוש,לא,
421,שו״ת הרמב״ם ובנו על סדר הרמבם,כן,"משנה תורה, הלכות שבת",פרק ו,פירוש,לא,
427,שו״ת הרמב״ם ובנו על סדר הרמבם,כן,"משנה תורה, הלכות שבת",פרק יד,פירוש,לא,
428,שו״ת הרמב״ם ובנו על סדר הרמבם,כן,"משנה תורה, הלכות שבת",פרק יד,פירוש,לא,
434,שו״ת הרמב״ם ובנו על סדר הרמבם,כן,"משנה תורה, הלכות שבת",פרק יט,פירוש,לא,
435,שו״ת הרמב״ם ובנו על סדר הרמבם,כן,"משנה תורה, הלכות שבת",פרק יט,פירוש,לא,
441,שו״ת הרמב״ם ובנו על סדר הרמבם,כן,"משנה תורה, הלכות שבת",פרק כ,פירוש,לא,
442,שו״ת הרמב״ם ובנו על סדר הרמבם,כן,"משנה תורה, הלכות שבת",פרק כ,פירוש,לא,
448,שו״ת הרמב״ם ובנו על סדר הרמבם,כן,"משנה תורה, הלכות שבת",פרק כא,פירוש,לא,
449,שו״ת הרמב״ם ובנו על סדר הרמבם,כן,"משנה תורה, הלכות שבת",פרק כא,פירוש,לא,
455,שו״ת הרמב״ם ובנו על סדר הרמבם,כן,"משנה תורה, הלכות שבת",פרק כב,פירוש,לא,
456,שו״ת הרמב״ם ובנו על סדר הרמבם,כן,"משנה תורה, הלכות שבת",פרק כב,פירוש,לא,
460,שו״ת הרמב״ם ובנו על סדר הרמבם,כן,"משנה תורה, הלכות שבת",פרק כב,פירוש,לא,
461,שו״ת הרמב״ם ובנו על סדר הרמבם,כן,"משנה תורה, הלכות שבת",פרק כב,פירוש,לא,
467,שו״ת הרמב״ם ובנו על סדר הרמבם,כן,"משנה תורה, הלכות שבת",פרק כז,פירוש,לא,
468,שו״ת הרמב״ם ובנו על סדר הרמבם,כן,"משנה תורה, הלכות שבת",פרק כז,פירוש,לא,
469,שו״ת הרמב״ם ובנו על סדר הרמבם,כן,"משנה תורה, הלכות שבת",פרק כז,פירוש,לא,
470,שו״ת הרמב״ם ובנו על סדר הרמבם,כן,"משנה תורה, הלכות שבת",פרק כז,פירוש,לא,
471,שו״ת הרמב״ם ובנו על סדר הרמבם,כן,"משנה תורה, הלכות שבת",פרק כז,פירוש,לא,
472,שו״ת הרמב״ם ובנו על סדר הרמבם,כן,"משנה תורה, הלכות שבת",פרק כז,פירוש,לא,
473,שו״ת הרמב״ם ובנו על סדר הרמבם,כן,"משנה תורה, הלכות שבת",פרק כז,פירוש,לא,
474,שו״ת הרמב״ם ובנו על סדר הרמבם,כן,"משנה תורה, הלכות שבת",פרק כז,פירוש,לא,
475,שו״ת הרמב״ם ובנו על סדר הרמבם,כן,"משנה תורה, הלכות שבת",פרק כז,פירוש,לא,
476,שו״ת הרמב״ם ובנו על סדר הרמבם,כן,"משנה תורה, הלכות שבת",פרק כז,פירוש,לא,
477,שו״ת הרמב״ם ובנו על סדר הרמבם,כן,"משנה תורה, הלכות שבת",פרק כז,פירוש,לא,
483,שו״ת הרמב״ם ובנו על סדר הרמבם,כן,"משנה תורה, הלכות שביתת עשור",פרק ג,פירוש,לא,
489,שו״ת הרמב״ם ובנו על סדר הרמבם,כן,"משנה תורה, הלכות שביתת יום טוב",פרק ג,פירוש,לא,
490,שו״ת הרמב״ם ובנו על סדר הרמבם,כן,"משנה תורה, הלכות שביתת יום טוב",פרק ג,פירוש,לא,
491,שו״ת הרמב״ם ובנו על סדר הרמבם,כן,"משנה תורה, הלכות שביתת יום טוב",פרק ג,פירוש,לא,
492,שו״ת הרמב״ם ובנו על סדר הרמבם,כן,"משנה תורה, הלכות שביתת יום טוב",פרק ג,פירוש,לא,
493,שו״ת הרמב״ם ובנו על סדר הרמבם,כן,"משנה תורה, הלכות שביתת יום טוב",פרק ג,פירוש,לא,
494,שו״ת הרמב״ם ובנו על סדר הרמבם,כן,"משנה תורה, הלכות שביתת יום טוב",פרק ג,פירוש,לא,
500,שו״ת הרמב״ם ובנו על סדר הרמבם,כן,"משנה תורה, הלכות שביתת יום טוב",פרק ז,פירוש,לא,
506,שו״ת הרמב״ם ובנו על סדר הרמבם,כן,"משנה תורה, הלכות חמץ ומצה",פרק א,פירוש,לא,
507,שו״ת הרמב״ם ובנו על סדר הרמבם,כן,"משנה תורה, הלכות חמץ ומצה",פרק א,פירוש,לא,
513,שו״ת הרמב״ם ובנו על סדר הרמבם,כן,"משנה תורה, הלכות חמץ ומצה",פרק ח,פירוש,לא,
514,שו״ת הרמב״ם ובנו על סדר הרמבם,כן,"משנה תורה, הלכות חמץ ומצה",פרק ח,פירוש,לא,
520,שו״ת הרמב״ם ובנו על סדר הרמבם,כן,"משנה תורה, הלכות שופר וסוכה ולולב",פרק ג,פירוש,לא,
521,שו״ת הרמב״ם ובנו על סדר הרמבם,כן,"משנה תורה, הלכות שופר וסוכה ולולב",פרק ג,פירוש,לא,
527,שו״ת הרמב״ם ובנו על סדר הרמבם,כן,"משנה תורה, הלכות שופר וסוכה ולולב",פרק ז,פירוש,לא,
533,שו״ת הרמב״ם ובנו על סדר הרמבם,כן,"משנה תורה, הלכות קידוש החודש",פרק ה,פירוש,לא,
534,שו״ת הרמב״ם ובנו על סדר הרמבם,כן,"משנה תורה, הלכות קידוש החודש",פרק ה,פירוש,לא,
540,שו״ת הרמב״ם ובנו על סדר הרמבם,כן,"משנה תורה, הלכות קידוש החודש",פרק ו,פירוש,לא,
541,שו״ת הרמב״ם ובנו על סדר הרמבם,כן,"משנה תורה, הלכות קידוש החודש",פרק ו,פירוש,לא,
545,שו״ת הרמב״ם ובנו על סדר הרמבם,כן,"משנה תורה, הלכות קידוש החודש",פרק ו,פירוש,לא,
549,שו״ת הרמב״ם ובנו על סדר הרמבם,כן,"משנה תורה, הלכות קידוש החודש",פרק ט,פירוש,לא,
550,שו״ת הרמב״ם ובנו על סדר הרמבם,כן,"משנה תורה, הלכות קידוש החודש",פרק ט,פירוש,לא,
551,שו״ת הרמב״ם ובנו על סדר הרמבם,כן,"משנה תורה, הלכות קידוש החודש",פרק ט,פירוש,לא,
552,שו״ת הרמב״ם ובנו על סדר הרמבם,כן,"משנה תורה, הלכות קידוש החודש",פרק ט,פירוש,לא,
558,שו״ת הרמב״ם ובנו על סדר הרמבם,כן,"משנה תורה, הלכות תעניות",פרק א,פירוש,לא,
559,שו״ת הרמב״ם ובנו על סדר הרמבם,כן,"משנה תורה, הלכות תעניות",פרק א,פירוש,לא,
560,שו״ת הרמב״ם ובנו על סדר הרמבם,כן,"משנה תורה, הלכות תעניות",פרק א,פירוש,לא,
566,שו״ת הרמב״ם ובנו על סדר הרמבם,כן,"משנה תורה, הלכות תעניות",פרק ה,פירוש,לא,
567,שו״ת הרמב״ם ובנו על סדר הרמבם,כן,"משנה תורה, הלכות תעניות",פרק ה,פירוש,לא,
573,שו״ת הרמב״ם ובנו על סדר הרמבם,כן,"משנה תורה, הלכות מגילה וחנוכה",פרק א,פירוש,לא,
574,שו״ת הרמב״ם ובנו על סדר הרמבם,כן,"משנה תורה, הלכות מגילה וחנוכה",פרק א,פירוש,לא,
578,שו״ת הרמב״ם ובנו על סדר הרמבם,כן,"משנה תורה, הלכות מגילה וחנוכה",פרק א,פירוש,לא,
579,שו״ת הרמב״ם ובנו על סדר הרמבם,כן,"משנה תורה, הלכות מגילה וחנוכה",פרק א,פירוש,לא,
585,שו״ת הרמב״ם ובנו על סדר הרמבם,כן,"משנה תורה, הלכות מגילה וחנוכה",פרק ג,פירוש,לא,
586,שו״ת הרמב״ם ובנו על סדר הרמבם,כן,"משנה תורה, הלכות מגילה וחנוכה",פרק ג,פירוש,לא,
592,שו״ת הרמב״ם ובנו על סדר הרמבם,כן,"משנה תורה, הלכות אישות",פרק א,פירוש,לא,
593,שו״ת הרמב״ם ובנו על סדר הרמבם,כן,"משנה תורה, הלכות אישות",פרק א,פירוש,לא,
599,שו״ת הרמב״ם ובנו על סדר הרמבם,כן,"משנה תורה, הלכות אישות",פרק ב,פירוש,לא,
600,שו״ת הרמב״ם ובנו על סדר הרמבם,כן,"משנה תורה, הלכות אישות",פרק ב,פירוש,לא,
606,שו״ת הרמב״ם ובנו על סדר הרמבם,כן,"משנה תורה, הלכות אישות",פרק ד,פירוש,לא,
607,שו״ת הרמב״ם ובנו על סדר הרמבם,כן,"משנה תורה, הלכות אישות",פרק ד,פירוש,לא,
613,שו״ת הרמב״ם ובנו על סדר הרמבם,כן,"משנה תורה, הלכות אישות",פרק ז,פירוש,לא,
614,שו״ת הרמב״ם ובנו על סדר הרמבם,כן,"משנה תורה, הלכות אישות",פרק ז,פירוש,לא,
615,שו״ת הרמב״ם ובנו על סדר הרמבם,כן,"משנה תורה, הלכות אישות",פרק ז,פירוש,לא,
616,שו״ת הרמב״ם ובנו על סדר הרמבם,כן,"משנה תורה, הלכות אישות",פרק ז,פירוש,לא,
622,שו״ת הרמב״ם ובנו על סדר הרמבם,כן,"משנה תורה, הלכות אישות",פרק יב,פירוש,לא,
623,שו״ת הרמב״ם ובנו על סדר הרמבם,כן,"משנה תורה, הלכות אישות",פרק יב,פירוש,לא,
624,שו״ת הרמב״ם ובנו על סדר הרמבם,כן,"משנה תורה, הלכות אישות",פרק יב,פירוש,לא,
625,שו״ת הרמב״ם ובנו על סדר הרמבם,כן,"משנה תורה, הלכות אישות",פרק יב,פירוש,לא,
629,שו״ת הרמב״ם ובנו על סדר הרמבם,כן,"משנה תורה, הלכות אישות",פרק יב,פירוש,לא,
630,שו״ת הרמב״ם ובנו על סדר הרמבם,כן,"משנה תורה, הלכות אישות",פרק יב,פירוש,לא,
634,שו״ת הרמב״ם ובנו על סדר הרמבם,כן,"משנה תורה, הלכות אישות",פרק יב,פירוש,לא,
635,שו״ת הרמב״ם ובנו על סדר הרמבם,כן,"משנה תורה, הלכות אישות",פרק יב,פירוש,לא,
641,שו״ת הרמב״ם ובנו על סדר הרמבם,כן,"משנה תורה, הלכות אישות",פרק יג,פירוש,לא,
642,שו״ת הרמב״ם ובנו על סדר הרמבם,כן,"משנה תורה, הלכות אישות",פרק יג,פירוש,לא,
646,שו״ת הרמב״ם ובנו על סדר הרמבם,כן,"משנה תורה, הלכות אישות",פרק יג,פירוש,לא,
647,שו״ת הרמב״ם ובנו על סדר הרמבם,כן,"משנה תורה, הלכות אישות",פרק יג,פירוש,לא,
651,שו״ת הרמב״ם ובנו על סדר הרמבם,כן,"משנה תורה, הלכות אישות",פרק יג,פירוש,לא,
652,שו״ת הרמב״ם ובנו על סדר הרמבם,כן,"משנה תורה, הלכות אישות",פרק יג,פירוש,לא,
656,שו״ת הרמב״ם ובנו על סדר הרמבם,כן,"משנה תורה, הלכות אישות",פרק יג,פירוש,לא,
657,שו״ת הרמב״ם ובנו על סדר הרמבם,כן,"משנה תורה, הלכות אישות",פרק יג,פירוש,לא,
663,שו״ת הרמב״ם ובנו על סדר הרמבם,כן,"משנה תורה, הלכות אישות",פרק יד,פירוש,לא,
664,שו״ת הרמב״ם ובנו על סדר הרמבם,כן,"משנה תורה, הלכות אישות",פרק יד,פירוש,לא,
665,שו״ת הרמב״ם ובנו על סדר הרמבם,כן,"משנה תורה, הלכות אישות",פרק יד,פירוש,לא,
666,שו״ת הרמב״ם ובנו על סדר הרמבם,כן,"משנה תורה, הלכות אישות",פרק יד,פירוש,לא,
667,שו״ת הרמב״ם ובנו על סדר הרמבם,כן,"משנה תורה, הלכות אישות",פרק יד,פירוש,לא,
668,שו״ת הרמב״ם ובנו על סדר הרמבם,כן,"משנה תורה, הלכות אישות",פרק יד,פירוש,לא,
674,שו״ת הרמב״ם ובנו על סדר הרמבם,כן,"משנה תורה, הלכות אישות",פרק טז,פירוש,לא,
675,שו״ת הרמב״ם ובנו על סדר הרמבם,כן,"משנה תורה, הלכות אישות",פרק טז,פירוש,לא,
679,שו״ת הרמב״ם ובנו על סדר הרמבם,כן,"משנה תורה, הלכות אישות",פרק טז,פירוש,לא,
680,שו״ת הרמב״ם ובנו על סדר הרמבם,כן,"משנה תורה, הלכות אישות",פרק טז,פירוש,לא,
681,שו״ת הרמב״ם ובנו על סדר הרמבם,כן,"משנה תורה, הלכות אישות",פרק טז,פירוש,לא,
682,שו״ת הרמב״ם ובנו על סדר הרמבם,כן,"משנה תורה, הלכות אישות",פרק טז,פירוש,לא,
686,שו״ת הרמב״ם ובנו על סדר הרמבם,כן,"משנה תורה, הלכות אישות",פרק טז,פירוש,לא,
687,שו״ת הרמב״ם ובנו על סדר הרמבם,כן,"משנה תורה, הלכות אישות",פרק טז,פירוש,לא,
688,שו״ת הרמב״ם ובנו על סדר הרמבם,כן,"משנה תורה, הלכות אישות",פרק טז,פירוש,לא,
689,שו״ת הרמב״ם ובנו על סדר הרמבם,כן,"משנה תורה, הלכות אישות",פרק טז,פירוש,לא,
690,שו״ת הרמב״ם ובנו על סדר הרמבם,כן,"משנה תורה, הלכות אישות",פרק טז,פירוש,לא,
691,שו״ת הרמב״ם ובנו על סדר הרמבם,כן,"משנה תורה, הלכות אישות",פרק טז,פירוש,לא,
695,שו״ת הרמב״ם ובנו על סדר הרמבם,כן,"משנה תורה, הלכות אישות",פרק טז,פירוש,לא,
696,שו״ת הרמב״ם ובנו על סדר הרמבם,כן,"משנה תורה, הלכות אישות",פרק טז,פירוש,לא,
700,שו״ת הרמב״ם ובנו על סדר הרמבם,כן,"משנה תורה, הלכות אישות",פרק טז,פירוש,לא,
704,שו״ת הרמב״ם ובנו על סדר הרמבם,כן,"משנה תורה, הלכות אישות",פרק טז,פירוש,לא,
705,שו״ת הרמב״ם ובנו על סדר הרמבם,כן,"משנה תורה, הלכות אישות",פרק טז,פירוש,לא,
711,שו״ת הרמב״ם ובנו על סדר הרמבם,כן,"משנה תורה, הלכות אישות",פרק יז,פירוש,לא,
712,שו״ת הרמב״ם ובנו על סדר הרמבם,כן,"משנה תורה, הלכות אישות",פרק יז,פירוש,לא,
716,שו״ת הרמב״ם ובנו על סדר הרמבם,כן,"משנה תורה, הלכות אישות",פרק יז,פירוש,לא,
717,שו״ת הרמב״ם ובנו על סדר הרמבם,כן,"משנה תורה, הלכות אישות",פרק יז,פירוש,לא,
723,שו״ת הרמב״ם ובנו על סדר הרמבם,כן,"משנה תורה, הלכות אישות",פרק יח,פירוש,לא,
724,שו״ת הרמב״ם ובנו על סדר הרמבם,כן,"משנה תורה, הלכות אישות",פרק יח,פירוש,לא,
725,שו״ת הרמב״ם ובנו על סדר הרמבם,כן,"משנה תורה, הלכות אישות",פרק יח,פירוש,לא,
726,שו״ת הרמב״ם ובנו על סדר הרמבם,כן,"משנה תורה, הלכות אישות",פרק יח,פירוש,לא,
732,שו״ת הרמב״ם ובנו על סדר הרמבם,כן,"משנה תורה, הלכות אישות",פרק יט,פירוש,לא,
733,שו״ת הרמב״ם ובנו על סדר הרמבם,כן,"משנה תורה, הלכות אישות",פרק יט,פירוש,לא,
737,שו״ת הרמב״ם ובנו על סדר הרמבם,כן,"משנה תורה, הלכות אישות",פרק יט,פירוש,לא,
738,שו״ת הרמב״ם ובנו על סדר הרמבם,כן,"משנה תורה, הלכות אישות",פרק יט,פירוש,לא,
744,שו״ת הרמב״ם ובנו על סדר הרמבם,כן,"משנה תורה, הלכות אישות",פרק כ,פירוש,לא,
745,שו״ת הרמב״ם ובנו על סדר הרמבם,כן,"משנה תורה, הלכות אישות",פרק כ,פירוש,לא,
751,שו״ת הרמב״ם ובנו על סדר הרמבם,כן,"משנה תורה, הלכות אישות",פרק כא,פירוש,לא,
752,שו״ת הרמב״ם ובנו על סדר הרמבם,כן,"משנה תורה, הלכות אישות",פרק כא,פירוש,לא,
753,שו״ת הרמב״ם ובנו על סדר הרמבם,כן,"משנה תורה, הלכות אישות",פרק כא,פירוש,לא,
754,שו״ת הרמב״ם ובנו על סדר הרמבם,כן,"משנה תורה, הלכות אישות",פרק כא,פירוש,לא,
755,שו״ת הרמב״ם ובנו על סדר הרמבם,כן,"משנה תורה, הלכות אישות",פרק כא,פירוש,לא,
761,שו״ת הרמב״ם ובנו על סדר הרמבם,כן,"משנה תורה, הלכות אישות",פרק כב,פירוש,לא,
762,שו״ת הרמב״ם ובנו על סדר הרמבם,כן,"משנה תורה, הלכות אישות",פרק כב,פירוש,לא,
766,שו״ת הרמב״ם ובנו על סדר הרמבם,כן,"משנה תורה, הלכות אישות",פרק כב,פירוש,לא,
767,שו״ת הרמב״ם ובנו על סדר הרמבם,כן,"משנה תורה, הלכות אישות",פרק כב,פירוש,לא,
768,שו״ת הרמב״ם ובנו על סדר הרמבם,כן,"משנה תורה, הלכות אישות",פרק כב,פירוש,לא,
769,שו״ת הרמב״ם ובנו על סדר הרמבם,כן,"משנה תורה, הלכות אישות",פרק כב,פירוש,לא,
775,שו״ת הרמב״ם ובנו על סדר הרמבם,כן,"משנה תורה, הלכות אישות",פרק כג,פירוש,לא,
776,שו״ת הרמב״ם ובנו על סדר הרמבם,כן,"משנה תורה, הלכות אישות",פרק כג,פירוש,לא,
777,שו״ת הרמב״ם ובנו על סדר הרמבם,כן,"משנה תורה, הלכות אישות",פרק כג,פירוש,לא,
778,שו״ת הרמב״ם ובנו על סדר הרמבם,כן,"משנה תורה, הלכות אישות",פרק כג,פירוש,לא,
779,שו״ת הרמב״ם ובנו על סדר הרמבם,כן,"משנה תורה, הלכות אישות",פרק כג,פירוש,לא,
780,שו״ת הרמב״ם ובנו על סדר הרמבם,כן,"משנה תורה, הלכות אישות",פרק כג,פירוש,לא,
784,שו״ת הרמב״ם ובנו על סדר הרמבם,כן,"משנה תורה, הלכות אישות",פרק כג,פירוש,לא,
785,שו״ת הרמב״ם ובנו על סדר הרמבם,כן,"משנה תורה, הלכות אישות",פרק כג,פירוש,לא,
791,שו״ת הרמב״ם ובנו על סדר הרמבם,כן,"משנה תורה, הלכות אישות",פרק כד,פירוש,לא,
792,שו״ת הרמב״ם ובנו על סדר הרמבם,כן,"משנה תורה, הלכות אישות",פרק כד,פירוש,לא,
793,שו״ת הרמב״ם ובנו על סדר הרמבם,כן,"משנה תורה, הלכות אישות",פרק כד,פירוש,לא,
794,שו״ת הרמב״ם ובנו על סדר הרמבם,כן,"משנה תורה, הלכות אישות",פרק כד,פירוש,לא,
795,שו״ת הרמב״ם ובנו על סדר הרמבם,כן,"משנה תורה, הלכות אישות",פרק כד,פירוש,לא,
796,שו״ת הרמב״ם ובנו על סדר הרמבם,כן,"משנה תורה, הלכות אישות",פרק כד,פירוש,לא,
797,שו״ת הרמב״ם ובנו על סדר הרמבם,כן,"משנה תורה, הלכות אישות",פרק כד,פירוש,לא,
798,שו״ת הרמב״ם ובנו על סדר הרמבם,כן,"משנה תורה, הלכות אישות",פרק כד,פירוש,לא,
804,שו״ת הרמב״ם ובנו על סדר הרמבם,כן,"משנה תורה, הלכות גירושין",פרק ב,פירוש,לא,
805,שו״ת הרמב״ם ובנו על סדר הרמבם,כן,"משנה תורה, הלכות גירושין",פרק ב,פירוש,לא,
806,שו״ת הרמב״ם ובנו על סדר הרמבם,כן,"משנה תורה, הלכות גירושין",פרק ב,פירוש,לא,
812,שו״ת הרמב״ם ובנו על סדר הרמבם,כן,"משנה תורה, הלכות גירושין",פרק ו,פירוש,לא,
813,שו״ת הרמב״ם ובנו על סדר הרמבם,כן,"משנה תורה, הלכות גירושין",פרק ו,פירוש,לא,
817,שו״ת הרמב״ם ובנו על סדר הרמבם,כן,"משנה תורה, הלכות גירושין",פרק ו,פירוש,לא,
818,שו״ת הרמב״ם ובנו על סדר הרמבם,כן,"משנה תורה, הלכות גירושין",פרק ו,פירוש,לא,
824,שו״ת הרמב״ם ובנו על סדר הרמבם,כן,"משנה תורה, הלכות גירושין",פרק ח,פירוש,לא,
825,שו״ת הרמב״ם ובנו על סדר הרמבם,כן,"משנה תורה, הלכות גירושין",פרק ח,פירוש,לא,
831,שו״ת הרמב״ם ובנו על סדר הרמבם,כן,"משנה תורה, הלכות גירושין",פרק י,פירוש,לא,
837,שו״ת הרמב״ם ובנו על סדר הרמבם,כן,"משנה תורה, הלכות גירושין",פרק יב,פירוש,לא,
838,שו״ת הרמב״ם ובנו על סדר הרמבם,כן,"משנה תורה, הלכות גירושין",פרק יב,פירוש,לא,
842,שו״ת הרמב״ם ובנו על סדר הרמבם,כן,"משנה תורה, הלכות גירושין",פרק יב,פירוש,לא,
843,שו״ת הרמב״ם ובנו על סדר הרמבם,כן,"משנה תורה, הלכות גירושין",פרק יב,פירוש,לא,
849,שו״ת הרמב״ם ובנו על סדר הרמבם,כן,"משנה תורה, הלכות גירושין",פרק יג,פירוש,לא,
850,שו״ת הרמב״ם ובנו על סדר הרמבם,כן,"משנה תורה, הלכות גירושין",פרק יג,פירוש,לא,
851,שו״ת הרמב״ם ובנו על סדר הרמבם,כן,"משנה תורה, הלכות גירושין",פרק יג,פירוש,לא,
855,שו״ת הרמב״ם ובנו על סדר הרמבם,כן,"משנה תורה, הלכות גירושין",פרק יג,פירוש,לא,
856,שו״ת הרמב״ם ובנו על סדר הרמבם,כן,"משנה תורה, הלכות גירושין",פרק יג,פירוש,לא,
862,שו״ת הרמב״ם ובנו על סדר הרמבם,כן,"משנה תורה, הלכות יבום וחליצה",פרק א,פירוש,לא,
863,שו״ת הרמב״ם ובנו על סדר הרמבם,כן,"משנה תורה, הלכות יבום וחליצה",פרק א,פירוש,לא,
864,שו״ת הרמב״ם ובנו על סדר הרמבם,כן,"משנה תורה, הלכות יבום וחליצה",פרק א,פירוש,לא,
868,שו״ת הרמב״ם ובנו על סדר הרמבם,כן,"משנה תורה, הלכות יבום וחליצה",פרק א,פירוש,לא,
869,שו״ת הרמב״ם ובנו על סדר הרמבם,כן,"משנה תורה, הלכות יבום וחליצה",פרק א,פירוש,לא,
870,שו״ת הרמב״ם ובנו על סדר הרמבם,כן,"משנה תורה, הלכות יבום וחליצה",פרק א,פירוש,לא,
871,שו״ת הרמב״ם ובנו על סדר הרמבם,כן,"משנה תורה, הלכות יבום וחליצה",פרק א,פירוש,לא,
875,שו״ת הרמב״ם ובנו על סדר הרמבם,כן,"משנה תורה, הלכות יבום וחליצה",פרק א,פירוש,לא,
876,שו״ת הרמב״ם ובנו על סדר הרמבם,כן,"משנה תורה, הלכות יבום וחליצה",פרק א,פירוש,לא,
882,שו״ת הרמב״ם ובנו על סדר הרמבם,כן,"משנה תורה, הלכות מאכלות אסורות",פרק טז,פירוש,לא,
883,שו״ת הרמב״ם ובנו על סדר הרמבם,כן,"משנה תורה, הלכות מאכלות אסורות",פרק טז,פירוש,לא,
889,שו״ת הרמב״ם ובנו על סדר הרמבם,כן,"משנה תורה, הלכות שבועות",פרק א,פירוש,לא,
890,שו״ת הרמב״ם ובנו על סדר הרמבם,כן,"משנה תורה, הלכות שבועות",פרק א,פירוש,לא,
896,שו״ת הרמב״ם ובנו על סדר הרמבם,כן,"משנה תורה, הלכות שבועות",פרק ה,פירוש,לא,
897,שו״ת הרמב״ם ובנו על סדר הרמבם,כן,"משנה תורה, הלכות שבועות",פרק ה,פירוש,לא,
903,שו״ת הרמב״ם ובנו על סדר הרמבם,כן,"משנה תורה, הלכות שבועות",פרק ט,פירוש,לא,
904,שו״ת הרמב״ם ובנו על סדר הרמבם,כן,"משנה תורה, הלכות שבועות",פרק ט,פירוש,לא,
910,שו״ת הרמב״ם ובנו על סדר הרמבם,כן,"משנה תורה, הלכות נדרים",פרק א,פירוש,לא,
911,שו״ת הרמב״ם ובנו על סדר הרמבם,כן,"משנה תורה, הלכות נדרים",פרק א,פירוש,לא,
917,שו״ת הרמב״ם ובנו על סדר הרמבם,כן,"משנה תורה, הלכות נדרים",פרק ב,פירוש,לא,
918,שו״ת הרמב״ם ובנו על סדר הרמבם,כן,"משנה תורה, הלכות נדרים",פרק ב,פירוש,לא,
924,שו״ת הרמב״ם ובנו על סדר הרמבם,כן,"משנה תורה, הלכות נדרים",פרק יב,פירוש,לא,
925,שו״ת הרמב״ם ובנו על סדר הרמבם,כן,"משנה תורה, הלכות נדרים",פרק יב,פירוש,לא,
926,שו״ת הרמב״ם ובנו על סדר הרמבם,כן,"משנה תורה, הלכות נדרים",פרק יב,פירוש,לא,
927,שו״ת הרמב״ם ובנו על סדר הרמבם,כן,"משנה תורה, הלכות נדרים",פרק יב,פירוש,לא,
933,שו״ת הרמב״ם ובנו על סדר הרמבם,כן,"משנה תורה, הלכות ערכים וחרמין",פרק ו,פירוש,לא,
934,שו״ת הרמב״ם ובנו על סדר הרמבם,כן,"משנה תורה, הלכות ערכים וחרמין",פרק ו,פירוש,לא,
940,שו״ת הרמב״ם ובנו על סדר הרמבם,כן,"משנה תורה, הלכות כלאים",פרק י,פירוש,לא,
941,שו״ת הרמב״ם ובנו על סדר הרמבם,כן,"משנה תורה, הלכות כלאים",פרק י,פירוש,לא,
947,שו״ת הרמב״ם ובנו על סדר הרמבם,כן,"משנה תורה, הלכות תרומות",פרק א,פירוש,לא,
953,שו״ת הרמב״ם ובנו על סדר הרמבם,כן,"משנה תורה, הלכות תרומות",פרק טו,פירוש,לא,
954,שו״ת הרמב״ם ובנו על סדר הרמבם,כן,"משנה תורה, הלכות תרומות",פרק טו,פירוש,לא,
960,שו״ת הרמב״ם ובנו על סדר הרמבם,כן,"משנה תורה, הלכות מעשרות",פרק א,פירוש,לא,
961,שו״ת הרמב״ם ובנו על סדר הרמבם,כן,"משנה תורה, הלכות מעשרות",פרק א,פירוש,לא,
962,שו״ת הרמב״ם ובנו על סדר הרמבם,כן,"משנה תורה, הלכות מעשרות",פרק א,פירוש,לא,
963,שו״ת הרמב״ם ובנו על סדר הרמבם,כן,"משנה תורה, הלכות מעשרות",פרק א,פירוש,לא,
969,שו״ת הרמב״ם ובנו על סדר הרמבם,כן,"משנה תורה, הלכות מעשר שני ונטע רבעי",פרק ב,פירוש,לא,
975,שו״ת הרמב״ם ובנו על סדר הרמבם,כן,"משנה תורה, הלכות מעשר שני ונטע רבעי",פרק ט,פירוש,לא,
976,שו״ת הרמב״ם ובנו על סדר הרמבם,כן,"משנה תורה, הלכות מעשר שני ונטע רבעי",פרק ט,פירוש,לא,
982,שו״ת הרמב״ם ובנו על סדר הרמבם,כן,"משנה תורה, הלכות ביכורים ושאר מתנות כהונה שבגבולין",פרק א,פירוש,לא,
983,שו״ת הרמב״ם ובנו על סדר הרמבם,כן,"משנה תורה, הלכות ביכורים ושאר מתנות כהונה שבגבולין",פרק א,פירוש,לא,
989,שו״ת הרמב״ם ובנו על סדר הרמבם,כן,"משנה תורה, הלכות ביכורים ושאר מתנות כהונה שבגבולין",פרק ה,פירוש,לא,
990,שו״ת הרמב״ם ובנו על סדר הרמבם,כן,"משנה תורה, הלכות ביכורים ושאר מתנות כהונה שבגבולין",פרק ה,פירוש,לא,
996,שו״ת הרמב״ם ובנו על סדר הרמבם,כן,"משנה תורה, הלכות שמיטה ויובל",פרק א,פירוש,לא,
997,שו״ת הרמב״ם ובנו על סדר הרמבם,כן,"משנה תורה, הלכות שמיטה ויובל",פרק א,פירוש,לא,
1003,שו״ת הרמב״ם ובנו על סדר הרמבם,כן,"משנה תורה, הלכות שמיטה ויובל",פרק ד,פירוש,לא,
1004,שו״ת הרמב״ם ובנו על סדר הרמבם,כן,"משנה תורה, הלכות שמיטה ויובל",פרק ד,פירוש,לא,
1005,שו״ת הרמב״ם ובנו על סדר הרמבם,כן,"משנה תורה, הלכות שמיטה ויובל",פרק ד,פירוש,לא,
1011,שו״ת הרמב״ם ובנו על סדר הרמבם,כן,"משנה תורה, הלכות שמיטה ויובל",פרק ט,פירוש,לא,
1012,שו״ת הרמב״ם ובנו על סדר הרמבם,כן,"משנה תורה, הלכות שמיטה ויובל",פרק ט,פירוש,לא,
1016,שו״ת הרמב״ם ובנו על סדר הרמבם,כן,"משנה תורה, הלכות שמיטה ויובל",פרק ט,פירוש,לא,
1017,שו״ת הרמב״ם ובנו על סדר הרמבם,כן,"משנה תורה, הלכות שמיטה ויובל",פרק ט,פירוש,לא,
1021,שו״ת הרמב״ם ובנו על סדר הרמבם,כן,"משנה תורה, הלכות שמיטה ויובל",פרק ט,פירוש,לא,
1022,שו״ת הרמב״ם ובנו על סדר הרמבם,כן,"משנה תורה, הלכות שמיטה ויובל",פרק ט,פירוש,לא,
1026,שו״ת הרמב״ם ובנו על סדר הרמבם,כן,"משנה תורה, הלכות שמיטה ויובל",פרק ט,פירוש,לא,
1027,שו״ת הרמב״ם ובנו על סדר הרמבם,כן,"משנה תורה, הלכות שמיטה ויובל",פרק ט,פירוש,לא,
1031,שו״ת הרמב״ם ובנו על סדר הרמבם,כן,"משנה תורה, הלכות שמיטה ויובל",פרק ט,פירוש,לא,
1032,שו״ת הרמב״ם ובנו על סדר הרמבם,כן,"משנה תורה, הלכות שמיטה ויובל",פרק ט,פירוש,לא,
1036,שו״ת הרמב״ם ובנו על סדר הרמבם,כן,"משנה תורה, הלכות שמיטה ויובל",פרק ט,פירוש,לא,
1037,שו״ת הרמב״ם ובנו על סדר הרמבם,כן,"משנה תורה, הלכות שמיטה ויובל",פרק ט,פירוש,לא,
1038,שו״ת הרמב״ם ובנו על סדר הרמבם,כן,"משנה תורה, הלכות שמיטה ויובל",פרק ט,פירוש,לא,
1039,שו״ת הרמב״ם ובנו על סדר הרמבם,כן,"משנה תורה, הלכות שמיטה ויובל",פרק ט,פירוש,לא,
1040,שו״ת הרמב״ם ובנו על סדר הרמבם,כן,"משנה תורה, הלכות שמיטה ויובל",פרק ט,פירוש,לא,
1041,שו״ת הרמב״ם ובנו על סדר הרמבם,כן,"משנה תורה, הלכות שמיטה ויובל",פרק ט,פירוש,לא,
1047,שו״ת הרמב״ם ובנו על סדר הרמבם,כן,"משנה תורה, הלכות שמיטה ויובל",פרק י,פירוש,לא,
1048,שו״ת הרמב״ם ובנו על סדר הרמבם,כן,"משנה תורה, הלכות שמיטה ויובל",פרק י,פירוש,לא,
1054,שו״ת הרמב״ם ובנו על סדר הרמבם,כן,"משנה תורה, הלכות ביאת מקדש",פרק א,פירוש,לא,
1055,שו״ת הרמב״ם ובנו על סדר הרמבם,כן,"משנה תורה, הלכות ביאת מקדש",פרק א,פירוש,לא,
1059,שו״ת הרמב״ם ובנו על סדר הרמבם,כן,"משנה תורה, הלכות ביאת מקדש",פרק א,פירוש,לא,
1063,שו״ת הרמב״ם ובנו על סדר הרמבם,כן,"משנה תורה, הלכות ביאת מקדש",פרק ו,פירוש,לא,
1064,שו״ת הרמב״ם ובנו על סדר הרמבם,כן,"משנה תורה, הלכות ביאת מקדש",פרק ו,פירוש,לא,
1065,שו״ת הרמב״ם ובנו על סדר הרמבם,כן,"משנה תורה, הלכות ביאת מקדש",פרק ו,פירוש,לא,
1071,שו״ת הרמב״ם ובנו על סדר הרמבם,כן,"משנה תורה, הלכות מעשה הקרבנות",פרק ט,פירוש,לא,
1072,שו״ת הרמב״ם ובנו על סדר הרמבם,כן,"משנה תורה, הלכות מעשה הקרבנות",פרק ט,פירוש,לא,
1078,שו״ת הרמב״ם ובנו על סדר הרמבם,כן,"משנה תורה, הלכות תמידים ומוספין",פרק ד,פירוש,לא,
1079,שו״ת הרמב״ם ובנו על סדר הרמבם,כן,"משנה תורה, הלכות תמידים ומוספין",פרק ד,פירוש,לא,
1080,שו״ת הרמב״ם ובנו על סדר הרמבם,כן,"משנה תורה, הלכות תמידים ומוספין",פרק ד,פירוש,לא,
1081,שו״ת הרמב״ם ובנו על סדר הרמבם,כן,"משנה תורה, הלכות תמידים ומוספין",פרק ד,פירוש,לא,
1087,שו״ת הרמב״ם ובנו על סדר הרמבם,כן,"משנה תורה, הלכות בכורות",פרק ו,פירוש,לא,
1088,שו״ת הרמב״ם ובנו על סדר הרמבם,כן,"משנה תורה, הלכות בכורות",פרק ו,פירוש,לא,
1094,שו״ת הרמב״ם ובנו על סדר הרמבם,כן,"משנה תורה, הלכות שגגות",פרק יד,פירוש,לא,
1095,שו״ת הרמב״ם ובנו על סדר הרמבם,כן,"משנה תורה, הלכות שגגות",פרק יד,פירוש,לא,
1101,שו״ת הרמב״ם ובנו על סדר הרמבם,כן,"משנה תורה, הלכות טומאת מת",פרק א,פירוש,לא,
1102,שו״ת הרמב״ם ובנו על סדר הרמבם,כן,"משנה תורה, הלכות טומאת מת",פרק א,פירוש,לא,
1108,שו״ת הרמב״ם ובנו על סדר הרמבם,כן,"משנה תורה, הלכות שאר אבות הטומאות",פרק טז,פירוש,לא,
1109,שו״ת הרמב״ם ובנו על סדר הרמבם,כן,"משנה תורה, הלכות שאר אבות הטומאות",פרק טז,פירוש,לא,
1115,שו״ת הרמב״ם ובנו על סדר הרמבם,כן,"משנה תורה, הלכות כלים",פרק טו,פירוש,לא,
1116,שו״ת הרמב״ם ובנו על סדר הרמבם,כן,"משנה תורה, הלכות כלים",פרק טו,פירוש,לא,
1122,שו״ת הרמב״ם ובנו על סדר הרמבם,כן,"משנה תורה, הלכות נזקי ממון",פרק ד,פירוש,לא,
1123,שו״ת הרמב״ם ובנו על סדר הרמבם,כן,"משנה תורה, הלכות נזקי ממון",פרק ד,פירוש,לא,
1124,שו״ת הרמב״ם ובנו על סדר הרמבם,כן,"משנה תורה, הלכות נזקי ממון",פרק ד,פירוש,לא,
1128,שו״ת הרמב״ם ובנו על סדר הרמבם,כן,"משנה תורה, הלכות נזקי ממון",פרק ד,פירוש,לא,
1129,שו״ת הרמב״ם ובנו על סדר הרמבם,כן,"משנה תורה, הלכות נזקי ממון",פרק ד,פירוש,לא,
1135,שו״ת הרמב״ם ובנו על סדר הרמבם,כן,"משנה תורה, הלכות שכנים",פרק ב,פירוש,לא,
1138,שו״ת הרמב״ם ובנו על סדר הרמבם,כן,"משנה תורה, הלכות שכנים",פרק ב,פירוש,לא,
1139,שו״ת הרמב״ם ובנו על סדר הרמבם,כן,"משנה תורה, הלכות שכנים",פרק ב,פירוש,לא,
1145,שו״ת הרמב״ם ובנו על סדר הרמבם,כן,"משנה תורה, הלכות שכירות",פרק ו,פירוש,לא,
1146,שו״ת הרמב״ם ובנו על סדר הרמבם,כן,"משנה תורה, הלכות שכירות",פרק ו,פירוש,לא,
1147,שו״ת הרמב״ם ובנו על סדר הרמבם,כן,"משנה תורה, הלכות שכירות",פרק ו,פירוש,לא,
1148,שו״ת הרמב״ם ובנו על סדר הרמבם,כן,"משנה תורה, הלכות שכירות",פרק ו,פירוש,לא,
1149,שו״ת הרמב״ם ובנו על סדר הרמבם,כן,"משנה תורה, הלכות שכירות",פרק ו,פירוש,לא,
1150,שו״ת הרמב״ם ובנו על סדר הרמבם,כן,"משנה תורה, הלכות שכירות",פרק ו,פירוש,לא,
1156,שו״ת הרמב״ם ובנו על סדר הרמבם,כן,"משנה תורה, הלכות שאלה ופיקדון",פרק ב,פירוש,לא,
1162,שו״ת הרמב״ם ובנו על סדר הרמבם,כן,"משנה תורה, הלכות שאלה ופיקדון",פרק ד,פירוש,לא,
1163,שו״ת הרמב״ם ובנו על סדר הרמבם,כן,"משנה תורה, הלכות שאלה ופיקדון",פרק ד,פירוש,לא,
1164,שו״ת הרמב״ם ובנו על סדר הרמבם,כן,"משנה תורה, הלכות שאלה ופיקדון",פרק ד,פירוש,לא,
1165,שו״ת הרמב״ם ובנו על סדר הרמבם,כן,"משנה תורה, הלכות שאלה ופיקדון",פרק ד,פירוש,לא,
1166,שו״ת הרמב״ם ובנו על סדר הרמבם,כן,"משנה תורה, הלכות שאלה ופיקדון",פרק ד,פירוש,לא,
1167,שו״ת הרמב״ם ובנו על סדר הרמבם,כן,"משנה תורה, הלכות שאלה ופיקדון",פרק ד,פירוש,לא,
1171,שו״ת הרמב״ם ובנו על סדר הרמבם,כן,"משנה תורה, הלכות שאלה ופיקדון",פרק ד,פירוש,לא,
1177,שו״ת הרמב״ם ובנו על סדר הרמבם,כן,"משנה תורה, הלכות שאלה ופיקדון",פרק ה,פירוש,לא,
1178,שו״ת הרמב״ם ובנו על סדר הרמבם,כן,"משנה תורה, הלכות שאלה ופיקדון",פרק ה,פירוש,לא,
1184,שו״ת הרמב״ם ובנו על סדר הרמבם,כן,"משנה תורה, הלכות מלווה ולווה",פרק א,פירוש,לא,
1185,שו״ת הרמב״ם ובנו על סדר הרמבם,כן,"משנה תורה, הלכות מלווה ולווה",פרק א,פירוש,לא,
1191,שו״ת הרמב״ם ובנו על סדר הרמבם,כן,"משנה תורה, הלכות מלווה ולווה",פרק ב,פירוש,לא,
1192,שו״ת הרמב״ם ובנו על סדר הרמבם,כן,"משנה תורה, הלכות מלווה ולווה",פרק ב,פירוש,לא,
1193,שו״ת הרמב״ם ובנו על סדר הרמבם,כן,"משנה תורה, הלכות מלווה ולווה",פרק ב,פירוש,לא,
1194,שו״ת הרמב״ם ובנו על סדר הרמבם,כן,"משנה תורה, הלכות מלווה ולווה",פרק ב,פירוש,לא,
1200,שו״ת הרמב״ם ובנו על סדר הרמבם,כן,"משנה תורה, הלכות מלווה ולווה",פרק ג,פירוש,לא,
1201,שו״ת הרמב״ם ובנו על סדר הרמבם,כן,"משנה תורה, הלכות מלווה ולווה",פרק ג,פירוש,לא,
1207,שו״ת הרמב״ם ובנו על סדר הרמבם,כן,"משנה תורה, הלכות מלווה ולווה",פרק ד,פירוש,לא,
1208,שו״ת הרמב״ם ובנו על סדר הרמבם,כן,"משנה תורה, הלכות מלווה ולווה",פרק ד,פירוש,לא,
1212,שו״ת הרמב״ם ובנו על סדר הרמבם,כן,"משנה תורה, הלכות מלווה ולווה",פרק ד,פירוש,לא,
1213,שו״ת הרמב״ם ובנו על סדר הרמבם,כן,"משנה תורה, הלכות מלווה ולווה",פרק ד,פירוש,לא,
1214,שו״ת הרמב״ם ובנו על סדר הרמבם,כן,"משנה תורה, הלכות מלווה ולווה",פרק ד,פירוש,לא,
1215,שו״ת הרמב״ם ובנו על סדר הרמבם,כן,"משנה תורה, הלכות מלווה ולווה",פרק ד,פירוש,לא,
1221,שו״ת הרמב״ם ובנו על סדר הרמבם,כן,"משנה תורה, הלכות מלווה ולווה",פרק ה,פירוש,לא,
1222,שו״ת הרמב״ם ובנו על סדר הרמבם,כן,"משנה תורה, הלכות מלווה ולווה",פרק ה,פירוש,לא,
1228,שו״ת הרמב״ם ובנו על סדר הרמבם,כן,"משנה תורה, הלכות מלווה ולווה",פרק ו,פירוש,לא,
1229,שו״ת הרמב״ם ובנו על סדר הרמבם,כן,"משנה תורה, הלכות מלווה ולווה",פרק ו,פירוש,לא,
1235,שו״ת הרמב״ם ובנו על סדר הרמבם,כן,"משנה תורה, הלכות מלווה ולווה",פרק ח,פירוש,לא,
1236,שו״ת הרמב״ם ובנו על סדר הרמבם,כן,"משנה תורה, הלכות מלווה ולווה",פרק ח,פירוש,לא,
1237,שו״ת הרמב״ם ובנו על סדר הרמבם,כן,"משנה תורה, הלכות מלווה ולווה",פרק ח,פירוש,לא,
1238,שו״ת הרמב״ם ובנו על סדר הרמבם,כן,"משנה תורה, הלכות מלווה ולווה",פרק ח,פירוש,לא,
1239,שו״ת הרמב״ם ובנו על סדר הרמבם,כן,"משנה תורה, הלכות מלווה ולווה",פרק ח,פירוש,לא,
1240,שו״ת הרמב״ם ובנו על סדר הרמבם,כן,"משנה תורה, הלכות מלווה ולווה",פרק ח,פירוש,לא,
1241,שו״ת הרמב״ם ובנו על סדר הרמבם,כן,"משנה תורה, הלכות מלווה ולווה",פרק ח,פירוש,לא,
1242,שו״ת הרמב״ם ובנו על סדר הרמבם,כן,"משנה תורה, הלכות מלווה ולווה",פרק ח,פירוש,לא,
1248,שו״ת הרמב״ם ובנו על סדר הרמבם,כן,"משנה תורה, הלכות מלווה ולווה",פרק יא,פירוש,לא,
1249,שו״ת הרמב״ם ובנו על סדר הרמבם,כן,"משנה תורה, הלכות מלווה ולווה",פרק יא,פירוש,לא,
1250,שו״ת הרמב״ם ובנו על סדר הרמבם,כן,"משנה תורה, הלכות מלווה ולווה",פרק יא,פירוש,לא,
1251,שו״ת הרמב״ם ובנו על סדר הרמבם,כן,"משנה תורה, הלכות מלווה ולווה",פרק יא,פירוש,לא,
1252,שו״ת הרמב״ם ובנו על סדר הרמבם,כן,"משנה תורה, הלכות מלווה ולווה",פרק יא,פירוש,לא,
1258,שו״ת הרמב״ם ובנו על סדר הרמבם,כן,"משנה תורה, הלכות מלווה ולווה",פרק יג,פירוש,לא,
1259,שו״ת הרמב״ם ובנו על סדר הרמבם,כן,"משנה תורה, הלכות מלווה ולווה",פרק יג,פירוש,לא,
1263,שו״ת הרמב״ם ובנו על סדר הרמבם,כן,"משנה תורה, הלכות מלווה ולווה",פרק יג,פירוש,לא,
1264,שו״ת הרמב״ם ובנו על סדר הרמבם,כן,"משנה תורה, הלכות מלווה ולווה",פרק יג,פירוש,לא,
1270,שו״ת הרמב״ם ובנו על סדר הרמבם,כן,"משנה תורה, הלכות מלווה ולווה",פרק יז,פירוש,לא,
1271,שו״ת הרמב״ם ובנו על סדר הרמבם,כן,"משנה תורה, הלכות מלווה ולווה",פרק יז,פירוש,לא,
1277,שו״ת הרמב״ם ובנו על סדר הרמבם,כן,"משנה תורה, הלכות מלווה ולווה",פרק כה,פירוש,לא,
1278,שו״ת הרמב״ם ובנו על סדר הרמבם,כן,"משנה תורה, הלכות מלווה ולווה",פרק כה,פירוש,לא,
1284,שו״ת הרמב״ם ובנו על סדר הרמבם,כן,"משנה תורה, הלכות מלווה ולווה",פרק כז,פירוש,לא,
1285,שו״ת הרמב״ם ובנו על סדר הרמבם,כן,"משנה תורה, הלכות מלווה ולווה",פרק כז,פירוש,לא,
1286,שו״ת הרמב״ם ובנו על סדר הרמבם,כן,"משנה תורה, הלכות מלווה ולווה",פרק כז,פירוש,לא,
1287,שו״ת הרמב״ם ובנו על סדר הרמבם,כן,"משנה תורה, הלכות מלווה ולווה",פרק כז,פירוש,לא,
1293,שו״ת הרמב״ם ובנו על סדר הרמבם,כן,"משנה תורה, הלכות טוען ונטען",פרק א,פירוש,לא,
1294,שו״ת הרמב״ם ובנו על סדר הרמבם,כן,"משנה תורה, הלכות טוען ונטען",פרק א,פירוש,לא,
1295,שו״ת הרמב״ם ובנו על סדר הרמבם,כן,"משנה תורה, הלכות טוען ונטען",פרק א,פירוש,לא,
1296,שו״ת הרמב״ם ובנו על סדר הרמבם,כן,"משנה תורה, הלכות טוען ונטען",פרק א,פירוש,לא,
1300,שו״ת הרמב״ם ובנו על סדר הרמבם,כן,"משנה תורה, הלכות טוען ונטען",פרק א,פירוש,לא,
1304,שו״ת הרמב״ם ובנו על סדר הרמבם,כן,"משנה תורה, הלכות טוען ונטען",פרק א,פירוש,לא,
1305,שו״ת הרמב״ם ובנו על סדר הרמבם,כן,"משנה תורה, הלכות טוען ונטען",פרק א,פירוש,לא,
1306,שו״ת הרמב״ם ובנו על סדר הרמבם,כן,"משנה תורה, הלכות טוען ונטען",פרק א,פירוש,לא,
1310,שו״ת הרמב״ם ובנו על סדר הרמבם,כן,"משנה תורה, הלכות טוען ונטען",פרק א,פירוש,לא,
1311,שו״ת הרמב״ם ובנו על סדר הרמבם,כן,"משנה תורה, הלכות טוען ונטען",פרק א,פירוש,לא,
1312,שו״ת הרמב״ם ובנו על סדר הרמבם,כן,"משנה תורה, הלכות טוען ונטען",פרק א,פירוש,לא,
1313,שו״ת הרמב״ם ובנו על סדר הרמבם,כן,"משנה תורה, הלכות טוען ונטען",פרק א,פירוש,לא,
1314,שו״ת הרמב״ם ובנו על סדר הרמבם,כן,"משנה תורה, הלכות טוען ונטען",פרק א,פירוש,לא,
1320,שו״ת הרמב״ם ובנו על סדר הרמבם,כן,"משנה תורה, הלכות טוען ונטען",פרק ב,פירוש,לא,
1321,שו״ת הרמב״ם ובנו על סדר הרמבם,כן,"משנה תורה, הלכות טוען ונטען",פרק ב,פירוש,לא,
1327,שו״ת הרמב״ם ובנו על סדר הרמבם,כן,"משנה תורה, הלכות טוען ונטען",פרק ה,פירוש,לא,
1328,שו״ת הרמב״ם ובנו על סדר הרמבם,כן,"משנה תורה, הלכות טוען ונטען",פרק ה,פירוש,לא,
1334,שו״ת הרמב״ם ובנו על סדר הרמבם,כן,"משנה תורה, הלכות טוען ונטען",פרק ו,פירוש,לא,
1335,שו״ת הרמב״ם ובנו על סדר הרמבם,כן,"משנה תורה, הלכות טוען ונטען",פרק ו,פירוש,לא,
1336,שו״ת הרמב״ם ובנו על סדר הרמבם,כן,"משנה תורה, הלכות טוען ונטען",פרק ו,פירוש,לא,
1337,שו״ת הרמב״ם ובנו על סדר הרמבם,כן,"משנה תורה, הלכות טוען ונטען",פרק ו,פירוש,לא,
1343,שו״ת הרמב״ם ובנו על סדר הרמבם,כן,"משנה תורה, הלכות טוען ונטען",פרק ח,פירוש,לא,
1344,שו״ת הרמב״ם ובנו על סדר הרמבם,כן,"משנה תורה, הלכות טוען ונטען",פרק ח,פירוש,לא,
1350,שו״ת הרמב״ם ובנו על סדר הרמבם,כן,"משנה תורה, הלכות טוען ונטען",פרק יג,פירוש,לא,
1351,שו״ת הרמב״ם ובנו על סדר הרמבם,כן,"משנה תורה, הלכות טוען ונטען",פרק יג,פירוש,לא,
1357,שו״ת הרמב״ם ובנו על סדר הרמבם,כן,"משנה תורה, הלכות טוען ונטען",פרק יד,פירוש,לא,
1358,שו״ת הרמב״ם ובנו על סדר הרמבם,כן,"משנה תורה, הלכות טוען ונטען",פרק יד,פירוש,לא,
1362,שו״ת הרמב״ם ובנו על סדר הרמבם,כן,"משנה תורה, הלכות טוען ונטען",פרק יד,פירוש,לא,
1363,שו״ת הרמב״ם ובנו על סדר הרמבם,כן,"משנה תורה, הלכות טוען ונטען",פרק יד,פירוש,לא,
1367,שו״ת הרמב״ם ובנו על סדר הרמבם,כן,"משנה תורה, הלכות טוען ונטען",פרק יד,פירוש,לא,
1368,שו״ת הרמב״ם ובנו על סדר הרמבם,כן,"משנה תורה, הלכות טוען ונטען",פרק יד,פירוש,לא,
1374,שו״ת הרמב״ם ובנו על סדר הרמבם,כן,"משנה תורה, הלכות נחלות",פרק א,פירוש,לא,
1375,שו״ת הרמב״ם ובנו על סדר הרמבם,כן,"משנה תורה, הלכות נחלות",פרק א,פירוש,לא,
1376,שו״ת הרמב״ם ובנו על סדר הרמבם,כן,"משנה תורה, הלכות נחלות",פרק א,פירוש,לא,
1377,שו״ת הרמב״ם ובנו על סדר הרמבם,כן,"משנה תורה, הלכות נחלות",פרק א,פירוש,לא,
1383,שו״ת הרמב״ם ובנו על סדר הרמבם,כן,"משנה תורה, הלכות נחלות",פרק ד,פירוש,לא,
1384,שו״ת הרמב״ם ובנו על סדר הרמבם,כן,"משנה תורה, הלכות נחלות",פרק ד,פירוש,לא,
1385,שו״ת הרמב״ם ובנו על סדר הרמבם,כן,"משנה תורה, הלכות נחלות",פרק ד,פירוש,לא,
1386,שו״ת הרמב״ם ובנו על סדר הרמבם,כן,"משנה תורה, הלכות נחלות",פרק ד,פירוש,לא,
1387,שו״ת הרמב״ם ובנו על סדר הרמבם,כן,"משנה תורה, הלכות נחלות",פרק ד,פירוש,לא,
1393,שו״ת הרמב״ם ובנו על סדר הרמבם,כן,"משנה תורה, הלכות נחלות",פרק ו,פירוש,לא,
1397,שו״ת הרמב״ם ובנו על סדר הרמבם,כן,"משנה תורה, הלכות נחלות",פרק ו,פירוש,לא,
1398,שו״ת הרמב״ם ובנו על סדר הרמבם,כן,"משנה תורה, הלכות נחלות",פרק ו,פירוש,לא,
1404,שו״ת הרמב״ם ובנו על סדר הרמבם,כן,"משנה תורה, הלכות נחלות",פרק ז,פירוש,לא,
1405,שו״ת הרמב״ם ובנו על סדר הרמבם,כן,"משנה תורה, הלכות נחלות",פרק ז,פירוש,לא,
1406,שו״ת הרמב״ם ובנו על סדר הרמבם,כן,"משנה תורה, הלכות נחלות",פרק ז,פירוש,לא,
1407,שו״ת הרמב״ם ובנו על סדר הרמבם,כן,"משנה תורה, הלכות נחלות",פרק ז,פירוש,לא,
1408,שו״ת הרמב״ם ובנו על סדר הרמבם,כן,"משנה תורה, הלכות נחלות",פרק ז,פירוש,לא,
1409,שו״ת הרמב״ם ובנו על סדר הרמבם,כן,"משנה תורה, הלכות נחלות",פרק ז,פירוש,לא,
1410,שו״ת הרמב״ם ובנו על סדר הרמבם,כן,"משנה תורה, הלכות נחלות",פרק ז,פירוש,לא,
1411,שו״ת הרמב״ם ובנו על סדר הרמבם,כן,"משנה תורה, הלכות נחלות",פרק ז,פירוש,לא,
1412,שו״ת הרמב״ם ובנו על סדר הרמבם,כן,"משנה תורה, הלכות נחלות",פרק ז,פירוש,לא,
1413,שו״ת הרמב״ם ובנו על סדר הרמבם,כן,"משנה תורה, הלכות נחלות",פרק ז,פירוש,לא,
1417,שו״ת הרמב״ם ובנו על סדר הרמבם,כן,"משנה תורה, הלכות נחלות",פרק ז,פירוש,לא,
1418,שו״ת הרמב״ם ובנו על סדר הרמבם,כן,"משנה תורה, הלכות נחלות",פרק ז,פירוש,לא,
1424,שו״ת הרמב״ם ובנו על סדר הרמבם,כן,"משנה תורה, הלכות נחלות",פרק ט,פירוש,לא,
1425,שו״ת הרמב״ם ובנו על סדר הרמבם,כן,"משנה תורה, הלכות נחלות",פרק ט,פירוש,לא,
1431,שו״ת הרמב״ם ובנו על סדר הרמבם,כן,"משנה תורה, הלכות נחלות",פרק י,פירוש,לא,
1432,שו״ת הרמב״ם ובנו על סדר הרמבם,כן,"משנה תורה, הלכות נחלות",פרק י,פירוש,לא,
1433,שו״ת הרמב״ם ובנו על סדר הרמבם,כן,"משנה תורה, הלכות נחלות",פרק י,פירוש,לא,
1434,שו״ת הרמב״ם ובנו על סדר הרמבם,כן,"משנה תורה, הלכות נחלות",פרק י,פירוש,לא,
1435,שו״ת הרמב״ם ובנו על סדר הרמבם,כן,"משנה תורה, הלכות נחלות",פרק י,פירוש,לא,
1436,שו״ת הרמב״ם ובנו על סדר הרמבם,כן,"משנה תורה, הלכות נחלות",פרק י,פירוש,לא,
1437,שו״ת הרמב״ם ובנו על סדר הרמבם,כן,"משנה תורה, הלכות נחלות",פרק י,פירוש,לא,
1438,שו״ת הרמב״ם ובנו על סדר הרמבם,כן,"משנה תורה, הלכות נחלות",פרק י,פירוש,לא,
1439,שו״ת הרמב״ם ובנו על סדר הרמבם,כן,"משנה תורה, הלכות נחלות",פרק י,פירוש,לא,
1440,שו״ת הרמב״ם ובנו על סדר הרמבם,כן,"משנה תורה, הלכות נחלות",פרק י,פירוש,לא,
1441,שו״ת הרמב״ם ובנו על סדר הרמבם,כן,"משנה תורה, הלכות נחלות",פרק י,פירוש,לא,
1442,שו״ת הרמב״ם ובנו על סדר הרמבם,כן,"משנה תורה, הלכות נחלות",פרק י,פירוש,לא,
1443,שו״ת הרמב״ם ובנו על סדר הרמבם,כן,"משנה תורה, הלכות נחלות",פרק י,פירוש,לא,
1449,שו״ת הרמב״ם ובנו על סדר הרמבם,כן,"משנה תורה, הלכות נחלות",פרק יא,פירוש,לא,
1450,שו״ת הרמב״ם ובנו על סדר הרמבם,כן,"משנה תורה, הלכות נחלות",פרק יא,פירוש,לא,
1484,שו״ת הרמב״ם ובנו על סדר הרמבם,כן,"משנה תורה, הלכות תלמוד תורה",פרק ו,פירוש,לא,
1485,שו״ת הרמב״ם ובנו על סדר הרמבם,כן,"משנה תורה, הלכות תלמוד תורה",פרק ו,פירוש,לא,
1486,שו״ת הרמב״ם ובנו על סדר הרמבם,כן,"משנה תורה, הלכות תלמוד תורה",פרק ו,פירוש,לא,
1487,שו״ת הרמב״ם ובנו על סדר הרמבם,כן,"משנה תורה, הלכות תלמוד תורה",פרק ו,פירוש,לא,
1493,שו״ת הרמב״ם ובנו על סדר הרמבם,כן,"משנה תורה, הלכות עבודה זרה וחוקות הגויים",פרק יא,פירוש,לא,
1494,שו״ת הרמב״ם ובנו על סדר הרמבם,כן,"משנה תורה, הלכות עבודה זרה וחוקות הגויים",פרק יא,פירוש,לא,
1500,שו״ת הרמב״ם ובנו על סדר הרמבם,כן,"משנה תורה, הלכות תפילה וברכת כהנים",פרק א,פירוש,לא,
1501,שו״ת הרמב״ם ובנו על סדר הרמבם,כן,"משנה תורה, הלכות תפילה וברכת כהנים",פרק א,פירוש,לא,
1507,שו״ת הרמב״ם ובנו על סדר הרמבם,כן,"משנה תורה, הלכות תפילה וברכת כהנים",פרק ז,פירוש,לא,
1508,שו״ת הרמב״ם ובנו על סדר הרמבם,כן,"משנה תורה, הלכות תפילה וברכת כהנים",פרק ז,פירוש,לא,
1509,שו״ת הרמב״ם ובנו על סדר הרמבם,כן,"משנה תורה, הלכות תפילה וברכת כהנים",פרק ז,פירוש,לא,
1510,שו״ת הרמב״ם ובנו על סדר הרמבם,כן,"משנה תורה, הלכות תפילה וברכת כהנים",פרק ז,פירוש,לא,
1511,שו״ת הרמב״ם ובנו על סדר הרמבם,כן,"משנה תורה, הלכות תפילה וברכת כהנים",פרק ז,פירוש,לא,
1512,שו״ת הרמב״ם ובנו על סדר הרמבם,כן,"משנה תורה, הלכות תפילה וברכת כהנים",פרק ז,פירוש,לא,
1513,שו״ת הרמב״ם ובנו על סדר הרמבם,כן,"משנה תורה, הלכות תפילה וברכת כהנים",פרק ז,פירוש,לא,
1514,שו״ת הרמב״ם ובנו על סדר הרמבם,כן,"משנה תורה, הלכות תפילה וברכת כהנים",פרק ז,פירוש,לא,
1515,שו״ת הרמב״ם ובנו על סדר הרמבם,כן,"משנה תורה, הלכות תפילה וברכת כהנים",פרק ז,פירוש,לא,
1521,שו״ת הרמב״ם ובנו על סדר הרמבם,כן,"משנה תורה, הלכות תפילה וברכת כהנים",פרק ט,פירוש,לא,
1522,שו״ת הרמב״ם ובנו על סדר הרמבם,כן,"משנה תורה, הלכות תפילה וברכת כהנים",פרק ט,פירוש,לא,
1528,שו״ת הרמב״ם ובנו על סדר הרמבם,כן,"משנה תורה, הלכות תפילין ומזוזה וספר תורה",פרק ג,פירוש,לא,
1529,שו״ת הרמב״ם ובנו על סדר הרמבם,כן,"משנה תורה, הלכות תפילין ומזוזה וספר תורה",פרק ג,פירוש,לא,
1535,שו״ת הרמב״ם ובנו על סדר הרמבם,כן,"משנה תורה, הלכות תפילין ומזוזה וספר תורה",פרק ח,פירוש,לא,
1536,שו״ת הרמב״ם ובנו על סדר הרמבם,כן,"משנה תורה, הלכות תפילין ומזוזה וספר תורה",פרק ח,פירוש,לא,
1542,שו״ת הרמב״ם ובנו על סדר הרמבם,כן,"משנה תורה, הלכות ברכות",פרק ב,פירוש,לא,
1543,שו״ת הרמב״ם ובנו על סדר הרמבם,כן,"משנה תורה, הלכות ברכות",פרק ב,פירוש,לא,
1544,שו״ת הרמב״ם ובנו על סדר הרמבם,כן,"משנה תורה, הלכות ברכות",פרק ב,פירוש,לא,
1545,שו״ת הרמב״ם ובנו על סדר הרמבם,כן,"משנה תורה, הלכות ברכות",פרק ב,פירוש,לא,
1546,שו״ת הרמב״ם ובנו על סדר הרמבם,כן,"משנה תורה, הלכות ברכות",פרק ב,פירוש,לא,
1552,שו״ת הרמב״ם ובנו על סדר הרמבם,כן,"משנה תורה, הלכות ברכות",פרק ג,פירוש,לא,
1553,שו״ת הרמב״ם ובנו על סדר הרמבם,כן,"משנה תורה, הלכות ברכות",פרק ג,פירוש,לא,
1554,שו״ת הרמב״ם ובנו על סדר הרמבם,כן,"משנה תורה, הלכות ברכות",פרק ג,פירוש,לא,
1555,שו״ת הרמב״ם ובנו על סדר הרמבם,כן,"משנה תורה, הלכות ברכות",פרק ג,פירוש,לא,
1556,שו״ת הרמב״ם ובנו על סדר הרמבם,כן,"משנה תורה, הלכות ברכות",פרק ג,פירוש,לא,
1557,שו״ת הרמב״ם ובנו על סדר הרמבם,כן,"משנה תורה, הלכות ברכות",פרק ג,פירוש,לא,
1558,שו״ת הרמב״ם ובנו על סדר הרמבם,כן,"משנה תורה, הלכות ברכות",פרק ג,פירוש,לא,
1564,שו״ת הרמב״ם ובנו על סדר הרמבם,כן,"משנה תורה, הלכות מילה",פרק ב,פירוש,לא,
1565,שו״ת הרמב״ם ובנו על סדר הרמבם,כן,"משנה תורה, הלכות מילה",פרק ב,פירוש,לא,
1571,שו״ת הרמב״ם ובנו על סדר הרמבם,כן,"משנה תורה, הלכות שבת",פרק ו,פירוש,לא,
1572,שו״ת הרמב״ם ובנו על סדר הרמבם,כן,"משנה תורה, הלכות שבת",פרק ו,פירוש,לא,
1578,שו״ת הרמב״ם ובנו על סדר הרמבם,כן,"משנה תורה, הלכות שבת",פרק טו,פירוש,לא,
1579,שו״ת הרמב״ם ובנו על סדר הרמבם,כן,"משנה תורה, הלכות שבת",פרק טו,פירוש,לא,
1585,שו״ת הרמב״ם ובנו על סדר הרמבם,כן,"משנה תורה, הלכות שבת",פרק כט,פירוש,לא,
1586,שו״ת הרמב״ם ובנו על סדר הרמבם,כן,"משנה תורה, הלכות שבת",פרק כט,פירוש,לא,
1590,שו״ת הרמב״ם ובנו על סדר הרמבם,כן,"משנה תורה, הלכות שבת",פרק כט,פירוש,לא,
1591,שו״ת הרמב״ם ובנו על סדר הרמבם,כן,"משנה תורה, הלכות שבת",פרק כט,פירוש,לא,
1597,שו״ת הרמב״ם ובנו על סדר הרמבם,כן,"משנה תורה, הלכות שביתת יום טוב",פרק א,פירוש,לא,
1598,שו״ת הרמב״ם ובנו על סדר הרמבם,כן,"משנה תורה, הלכות שביתת יום טוב",פרק א,פירוש,לא,
1602,שו״ת הרמב״ם ובנו על סדר הרמבם,כן,"משנה תורה, הלכות שביתת יום טוב",פרק א,פירוש,לא,
1603,שו״ת הרמב״ם ובנו על סדר הרמבם,כן,"משנה תורה, הלכות שביתת יום טוב",פרק א,פירוש,לא,
1609,שו״ת הרמב״ם ובנו על סדר הרמבם,כן,"משנה תורה, הלכות שביתת יום טוב",פרק ו,פירוש,לא,
1610,שו״ת הרמב״ם ובנו על סדר הרמבם,כן,"משנה תורה, הלכות שביתת יום טוב",פרק ו,פירוש,לא,
1611,שו״ת הרמב״ם ובנו על סדר הרמבם,כן,"משנה תורה, הלכות שביתת יום טוב",פרק ו,פירוש,לא,
1617,שו״ת הרמב״ם ובנו על סדר הרמבם,כן,"משנה תורה, הלכות חמץ ומצה",פרק א,פירוש,לא,
1618,שו״ת הרמב״ם ובנו על סדר הרמבם,כן,"משנה תורה, הלכות חמץ ומצה",פרק א,פירוש,לא,
1624,שו״ת הרמב״ם ובנו על סדר הרמבם,כן,"משנה תורה, הלכות שופר וסוכה ולולב",פרק ב,פירוש,לא,
1625,שו״ת הרמב״ם ובנו על סדר הרמבם,כן,"משנה תורה, הלכות שופר וסוכה ולולב",פרק ב,פירוש,לא,
1631,שו״ת הרמב״ם ובנו על סדר הרמבם,כן,"משנה תורה, הלכות שופר וסוכה ולולב",פרק ז,פירוש,לא,
1632,שו״ת הרמב״ם ובנו על סדר הרמבם,כן,"משנה תורה, הלכות שופר וסוכה ולולב",פרק ז,פירוש,לא,
1638,שו״ת הרמב״ם ובנו על סדר הרמבם,כן,"משנה תורה, הלכות אישות",פרק ד,פירוש,לא,
1644,שו״ת הרמב״ם ובנו על סדר הרמבם,כן,"משנה תורה, הלכות אישות",פרק י,פירוש,לא,
1645,שו״ת הרמב״ם ובנו על סדר הרמבם,כן,"משנה תורה, הלכות אישות",פרק י,פירוש,לא,
1646,שו״ת הרמב״ם ובנו על סדר הרמבם,כן,"משנה תורה, הלכות אישות",פרק י,פירוש,לא,
1647,שו״ת הרמב״ם ובנו על סדר הרמבם,כן,"משנה תורה, הלכות אישות",פרק י,פירוש,לא,
1648,שו״ת הרמב״ם ובנו על סדר הרמבם,כן,"משנה תורה, הלכות אישות",פרק י,פירוש,לא,
1649,שו״ת הרמב״ם ובנו על סדר הרמבם,כן,"משנה תורה, הלכות אישות",פרק י,פירוש,לא,
1650,שו״ת הרמב״ם ובנו על סדר הרמבם,כן,"משנה תורה, הלכות אישות",פרק י,פירוש,לא,
1651,שו״ת הרמב״ם ובנו על סדר הרמבם,כן,"משנה תורה, הלכות אישות",פרק י,פירוש,לא,
1652,שו״ת הרמב״ם ובנו על סדר הרמבם,כן,"משנה תורה, הלכות אישות",פרק י,פירוש,לא,
1653,שו״ת הרמב״ם ובנו על סדר הרמבם,כן,"משנה תורה, הלכות אישות",פרק י,פירוש,לא,
1654,שו״ת הרמב״ם ובנו על סדר הרמבם,כן,"משנה תורה, הלכות אישות",פרק י,פירוש,לא,
1655,שו״ת הרמב״ם ובנו על סדר הרמבם,כן,"משנה תורה, הלכות אישות",פרק י,פירוש,לא,
1661,שו״ת הרמב״ם ובנו על סדר הרמבם,כן,"משנה תורה, הלכות אישות",פרק יא,פירוש,לא,
1662,שו״ת הרמב״ם ובנו על סדר הרמבם,כן,"משנה תורה, הלכות אישות",פרק יא,פירוש,לא,
1663,שו״ת הרמב״ם ובנו על סדר הרמבם,כן,"משנה תורה, הלכות אישות",פרק יא,פירוש,לא,
1669,שו״ת הרמב״ם ובנו על סדר הרמבם,כן,"משנה תורה, הלכות אישות",פרק יז,פירוש,לא,
1670,שו״ת הרמב״ם ובנו על סדר הרמבם,כן,"משנה תורה, הלכות אישות",פרק יז,פירוש,לא,
1676,שו״ת הרמב״ם ובנו על סדר הרמבם,כן,"משנה תורה, הלכות גירושין",פרק א,פירוש,לא,
1677,שו״ת הרמב״ם ובנו על סדר הרמבם,כן,"משנה תורה, הלכות גירושין",פרק א,פירוש,לא,
1678,שו״ת הרמב״ם ובנו על סדר הרמבם,כן,"משנה תורה, הלכות גירושין",פרק א,פירוש,לא,
1679,שו״ת הרמב״ם ובנו על סדר הרמבם,כן,"משנה תורה, הלכות גירושין",פרק א,פירוש,לא,
1685,שו״ת הרמב״ם ובנו על סדר הרמבם,כן,"משנה תורה, הלכות גירושין",פרק ג,פירוש,לא,
1686,שו״ת הרמב״ם ובנו על סדר הרמבם,כן,"משנה תורה, הלכות גירושין",פרק ג,פירוש,לא,
1687,שו״ת הרמב״ם ובנו על סדר הרמבם,כן,"משנה תורה, הלכות גירושין",פרק ג,פירוש,לא,
1688,שו״ת הרמב״ם ובנו על סדר הרמבם,כן,"משנה תורה, הלכות גירושין",פרק ג,פירוש,לא,
1689,שו״ת הרמב״ם ובנו על סדר הרמבם,כן,"משנה תורה, הלכות גירושין",פרק ג,פירוש,לא,
1690,שו״ת הרמב״ם ובנו על סדר הרמבם,כן,"משנה תורה, הלכות גירושין",פרק ג,פירוש,לא,
1691,שו״ת הרמב״ם ובנו על סדר הרמבם,כן,"משנה תורה, הלכות גירושין",פרק ג,פירוש,לא,
1692,שו״ת הרמב״ם ובנו על סדר הרמבם,כן,"משנה תורה, הלכות גירושין",פרק ג,פירוש,לא,
1693,שו״ת הרמב״ם ובנו על סדר הרמבם,כן,"משנה תורה, הלכות גירושין",פרק ג,פירוש,לא,
1694,שו״ת הרמב״ם ובנו על סדר הרמבם,כן,"משנה תורה, הלכות גירושין",פרק ג,פירוש,לא,
1695,שו״ת הרמב״ם ובנו על סדר הרמבם,כן,"משנה תורה, הלכות גירושין",פרק ג,פירוש,לא,
1696,שו״ת הרמב״ם ובנו על סדר הרמבם,כן,"משנה תורה, הלכות גירושין",פרק ג,פירוש,לא,
1697,שו״ת הרמב״ם ובנו על סדר הרמבם,כן,"משנה תורה, הלכות גירושין",פרק ג,פירוש,לא,
1698,שו״ת הרמב״ם ובנו על סדר הרמבם,כן,"משנה תורה, הלכות גירושין",פרק ג,פירוש,לא,
1699,שו״ת הרמב״ם ובנו על סדר הרמבם,כן,"משנה תורה, הלכות גירושין",פרק ג,פירוש,לא,
1700,שו״ת הרמב״ם ובנו על סדר הרמבם,כן,"משנה תורה, הלכות גירושין",פרק ג,פירוש,לא,
1701,שו״ת הרמב״ם ובנו על סדר הרמבם,כן,"משנה תורה, הלכות גירושין",פרק ג,פירוש,לא,
1702,שו״ת הרמב״ם ובנו על סדר הרמבם,כן,"משנה תורה, הלכות גירושין",פרק ג,פירוש,לא,
1703,שו״ת הרמב״ם ובנו על סדר הרמבם,כן,"משנה תורה, הלכות גירושין",פרק ג,פירוש,לא,
1704,שו״ת הרמב״ם ובנו על סדר הרמבם,כן,"משנה תורה, הלכות גירושין",פרק ג,פירוש,לא,
1705,שו״ת הרמב״ם ובנו על סדר הרמבם,כן,"משנה תורה, הלכות גירושין",פרק ג,פירוש,לא,
1706,שו״ת הרמב״ם ובנו על סדר הרמבם,כן,"משנה תורה, הלכות גירושין",פרק ג,פירוש,לא,
1707,שו״ת הרמב״ם ובנו על סדר הרמבם,כן,"משנה תורה, הלכות גירושין",פרק ג,פירוש,לא,
1708,שו״ת הרמב״ם ובנו על סדר הרמבם,כן,"משנה תורה, הלכות גירושין",פרק ג,פירוש,לא,
1709,שו״ת הרמב״ם ובנו על סדר הרמבם,כן,"משנה תורה, הלכות גירושין",פרק ג,פירוש,לא,
1710,שו״ת הרמב״ם ובנו על סדר הרמבם,כן,"משנה תורה, הלכות גירושין",פרק ג,פירוש,לא,
1711,שו״ת הרמב״ם ובנו על סדר הרמבם,כן,"משנה תורה, הלכות גירושין",פרק ג,פירוש,לא,
1712,שו״ת הרמב״ם ובנו על סדר הרמבם,כן,"משנה תורה, הלכות גירושין",פרק ג,פירוש,לא,
1713,שו״ת הרמב״ם ובנו על סדר הרמבם,כן,"משנה תורה, הלכות גירושין",פרק ג,פירוש,לא,
1714,שו״ת הרמב״ם ובנו על סדר הרמבם,כן,"משנה תורה, הלכות גירושין",פרק ג,פירוש,לא,
1715,שו״ת הרמב״ם ובנו על סדר הרמבם,כן,"משנה תורה, הלכות גירושין",פרק ג,פירוש,לא,
1716,שו״ת הרמב״ם ובנו על סדר הרמבם,כן,"משנה תורה, הלכות גירושין",פרק ג,פירוש,לא,
1717,שו״ת הרמב״ם ובנו על סדר הרמבם,כן,"משנה תורה, הלכות גירושין",פרק ג,פירוש,לא,
1718,שו״ת הרמב״ם ובנו על סדר הרמבם,כן,"משנה תורה, הלכות גירושין",פרק ג,פירוש,לא,
1719,שו״ת הרמב״ם ובנו על סדר הרמבם,כן,"משנה תורה, הלכות גירושין",פרק ג,פירוש,לא,
1720,שו״ת הרמב״ם ובנו על סדר הרמבם,כן,"משנה תורה, הלכות גירושין",פרק ג,פירוש,לא,
1721,שו״ת הרמב״ם ובנו על סדר הרמבם,כן,"משנה תורה, הלכות גירושין",פרק ג,פירוש,לא,
1722,שו״ת הרמב״ם ובנו על סדר הרמבם,כן,"משנה תורה, הלכות גירושין",פרק ג,פירוש,לא,
1723,שו״ת הרמב״ם ובנו על סדר הרמבם,כן,"משנה תורה, הלכות גירושין",פרק ג,פירוש,לא,
1724,שו״ת הרמב״ם ובנו על סדר הרמבם,כן,"משנה תורה, הלכות גירושין",פרק ג,פירוש,לא,
1725,שו״ת הרמב״ם ובנו על סדר הרמבם,כן,"משנה תורה, הלכות גירושין",פרק ג,פירוש,לא,
1731,שו״ת הרמב״ם ובנו על סדר הרמבם,כן,"משנה תורה, הלכות מאכלות אסורות",פרק י,פירוש,לא,
1732,שו״ת הרמב״ם ובנו על סדר הרמבם,כן,"משנה תורה, הלכות מאכלות אסורות",פרק י,פירוש,לא,
1733,שו״ת הרמב״ם ובנו על סדר הרמבם,כן,"משנה תורה, הלכות מאכלות אסורות",פרק י,פירוש,לא,
1739,שו״ת הרמב״ם ובנו על סדר הרמבם,כן,"משנה תורה, הלכות נדרים",פרק ט,פירוש,לא,
1740,שו״ת הרמב״ם ובנו על סדר הרמבם,כן,"משנה תורה, הלכות נדרים",פרק ט,פירוש,לא,
1746,שו״ת הרמב״ם ובנו על סדר הרמבם,כן,"משנה תורה, הלכות שמיטה ויובל",פרק ט,פירוש,לא,
1747,שו״ת הרמב״ם ובנו על סדר הרמבם,כן,"משנה תורה, הלכות שמיטה ויובל",פרק ט,פירוש,לא,
1753,שו״ת הרמב״ם ובנו על סדר הרמבם,כן,"משנה תורה, הלכות בית הבחירה",פרק ז,פירוש,לא,
1754,שו״ת הרמב״ם ובנו על סדר הרמבם,כן,"משנה תורה, הלכות בית הבחירה",פרק ז,פירוש,לא,
1760,שו״ת הרמב״ם ובנו על סדר הרמבם,כן,"משנה תורה, הלכות מעשה הקרבנות",פרק יט,פירוש,לא,
1761,שו״ת הרמב״ם ובנו על סדר הרמבם,כן,"משנה תורה, הלכות מעשה הקרבנות",פרק יט,פירוש,לא,
1767,שו״ת הרמב״ם ובנו על סדר הרמבם,כן,"משנה תורה, הלכות תמידים ומוספין",פרק ד,פירוש,לא,
1768,שו״ת הרמב״ם ובנו על סדר הרמבם,כן,"משנה תורה, הלכות תמידים ומוספין",פרק ד,פירוש,לא,
1774,שו״ת הרמב״ם ובנו על סדר הרמבם,כן,"משנה תורה, הלכות פרה אדומה",פרק יב,פירוש,לא,
1775,שו״ת הרמב״ם ובנו על סדר הרמבם,כן,"משנה תורה, הלכות פרה אדומה",פרק יב,פירוש,לא,
1776,שו״ת הרמב״ם ובנו על סדר הרמבם,כן,"משנה תורה, הלכות פרה אדומה",פרק יב,פירוש,לא,
1777,שו״ת הרמב״ם ובנו על סדר הרמבם,כן,"משנה תורה, הלכות פרה אדומה",פרק יב,פירוש,לא,
1778,שו״ת הרמב״ם ובנו על סדר הרמבם,כן,"משנה תורה, הלכות פרה אדומה",פרק יב,פירוש,לא,
1779,שו״ת הרמב״ם ובנו על סדר הרמבם,כן,"משנה תורה, הלכות פרה אדומה",פרק יב,פירוש,לא,
1780,שו״ת הרמב״ם ובנו על סדר הרמבם,כן,"משנה תורה, הלכות פרה אדומה",פרק יב,פירוש,לא,
1781,שו״ת הרמב״ם ובנו על סדר הרמבם,כן,"משנה תורה, הלכות פרה אדומה",פרק יב,פירוש,לא,
1782,שו״ת הרמב״ם ובנו על סדר הרמבם,כן,"משנה תורה, הלכות פרה אדומה",פרק יב,פירוש,לא,
1783,שו״ת הרמב״ם ובנו על סדר הרמבם,כן,"משנה תורה, הלכות פרה אדומה",פרק יב,פירוש,לא,
1784,שו״ת הרמב״ם ובנו על סדר הרמבם,כן,"משנה תורה, הלכות פרה אדומה",פרק יב,פירוש,לא,
1790,שו״ת הרמב״ם ובנו על סדר הרמבם,כן,"משנה תורה, הלכות שכנים",פרק יד,פירוש,לא,
1791,שו״ת הרמב״ם ובנו על סדר הרמבם,כן,"משנה תורה, הלכות שכנים",פרק יד,פירוש,לא,
1792,שו״ת הרמב״ם ובנו על סדר הרמבם,כן,"משנה תורה, הלכות שכנים",פרק יד,פירוש,לא,
1793,שו״ת הרמב״ם ובנו על סדר הרמבם,כן,"משנה תורה, הלכות שכנים",פרק יד,פירוש,לא,
1794,שו״ת הרמב״ם ובנו על סדר הרמבם,כן,"משנה תורה, הלכות שכנים",פרק יד,פירוש,לא,
1795,שו״ת הרמב״ם ובנו על סדר הרמבם,כן,"משנה תורה, הלכות שכנים",פרק יד,פירוש,לא,
1796,שו״ת הרמב״ם ובנו על סדר הרמבם,כן,"משנה תורה, הלכות שכנים",פרק יד,פירוש,לא,
1797,שו״ת הרמב״ם ובנו על סדר הרמבם,כן,"משנה תורה, הלכות שכנים",פרק יד,פירוש,לא,
1798,שו״ת הרמב״ם ובנו על סדר הרמבם,כן,"משנה תורה, הלכות שכנים",פרק יד,פירוש,לא,
1804,שו״ת הרמב״ם ובנו על סדר הרמבם,כן,"משנה תורה, הלכות מלווה ולווה",פרק ה,פירוש,לא,
1805,שו״ת הרמב״ם ובנו על סדר הרמבם,כן,"משנה תורה, הלכות מלווה ולווה",פרק ה,פירוש,לא,
1806,שו״ת הרמב״ם ובנו על סדר הרמבם,כן,"משנה תורה, הלכות מלווה ולווה",פרק ה,פירוש,לא,
1807,שו״ת הרמב״ם ובנו על סדר הרמבם,כן,"משנה תורה, הלכות מלווה ולווה",פרק ה,פירוש,לא,
1808,שו״ת הרמב״ם ובנו על סדר הרמבם,כן,"משנה תורה, הלכות מלווה ולווה",פרק ה,פירוש,לא,
1809,שו״ת הרמב״ם ובנו על סדר הרמבם,כן,"משנה תורה, הלכות מלווה ולווה",פרק ה,פירוש,לא,
1810,שו״ת הרמב״ם ובנו על סדר הרמבם,כן,"משנה תורה, הלכות מלווה ולווה",פרק ה,פירוש,לא,
1811,שו״ת הרמב״ם ובנו על סדר הרמבם,כן,"משנה תורה, הלכות מלווה ולווה",פרק ה,פירוש,לא,
1812,שו״ת הרמב״ם ובנו על סדר הרמבם,כן,"משנה תורה, הלכות מלווה ולווה",פרק ה,פירוש,לא,
1813,שו״ת הרמב״ם ובנו על סדר הרמבם,כן,"משנה תורה, הלכות מלווה ולווה",פרק ה,פירוש,לא,
1814,שו״ת הרמב״ם ובנו על סדר הרמבם,כן,"משנה תורה, הלכות מלווה ולווה",פרק ה,פירוש,לא,
1815,שו״ת הרמב״ם ובנו על סדר הרמבם,כן,"משנה תורה, הלכות מלווה ולווה",פרק ה,פירוש,לא,
1816,שו״ת הרמב״ם ובנו על סדר הרמבם,כן,"משנה תורה, הלכות מלווה ולווה",פרק ה,פירוש,לא,
1817,שו״ת הרמב״ם ובנו על סדר הרמבם,כן,"משנה תורה, הלכות מלווה ולווה",פרק ה,פירוש,לא,
1823,שו״ת הרמב״ם ובנו על סדר הרמבם,כן,"משנה תורה, הלכות מלווה ולווה",פרק כד,פירוש,לא,
1824,שו״ת הרמב״ם ובנו על סדר הרמבם,כן,"משנה תורה, הלכות מלווה ולווה",פרק כד,פירוש,לא,
1825,שו״ת הרמב״ם ובנו על סדר הרמבם,כן,"משנה תורה, הלכות מלווה ולווה",פרק כד,פירוש,לא,
1826,שו״ת הרמב״ם ובנו על סדר הרמבם,כן,"משנה תורה, הלכות מלווה ולווה",פרק כד,פירוש,לא,
1827,שו״ת הרמב״ם ובנו על סדר הרמבם,כן,"משנה תורה, הלכות מלווה ולווה",פרק כד,פירוש,לא,
1828,שו״ת הרמב״ם ובנו על סדר הרמבם,כן,"משנה תורה, הלכות מלווה ולווה",פרק כד,פירוש,לא,
1829,שו״ת הרמב״ם ובנו על סדר הרמבם,כן,"משנה תורה, הלכות מלווה ולווה",פרק כד,פירוש,לא,
1835,שו״ת הרמב״ם ובנו על סדר הרמבם,כן,"משנה תורה, הלכות נחלות",פרק ו,פירוש,לא,
1836,שו״ת הרמב״ם ובנו על סדר הרמבם,כן,"משנה תורה, הלכות נחלות",פרק ו,פירוש,לא,
1842,שו״ת הרמב״ם ובנו על סדר הרמבם,כן,"משנה תורה, הלכות נחלות",פרק י,פירוש,לא,
1843,שו״ת הרמב״ם ובנו על סדר הרמבם,כן,"משנה תורה, הלכות נחלות",פרק י,פירוש,לא,
1844,שו״ת הרמב״ם ובנו על סדר הרמבם,כן,"משנה תורה, הלכות נחלות",פרק י,פירוש,לא,
1845,שו״ת הרמב״ם ובנו על סדר הרמבם,כן,"משנה תורה, הלכות נחלות",פרק י,פירוש,לא,
1846,שו״ת הרמב״ם ובנו על סדר הרמבם,כן,"משנה תורה, הלכות נחלות",פרק י,פירוש,לא,
1847,שו״ת הרמב״ם ובנו על סדר הרמבם,כן,"משנה תורה, הלכות נחלות",פרק י,פירוש,לא,
1848,שו״ת הרמב״ם ובנו על סדר הרמבם,כן,"משנה תורה, הלכות נחלות",פרק י,פירוש,לא,
1849,שו״ת הרמב״ם ובנו על סדר הרמבם,כן,"משנה תורה, הלכות נחלות",פרק י,פירוש,לא,
1850,שו״ת הרמב״ם ובנו על סדר הרמבם,כן,"משנה תורה, הלכות נחלות",פרק י,פירוש,לא,
1851,שו״ת הרמב״ם ובנו על סדר הרמבם,כן,"משנה תורה, הלכות נחלות",פרק י,פירוש,לא,
1852,שו״ת הרמב״ם ובנו על סדר הרמבם,כן,"משנה תורה, הלכות נחלות",פרק י,פירוש,לא,
1853,שו״ת הרמב״ם ובנו על סדר הרמבם,כן,"משנה תורה, הלכות נחלות",פרק י,פירוש,לא,
1854,שו״ת הרמב״ם ובנו על סדר הרמבם,כן,"משנה תורה, הלכות נחלות",פרק י,פירוש,לא,
1855,שו״ת הרמב״ם ובנו על סדר הרמבם,כן,"משנה תורה, הלכות נחלות",פרק י,פירוש,לא,
1856,שו״ת הרמב״ם ובנו על סדר הרמבם,כן,"משנה תורה, הלכות נחלות",פרק י,פירוש,לא,
1857,שו״ת הרמב״ם ובנו על סדר הרמבם,כן,"משנה תורה, הלכות נחלות",פרק י,פירוש,לא,
1858,שו״ת הרמב״ם ובנו על סדר הרמבם,כן,"משנה תורה, הלכות נחלות",פרק י,פירוש,לא,
1864,שו״ת הרמב״ם ובנו על סדר הרמבם,כן,"משנה תורה, הלכות מלכים ומלחמות",פרק ד,פירוש,לא,
1865,שו״ת הרמב״ם ובנו על סדר הרמבם,כן,"משנה תורה, הלכות מלכים ומלחמות",פרק ד,פירוש,לא,
7,שיירי קרבן,כן,תלמוד ירושלמי שקלים,פרק א הלכה א,פירוש,לא,
9,שיירי קרבן,כן,תלמוד ירושלמי שקלים,פרק א הלכה א,פירוש,לא,
10,שיירי קרבן,כן,תלמוד ירושלמי שקלים,פרק א הלכה א,פירוש,לא,
12,שיירי קרבן,כן,תלמוד ירושלמי שקלים,פרק א הלכה א,פירוש,לא,
13,שיירי קרבן,כן,תלמוד ירושלמי שקלים,פרק א הלכה א,פירוש,לא,
15,שיירי קרבן,כן,תלמוד ירושלמי שקלים,פרק א הלכה א,פירוש,לא,
16,שיירי קרבן,כן,תלמוד ירושלמי שקלים,פרק א הלכה א,פירוש,לא,
18,שיירי קרבן,כן,תלמוד ירושלמי שקלים,פרק א הלכה א,פירוש,לא,
19,שיירי קרבן,כן,תלמוד ירושלמי שקלים,פרק א הלכה א,פירוש,לא,
22,שיירי קרבן,כן,תלמוד ירושלמי שקלים,פרק א הלכה ב,פירוש,לא,
23,שיירי קרבן,כן,תלמוד ירושלמי שקלים,פרק א הלכה ב,פירוש,לא,
26,שיירי קרבן,כן,תלמוד ירושלמי שקלים,פרק א הלכה ג,פירוש,לא,
27,שיירי קרבן,כן,תלמוד ירושלמי שקלים,פרק א הלכה ג,פירוש,לא,
30,שיירי קרבן,כן,תלמוד ירושלמי שקלים,פרק א הלכה ד,פירוש,לא,
31,שיירי קרבן,כן,תלמוד ירושלמי שקלים,פרק א הלכה ד,פירוש,לא,
33,שיירי קרבן,כן,תלמוד ירושלמי שקלים,פרק א הלכה ד,פירוש,לא,
