מקור,ספר_מקור,מקור_אישי,ספר_יעד,מיקום_יעד,סוג,יעד_אישי,קטגוריית_מקור
6,קובץ מפרשים לפי הדף ביצה,כן,ביצה,ב.,פירוש,לא,
7,קובץ מפרשים לפי הדף ביצה,כן,ביצה,ב.,פירוש,לא,
8,קובץ מפרשים לפי הדף ביצה,כן,ביצה,ב.,פירוש,לא,
9,קובץ מפרשים לפי הדף ביצה,כן,ביצה,ב.,פירוש,לא,
10,קובץ מפרשים לפי הדף ביצה,כן,ביצה,ב.,פירוש,לא,
11,קובץ מפרשים לפי הדף ביצה,כן,ביצה,ב.,פירוש,לא,
12,קובץ מפרשים לפי הדף ביצה,כן,ביצה,ב.,פירוש,לא,
13,קובץ מפרשים לפי הדף ביצה,כן,ביצה,ב.,פירוש,לא,
14,קובץ מפרשים לפי הדף ביצה,כן,ביצה,ב.,פירוש,לא,
15,קובץ מפרשים לפי הדף ביצה,כן,ביצה,ב.,פירוש,לא,
16,קובץ מפרשים לפי הדף ביצה,כן,ביצה,ב.,פירוש,לא,
17,קובץ מפרשים לפי הדף ביצה,כן,ביצה,ב.,פירוש,לא,
19,קובץ מפרשים לפי הדף ביצה,כן,ביצה,ב.,פירוש,לא,
20,קובץ מפרשים לפי הדף ביצה,כן,ביצה,ב.,פירוש,לא,
21,קובץ מפרשים לפי הדף ביצה,כן,ביצה,ב.,פירוש,לא,
22,קובץ מפרשים לפי הדף ביצה,כן,ביצה,ב.,פירוש,לא,
23,קובץ מפרשים לפי הדף ביצה,כן,ביצה,ב.,פירוש,לא,
24,קובץ מפרשים לפי הדף ביצה,כן,ביצה,ב.,פירוש,לא,
25,קובץ מפרשים לפי הדף ביצה,כן,ביצה,ב.,פירוש,לא,
26,קובץ מפרשים לפי הדף ביצה,כן,ביצה,ב.,פירוש,לא,
27,קובץ מפרשים לפי הדף ביצה,כן,ביצה,ב.,פירוש,לא,
28,קובץ מפרשים לפי הדף ביצה,כן,ביצה,ב.,פירוש,לא,
29,קובץ מפרשים לפי הדף ביצה,כן,ביצה,ב.,פירוש,לא,
30,קובץ מפרשים לפי הדף ביצה,כן,ביצה,ב.,פירוש,לא,
31,קובץ מפרשים לפי הדף ביצה,כן,ביצה,ב.,פירוש,לא,
32,קובץ מפרשים לפי הדף ביצה,כן,ביצה,ב.,פירוש,לא,
33,קובץ מפרשים לפי הדף ביצה,כן,ביצה,ב.,פירוש,לא,
34,קובץ מפרשים לפי הדף ביצה,כן,ביצה,ב.,פירוש,לא,
35,קובץ מפרשים לפי הדף ביצה,כן,ביצה,ב.,פירוש,לא,
36,קובץ מפרשים לפי הדף ביצה,כן,ביצה,ב.,פירוש,לא,
37,קובץ מפרשים לפי הדף ביצה,כן,ביצה,ב.,פירוש,לא,
39,קובץ מפרשים לפי הדף ביצה,כן,ביצה,ב.,פירוש,לא,
40,קובץ מפרשים לפי הדף ביצה,כן,ביצה,ב.,פירוש,לא,
41,קובץ מפרשים לפי הדף ביצה,כן,ביצה,ב.,פירוש,לא,
43,קובץ מפרשים לפי הדף ביצה,כן,ביצה,ב.,פירוש,לא,
44,קובץ מפרשים לפי הדף ביצה,כן,ביצה,ב.,פירוש,לא,
45,קובץ מפרשים לפי הדף ביצה,כן,ביצה,ב.,פירוש,לא,
46,קובץ מפרשים לפי הדף ביצה,כן,ביצה,ב.,פירוש,לא,
47,קובץ מפרשים לפי הדף ביצה,כן,ביצה,ב.,פירוש,לא,
48,קובץ מפרשים לפי הדף ביצה,כן,ביצה,ב.,פירוש,לא,
49,קובץ מפרשים לפי הדף ביצה,כן,ביצה,ב.,פירוש,לא,
50,קובץ מפרשים לפי הדף ביצה,כן,ביצה,ב.,פירוש,לא,
51,קובץ מפרשים לפי הדף ביצה,כן,ביצה,ב.,פירוש,לא,
52,קובץ מפרשים לפי הדף ביצה,כן,ביצה,ב.,פירוש,לא,
53,קובץ מפרשים לפי הדף ביצה,כן,ביצה,ב.,פירוש,לא,
54,קובץ מפרשים לפי הדף ביצה,כן,ביצה,ב.,פירוש,לא,
55,קובץ מפרשים לפי הדף ביצה,כן,ביצה,ב.,פירוש,לא,
56,קובץ מפרשים לפי הדף ביצה,כן,ביצה,ב.,פירוש,לא,
57,קובץ מפרשים לפי הדף ביצה,כן,ביצה,ב.,פירוש,לא,
58,קובץ מפרשים לפי הדף ביצה,כן,ביצה,ב.,פירוש,לא,
59,קובץ מפרשים לפי הדף ביצה,כן,ביצה,ב.,פירוש,לא,
60,קובץ מפרשים לפי הדף ביצה,כן,ביצה,ב.,פירוש,לא,
61,קובץ מפרשים לפי הדף ביצה,כן,ביצה,ב.,פירוש,לא,
62,קובץ מפרשים לפי הדף ביצה,כן,ביצה,ב.,פירוש,לא,
63,קובץ מפרשים לפי הדף ביצה,כן,ביצה,ב.,פירוש,לא,
64,קובץ מפרשים לפי הדף ביצה,כן,ביצה,ב.,פירוש,לא,
66,קובץ מפרשים לפי הדף ביצה,כן,ביצה,ב.,פירוש,לא,
67,קובץ מפרשים לפי הדף ביצה,כן,ביצה,ב.,פירוש,לא,
68,קובץ מפרשים לפי הדף ביצה,כן,ביצה,ב.,פירוש,לא,
70,קובץ מפרשים לפי הדף ביצה,כן,ביצה,ב.,פירוש,לא,
71,קובץ מפרשים לפי הדף ביצה,כן,ביצה,ב.,פירוש,לא,
72,קובץ מפרשים לפי הדף ביצה,כן,ביצה,ב.,פירוש,לא,
74,קובץ מפרשים לפי הדף ביצה,כן,ביצה,ב.,פירוש,לא,
75,קובץ מפרשים לפי הדף ביצה,כן,ביצה,ב.,פירוש,לא,
76,קובץ מפרשים לפי הדף ביצה,כן,ביצה,ב.,פירוש,לא,
77,קובץ מפרשים לפי הדף ביצה,כן,ביצה,ב.,פירוש,לא,
78,קובץ מפרשים לפי הדף ביצה,כן,ביצה,ב.,פירוש,לא,
79,קובץ מפרשים לפי הדף ביצה,כן,ביצה,ב.,פירוש,לא,
80,קובץ מפרשים לפי הדף ביצה,כן,ביצה,ב.,פירוש,לא,
82,קובץ מפרשים לפי הדף ביצה,כן,ביצה,ב.,פירוש,לא,
83,קובץ מפרשים לפי הדף ביצה,כן,ביצה,ב.,פירוש,לא,
84,קובץ מפרשים לפי הדף ביצה,כן,ביצה,ב.,פירוש,לא,
85,קובץ מפרשים לפי הדף ביצה,כן,ביצה,ב.,פירוש,לא,
86,קובץ מפרשים לפי הדף ביצה,כן,ביצה,ב.,פירוש,לא,
87,קובץ מפרשים לפי הדף ביצה,כן,ביצה,ב.,פירוש,לא,
88,קובץ מפרשים לפי הדף ביצה,כן,ביצה,ב.,פירוש,לא,
89,קובץ מפרשים לפי הדף ביצה,כן,ביצה,ב.,פירוש,לא,
90,קובץ מפרשים לפי הדף ביצה,כן,ביצה,ב.,פירוש,לא,
91,קובץ מפרשים לפי הדף ביצה,כן,ביצה,ב.,פירוש,לא,
92,קובץ מפרשים לפי הדף ביצה,כן,ביצה,ב.,פירוש,לא,
93,קובץ מפרשים לפי הדף ביצה,כן,ביצה,ב.,פירוש,לא,
95,קובץ מפרשים לפי הדף ביצה,כן,ביצה,ב.,פירוש,לא,
96,קובץ מפרשים לפי הדף ביצה,כן,ביצה,ב.,פירוש,לא,
97,קובץ מפרשים לפי הדף ביצה,כן,ביצה,ב.,פירוש,לא,
98,קובץ מפרשים לפי הדף ביצה,כן,ביצה,ב.,פירוש,לא,
99,קובץ מפרשים לפי הדף ביצה,כן,ביצה,ב.,פירוש,לא,
101,קובץ מפרשים לפי הדף ביצה,כן,ביצה,ב.,פירוש,לא,
102,קובץ מפרשים לפי הדף ביצה,כן,ביצה,ב.,פירוש,לא,
103,קובץ מפרשים לפי הדף ביצה,כן,ביצה,ב.,פירוש,לא,
104,קובץ מפרשים לפי הדף ביצה,כן,ביצה,ב.,פירוש,לא,
105,קובץ מפרשים לפי הדף ביצה,כן,ביצה,ב.,פירוש,לא,
106,קובץ מפרשים לפי הדף ביצה,כן,ביצה,ב.,פירוש,לא,
107,קובץ מפרשים לפי הדף ביצה,כן,ביצה,ב.,פירוש,לא,
108,קובץ מפרשים לפי הדף ביצה,כן,ביצה,ב.,פירוש,לא,
109,קובץ מפרשים לפי הדף ביצה,כן,ביצה,ב.,פירוש,לא,
110,קובץ מפרשים לפי הדף ביצה,כן,ביצה,ב.,פירוש,לא,
111,קובץ מפרשים לפי הדף ביצה,כן,ביצה,ב.,פירוש,לא,
112,קובץ מפרשים לפי הדף ביצה,כן,ביצה,ב.,פירוש,לא,
113,קובץ מפרשים לפי הדף ביצה,כן,ביצה,ב.,פירוש,לא,
114,קובץ מפרשים לפי הדף ביצה,כן,ביצה,ב.,פירוש,לא,
115,קובץ מפרשים לפי הדף ביצה,כן,ביצה,ב.,פירוש,לא,
117,קובץ מפרשים לפי הדף ביצה,כן,ביצה,ב.,פירוש,לא,
118,קובץ מפרשים לפי הדף ביצה,כן,ביצה,ב.,פירוש,לא,
119,קובץ מפרשים לפי הדף ביצה,כן,ביצה,ב.,פירוש,לא,
120,קובץ מפרשים לפי הדף ביצה,כן,ביצה,ב.,פירוש,לא,
121,קובץ מפרשים לפי הדף ביצה,כן,ביצה,ב.,פירוש,לא,
122,קובץ מפרשים לפי הדף ביצה,כן,ביצה,ב.,פירוש,לא,
123,קובץ מפרשים לפי הדף ביצה,כן,ביצה,ב.,פירוש,לא,
124,קובץ מפרשים לפי הדף ביצה,כן,ביצה,ב.,פירוש,לא,
125,קובץ מפרשים לפי הדף ביצה,כן,ביצה,ב.,פירוש,לא,
126,קובץ מפרשים לפי הדף ביצה,כן,ביצה,ב.,פירוש,לא,
127,קובץ מפרשים לפי הדף ביצה,כן,ביצה,ב.,פירוש,לא,
128,קובץ מפרשים לפי הדף ביצה,כן,ביצה,ב.,פירוש,לא,
129,קובץ מפרשים לפי הדף ביצה,כן,ביצה,ב.,פירוש,לא,
130,קובץ מפרשים לפי הדף ביצה,כן,ביצה,ב.,פירוש,לא,
131,קובץ מפרשים לפי הדף ביצה,כן,ביצה,ב.,פירוש,לא,
132,קובץ מפרשים לפי הדף ביצה,כן,ביצה,ב.,פירוש,לא,
133,קובץ מפרשים לפי הדף ביצה,כן,ביצה,ב.,פירוש,לא,
135,קובץ מפרשים לפי הדף ביצה,כן,ביצה,ב.,פירוש,לא,
136,קובץ מפרשים לפי הדף ביצה,כן,ביצה,ב.,פירוש,לא,
137,קובץ מפרשים לפי הדף ביצה,כן,ביצה,ב.,פירוש,לא,
139,קובץ מפרשים לפי הדף ביצה,כן,ביצה,ב.,פירוש,לא,
140,קובץ מפרשים לפי הדף ביצה,כן,ביצה,ב.,פירוש,לא,
141,קובץ מפרשים לפי הדף ביצה,כן,ביצה,ב.,פירוש,לא,
142,קובץ מפרשים לפי הדף ביצה,כן,ביצה,ב.,פירוש,לא,
143,קובץ מפרשים לפי הדף ביצה,כן,ביצה,ב.,פירוש,לא,
144,קובץ מפרשים לפי הדף ביצה,כן,ביצה,ב.,פירוש,לא,
145,קובץ מפרשים לפי הדף ביצה,כן,ביצה,ב.,פירוש,לא,
146,קובץ מפרשים לפי הדף ביצה,כן,ביצה,ב.,פירוש,לא,
147,קובץ מפרשים לפי הדף ביצה,כן,ביצה,ב.,פירוש,לא,
148,קובץ מפרשים לפי הדף ביצה,כן,ביצה,ב.,פירוש,לא,
149,קובץ מפרשים לפי הדף ביצה,כן,ביצה,ב.,פירוש,לא,
150,קובץ מפרשים לפי הדף ביצה,כן,ביצה,ב.,פירוש,לא,
151,קובץ מפרשים לפי הדף ביצה,כן,ביצה,ב.,פירוש,לא,
152,קובץ מפרשים לפי הדף ביצה,כן,ביצה,ב.,פירוש,לא,
153,קובץ מפרשים לפי הדף ביצה,כן,ביצה,ב.,פירוש,לא,
154,קובץ מפרשים לפי הדף ביצה,כן,ביצה,ב.,פירוש,לא,
155,קובץ מפרשים לפי הדף ביצה,כן,ביצה,ב.,פירוש,לא,
156,קובץ מפרשים לפי הדף ביצה,כן,ביצה,ב.,פירוש,לא,
157,קובץ מפרשים לפי הדף ביצה,כן,ביצה,ב.,פירוש,לא,
158,קובץ מפרשים לפי הדף ביצה,כן,ביצה,ב.,פירוש,לא,
159,קובץ מפרשים לפי הדף ביצה,כן,ביצה,ב.,פירוש,לא,
160,קובץ מפרשים לפי הדף ביצה,כן,ביצה,ב.,פירוש,לא,
161,קובץ מפרשים לפי הדף ביצה,כן,ביצה,ב.,פירוש,לא,
162,קובץ מפרשים לפי הדף ביצה,כן,ביצה,ב.,פירוש,לא,
163,קובץ מפרשים לפי הדף ביצה,כן,ביצה,ב.,פירוש,לא,
164,קובץ מפרשים לפי הדף ביצה,כן,ביצה,ב.,פירוש,לא,
165,קובץ מפרשים לפי הדף ביצה,כן,ביצה,ב.,פירוש,לא,
166,קובץ מפרשים לפי הדף ביצה,כן,ביצה,ב.,פירוש,לא,
167,קובץ מפרשים לפי הדף ביצה,כן,ביצה,ב.,פירוש,לא,
168,קובץ מפרשים לפי הדף ביצה,כן,ביצה,ב.,פירוש,לא,
169,קובץ מפרשים לפי הדף ביצה,כן,ביצה,ב.,פירוש,לא,
170,קובץ מפרשים לפי הדף ביצה,כן,ביצה,ב.,פירוש,לא,
171,קובץ מפרשים לפי הדף ביצה,כן,ביצה,ב.,פירוש,לא,
172,קובץ מפרשים לפי הדף ביצה,כן,ביצה,ב.,פירוש,לא,
174,קובץ מפרשים לפי הדף ביצה,כן,ביצה,ב.,פירוש,לא,
175,קובץ מפרשים לפי הדף ביצה,כן,ביצה,ב.,פירוש,לא,
176,קובץ מפרשים לפי הדף ביצה,כן,ביצה,ב.,פירוש,לא,
177,קובץ מפרשים לפי הדף ביצה,כן,ביצה,ב.,פירוש,לא,
178,קובץ מפרשים לפי הדף ביצה,כן,ביצה,ב.,פירוש,לא,
179,קובץ מפרשים לפי הדף ביצה,כן,ביצה,ב.,פירוש,לא,
180,קובץ מפרשים לפי הדף ביצה,כן,ביצה,ב.,פירוש,לא,
181,קובץ מפרשים לפי הדף ביצה,כן,ביצה,ב.,פירוש,לא,
182,קובץ מפרשים לפי הדף ביצה,כן,ביצה,ב.,פירוש,לא,
183,קובץ מפרשים לפי הדף ביצה,כן,ביצה,ב.,פירוש,לא,
184,קובץ מפרשים לפי הדף ביצה,כן,ביצה,ב.,פירוש,לא,
185,קובץ מפרשים לפי הדף ביצה,כן,ביצה,ב.,פירוש,לא,
186,קובץ מפרשים לפי הדף ביצה,כן,ביצה,ב.,פירוש,לא,
187,קובץ מפרשים לפי הדף ביצה,כן,ביצה,ב.,פירוש,לא,
188,קובץ מפרשים לפי הדף ביצה,כן,ביצה,ב.,פירוש,לא,
189,קובץ מפרשים לפי הדף ביצה,כן,ביצה,ב.,פירוש,לא,
190,קובץ מפרשים לפי הדף ביצה,כן,ביצה,ב.,פירוש,לא,
191,קובץ מפרשים לפי הדף ביצה,כן,ביצה,ב.,פירוש,לא,
192,קובץ מפרשים לפי הדף ביצה,כן,ביצה,ב.,פירוש,לא,
193,קובץ מפרשים לפי הדף ביצה,כן,ביצה,ב.,פירוש,לא,
194,קובץ מפרשים לפי הדף ביצה,כן,ביצה,ב.,פירוש,לא,
195,קובץ מפרשים לפי הדף ביצה,כן,ביצה,ב.,פירוש,לא,
196,קובץ מפרשים לפי הדף ביצה,כן,ביצה,ב.,פירוש,לא,
197,קובץ מפרשים לפי הדף ביצה,כן,ביצה,ב.,פירוש,לא,
198,קובץ מפרשים לפי הדף ביצה,כן,ביצה,ב.,פירוש,לא,
199,קובץ מפרשים לפי הדף ביצה,כן,ביצה,ב.,פירוש,לא,
200,קובץ מפרשים לפי הדף ביצה,כן,ביצה,ב.,פירוש,לא,
201,קובץ מפרשים לפי הדף ביצה,כן,ביצה,ב.,פירוש,לא,
202,קובץ מפרשים לפי הדף ביצה,כן,ביצה,ב.,פירוש,לא,
203,קובץ מפרשים לפי הדף ביצה,כן,ביצה,ב.,פירוש,לא,
204,קובץ מפרשים לפי הדף ביצה,כן,ביצה,ב.,פירוש,לא,
205,קובץ מפרשים לפי הדף ביצה,כן,ביצה,ב.,פירוש,לא,
206,קובץ מפרשים לפי הדף ביצה,כן,ביצה,ב.,פירוש,לא,
207,קובץ מפרשים לפי הדף ביצה,כן,ביצה,ב.,פירוש,לא,
209,קובץ מפרשים לפי הדף ביצה,כן,ביצה,ב.,פירוש,לא,
211,קובץ מפרשים לפי הדף ביצה,כן,ביצה,ב.,פירוש,לא,
212,קובץ מפרשים לפי הדף ביצה,כן,ביצה,ב.,פירוש,לא,
213,קובץ מפרשים לפי הדף ביצה,כן,ביצה,ב.,פירוש,לא,
214,קובץ מפרשים לפי הדף ביצה,כן,ביצה,ב.,פירוש,לא,
215,קובץ מפרשים לפי הדף ביצה,כן,ביצה,ב.,פירוש,לא,
216,קובץ מפרשים לפי הדף ביצה,כן,ביצה,ב.,פירוש,לא,
217,קובץ מפרשים לפי הדף ביצה,כן,ביצה,ב.,פירוש,לא,
218,קובץ מפרשים לפי הדף ביצה,כן,ביצה,ב.,פירוש,לא,
219,קובץ מפרשים לפי הדף ביצה,כן,ביצה,ב.,פירוש,לא,
220,קובץ מפרשים לפי הדף ביצה,כן,ביצה,ב.,פירוש,לא,
221,קובץ מפרשים לפי הדף ביצה,כן,ביצה,ב.,פירוש,לא,
222,קובץ מפרשים לפי הדף ביצה,כן,ביצה,ב.,פירוש,לא,
223,קובץ מפרשים לפי הדף ביצה,כן,ביצה,ב.,פירוש,לא,
224,קובץ מפרשים לפי הדף ביצה,כן,ביצה,ב.,פירוש,לא,
225,קובץ מפרשים לפי הדף ביצה,כן,ביצה,ב.,פירוש,לא,
227,קובץ מפרשים לפי הדף ביצה,כן,ביצה,ב.,פירוש,לא,
228,קובץ מפרשים לפי הדף ביצה,כן,ביצה,ב.,פירוש,לא,
229,קובץ מפרשים לפי הדף ביצה,כן,ביצה,ב.,פירוש,לא,
230,קובץ מפרשים לפי הדף ביצה,כן,ביצה,ב.,פירוש,לא,
231,קובץ מפרשים לפי הדף ביצה,כן,ביצה,ב.,פירוש,לא,
232,קובץ מפרשים לפי הדף ביצה,כן,ביצה,ב.,פירוש,לא,
233,קובץ מפרשים לפי הדף ביצה,כן,ביצה,ב.,פירוש,לא,
234,קובץ מפרשים לפי הדף ביצה,כן,ביצה,ב.,פירוש,לא,
235,קובץ מפרשים לפי הדף ביצה,כן,ביצה,ב.,פירוש,לא,
236,קובץ מפרשים לפי הדף ביצה,כן,ביצה,ב.,פירוש,לא,
237,קובץ מפרשים לפי הדף ביצה,כן,ביצה,ב.,פירוש,לא,
238,קובץ מפרשים לפי הדף ביצה,כן,ביצה,ב.,פירוש,לא,
239,קובץ מפרשים לפי הדף ביצה,כן,ביצה,ב.,פירוש,לא,
240,קובץ מפרשים לפי הדף ביצה,כן,ביצה,ב.,פירוש,לא,
241,קובץ מפרשים לפי הדף ביצה,כן,ביצה,ב.,פירוש,לא,
242,קובץ מפרשים לפי הדף ביצה,כן,ביצה,ב.,פירוש,לא,
243,קובץ מפרשים לפי הדף ביצה,כן,ביצה,ב.,פירוש,לא,
244,קובץ מפרשים לפי הדף ביצה,כן,ביצה,ב.,פירוש,לא,
246,קובץ מפרשים לפי הדף ביצה,כן,ביצה,ב.,פירוש,לא,
247,קובץ מפרשים לפי הדף ביצה,כן,ביצה,ב.,פירוש,לא,
248,קובץ מפרשים לפי הדף ביצה,כן,ביצה,ב.,פירוש,לא,
249,קובץ מפרשים לפי הדף ביצה,כן,ביצה,ב.,פירוש,לא,
251,קובץ מפרשים לפי הדף ביצה,כן,ביצה,ב.,פירוש,לא,
253,קובץ מפרשים לפי הדף ביצה,כן,ביצה,ב.,פירוש,לא,
254,קובץ מפרשים לפי הדף ביצה,כן,ביצה,ב.,פירוש,לא,
255,קובץ מפרשים לפי הדף ביצה,כן,ביצה,ב.,פירוש,לא,
256,קובץ מפרשים לפי הדף ביצה,כן,ביצה,ב.,פירוש,לא,
257,קובץ מפרשים לפי הדף ביצה,כן,ביצה,ב.,פירוש,לא,
258,קובץ מפרשים לפי הדף ביצה,כן,ביצה,ב.,פירוש,לא,
260,קובץ מפרשים לפי הדף ביצה,כן,ביצה,ב.,פירוש,לא,
261,קובץ מפרשים לפי הדף ביצה,כן,ביצה,ב.,פירוש,לא,
262,קובץ מפרשים לפי הדף ביצה,כן,ביצה,ב.,פירוש,לא,
264,קובץ מפרשים לפי הדף ביצה,כן,ביצה,ב.,פירוש,לא,
265,קובץ מפרשים לפי הדף ביצה,כן,ביצה,ב.,פירוש,לא,
266,קובץ מפרשים לפי הדף ביצה,כן,ביצה,ב.,פירוש,לא,
268,קובץ מפרשים לפי הדף ביצה,כן,ביצה,ב.,פירוש,לא,
269,קובץ מפרשים לפי הדף ביצה,כן,ביצה,ב.,פירוש,לא,
270,קובץ מפרשים לפי הדף ביצה,כן,ביצה,ב.,פירוש,לא,
271,קובץ מפרשים לפי הדף ביצה,כן,ביצה,ב.,פירוש,לא,
272,קובץ מפרשים לפי הדף ביצה,כן,ביצה,ב.,פירוש,לא,
273,קובץ מפרשים לפי הדף ביצה,כן,ביצה,ב.,פירוש,לא,
274,קובץ מפרשים לפי הדף ביצה,כן,ביצה,ב.,פירוש,לא,
275,קובץ מפרשים לפי הדף ביצה,כן,ביצה,ב.,פירוש,לא,
276,קובץ מפרשים לפי הדף ביצה,כן,ביצה,ב.,פירוש,לא,
277,קובץ מפרשים לפי הדף ביצה,כן,ביצה,ב.,פירוש,לא,
279,קובץ מפרשים לפי הדף ביצה,כן,ביצה,ב.,פירוש,לא,
280,קובץ מפרשים לפי הדף ביצה,כן,ביצה,ב.,פירוש,לא,
281,קובץ מפרשים לפי הדף ביצה,כן,ביצה,ב.,פירוש,לא,
282,קובץ מפרשים לפי הדף ביצה,כן,ביצה,ב.,פירוש,לא,
283,קובץ מפרשים לפי הדף ביצה,כן,ביצה,ב.,פירוש,לא,
284,קובץ מפרשים לפי הדף ביצה,כן,ביצה,ב.,פירוש,לא,
285,קובץ מפרשים לפי הדף ביצה,כן,ביצה,ב.,פירוש,לא,
286,קובץ מפרשים לפי הדף ביצה,כן,ביצה,ב.,פירוש,לא,
287,קובץ מפרשים לפי הדף ביצה,כן,ביצה,ב.,פירוש,לא,
288,קובץ מפרשים לפי הדף ביצה,כן,ביצה,ב.,פירוש,לא,
289,קובץ מפרשים לפי הדף ביצה,כן,ביצה,ב.,פירוש,לא,
290,קובץ מפרשים לפי הדף ביצה,כן,ביצה,ב.,פירוש,לא,
291,קובץ מפרשים לפי הדף ביצה,כן,ביצה,ב.,פירוש,לא,
292,קובץ מפרשים לפי הדף ביצה,כן,ביצה,ב.,פירוש,לא,
293,קובץ מפרשים לפי הדף ביצה,כן,ביצה,ב.,פירוש,לא,
294,קובץ מפרשים לפי הדף ביצה,כן,ביצה,ב.,פירוש,לא,
295,קובץ מפרשים לפי הדף ביצה,כן,ביצה,ב.,פירוש,לא,
296,קובץ מפרשים לפי הדף ביצה,כן,ביצה,ב.,פירוש,לא,
297,קובץ מפרשים לפי הדף ביצה,כן,ביצה,ב.,פירוש,לא,
298,קובץ מפרשים לפי הדף ביצה,כן,ביצה,ב.,פירוש,לא,
299,קובץ מפרשים לפי הדף ביצה,כן,ביצה,ב.,פירוש,לא,
300,קובץ מפרשים לפי הדף ביצה,כן,ביצה,ב.,פירוש,לא,
301,קובץ מפרשים לפי הדף ביצה,כן,ביצה,ב.,פירוש,לא,
302,קובץ מפרשים לפי הדף ביצה,כן,ביצה,ב.,פירוש,לא,
303,קובץ מפרשים לפי הדף ביצה,כן,ביצה,ב.,פירוש,לא,
306,קובץ מפרשים לפי הדף ביצה,כן,ביצה,ב:,פירוש,לא,
307,קובץ מפרשים לפי הדף ביצה,כן,ביצה,ב:,פירוש,לא,
308,קובץ מפרשים לפי הדף ביצה,כן,ביצה,ב:,פירוש,לא,
309,קובץ מפרשים לפי הדף ביצה,כן,ביצה,ב:,פירוש,לא,
310,קובץ מפרשים לפי הדף ביצה,כן,ביצה,ב:,פירוש,לא,
311,קובץ מפרשים לפי הדף ביצה,כן,ביצה,ב:,פירוש,לא,
312,קובץ מפרשים לפי הדף ביצה,כן,ביצה,ב:,פירוש,לא,
313,קובץ מפרשים לפי הדף ביצה,כן,ביצה,ב:,פירוש,לא,
314,קובץ מפרשים לפי הדף ביצה,כן,ביצה,ב:,פירוש,לא,
316,קובץ מפרשים לפי הדף ביצה,כן,ביצה,ב:,פירוש,לא,
317,קובץ מפרשים לפי הדף ביצה,כן,ביצה,ב:,פירוש,לא,
318,קובץ מפרשים לפי הדף ביצה,כן,ביצה,ב:,פירוש,לא,
319,קובץ מפרשים לפי הדף ביצה,כן,ביצה,ב:,פירוש,לא,
320,קובץ מפרשים לפי הדף ביצה,כן,ביצה,ב:,פירוש,לא,
321,קובץ מפרשים לפי הדף ביצה,כן,ביצה,ב:,פירוש,לא,
322,קובץ מפרשים לפי הדף ביצה,כן,ביצה,ב:,פירוש,לא,
323,קובץ מפרשים לפי הדף ביצה,כן,ביצה,ב:,פירוש,לא,
324,קובץ מפרשים לפי הדף ביצה,כן,ביצה,ב:,פירוש,לא,
325,קובץ מפרשים לפי הדף ביצה,כן,ביצה,ב:,פירוש,לא,
326,קובץ מפרשים לפי הדף ביצה,כן,ביצה,ב:,פירוש,לא,
327,קובץ מפרשים לפי הדף ביצה,כן,ביצה,ב:,פירוש,לא,
328,קובץ מפרשים לפי הדף ביצה,כן,ביצה,ב:,פירוש,לא,
329,קובץ מפרשים לפי הדף ביצה,כן,ביצה,ב:,פירוש,לא,
330,קובץ מפרשים לפי הדף ביצה,כן,ביצה,ב:,פירוש,לא,
331,קובץ מפרשים לפי הדף ביצה,כן,ביצה,ב:,פירוש,לא,
332,קובץ מפרשים לפי הדף ביצה,כן,ביצה,ב:,פירוש,לא,
333,קובץ מפרשים לפי הדף ביצה,כן,ביצה,ב:,פירוש,לא,
334,קובץ מפרשים לפי הדף ביצה,כן,ביצה,ב:,פירוש,לא,
335,קובץ מפרשים לפי הדף ביצה,כן,ביצה,ב:,פירוש,לא,
337,קובץ מפרשים לפי הדף ביצה,כן,ביצה,ב:,פירוש,לא,
338,קובץ מפרשים לפי הדף ביצה,כן,ביצה,ב:,פירוש,לא,
340,קובץ מפרשים לפי הדף ביצה,כן,ביצה,ב:,פירוש,לא,
341,קובץ מפרשים לפי הדף ביצה,כן,ביצה,ב:,פירוש,לא,
342,קובץ מפרשים לפי הדף ביצה,כן,ביצה,ב:,פירוש,לא,
343,קובץ מפרשים לפי הדף ביצה,כן,ביצה,ב:,פירוש,לא,
344,קובץ מפרשים לפי הדף ביצה,כן,ביצה,ב:,פירוש,לא,
345,קובץ מפרשים לפי הדף ביצה,כן,ביצה,ב:,פירוש,לא,
346,קובץ מפרשים לפי הדף ביצה,כן,ביצה,ב:,פירוש,לא,
347,קובץ מפרשים לפי הדף ביצה,כן,ביצה,ב:,פירוש,לא,
349,קובץ מפרשים לפי הדף ביצה,כן,ביצה,ב:,פירוש,לא,
350,קובץ מפרשים לפי הדף ביצה,כן,ביצה,ב:,פירוש,לא,
352,קובץ מפרשים לפי הדף ביצה,כן,ביצה,ב:,פירוש,לא,
353,קובץ מפרשים לפי הדף ביצה,כן,ביצה,ב:,פירוש,לא,
354,קובץ מפרשים לפי הדף ביצה,כן,ביצה,ב:,פירוש,לא,
356,קובץ מפרשים לפי הדף ביצה,כן,ביצה,ב:,פירוש,לא,
357,קובץ מפרשים לפי הדף ביצה,כן,ביצה,ב:,פירוש,לא,
358,קובץ מפרשים לפי הדף ביצה,כן,ביצה,ב:,פירוש,לא,
359,קובץ מפרשים לפי הדף ביצה,כן,ביצה,ב:,פירוש,לא,
360,קובץ מפרשים לפי הדף ביצה,כן,ביצה,ב:,פירוש,לא,
361,קובץ מפרשים לפי הדף ביצה,כן,ביצה,ב:,פירוש,לא,
362,קובץ מפרשים לפי הדף ביצה,כן,ביצה,ב:,פירוש,לא,
364,קובץ מפרשים לפי הדף ביצה,כן,ביצה,ב:,פירוש,לא,
365,קובץ מפרשים לפי הדף ביצה,כן,ביצה,ב:,פירוש,לא,
366,קובץ מפרשים לפי הדף ביצה,כן,ביצה,ב:,פירוש,לא,
367,קובץ מפרשים לפי הדף ביצה,כן,ביצה,ב:,פירוש,לא,
368,קובץ מפרשים לפי הדף ביצה,כן,ביצה,ב:,פירוש,לא,
369,קובץ מפרשים לפי הדף ביצה,כן,ביצה,ב:,פירוש,לא,
370,קובץ מפרשים לפי הדף ביצה,כן,ביצה,ב:,פירוש,לא,
372,קובץ מפרשים לפי הדף ביצה,כן,ביצה,ב:,פירוש,לא,
373,קובץ מפרשים לפי הדף ביצה,כן,ביצה,ב:,פירוש,לא,
375,קובץ מפרשים לפי הדף ביצה,כן,ביצה,ב:,פירוש,לא,
376,קובץ מפרשים לפי הדף ביצה,כן,ביצה,ב:,פירוש,לא,
377,קובץ מפרשים לפי הדף ביצה,כן,ביצה,ב:,פירוש,לא,
378,קובץ מפרשים לפי הדף ביצה,כן,ביצה,ב:,פירוש,לא,
379,קובץ מפרשים לפי הדף ביצה,כן,ביצה,ב:,פירוש,לא,
380,קובץ מפרשים לפי הדף ביצה,כן,ביצה,ב:,פירוש,לא,
381,קובץ מפרשים לפי הדף ביצה,כן,ביצה,ב:,פירוש,לא,
382,קובץ מפרשים לפי הדף ביצה,כן,ביצה,ב:,פירוש,לא,
383,קובץ מפרשים לפי הדף ביצה,כן,ביצה,ב:,פירוש,לא,
384,קובץ מפרשים לפי הדף ביצה,כן,ביצה,ב:,פירוש,לא,
385,קובץ מפרשים לפי הדף ביצה,כן,ביצה,ב:,פירוש,לא,
386,קובץ מפרשים לפי הדף ביצה,כן,ביצה,ב:,פירוש,לא,
387,קובץ מפרשים לפי הדף ביצה,כן,ביצה,ב:,פירוש,לא,
388,קובץ מפרשים לפי הדף ביצה,כן,ביצה,ב:,פירוש,לא,
390,קובץ מפרשים לפי הדף ביצה,כן,ביצה,ב:,פירוש,לא,
391,קובץ מפרשים לפי הדף ביצה,כן,ביצה,ב:,פירוש,לא,
392,קובץ מפרשים לפי הדף ביצה,כן,ביצה,ב:,פירוש,לא,
393,קובץ מפרשים לפי הדף ביצה,כן,ביצה,ב:,פירוש,לא,
394,קובץ מפרשים לפי הדף ביצה,כן,ביצה,ב:,פירוש,לא,
395,קובץ מפרשים לפי הדף ביצה,כן,ביצה,ב:,פירוש,לא,
396,קובץ מפרשים לפי הדף ביצה,כן,ביצה,ב:,פירוש,לא,
397,קובץ מפרשים לפי הדף ביצה,כן,ביצה,ב:,פירוש,לא,
398,קובץ מפרשים לפי הדף ביצה,כן,ביצה,ב:,פירוש,לא,
400,קובץ מפרשים לפי הדף ביצה,כן,ביצה,ב:,פירוש,לא,
401,קובץ מפרשים לפי הדף ביצה,כן,ביצה,ב:,פירוש,לא,
402,קובץ מפרשים לפי הדף ביצה,כן,ביצה,ב:,פירוש,לא,
403,קובץ מפרשים לפי הדף ביצה,כן,ביצה,ב:,פירוש,לא,
404,קובץ מפרשים לפי הדף ביצה,כן,ביצה,ב:,פירוש,לא,
405,קובץ מפרשים לפי הדף ביצה,כן,ביצה,ב:,פירוש,לא,
406,קובץ מפרשים לפי הדף ביצה,כן,ביצה,ב:,פירוש,לא,
407,קובץ מפרשים לפי הדף ביצה,כן,ביצה,ב:,פירוש,לא,
408,קובץ מפרשים לפי הדף ביצה,כן,ביצה,ב:,פירוש,לא,
409,קובץ מפרשים לפי הדף ביצה,כן,ביצה,ב:,פירוש,לא,
410,קובץ מפרשים לפי הדף ביצה,כן,ביצה,ב:,פירוש,לא,
411,קובץ מפרשים לפי הדף ביצה,כן,ביצה,ב:,פירוש,לא,
412,קובץ מפרשים לפי הדף ביצה,כן,ביצה,ב:,פירוש,לא,
413,קובץ מפרשים לפי הדף ביצה,כן,ביצה,ב:,פירוש,לא,
415,קובץ מפרשים לפי הדף ביצה,כן,ביצה,ב:,פירוש,לא,
416,קובץ מפרשים לפי הדף ביצה,כן,ביצה,ב:,פירוש,לא,
417,קובץ מפרשים לפי הדף ביצה,כן,ביצה,ב:,פירוש,לא,
418,קובץ מפרשים לפי הדף ביצה,כן,ביצה,ב:,פירוש,לא,
419,קובץ מפרשים לפי הדף ביצה,כן,ביצה,ב:,פירוש,לא,
420,קובץ מפרשים לפי הדף ביצה,כן,ביצה,ב:,פירוש,לא,
421,קובץ מפרשים לפי הדף ביצה,כן,ביצה,ב:,פירוש,לא,
423,קובץ מפרשים לפי הדף ביצה,כן,ביצה,ב:,פירוש,לא,
424,קובץ מפרשים לפי הדף ביצה,כן,ביצה,ב:,פירוש,לא,
425,קובץ מפרשים לפי הדף ביצה,כן,ביצה,ב:,פירוש,לא,
426,קובץ מפרשים לפי הדף ביצה,כן,ביצה,ב:,פירוש,לא,
427,קובץ מפרשים לפי הדף ביצה,כן,ביצה,ב:,פירוש,לא,
428,קובץ מפרשים לפי הדף ביצה,כן,ביצה,ב:,פירוש,לא,
429,קובץ מפרשים לפי הדף ביצה,כן,ביצה,ב:,פירוש,לא,
430,קובץ מפרשים לפי הדף ביצה,כן,ביצה,ב:,פירוש,לא,
431,קובץ מפרשים לפי הדף ביצה,כן,ביצה,ב:,פירוש,לא,
432,קובץ מפרשים לפי הדף ביצה,כן,ביצה,ב:,פירוש,לא,
433,קובץ מפרשים לפי הדף ביצה,כן,ביצה,ב:,פירוש,לא,
434,קובץ מפרשים לפי הדף ביצה,כן,ביצה,ב:,פירוש,לא,
435,קובץ מפרשים לפי הדף ביצה,כן,ביצה,ב:,פירוש,לא,
436,קובץ מפרשים לפי הדף ביצה,כן,ביצה,ב:,פירוש,לא,
437,קובץ מפרשים לפי הדף ביצה,כן,ביצה,ב:,פירוש,לא,
438,קובץ מפרשים לפי הדף ביצה,כן,ביצה,ב:,פירוש,לא,
439,קובץ מפרשים לפי הדף ביצה,כן,ביצה,ב:,פירוש,לא,
440,קובץ מפרשים לפי הדף ביצה,כן,ביצה,ב:,פירוש,לא,
441,קובץ מפרשים לפי הדף ביצה,כן,ביצה,ב:,פירוש,לא,
442,קובץ מפרשים לפי הדף ביצה,כן,ביצה,ב:,פירוש,לא,
443,קובץ מפרשים לפי הדף ביצה,כן,ביצה,ב:,פירוש,לא,
444,קובץ מפרשים לפי הדף ביצה,כן,ביצה,ב:,פירוש,לא,
445,קובץ מפרשים לפי הדף ביצה,כן,ביצה,ב:,פירוש,לא,
446,קובץ מפרשים לפי הדף ביצה,כן,ביצה,ב:,פירוש,לא,
448,קובץ מפרשים לפי הדף ביצה,כן,ביצה,ב:,פירוש,לא,
449,קובץ מפרשים לפי הדף ביצה,כן,ביצה,ב:,פירוש,לא,
450,קובץ מפרשים לפי הדף ביצה,כן,ביצה,ב:,פירוש,לא,
451,קובץ מפרשים לפי הדף ביצה,כן,ביצה,ב:,פירוש,לא,
452,קובץ מפרשים לפי הדף ביצה,כן,ביצה,ב:,פירוש,לא,
453,קובץ מפרשים לפי הדף ביצה,כן,ביצה,ב:,פירוש,לא,
454,קובץ מפרשים לפי הדף ביצה,כן,ביצה,ב:,פירוש,לא,
455,קובץ מפרשים לפי הדף ביצה,כן,ביצה,ב:,פירוש,לא,
456,קובץ מפרשים לפי הדף ביצה,כן,ביצה,ב:,פירוש,לא,
457,קובץ מפרשים לפי הדף ביצה,כן,ביצה,ב:,פירוש,לא,
458,קובץ מפרשים לפי הדף ביצה,כן,ביצה,ב:,פירוש,לא,
459,קובץ מפרשים לפי הדף ביצה,כן,ביצה,ב:,פירוש,לא,
460,קובץ מפרשים לפי הדף ביצה,כן,ביצה,ב:,פירוש,לא,
461,קובץ מפרשים לפי הדף ביצה,כן,ביצה,ב:,פירוש,לא,
462,קובץ מפרשים לפי הדף ביצה,כן,ביצה,ב:,פירוש,לא,
463,קובץ מפרשים לפי הדף ביצה,כן,ביצה,ב:,פירוש,לא,
464,קובץ מפרשים לפי הדף ביצה,כן,ביצה,ב:,פירוש,לא,
465,קובץ מפרשים לפי הדף ביצה,כן,ביצה,ב:,פירוש,לא,
466,קובץ מפרשים לפי הדף ביצה,כן,ביצה,ב:,פירוש,לא,
467,קובץ מפרשים לפי הדף ביצה,כן,ביצה,ב:,פירוש,לא,
468,קובץ מפרשים לפי הדף ביצה,כן,ביצה,ב:,פירוש,לא,
469,קובץ מפרשים לפי הדף ביצה,כן,ביצה,ב:,פירוש,לא,
470,קובץ מפרשים לפי הדף ביצה,כן,ביצה,ב:,פירוש,לא,
471,קובץ מפרשים לפי הדף ביצה,כן,ביצה,ב:,פירוש,לא,
472,קובץ מפרשים לפי הדף ביצה,כן,ביצה,ב:,פירוש,לא,
473,קובץ מפרשים לפי הדף ביצה,כן,ביצה,ב:,פירוש,לא,
474,קובץ מפרשים לפי הדף ביצה,כן,ביצה,ב:,פירוש,לא,
476,קובץ מפרשים לפי הדף ביצה,כן,ביצה,ב:,פירוש,לא,
477,קובץ מפרשים לפי הדף ביצה,כן,ביצה,ב:,פירוש,לא,
479,קובץ מפרשים לפי הדף ביצה,כן,ביצה,ב:,פירוש,לא,
480,קובץ מפרשים לפי הדף ביצה,כן,ביצה,ב:,פירוש,לא,
481,קובץ מפרשים לפי הדף ביצה,כן,ביצה,ב:,פירוש,לא,
482,קובץ מפרשים לפי הדף ביצה,כן,ביצה,ב:,פירוש,לא,
483,קובץ מפרשים לפי הדף ביצה,כן,ביצה,ב:,פירוש,לא,
484,קובץ מפרשים לפי הדף ביצה,כן,ביצה,ב:,פירוש,לא,
485,קובץ מפרשים לפי הדף ביצה,כן,ביצה,ב:,פירוש,לא,
486,קובץ מפרשים לפי הדף ביצה,כן,ביצה,ב:,פירוש,לא,
487,קובץ מפרשים לפי הדף ביצה,כן,ביצה,ב:,פירוש,לא,
488,קובץ מפרשים לפי הדף ביצה,כן,ביצה,ב:,פירוש,לא,
489,קובץ מפרשים לפי הדף ביצה,כן,ביצה,ב:,פירוש,לא,
490,קובץ מפרשים לפי הדף ביצה,כן,ביצה,ב:,פירוש,לא,
491,קובץ מפרשים לפי הדף ביצה,כן,ביצה,ב:,פירוש,לא,
492,קובץ מפרשים לפי הדף ביצה,כן,ביצה,ב:,פירוש,לא,
493,קובץ מפרשים לפי הדף ביצה,כן,ביצה,ב:,פירוש,לא,
494,קובץ מפרשים לפי הדף ביצה,כן,ביצה,ב:,פירוש,לא,
495,קובץ מפרשים לפי הדף ביצה,כן,ביצה,ב:,פירוש,לא,
496,קובץ מפרשים לפי הדף ביצה,כן,ביצה,ב:,פירוש,לא,
497,קובץ מפרשים לפי הדף ביצה,כן,ביצה,ב:,פירוש,לא,
498,קובץ מפרשים לפי הדף ביצה,כן,ביצה,ב:,פירוש,לא,
499,קובץ מפרשים לפי הדף ביצה,כן,ביצה,ב:,פירוש,לא,
500,קובץ מפרשים לפי הדף ביצה,כן,ביצה,ב:,פירוש,לא,
502,קובץ מפרשים לפי הדף ביצה,כן,ביצה,ב:,פירוש,לא,
503,קובץ מפרשים לפי הדף ביצה,כן,ביצה,ב:,פירוש,לא,
504,קובץ מפרשים לפי הדף ביצה,כן,ביצה,ב:,פירוש,לא,
505,קובץ מפרשים לפי הדף ביצה,כן,ביצה,ב:,פירוש,לא,
506,קובץ מפרשים לפי הדף ביצה,כן,ביצה,ב:,פירוש,לא,
507,קובץ מפרשים לפי הדף ביצה,כן,ביצה,ב:,פירוש,לא,
508,קובץ מפרשים לפי הדף ביצה,כן,ביצה,ב:,פירוש,לא,
509,קובץ מפרשים לפי הדף ביצה,כן,ביצה,ב:,פירוש,לא,
510,קובץ מפרשים לפי הדף ביצה,כן,ביצה,ב:,פירוש,לא,
511,קובץ מפרשים לפי הדף ביצה,כן,ביצה,ב:,פירוש,לא,
512,קובץ מפרשים לפי הדף ביצה,כן,ביצה,ב:,פירוש,לא,
513,קובץ מפרשים לפי הדף ביצה,כן,ביצה,ב:,פירוש,לא,
514,קובץ מפרשים לפי הדף ביצה,כן,ביצה,ב:,פירוש,לא,
515,קובץ מפרשים לפי הדף ביצה,כן,ביצה,ב:,פירוש,לא,
516,קובץ מפרשים לפי הדף ביצה,כן,ביצה,ב:,פירוש,לא,
518,קובץ מפרשים לפי הדף ביצה,כן,ביצה,ב:,פירוש,לא,
519,קובץ מפרשים לפי הדף ביצה,כן,ביצה,ב:,פירוש,לא,
521,קובץ מפרשים לפי הדף ביצה,כן,ביצה,ב:,פירוש,לא,
523,קובץ מפרשים לפי הדף ביצה,כן,ביצה,ב:,פירוש,לא,
524,קובץ מפרשים לפי הדף ביצה,כן,ביצה,ב:,פירוש,לא,
525,קובץ מפרשים לפי הדף ביצה,כן,ביצה,ב:,פירוש,לא,
526,קובץ מפרשים לפי הדף ביצה,כן,ביצה,ב:,פירוש,לא,
528,קובץ מפרשים לפי הדף ביצה,כן,ביצה,ב:,פירוש,לא,
530,קובץ מפרשים לפי הדף ביצה,כן,ביצה,ב:,פירוש,לא,
531,קובץ מפרשים לפי הדף ביצה,כן,ביצה,ב:,פירוש,לא,
532,קובץ מפרשים לפי הדף ביצה,כן,ביצה,ב:,פירוש,לא,
533,קובץ מפרשים לפי הדף ביצה,כן,ביצה,ב:,פירוש,לא,
534,קובץ מפרשים לפי הדף ביצה,כן,ביצה,ב:,פירוש,לא,
536,קובץ מפרשים לפי הדף ביצה,כן,ביצה,ב:,פירוש,לא,
537,קובץ מפרשים לפי הדף ביצה,כן,ביצה,ב:,פירוש,לא,
538,קובץ מפרשים לפי הדף ביצה,כן,ביצה,ב:,פירוש,לא,
539,קובץ מפרשים לפי הדף ביצה,כן,ביצה,ב:,פירוש,לא,
540,קובץ מפרשים לפי הדף ביצה,כן,ביצה,ב:,פירוש,לא,
541,קובץ מפרשים לפי הדף ביצה,כן,ביצה,ב:,פירוש,לא,
544,קובץ מפרשים לפי הדף ביצה,כן,ביצה,ג.,פירוש,לא,
545,קובץ מפרשים לפי הדף ביצה,כן,ביצה,ג.,פירוש,לא,
547,קובץ מפרשים לפי הדף ביצה,כן,ביצה,ג.,פירוש,לא,
548,קובץ מפרשים לפי הדף ביצה,כן,ביצה,ג.,פירוש,לא,
549,קובץ מפרשים לפי הדף ביצה,כן,ביצה,ג.,פירוש,לא,
550,קובץ מפרשים לפי הדף ביצה,כן,ביצה,ג.,פירוש,לא,
551,קובץ מפרשים לפי הדף ביצה,כן,ביצה,ג.,פירוש,לא,
552,קובץ מפרשים לפי הדף ביצה,כן,ביצה,ג.,פירוש,לא,
553,קובץ מפרשים לפי הדף ביצה,כן,ביצה,ג.,פירוש,לא,
554,קובץ מפרשים לפי הדף ביצה,כן,ביצה,ג.,פירוש,לא,
556,קובץ מפרשים לפי הדף ביצה,כן,ביצה,ג.,פירוש,לא,
558,קובץ מפרשים לפי הדף ביצה,כן,ביצה,ג.,פירוש,לא,
559,קובץ מפרשים לפי הדף ביצה,כן,ביצה,ג.,פירוש,לא,
560,קובץ מפרשים לפי הדף ביצה,כן,ביצה,ג.,פירוש,לא,
561,קובץ מפרשים לפי הדף ביצה,כן,ביצה,ג.,פירוש,לא,
563,קובץ מפרשים לפי הדף ביצה,כן,ביצה,ג.,פירוש,לא,
564,קובץ מפרשים לפי הדף ביצה,כן,ביצה,ג.,פירוש,לא,
565,קובץ מפרשים לפי הדף ביצה,כן,ביצה,ג.,פירוש,לא,
566,קובץ מפרשים לפי הדף ביצה,כן,ביצה,ג.,פירוש,לא,
567,קובץ מפרשים לפי הדף ביצה,כן,ביצה,ג.,פירוש,לא,
568,קובץ מפרשים לפי הדף ביצה,כן,ביצה,ג.,פירוש,לא,
570,קובץ מפרשים לפי הדף ביצה,כן,ביצה,ג.,פירוש,לא,
571,קובץ מפרשים לפי הדף ביצה,כן,ביצה,ג.,פירוש,לא,
572,קובץ מפרשים לפי הדף ביצה,כן,ביצה,ג.,פירוש,לא,
573,קובץ מפרשים לפי הדף ביצה,כן,ביצה,ג.,פירוש,לא,
574,קובץ מפרשים לפי הדף ביצה,כן,ביצה,ג.,פירוש,לא,
575,קובץ מפרשים לפי הדף ביצה,כן,ביצה,ג.,פירוש,לא,
576,קובץ מפרשים לפי הדף ביצה,כן,ביצה,ג.,פירוש,לא,
578,קובץ מפרשים לפי הדף ביצה,כן,ביצה,ג.,פירוש,לא,
579,קובץ מפרשים לפי הדף ביצה,כן,ביצה,ג.,פירוש,לא,
580,קובץ מפרשים לפי הדף ביצה,כן,ביצה,ג.,פירוש,לא,
581,קובץ מפרשים לפי הדף ביצה,כן,ביצה,ג.,פירוש,לא,
583,קובץ מפרשים לפי הדף ביצה,כן,ביצה,ג.,פירוש,לא,
584,קובץ מפרשים לפי הדף ביצה,כן,ביצה,ג.,פירוש,לא,
585,קובץ מפרשים לפי הדף ביצה,כן,ביצה,ג.,פירוש,לא,
586,קובץ מפרשים לפי הדף ביצה,כן,ביצה,ג.,פירוש,לא,
587,קובץ מפרשים לפי הדף ביצה,כן,ביצה,ג.,פירוש,לא,
588,קובץ מפרשים לפי הדף ביצה,כן,ביצה,ג.,פירוש,לא,
589,קובץ מפרשים לפי הדף ביצה,כן,ביצה,ג.,פירוש,לא,
590,קובץ מפרשים לפי הדף ביצה,כן,ביצה,ג.,פירוש,לא,
592,קובץ מפרשים לפי הדף ביצה,כן,ביצה,ג.,פירוש,לא,
593,קובץ מפרשים לפי הדף ביצה,כן,ביצה,ג.,פירוש,לא,
594,קובץ מפרשים לפי הדף ביצה,כן,ביצה,ג.,פירוש,לא,
595,קובץ מפרשים לפי הדף ביצה,כן,ביצה,ג.,פירוש,לא,
596,קובץ מפרשים לפי הדף ביצה,כן,ביצה,ג.,פירוש,לא,
597,קובץ מפרשים לפי הדף ביצה,כן,ביצה,ג.,פירוש,לא,
598,קובץ מפרשים לפי הדף ביצה,כן,ביצה,ג.,פירוש,לא,
600,קובץ מפרשים לפי הדף ביצה,כן,ביצה,ג.,פירוש,לא,
602,קובץ מפרשים לפי הדף ביצה,כן,ביצה,ג.,פירוש,לא,
603,קובץ מפרשים לפי הדף ביצה,כן,ביצה,ג.,פירוש,לא,
604,קובץ מפרשים לפי הדף ביצה,כן,ביצה,ג.,פירוש,לא,
605,קובץ מפרשים לפי הדף ביצה,כן,ביצה,ג.,פירוש,לא,
606,קובץ מפרשים לפי הדף ביצה,כן,ביצה,ג.,פירוש,לא,
607,קובץ מפרשים לפי הדף ביצה,כן,ביצה,ג.,פירוש,לא,
608,קובץ מפרשים לפי הדף ביצה,כן,ביצה,ג.,פירוש,לא,
609,קובץ מפרשים לפי הדף ביצה,כן,ביצה,ג.,פירוש,לא,
610,קובץ מפרשים לפי הדף ביצה,כן,ביצה,ג.,פירוש,לא,
611,קובץ מפרשים לפי הדף ביצה,כן,ביצה,ג.,פירוש,לא,
612,קובץ מפרשים לפי הדף ביצה,כן,ביצה,ג.,פירוש,לא,
613,קובץ מפרשים לפי הדף ביצה,כן,ביצה,ג.,פירוש,לא,
614,קובץ מפרשים לפי הדף ביצה,כן,ביצה,ג.,פירוש,לא,
615,קובץ מפרשים לפי הדף ביצה,כן,ביצה,ג.,פירוש,לא,
616,קובץ מפרשים לפי הדף ביצה,כן,ביצה,ג.,פירוש,לא,
617,קובץ מפרשים לפי הדף ביצה,כן,ביצה,ג.,פירוש,לא,
618,קובץ מפרשים לפי הדף ביצה,כן,ביצה,ג.,פירוש,לא,
619,קובץ מפרשים לפי הדף ביצה,כן,ביצה,ג.,פירוש,לא,
620,קובץ מפרשים לפי הדף ביצה,כן,ביצה,ג.,פירוש,לא,
621,קובץ מפרשים לפי הדף ביצה,כן,ביצה,ג.,פירוש,לא,
622,קובץ מפרשים לפי הדף ביצה,כן,ביצה,ג.,פירוש,לא,
623,קובץ מפרשים לפי הדף ביצה,כן,ביצה,ג.,פירוש,לא,
624,קובץ מפרשים לפי הדף ביצה,כן,ביצה,ג.,פירוש,לא,
625,קובץ מפרשים לפי הדף ביצה,כן,ביצה,ג.,פירוש,לא,
626,קובץ מפרשים לפי הדף ביצה,כן,ביצה,ג.,פירוש,לא,
627,קובץ מפרשים לפי הדף ביצה,כן,ביצה,ג.,פירוש,לא,
628,קובץ מפרשים לפי הדף ביצה,כן,ביצה,ג.,פירוש,לא,
629,קובץ מפרשים לפי הדף ביצה,כן,ביצה,ג.,פירוש,לא,
630,קובץ מפרשים לפי הדף ביצה,כן,ביצה,ג.,פירוש,לא,
631,קובץ מפרשים לפי הדף ביצה,כן,ביצה,ג.,פירוש,לא,
632,קובץ מפרשים לפי הדף ביצה,כן,ביצה,ג.,פירוש,לא,
633,קובץ מפרשים לפי הדף ביצה,כן,ביצה,ג.,פירוש,לא,
634,קובץ מפרשים לפי הדף ביצה,כן,ביצה,ג.,פירוש,לא,
636,קובץ מפרשים לפי הדף ביצה,כן,ביצה,ג.,פירוש,לא,
637,קובץ מפרשים לפי הדף ביצה,כן,ביצה,ג.,פירוש,לא,
638,קובץ מפרשים לפי הדף ביצה,כן,ביצה,ג.,פירוש,לא,
639,קובץ מפרשים לפי הדף ביצה,כן,ביצה,ג.,פירוש,לא,
640,קובץ מפרשים לפי הדף ביצה,כן,ביצה,ג.,פירוש,לא,
641,קובץ מפרשים לפי הדף ביצה,כן,ביצה,ג.,פירוש,לא,
642,קובץ מפרשים לפי הדף ביצה,כן,ביצה,ג.,פירוש,לא,
643,קובץ מפרשים לפי הדף ביצה,כן,ביצה,ג.,פירוש,לא,
644,קובץ מפרשים לפי הדף ביצה,כן,ביצה,ג.,פירוש,לא,
645,קובץ מפרשים לפי הדף ביצה,כן,ביצה,ג.,פירוש,לא,
646,קובץ מפרשים לפי הדף ביצה,כן,ביצה,ג.,פירוש,לא,
647,קובץ מפרשים לפי הדף ביצה,כן,ביצה,ג.,פירוש,לא,
648,קובץ מפרשים לפי הדף ביצה,כן,ביצה,ג.,פירוש,לא,
649,קובץ מפרשים לפי הדף ביצה,כן,ביצה,ג.,פירוש,לא,
650,קובץ מפרשים לפי הדף ביצה,כן,ביצה,ג.,פירוש,לא,
651,קובץ מפרשים לפי הדף ביצה,כן,ביצה,ג.,פירוש,לא,
652,קובץ מפרשים לפי הדף ביצה,כן,ביצה,ג.,פירוש,לא,
653,קובץ מפרשים לפי הדף ביצה,כן,ביצה,ג.,פירוש,לא,
655,קובץ מפרשים לפי הדף ביצה,כן,ביצה,ג.,פירוש,לא,
656,קובץ מפרשים לפי הדף ביצה,כן,ביצה,ג.,פירוש,לא,
657,קובץ מפרשים לפי הדף ביצה,כן,ביצה,ג.,פירוש,לא,
658,קובץ מפרשים לפי הדף ביצה,כן,ביצה,ג.,פירוש,לא,
659,קובץ מפרשים לפי הדף ביצה,כן,ביצה,ג.,פירוש,לא,
660,קובץ מפרשים לפי הדף ביצה,כן,ביצה,ג.,פירוש,לא,
661,קובץ מפרשים לפי הדף ביצה,כן,ביצה,ג.,פירוש,לא,
662,קובץ מפרשים לפי הדף ביצה,כן,ביצה,ג.,פירוש,לא,
663,קובץ מפרשים לפי הדף ביצה,כן,ביצה,ג.,פירוש,לא,
664,קובץ מפרשים לפי הדף ביצה,כן,ביצה,ג.,פירוש,לא,
665,קובץ מפרשים לפי הדף ביצה,כן,ביצה,ג.,פירוש,לא,
666,קובץ מפרשים לפי הדף ביצה,כן,ביצה,ג.,פירוש,לא,
667,קובץ מפרשים לפי הדף ביצה,כן,ביצה,ג.,פירוש,לא,
668,קובץ מפרשים לפי הדף ביצה,כן,ביצה,ג.,פירוש,לא,
669,קובץ מפרשים לפי הדף ביצה,כן,ביצה,ג.,פירוש,לא,
670,קובץ מפרשים לפי הדף ביצה,כן,ביצה,ג.,פירוש,לא,
671,קובץ מפרשים לפי הדף ביצה,כן,ביצה,ג.,פירוש,לא,
672,קובץ מפרשים לפי הדף ביצה,כן,ביצה,ג.,פירוש,לא,
674,קובץ מפרשים לפי הדף ביצה,כן,ביצה,ג.,פירוש,לא,
675,קובץ מפרשים לפי הדף ביצה,כן,ביצה,ג.,פירוש,לא,
676,קובץ מפרשים לפי הדף ביצה,כן,ביצה,ג.,פירוש,לא,
677,קובץ מפרשים לפי הדף ביצה,כן,ביצה,ג.,פירוש,לא,
679,קובץ מפרשים לפי הדף ביצה,כן,ביצה,ג.,פירוש,לא,
680,קובץ מפרשים לפי הדף ביצה,כן,ביצה,ג.,פירוש,לא,
682,קובץ מפרשים לפי הדף ביצה,כן,ביצה,ג.,פירוש,לא,
684,קובץ מפרשים לפי הדף ביצה,כן,ביצה,ג.,פירוש,לא,
685,קובץ מפרשים לפי הדף ביצה,כן,ביצה,ג.,פירוש,לא,
686,קובץ מפרשים לפי הדף ביצה,כן,ביצה,ג.,פירוש,לא,
687,קובץ מפרשים לפי הדף ביצה,כן,ביצה,ג.,פירוש,לא,
689,קובץ מפרשים לפי הדף ביצה,כן,ביצה,ג.,פירוש,לא,
690,קובץ מפרשים לפי הדף ביצה,כן,ביצה,ג.,פירוש,לא,
691,קובץ מפרשים לפי הדף ביצה,כן,ביצה,ג.,פירוש,לא,
692,קובץ מפרשים לפי הדף ביצה,כן,ביצה,ג.,פירוש,לא,
694,קובץ מפרשים לפי הדף ביצה,כן,ביצה,ג.,פירוש,לא,
695,קובץ מפרשים לפי הדף ביצה,כן,ביצה,ג.,פירוש,לא,
696,קובץ מפרשים לפי הדף ביצה,כן,ביצה,ג.,פירוש,לא,
697,קובץ מפרשים לפי הדף ביצה,כן,ביצה,ג.,פירוש,לא,
699,קובץ מפרשים לפי הדף ביצה,כן,ביצה,ג.,פירוש,לא,
700,קובץ מפרשים לפי הדף ביצה,כן,ביצה,ג.,פירוש,לא,
701,קובץ מפרשים לפי הדף ביצה,כן,ביצה,ג.,פירוש,לא,
702,קובץ מפרשים לפי הדף ביצה,כן,ביצה,ג.,פירוש,לא,
703,קובץ מפרשים לפי הדף ביצה,כן,ביצה,ג.,פירוש,לא,
704,קובץ מפרשים לפי הדף ביצה,כן,ביצה,ג.,פירוש,לא,
705,קובץ מפרשים לפי הדף ביצה,כן,ביצה,ג.,פירוש,לא,
706,קובץ מפרשים לפי הדף ביצה,כן,ביצה,ג.,פירוש,לא,
707,קובץ מפרשים לפי הדף ביצה,כן,ביצה,ג.,פירוש,לא,
708,קובץ מפרשים לפי הדף ביצה,כן,ביצה,ג.,פירוש,לא,
710,קובץ מפרשים לפי הדף ביצה,כן,ביצה,ג.,פירוש,לא,
713,קובץ מפרשים לפי הדף ביצה,כן,ביצה,ג.,פירוש,לא,
714,קובץ מפרשים לפי הדף ביצה,כן,ביצה,ג.,פירוש,לא,
716,קובץ מפרשים לפי הדף ביצה,כן,ביצה,ג.,פירוש,לא,
717,קובץ מפרשים לפי הדף ביצה,כן,ביצה,ג.,פירוש,לא,
718,קובץ מפרשים לפי הדף ביצה,כן,ביצה,ג.,פירוש,לא,
719,קובץ מפרשים לפי הדף ביצה,כן,ביצה,ג.,פירוש,לא,
720,קובץ מפרשים לפי הדף ביצה,כן,ביצה,ג.,פירוש,לא,
721,קובץ מפרשים לפי הדף ביצה,כן,ביצה,ג.,פירוש,לא,
722,קובץ מפרשים לפי הדף ביצה,כן,ביצה,ג.,פירוש,לא,
723,קובץ מפרשים לפי הדף ביצה,כן,ביצה,ג.,פירוש,לא,
725,קובץ מפרשים לפי הדף ביצה,כן,ביצה,ג.,פירוש,לא,
727,קובץ מפרשים לפי הדף ביצה,כן,ביצה,ג.,פירוש,לא,
728,קובץ מפרשים לפי הדף ביצה,כן,ביצה,ג.,פירוש,לא,
729,קובץ מפרשים לפי הדף ביצה,כן,ביצה,ג.,פירוש,לא,
730,קובץ מפרשים לפי הדף ביצה,כן,ביצה,ג.,פירוש,לא,
732,קובץ מפרשים לפי הדף ביצה,כן,ביצה,ג.,פירוש,לא,
733,קובץ מפרשים לפי הדף ביצה,כן,ביצה,ג.,פירוש,לא,
734,קובץ מפרשים לפי הדף ביצה,כן,ביצה,ג.,פירוש,לא,
735,קובץ מפרשים לפי הדף ביצה,כן,ביצה,ג.,פירוש,לא,
736,קובץ מפרשים לפי הדף ביצה,כן,ביצה,ג.,פירוש,לא,
737,קובץ מפרשים לפי הדף ביצה,כן,ביצה,ג.,פירוש,לא,
739,קובץ מפרשים לפי הדף ביצה,כן,ביצה,ג.,פירוש,לא,
740,קובץ מפרשים לפי הדף ביצה,כן,ביצה,ג.,פירוש,לא,
741,קובץ מפרשים לפי הדף ביצה,כן,ביצה,ג.,פירוש,לא,
742,קובץ מפרשים לפי הדף ביצה,כן,ביצה,ג.,פירוש,לא,
743,קובץ מפרשים לפי הדף ביצה,כן,ביצה,ג.,פירוש,לא,
744,קובץ מפרשים לפי הדף ביצה,כן,ביצה,ג.,פירוש,לא,
745,קובץ מפרשים לפי הדף ביצה,כן,ביצה,ג.,פירוש,לא,
747,קובץ מפרשים לפי הדף ביצה,כן,ביצה,ג.,פירוש,לא,
748,קובץ מפרשים לפי הדף ביצה,כן,ביצה,ג.,פירוש,לא,
749,קובץ מפרשים לפי הדף ביצה,כן,ביצה,ג.,פירוש,לא,
750,קובץ מפרשים לפי הדף ביצה,כן,ביצה,ג.,פירוש,לא,
752,קובץ מפרשים לפי הדף ביצה,כן,ביצה,ג.,פירוש,לא,
753,קובץ מפרשים לפי הדף ביצה,כן,ביצה,ג.,פירוש,לא,
754,קובץ מפרשים לפי הדף ביצה,כן,ביצה,ג.,פירוש,לא,
755,קובץ מפרשים לפי הדף ביצה,כן,ביצה,ג.,פירוש,לא,
756,קובץ מפרשים לפי הדף ביצה,כן,ביצה,ג.,פירוש,לא,
757,קובץ מפרשים לפי הדף ביצה,כן,ביצה,ג.,פירוש,לא,
758,קובץ מפרשים לפי הדף ביצה,כן,ביצה,ג.,פירוש,לא,
759,קובץ מפרשים לפי הדף ביצה,כן,ביצה,ג.,פירוש,לא,
761,קובץ מפרשים לפי הדף ביצה,כן,ביצה,ג.,פירוש,לא,
762,קובץ מפרשים לפי הדף ביצה,כן,ביצה,ג.,פירוש,לא,
763,קובץ מפרשים לפי הדף ביצה,כן,ביצה,ג.,פירוש,לא,
764,קובץ מפרשים לפי הדף ביצה,כן,ביצה,ג.,פירוש,לא,
765,קובץ מפרשים לפי הדף ביצה,כן,ביצה,ג.,פירוש,לא,
766,קובץ מפרשים לפי הדף ביצה,כן,ביצה,ג.,פירוש,לא,
767,קובץ מפרשים לפי הדף ביצה,כן,ביצה,ג.,פירוש,לא,
769,קובץ מפרשים לפי הדף ביצה,כן,ביצה,ג.,פירוש,לא,
771,קובץ מפרשים לפי הדף ביצה,כן,ביצה,ג.,פירוש,לא,
772,קובץ מפרשים לפי הדף ביצה,כן,ביצה,ג.,פירוש,לא,
773,קובץ מפרשים לפי הדף ביצה,כן,ביצה,ג.,פירוש,לא,
774,קובץ מפרשים לפי הדף ביצה,כן,ביצה,ג.,פירוש,לא,
775,קובץ מפרשים לפי הדף ביצה,כן,ביצה,ג.,פירוש,לא,
776,קובץ מפרשים לפי הדף ביצה,כן,ביצה,ג.,פירוש,לא,
777,קובץ מפרשים לפי הדף ביצה,כן,ביצה,ג.,פירוש,לא,
778,קובץ מפרשים לפי הדף ביצה,כן,ביצה,ג.,פירוש,לא,
779,קובץ מפרשים לפי הדף ביצה,כן,ביצה,ג.,פירוש,לא,
780,קובץ מפרשים לפי הדף ביצה,כן,ביצה,ג.,פירוש,לא,
781,קובץ מפרשים לפי הדף ביצה,כן,ביצה,ג.,פירוש,לא,
782,קובץ מפרשים לפי הדף ביצה,כן,ביצה,ג.,פירוש,לא,
783,קובץ מפרשים לפי הדף ביצה,כן,ביצה,ג.,פירוש,לא,
784,קובץ מפרשים לפי הדף ביצה,כן,ביצה,ג.,פירוש,לא,
785,קובץ מפרשים לפי הדף ביצה,כן,ביצה,ג.,פירוש,לא,
786,קובץ מפרשים לפי הדף ביצה,כן,ביצה,ג.,פירוש,לא,
787,קובץ מפרשים לפי הדף ביצה,כן,ביצה,ג.,פירוש,לא,
788,קובץ מפרשים לפי הדף ביצה,כן,ביצה,ג.,פירוש,לא,
789,קובץ מפרשים לפי הדף ביצה,כן,ביצה,ג.,פירוש,לא,
790,קובץ מפרשים לפי הדף ביצה,כן,ביצה,ג.,פירוש,לא,
791,קובץ מפרשים לפי הדף ביצה,כן,ביצה,ג.,פירוש,לא,
792,קובץ מפרשים לפי הדף ביצה,כן,ביצה,ג.,פירוש,לא,
793,קובץ מפרשים לפי הדף ביצה,כן,ביצה,ג.,פירוש,לא,
794,קובץ מפרשים לפי הדף ביצה,כן,ביצה,ג.,פירוש,לא,
795,קובץ מפרשים לפי הדף ביצה,כן,ביצה,ג.,פירוש,לא,
796,קובץ מפרשים לפי הדף ביצה,כן,ביצה,ג.,פירוש,לא,
797,קובץ מפרשים לפי הדף ביצה,כן,ביצה,ג.,פירוש,לא,
798,קובץ מפרשים לפי הדף ביצה,כן,ביצה,ג.,פירוש,לא,
799,קובץ מפרשים לפי הדף ביצה,כן,ביצה,ג.,פירוש,לא,
800,קובץ מפרשים לפי הדף ביצה,כן,ביצה,ג.,פירוש,לא,
801,קובץ מפרשים לפי הדף ביצה,כן,ביצה,ג.,פירוש,לא,
802,קובץ מפרשים לפי הדף ביצה,כן,ביצה,ג.,פירוש,לא,
803,קובץ מפרשים לפי הדף ביצה,כן,ביצה,ג.,פירוש,לא,
805,קובץ מפרשים לפי הדף ביצה,כן,ביצה,ג.,פירוש,לא,
806,קובץ מפרשים לפי הדף ביצה,כן,ביצה,ג.,פירוש,לא,
807,קובץ מפרשים לפי הדף ביצה,כן,ביצה,ג.,פירוש,לא,
808,קובץ מפרשים לפי הדף ביצה,כן,ביצה,ג.,פירוש,לא,
809,קובץ מפרשים לפי הדף ביצה,כן,ביצה,ג.,פירוש,לא,
810,קובץ מפרשים לפי הדף ביצה,כן,ביצה,ג.,פירוש,לא,
811,קובץ מפרשים לפי הדף ביצה,כן,ביצה,ג.,פירוש,לא,
812,קובץ מפרשים לפי הדף ביצה,כן,ביצה,ג.,פירוש,לא,
813,קובץ מפרשים לפי הדף ביצה,כן,ביצה,ג.,פירוש,לא,
814,קובץ מפרשים לפי הדף ביצה,כן,ביצה,ג.,פירוש,לא,
815,קובץ מפרשים לפי הדף ביצה,כן,ביצה,ג.,פירוש,לא,
816,קובץ מפרשים לפי הדף ביצה,כן,ביצה,ג.,פירוש,לא,
817,קובץ מפרשים לפי הדף ביצה,כן,ביצה,ג.,פירוש,לא,
818,קובץ מפרשים לפי הדף ביצה,כן,ביצה,ג.,פירוש,לא,
819,קובץ מפרשים לפי הדף ביצה,כן,ביצה,ג.,פירוש,לא,
820,קובץ מפרשים לפי הדף ביצה,כן,ביצה,ג.,פירוש,לא,
821,קובץ מפרשים לפי הדף ביצה,כן,ביצה,ג.,פירוש,לא,
822,קובץ מפרשים לפי הדף ביצה,כן,ביצה,ג.,פירוש,לא,
824,קובץ מפרשים לפי הדף ביצה,כן,ביצה,ג.,פירוש,לא,
825,קובץ מפרשים לפי הדף ביצה,כן,ביצה,ג.,פירוש,לא,
826,קובץ מפרשים לפי הדף ביצה,כן,ביצה,ג.,פירוש,לא,
827,קובץ מפרשים לפי הדף ביצה,כן,ביצה,ג.,פירוש,לא,
828,קובץ מפרשים לפי הדף ביצה,כן,ביצה,ג.,פירוש,לא,
829,קובץ מפרשים לפי הדף ביצה,כן,ביצה,ג.,פירוש,לא,
830,קובץ מפרשים לפי הדף ביצה,כן,ביצה,ג.,פירוש,לא,
831,קובץ מפרשים לפי הדף ביצה,כן,ביצה,ג.,פירוש,לא,
832,קובץ מפרשים לפי הדף ביצה,כן,ביצה,ג.,פירוש,לא,
833,קובץ מפרשים לפי הדף ביצה,כן,ביצה,ג.,פירוש,לא,
834,קובץ מפרשים לפי הדף ביצה,כן,ביצה,ג.,פירוש,לא,
835,קובץ מפרשים לפי הדף ביצה,כן,ביצה,ג.,פירוש,לא,
836,קובץ מפרשים לפי הדף ביצה,כן,ביצה,ג.,פירוש,לא,
837,קובץ מפרשים לפי הדף ביצה,כן,ביצה,ג.,פירוש,לא,
838,קובץ מפרשים לפי הדף ביצה,כן,ביצה,ג.,פירוש,לא,
839,קובץ מפרשים לפי הדף ביצה,כן,ביצה,ג.,פירוש,לא,
840,קובץ מפרשים לפי הדף ביצה,כן,ביצה,ג.,פירוש,לא,
841,קובץ מפרשים לפי הדף ביצה,כן,ביצה,ג.,פירוש,לא,
843,קובץ מפרשים לפי הדף ביצה,כן,ביצה,ג.,פירוש,לא,
844,קובץ מפרשים לפי הדף ביצה,כן,ביצה,ג.,פירוש,לא,
845,קובץ מפרשים לפי הדף ביצה,כן,ביצה,ג.,פירוש,לא,
846,קובץ מפרשים לפי הדף ביצה,כן,ביצה,ג.,פירוש,לא,
848,קובץ מפרשים לפי הדף ביצה,כן,ביצה,ג.,פירוש,לא,
849,קובץ מפרשים לפי הדף ביצה,כן,ביצה,ג.,פירוש,לא,
851,קובץ מפרשים לפי הדף ביצה,כן,ביצה,ג.,פירוש,לא,
853,קובץ מפרשים לפי הדף ביצה,כן,ביצה,ג.,פירוש,לא,
854,קובץ מפרשים לפי הדף ביצה,כן,ביצה,ג.,פירוש,לא,
855,קובץ מפרשים לפי הדף ביצה,כן,ביצה,ג.,פירוש,לא,
856,קובץ מפרשים לפי הדף ביצה,כן,ביצה,ג.,פירוש,לא,
858,קובץ מפרשים לפי הדף ביצה,כן,ביצה,ג.,פירוש,לא,
859,קובץ מפרשים לפי הדף ביצה,כן,ביצה,ג.,פירוש,לא,
860,קובץ מפרשים לפי הדף ביצה,כן,ביצה,ג.,פירוש,לא,
861,קובץ מפרשים לפי הדף ביצה,כן,ביצה,ג.,פירוש,לא,
863,קובץ מפרשים לפי הדף ביצה,כן,ביצה,ג.,פירוש,לא,
864,קובץ מפרשים לפי הדף ביצה,כן,ביצה,ג.,פירוש,לא,
865,קובץ מפרשים לפי הדף ביצה,כן,ביצה,ג.,פירוש,לא,
866,קובץ מפרשים לפי הדף ביצה,כן,ביצה,ג.,פירוש,לא,
868,קובץ מפרשים לפי הדף ביצה,כן,ביצה,ג.,פירוש,לא,
869,קובץ מפרשים לפי הדף ביצה,כן,ביצה,ג.,פירוש,לא,
870,קובץ מפרשים לפי הדף ביצה,כן,ביצה,ג.,פירוש,לא,
871,קובץ מפרשים לפי הדף ביצה,כן,ביצה,ג.,פירוש,לא,
872,קובץ מפרשים לפי הדף ביצה,כן,ביצה,ג.,פירוש,לא,
873,קובץ מפרשים לפי הדף ביצה,כן,ביצה,ג.,פירוש,לא,
874,קובץ מפרשים לפי הדף ביצה,כן,ביצה,ג.,פירוש,לא,
875,קובץ מפרשים לפי הדף ביצה,כן,ביצה,ג.,פירוש,לא,
876,קובץ מפרשים לפי הדף ביצה,כן,ביצה,ג.,פירוש,לא,
877,קובץ מפרשים לפי הדף ביצה,כן,ביצה,ג.,פירוש,לא,
879,קובץ מפרשים לפי הדף ביצה,כן,ביצה,ג.,פירוש,לא,
882,קובץ מפרשים לפי הדף ביצה,כן,ביצה,ג:,פירוש,לא,
883,קובץ מפרשים לפי הדף ביצה,כן,ביצה,ג:,פירוש,לא,
884,קובץ מפרשים לפי הדף ביצה,כן,ביצה,ג:,פירוש,לא,
885,קובץ מפרשים לפי הדף ביצה,כן,ביצה,ג:,פירוש,לא,
886,קובץ מפרשים לפי הדף ביצה,כן,ביצה,ג:,פירוש,לא,
887,קובץ מפרשים לפי הדף ביצה,כן,ביצה,ג:,פירוש,לא,
888,קובץ מפרשים לפי הדף ביצה,כן,ביצה,ג:,פירוש,לא,
889,קובץ מפרשים לפי הדף ביצה,כן,ביצה,ג:,פירוש,לא,
890,קובץ מפרשים לפי הדף ביצה,כן,ביצה,ג:,פירוש,לא,
891,קובץ מפרשים לפי הדף ביצה,כן,ביצה,ג:,פירוש,לא,
892,קובץ מפרשים לפי הדף ביצה,כן,ביצה,ג:,פירוש,לא,
893,קובץ מפרשים לפי הדף ביצה,כן,ביצה,ג:,פירוש,לא,
895,קובץ מפרשים לפי הדף ביצה,כן,ביצה,ג:,פירוש,לא,
896,קובץ מפרשים לפי הדף ביצה,כן,ביצה,ג:,פירוש,לא,
897,קובץ מפרשים לפי הדף ביצה,כן,ביצה,ג:,פירוש,לא,
898,קובץ מפרשים לפי הדף ביצה,כן,ביצה,ג:,פירוש,לא,
899,קובץ מפרשים לפי הדף ביצה,כן,ביצה,ג:,פירוש,לא,
900,קובץ מפרשים לפי הדף ביצה,כן,ביצה,ג:,פירוש,לא,
901,קובץ מפרשים לפי הדף ביצה,כן,ביצה,ג:,פירוש,לא,
902,קובץ מפרשים לפי הדף ביצה,כן,ביצה,ג:,פירוש,לא,
903,קובץ מפרשים לפי הדף ביצה,כן,ביצה,ג:,פירוש,לא,
904,קובץ מפרשים לפי הדף ביצה,כן,ביצה,ג:,פירוש,לא,
905,קובץ מפרשים לפי הדף ביצה,כן,ביצה,ג:,פירוש,לא,
906,קובץ מפרשים לפי הדף ביצה,כן,ביצה,ג:,פירוש,לא,
907,קובץ מפרשים לפי הדף ביצה,כן,ביצה,ג:,פירוש,לא,
908,קובץ מפרשים לפי הדף ביצה,כן,ביצה,ג:,פירוש,לא,
909,קובץ מפרשים לפי הדף ביצה,כן,ביצה,ג:,פירוש,לא,
910,קובץ מפרשים לפי הדף ביצה,כן,ביצה,ג:,פירוש,לא,
911,קובץ מפרשים לפי הדף ביצה,כן,ביצה,ג:,פירוש,לא,
912,קובץ מפרשים לפי הדף ביצה,כן,ביצה,ג:,פירוש,לא,
913,קובץ מפרשים לפי הדף ביצה,כן,ביצה,ג:,פירוש,לא,
914,קובץ מפרשים לפי הדף ביצה,כן,ביצה,ג:,פירוש,לא,
915,קובץ מפרשים לפי הדף ביצה,כן,ביצה,ג:,פירוש,לא,
916,קובץ מפרשים לפי הדף ביצה,כן,ביצה,ג:,פירוש,לא,
917,קובץ מפרשים לפי הדף ביצה,כן,ביצה,ג:,פירוש,לא,
918,קובץ מפרשים לפי הדף ביצה,כן,ביצה,ג:,פירוש,לא,
919,קובץ מפרשים לפי הדף ביצה,כן,ביצה,ג:,פירוש,לא,
920,קובץ מפרשים לפי הדף ביצה,כן,ביצה,ג:,פירוש,לא,
921,קובץ מפרשים לפי הדף ביצה,כן,ביצה,ג:,פירוש,לא,
922,קובץ מפרשים לפי הדף ביצה,כן,ביצה,ג:,פירוש,לא,
923,קובץ מפרשים לפי הדף ביצה,כן,ביצה,ג:,פירוש,לא,
924,קובץ מפרשים לפי הדף ביצה,כן,ביצה,ג:,פירוש,לא,
925,קובץ מפרשים לפי הדף ביצה,כן,ביצה,ג:,פירוש,לא,
927,קובץ מפרשים לפי הדף ביצה,כן,ביצה,ג:,פירוש,לא,
929,קובץ מפרשים לפי הדף ביצה,כן,ביצה,ג:,פירוש,לא,
930,קובץ מפרשים לפי הדף ביצה,כן,ביצה,ג:,פירוש,לא,
931,קובץ מפרשים לפי הדף ביצה,כן,ביצה,ג:,פירוש,לא,
932,קובץ מפרשים לפי הדף ביצה,כן,ביצה,ג:,פירוש,לא,
933,קובץ מפרשים לפי הדף ביצה,כן,ביצה,ג:,פירוש,לא,
934,קובץ מפרשים לפי הדף ביצה,כן,ביצה,ג:,פירוש,לא,
935,קובץ מפרשים לפי הדף ביצה,כן,ביצה,ג:,פירוש,לא,
936,קובץ מפרשים לפי הדף ביצה,כן,ביצה,ג:,פירוש,לא,
937,קובץ מפרשים לפי הדף ביצה,כן,ביצה,ג:,פירוש,לא,
938,קובץ מפרשים לפי הדף ביצה,כן,ביצה,ג:,פירוש,לא,
939,קובץ מפרשים לפי הדף ביצה,כן,ביצה,ג:,פירוש,לא,
940,קובץ מפרשים לפי הדף ביצה,כן,ביצה,ג:,פירוש,לא,
941,קובץ מפרשים לפי הדף ביצה,כן,ביצה,ג:,פירוש,לא,
942,קובץ מפרשים לפי הדף ביצה,כן,ביצה,ג:,פירוש,לא,
944,קובץ מפרשים לפי הדף ביצה,כן,ביצה,ג:,פירוש,לא,
946,קובץ מפרשים לפי הדף ביצה,כן,ביצה,ג:,פירוש,לא,
947,קובץ מפרשים לפי הדף ביצה,כן,ביצה,ג:,פירוש,לא,
948,קובץ מפרשים לפי הדף ביצה,כן,ביצה,ג:,פירוש,לא,
949,קובץ מפרשים לפי הדף ביצה,כן,ביצה,ג:,פירוש,לא,
950,קובץ מפרשים לפי הדף ביצה,כן,ביצה,ג:,פירוש,לא,
951,קובץ מפרשים לפי הדף ביצה,כן,ביצה,ג:,פירוש,לא,
952,קובץ מפרשים לפי הדף ביצה,כן,ביצה,ג:,פירוש,לא,
953,קובץ מפרשים לפי הדף ביצה,כן,ביצה,ג:,פירוש,לא,
954,קובץ מפרשים לפי הדף ביצה,כן,ביצה,ג:,פירוש,לא,
955,קובץ מפרשים לפי הדף ביצה,כן,ביצה,ג:,פירוש,לא,
956,קובץ מפרשים לפי הדף ביצה,כן,ביצה,ג:,פירוש,לא,
958,קובץ מפרשים לפי הדף ביצה,כן,ביצה,ג:,פירוש,לא,
959,קובץ מפרשים לפי הדף ביצה,כן,ביצה,ג:,פירוש,לא,
960,קובץ מפרשים לפי הדף ביצה,כן,ביצה,ג:,פירוש,לא,
961,קובץ מפרשים לפי הדף ביצה,כן,ביצה,ג:,פירוש,לא,
962,קובץ מפרשים לפי הדף ביצה,כן,ביצה,ג:,פירוש,לא,
963,קובץ מפרשים לפי הדף ביצה,כן,ביצה,ג:,פירוש,לא,
964,קובץ מפרשים לפי הדף ביצה,כן,ביצה,ג:,פירוש,לא,
966,קובץ מפרשים לפי הדף ביצה,כן,ביצה,ג:,פירוש,לא,
967,קובץ מפרשים לפי הדף ביצה,כן,ביצה,ג:,פירוש,לא,
968,קובץ מפרשים לפי הדף ביצה,כן,ביצה,ג:,פירוש,לא,
970,קובץ מפרשים לפי הדף ביצה,כן,ביצה,ג:,פירוש,לא,
971,קובץ מפרשים לפי הדף ביצה,כן,ביצה,ג:,פירוש,לא,
972,קובץ מפרשים לפי הדף ביצה,כן,ביצה,ג:,פירוש,לא,
973,קובץ מפרשים לפי הדף ביצה,כן,ביצה,ג:,פירוש,לא,
974,קובץ מפרשים לפי הדף ביצה,כן,ביצה,ג:,פירוש,לא,
975,קובץ מפרשים לפי הדף ביצה,כן,ביצה,ג:,פירוש,לא,
976,קובץ מפרשים לפי הדף ביצה,כן,ביצה,ג:,פירוש,לא,
977,קובץ מפרשים לפי הדף ביצה,כן,ביצה,ג:,פירוש,לא,
978,קובץ מפרשים לפי הדף ביצה,כן,ביצה,ג:,פירוש,לא,
979,קובץ מפרשים לפי הדף ביצה,כן,ביצה,ג:,פירוש,לא,
980,קובץ מפרשים לפי הדף ביצה,כן,ביצה,ג:,פירוש,לא,
981,קובץ מפרשים לפי הדף ביצה,כן,ביצה,ג:,פירוש,לא,
983,קובץ מפרשים לפי הדף ביצה,כן,ביצה,ג:,פירוש,לא,
984,קובץ מפרשים לפי הדף ביצה,כן,ביצה,ג:,פירוש,לא,
985,קובץ מפרשים לפי הדף ביצה,כן,ביצה,ג:,פירוש,לא,
986,קובץ מפרשים לפי הדף ביצה,כן,ביצה,ג:,פירוש,לא,
987,קובץ מפרשים לפי הדף ביצה,כן,ביצה,ג:,פירוש,לא,
988,קובץ מפרשים לפי הדף ביצה,כן,ביצה,ג:,פירוש,לא,
990,קובץ מפרשים לפי הדף ביצה,כן,ביצה,ג:,פירוש,לא,
991,קובץ מפרשים לפי הדף ביצה,כן,ביצה,ג:,פירוש,לא,
992,קובץ מפרשים לפי הדף ביצה,כן,ביצה,ג:,פירוש,לא,
993,קובץ מפרשים לפי הדף ביצה,כן,ביצה,ג:,פירוש,לא,
994,קובץ מפרשים לפי הדף ביצה,כן,ביצה,ג:,פירוש,לא,
995,קובץ מפרשים לפי הדף ביצה,כן,ביצה,ג:,פירוש,לא,
996,קובץ מפרשים לפי הדף ביצה,כן,ביצה,ג:,פירוש,לא,
997,קובץ מפרשים לפי הדף ביצה,כן,ביצה,ג:,פירוש,לא,
998,קובץ מפרשים לפי הדף ביצה,כן,ביצה,ג:,פירוש,לא,
999,קובץ מפרשים לפי הדף ביצה,כן,ביצה,ג:,פירוש,לא,
1000,קובץ מפרשים לפי הדף ביצה,כן,ביצה,ג:,פירוש,לא,
1001,קובץ מפרשים לפי הדף ביצה,כן,ביצה,ג:,פירוש,לא,
1002,קובץ מפרשים לפי הדף ביצה,כן,ביצה,ג:,פירוש,לא,
1003,קובץ מפרשים לפי הדף ביצה,כן,ביצה,ג:,פירוש,לא,
1004,קובץ מפרשים לפי הדף ביצה,כן,ביצה,ג:,פירוש,לא,
1005,קובץ מפרשים לפי הדף ביצה,כן,ביצה,ג:,פירוש,לא,
1006,קובץ מפרשים לפי הדף ביצה,כן,ביצה,ג:,פירוש,לא,
1007,קובץ מפרשים לפי הדף ביצה,כן,ביצה,ג:,פירוש,לא,
1008,קובץ מפרשים לפי הדף ביצה,כן,ביצה,ג:,פירוש,לא,
1009,קובץ מפרשים לפי הדף ביצה,כן,ביצה,ג:,פירוש,לא,
1010,קובץ מפרשים לפי הדף ביצה,כן,ביצה,ג:,פירוש,לא,
1011,קובץ מפרשים לפי הדף ביצה,כן,ביצה,ג:,פירוש,לא,
1012,קובץ מפרשים לפי הדף ביצה,כן,ביצה,ג:,פירוש,לא,
1013,קובץ מפרשים לפי הדף ביצה,כן,ביצה,ג:,פירוש,לא,
1014,קובץ מפרשים לפי הדף ביצה,כן,ביצה,ג:,פירוש,לא,
1015,קובץ מפרשים לפי הדף ביצה,כן,ביצה,ג:,פירוש,לא,
1016,קובץ מפרשים לפי הדף ביצה,כן,ביצה,ג:,פירוש,לא,
1017,קובץ מפרשים לפי הדף ביצה,כן,ביצה,ג:,פירוש,לא,
1018,קובץ מפרשים לפי הדף ביצה,כן,ביצה,ג:,פירוש,לא,
1019,קובץ מפרשים לפי הדף ביצה,כן,ביצה,ג:,פירוש,לא,
1020,קובץ מפרשים לפי הדף ביצה,כן,ביצה,ג:,פירוש,לא,
1021,קובץ מפרשים לפי הדף ביצה,כן,ביצה,ג:,פירוש,לא,
1022,קובץ מפרשים לפי הדף ביצה,כן,ביצה,ג:,פירוש,לא,
1023,קובץ מפרשים לפי הדף ביצה,כן,ביצה,ג:,פירוש,לא,
1025,קובץ מפרשים לפי הדף ביצה,כן,ביצה,ג:,פירוש,לא,
1026,קובץ מפרשים לפי הדף ביצה,כן,ביצה,ג:,פירוש,לא,
1027,קובץ מפרשים לפי הדף ביצה,כן,ביצה,ג:,פירוש,לא,
1028,קובץ מפרשים לפי הדף ביצה,כן,ביצה,ג:,פירוש,לא,
1029,קובץ מפרשים לפי הדף ביצה,כן,ביצה,ג:,פירוש,לא,
1030,קובץ מפרשים לפי הדף ביצה,כן,ביצה,ג:,פירוש,לא,
1031,קובץ מפרשים לפי הדף ביצה,כן,ביצה,ג:,פירוש,לא,
1032,קובץ מפרשים לפי הדף ביצה,כן,ביצה,ג:,פירוש,לא,
1034,קובץ מפרשים לפי הדף ביצה,כן,ביצה,ג:,פירוש,לא,
1035,קובץ מפרשים לפי הדף ביצה,כן,ביצה,ג:,פירוש,לא,
1036,קובץ מפרשים לפי הדף ביצה,כן,ביצה,ג:,פירוש,לא,
1037,קובץ מפרשים לפי הדף ביצה,כן,ביצה,ג:,פירוש,לא,
1038,קובץ מפרשים לפי הדף ביצה,כן,ביצה,ג:,פירוש,לא,
1039,קובץ מפרשים לפי הדף ביצה,כן,ביצה,ג:,פירוש,לא,
1041,קובץ מפרשים לפי הדף ביצה,כן,ביצה,ג:,פירוש,לא,
1042,קובץ מפרשים לפי הדף ביצה,כן,ביצה,ג:,פירוש,לא,
1043,קובץ מפרשים לפי הדף ביצה,כן,ביצה,ג:,פירוש,לא,
1044,קובץ מפרשים לפי הדף ביצה,כן,ביצה,ג:,פירוש,לא,
1045,קובץ מפרשים לפי הדף ביצה,כן,ביצה,ג:,פירוש,לא,
1046,קובץ מפרשים לפי הדף ביצה,כן,ביצה,ג:,פירוש,לא,
1047,קובץ מפרשים לפי הדף ביצה,כן,ביצה,ג:,פירוש,לא,
1048,קובץ מפרשים לפי הדף ביצה,כן,ביצה,ג:,פירוש,לא,
1049,קובץ מפרשים לפי הדף ביצה,כן,ביצה,ג:,פירוש,לא,
1051,קובץ מפרשים לפי הדף ביצה,כן,ביצה,ג:,פירוש,לא,
1052,קובץ מפרשים לפי הדף ביצה,כן,ביצה,ג:,פירוש,לא,
1053,קובץ מפרשים לפי הדף ביצה,כן,ביצה,ג:,פירוש,לא,
1054,קובץ מפרשים לפי הדף ביצה,כן,ביצה,ג:,פירוש,לא,
1055,קובץ מפרשים לפי הדף ביצה,כן,ביצה,ג:,פירוש,לא,
1056,קובץ מפרשים לפי הדף ביצה,כן,ביצה,ג:,פירוש,לא,
1057,קובץ מפרשים לפי הדף ביצה,כן,ביצה,ג:,פירוש,לא,
1058,קובץ מפרשים לפי הדף ביצה,כן,ביצה,ג:,פירוש,לא,
1059,קובץ מפרשים לפי הדף ביצה,כן,ביצה,ג:,פירוש,לא,
1060,קובץ מפרשים לפי הדף ביצה,כן,ביצה,ג:,פירוש,לא,
1061,קובץ מפרשים לפי הדף ביצה,כן,ביצה,ג:,פירוש,לא,
1063,קובץ מפרשים לפי הדף ביצה,כן,ביצה,ג:,פירוש,לא,
1064,קובץ מפרשים לפי הדף ביצה,כן,ביצה,ג:,פירוש,לא,
1066,קובץ מפרשים לפי הדף ביצה,כן,ביצה,ג:,פירוש,לא,
1068,קובץ מפרשים לפי הדף ביצה,כן,ביצה,ג:,פירוש,לא,
1069,קובץ מפרשים לפי הדף ביצה,כן,ביצה,ג:,פירוש,לא,
1071,קובץ מפרשים לפי הדף ביצה,כן,ביצה,ג:,פירוש,לא,
1072,קובץ מפרשים לפי הדף ביצה,כן,ביצה,ג:,פירוש,לא,
1074,קובץ מפרשים לפי הדף ביצה,כן,ביצה,ג:,פירוש,לא,
1075,קובץ מפרשים לפי הדף ביצה,כן,ביצה,ג:,פירוש,לא,
1077,קובץ מפרשים לפי הדף ביצה,כן,ביצה,ג:,פירוש,לא,
1078,קובץ מפרשים לפי הדף ביצה,כן,ביצה,ג:,פירוש,לא,
1079,קובץ מפרשים לפי הדף ביצה,כן,ביצה,ג:,פירוש,לא,
1080,קובץ מפרשים לפי הדף ביצה,כן,ביצה,ג:,פירוש,לא,
1083,קובץ מפרשים לפי הדף ביצה,כן,ביצה,ד.,פירוש,לא,
1084,קובץ מפרשים לפי הדף ביצה,כן,ביצה,ד.,פירוש,לא,
1085,קובץ מפרשים לפי הדף ביצה,כן,ביצה,ד.,פירוש,לא,
1086,קובץ מפרשים לפי הדף ביצה,כן,ביצה,ד.,פירוש,לא,
1087,קובץ מפרשים לפי הדף ביצה,כן,ביצה,ד.,פירוש,לא,
1088,קובץ מפרשים לפי הדף ביצה,כן,ביצה,ד.,פירוש,לא,
1089,קובץ מפרשים לפי הדף ביצה,כן,ביצה,ד.,פירוש,לא,
1090,קובץ מפרשים לפי הדף ביצה,כן,ביצה,ד.,פירוש,לא,
1092,קובץ מפרשים לפי הדף ביצה,כן,ביצה,ד.,פירוש,לא,
1093,קובץ מפרשים לפי הדף ביצה,כן,ביצה,ד.,פירוש,לא,
1094,קובץ מפרשים לפי הדף ביצה,כן,ביצה,ד.,פירוש,לא,
1095,קובץ מפרשים לפי הדף ביצה,כן,ביצה,ד.,פירוש,לא,
1096,קובץ מפרשים לפי הדף ביצה,כן,ביצה,ד.,פירוש,לא,
1097,קובץ מפרשים לפי הדף ביצה,כן,ביצה,ד.,פירוש,לא,
1098,קובץ מפרשים לפי הדף ביצה,כן,ביצה,ד.,פירוש,לא,
1099,קובץ מפרשים לפי הדף ביצה,כן,ביצה,ד.,פירוש,לא,
1100,קובץ מפרשים לפי הדף ביצה,כן,ביצה,ד.,פירוש,לא,
1101,קובץ מפרשים לפי הדף ביצה,כן,ביצה,ד.,פירוש,לא,
1102,קובץ מפרשים לפי הדף ביצה,כן,ביצה,ד.,פירוש,לא,
1103,קובץ מפרשים לפי הדף ביצה,כן,ביצה,ד.,פירוש,לא,
1104,קובץ מפרשים לפי הדף ביצה,כן,ביצה,ד.,פירוש,לא,
1106,קובץ מפרשים לפי הדף ביצה,כן,ביצה,ד.,פירוש,לא,
1107,קובץ מפרשים לפי הדף ביצה,כן,ביצה,ד.,פירוש,לא,
1109,קובץ מפרשים לפי הדף ביצה,כן,ביצה,ד.,פירוש,לא,
1110,קובץ מפרשים לפי הדף ביצה,כן,ביצה,ד.,פירוש,לא,
1111,קובץ מפרשים לפי הדף ביצה,כן,ביצה,ד.,פירוש,לא,
1112,קובץ מפרשים לפי הדף ביצה,כן,ביצה,ד.,פירוש,לא,
1113,קובץ מפרשים לפי הדף ביצה,כן,ביצה,ד.,פירוש,לא,
1114,קובץ מפרשים לפי הדף ביצה,כן,ביצה,ד.,פירוש,לא,
1115,קובץ מפרשים לפי הדף ביצה,כן,ביצה,ד.,פירוש,לא,
1116,קובץ מפרשים לפי הדף ביצה,כן,ביצה,ד.,פירוש,לא,
1117,קובץ מפרשים לפי הדף ביצה,כן,ביצה,ד.,פירוש,לא,
1118,קובץ מפרשים לפי הדף ביצה,כן,ביצה,ד.,פירוש,לא,
1119,קובץ מפרשים לפי הדף ביצה,כן,ביצה,ד.,פירוש,לא,
1121,קובץ מפרשים לפי הדף ביצה,כן,ביצה,ד.,פירוש,לא,
1122,קובץ מפרשים לפי הדף ביצה,כן,ביצה,ד.,פירוש,לא,
1124,קובץ מפרשים לפי הדף ביצה,כן,ביצה,ד.,פירוש,לא,
1125,קובץ מפרשים לפי הדף ביצה,כן,ביצה,ד.,פירוש,לא,
1126,קובץ מפרשים לפי הדף ביצה,כן,ביצה,ד.,פירוש,לא,
1127,קובץ מפרשים לפי הדף ביצה,כן,ביצה,ד.,פירוש,לא,
1128,קובץ מפרשים לפי הדף ביצה,כן,ביצה,ד.,פירוש,לא,
1129,קובץ מפרשים לפי הדף ביצה,כן,ביצה,ד.,פירוש,לא,
1130,קובץ מפרשים לפי הדף ביצה,כן,ביצה,ד.,פירוש,לא,
1132,קובץ מפרשים לפי הדף ביצה,כן,ביצה,ד.,פירוש,לא,
1133,קובץ מפרשים לפי הדף ביצה,כן,ביצה,ד.,פירוש,לא,
1134,קובץ מפרשים לפי הדף ביצה,כן,ביצה,ד.,פירוש,לא,
1136,קובץ מפרשים לפי הדף ביצה,כן,ביצה,ד.,פירוש,לא,
1137,קובץ מפרשים לפי הדף ביצה,כן,ביצה,ד.,פירוש,לא,
1139,קובץ מפרשים לפי הדף ביצה,כן,ביצה,ד.,פירוש,לא,
1140,קובץ מפרשים לפי הדף ביצה,כן,ביצה,ד.,פירוש,לא,
1141,קובץ מפרשים לפי הדף ביצה,כן,ביצה,ד.,פירוש,לא,
1142,קובץ מפרשים לפי הדף ביצה,כן,ביצה,ד.,פירוש,לא,
1143,קובץ מפרשים לפי הדף ביצה,כן,ביצה,ד.,פירוש,לא,
1145,קובץ מפרשים לפי הדף ביצה,כן,ביצה,ד.,פירוש,לא,
1146,קובץ מפרשים לפי הדף ביצה,כן,ביצה,ד.,פירוש,לא,
1147,קובץ מפרשים לפי הדף ביצה,כן,ביצה,ד.,פירוש,לא,
1148,קובץ מפרשים לפי הדף ביצה,כן,ביצה,ד.,פירוש,לא,
1150,קובץ מפרשים לפי הדף ביצה,כן,ביצה,ד.,פירוש,לא,
1151,קובץ מפרשים לפי הדף ביצה,כן,ביצה,ד.,פירוש,לא,
1152,קובץ מפרשים לפי הדף ביצה,כן,ביצה,ד.,פירוש,לא,
1153,קובץ מפרשים לפי הדף ביצה,כן,ביצה,ד.,פירוש,לא,
1155,קובץ מפרשים לפי הדף ביצה,כן,ביצה,ד.,פירוש,לא,
1156,קובץ מפרשים לפי הדף ביצה,כן,ביצה,ד.,פירוש,לא,
1157,קובץ מפרשים לפי הדף ביצה,כן,ביצה,ד.,פירוש,לא,
1158,קובץ מפרשים לפי הדף ביצה,כן,ביצה,ד.,פירוש,לא,
1159,קובץ מפרשים לפי הדף ביצה,כן,ביצה,ד.,פירוש,לא,
1160,קובץ מפרשים לפי הדף ביצה,כן,ביצה,ד.,פירוש,לא,
1161,קובץ מפרשים לפי הדף ביצה,כן,ביצה,ד.,פירוש,לא,
1162,קובץ מפרשים לפי הדף ביצה,כן,ביצה,ד.,פירוש,לא,
1163,קובץ מפרשים לפי הדף ביצה,כן,ביצה,ד.,פירוש,לא,
1164,קובץ מפרשים לפי הדף ביצה,כן,ביצה,ד.,פירוש,לא,
1165,קובץ מפרשים לפי הדף ביצה,כן,ביצה,ד.,פירוש,לא,
1166,קובץ מפרשים לפי הדף ביצה,כן,ביצה,ד.,פירוש,לא,
1167,קובץ מפרשים לפי הדף ביצה,כן,ביצה,ד.,פירוש,לא,
1168,קובץ מפרשים לפי הדף ביצה,כן,ביצה,ד.,פירוש,לא,
1169,קובץ מפרשים לפי הדף ביצה,כן,ביצה,ד.,פירוש,לא,
1170,קובץ מפרשים לפי הדף ביצה,כן,ביצה,ד.,פירוש,לא,
1171,קובץ מפרשים לפי הדף ביצה,כן,ביצה,ד.,פירוש,לא,
1172,קובץ מפרשים לפי הדף ביצה,כן,ביצה,ד.,פירוש,לא,
1173,קובץ מפרשים לפי הדף ביצה,כן,ביצה,ד.,פירוש,לא,
1174,קובץ מפרשים לפי הדף ביצה,כן,ביצה,ד.,פירוש,לא,
1175,קובץ מפרשים לפי הדף ביצה,כן,ביצה,ד.,פירוש,לא,
1176,קובץ מפרשים לפי הדף ביצה,כן,ביצה,ד.,פירוש,לא,
1177,קובץ מפרשים לפי הדף ביצה,כן,ביצה,ד.,פירוש,לא,
1178,קובץ מפרשים לפי הדף ביצה,כן,ביצה,ד.,פירוש,לא,
1179,קובץ מפרשים לפי הדף ביצה,כן,ביצה,ד.,פירוש,לא,
1180,קובץ מפרשים לפי הדף ביצה,כן,ביצה,ד.,פירוש,לא,
1181,קובץ מפרשים לפי הדף ביצה,כן,ביצה,ד.,פירוש,לא,
1182,קובץ מפרשים לפי הדף ביצה,כן,ביצה,ד.,פירוש,לא,
1183,קובץ מפרשים לפי הדף ביצה,כן,ביצה,ד.,פירוש,לא,
1184,קובץ מפרשים לפי הדף ביצה,כן,ביצה,ד.,פירוש,לא,
1185,קובץ מפרשים לפי הדף ביצה,כן,ביצה,ד.,פירוש,לא,
1186,קובץ מפרשים לפי הדף ביצה,כן,ביצה,ד.,פירוש,לא,
1187,קובץ מפרשים לפי הדף ביצה,כן,ביצה,ד.,פירוש,לא,
1188,קובץ מפרשים לפי הדף ביצה,כן,ביצה,ד.,פירוש,לא,
1189,קובץ מפרשים לפי הדף ביצה,כן,ביצה,ד.,פירוש,לא,
1190,קובץ מפרשים לפי הדף ביצה,כן,ביצה,ד.,פירוש,לא,
1191,קובץ מפרשים לפי הדף ביצה,כן,ביצה,ד.,פירוש,לא,
1192,קובץ מפרשים לפי הדף ביצה,כן,ביצה,ד.,פירוש,לא,
1193,קובץ מפרשים לפי הדף ביצה,כן,ביצה,ד.,פירוש,לא,
1194,קובץ מפרשים לפי הדף ביצה,כן,ביצה,ד.,פירוש,לא,
1195,קובץ מפרשים לפי הדף ביצה,כן,ביצה,ד.,פירוש,לא,
1196,קובץ מפרשים לפי הדף ביצה,כן,ביצה,ד.,פירוש,לא,
1197,קובץ מפרשים לפי הדף ביצה,כן,ביצה,ד.,פירוש,לא,
1198,קובץ מפרשים לפי הדף ביצה,כן,ביצה,ד.,פירוש,לא,
1199,קובץ מפרשים לפי הדף ביצה,כן,ביצה,ד.,פירוש,לא,
1200,קובץ מפרשים לפי הדף ביצה,כן,ביצה,ד.,פירוש,לא,
1201,קובץ מפרשים לפי הדף ביצה,כן,ביצה,ד.,פירוש,לא,
1202,קובץ מפרשים לפי הדף ביצה,כן,ביצה,ד.,פירוש,לא,
1203,קובץ מפרשים לפי הדף ביצה,כן,ביצה,ד.,פירוש,לא,
1204,קובץ מפרשים לפי הדף ביצה,כן,ביצה,ד.,פירוש,לא,
1205,קובץ מפרשים לפי הדף ביצה,כן,ביצה,ד.,פירוש,לא,
1206,קובץ מפרשים לפי הדף ביצה,כן,ביצה,ד.,פירוש,לא,
1207,קובץ מפרשים לפי הדף ביצה,כן,ביצה,ד.,פירוש,לא,
1208,קובץ מפרשים לפי הדף ביצה,כן,ביצה,ד.,פירוש,לא,
1209,קובץ מפרשים לפי הדף ביצה,כן,ביצה,ד.,פירוש,לא,
1210,קובץ מפרשים לפי הדף ביצה,כן,ביצה,ד.,פירוש,לא,
1211,קובץ מפרשים לפי הדף ביצה,כן,ביצה,ד.,פירוש,לא,
1213,קובץ מפרשים לפי הדף ביצה,כן,ביצה,ד.,פירוש,לא,
1214,קובץ מפרשים לפי הדף ביצה,כן,ביצה,ד.,פירוש,לא,
1215,קובץ מפרשים לפי הדף ביצה,כן,ביצה,ד.,פירוש,לא,
1216,קובץ מפרשים לפי הדף ביצה,כן,ביצה,ד.,פירוש,לא,
1217,קובץ מפרשים לפי הדף ביצה,כן,ביצה,ד.,פירוש,לא,
1218,קובץ מפרשים לפי הדף ביצה,כן,ביצה,ד.,פירוש,לא,
1219,קובץ מפרשים לפי הדף ביצה,כן,ביצה,ד.,פירוש,לא,
1220,קובץ מפרשים לפי הדף ביצה,כן,ביצה,ד.,פירוש,לא,
1221,קובץ מפרשים לפי הדף ביצה,כן,ביצה,ד.,פירוש,לא,
1222,קובץ מפרשים לפי הדף ביצה,כן,ביצה,ד.,פירוש,לא,
1223,קובץ מפרשים לפי הדף ביצה,כן,ביצה,ד.,פירוש,לא,
1224,קובץ מפרשים לפי הדף ביצה,כן,ביצה,ד.,פירוש,לא,
1225,קובץ מפרשים לפי הדף ביצה,כן,ביצה,ד.,פירוש,לא,
1226,קובץ מפרשים לפי הדף ביצה,כן,ביצה,ד.,פירוש,לא,
1227,קובץ מפרשים לפי הדף ביצה,כן,ביצה,ד.,פירוש,לא,
1228,קובץ מפרשים לפי הדף ביצה,כן,ביצה,ד.,פירוש,לא,
1229,קובץ מפרשים לפי הדף ביצה,כן,ביצה,ד.,פירוש,לא,
1231,קובץ מפרשים לפי הדף ביצה,כן,ביצה,ד.,פירוש,לא,
1232,קובץ מפרשים לפי הדף ביצה,כן,ביצה,ד.,פירוש,לא,
1233,קובץ מפרשים לפי הדף ביצה,כן,ביצה,ד.,פירוש,לא,
1234,קובץ מפרשים לפי הדף ביצה,כן,ביצה,ד.,פירוש,לא,
1235,קובץ מפרשים לפי הדף ביצה,כן,ביצה,ד.,פירוש,לא,
1236,קובץ מפרשים לפי הדף ביצה,כן,ביצה,ד.,פירוש,לא,
1238,קובץ מפרשים לפי הדף ביצה,כן,ביצה,ד.,פירוש,לא,
1239,קובץ מפרשים לפי הדף ביצה,כן,ביצה,ד.,פירוש,לא,
1240,קובץ מפרשים לפי הדף ביצה,כן,ביצה,ד.,פירוש,לא,
1241,קובץ מפרשים לפי הדף ביצה,כן,ביצה,ד.,פירוש,לא,
1242,קובץ מפרשים לפי הדף ביצה,כן,ביצה,ד.,פירוש,לא,
1243,קובץ מפרשים לפי הדף ביצה,כן,ביצה,ד.,פירוש,לא,
1244,קובץ מפרשים לפי הדף ביצה,כן,ביצה,ד.,פירוש,לא,
1245,קובץ מפרשים לפי הדף ביצה,כן,ביצה,ד.,פירוש,לא,
1247,קובץ מפרשים לפי הדף ביצה,כן,ביצה,ד.,פירוש,לא,
1248,קובץ מפרשים לפי הדף ביצה,כן,ביצה,ד.,פירוש,לא,
1249,קובץ מפרשים לפי הדף ביצה,כן,ביצה,ד.,פירוש,לא,
1250,קובץ מפרשים לפי הדף ביצה,כן,ביצה,ד.,פירוש,לא,
1251,קובץ מפרשים לפי הדף ביצה,כן,ביצה,ד.,פירוש,לא,
1253,קובץ מפרשים לפי הדף ביצה,כן,ביצה,ד.,פירוש,לא,
1255,קובץ מפרשים לפי הדף ביצה,כן,ביצה,ד.,פירוש,לא,
1256,קובץ מפרשים לפי הדף ביצה,כן,ביצה,ד.,פירוש,לא,
1257,קובץ מפרשים לפי הדף ביצה,כן,ביצה,ד.,פירוש,לא,
1258,קובץ מפרשים לפי הדף ביצה,כן,ביצה,ד.,פירוש,לא,
1259,קובץ מפרשים לפי הדף ביצה,כן,ביצה,ד.,פירוש,לא,
1260,קובץ מפרשים לפי הדף ביצה,כן,ביצה,ד.,פירוש,לא,
1262,קובץ מפרשים לפי הדף ביצה,כן,ביצה,ד.,פירוש,לא,
1263,קובץ מפרשים לפי הדף ביצה,כן,ביצה,ד.,פירוש,לא,
1265,קובץ מפרשים לפי הדף ביצה,כן,ביצה,ד.,פירוש,לא,
1266,קובץ מפרשים לפי הדף ביצה,כן,ביצה,ד.,פירוש,לא,
1267,קובץ מפרשים לפי הדף ביצה,כן,ביצה,ד.,פירוש,לא,
1269,קובץ מפרשים לפי הדף ביצה,כן,ביצה,ד.,פירוש,לא,
1270,קובץ מפרשים לפי הדף ביצה,כן,ביצה,ד.,פירוש,לא,
1271,קובץ מפרשים לפי הדף ביצה,כן,ביצה,ד.,פירוש,לא,
1272,קובץ מפרשים לפי הדף ביצה,כן,ביצה,ד.,פירוש,לא,
1273,קובץ מפרשים לפי הדף ביצה,כן,ביצה,ד.,פירוש,לא,
1274,קובץ מפרשים לפי הדף ביצה,כן,ביצה,ד.,פירוש,לא,
1275,קובץ מפרשים לפי הדף ביצה,כן,ביצה,ד.,פירוש,לא,
1276,קובץ מפרשים לפי הדף ביצה,כן,ביצה,ד.,פירוש,לא,
1277,קובץ מפרשים לפי הדף ביצה,כן,ביצה,ד.,פירוש,לא,
1278,קובץ מפרשים לפי הדף ביצה,כן,ביצה,ד.,פירוש,לא,
1279,קובץ מפרשים לפי הדף ביצה,כן,ביצה,ד.,פירוש,לא,
1280,קובץ מפרשים לפי הדף ביצה,כן,ביצה,ד.,פירוש,לא,
1281,קובץ מפרשים לפי הדף ביצה,כן,ביצה,ד.,פירוש,לא,
1282,קובץ מפרשים לפי הדף ביצה,כן,ביצה,ד.,פירוש,לא,
1283,קובץ מפרשים לפי הדף ביצה,כן,ביצה,ד.,פירוש,לא,
1284,קובץ מפרשים לפי הדף ביצה,כן,ביצה,ד.,פירוש,לא,
1285,קובץ מפרשים לפי הדף ביצה,כן,ביצה,ד.,פירוש,לא,
1286,קובץ מפרשים לפי הדף ביצה,כן,ביצה,ד.,פירוש,לא,
1287,קובץ מפרשים לפי הדף ביצה,כן,ביצה,ד.,פירוש,לא,
1288,קובץ מפרשים לפי הדף ביצה,כן,ביצה,ד.,פירוש,לא,
1290,קובץ מפרשים לפי הדף ביצה,כן,ביצה,ד.,פירוש,לא,
1293,קובץ מפרשים לפי הדף ביצה,כן,ביצה,ד:,פירוש,לא,
1294,קובץ מפרשים לפי הדף ביצה,כן,ביצה,ד:,פירוש,לא,
1295,קובץ מפרשים לפי הדף ביצה,כן,ביצה,ד:,פירוש,לא,
1296,קובץ מפרשים לפי הדף ביצה,כן,ביצה,ד:,פירוש,לא,
1297,קובץ מפרשים לפי הדף ביצה,כן,ביצה,ד:,פירוש,לא,
1299,קובץ מפרשים לפי הדף ביצה,כן,ביצה,ד:,פירוש,לא,
1300,קובץ מפרשים לפי הדף ביצה,כן,ביצה,ד:,פירוש,לא,
1301,קובץ מפרשים לפי הדף ביצה,כן,ביצה,ד:,פירוש,לא,
1302,קובץ מפרשים לפי הדף ביצה,כן,ביצה,ד:,פירוש,לא,
1303,קובץ מפרשים לפי הדף ביצה,כן,ביצה,ד:,פירוש,לא,
1304,קובץ מפרשים לפי הדף ביצה,כן,ביצה,ד:,פירוש,לא,
1305,קובץ מפרשים לפי הדף ביצה,כן,ביצה,ד:,פירוש,לא,
1306,קובץ מפרשים לפי הדף ביצה,כן,ביצה,ד:,פירוש,לא,
1307,קובץ מפרשים לפי הדף ביצה,כן,ביצה,ד:,פירוש,לא,
1308,קובץ מפרשים לפי הדף ביצה,כן,ביצה,ד:,פירוש,לא,
1309,קובץ מפרשים לפי הדף ביצה,כן,ביצה,ד:,פירוש,לא,
1310,קובץ מפרשים לפי הדף ביצה,כן,ביצה,ד:,פירוש,לא,
1311,קובץ מפרשים לפי הדף ביצה,כן,ביצה,ד:,פירוש,לא,
1312,קובץ מפרשים לפי הדף ביצה,כן,ביצה,ד:,פירוש,לא,
1313,קובץ מפרשים לפי הדף ביצה,כן,ביצה,ד:,פירוש,לא,
1315,קובץ מפרשים לפי הדף ביצה,כן,ביצה,ד:,פירוש,לא,
1317,קובץ מפרשים לפי הדף ביצה,כן,ביצה,ד:,פירוש,לא,
1318,קובץ מפרשים לפי הדף ביצה,כן,ביצה,ד:,פירוש,לא,
1319,קובץ מפרשים לפי הדף ביצה,כן,ביצה,ד:,פירוש,לא,
1320,קובץ מפרשים לפי הדף ביצה,כן,ביצה,ד:,פירוש,לא,
1321,קובץ מפרשים לפי הדף ביצה,כן,ביצה,ד:,פירוש,לא,
1322,קובץ מפרשים לפי הדף ביצה,כן,ביצה,ד:,פירוש,לא,
1324,קובץ מפרשים לפי הדף ביצה,כן,ביצה,ד:,פירוש,לא,
1325,קובץ מפרשים לפי הדף ביצה,כן,ביצה,ד:,פירוש,לא,
1327,קובץ מפרשים לפי הדף ביצה,כן,ביצה,ד:,פירוש,לא,
1328,קובץ מפרשים לפי הדף ביצה,כן,ביצה,ד:,פירוש,לא,
1329,קובץ מפרשים לפי הדף ביצה,כן,ביצה,ד:,פירוש,לא,
1330,קובץ מפרשים לפי הדף ביצה,כן,ביצה,ד:,פירוש,לא,
1332,קובץ מפרשים לפי הדף ביצה,כן,ביצה,ד:,פירוש,לא,
1333,קובץ מפרשים לפי הדף ביצה,כן,ביצה,ד:,פירוש,לא,
1334,קובץ מפרשים לפי הדף ביצה,כן,ביצה,ד:,פירוש,לא,
1335,קובץ מפרשים לפי הדף ביצה,כן,ביצה,ד:,פירוש,לא,
1336,קובץ מפרשים לפי הדף ביצה,כן,ביצה,ד:,פירוש,לא,
1337,קובץ מפרשים לפי הדף ביצה,כן,ביצה,ד:,פירוש,לא,
1339,קובץ מפרשים לפי הדף ביצה,כן,ביצה,ד:,פירוש,לא,
1340,קובץ מפרשים לפי הדף ביצה,כן,ביצה,ד:,פירוש,לא,
1341,קובץ מפרשים לפי הדף ביצה,כן,ביצה,ד:,פירוש,לא,
1343,קובץ מפרשים לפי הדף ביצה,כן,ביצה,ד:,פירוש,לא,
1345,קובץ מפרשים לפי הדף ביצה,כן,ביצה,ד:,פירוש,לא,
1346,קובץ מפרשים לפי הדף ביצה,כן,ביצה,ד:,פירוש,לא,
1347,קובץ מפרשים לפי הדף ביצה,כן,ביצה,ד:,פירוש,לא,
1348,קובץ מפרשים לפי הדף ביצה,כן,ביצה,ד:,פירוש,לא,
1349,קובץ מפרשים לפי הדף ביצה,כן,ביצה,ד:,פירוש,לא,
1351,קובץ מפרשים לפי הדף ביצה,כן,ביצה,ד:,פירוש,לא,
1352,קובץ מפרשים לפי הדף ביצה,כן,ביצה,ד:,פירוש,לא,
1353,קובץ מפרשים לפי הדף ביצה,כן,ביצה,ד:,פירוש,לא,
1354,קובץ מפרשים לפי הדף ביצה,כן,ביצה,ד:,פירוש,לא,
1355,קובץ מפרשים לפי הדף ביצה,כן,ביצה,ד:,פירוש,לא,
1357,קובץ מפרשים לפי הדף ביצה,כן,ביצה,ד:,פירוש,לא,
1358,קובץ מפרשים לפי הדף ביצה,כן,ביצה,ד:,פירוש,לא,
1359,קובץ מפרשים לפי הדף ביצה,כן,ביצה,ד:,פירוש,לא,
1361,קובץ מפרשים לפי הדף ביצה,כן,ביצה,ד:,פירוש,לא,
1362,קובץ מפרשים לפי הדף ביצה,כן,ביצה,ד:,פירוש,לא,
1363,קובץ מפרשים לפי הדף ביצה,כן,ביצה,ד:,פירוש,לא,
1364,קובץ מפרשים לפי הדף ביצה,כן,ביצה,ד:,פירוש,לא,
1365,קובץ מפרשים לפי הדף ביצה,כן,ביצה,ד:,פירוש,לא,
1366,קובץ מפרשים לפי הדף ביצה,כן,ביצה,ד:,פירוש,לא,
1367,קובץ מפרשים לפי הדף ביצה,כן,ביצה,ד:,פירוש,לא,
1368,קובץ מפרשים לפי הדף ביצה,כן,ביצה,ד:,פירוש,לא,
1369,קובץ מפרשים לפי הדף ביצה,כן,ביצה,ד:,פירוש,לא,
1370,קובץ מפרשים לפי הדף ביצה,כן,ביצה,ד:,פירוש,לא,
1371,קובץ מפרשים לפי הדף ביצה,כן,ביצה,ד:,פירוש,לא,
1372,קובץ מפרשים לפי הדף ביצה,כן,ביצה,ד:,פירוש,לא,
1373,קובץ מפרשים לפי הדף ביצה,כן,ביצה,ד:,פירוש,לא,
1374,קובץ מפרשים לפי הדף ביצה,כן,ביצה,ד:,פירוש,לא,
1375,קובץ מפרשים לפי הדף ביצה,כן,ביצה,ד:,פירוש,לא,
1377,קובץ מפרשים לפי הדף ביצה,כן,ביצה,ד:,פירוש,לא,
1378,קובץ מפרשים לפי הדף ביצה,כן,ביצה,ד:,פירוש,לא,
1379,קובץ מפרשים לפי הדף ביצה,כן,ביצה,ד:,פירוש,לא,
1380,קובץ מפרשים לפי הדף ביצה,כן,ביצה,ד:,פירוש,לא,
1381,קובץ מפרשים לפי הדף ביצה,כן,ביצה,ד:,פירוש,לא,
1382,קובץ מפרשים לפי הדף ביצה,כן,ביצה,ד:,פירוש,לא,
1383,קובץ מפרשים לפי הדף ביצה,כן,ביצה,ד:,פירוש,לא,
1384,קובץ מפרשים לפי הדף ביצה,כן,ביצה,ד:,פירוש,לא,
1385,קובץ מפרשים לפי הדף ביצה,כן,ביצה,ד:,פירוש,לא,
1386,קובץ מפרשים לפי הדף ביצה,כן,ביצה,ד:,פירוש,לא,
1387,קובץ מפרשים לפי הדף ביצה,כן,ביצה,ד:,פירוש,לא,
1388,קובץ מפרשים לפי הדף ביצה,כן,ביצה,ד:,פירוש,לא,
1389,קובץ מפרשים לפי הדף ביצה,כן,ביצה,ד:,פירוש,לא,
1390,קובץ מפרשים לפי הדף ביצה,כן,ביצה,ד:,פירוש,לא,
1392,קובץ מפרשים לפי הדף ביצה,כן,ביצה,ד:,פירוש,לא,
1393,קובץ מפרשים לפי הדף ביצה,כן,ביצה,ד:,פירוש,לא,
1394,קובץ מפרשים לפי הדף ביצה,כן,ביצה,ד:,פירוש,לא,
1396,קובץ מפרשים לפי הדף ביצה,כן,ביצה,ד:,פירוש,לא,
1397,קובץ מפרשים לפי הדף ביצה,כן,ביצה,ד:,פירוש,לא,
1398,קובץ מפרשים לפי הדף ביצה,כן,ביצה,ד:,פירוש,לא,
1399,קובץ מפרשים לפי הדף ביצה,כן,ביצה,ד:,פירוש,לא,
1400,קובץ מפרשים לפי הדף ביצה,כן,ביצה,ד:,פירוש,לא,
1401,קובץ מפרשים לפי הדף ביצה,כן,ביצה,ד:,פירוש,לא,
1402,קובץ מפרשים לפי הדף ביצה,כן,ביצה,ד:,פירוש,לא,
1404,קובץ מפרשים לפי הדף ביצה,כן,ביצה,ד:,פירוש,לא,
1405,קובץ מפרשים לפי הדף ביצה,כן,ביצה,ד:,פירוש,לא,
1406,קובץ מפרשים לפי הדף ביצה,כן,ביצה,ד:,פירוש,לא,
1407,קובץ מפרשים לפי הדף ביצה,כן,ביצה,ד:,פירוש,לא,
1408,קובץ מפרשים לפי הדף ביצה,כן,ביצה,ד:,פירוש,לא,
1409,קובץ מפרשים לפי הדף ביצה,כן,ביצה,ד:,פירוש,לא,
1410,קובץ מפרשים לפי הדף ביצה,כן,ביצה,ד:,פירוש,לא,
1411,קובץ מפרשים לפי הדף ביצה,כן,ביצה,ד:,פירוש,לא,
1412,קובץ מפרשים לפי הדף ביצה,כן,ביצה,ד:,פירוש,לא,
1413,קובץ מפרשים לפי הדף ביצה,כן,ביצה,ד:,פירוש,לא,
1414,קובץ מפרשים לפי הדף ביצה,כן,ביצה,ד:,פירוש,לא,
1415,קובץ מפרשים לפי הדף ביצה,כן,ביצה,ד:,פירוש,לא,
1416,קובץ מפרשים לפי הדף ביצה,כן,ביצה,ד:,פירוש,לא,
1417,קובץ מפרשים לפי הדף ביצה,כן,ביצה,ד:,פירוש,לא,
1418,קובץ מפרשים לפי הדף ביצה,כן,ביצה,ד:,פירוש,לא,
1419,קובץ מפרשים לפי הדף ביצה,כן,ביצה,ד:,פירוש,לא,
1420,קובץ מפרשים לפי הדף ביצה,כן,ביצה,ד:,פירוש,לא,
1421,קובץ מפרשים לפי הדף ביצה,כן,ביצה,ד:,פירוש,לא,
1422,קובץ מפרשים לפי הדף ביצה,כן,ביצה,ד:,פירוש,לא,
1423,קובץ מפרשים לפי הדף ביצה,כן,ביצה,ד:,פירוש,לא,
1424,קובץ מפרשים לפי הדף ביצה,כן,ביצה,ד:,פירוש,לא,
1425,קובץ מפרשים לפי הדף ביצה,כן,ביצה,ד:,פירוש,לא,
1426,קובץ מפרשים לפי הדף ביצה,כן,ביצה,ד:,פירוש,לא,
1427,קובץ מפרשים לפי הדף ביצה,כן,ביצה,ד:,פירוש,לא,
1428,קובץ מפרשים לפי הדף ביצה,כן,ביצה,ד:,פירוש,לא,
1429,קובץ מפרשים לפי הדף ביצה,כן,ביצה,ד:,פירוש,לא,
1430,קובץ מפרשים לפי הדף ביצה,כן,ביצה,ד:,פירוש,לא,
1431,קובץ מפרשים לפי הדף ביצה,כן,ביצה,ד:,פירוש,לא,
1432,קובץ מפרשים לפי הדף ביצה,כן,ביצה,ד:,פירוש,לא,
1433,קובץ מפרשים לפי הדף ביצה,כן,ביצה,ד:,פירוש,לא,
1434,קובץ מפרשים לפי הדף ביצה,כן,ביצה,ד:,פירוש,לא,
1435,קובץ מפרשים לפי הדף ביצה,כן,ביצה,ד:,פירוש,לא,
1436,קובץ מפרשים לפי הדף ביצה,כן,ביצה,ד:,פירוש,לא,
1438,קובץ מפרשים לפי הדף ביצה,כן,ביצה,ד:,פירוש,לא,
1439,קובץ מפרשים לפי הדף ביצה,כן,ביצה,ד:,פירוש,לא,
1441,קובץ מפרשים לפי הדף ביצה,כן,ביצה,ד:,פירוש,לא,
1443,קובץ מפרשים לפי הדף ביצה,כן,ביצה,ד:,פירוש,לא,
1444,קובץ מפרשים לפי הדף ביצה,כן,ביצה,ד:,פירוש,לא,
1445,קובץ מפרשים לפי הדף ביצה,כן,ביצה,ד:,פירוש,לא,
1446,קובץ מפרשים לפי הדף ביצה,כן,ביצה,ד:,פירוש,לא,
1448,קובץ מפרשים לפי הדף ביצה,כן,ביצה,ד:,פירוש,לא,
1450,קובץ מפרשים לפי הדף ביצה,כן,ביצה,ד:,פירוש,לא,
1451,קובץ מפרשים לפי הדף ביצה,כן,ביצה,ד:,פירוש,לא,
1452,קובץ מפרשים לפי הדף ביצה,כן,ביצה,ד:,פירוש,לא,
1455,קובץ מפרשים לפי הדף ביצה,כן,ביצה,ה.,פירוש,לא,
1456,קובץ מפרשים לפי הדף ביצה,כן,ביצה,ה.,פירוש,לא,
1457,קובץ מפרשים לפי הדף ביצה,כן,ביצה,ה.,פירוש,לא,
1458,קובץ מפרשים לפי הדף ביצה,כן,ביצה,ה.,פירוש,לא,
1459,קובץ מפרשים לפי הדף ביצה,כן,ביצה,ה.,פירוש,לא,
1461,קובץ מפרשים לפי הדף ביצה,כן,ביצה,ה.,פירוש,לא,
1462,קובץ מפרשים לפי הדף ביצה,כן,ביצה,ה.,פירוש,לא,
1463,קובץ מפרשים לפי הדף ביצה,כן,ביצה,ה.,פירוש,לא,
1464,קובץ מפרשים לפי הדף ביצה,כן,ביצה,ה.,פירוש,לא,
1465,קובץ מפרשים לפי הדף ביצה,כן,ביצה,ה.,פירוש,לא,
1466,קובץ מפרשים לפי הדף ביצה,כן,ביצה,ה.,פירוש,לא,
1467,קובץ מפרשים לפי הדף ביצה,כן,ביצה,ה.,פירוש,לא,
1468,קובץ מפרשים לפי הדף ביצה,כן,ביצה,ה.,פירוש,לא,
1470,קובץ מפרשים לפי הדף ביצה,כן,ביצה,ה.,פירוש,לא,
1472,קובץ מפרשים לפי הדף ביצה,כן,ביצה,ה.,פירוש,לא,
1473,קובץ מפרשים לפי הדף ביצה,כן,ביצה,ה.,פירוש,לא,
1474,קובץ מפרשים לפי הדף ביצה,כן,ביצה,ה.,פירוש,לא,
1475,קובץ מפרשים לפי הדף ביצה,כן,ביצה,ה.,פירוש,לא,
1476,קובץ מפרשים לפי הדף ביצה,כן,ביצה,ה.,פירוש,לא,
1477,קובץ מפרשים לפי הדף ביצה,כן,ביצה,ה.,פירוש,לא,
1478,קובץ מפרשים לפי הדף ביצה,כן,ביצה,ה.,פירוש,לא,
1480,קובץ מפרשים לפי הדף ביצה,כן,ביצה,ה.,פירוש,לא,
1481,קובץ מפרשים לפי הדף ביצה,כן,ביצה,ה.,פירוש,לא,
1483,קובץ מפרשים לפי הדף ביצה,כן,ביצה,ה.,פירוש,לא,
1485,קובץ מפרשים לפי הדף ביצה,כן,ביצה,ה.,פירוש,לא,
1486,קובץ מפרשים לפי הדף ביצה,כן,ביצה,ה.,פירוש,לא,
1487,קובץ מפרשים לפי הדף ביצה,כן,ביצה,ה.,פירוש,לא,
1488,קובץ מפרשים לפי הדף ביצה,כן,ביצה,ה.,פירוש,לא,
1490,קובץ מפרשים לפי הדף ביצה,כן,ביצה,ה.,פירוש,לא,
1491,קובץ מפרשים לפי הדף ביצה,כן,ביצה,ה.,פירוש,לא,
1492,קובץ מפרשים לפי הדף ביצה,כן,ביצה,ה.,פירוש,לא,
1493,קובץ מפרשים לפי הדף ביצה,כן,ביצה,ה.,פירוש,לא,
1494,קובץ מפרשים לפי הדף ביצה,כן,ביצה,ה.,פירוש,לא,
1495,קובץ מפרשים לפי הדף ביצה,כן,ביצה,ה.,פירוש,לא,
1496,קובץ מפרשים לפי הדף ביצה,כן,ביצה,ה.,פירוש,לא,
1498,קובץ מפרשים לפי הדף ביצה,כן,ביצה,ה.,פירוש,לא,
1500,קובץ מפרשים לפי הדף ביצה,כן,ביצה,ה.,פירוש,לא,
1501,קובץ מפרשים לפי הדף ביצה,כן,ביצה,ה.,פירוש,לא,
1502,קובץ מפרשים לפי הדף ביצה,כן,ביצה,ה.,פירוש,לא,
1503,קובץ מפרשים לפי הדף ביצה,כן,ביצה,ה.,פירוש,לא,
1504,קובץ מפרשים לפי הדף ביצה,כן,ביצה,ה.,פירוש,לא,
1506,קובץ מפרשים לפי הדף ביצה,כן,ביצה,ה.,פירוש,לא,
1507,קובץ מפרשים לפי הדף ביצה,כן,ביצה,ה.,פירוש,לא,
1508,קובץ מפרשים לפי הדף ביצה,כן,ביצה,ה.,פירוש,לא,
1509,קובץ מפרשים לפי הדף ביצה,כן,ביצה,ה.,פירוש,לא,
1510,קובץ מפרשים לפי הדף ביצה,כן,ביצה,ה.,פירוש,לא,
1511,קובץ מפרשים לפי הדף ביצה,כן,ביצה,ה.,פירוש,לא,
1512,קובץ מפרשים לפי הדף ביצה,כן,ביצה,ה.,פירוש,לא,
1513,קובץ מפרשים לפי הדף ביצה,כן,ביצה,ה.,פירוש,לא,
1515,קובץ מפרשים לפי הדף ביצה,כן,ביצה,ה.,פירוש,לא,
1516,קובץ מפרשים לפי הדף ביצה,כן,ביצה,ה.,פירוש,לא,
1518,קובץ מפרשים לפי הדף ביצה,כן,ביצה,ה.,פירוש,לא,
1519,קובץ מפרשים לפי הדף ביצה,כן,ביצה,ה.,פירוש,לא,
1520,קובץ מפרשים לפי הדף ביצה,כן,ביצה,ה.,פירוש,לא,
1521,קובץ מפרשים לפי הדף ביצה,כן,ביצה,ה.,פירוש,לא,
1522,קובץ מפרשים לפי הדף ביצה,כן,ביצה,ה.,פירוש,לא,
1523,קובץ מפרשים לפי הדף ביצה,כן,ביצה,ה.,פירוש,לא,
1524,קובץ מפרשים לפי הדף ביצה,כן,ביצה,ה.,פירוש,לא,
1525,קובץ מפרשים לפי הדף ביצה,כן,ביצה,ה.,פירוש,לא,
1526,קובץ מפרשים לפי הדף ביצה,כן,ביצה,ה.,פירוש,לא,
1527,קובץ מפרשים לפי הדף ביצה,כן,ביצה,ה.,פירוש,לא,
1528,קובץ מפרשים לפי הדף ביצה,כן,ביצה,ה.,פירוש,לא,
1530,קובץ מפרשים לפי הדף ביצה,כן,ביצה,ה.,פירוש,לא,
1531,קובץ מפרשים לפי הדף ביצה,כן,ביצה,ה.,פירוש,לא,
1532,קובץ מפרשים לפי הדף ביצה,כן,ביצה,ה.,פירוש,לא,
1533,קובץ מפרשים לפי הדף ביצה,כן,ביצה,ה.,פירוש,לא,
1534,קובץ מפרשים לפי הדף ביצה,כן,ביצה,ה.,פירוש,לא,
1535,קובץ מפרשים לפי הדף ביצה,כן,ביצה,ה.,פירוש,לא,
1536,קובץ מפרשים לפי הדף ביצה,כן,ביצה,ה.,פירוש,לא,
1537,קובץ מפרשים לפי הדף ביצה,כן,ביצה,ה.,פירוש,לא,
1538,קובץ מפרשים לפי הדף ביצה,כן,ביצה,ה.,פירוש,לא,
1540,קובץ מפרשים לפי הדף ביצה,כן,ביצה,ה.,פירוש,לא,
1541,קובץ מפרשים לפי הדף ביצה,כן,ביצה,ה.,פירוש,לא,
1542,קובץ מפרשים לפי הדף ביצה,כן,ביצה,ה.,פירוש,לא,
1543,קובץ מפרשים לפי הדף ביצה,כן,ביצה,ה.,פירוש,לא,
1544,קובץ מפרשים לפי הדף ביצה,כן,ביצה,ה.,פירוש,לא,
1545,קובץ מפרשים לפי הדף ביצה,כן,ביצה,ה.,פירוש,לא,
1546,קובץ מפרשים לפי הדף ביצה,כן,ביצה,ה.,פירוש,לא,
1547,קובץ מפרשים לפי הדף ביצה,כן,ביצה,ה.,פירוש,לא,
1548,קובץ מפרשים לפי הדף ביצה,כן,ביצה,ה.,פירוש,לא,
1549,קובץ מפרשים לפי הדף ביצה,כן,ביצה,ה.,פירוש,לא,
1550,קובץ מפרשים לפי הדף ביצה,כן,ביצה,ה.,פירוש,לא,
1551,קובץ מפרשים לפי הדף ביצה,כן,ביצה,ה.,פירוש,לא,
1552,קובץ מפרשים לפי הדף ביצה,כן,ביצה,ה.,פירוש,לא,
1553,קובץ מפרשים לפי הדף ביצה,כן,ביצה,ה.,פירוש,לא,
1554,קובץ מפרשים לפי הדף ביצה,כן,ביצה,ה.,פירוש,לא,
1555,קובץ מפרשים לפי הדף ביצה,כן,ביצה,ה.,פירוש,לא,
1556,קובץ מפרשים לפי הדף ביצה,כן,ביצה,ה.,פירוש,לא,
1557,קובץ מפרשים לפי הדף ביצה,כן,ביצה,ה.,פירוש,לא,
1558,קובץ מפרשים לפי הדף ביצה,כן,ביצה,ה.,פירוש,לא,
1559,קובץ מפרשים לפי הדף ביצה,כן,ביצה,ה.,פירוש,לא,
1560,קובץ מפרשים לפי הדף ביצה,כן,ביצה,ה.,פירוש,לא,
1561,קובץ מפרשים לפי הדף ביצה,כן,ביצה,ה.,פירוש,לא,
1562,קובץ מפרשים לפי הדף ביצה,כן,ביצה,ה.,פירוש,לא,
1564,קובץ מפרשים לפי הדף ביצה,כן,ביצה,ה.,פירוש,לא,
1566,קובץ מפרשים לפי הדף ביצה,כן,ביצה,ה.,פירוש,לא,
1567,קובץ מפרשים לפי הדף ביצה,כן,ביצה,ה.,פירוש,לא,
1569,קובץ מפרשים לפי הדף ביצה,כן,ביצה,ה.,פירוש,לא,
1571,קובץ מפרשים לפי הדף ביצה,כן,ביצה,ה.,פירוש,לא,
1573,קובץ מפרשים לפי הדף ביצה,כן,ביצה,ה.,פירוש,לא,
1574,קובץ מפרשים לפי הדף ביצה,כן,ביצה,ה.,פירוש,לא,
1575,קובץ מפרשים לפי הדף ביצה,כן,ביצה,ה.,פירוש,לא,
1576,קובץ מפרשים לפי הדף ביצה,כן,ביצה,ה.,פירוש,לא,
1577,קובץ מפרשים לפי הדף ביצה,כן,ביצה,ה.,פירוש,לא,
1578,קובץ מפרשים לפי הדף ביצה,כן,ביצה,ה.,פירוש,לא,
1579,קובץ מפרשים לפי הדף ביצה,כן,ביצה,ה.,פירוש,לא,
1581,קובץ מפרשים לפי הדף ביצה,כן,ביצה,ה.,פירוש,לא,
1584,קובץ מפרשים לפי הדף ביצה,כן,ביצה,ה:,פירוש,לא,
1585,קובץ מפרשים לפי הדף ביצה,כן,ביצה,ה:,פירוש,לא,
1586,קובץ מפרשים לפי הדף ביצה,כן,ביצה,ה:,פירוש,לא,
1587,קובץ מפרשים לפי הדף ביצה,כן,ביצה,ה:,פירוש,לא,
1589,קובץ מפרשים לפי הדף ביצה,כן,ביצה,ה:,פירוש,לא,
1590,קובץ מפרשים לפי הדף ביצה,כן,ביצה,ה:,פירוש,לא,
1591,קובץ מפרשים לפי הדף ביצה,כן,ביצה,ה:,פירוש,לא,
1592,קובץ מפרשים לפי הדף ביצה,כן,ביצה,ה:,פירוש,לא,
1593,קובץ מפרשים לפי הדף ביצה,כן,ביצה,ה:,פירוש,לא,
1594,קובץ מפרשים לפי הדף ביצה,כן,ביצה,ה:,פירוש,לא,
1595,קובץ מפרשים לפי הדף ביצה,כן,ביצה,ה:,פירוש,לא,
1596,קובץ מפרשים לפי הדף ביצה,כן,ביצה,ה:,פירוש,לא,
1597,קובץ מפרשים לפי הדף ביצה,כן,ביצה,ה:,פירוש,לא,
1599,קובץ מפרשים לפי הדף ביצה,כן,ביצה,ה:,פירוש,לא,
1601,קובץ מפרשים לפי הדף ביצה,כן,ביצה,ה:,פירוש,לא,
1602,קובץ מפרשים לפי הדף ביצה,כן,ביצה,ה:,פירוש,לא,
1603,קובץ מפרשים לפי הדף ביצה,כן,ביצה,ה:,פירוש,לא,
1604,קובץ מפרשים לפי הדף ביצה,כן,ביצה,ה:,פירוש,לא,
1605,קובץ מפרשים לפי הדף ביצה,כן,ביצה,ה:,פירוש,לא,
1607,קובץ מפרשים לפי הדף ביצה,כן,ביצה,ה:,פירוש,לא,
1608,קובץ מפרשים לפי הדף ביצה,כן,ביצה,ה:,פירוש,לא,
1610,קובץ מפרשים לפי הדף ביצה,כן,ביצה,ה:,פירוש,לא,
1611,קובץ מפרשים לפי הדף ביצה,כן,ביצה,ה:,פירוש,לא,
1612,קובץ מפרשים לפי הדף ביצה,כן,ביצה,ה:,פירוש,לא,
1613,קובץ מפרשים לפי הדף ביצה,כן,ביצה,ה:,פירוש,לא,
1614,קובץ מפרשים לפי הדף ביצה,כן,ביצה,ה:,פירוש,לא,
1616,קובץ מפרשים לפי הדף ביצה,כן,ביצה,ה:,פירוש,לא,
1617,קובץ מפרשים לפי הדף ביצה,כן,ביצה,ה:,פירוש,לא,
1618,קובץ מפרשים לפי הדף ביצה,כן,ביצה,ה:,פירוש,לא,
1619,קובץ מפרשים לפי הדף ביצה,כן,ביצה,ה:,פירוש,לא,
1621,קובץ מפרשים לפי הדף ביצה,כן,ביצה,ה:,פירוש,לא,
1622,קובץ מפרשים לפי הדף ביצה,כן,ביצה,ה:,פירוש,לא,
1623,קובץ מפרשים לפי הדף ביצה,כן,ביצה,ה:,פירוש,לא,
1625,קובץ מפרשים לפי הדף ביצה,כן,ביצה,ה:,פירוש,לא,
1627,קובץ מפרשים לפי הדף ביצה,כן,ביצה,ה:,פירוש,לא,
1628,קובץ מפרשים לפי הדף ביצה,כן,ביצה,ה:,פירוש,לא,
1629,קובץ מפרשים לפי הדף ביצה,כן,ביצה,ה:,פירוש,לא,
1630,קובץ מפרשים לפי הדף ביצה,כן,ביצה,ה:,פירוש,לא,
1631,קובץ מפרשים לפי הדף ביצה,כן,ביצה,ה:,פירוש,לא,
1632,קובץ מפרשים לפי הדף ביצה,כן,ביצה,ה:,פירוש,לא,
1633,קובץ מפרשים לפי הדף ביצה,כן,ביצה,ה:,פירוש,לא,
1634,קובץ מפרשים לפי הדף ביצה,כן,ביצה,ה:,פירוש,לא,
1636,קובץ מפרשים לפי הדף ביצה,כן,ביצה,ה:,פירוש,לא,
1637,קובץ מפרשים לפי הדף ביצה,כן,ביצה,ה:,פירוש,לא,
1638,קובץ מפרשים לפי הדף ביצה,כן,ביצה,ה:,פירוש,לא,
1639,קובץ מפרשים לפי הדף ביצה,כן,ביצה,ה:,פירוש,לא,
1640,קובץ מפרשים לפי הדף ביצה,כן,ביצה,ה:,פירוש,לא,
1641,קובץ מפרשים לפי הדף ביצה,כן,ביצה,ה:,פירוש,לא,
1642,קובץ מפרשים לפי הדף ביצה,כן,ביצה,ה:,פירוש,לא,
1644,קובץ מפרשים לפי הדף ביצה,כן,ביצה,ה:,פירוש,לא,
1645,קובץ מפרשים לפי הדף ביצה,כן,ביצה,ה:,פירוש,לא,
1646,קובץ מפרשים לפי הדף ביצה,כן,ביצה,ה:,פירוש,לא,
1647,קובץ מפרשים לפי הדף ביצה,כן,ביצה,ה:,פירוש,לא,
1648,קובץ מפרשים לפי הדף ביצה,כן,ביצה,ה:,פירוש,לא,
1649,קובץ מפרשים לפי הדף ביצה,כן,ביצה,ה:,פירוש,לא,
1650,קובץ מפרשים לפי הדף ביצה,כן,ביצה,ה:,פירוש,לא,
1651,קובץ מפרשים לפי הדף ביצה,כן,ביצה,ה:,פירוש,לא,
1652,קובץ מפרשים לפי הדף ביצה,כן,ביצה,ה:,פירוש,לא,
1653,קובץ מפרשים לפי הדף ביצה,כן,ביצה,ה:,פירוש,לא,
1654,קובץ מפרשים לפי הדף ביצה,כן,ביצה,ה:,פירוש,לא,
1655,קובץ מפרשים לפי הדף ביצה,כן,ביצה,ה:,פירוש,לא,
1656,קובץ מפרשים לפי הדף ביצה,כן,ביצה,ה:,פירוש,לא,
1657,קובץ מפרשים לפי הדף ביצה,כן,ביצה,ה:,פירוש,לא,
1658,קובץ מפרשים לפי הדף ביצה,כן,ביצה,ה:,פירוש,לא,
1659,קובץ מפרשים לפי הדף ביצה,כן,ביצה,ה:,פירוש,לא,
1660,קובץ מפרשים לפי הדף ביצה,כן,ביצה,ה:,פירוש,לא,
1661,קובץ מפרשים לפי הדף ביצה,כן,ביצה,ה:,פירוש,לא,
1662,קובץ מפרשים לפי הדף ביצה,כן,ביצה,ה:,פירוש,לא,
1663,קובץ מפרשים לפי הדף ביצה,כן,ביצה,ה:,פירוש,לא,
1664,קובץ מפרשים לפי הדף ביצה,כן,ביצה,ה:,פירוש,לא,
1665,קובץ מפרשים לפי הדף ביצה,כן,ביצה,ה:,פירוש,לא,
1666,קובץ מפרשים לפי הדף ביצה,כן,ביצה,ה:,פירוש,לא,
1667,קובץ מפרשים לפי הדף ביצה,כן,ביצה,ה:,פירוש,לא,
1668,קובץ מפרשים לפי הדף ביצה,כן,ביצה,ה:,פירוש,לא,
1669,קובץ מפרשים לפי הדף ביצה,כן,ביצה,ה:,פירוש,לא,
1670,קובץ מפרשים לפי הדף ביצה,כן,ביצה,ה:,פירוש,לא,
1672,קובץ מפרשים לפי הדף ביצה,כן,ביצה,ה:,פירוש,לא,
1673,קובץ מפרשים לפי הדף ביצה,כן,ביצה,ה:,פירוש,לא,
1674,קובץ מפרשים לפי הדף ביצה,כן,ביצה,ה:,פירוש,לא,
1675,קובץ מפרשים לפי הדף ביצה,כן,ביצה,ה:,פירוש,לא,
1677,קובץ מפרשים לפי הדף ביצה,כן,ביצה,ה:,פירוש,לא,
1678,קובץ מפרשים לפי הדף ביצה,כן,ביצה,ה:,פירוש,לא,
1679,קובץ מפרשים לפי הדף ביצה,כן,ביצה,ה:,פירוש,לא,
1681,קובץ מפרשים לפי הדף ביצה,כן,ביצה,ה:,פירוש,לא,
1683,קובץ מפרשים לפי הדף ביצה,כן,ביצה,ה:,פירוש,לא,
1685,קובץ מפרשים לפי הדף ביצה,כן,ביצה,ה:,פירוש,לא,
1686,קובץ מפרשים לפי הדף ביצה,כן,ביצה,ה:,פירוש,לא,
1687,קובץ מפרשים לפי הדף ביצה,כן,ביצה,ה:,פירוש,לא,
1688,קובץ מפרשים לפי הדף ביצה,כן,ביצה,ה:,פירוש,לא,
1690,קובץ מפרשים לפי הדף ביצה,כן,ביצה,ה:,פירוש,לא,
1693,קובץ מפרשים לפי הדף ביצה,כן,ביצה,ו.,פירוש,לא,
1694,קובץ מפרשים לפי הדף ביצה,כן,ביצה,ו.,פירוש,לא,
1695,קובץ מפרשים לפי הדף ביצה,כן,ביצה,ו.,פירוש,לא,
1696,קובץ מפרשים לפי הדף ביצה,כן,ביצה,ו.,פירוש,לא,
1697,קובץ מפרשים לפי הדף ביצה,כן,ביצה,ו.,פירוש,לא,
1698,קובץ מפרשים לפי הדף ביצה,כן,ביצה,ו.,פירוש,לא,
1699,קובץ מפרשים לפי הדף ביצה,כן,ביצה,ו.,פירוש,לא,
1700,קובץ מפרשים לפי הדף ביצה,כן,ביצה,ו.,פירוש,לא,
1701,קובץ מפרשים לפי הדף ביצה,כן,ביצה,ו.,פירוש,לא,
1702,קובץ מפרשים לפי הדף ביצה,כן,ביצה,ו.,פירוש,לא,
1704,קובץ מפרשים לפי הדף ביצה,כן,ביצה,ו.,פירוש,לא,
1705,קובץ מפרשים לפי הדף ביצה,כן,ביצה,ו.,פירוש,לא,
1706,קובץ מפרשים לפי הדף ביצה,כן,ביצה,ו.,פירוש,לא,
1707,קובץ מפרשים לפי הדף ביצה,כן,ביצה,ו.,פירוש,לא,
1708,קובץ מפרשים לפי הדף ביצה,כן,ביצה,ו.,פירוש,לא,
1709,קובץ מפרשים לפי הדף ביצה,כן,ביצה,ו.,פירוש,לא,
1710,קובץ מפרשים לפי הדף ביצה,כן,ביצה,ו.,פירוש,לא,
1711,קובץ מפרשים לפי הדף ביצה,כן,ביצה,ו.,פירוש,לא,
1712,קובץ מפרשים לפי הדף ביצה,כן,ביצה,ו.,פירוש,לא,
1713,קובץ מפרשים לפי הדף ביצה,כן,ביצה,ו.,פירוש,לא,
1714,קובץ מפרשים לפי הדף ביצה,כן,ביצה,ו.,פירוש,לא,
1715,קובץ מפרשים לפי הדף ביצה,כן,ביצה,ו.,פירוש,לא,
1716,קובץ מפרשים לפי הדף ביצה,כן,ביצה,ו.,פירוש,לא,
1717,קובץ מפרשים לפי הדף ביצה,כן,ביצה,ו.,פירוש,לא,
1718,קובץ מפרשים לפי הדף ביצה,כן,ביצה,ו.,פירוש,לא,
1719,קובץ מפרשים לפי הדף ביצה,כן,ביצה,ו.,פירוש,לא,
1720,קובץ מפרשים לפי הדף ביצה,כן,ביצה,ו.,פירוש,לא,
1722,קובץ מפרשים לפי הדף ביצה,כן,ביצה,ו.,פירוש,לא,
1724,קובץ מפרשים לפי הדף ביצה,כן,ביצה,ו.,פירוש,לא,
1725,קובץ מפרשים לפי הדף ביצה,כן,ביצה,ו.,פירוש,לא,
1726,קובץ מפרשים לפי הדף ביצה,כן,ביצה,ו.,פירוש,לא,
1727,קובץ מפרשים לפי הדף ביצה,כן,ביצה,ו.,פירוש,לא,
1728,קובץ מפרשים לפי הדף ביצה,כן,ביצה,ו.,פירוש,לא,
1729,קובץ מפרשים לפי הדף ביצה,כן,ביצה,ו.,פירוש,לא,
1730,קובץ מפרשים לפי הדף ביצה,כן,ביצה,ו.,פירוש,לא,
1731,קובץ מפרשים לפי הדף ביצה,כן,ביצה,ו.,פירוש,לא,
1732,קובץ מפרשים לפי הדף ביצה,כן,ביצה,ו.,פירוש,לא,
1733,קובץ מפרשים לפי הדף ביצה,כן,ביצה,ו.,פירוש,לא,
1734,קובץ מפרשים לפי הדף ביצה,כן,ביצה,ו.,פירוש,לא,
1735,קובץ מפרשים לפי הדף ביצה,כן,ביצה,ו.,פירוש,לא,
1736,קובץ מפרשים לפי הדף ביצה,כן,ביצה,ו.,פירוש,לא,
1737,קובץ מפרשים לפי הדף ביצה,כן,ביצה,ו.,פירוש,לא,
1738,קובץ מפרשים לפי הדף ביצה,כן,ביצה,ו.,פירוש,לא,
1739,קובץ מפרשים לפי הדף ביצה,כן,ביצה,ו.,פירוש,לא,
1740,קובץ מפרשים לפי הדף ביצה,כן,ביצה,ו.,פירוש,לא,
1741,קובץ מפרשים לפי הדף ביצה,כן,ביצה,ו.,פירוש,לא,
1742,קובץ מפרשים לפי הדף ביצה,כן,ביצה,ו.,פירוש,לא,
1743,קובץ מפרשים לפי הדף ביצה,כן,ביצה,ו.,פירוש,לא,
1744,קובץ מפרשים לפי הדף ביצה,כן,ביצה,ו.,פירוש,לא,
1745,קובץ מפרשים לפי הדף ביצה,כן,ביצה,ו.,פירוש,לא,
1746,קובץ מפרשים לפי הדף ביצה,כן,ביצה,ו.,פירוש,לא,
1747,קובץ מפרשים לפי הדף ביצה,כן,ביצה,ו.,פירוש,לא,
1748,קובץ מפרשים לפי הדף ביצה,כן,ביצה,ו.,פירוש,לא,
1750,קובץ מפרשים לפי הדף ביצה,כן,ביצה,ו.,פירוש,לא,
1751,קובץ מפרשים לפי הדף ביצה,כן,ביצה,ו.,פירוש,לא,
1752,קובץ מפרשים לפי הדף ביצה,כן,ביצה,ו.,פירוש,לא,
1754,קובץ מפרשים לפי הדף ביצה,כן,ביצה,ו.,פירוש,לא,
1755,קובץ מפרשים לפי הדף ביצה,כן,ביצה,ו.,פירוש,לא,
1756,קובץ מפרשים לפי הדף ביצה,כן,ביצה,ו.,פירוש,לא,
1757,קובץ מפרשים לפי הדף ביצה,כן,ביצה,ו.,פירוש,לא,
1758,קובץ מפרשים לפי הדף ביצה,כן,ביצה,ו.,פירוש,לא,
1759,קובץ מפרשים לפי הדף ביצה,כן,ביצה,ו.,פירוש,לא,
1761,קובץ מפרשים לפי הדף ביצה,כן,ביצה,ו.,פירוש,לא,
1762,קובץ מפרשים לפי הדף ביצה,כן,ביצה,ו.,פירוש,לא,
1763,קובץ מפרשים לפי הדף ביצה,כן,ביצה,ו.,פירוש,לא,
1764,קובץ מפרשים לפי הדף ביצה,כן,ביצה,ו.,פירוש,לא,
1765,קובץ מפרשים לפי הדף ביצה,כן,ביצה,ו.,פירוש,לא,
1766,קובץ מפרשים לפי הדף ביצה,כן,ביצה,ו.,פירוש,לא,
1767,קובץ מפרשים לפי הדף ביצה,כן,ביצה,ו.,פירוש,לא,
1768,קובץ מפרשים לפי הדף ביצה,כן,ביצה,ו.,פירוש,לא,
1770,קובץ מפרשים לפי הדף ביצה,כן,ביצה,ו.,פירוש,לא,
1771,קובץ מפרשים לפי הדף ביצה,כן,ביצה,ו.,פירוש,לא,
1772,קובץ מפרשים לפי הדף ביצה,כן,ביצה,ו.,פירוש,לא,
1774,קובץ מפרשים לפי הדף ביצה,כן,ביצה,ו.,פירוש,לא,
1775,קובץ מפרשים לפי הדף ביצה,כן,ביצה,ו.,פירוש,לא,
1776,קובץ מפרשים לפי הדף ביצה,כן,ביצה,ו.,פירוש,לא,
1777,קובץ מפרשים לפי הדף ביצה,כן,ביצה,ו.,פירוש,לא,
1778,קובץ מפרשים לפי הדף ביצה,כן,ביצה,ו.,פירוש,לא,
1779,קובץ מפרשים לפי הדף ביצה,כן,ביצה,ו.,פירוש,לא,
1780,קובץ מפרשים לפי הדף ביצה,כן,ביצה,ו.,פירוש,לא,
1781,קובץ מפרשים לפי הדף ביצה,כן,ביצה,ו.,פירוש,לא,
1783,קובץ מפרשים לפי הדף ביצה,כן,ביצה,ו.,פירוש,לא,
1784,קובץ מפרשים לפי הדף ביצה,כן,ביצה,ו.,פירוש,לא,
1785,קובץ מפרשים לפי הדף ביצה,כן,ביצה,ו.,פירוש,לא,
1786,קובץ מפרשים לפי הדף ביצה,כן,ביצה,ו.,פירוש,לא,
1787,קובץ מפרשים לפי הדף ביצה,כן,ביצה,ו.,פירוש,לא,
1788,קובץ מפרשים לפי הדף ביצה,כן,ביצה,ו.,פירוש,לא,
1789,קובץ מפרשים לפי הדף ביצה,כן,ביצה,ו.,פירוש,לא,
1791,קובץ מפרשים לפי הדף ביצה,כן,ביצה,ו.,פירוש,לא,
1792,קובץ מפרשים לפי הדף ביצה,כן,ביצה,ו.,פירוש,לא,
1793,קובץ מפרשים לפי הדף ביצה,כן,ביצה,ו.,פירוש,לא,
1794,קובץ מפרשים לפי הדף ביצה,כן,ביצה,ו.,פירוש,לא,
1796,קובץ מפרשים לפי הדף ביצה,כן,ביצה,ו.,פירוש,לא,
1797,קובץ מפרשים לפי הדף ביצה,כן,ביצה,ו.,פירוש,לא,
1798,קובץ מפרשים לפי הדף ביצה,כן,ביצה,ו.,פירוש,לא,
1799,קובץ מפרשים לפי הדף ביצה,כן,ביצה,ו.,פירוש,לא,
1800,קובץ מפרשים לפי הדף ביצה,כן,ביצה,ו.,פירוש,לא,
1801,קובץ מפרשים לפי הדף ביצה,כן,ביצה,ו.,פירוש,לא,
1802,קובץ מפרשים לפי הדף ביצה,כן,ביצה,ו.,פירוש,לא,
1803,קובץ מפרשים לפי הדף ביצה,כן,ביצה,ו.,פירוש,לא,
1804,קובץ מפרשים לפי הדף ביצה,כן,ביצה,ו.,פירוש,לא,
1805,קובץ מפרשים לפי הדף ביצה,כן,ביצה,ו.,פירוש,לא,
1806,קובץ מפרשים לפי הדף ביצה,כן,ביצה,ו.,פירוש,לא,
1807,קובץ מפרשים לפי הדף ביצה,כן,ביצה,ו.,פירוש,לא,
1808,קובץ מפרשים לפי הדף ביצה,כן,ביצה,ו.,פירוש,לא,
1809,קובץ מפרשים לפי הדף ביצה,כן,ביצה,ו.,פירוש,לא,
1810,קובץ מפרשים לפי הדף ביצה,כן,ביצה,ו.,פירוש,לא,
1811,קובץ מפרשים לפי הדף ביצה,כן,ביצה,ו.,פירוש,לא,
1812,קובץ מפרשים לפי הדף ביצה,כן,ביצה,ו.,פירוש,לא,
1813,קובץ מפרשים לפי הדף ביצה,כן,ביצה,ו.,פירוש,לא,
1814,קובץ מפרשים לפי הדף ביצה,כן,ביצה,ו.,פירוש,לא,
1815,קובץ מפרשים לפי הדף ביצה,כן,ביצה,ו.,פירוש,לא,
1816,קובץ מפרשים לפי הדף ביצה,כן,ביצה,ו.,פירוש,לא,
1818,קובץ מפרשים לפי הדף ביצה,כן,ביצה,ו.,פירוש,לא,
1819,קובץ מפרשים לפי הדף ביצה,כן,ביצה,ו.,פירוש,לא,
1820,קובץ מפרשים לפי הדף ביצה,כן,ביצה,ו.,פירוש,לא,
1821,קובץ מפרשים לפי הדף ביצה,כן,ביצה,ו.,פירוש,לא,
1822,קובץ מפרשים לפי הדף ביצה,כן,ביצה,ו.,פירוש,לא,
1823,קובץ מפרשים לפי הדף ביצה,כן,ביצה,ו.,פירוש,לא,
1824,קובץ מפרשים לפי הדף ביצה,כן,ביצה,ו.,פירוש,לא,
1825,קובץ מפרשים לפי הדף ביצה,כן,ביצה,ו.,פירוש,לא,
1826,קובץ מפרשים לפי הדף ביצה,כן,ביצה,ו.,פירוש,לא,
1827,קובץ מפרשים לפי הדף ביצה,כן,ביצה,ו.,פירוש,לא,
1828,קובץ מפרשים לפי הדף ביצה,כן,ביצה,ו.,פירוש,לא,
1829,קובץ מפרשים לפי הדף ביצה,כן,ביצה,ו.,פירוש,לא,
1830,קובץ מפרשים לפי הדף ביצה,כן,ביצה,ו.,פירוש,לא,
1831,קובץ מפרשים לפי הדף ביצה,כן,ביצה,ו.,פירוש,לא,
1832,קובץ מפרשים לפי הדף ביצה,כן,ביצה,ו.,פירוש,לא,
1833,קובץ מפרשים לפי הדף ביצה,כן,ביצה,ו.,פירוש,לא,
1834,קובץ מפרשים לפי הדף ביצה,כן,ביצה,ו.,פירוש,לא,
1835,קובץ מפרשים לפי הדף ביצה,כן,ביצה,ו.,פירוש,לא,
1836,קובץ מפרשים לפי הדף ביצה,כן,ביצה,ו.,פירוש,לא,
1837,קובץ מפרשים לפי הדף ביצה,כן,ביצה,ו.,פירוש,לא,
1838,קובץ מפרשים לפי הדף ביצה,כן,ביצה,ו.,פירוש,לא,
1839,קובץ מפרשים לפי הדף ביצה,כן,ביצה,ו.,פירוש,לא,
1840,קובץ מפרשים לפי הדף ביצה,כן,ביצה,ו.,פירוש,לא,
1842,קובץ מפרשים לפי הדף ביצה,כן,ביצה,ו.,פירוש,לא,
1844,קובץ מפרשים לפי הדף ביצה,כן,ביצה,ו.,פירוש,לא,
1845,קובץ מפרשים לפי הדף ביצה,כן,ביצה,ו.,פירוש,לא,
1846,קובץ מפרשים לפי הדף ביצה,כן,ביצה,ו.,פירוש,לא,
1847,קובץ מפרשים לפי הדף ביצה,כן,ביצה,ו.,פירוש,לא,
1848,קובץ מפרשים לפי הדף ביצה,כן,ביצה,ו.,פירוש,לא,
1849,קובץ מפרשים לפי הדף ביצה,כן,ביצה,ו.,פירוש,לא,
1850,קובץ מפרשים לפי הדף ביצה,כן,ביצה,ו.,פירוש,לא,
1851,קובץ מפרשים לפי הדף ביצה,כן,ביצה,ו.,פירוש,לא,
1852,קובץ מפרשים לפי הדף ביצה,כן,ביצה,ו.,פירוש,לא,
1853,קובץ מפרשים לפי הדף ביצה,כן,ביצה,ו.,פירוש,לא,
1854,קובץ מפרשים לפי הדף ביצה,כן,ביצה,ו.,פירוש,לא,
1855,קובץ מפרשים לפי הדף ביצה,כן,ביצה,ו.,פירוש,לא,
1856,קובץ מפרשים לפי הדף ביצה,כן,ביצה,ו.,פירוש,לא,
1858,קובץ מפרשים לפי הדף ביצה,כן,ביצה,ו.,פירוש,לא,
1859,קובץ מפרשים לפי הדף ביצה,כן,ביצה,ו.,פירוש,לא,
1860,קובץ מפרשים לפי הדף ביצה,כן,ביצה,ו.,פירוש,לא,
1861,קובץ מפרשים לפי הדף ביצה,כן,ביצה,ו.,פירוש,לא,
1862,קובץ מפרשים לפי הדף ביצה,כן,ביצה,ו.,פירוש,לא,
1863,קובץ מפרשים לפי הדף ביצה,כן,ביצה,ו.,פירוש,לא,
1864,קובץ מפרשים לפי הדף ביצה,כן,ביצה,ו.,פירוש,לא,
1865,קובץ מפרשים לפי הדף ביצה,כן,ביצה,ו.,פירוש,לא,
1866,קובץ מפרשים לפי הדף ביצה,כן,ביצה,ו.,פירוש,לא,
1867,קובץ מפרשים לפי הדף ביצה,כן,ביצה,ו.,פירוש,לא,
1868,קובץ מפרשים לפי הדף ביצה,כן,ביצה,ו.,פירוש,לא,
1869,קובץ מפרשים לפי הדף ביצה,כן,ביצה,ו.,פירוש,לא,
1870,קובץ מפרשים לפי הדף ביצה,כן,ביצה,ו.,פירוש,לא,
1871,קובץ מפרשים לפי הדף ביצה,כן,ביצה,ו.,פירוש,לא,
1872,קובץ מפרשים לפי הדף ביצה,כן,ביצה,ו.,פירוש,לא,
1873,קובץ מפרשים לפי הדף ביצה,כן,ביצה,ו.,פירוש,לא,
1874,קובץ מפרשים לפי הדף ביצה,כן,ביצה,ו.,פירוש,לא,
1875,קובץ מפרשים לפי הדף ביצה,כן,ביצה,ו.,פירוש,לא,
1876,קובץ מפרשים לפי הדף ביצה,כן,ביצה,ו.,פירוש,לא,
1877,קובץ מפרשים לפי הדף ביצה,כן,ביצה,ו.,פירוש,לא,
1879,קובץ מפרשים לפי הדף ביצה,כן,ביצה,ו.,פירוש,לא,
1881,קובץ מפרשים לפי הדף ביצה,כן,ביצה,ו.,פירוש,לא,
1883,קובץ מפרשים לפי הדף ביצה,כן,ביצה,ו.,פירוש,לא,
1884,קובץ מפרשים לפי הדף ביצה,כן,ביצה,ו.,פירוש,לא,
1885,קובץ מפרשים לפי הדף ביצה,כן,ביצה,ו.,פירוש,לא,
1886,קובץ מפרשים לפי הדף ביצה,כן,ביצה,ו.,פירוש,לא,
1887,קובץ מפרשים לפי הדף ביצה,כן,ביצה,ו.,פירוש,לא,
1888,קובץ מפרשים לפי הדף ביצה,כן,ביצה,ו.,פירוש,לא,
1889,קובץ מפרשים לפי הדף ביצה,כן,ביצה,ו.,פירוש,לא,
1890,קובץ מפרשים לפי הדף ביצה,כן,ביצה,ו.,פירוש,לא,
1892,קובץ מפרשים לפי הדף ביצה,כן,ביצה,ו.,פירוש,לא,
1893,קובץ מפרשים לפי הדף ביצה,כן,ביצה,ו.,פירוש,לא,
1894,קובץ מפרשים לפי הדף ביצה,כן,ביצה,ו.,פירוש,לא,
1895,קובץ מפרשים לפי הדף ביצה,כן,ביצה,ו.,פירוש,לא,
1897,קובץ מפרשים לפי הדף ביצה,כן,ביצה,ו.,פירוש,לא,
1898,קובץ מפרשים לפי הדף ביצה,כן,ביצה,ו.,פירוש,לא,
1900,קובץ מפרשים לפי הדף ביצה,כן,ביצה,ו.,פירוש,לא,
1901,קובץ מפרשים לפי הדף ביצה,כן,ביצה,ו.,פירוש,לא,
1902,קובץ מפרשים לפי הדף ביצה,כן,ביצה,ו.,פירוש,לא,
1903,קובץ מפרשים לפי הדף ביצה,כן,ביצה,ו.,פירוש,לא,
1904,קובץ מפרשים לפי הדף ביצה,כן,ביצה,ו.,פירוש,לא,
1905,קובץ מפרשים לפי הדף ביצה,כן,ביצה,ו.,פירוש,לא,
1906,קובץ מפרשים לפי הדף ביצה,כן,ביצה,ו.,פירוש,לא,
1907,קובץ מפרשים לפי הדף ביצה,כן,ביצה,ו.,פירוש,לא,
1908,קובץ מפרשים לפי הדף ביצה,כן,ביצה,ו.,פירוש,לא,
1909,קובץ מפרשים לפי הדף ביצה,כן,ביצה,ו.,פירוש,לא,
1910,קובץ מפרשים לפי הדף ביצה,כן,ביצה,ו.,פירוש,לא,
1911,קובץ מפרשים לפי הדף ביצה,כן,ביצה,ו.,פירוש,לא,
1912,קובץ מפרשים לפי הדף ביצה,כן,ביצה,ו.,פירוש,לא,
1913,קובץ מפרשים לפי הדף ביצה,כן,ביצה,ו.,פירוש,לא,
1914,קובץ מפרשים לפי הדף ביצה,כן,ביצה,ו.,פירוש,לא,
1916,קובץ מפרשים לפי הדף ביצה,כן,ביצה,ו.,פירוש,לא,
1917,קובץ מפרשים לפי הדף ביצה,כן,ביצה,ו.,פירוש,לא,
1920,קובץ מפרשים לפי הדף ביצה,כן,ביצה,ו:,פירוש,לא,
1921,קובץ מפרשים לפי הדף ביצה,כן,ביצה,ו:,פירוש,לא,
1922,קובץ מפרשים לפי הדף ביצה,כן,ביצה,ו:,פירוש,לא,
1924,קובץ מפרשים לפי הדף ביצה,כן,ביצה,ו:,פירוש,לא,
1925,קובץ מפרשים לפי הדף ביצה,כן,ביצה,ו:,פירוש,לא,
1926,קובץ מפרשים לפי הדף ביצה,כן,ביצה,ו:,פירוש,לא,
1927,קובץ מפרשים לפי הדף ביצה,כן,ביצה,ו:,פירוש,לא,
1928,קובץ מפרשים לפי הדף ביצה,כן,ביצה,ו:,פירוש,לא,
1929,קובץ מפרשים לפי הדף ביצה,כן,ביצה,ו:,פירוש,לא,
1930,קובץ מפרשים לפי הדף ביצה,כן,ביצה,ו:,פירוש,לא,
1931,קובץ מפרשים לפי הדף ביצה,כן,ביצה,ו:,פירוש,לא,
1932,קובץ מפרשים לפי הדף ביצה,כן,ביצה,ו:,פירוש,לא,
1933,קובץ מפרשים לפי הדף ביצה,כן,ביצה,ו:,פירוש,לא,
1934,קובץ מפרשים לפי הדף ביצה,כן,ביצה,ו:,פירוש,לא,
1935,קובץ מפרשים לפי הדף ביצה,כן,ביצה,ו:,פירוש,לא,
1936,קובץ מפרשים לפי הדף ביצה,כן,ביצה,ו:,פירוש,לא,
1937,קובץ מפרשים לפי הדף ביצה,כן,ביצה,ו:,פירוש,לא,
1938,קובץ מפרשים לפי הדף ביצה,כן,ביצה,ו:,פירוש,לא,
1940,קובץ מפרשים לפי הדף ביצה,כן,ביצה,ו:,פירוש,לא,
1941,קובץ מפרשים לפי הדף ביצה,כן,ביצה,ו:,פירוש,לא,
1943,קובץ מפרשים לפי הדף ביצה,כן,ביצה,ו:,פירוש,לא,
1944,קובץ מפרשים לפי הדף ביצה,כן,ביצה,ו:,פירוש,לא,
1945,קובץ מפרשים לפי הדף ביצה,כן,ביצה,ו:,פירוש,לא,
1946,קובץ מפרשים לפי הדף ביצה,כן,ביצה,ו:,פירוש,לא,
1947,קובץ מפרשים לפי הדף ביצה,כן,ביצה,ו:,פירוש,לא,
1949,קובץ מפרשים לפי הדף ביצה,כן,ביצה,ו:,פירוש,לא,
1950,קובץ מפרשים לפי הדף ביצה,כן,ביצה,ו:,פירוש,לא,
1951,קובץ מפרשים לפי הדף ביצה,כן,ביצה,ו:,פירוש,לא,
1952,קובץ מפרשים לפי הדף ביצה,כן,ביצה,ו:,פירוש,לא,
1954,קובץ מפרשים לפי הדף ביצה,כן,ביצה,ו:,פירוש,לא,
1956,קובץ מפרשים לפי הדף ביצה,כן,ביצה,ו:,פירוש,לא,
1957,קובץ מפרשים לפי הדף ביצה,כן,ביצה,ו:,פירוש,לא,
1958,קובץ מפרשים לפי הדף ביצה,כן,ביצה,ו:,פירוש,לא,
1959,קובץ מפרשים לפי הדף ביצה,כן,ביצה,ו:,פירוש,לא,
1960,קובץ מפרשים לפי הדף ביצה,כן,ביצה,ו:,פירוש,לא,
1961,קובץ מפרשים לפי הדף ביצה,כן,ביצה,ו:,פירוש,לא,
1962,קובץ מפרשים לפי הדף ביצה,כן,ביצה,ו:,פירוש,לא,
1964,קובץ מפרשים לפי הדף ביצה,כן,ביצה,ו:,פירוש,לא,
1965,קובץ מפרשים לפי הדף ביצה,כן,ביצה,ו:,פירוש,לא,
1966,קובץ מפרשים לפי הדף ביצה,כן,ביצה,ו:,פירוש,לא,
1967,קובץ מפרשים לפי הדף ביצה,כן,ביצה,ו:,פירוש,לא,
1968,קובץ מפרשים לפי הדף ביצה,כן,ביצה,ו:,פירוש,לא,
1970,קובץ מפרשים לפי הדף ביצה,כן,ביצה,ו:,פירוש,לא,
1971,קובץ מפרשים לפי הדף ביצה,כן,ביצה,ו:,פירוש,לא,
1973,קובץ מפרשים לפי הדף ביצה,כן,ביצה,ו:,פירוש,לא,
1974,קובץ מפרשים לפי הדף ביצה,כן,ביצה,ו:,פירוש,לא,
1975,קובץ מפרשים לפי הדף ביצה,כן,ביצה,ו:,פירוש,לא,
1976,קובץ מפרשים לפי הדף ביצה,כן,ביצה,ו:,פירוש,לא,
1977,קובץ מפרשים לפי הדף ביצה,כן,ביצה,ו:,פירוש,לא,
1979,קובץ מפרשים לפי הדף ביצה,כן,ביצה,ו:,פירוש,לא,
1980,קובץ מפרשים לפי הדף ביצה,כן,ביצה,ו:,פירוש,לא,
1981,קובץ מפרשים לפי הדף ביצה,כן,ביצה,ו:,פירוש,לא,
1982,קובץ מפרשים לפי הדף ביצה,כן,ביצה,ו:,פירוש,לא,
1983,קובץ מפרשים לפי הדף ביצה,כן,ביצה,ו:,פירוש,לא,
1984,קובץ מפרשים לפי הדף ביצה,כן,ביצה,ו:,פירוש,לא,
1985,קובץ מפרשים לפי הדף ביצה,כן,ביצה,ו:,פירוש,לא,
1986,קובץ מפרשים לפי הדף ביצה,כן,ביצה,ו:,פירוש,לא,
1988,קובץ מפרשים לפי הדף ביצה,כן,ביצה,ו:,פירוש,לא,
1990,קובץ מפרשים לפי הדף ביצה,כן,ביצה,ו:,פירוש,לא,
1991,קובץ מפרשים לפי הדף ביצה,כן,ביצה,ו:,פירוש,לא,
1992,קובץ מפרשים לפי הדף ביצה,כן,ביצה,ו:,פירוש,לא,
1993,קובץ מפרשים לפי הדף ביצה,כן,ביצה,ו:,פירוש,לא,
1994,קובץ מפרשים לפי הדף ביצה,כן,ביצה,ו:,פירוש,לא,
1995,קובץ מפרשים לפי הדף ביצה,כן,ביצה,ו:,פירוש,לא,
1996,קובץ מפרשים לפי הדף ביצה,כן,ביצה,ו:,פירוש,לא,
1997,קובץ מפרשים לפי הדף ביצה,כן,ביצה,ו:,פירוש,לא,
1998,קובץ מפרשים לפי הדף ביצה,כן,ביצה,ו:,פירוש,לא,
1999,קובץ מפרשים לפי הדף ביצה,כן,ביצה,ו:,פירוש,לא,
2000,קובץ מפרשים לפי הדף ביצה,כן,ביצה,ו:,פירוש,לא,
2001,קובץ מפרשים לפי הדף ביצה,כן,ביצה,ו:,פירוש,לא,
2002,קובץ מפרשים לפי הדף ביצה,כן,ביצה,ו:,פירוש,לא,
2003,קובץ מפרשים לפי הדף ביצה,כן,ביצה,ו:,פירוש,לא,
2004,קובץ מפרשים לפי הדף ביצה,כן,ביצה,ו:,פירוש,לא,
2006,קובץ מפרשים לפי הדף ביצה,כן,ביצה,ו:,פירוש,לא,
2007,קובץ מפרשים לפי הדף ביצה,כן,ביצה,ו:,פירוש,לא,
2008,קובץ מפרשים לפי הדף ביצה,כן,ביצה,ו:,פירוש,לא,
2009,קובץ מפרשים לפי הדף ביצה,כן,ביצה,ו:,פירוש,לא,
2010,קובץ מפרשים לפי הדף ביצה,כן,ביצה,ו:,פירוש,לא,
2011,קובץ מפרשים לפי הדף ביצה,כן,ביצה,ו:,פירוש,לא,
2012,קובץ מפרשים לפי הדף ביצה,כן,ביצה,ו:,פירוש,לא,
2013,קובץ מפרשים לפי הדף ביצה,כן,ביצה,ו:,פירוש,לא,
2015,קובץ מפרשים לפי הדף ביצה,כן,ביצה,ו:,פירוש,לא,
2016,קובץ מפרשים לפי הדף ביצה,כן,ביצה,ו:,פירוש,לא,
2018,קובץ מפרשים לפי הדף ביצה,כן,ביצה,ו:,פירוש,לא,
2019,קובץ מפרשים לפי הדף ביצה,כן,ביצה,ו:,פירוש,לא,
2020,קובץ מפרשים לפי הדף ביצה,כן,ביצה,ו:,פירוש,לא,
2022,קובץ מפרשים לפי הדף ביצה,כן,ביצה,ו:,פירוש,לא,
2023,קובץ מפרשים לפי הדף ביצה,כן,ביצה,ו:,פירוש,לא,
2024,קובץ מפרשים לפי הדף ביצה,כן,ביצה,ו:,פירוש,לא,
2025,קובץ מפרשים לפי הדף ביצה,כן,ביצה,ו:,פירוש,לא,
2026,קובץ מפרשים לפי הדף ביצה,כן,ביצה,ו:,פירוש,לא,
2027,קובץ מפרשים לפי הדף ביצה,כן,ביצה,ו:,פירוש,לא,
2028,קובץ מפרשים לפי הדף ביצה,כן,ביצה,ו:,פירוש,לא,
2029,קובץ מפרשים לפי הדף ביצה,כן,ביצה,ו:,פירוש,לא,
2031,קובץ מפרשים לפי הדף ביצה,כן,ביצה,ו:,פירוש,לא,
2032,קובץ מפרשים לפי הדף ביצה,כן,ביצה,ו:,פירוש,לא,
2033,קובץ מפרשים לפי הדף ביצה,כן,ביצה,ו:,פירוש,לא,
2035,קובץ מפרשים לפי הדף ביצה,כן,ביצה,ו:,פירוש,לא,
2037,קובץ מפרשים לפי הדף ביצה,כן,ביצה,ו:,פירוש,לא,
2038,קובץ מפרשים לפי הדף ביצה,כן,ביצה,ו:,פירוש,לא,
2039,קובץ מפרשים לפי הדף ביצה,כן,ביצה,ו:,פירוש,לא,
2040,קובץ מפרשים לפי הדף ביצה,כן,ביצה,ו:,פירוש,לא,
2042,קובץ מפרשים לפי הדף ביצה,כן,ביצה,ו:,פירוש,לא,
2043,קובץ מפרשים לפי הדף ביצה,כן,ביצה,ו:,פירוש,לא,
2044,קובץ מפרשים לפי הדף ביצה,כן,ביצה,ו:,פירוש,לא,
2045,קובץ מפרשים לפי הדף ביצה,כן,ביצה,ו:,פירוש,לא,
2047,קובץ מפרשים לפי הדף ביצה,כן,ביצה,ו:,פירוש,לא,
2048,קובץ מפרשים לפי הדף ביצה,כן,ביצה,ו:,פירוש,לא,
2049,קובץ מפרשים לפי הדף ביצה,כן,ביצה,ו:,פירוש,לא,
2050,קובץ מפרשים לפי הדף ביצה,כן,ביצה,ו:,פירוש,לא,
2051,קובץ מפרשים לפי הדף ביצה,כן,ביצה,ו:,פירוש,לא,
2052,קובץ מפרשים לפי הדף ביצה,כן,ביצה,ו:,פירוש,לא,
2053,קובץ מפרשים לפי הדף ביצה,כן,ביצה,ו:,פירוש,לא,
2054,קובץ מפרשים לפי הדף ביצה,כן,ביצה,ו:,פירוש,לא,
2057,קובץ מפרשים לפי הדף ביצה,כן,ביצה,ז.,פירוש,לא,
2058,קובץ מפרשים לפי הדף ביצה,כן,ביצה,ז.,פירוש,לא,
2059,קובץ מפרשים לפי הדף ביצה,כן,ביצה,ז.,פירוש,לא,
2060,קובץ מפרשים לפי הדף ביצה,כן,ביצה,ז.,פירוש,לא,
2061,קובץ מפרשים לפי הדף ביצה,כן,ביצה,ז.,פירוש,לא,
2063,קובץ מפרשים לפי הדף ביצה,כן,ביצה,ז.,פירוש,לא,
2064,קובץ מפרשים לפי הדף ביצה,כן,ביצה,ז.,פירוש,לא,
2065,קובץ מפרשים לפי הדף ביצה,כן,ביצה,ז.,פירוש,לא,
2066,קובץ מפרשים לפי הדף ביצה,כן,ביצה,ז.,פירוש,לא,
2067,קובץ מפרשים לפי הדף ביצה,כן,ביצה,ז.,פירוש,לא,
2068,קובץ מפרשים לפי הדף ביצה,כן,ביצה,ז.,פירוש,לא,
2069,קובץ מפרשים לפי הדף ביצה,כן,ביצה,ז.,פירוש,לא,
2070,קובץ מפרשים לפי הדף ביצה,כן,ביצה,ז.,פירוש,לא,
2071,קובץ מפרשים לפי הדף ביצה,כן,ביצה,ז.,פירוש,לא,
2072,קובץ מפרשים לפי הדף ביצה,כן,ביצה,ז.,פירוש,לא,
2073,קובץ מפרשים לפי הדף ביצה,כן,ביצה,ז.,פירוש,לא,
2074,קובץ מפרשים לפי הדף ביצה,כן,ביצה,ז.,פירוש,לא,
2075,קובץ מפרשים לפי הדף ביצה,כן,ביצה,ז.,פירוש,לא,
2076,קובץ מפרשים לפי הדף ביצה,כן,ביצה,ז.,פירוש,לא,
2077,קובץ מפרשים לפי הדף ביצה,כן,ביצה,ז.,פירוש,לא,
2078,קובץ מפרשים לפי הדף ביצה,כן,ביצה,ז.,פירוש,לא,
2079,קובץ מפרשים לפי הדף ביצה,כן,ביצה,ז.,פירוש,לא,
2080,קובץ מפרשים לפי הדף ביצה,כן,ביצה,ז.,פירוש,לא,
2081,קובץ מפרשים לפי הדף ביצה,כן,ביצה,ז.,פירוש,לא,
2083,קובץ מפרשים לפי הדף ביצה,כן,ביצה,ז.,פירוש,לא,
2085,קובץ מפרשים לפי הדף ביצה,כן,ביצה,ז.,פירוש,לא,
2086,קובץ מפרשים לפי הדף ביצה,כן,ביצה,ז.,פירוש,לא,
2087,קובץ מפרשים לפי הדף ביצה,כן,ביצה,ז.,פירוש,לא,
2088,קובץ מפרשים לפי הדף ביצה,כן,ביצה,ז.,פירוש,לא,
2089,קובץ מפרשים לפי הדף ביצה,כן,ביצה,ז.,פירוש,לא,
2090,קובץ מפרשים לפי הדף ביצה,כן,ביצה,ז.,פירוש,לא,
2091,קובץ מפרשים לפי הדף ביצה,כן,ביצה,ז.,פירוש,לא,
2092,קובץ מפרשים לפי הדף ביצה,כן,ביצה,ז.,פירוש,לא,
2093,קובץ מפרשים לפי הדף ביצה,כן,ביצה,ז.,פירוש,לא,
2094,קובץ מפרשים לפי הדף ביצה,כן,ביצה,ז.,פירוש,לא,
2095,קובץ מפרשים לפי הדף ביצה,כן,ביצה,ז.,פירוש,לא,
2096,קובץ מפרשים לפי הדף ביצה,כן,ביצה,ז.,פירוש,לא,
2097,קובץ מפרשים לפי הדף ביצה,כן,ביצה,ז.,פירוש,לא,
2098,קובץ מפרשים לפי הדף ביצה,כן,ביצה,ז.,פירוש,לא,
2099,קובץ מפרשים לפי הדף ביצה,כן,ביצה,ז.,פירוש,לא,
2100,קובץ מפרשים לפי הדף ביצה,כן,ביצה,ז.,פירוש,לא,
2102,קובץ מפרשים לפי הדף ביצה,כן,ביצה,ז.,פירוש,לא,
2103,קובץ מפרשים לפי הדף ביצה,כן,ביצה,ז.,פירוש,לא,
2105,קובץ מפרשים לפי הדף ביצה,כן,ביצה,ז.,פירוש,לא,
2106,קובץ מפרשים לפי הדף ביצה,כן,ביצה,ז.,פירוש,לא,
2107,קובץ מפרשים לפי הדף ביצה,כן,ביצה,ז.,פירוש,לא,
2108,קובץ מפרשים לפי הדף ביצה,כן,ביצה,ז.,פירוש,לא,
2109,קובץ מפרשים לפי הדף ביצה,כן,ביצה,ז.,פירוש,לא,
2111,קובץ מפרשים לפי הדף ביצה,כן,ביצה,ז.,פירוש,לא,
2112,קובץ מפרשים לפי הדף ביצה,כן,ביצה,ז.,פירוש,לא,
2113,קובץ מפרשים לפי הדף ביצה,כן,ביצה,ז.,פירוש,לא,
2115,קובץ מפרשים לפי הדף ביצה,כן,ביצה,ז.,פירוש,לא,
2116,קובץ מפרשים לפי הדף ביצה,כן,ביצה,ז.,פירוש,לא,
2117,קובץ מפרשים לפי הדף ביצה,כן,ביצה,ז.,פירוש,לא,
2119,קובץ מפרשים לפי הדף ביצה,כן,ביצה,ז.,פירוש,לא,
2120,קובץ מפרשים לפי הדף ביצה,כן,ביצה,ז.,פירוש,לא,
2121,קובץ מפרשים לפי הדף ביצה,כן,ביצה,ז.,פירוש,לא,
2122,קובץ מפרשים לפי הדף ביצה,כן,ביצה,ז.,פירוש,לא,
2123,קובץ מפרשים לפי הדף ביצה,כן,ביצה,ז.,פירוש,לא,
2124,קובץ מפרשים לפי הדף ביצה,כן,ביצה,ז.,פירוש,לא,
2125,קובץ מפרשים לפי הדף ביצה,כן,ביצה,ז.,פירוש,לא,
2126,קובץ מפרשים לפי הדף ביצה,כן,ביצה,ז.,פירוש,לא,
2128,קובץ מפרשים לפי הדף ביצה,כן,ביצה,ז.,פירוש,לא,
2129,קובץ מפרשים לפי הדף ביצה,כן,ביצה,ז.,פירוש,לא,
2130,קובץ מפרשים לפי הדף ביצה,כן,ביצה,ז.,פירוש,לא,
2131,קובץ מפרשים לפי הדף ביצה,כן,ביצה,ז.,פירוש,לא,
2132,קובץ מפרשים לפי הדף ביצה,כן,ביצה,ז.,פירוש,לא,
2133,קובץ מפרשים לפי הדף ביצה,כן,ביצה,ז.,פירוש,לא,
2134,קובץ מפרשים לפי הדף ביצה,כן,ביצה,ז.,פירוש,לא,
2135,קובץ מפרשים לפי הדף ביצה,כן,ביצה,ז.,פירוש,לא,
2136,קובץ מפרשים לפי הדף ביצה,כן,ביצה,ז.,פירוש,לא,
2137,קובץ מפרשים לפי הדף ביצה,כן,ביצה,ז.,פירוש,לא,
2138,קובץ מפרשים לפי הדף ביצה,כן,ביצה,ז.,פירוש,לא,
2139,קובץ מפרשים לפי הדף ביצה,כן,ביצה,ז.,פירוש,לא,
2140,קובץ מפרשים לפי הדף ביצה,כן,ביצה,ז.,פירוש,לא,
2141,קובץ מפרשים לפי הדף ביצה,כן,ביצה,ז.,פירוש,לא,
2143,קובץ מפרשים לפי הדף ביצה,כן,ביצה,ז.,פירוש,לא,
2144,קובץ מפרשים לפי הדף ביצה,כן,ביצה,ז.,פירוש,לא,
2146,קובץ מפרשים לפי הדף ביצה,כן,ביצה,ז.,פירוש,לא,
2147,קובץ מפרשים לפי הדף ביצה,כן,ביצה,ז.,פירוש,לא,
2148,קובץ מפרשים לפי הדף ביצה,כן,ביצה,ז.,פירוש,לא,
2149,קובץ מפרשים לפי הדף ביצה,כן,ביצה,ז.,פירוש,לא,
2150,קובץ מפרשים לפי הדף ביצה,כן,ביצה,ז.,פירוש,לא,
2151,קובץ מפרשים לפי הדף ביצה,כן,ביצה,ז.,פירוש,לא,
2152,קובץ מפרשים לפי הדף ביצה,כן,ביצה,ז.,פירוש,לא,
2153,קובץ מפרשים לפי הדף ביצה,כן,ביצה,ז.,פירוש,לא,
2154,קובץ מפרשים לפי הדף ביצה,כן,ביצה,ז.,פירוש,לא,
2155,קובץ מפרשים לפי הדף ביצה,כן,ביצה,ז.,פירוש,לא,
2157,קובץ מפרשים לפי הדף ביצה,כן,ביצה,ז.,פירוש,לא,
2158,קובץ מפרשים לפי הדף ביצה,כן,ביצה,ז.,פירוש,לא,
2160,קובץ מפרשים לפי הדף ביצה,כן,ביצה,ז.,פירוש,לא,
2162,קובץ מפרשים לפי הדף ביצה,כן,ביצה,ז.,פירוש,לא,
2163,קובץ מפרשים לפי הדף ביצה,כן,ביצה,ז.,פירוש,לא,
2164,קובץ מפרשים לפי הדף ביצה,כן,ביצה,ז.,פירוש,לא,
2166,קובץ מפרשים לפי הדף ביצה,כן,ביצה,ז.,פירוש,לא,
2167,קובץ מפרשים לפי הדף ביצה,כן,ביצה,ז.,פירוש,לא,
2169,קובץ מפרשים לפי הדף ביצה,כן,ביצה,ז.,פירוש,לא,
2170,קובץ מפרשים לפי הדף ביצה,כן,ביצה,ז.,פירוש,לא,
2171,קובץ מפרשים לפי הדף ביצה,כן,ביצה,ז.,פירוש,לא,
2172,קובץ מפרשים לפי הדף ביצה,כן,ביצה,ז.,פירוש,לא,
2173,קובץ מפרשים לפי הדף ביצה,כן,ביצה,ז.,פירוש,לא,
2174,קובץ מפרשים לפי הדף ביצה,כן,ביצה,ז.,פירוש,לא,
2175,קובץ מפרשים לפי הדף ביצה,כן,ביצה,ז.,פירוש,לא,
2176,קובץ מפרשים לפי הדף ביצה,כן,ביצה,ז.,פירוש,לא,
2177,קובץ מפרשים לפי הדף ביצה,כן,ביצה,ז.,פירוש,לא,
2178,קובץ מפרשים לפי הדף ביצה,כן,ביצה,ז.,פירוש,לא,
2179,קובץ מפרשים לפי הדף ביצה,כן,ביצה,ז.,פירוש,לא,
2180,קובץ מפרשים לפי הדף ביצה,כן,ביצה,ז.,פירוש,לא,
2181,קובץ מפרשים לפי הדף ביצה,כן,ביצה,ז.,פירוש,לא,
2182,קובץ מפרשים לפי הדף ביצה,כן,ביצה,ז.,פירוש,לא,
2184,קובץ מפרשים לפי הדף ביצה,כן,ביצה,ז.,פירוש,לא,
2185,קובץ מפרשים לפי הדף ביצה,כן,ביצה,ז.,פירוש,לא,
2188,קובץ מפרשים לפי הדף ביצה,כן,ביצה,ז:,פירוש,לא,
2189,קובץ מפרשים לפי הדף ביצה,כן,ביצה,ז:,פירוש,לא,
2190,קובץ מפרשים לפי הדף ביצה,כן,ביצה,ז:,פירוש,לא,
2192,קובץ מפרשים לפי הדף ביצה,כן,ביצה,ז:,פירוש,לא,
2193,קובץ מפרשים לפי הדף ביצה,כן,ביצה,ז:,פירוש,לא,
2194,קובץ מפרשים לפי הדף ביצה,כן,ביצה,ז:,פירוש,לא,
2195,קובץ מפרשים לפי הדף ביצה,כן,ביצה,ז:,פירוש,לא,
2196,קובץ מפרשים לפי הדף ביצה,כן,ביצה,ז:,פירוש,לא,
2197,קובץ מפרשים לפי הדף ביצה,כן,ביצה,ז:,פירוש,לא,
2198,קובץ מפרשים לפי הדף ביצה,כן,ביצה,ז:,פירוש,לא,
2199,קובץ מפרשים לפי הדף ביצה,כן,ביצה,ז:,פירוש,לא,
2200,קובץ מפרשים לפי הדף ביצה,כן,ביצה,ז:,פירוש,לא,
2201,קובץ מפרשים לפי הדף ביצה,כן,ביצה,ז:,פירוש,לא,
2202,קובץ מפרשים לפי הדף ביצה,כן,ביצה,ז:,פירוש,לא,
2203,קובץ מפרשים לפי הדף ביצה,כן,ביצה,ז:,פירוש,לא,
2204,קובץ מפרשים לפי הדף ביצה,כן,ביצה,ז:,פירוש,לא,
2205,קובץ מפרשים לפי הדף ביצה,כן,ביצה,ז:,פירוש,לא,
2206,קובץ מפרשים לפי הדף ביצה,כן,ביצה,ז:,פירוש,לא,
2207,קובץ מפרשים לפי הדף ביצה,כן,ביצה,ז:,פירוש,לא,
2208,קובץ מפרשים לפי הדף ביצה,כן,ביצה,ז:,פירוש,לא,
2209,קובץ מפרשים לפי הדף ביצה,כן,ביצה,ז:,פירוש,לא,
2210,קובץ מפרשים לפי הדף ביצה,כן,ביצה,ז:,פירוש,לא,
2211,קובץ מפרשים לפי הדף ביצה,כן,ביצה,ז:,פירוש,לא,
2212,קובץ מפרשים לפי הדף ביצה,כן,ביצה,ז:,פירוש,לא,
2213,קובץ מפרשים לפי הדף ביצה,כן,ביצה,ז:,פירוש,לא,
2214,קובץ מפרשים לפי הדף ביצה,כן,ביצה,ז:,פירוש,לא,
2216,קובץ מפרשים לפי הדף ביצה,כן,ביצה,ז:,פירוש,לא,
2217,קובץ מפרשים לפי הדף ביצה,כן,ביצה,ז:,פירוש,לא,
2219,קובץ מפרשים לפי הדף ביצה,כן,ביצה,ז:,פירוש,לא,
2221,קובץ מפרשים לפי הדף ביצה,כן,ביצה,ז:,פירוש,לא,
2222,קובץ מפרשים לפי הדף ביצה,כן,ביצה,ז:,פירוש,לא,
2223,קובץ מפרשים לפי הדף ביצה,כן,ביצה,ז:,פירוש,לא,
2224,קובץ מפרשים לפי הדף ביצה,כן,ביצה,ז:,פירוש,לא,
2226,קובץ מפרשים לפי הדף ביצה,כן,ביצה,ז:,פירוש,לא,
2228,קובץ מפרשים לפי הדף ביצה,כן,ביצה,ז:,פירוש,לא,
2229,קובץ מפרשים לפי הדף ביצה,כן,ביצה,ז:,פירוש,לא,
2230,קובץ מפרשים לפי הדף ביצה,כן,ביצה,ז:,פירוש,לא,
2231,קובץ מפרשים לפי הדף ביצה,כן,ביצה,ז:,פירוש,לא,
2232,קובץ מפרשים לפי הדף ביצה,כן,ביצה,ז:,פירוש,לא,
2233,קובץ מפרשים לפי הדף ביצה,כן,ביצה,ז:,פירוש,לא,
2234,קובץ מפרשים לפי הדף ביצה,כן,ביצה,ז:,פירוש,לא,
2235,קובץ מפרשים לפי הדף ביצה,כן,ביצה,ז:,פירוש,לא,
2236,קובץ מפרשים לפי הדף ביצה,כן,ביצה,ז:,פירוש,לא,
2237,קובץ מפרשים לפי הדף ביצה,כן,ביצה,ז:,פירוש,לא,
2239,קובץ מפרשים לפי הדף ביצה,כן,ביצה,ז:,פירוש,לא,
2240,קובץ מפרשים לפי הדף ביצה,כן,ביצה,ז:,פירוש,לא,
2241,קובץ מפרשים לפי הדף ביצה,כן,ביצה,ז:,פירוש,לא,
2243,קובץ מפרשים לפי הדף ביצה,כן,ביצה,ז:,פירוש,לא,
2244,קובץ מפרשים לפי הדף ביצה,כן,ביצה,ז:,פירוש,לא,
2246,קובץ מפרשים לפי הדף ביצה,כן,ביצה,ז:,פירוש,לא,
2247,קובץ מפרשים לפי הדף ביצה,כן,ביצה,ז:,פירוש,לא,
2248,קובץ מפרשים לפי הדף ביצה,כן,ביצה,ז:,פירוש,לא,
2249,קובץ מפרשים לפי הדף ביצה,כן,ביצה,ז:,פירוש,לא,
2250,קובץ מפרשים לפי הדף ביצה,כן,ביצה,ז:,פירוש,לא,
2251,קובץ מפרשים לפי הדף ביצה,כן,ביצה,ז:,פירוש,לא,
2253,קובץ מפרשים לפי הדף ביצה,כן,ביצה,ז:,פירוש,לא,
2254,קובץ מפרשים לפי הדף ביצה,כן,ביצה,ז:,פירוש,לא,
2255,קובץ מפרשים לפי הדף ביצה,כן,ביצה,ז:,פירוש,לא,
2256,קובץ מפרשים לפי הדף ביצה,כן,ביצה,ז:,פירוש,לא,
2258,קובץ מפרשים לפי הדף ביצה,כן,ביצה,ז:,פירוש,לא,
2259,קובץ מפרשים לפי הדף ביצה,כן,ביצה,ז:,פירוש,לא,
2260,קובץ מפרשים לפי הדף ביצה,כן,ביצה,ז:,פירוש,לא,
2262,קובץ מפרשים לפי הדף ביצה,כן,ביצה,ז:,פירוש,לא,
2263,קובץ מפרשים לפי הדף ביצה,כן,ביצה,ז:,פירוש,לא,
2264,קובץ מפרשים לפי הדף ביצה,כן,ביצה,ז:,פירוש,לא,
2265,קובץ מפרשים לפי הדף ביצה,כן,ביצה,ז:,פירוש,לא,
2266,קובץ מפרשים לפי הדף ביצה,כן,ביצה,ז:,פירוש,לא,
2267,קובץ מפרשים לפי הדף ביצה,כן,ביצה,ז:,פירוש,לא,
2268,קובץ מפרשים לפי הדף ביצה,כן,ביצה,ז:,פירוש,לא,
2269,קובץ מפרשים לפי הדף ביצה,כן,ביצה,ז:,פירוש,לא,
2270,קובץ מפרשים לפי הדף ביצה,כן,ביצה,ז:,פירוש,לא,
2271,קובץ מפרשים לפי הדף ביצה,כן,ביצה,ז:,פירוש,לא,
2272,קובץ מפרשים לפי הדף ביצה,כן,ביצה,ז:,פירוש,לא,
2273,קובץ מפרשים לפי הדף ביצה,כן,ביצה,ז:,פירוש,לא,
2274,קובץ מפרשים לפי הדף ביצה,כן,ביצה,ז:,פירוש,לא,
2275,קובץ מפרשים לפי הדף ביצה,כן,ביצה,ז:,פירוש,לא,
2276,קובץ מפרשים לפי הדף ביצה,כן,ביצה,ז:,פירוש,לא,
2277,קובץ מפרשים לפי הדף ביצה,כן,ביצה,ז:,פירוש,לא,
2278,קובץ מפרשים לפי הדף ביצה,כן,ביצה,ז:,פירוש,לא,
2279,קובץ מפרשים לפי הדף ביצה,כן,ביצה,ז:,פירוש,לא,
2280,קובץ מפרשים לפי הדף ביצה,כן,ביצה,ז:,פירוש,לא,
2281,קובץ מפרשים לפי הדף ביצה,כן,ביצה,ז:,פירוש,לא,
2282,קובץ מפרשים לפי הדף ביצה,כן,ביצה,ז:,פירוש,לא,
2283,קובץ מפרשים לפי הדף ביצה,כן,ביצה,ז:,פירוש,לא,
2284,קובץ מפרשים לפי הדף ביצה,כן,ביצה,ז:,פירוש,לא,
2285,קובץ מפרשים לפי הדף ביצה,כן,ביצה,ז:,פירוש,לא,
2286,קובץ מפרשים לפי הדף ביצה,כן,ביצה,ז:,פירוש,לא,
2287,קובץ מפרשים לפי הדף ביצה,כן,ביצה,ז:,פירוש,לא,
2288,קובץ מפרשים לפי הדף ביצה,כן,ביצה,ז:,פירוש,לא,
2289,קובץ מפרשים לפי הדף ביצה,כן,ביצה,ז:,פירוש,לא,
2290,קובץ מפרשים לפי הדף ביצה,כן,ביצה,ז:,פירוש,לא,
2291,קובץ מפרשים לפי הדף ביצה,כן,ביצה,ז:,פירוש,לא,
2292,קובץ מפרשים לפי הדף ביצה,כן,ביצה,ז:,פירוש,לא,
2293,קובץ מפרשים לפי הדף ביצה,כן,ביצה,ז:,פירוש,לא,
2294,קובץ מפרשים לפי הדף ביצה,כן,ביצה,ז:,פירוש,לא,
2296,קובץ מפרשים לפי הדף ביצה,כן,ביצה,ז:,פירוש,לא,
2297,קובץ מפרשים לפי הדף ביצה,כן,ביצה,ז:,פירוש,לא,
2298,קובץ מפרשים לפי הדף ביצה,כן,ביצה,ז:,פירוש,לא,
2299,קובץ מפרשים לפי הדף ביצה,כן,ביצה,ז:,פירוש,לא,
2300,קובץ מפרשים לפי הדף ביצה,כן,ביצה,ז:,פירוש,לא,
2301,קובץ מפרשים לפי הדף ביצה,כן,ביצה,ז:,פירוש,לא,
2302,קובץ מפרשים לפי הדף ביצה,כן,ביצה,ז:,פירוש,לא,
2303,קובץ מפרשים לפי הדף ביצה,כן,ביצה,ז:,פירוש,לא,
2304,קובץ מפרשים לפי הדף ביצה,כן,ביצה,ז:,פירוש,לא,
2305,קובץ מפרשים לפי הדף ביצה,כן,ביצה,ז:,פירוש,לא,
2306,קובץ מפרשים לפי הדף ביצה,כן,ביצה,ז:,פירוש,לא,
2307,קובץ מפרשים לפי הדף ביצה,כן,ביצה,ז:,פירוש,לא,
2308,קובץ מפרשים לפי הדף ביצה,כן,ביצה,ז:,פירוש,לא,
2309,קובץ מפרשים לפי הדף ביצה,כן,ביצה,ז:,פירוש,לא,
2310,קובץ מפרשים לפי הדף ביצה,כן,ביצה,ז:,פירוש,לא,
2312,קובץ מפרשים לפי הדף ביצה,כן,ביצה,ז:,פירוש,לא,
2314,קובץ מפרשים לפי הדף ביצה,כן,ביצה,ז:,פירוש,לא,
2315,קובץ מפרשים לפי הדף ביצה,כן,ביצה,ז:,פירוש,לא,
2316,קובץ מפרשים לפי הדף ביצה,כן,ביצה,ז:,פירוש,לא,
2317,קובץ מפרשים לפי הדף ביצה,כן,ביצה,ז:,פירוש,לא,
2318,קובץ מפרשים לפי הדף ביצה,כן,ביצה,ז:,פירוש,לא,
2319,קובץ מפרשים לפי הדף ביצה,כן,ביצה,ז:,פירוש,לא,
2320,קובץ מפרשים לפי הדף ביצה,כן,ביצה,ז:,פירוש,לא,
2321,קובץ מפרשים לפי הדף ביצה,כן,ביצה,ז:,פירוש,לא,
2322,קובץ מפרשים לפי הדף ביצה,כן,ביצה,ז:,פירוש,לא,
2323,קובץ מפרשים לפי הדף ביצה,כן,ביצה,ז:,פירוש,לא,
2325,קובץ מפרשים לפי הדף ביצה,כן,ביצה,ז:,פירוש,לא,
2327,קובץ מפרשים לפי הדף ביצה,כן,ביצה,ז:,פירוש,לא,
2329,קובץ מפרשים לפי הדף ביצה,כן,ביצה,ז:,פירוש,לא,
2331,קובץ מפרשים לפי הדף ביצה,כן,ביצה,ז:,פירוש,לא,
2332,קובץ מפרשים לפי הדף ביצה,כן,ביצה,ז:,פירוש,לא,
2333,קובץ מפרשים לפי הדף ביצה,כן,ביצה,ז:,פירוש,לא,
2335,קובץ מפרשים לפי הדף ביצה,כן,ביצה,ז:,פירוש,לא,
2336,קובץ מפרשים לפי הדף ביצה,כן,ביצה,ז:,פירוש,לא,
2338,קובץ מפרשים לפי הדף ביצה,כן,ביצה,ז:,פירוש,לא,
2339,קובץ מפרשים לפי הדף ביצה,כן,ביצה,ז:,פירוש,לא,
2340,קובץ מפרשים לפי הדף ביצה,כן,ביצה,ז:,פירוש,לא,
2343,קובץ מפרשים לפי הדף ביצה,כן,ביצה,ח.,פירוש,לא,
2344,קובץ מפרשים לפי הדף ביצה,כן,ביצה,ח.,פירוש,לא,
2345,קובץ מפרשים לפי הדף ביצה,כן,ביצה,ח.,פירוש,לא,
2346,קובץ מפרשים לפי הדף ביצה,כן,ביצה,ח.,פירוש,לא,
2347,קובץ מפרשים לפי הדף ביצה,כן,ביצה,ח.,פירוש,לא,
2348,קובץ מפרשים לפי הדף ביצה,כן,ביצה,ח.,פירוש,לא,
2349,קובץ מפרשים לפי הדף ביצה,כן,ביצה,ח.,פירוש,לא,
2351,קובץ מפרשים לפי הדף ביצה,כן,ביצה,ח.,פירוש,לא,
2352,קובץ מפרשים לפי הדף ביצה,כן,ביצה,ח.,פירוש,לא,
2353,קובץ מפרשים לפי הדף ביצה,כן,ביצה,ח.,פירוש,לא,
2354,קובץ מפרשים לפי הדף ביצה,כן,ביצה,ח.,פירוש,לא,
2355,קובץ מפרשים לפי הדף ביצה,כן,ביצה,ח.,פירוש,לא,
2356,קובץ מפרשים לפי הדף ביצה,כן,ביצה,ח.,פירוש,לא,
2357,קובץ מפרשים לפי הדף ביצה,כן,ביצה,ח.,פירוש,לא,
2359,קובץ מפרשים לפי הדף ביצה,כן,ביצה,ח.,פירוש,לא,
2360,קובץ מפרשים לפי הדף ביצה,כן,ביצה,ח.,פירוש,לא,
2362,קובץ מפרשים לפי הדף ביצה,כן,ביצה,ח.,פירוש,לא,
2363,קובץ מפרשים לפי הדף ביצה,כן,ביצה,ח.,פירוש,לא,
2364,קובץ מפרשים לפי הדף ביצה,כן,ביצה,ח.,פירוש,לא,
2365,קובץ מפרשים לפי הדף ביצה,כן,ביצה,ח.,פירוש,לא,
2366,קובץ מפרשים לפי הדף ביצה,כן,ביצה,ח.,פירוש,לא,
2368,קובץ מפרשים לפי הדף ביצה,כן,ביצה,ח.,פירוש,לא,
2369,קובץ מפרשים לפי הדף ביצה,כן,ביצה,ח.,פירוש,לא,
2371,קובץ מפרשים לפי הדף ביצה,כן,ביצה,ח.,פירוש,לא,
2372,קובץ מפרשים לפי הדף ביצה,כן,ביצה,ח.,פירוש,לא,
2374,קובץ מפרשים לפי הדף ביצה,כן,ביצה,ח.,פירוש,לא,
2375,קובץ מפרשים לפי הדף ביצה,כן,ביצה,ח.,פירוש,לא,
2376,קובץ מפרשים לפי הדף ביצה,כן,ביצה,ח.,פירוש,לא,
2377,קובץ מפרשים לפי הדף ביצה,כן,ביצה,ח.,פירוש,לא,
2378,קובץ מפרשים לפי הדף ביצה,כן,ביצה,ח.,פירוש,לא,
2379,קובץ מפרשים לפי הדף ביצה,כן,ביצה,ח.,פירוש,לא,
2381,קובץ מפרשים לפי הדף ביצה,כן,ביצה,ח.,פירוש,לא,
2382,קובץ מפרשים לפי הדף ביצה,כן,ביצה,ח.,פירוש,לא,
2383,קובץ מפרשים לפי הדף ביצה,כן,ביצה,ח.,פירוש,לא,
2384,קובץ מפרשים לפי הדף ביצה,כן,ביצה,ח.,פירוש,לא,
2385,קובץ מפרשים לפי הדף ביצה,כן,ביצה,ח.,פירוש,לא,
2386,קובץ מפרשים לפי הדף ביצה,כן,ביצה,ח.,פירוש,לא,
2387,קובץ מפרשים לפי הדף ביצה,כן,ביצה,ח.,פירוש,לא,
2389,קובץ מפרשים לפי הדף ביצה,כן,ביצה,ח.,פירוש,לא,
2390,קובץ מפרשים לפי הדף ביצה,כן,ביצה,ח.,פירוש,לא,
2391,קובץ מפרשים לפי הדף ביצה,כן,ביצה,ח.,פירוש,לא,
2392,קובץ מפרשים לפי הדף ביצה,כן,ביצה,ח.,פירוש,לא,
2393,קובץ מפרשים לפי הדף ביצה,כן,ביצה,ח.,פירוש,לא,
2395,קובץ מפרשים לפי הדף ביצה,כן,ביצה,ח.,פירוש,לא,
2396,קובץ מפרשים לפי הדף ביצה,כן,ביצה,ח.,פירוש,לא,
2397,קובץ מפרשים לפי הדף ביצה,כן,ביצה,ח.,פירוש,לא,
2398,קובץ מפרשים לפי הדף ביצה,כן,ביצה,ח.,פירוש,לא,
2399,קובץ מפרשים לפי הדף ביצה,כן,ביצה,ח.,פירוש,לא,
2400,קובץ מפרשים לפי הדף ביצה,כן,ביצה,ח.,פירוש,לא,
2401,קובץ מפרשים לפי הדף ביצה,כן,ביצה,ח.,פירוש,לא,
2402,קובץ מפרשים לפי הדף ביצה,כן,ביצה,ח.,פירוש,לא,
2403,קובץ מפרשים לפי הדף ביצה,כן,ביצה,ח.,פירוש,לא,
2404,קובץ מפרשים לפי הדף ביצה,כן,ביצה,ח.,פירוש,לא,
2405,קובץ מפרשים לפי הדף ביצה,כן,ביצה,ח.,פירוש,לא,
2406,קובץ מפרשים לפי הדף ביצה,כן,ביצה,ח.,פירוש,לא,
2408,קובץ מפרשים לפי הדף ביצה,כן,ביצה,ח.,פירוש,לא,
2409,קובץ מפרשים לפי הדף ביצה,כן,ביצה,ח.,פירוש,לא,
2410,קובץ מפרשים לפי הדף ביצה,כן,ביצה,ח.,פירוש,לא,
2411,קובץ מפרשים לפי הדף ביצה,כן,ביצה,ח.,פירוש,לא,
2412,קובץ מפרשים לפי הדף ביצה,כן,ביצה,ח.,פירוש,לא,
2413,קובץ מפרשים לפי הדף ביצה,כן,ביצה,ח.,פירוש,לא,
2415,קובץ מפרשים לפי הדף ביצה,כן,ביצה,ח.,פירוש,לא,
2416,קובץ מפרשים לפי הדף ביצה,כן,ביצה,ח.,פירוש,לא,
2417,קובץ מפרשים לפי הדף ביצה,כן,ביצה,ח.,פירוש,לא,
2418,קובץ מפרשים לפי הדף ביצה,כן,ביצה,ח.,פירוש,לא,
2419,קובץ מפרשים לפי הדף ביצה,כן,ביצה,ח.,פירוש,לא,
2421,קובץ מפרשים לפי הדף ביצה,כן,ביצה,ח.,פירוש,לא,
2422,קובץ מפרשים לפי הדף ביצה,כן,ביצה,ח.,פירוש,לא,
2424,קובץ מפרשים לפי הדף ביצה,כן,ביצה,ח.,פירוש,לא,
2425,קובץ מפרשים לפי הדף ביצה,כן,ביצה,ח.,פירוש,לא,
2426,קובץ מפרשים לפי הדף ביצה,כן,ביצה,ח.,פירוש,לא,
2427,קובץ מפרשים לפי הדף ביצה,כן,ביצה,ח.,פירוש,לא,
2428,קובץ מפרשים לפי הדף ביצה,כן,ביצה,ח.,פירוש,לא,
2429,קובץ מפרשים לפי הדף ביצה,כן,ביצה,ח.,פירוש,לא,
2430,קובץ מפרשים לפי הדף ביצה,כן,ביצה,ח.,פירוש,לא,
2431,קובץ מפרשים לפי הדף ביצה,כן,ביצה,ח.,פירוש,לא,
2432,קובץ מפרשים לפי הדף ביצה,כן,ביצה,ח.,פירוש,לא,
2433,קובץ מפרשים לפי הדף ביצה,כן,ביצה,ח.,פירוש,לא,
2434,קובץ מפרשים לפי הדף ביצה,כן,ביצה,ח.,פירוש,לא,
2436,קובץ מפרשים לפי הדף ביצה,כן,ביצה,ח.,פירוש,לא,
2437,קובץ מפרשים לפי הדף ביצה,כן,ביצה,ח.,פירוש,לא,
2438,קובץ מפרשים לפי הדף ביצה,כן,ביצה,ח.,פירוש,לא,
2439,קובץ מפרשים לפי הדף ביצה,כן,ביצה,ח.,פירוש,לא,
2440,קובץ מפרשים לפי הדף ביצה,כן,ביצה,ח.,פירוש,לא,
2441,קובץ מפרשים לפי הדף ביצה,כן,ביצה,ח.,פירוש,לא,
2442,קובץ מפרשים לפי הדף ביצה,כן,ביצה,ח.,פירוש,לא,
2443,קובץ מפרשים לפי הדף ביצה,כן,ביצה,ח.,פירוש,לא,
2444,קובץ מפרשים לפי הדף ביצה,כן,ביצה,ח.,פירוש,לא,
2445,קובץ מפרשים לפי הדף ביצה,כן,ביצה,ח.,פירוש,לא,
2446,קובץ מפרשים לפי הדף ביצה,כן,ביצה,ח.,פירוש,לא,
2447,קובץ מפרשים לפי הדף ביצה,כן,ביצה,ח.,פירוש,לא,
2448,קובץ מפרשים לפי הדף ביצה,כן,ביצה,ח.,פירוש,לא,
2449,קובץ מפרשים לפי הדף ביצה,כן,ביצה,ח.,פירוש,לא,
2450,קובץ מפרשים לפי הדף ביצה,כן,ביצה,ח.,פירוש,לא,
2451,קובץ מפרשים לפי הדף ביצה,כן,ביצה,ח.,פירוש,לא,
2452,קובץ מפרשים לפי הדף ביצה,כן,ביצה,ח.,פירוש,לא,
2453,קובץ מפרשים לפי הדף ביצה,כן,ביצה,ח.,פירוש,לא,
2454,קובץ מפרשים לפי הדף ביצה,כן,ביצה,ח.,פירוש,לא,
2455,קובץ מפרשים לפי הדף ביצה,כן,ביצה,ח.,פירוש,לא,
2456,קובץ מפרשים לפי הדף ביצה,כן,ביצה,ח.,פירוש,לא,
2457,קובץ מפרשים לפי הדף ביצה,כן,ביצה,ח.,פירוש,לא,
2458,קובץ מפרשים לפי הדף ביצה,כן,ביצה,ח.,פירוש,לא,
2459,קובץ מפרשים לפי הדף ביצה,כן,ביצה,ח.,פירוש,לא,
2460,קובץ מפרשים לפי הדף ביצה,כן,ביצה,ח.,פירוש,לא,
2461,קובץ מפרשים לפי הדף ביצה,כן,ביצה,ח.,פירוש,לא,
2462,קובץ מפרשים לפי הדף ביצה,כן,ביצה,ח.,פירוש,לא,
2463,קובץ מפרשים לפי הדף ביצה,כן,ביצה,ח.,פירוש,לא,
2464,קובץ מפרשים לפי הדף ביצה,כן,ביצה,ח.,פירוש,לא,
2465,קובץ מפרשים לפי הדף ביצה,כן,ביצה,ח.,פירוש,לא,
2466,קובץ מפרשים לפי הדף ביצה,כן,ביצה,ח.,פירוש,לא,
2467,קובץ מפרשים לפי הדף ביצה,כן,ביצה,ח.,פירוש,לא,
2469,קובץ מפרשים לפי הדף ביצה,כן,ביצה,ח.,פירוש,לא,
2470,קובץ מפרשים לפי הדף ביצה,כן,ביצה,ח.,פירוש,לא,
2471,קובץ מפרשים לפי הדף ביצה,כן,ביצה,ח.,פירוש,לא,
2472,קובץ מפרשים לפי הדף ביצה,כן,ביצה,ח.,פירוש,לא,
2473,קובץ מפרשים לפי הדף ביצה,כן,ביצה,ח.,פירוש,לא,
2474,קובץ מפרשים לפי הדף ביצה,כן,ביצה,ח.,פירוש,לא,
2476,קובץ מפרשים לפי הדף ביצה,כן,ביצה,ח.,פירוש,לא,
2477,קובץ מפרשים לפי הדף ביצה,כן,ביצה,ח.,פירוש,לא,
2478,קובץ מפרשים לפי הדף ביצה,כן,ביצה,ח.,פירוש,לא,
2479,קובץ מפרשים לפי הדף ביצה,כן,ביצה,ח.,פירוש,לא,
2480,קובץ מפרשים לפי הדף ביצה,כן,ביצה,ח.,פירוש,לא,
2481,קובץ מפרשים לפי הדף ביצה,כן,ביצה,ח.,פירוש,לא,
2482,קובץ מפרשים לפי הדף ביצה,כן,ביצה,ח.,פירוש,לא,
2483,קובץ מפרשים לפי הדף ביצה,כן,ביצה,ח.,פירוש,לא,
2484,קובץ מפרשים לפי הדף ביצה,כן,ביצה,ח.,פירוש,לא,
2485,קובץ מפרשים לפי הדף ביצה,כן,ביצה,ח.,פירוש,לא,
2487,קובץ מפרשים לפי הדף ביצה,כן,ביצה,ח.,פירוש,לא,
2488,קובץ מפרשים לפי הדף ביצה,כן,ביצה,ח.,פירוש,לא,
2490,קובץ מפרשים לפי הדף ביצה,כן,ביצה,ח.,פירוש,לא,
2492,קובץ מפרשים לפי הדף ביצה,כן,ביצה,ח.,פירוש,לא,
2493,קובץ מפרשים לפי הדף ביצה,כן,ביצה,ח.,פירוש,לא,
2494,קובץ מפרשים לפי הדף ביצה,כן,ביצה,ח.,פירוש,לא,
2496,קובץ מפרשים לפי הדף ביצה,כן,ביצה,ח.,פירוש,לא,
2497,קובץ מפרשים לפי הדף ביצה,כן,ביצה,ח.,פירוש,לא,
2498,קובץ מפרשים לפי הדף ביצה,כן,ביצה,ח.,פירוש,לא,
2499,קובץ מפרשים לפי הדף ביצה,כן,ביצה,ח.,פירוש,לא,
2500,קובץ מפרשים לפי הדף ביצה,כן,ביצה,ח.,פירוש,לא,
2501,קובץ מפרשים לפי הדף ביצה,כן,ביצה,ח.,פירוש,לא,
2503,קובץ מפרשים לפי הדף ביצה,כן,ביצה,ח.,פירוש,לא,
2504,קובץ מפרשים לפי הדף ביצה,כן,ביצה,ח.,פירוש,לא,
2505,קובץ מפרשים לפי הדף ביצה,כן,ביצה,ח.,פירוש,לא,
2506,קובץ מפרשים לפי הדף ביצה,כן,ביצה,ח.,פירוש,לא,
2507,קובץ מפרשים לפי הדף ביצה,כן,ביצה,ח.,פירוש,לא,
2508,קובץ מפרשים לפי הדף ביצה,כן,ביצה,ח.,פירוש,לא,
2509,קובץ מפרשים לפי הדף ביצה,כן,ביצה,ח.,פירוש,לא,
2510,קובץ מפרשים לפי הדף ביצה,כן,ביצה,ח.,פירוש,לא,
2511,קובץ מפרשים לפי הדף ביצה,כן,ביצה,ח.,פירוש,לא,
2513,קובץ מפרשים לפי הדף ביצה,כן,ביצה,ח.,פירוש,לא,
2514,קובץ מפרשים לפי הדף ביצה,כן,ביצה,ח.,פירוש,לא,
2515,קובץ מפרשים לפי הדף ביצה,כן,ביצה,ח.,פירוש,לא,
2516,קובץ מפרשים לפי הדף ביצה,כן,ביצה,ח.,פירוש,לא,
2517,קובץ מפרשים לפי הדף ביצה,כן,ביצה,ח.,פירוש,לא,
2520,קובץ מפרשים לפי הדף ביצה,כן,ביצה,ח:,פירוש,לא,
2521,קובץ מפרשים לפי הדף ביצה,כן,ביצה,ח:,פירוש,לא,
2522,קובץ מפרשים לפי הדף ביצה,כן,ביצה,ח:,פירוש,לא,
2523,קובץ מפרשים לפי הדף ביצה,כן,ביצה,ח:,פירוש,לא,
2524,קובץ מפרשים לפי הדף ביצה,כן,ביצה,ח:,פירוש,לא,
2525,קובץ מפרשים לפי הדף ביצה,כן,ביצה,ח:,פירוש,לא,
2526,קובץ מפרשים לפי הדף ביצה,כן,ביצה,ח:,פירוש,לא,
2527,קובץ מפרשים לפי הדף ביצה,כן,ביצה,ח:,פירוש,לא,
2529,קובץ מפרשים לפי הדף ביצה,כן,ביצה,ח:,פירוש,לא,
2530,קובץ מפרשים לפי הדף ביצה,כן,ביצה,ח:,פירוש,לא,
2531,קובץ מפרשים לפי הדף ביצה,כן,ביצה,ח:,פירוש,לא,
2532,קובץ מפרשים לפי הדף ביצה,כן,ביצה,ח:,פירוש,לא,
2533,קובץ מפרשים לפי הדף ביצה,כן,ביצה,ח:,פירוש,לא,
2534,קובץ מפרשים לפי הדף ביצה,כן,ביצה,ח:,פירוש,לא,
2535,קובץ מפרשים לפי הדף ביצה,כן,ביצה,ח:,פירוש,לא,
2536,קובץ מפרשים לפי הדף ביצה,כן,ביצה,ח:,פירוש,לא,
2537,קובץ מפרשים לפי הדף ביצה,כן,ביצה,ח:,פירוש,לא,
2538,קובץ מפרשים לפי הדף ביצה,כן,ביצה,ח:,פירוש,לא,
2539,קובץ מפרשים לפי הדף ביצה,כן,ביצה,ח:,פירוש,לא,
2540,קובץ מפרשים לפי הדף ביצה,כן,ביצה,ח:,פירוש,לא,
2541,קובץ מפרשים לפי הדף ביצה,כן,ביצה,ח:,פירוש,לא,
2542,קובץ מפרשים לפי הדף ביצה,כן,ביצה,ח:,פירוש,לא,
2543,קובץ מפרשים לפי הדף ביצה,כן,ביצה,ח:,פירוש,לא,
2544,קובץ מפרשים לפי הדף ביצה,כן,ביצה,ח:,פירוש,לא,
2545,קובץ מפרשים לפי הדף ביצה,כן,ביצה,ח:,פירוש,לא,
2546,קובץ מפרשים לפי הדף ביצה,כן,ביצה,ח:,פירוש,לא,
2547,קובץ מפרשים לפי הדף ביצה,כן,ביצה,ח:,פירוש,לא,
2548,קובץ מפרשים לפי הדף ביצה,כן,ביצה,ח:,פירוש,לא,
2549,קובץ מפרשים לפי הדף ביצה,כן,ביצה,ח:,פירוש,לא,
2551,קובץ מפרשים לפי הדף ביצה,כן,ביצה,ח:,פירוש,לא,
2553,קובץ מפרשים לפי הדף ביצה,כן,ביצה,ח:,פירוש,לא,
2554,קובץ מפרשים לפי הדף ביצה,כן,ביצה,ח:,פירוש,לא,
2555,קובץ מפרשים לפי הדף ביצה,כן,ביצה,ח:,פירוש,לא,
2556,קובץ מפרשים לפי הדף ביצה,כן,ביצה,ח:,פירוש,לא,
2557,קובץ מפרשים לפי הדף ביצה,כן,ביצה,ח:,פירוש,לא,
2558,קובץ מפרשים לפי הדף ביצה,כן,ביצה,ח:,פירוש,לא,
2559,קובץ מפרשים לפי הדף ביצה,כן,ביצה,ח:,פירוש,לא,
2560,קובץ מפרשים לפי הדף ביצה,כן,ביצה,ח:,פירוש,לא,
2561,קובץ מפרשים לפי הדף ביצה,כן,ביצה,ח:,פירוש,לא,
2562,קובץ מפרשים לפי הדף ביצה,כן,ביצה,ח:,פירוש,לא,
2563,קובץ מפרשים לפי הדף ביצה,כן,ביצה,ח:,פירוש,לא,
2564,קובץ מפרשים לפי הדף ביצה,כן,ביצה,ח:,פירוש,לא,
2565,קובץ מפרשים לפי הדף ביצה,כן,ביצה,ח:,פירוש,לא,
2567,קובץ מפרשים לפי הדף ביצה,כן,ביצה,ח:,פירוש,לא,
2568,קובץ מפרשים לפי הדף ביצה,כן,ביצה,ח:,פירוש,לא,
2569,קובץ מפרשים לפי הדף ביצה,כן,ביצה,ח:,פירוש,לא,
2571,קובץ מפרשים לפי הדף ביצה,כן,ביצה,ח:,פירוש,לא,
2573,קובץ מפרשים לפי הדף ביצה,כן,ביצה,ח:,פירוש,לא,
2574,קובץ מפרשים לפי הדף ביצה,כן,ביצה,ח:,פירוש,לא,
2575,קובץ מפרשים לפי הדף ביצה,כן,ביצה,ח:,פירוש,לא,
2576,קובץ מפרשים לפי הדף ביצה,כן,ביצה,ח:,פירוש,לא,
2577,קובץ מפרשים לפי הדף ביצה,כן,ביצה,ח:,פירוש,לא,
2578,קובץ מפרשים לפי הדף ביצה,כן,ביצה,ח:,פירוש,לא,
2579,קובץ מפרשים לפי הדף ביצה,כן,ביצה,ח:,פירוש,לא,
2580,קובץ מפרשים לפי הדף ביצה,כן,ביצה,ח:,פירוש,לא,
2582,קובץ מפרשים לפי הדף ביצה,כן,ביצה,ח:,פירוש,לא,
2583,קובץ מפרשים לפי הדף ביצה,כן,ביצה,ח:,פירוש,לא,
2584,קובץ מפרשים לפי הדף ביצה,כן,ביצה,ח:,פירוש,לא,
2585,קובץ מפרשים לפי הדף ביצה,כן,ביצה,ח:,פירוש,לא,
2586,קובץ מפרשים לפי הדף ביצה,כן,ביצה,ח:,פירוש,לא,
2587,קובץ מפרשים לפי הדף ביצה,כן,ביצה,ח:,פירוש,לא,
2589,קובץ מפרשים לפי הדף ביצה,כן,ביצה,ח:,פירוש,לא,
2590,קובץ מפרשים לפי הדף ביצה,כן,ביצה,ח:,פירוש,לא,
2592,קובץ מפרשים לפי הדף ביצה,כן,ביצה,ח:,פירוש,לא,
2593,קובץ מפרשים לפי הדף ביצה,כן,ביצה,ח:,פירוש,לא,
2594,קובץ מפרשים לפי הדף ביצה,כן,ביצה,ח:,פירוש,לא,
2595,קובץ מפרשים לפי הדף ביצה,כן,ביצה,ח:,פירוש,לא,
2596,קובץ מפרשים לפי הדף ביצה,כן,ביצה,ח:,פירוש,לא,
2597,קובץ מפרשים לפי הדף ביצה,כן,ביצה,ח:,פירוש,לא,
2598,קובץ מפרשים לפי הדף ביצה,כן,ביצה,ח:,פירוש,לא,
2599,קובץ מפרשים לפי הדף ביצה,כן,ביצה,ח:,פירוש,לא,
2600,קובץ מפרשים לפי הדף ביצה,כן,ביצה,ח:,פירוש,לא,
2602,קובץ מפרשים לפי הדף ביצה,כן,ביצה,ח:,פירוש,לא,
2603,קובץ מפרשים לפי הדף ביצה,כן,ביצה,ח:,פירוש,לא,
2604,קובץ מפרשים לפי הדף ביצה,כן,ביצה,ח:,פירוש,לא,
2605,קובץ מפרשים לפי הדף ביצה,כן,ביצה,ח:,פירוש,לא,
2606,קובץ מפרשים לפי הדף ביצה,כן,ביצה,ח:,פירוש,לא,
2607,קובץ מפרשים לפי הדף ביצה,כן,ביצה,ח:,פירוש,לא,
2608,קובץ מפרשים לפי הדף ביצה,כן,ביצה,ח:,פירוש,לא,
2610,קובץ מפרשים לפי הדף ביצה,כן,ביצה,ח:,פירוש,לא,
2611,קובץ מפרשים לפי הדף ביצה,כן,ביצה,ח:,פירוש,לא,
2612,קובץ מפרשים לפי הדף ביצה,כן,ביצה,ח:,פירוש,לא,
2613,קובץ מפרשים לפי הדף ביצה,כן,ביצה,ח:,פירוש,לא,
2614,קובץ מפרשים לפי הדף ביצה,כן,ביצה,ח:,פירוש,לא,
2615,קובץ מפרשים לפי הדף ביצה,כן,ביצה,ח:,פירוש,לא,
2616,קובץ מפרשים לפי הדף ביצה,כן,ביצה,ח:,פירוש,לא,
2617,קובץ מפרשים לפי הדף ביצה,כן,ביצה,ח:,פירוש,לא,
2618,קובץ מפרשים לפי הדף ביצה,כן,ביצה,ח:,פירוש,לא,
2619,קובץ מפרשים לפי הדף ביצה,כן,ביצה,ח:,פירוש,לא,
2621,קובץ מפרשים לפי הדף ביצה,כן,ביצה,ח:,פירוש,לא,
2622,קובץ מפרשים לפי הדף ביצה,כן,ביצה,ח:,פירוש,לא,
2623,קובץ מפרשים לפי הדף ביצה,כן,ביצה,ח:,פירוש,לא,
2624,קובץ מפרשים לפי הדף ביצה,כן,ביצה,ח:,פירוש,לא,
2625,קובץ מפרשים לפי הדף ביצה,כן,ביצה,ח:,פירוש,לא,
2626,קובץ מפרשים לפי הדף ביצה,כן,ביצה,ח:,פירוש,לא,
2627,קובץ מפרשים לפי הדף ביצה,כן,ביצה,ח:,פירוש,לא,
2628,קובץ מפרשים לפי הדף ביצה,כן,ביצה,ח:,פירוש,לא,
2629,קובץ מפרשים לפי הדף ביצה,כן,ביצה,ח:,פירוש,לא,
2630,קובץ מפרשים לפי הדף ביצה,כן,ביצה,ח:,פירוש,לא,
2631,קובץ מפרשים לפי הדף ביצה,כן,ביצה,ח:,פירוש,לא,
2632,קובץ מפרשים לפי הדף ביצה,כן,ביצה,ח:,פירוש,לא,
2633,קובץ מפרשים לפי הדף ביצה,כן,ביצה,ח:,פירוש,לא,
2634,קובץ מפרשים לפי הדף ביצה,כן,ביצה,ח:,פירוש,לא,
2635,קובץ מפרשים לפי הדף ביצה,כן,ביצה,ח:,פירוש,לא,
2636,קובץ מפרשים לפי הדף ביצה,כן,ביצה,ח:,פירוש,לא,
2638,קובץ מפרשים לפי הדף ביצה,כן,ביצה,ח:,פירוש,לא,
2639,קובץ מפרשים לפי הדף ביצה,כן,ביצה,ח:,פירוש,לא,
2640,קובץ מפרשים לפי הדף ביצה,כן,ביצה,ח:,פירוש,לא,
2641,קובץ מפרשים לפי הדף ביצה,כן,ביצה,ח:,פירוש,לא,
2642,קובץ מפרשים לפי הדף ביצה,כן,ביצה,ח:,פירוש,לא,
2643,קובץ מפרשים לפי הדף ביצה,כן,ביצה,ח:,פירוש,לא,
2644,קובץ מפרשים לפי הדף ביצה,כן,ביצה,ח:,פירוש,לא,
2645,קובץ מפרשים לפי הדף ביצה,כן,ביצה,ח:,פירוש,לא,
2646,קובץ מפרשים לפי הדף ביצה,כן,ביצה,ח:,פירוש,לא,
2647,קובץ מפרשים לפי הדף ביצה,כן,ביצה,ח:,פירוש,לא,
2649,קובץ מפרשים לפי הדף ביצה,כן,ביצה,ח:,פירוש,לא,
2650,קובץ מפרשים לפי הדף ביצה,כן,ביצה,ח:,פירוש,לא,
2651,קובץ מפרשים לפי הדף ביצה,כן,ביצה,ח:,פירוש,לא,
2652,קובץ מפרשים לפי הדף ביצה,כן,ביצה,ח:,פירוש,לא,
2653,קובץ מפרשים לפי הדף ביצה,כן,ביצה,ח:,פירוש,לא,
2654,קובץ מפרשים לפי הדף ביצה,כן,ביצה,ח:,פירוש,לא,
2655,קובץ מפרשים לפי הדף ביצה,כן,ביצה,ח:,פירוש,לא,
2657,קובץ מפרשים לפי הדף ביצה,כן,ביצה,ח:,פירוש,לא,
2658,קובץ מפרשים לפי הדף ביצה,כן,ביצה,ח:,פירוש,לא,
2659,קובץ מפרשים לפי הדף ביצה,כן,ביצה,ח:,פירוש,לא,
2660,קובץ מפרשים לפי הדף ביצה,כן,ביצה,ח:,פירוש,לא,
2661,קובץ מפרשים לפי הדף ביצה,כן,ביצה,ח:,פירוש,לא,
2663,קובץ מפרשים לפי הדף ביצה,כן,ביצה,ח:,פירוש,לא,
2664,קובץ מפרשים לפי הדף ביצה,כן,ביצה,ח:,פירוש,לא,
2666,קובץ מפרשים לפי הדף ביצה,כן,ביצה,ח:,פירוש,לא,
2668,קובץ מפרשים לפי הדף ביצה,כן,ביצה,ח:,פירוש,לא,
2669,קובץ מפרשים לפי הדף ביצה,כן,ביצה,ח:,פירוש,לא,
2670,קובץ מפרשים לפי הדף ביצה,כן,ביצה,ח:,פירוש,לא,
2671,קובץ מפרשים לפי הדף ביצה,כן,ביצה,ח:,פירוש,לא,
2672,קובץ מפרשים לפי הדף ביצה,כן,ביצה,ח:,פירוש,לא,
2674,קובץ מפרשים לפי הדף ביצה,כן,ביצה,ח:,פירוש,לא,
2675,קובץ מפרשים לפי הדף ביצה,כן,ביצה,ח:,פירוש,לא,
2676,קובץ מפרשים לפי הדף ביצה,כן,ביצה,ח:,פירוש,לא,
2678,קובץ מפרשים לפי הדף ביצה,כן,ביצה,ח:,פירוש,לא,
2679,קובץ מפרשים לפי הדף ביצה,כן,ביצה,ח:,פירוש,לא,
2680,קובץ מפרשים לפי הדף ביצה,כן,ביצה,ח:,פירוש,לא,
2682,קובץ מפרשים לפי הדף ביצה,כן,ביצה,ח:,פירוש,לא,
2683,קובץ מפרשים לפי הדף ביצה,כן,ביצה,ח:,פירוש,לא,
2684,קובץ מפרשים לפי הדף ביצה,כן,ביצה,ח:,פירוש,לא,
2686,קובץ מפרשים לפי הדף ביצה,כן,ביצה,ח:,פירוש,לא,
2687,קובץ מפרשים לפי הדף ביצה,כן,ביצה,ח:,פירוש,לא,
2688,קובץ מפרשים לפי הדף ביצה,כן,ביצה,ח:,פירוש,לא,
2689,קובץ מפרשים לפי הדף ביצה,כן,ביצה,ח:,פירוש,לא,
2690,קובץ מפרשים לפי הדף ביצה,כן,ביצה,ח:,פירוש,לא,
2691,קובץ מפרשים לפי הדף ביצה,כן,ביצה,ח:,פירוש,לא,
2692,קובץ מפרשים לפי הדף ביצה,כן,ביצה,ח:,פירוש,לא,
2693,קובץ מפרשים לפי הדף ביצה,כן,ביצה,ח:,פירוש,לא,
2694,קובץ מפרשים לפי הדף ביצה,כן,ביצה,ח:,פירוש,לא,
2697,קובץ מפרשים לפי הדף ביצה,כן,ביצה,ט.,פירוש,לא,
2698,קובץ מפרשים לפי הדף ביצה,כן,ביצה,ט.,פירוש,לא,
2699,קובץ מפרשים לפי הדף ביצה,כן,ביצה,ט.,פירוש,לא,
2700,קובץ מפרשים לפי הדף ביצה,כן,ביצה,ט.,פירוש,לא,
2701,קובץ מפרשים לפי הדף ביצה,כן,ביצה,ט.,פירוש,לא,
2703,קובץ מפרשים לפי הדף ביצה,כן,ביצה,ט.,פירוש,לא,
2704,קובץ מפרשים לפי הדף ביצה,כן,ביצה,ט.,פירוש,לא,
2705,קובץ מפרשים לפי הדף ביצה,כן,ביצה,ט.,פירוש,לא,
2706,קובץ מפרשים לפי הדף ביצה,כן,ביצה,ט.,פירוש,לא,
2707,קובץ מפרשים לפי הדף ביצה,כן,ביצה,ט.,פירוש,לא,
2708,קובץ מפרשים לפי הדף ביצה,כן,ביצה,ט.,פירוש,לא,
2710,קובץ מפרשים לפי הדף ביצה,כן,ביצה,ט.,פירוש,לא,
2711,קובץ מפרשים לפי הדף ביצה,כן,ביצה,ט.,פירוש,לא,
2712,קובץ מפרשים לפי הדף ביצה,כן,ביצה,ט.,פירוש,לא,
2714,קובץ מפרשים לפי הדף ביצה,כן,ביצה,ט.,פירוש,לא,
2715,קובץ מפרשים לפי הדף ביצה,כן,ביצה,ט.,פירוש,לא,
2717,קובץ מפרשים לפי הדף ביצה,כן,ביצה,ט.,פירוש,לא,
2718,קובץ מפרשים לפי הדף ביצה,כן,ביצה,ט.,פירוש,לא,
2720,קובץ מפרשים לפי הדף ביצה,כן,ביצה,ט.,פירוש,לא,
2721,קובץ מפרשים לפי הדף ביצה,כן,ביצה,ט.,פירוש,לא,
2722,קובץ מפרשים לפי הדף ביצה,כן,ביצה,ט.,פירוש,לא,
2723,קובץ מפרשים לפי הדף ביצה,כן,ביצה,ט.,פירוש,לא,
2724,קובץ מפרשים לפי הדף ביצה,כן,ביצה,ט.,פירוש,לא,
2725,קובץ מפרשים לפי הדף ביצה,כן,ביצה,ט.,פירוש,לא,
2726,קובץ מפרשים לפי הדף ביצה,כן,ביצה,ט.,פירוש,לא,
2728,קובץ מפרשים לפי הדף ביצה,כן,ביצה,ט.,פירוש,לא,
2729,קובץ מפרשים לפי הדף ביצה,כן,ביצה,ט.,פירוש,לא,
2730,קובץ מפרשים לפי הדף ביצה,כן,ביצה,ט.,פירוש,לא,
2731,קובץ מפרשים לפי הדף ביצה,כן,ביצה,ט.,פירוש,לא,
2732,קובץ מפרשים לפי הדף ביצה,כן,ביצה,ט.,פירוש,לא,
2734,קובץ מפרשים לפי הדף ביצה,כן,ביצה,ט.,פירוש,לא,
2735,קובץ מפרשים לפי הדף ביצה,כן,ביצה,ט.,פירוש,לא,
2736,קובץ מפרשים לפי הדף ביצה,כן,ביצה,ט.,פירוש,לא,
2738,קובץ מפרשים לפי הדף ביצה,כן,ביצה,ט.,פירוש,לא,
2739,קובץ מפרשים לפי הדף ביצה,כן,ביצה,ט.,פירוש,לא,
2740,קובץ מפרשים לפי הדף ביצה,כן,ביצה,ט.,פירוש,לא,
2741,קובץ מפרשים לפי הדף ביצה,כן,ביצה,ט.,פירוש,לא,
2742,קובץ מפרשים לפי הדף ביצה,כן,ביצה,ט.,פירוש,לא,
2743,קובץ מפרשים לפי הדף ביצה,כן,ביצה,ט.,פירוש,לא,
2744,קובץ מפרשים לפי הדף ביצה,כן,ביצה,ט.,פירוש,לא,
2745,קובץ מפרשים לפי הדף ביצה,כן,ביצה,ט.,פירוש,לא,
2747,קובץ מפרשים לפי הדף ביצה,כן,ביצה,ט.,פירוש,לא,
2748,קובץ מפרשים לפי הדף ביצה,כן,ביצה,ט.,פירוש,לא,
2749,קובץ מפרשים לפי הדף ביצה,כן,ביצה,ט.,פירוש,לא,
2750,קובץ מפרשים לפי הדף ביצה,כן,ביצה,ט.,פירוש,לא,
2751,קובץ מפרשים לפי הדף ביצה,כן,ביצה,ט.,פירוש,לא,
2752,קובץ מפרשים לפי הדף ביצה,כן,ביצה,ט.,פירוש,לא,
2753,קובץ מפרשים לפי הדף ביצה,כן,ביצה,ט.,פירוש,לא,
2755,קובץ מפרשים לפי הדף ביצה,כן,ביצה,ט.,פירוש,לא,
2756,קובץ מפרשים לפי הדף ביצה,כן,ביצה,ט.,פירוש,לא,
2758,קובץ מפרשים לפי הדף ביצה,כן,ביצה,ט.,פירוש,לא,
2759,קובץ מפרשים לפי הדף ביצה,כן,ביצה,ט.,פירוש,לא,
2760,קובץ מפרשים לפי הדף ביצה,כן,ביצה,ט.,פירוש,לא,
2761,קובץ מפרשים לפי הדף ביצה,כן,ביצה,ט.,פירוש,לא,
2762,קובץ מפרשים לפי הדף ביצה,כן,ביצה,ט.,פירוש,לא,
2763,קובץ מפרשים לפי הדף ביצה,כן,ביצה,ט.,פירוש,לא,
2764,קובץ מפרשים לפי הדף ביצה,כן,ביצה,ט.,פירוש,לא,
2765,קובץ מפרשים לפי הדף ביצה,כן,ביצה,ט.,פירוש,לא,
2766,קובץ מפרשים לפי הדף ביצה,כן,ביצה,ט.,פירוש,לא,
2767,קובץ מפרשים לפי הדף ביצה,כן,ביצה,ט.,פירוש,לא,
2768,קובץ מפרשים לפי הדף ביצה,כן,ביצה,ט.,פירוש,לא,
2769,קובץ מפרשים לפי הדף ביצה,כן,ביצה,ט.,פירוש,לא,
2770,קובץ מפרשים לפי הדף ביצה,כן,ביצה,ט.,פירוש,לא,
2771,קובץ מפרשים לפי הדף ביצה,כן,ביצה,ט.,פירוש,לא,
2772,קובץ מפרשים לפי הדף ביצה,כן,ביצה,ט.,פירוש,לא,
2773,קובץ מפרשים לפי הדף ביצה,כן,ביצה,ט.,פירוש,לא,
2774,קובץ מפרשים לפי הדף ביצה,כן,ביצה,ט.,פירוש,לא,
2775,קובץ מפרשים לפי הדף ביצה,כן,ביצה,ט.,פירוש,לא,
2776,קובץ מפרשים לפי הדף ביצה,כן,ביצה,ט.,פירוש,לא,
2777,קובץ מפרשים לפי הדף ביצה,כן,ביצה,ט.,פירוש,לא,
2779,קובץ מפרשים לפי הדף ביצה,כן,ביצה,ט.,פירוש,לא,
2780,קובץ מפרשים לפי הדף ביצה,כן,ביצה,ט.,פירוש,לא,
2781,קובץ מפרשים לפי הדף ביצה,כן,ביצה,ט.,פירוש,לא,
2782,קובץ מפרשים לפי הדף ביצה,כן,ביצה,ט.,פירוש,לא,
2783,קובץ מפרשים לפי הדף ביצה,כן,ביצה,ט.,פירוש,לא,
2784,קובץ מפרשים לפי הדף ביצה,כן,ביצה,ט.,פירוש,לא,
2785,קובץ מפרשים לפי הדף ביצה,כן,ביצה,ט.,פירוש,לא,
2786,קובץ מפרשים לפי הדף ביצה,כן,ביצה,ט.,פירוש,לא,
2788,קובץ מפרשים לפי הדף ביצה,כן,ביצה,ט.,פירוש,לא,
2790,קובץ מפרשים לפי הדף ביצה,כן,ביצה,ט.,פירוש,לא,
2792,קובץ מפרשים לפי הדף ביצה,כן,ביצה,ט.,פירוש,לא,
2793,קובץ מפרשים לפי הדף ביצה,כן,ביצה,ט.,פירוש,לא,
2794,קובץ מפרשים לפי הדף ביצה,כן,ביצה,ט.,פירוש,לא,
2795,קובץ מפרשים לפי הדף ביצה,כן,ביצה,ט.,פירוש,לא,
2796,קובץ מפרשים לפי הדף ביצה,כן,ביצה,ט.,פירוש,לא,
2798,קובץ מפרשים לפי הדף ביצה,כן,ביצה,ט.,פירוש,לא,
2799,קובץ מפרשים לפי הדף ביצה,כן,ביצה,ט.,פירוש,לא,
2801,קובץ מפרשים לפי הדף ביצה,כן,ביצה,ט.,פירוש,לא,
2803,קובץ מפרשים לפי הדף ביצה,כן,ביצה,ט.,פירוש,לא,
2804,קובץ מפרשים לפי הדף ביצה,כן,ביצה,ט.,פירוש,לא,
2805,קובץ מפרשים לפי הדף ביצה,כן,ביצה,ט.,פירוש,לא,
2806,קובץ מפרשים לפי הדף ביצה,כן,ביצה,ט.,פירוש,לא,
2808,קובץ מפרשים לפי הדף ביצה,כן,ביצה,ט.,פירוש,לא,
2809,קובץ מפרשים לפי הדף ביצה,כן,ביצה,ט.,פירוש,לא,
2810,קובץ מפרשים לפי הדף ביצה,כן,ביצה,ט.,פירוש,לא,
2812,קובץ מפרשים לפי הדף ביצה,כן,ביצה,ט.,פירוש,לא,
2814,קובץ מפרשים לפי הדף ביצה,כן,ביצה,ט.,פירוש,לא,
2815,קובץ מפרשים לפי הדף ביצה,כן,ביצה,ט.,פירוש,לא,
2816,קובץ מפרשים לפי הדף ביצה,כן,ביצה,ט.,פירוש,לא,
2817,קובץ מפרשים לפי הדף ביצה,כן,ביצה,ט.,פירוש,לא,
2818,קובץ מפרשים לפי הדף ביצה,כן,ביצה,ט.,פירוש,לא,
2819,קובץ מפרשים לפי הדף ביצה,כן,ביצה,ט.,פירוש,לא,
2820,קובץ מפרשים לפי הדף ביצה,כן,ביצה,ט.,פירוש,לא,
2821,קובץ מפרשים לפי הדף ביצה,כן,ביצה,ט.,פירוש,לא,
2822,קובץ מפרשים לפי הדף ביצה,כן,ביצה,ט.,פירוש,לא,
2823,קובץ מפרשים לפי הדף ביצה,כן,ביצה,ט.,פירוש,לא,
2824,קובץ מפרשים לפי הדף ביצה,כן,ביצה,ט.,פירוש,לא,
2825,קובץ מפרשים לפי הדף ביצה,כן,ביצה,ט.,פירוש,לא,
2826,קובץ מפרשים לפי הדף ביצה,כן,ביצה,ט.,פירוש,לא,
2827,קובץ מפרשים לפי הדף ביצה,כן,ביצה,ט.,פירוש,לא,
2829,קובץ מפרשים לפי הדף ביצה,כן,ביצה,ט.,פירוש,לא,
2832,קובץ מפרשים לפי הדף ביצה,כן,ביצה,ט:,פירוש,לא,
2833,קובץ מפרשים לפי הדף ביצה,כן,ביצה,ט:,פירוש,לא,
2834,קובץ מפרשים לפי הדף ביצה,כן,ביצה,ט:,פירוש,לא,
2835,קובץ מפרשים לפי הדף ביצה,כן,ביצה,ט:,פירוש,לא,
2836,קובץ מפרשים לפי הדף ביצה,כן,ביצה,ט:,פירוש,לא,
2838,קובץ מפרשים לפי הדף ביצה,כן,ביצה,ט:,פירוש,לא,
2839,קובץ מפרשים לפי הדף ביצה,כן,ביצה,ט:,פירוש,לא,
2840,קובץ מפרשים לפי הדף ביצה,כן,ביצה,ט:,פירוש,לא,
2841,קובץ מפרשים לפי הדף ביצה,כן,ביצה,ט:,פירוש,לא,
2842,קובץ מפרשים לפי הדף ביצה,כן,ביצה,ט:,פירוש,לא,
2843,קובץ מפרשים לפי הדף ביצה,כן,ביצה,ט:,פירוש,לא,
2844,קובץ מפרשים לפי הדף ביצה,כן,ביצה,ט:,פירוש,לא,
2845,קובץ מפרשים לפי הדף ביצה,כן,ביצה,ט:,פירוש,לא,
2846,קובץ מפרשים לפי הדף ביצה,כן,ביצה,ט:,פירוש,לא,
2848,קובץ מפרשים לפי הדף ביצה,כן,ביצה,ט:,פירוש,לא,
2849,קובץ מפרשים לפי הדף ביצה,כן,ביצה,ט:,פירוש,לא,
2851,קובץ מפרשים לפי הדף ביצה,כן,ביצה,ט:,פירוש,לא,
2852,קובץ מפרשים לפי הדף ביצה,כן,ביצה,ט:,פירוש,לא,
2853,קובץ מפרשים לפי הדף ביצה,כן,ביצה,ט:,פירוש,לא,
2854,קובץ מפרשים לפי הדף ביצה,כן,ביצה,ט:,פירוש,לא,
2855,קובץ מפרשים לפי הדף ביצה,כן,ביצה,ט:,פירוש,לא,
2856,קובץ מפרשים לפי הדף ביצה,כן,ביצה,ט:,פירוש,לא,
2858,קובץ מפרשים לפי הדף ביצה,כן,ביצה,ט:,פירוש,לא,
2860,קובץ מפרשים לפי הדף ביצה,כן,ביצה,ט:,פירוש,לא,
2861,קובץ מפרשים לפי הדף ביצה,כן,ביצה,ט:,פירוש,לא,
2862,קובץ מפרשים לפי הדף ביצה,כן,ביצה,ט:,פירוש,לא,
2863,קובץ מפרשים לפי הדף ביצה,כן,ביצה,ט:,פירוש,לא,
2864,קובץ מפרשים לפי הדף ביצה,כן,ביצה,ט:,פירוש,לא,
2865,קובץ מפרשים לפי הדף ביצה,כן,ביצה,ט:,פירוש,לא,
2867,קובץ מפרשים לפי הדף ביצה,כן,ביצה,ט:,פירוש,לא,
2868,קובץ מפרשים לפי הדף ביצה,כן,ביצה,ט:,פירוש,לא,
2869,קובץ מפרשים לפי הדף ביצה,כן,ביצה,ט:,פירוש,לא,
2870,קובץ מפרשים לפי הדף ביצה,כן,ביצה,ט:,פירוש,לא,
2872,קובץ מפרשים לפי הדף ביצה,כן,ביצה,ט:,פירוש,לא,
2873,קובץ מפרשים לפי הדף ביצה,כן,ביצה,ט:,פירוש,לא,
2874,קובץ מפרשים לפי הדף ביצה,כן,ביצה,ט:,פירוש,לא,
2875,קובץ מפרשים לפי הדף ביצה,כן,ביצה,ט:,פירוש,לא,
2877,קובץ מפרשים לפי הדף ביצה,כן,ביצה,ט:,פירוש,לא,
2878,קובץ מפרשים לפי הדף ביצה,כן,ביצה,ט:,פירוש,לא,
2879,קובץ מפרשים לפי הדף ביצה,כן,ביצה,ט:,פירוש,לא,
2880,קובץ מפרשים לפי הדף ביצה,כן,ביצה,ט:,פירוש,לא,
2881,קובץ מפרשים לפי הדף ביצה,כן,ביצה,ט:,פירוש,לא,
2882,קובץ מפרשים לפי הדף ביצה,כן,ביצה,ט:,פירוש,לא,
2884,קובץ מפרשים לפי הדף ביצה,כן,ביצה,ט:,פירוש,לא,
2885,קובץ מפרשים לפי הדף ביצה,כן,ביצה,ט:,פירוש,לא,
2886,קובץ מפרשים לפי הדף ביצה,כן,ביצה,ט:,פירוש,לא,
2887,קובץ מפרשים לפי הדף ביצה,כן,ביצה,ט:,פירוש,לא,
2888,קובץ מפרשים לפי הדף ביצה,כן,ביצה,ט:,פירוש,לא,
2889,קובץ מפרשים לפי הדף ביצה,כן,ביצה,ט:,פירוש,לא,
2890,קובץ מפרשים לפי הדף ביצה,כן,ביצה,ט:,פירוש,לא,
2891,קובץ מפרשים לפי הדף ביצה,כן,ביצה,ט:,פירוש,לא,
2892,קובץ מפרשים לפי הדף ביצה,כן,ביצה,ט:,פירוש,לא,
2893,קובץ מפרשים לפי הדף ביצה,כן,ביצה,ט:,פירוש,לא,
2894,קובץ מפרשים לפי הדף ביצה,כן,ביצה,ט:,פירוש,לא,
2895,קובץ מפרשים לפי הדף ביצה,כן,ביצה,ט:,פירוש,לא,
2896,קובץ מפרשים לפי הדף ביצה,כן,ביצה,ט:,פירוש,לא,
2897,קובץ מפרשים לפי הדף ביצה,כן,ביצה,ט:,פירוש,לא,
2898,קובץ מפרשים לפי הדף ביצה,כן,ביצה,ט:,פירוש,לא,
2899,קובץ מפרשים לפי הדף ביצה,כן,ביצה,ט:,פירוש,לא,
2900,קובץ מפרשים לפי הדף ביצה,כן,ביצה,ט:,פירוש,לא,
2901,קובץ מפרשים לפי הדף ביצה,כן,ביצה,ט:,פירוש,לא,
2902,קובץ מפרשים לפי הדף ביצה,כן,ביצה,ט:,פירוש,לא,
2903,קובץ מפרשים לפי הדף ביצה,כן,ביצה,ט:,פירוש,לא,
2904,קובץ מפרשים לפי הדף ביצה,כן,ביצה,ט:,פירוש,לא,
2905,קובץ מפרשים לפי הדף ביצה,כן,ביצה,ט:,פירוש,לא,
2906,קובץ מפרשים לפי הדף ביצה,כן,ביצה,ט:,פירוש,לא,
2908,קובץ מפרשים לפי הדף ביצה,כן,ביצה,ט:,פירוש,לא,
2909,קובץ מפרשים לפי הדף ביצה,כן,ביצה,ט:,פירוש,לא,
2910,קובץ מפרשים לפי הדף ביצה,כן,ביצה,ט:,פירוש,לא,
2911,קובץ מפרשים לפי הדף ביצה,כן,ביצה,ט:,פירוש,לא,
2912,קובץ מפרשים לפי הדף ביצה,כן,ביצה,ט:,פירוש,לא,
2913,קובץ מפרשים לפי הדף ביצה,כן,ביצה,ט:,פירוש,לא,
2914,קובץ מפרשים לפי הדף ביצה,כן,ביצה,ט:,פירוש,לא,
2915,קובץ מפרשים לפי הדף ביצה,כן,ביצה,ט:,פירוש,לא,
2916,קובץ מפרשים לפי הדף ביצה,כן,ביצה,ט:,פירוש,לא,
2917,קובץ מפרשים לפי הדף ביצה,כן,ביצה,ט:,פירוש,לא,
2918,קובץ מפרשים לפי הדף ביצה,כן,ביצה,ט:,פירוש,לא,
2919,קובץ מפרשים לפי הדף ביצה,כן,ביצה,ט:,פירוש,לא,
2920,קובץ מפרשים לפי הדף ביצה,כן,ביצה,ט:,פירוש,לא,
2921,קובץ מפרשים לפי הדף ביצה,כן,ביצה,ט:,פירוש,לא,
2922,קובץ מפרשים לפי הדף ביצה,כן,ביצה,ט:,פירוש,לא,
2923,קובץ מפרשים לפי הדף ביצה,כן,ביצה,ט:,פירוש,לא,
2924,קובץ מפרשים לפי הדף ביצה,כן,ביצה,ט:,פירוש,לא,
2925,קובץ מפרשים לפי הדף ביצה,כן,ביצה,ט:,פירוש,לא,
2926,קובץ מפרשים לפי הדף ביצה,כן,ביצה,ט:,פירוש,לא,
2927,קובץ מפרשים לפי הדף ביצה,כן,ביצה,ט:,פירוש,לא,
2928,קובץ מפרשים לפי הדף ביצה,כן,ביצה,ט:,פירוש,לא,
2929,קובץ מפרשים לפי הדף ביצה,כן,ביצה,ט:,פירוש,לא,
2931,קובץ מפרשים לפי הדף ביצה,כן,ביצה,ט:,פירוש,לא,
2932,קובץ מפרשים לפי הדף ביצה,כן,ביצה,ט:,פירוש,לא,
2933,קובץ מפרשים לפי הדף ביצה,כן,ביצה,ט:,פירוש,לא,
2934,קובץ מפרשים לפי הדף ביצה,כן,ביצה,ט:,פירוש,לא,
2935,קובץ מפרשים לפי הדף ביצה,כן,ביצה,ט:,פירוש,לא,
2936,קובץ מפרשים לפי הדף ביצה,כן,ביצה,ט:,פירוש,לא,
2937,קובץ מפרשים לפי הדף ביצה,כן,ביצה,ט:,פירוש,לא,
2938,קובץ מפרשים לפי הדף ביצה,כן,ביצה,ט:,פירוש,לא,
2939,קובץ מפרשים לפי הדף ביצה,כן,ביצה,ט:,פירוש,לא,
2940,קובץ מפרשים לפי הדף ביצה,כן,ביצה,ט:,פירוש,לא,
2941,קובץ מפרשים לפי הדף ביצה,כן,ביצה,ט:,פירוש,לא,
2942,קובץ מפרשים לפי הדף ביצה,כן,ביצה,ט:,פירוש,לא,
2943,קובץ מפרשים לפי הדף ביצה,כן,ביצה,ט:,פירוש,לא,
2944,קובץ מפרשים לפי הדף ביצה,כן,ביצה,ט:,פירוש,לא,
2945,קובץ מפרשים לפי הדף ביצה,כן,ביצה,ט:,פירוש,לא,
2946,קובץ מפרשים לפי הדף ביצה,כן,ביצה,ט:,פירוש,לא,
2947,קובץ מפרשים לפי הדף ביצה,כן,ביצה,ט:,פירוש,לא,
2948,קובץ מפרשים לפי הדף ביצה,כן,ביצה,ט:,פירוש,לא,
2949,קובץ מפרשים לפי הדף ביצה,כן,ביצה,ט:,פירוש,לא,
2951,קובץ מפרשים לפי הדף ביצה,כן,ביצה,ט:,פירוש,לא,
2952,קובץ מפרשים לפי הדף ביצה,כן,ביצה,ט:,פירוש,לא,
2954,קובץ מפרשים לפי הדף ביצה,כן,ביצה,ט:,פירוש,לא,
2956,קובץ מפרשים לפי הדף ביצה,כן,ביצה,ט:,פירוש,לא,
2958,קובץ מפרשים לפי הדף ביצה,כן,ביצה,ט:,פירוש,לא,
2960,קובץ מפרשים לפי הדף ביצה,כן,ביצה,ט:,פירוש,לא,
2961,קובץ מפרשים לפי הדף ביצה,כן,ביצה,ט:,פירוש,לא,
2962,קובץ מפרשים לפי הדף ביצה,כן,ביצה,ט:,פירוש,לא,
2964,קובץ מפרשים לפי הדף ביצה,כן,ביצה,ט:,פירוש,לא,
2965,קובץ מפרשים לפי הדף ביצה,כן,ביצה,ט:,פירוש,לא,
2966,קובץ מפרשים לפי הדף ביצה,כן,ביצה,ט:,פירוש,לא,
2967,קובץ מפרשים לפי הדף ביצה,כן,ביצה,ט:,פירוש,לא,
2968,קובץ מפרשים לפי הדף ביצה,כן,ביצה,ט:,פירוש,לא,
2969,קובץ מפרשים לפי הדף ביצה,כן,ביצה,ט:,פירוש,לא,
2970,קובץ מפרשים לפי הדף ביצה,כן,ביצה,ט:,פירוש,לא,
2971,קובץ מפרשים לפי הדף ביצה,כן,ביצה,ט:,פירוש,לא,
2972,קובץ מפרשים לפי הדף ביצה,כן,ביצה,ט:,פירוש,לא,
2973,קובץ מפרשים לפי הדף ביצה,כן,ביצה,ט:,פירוש,לא,
2976,קובץ מפרשים לפי הדף ביצה,כן,ביצה,י.,פירוש,לא,
2977,קובץ מפרשים לפי הדף ביצה,כן,ביצה,י.,פירוש,לא,
2978,קובץ מפרשים לפי הדף ביצה,כן,ביצה,י.,פירוש,לא,
2979,קובץ מפרשים לפי הדף ביצה,כן,ביצה,י.,פירוש,לא,
2980,קובץ מפרשים לפי הדף ביצה,כן,ביצה,י.,פירוש,לא,
2981,קובץ מפרשים לפי הדף ביצה,כן,ביצה,י.,פירוש,לא,
2983,קובץ מפרשים לפי הדף ביצה,כן,ביצה,י.,פירוש,לא,
2984,קובץ מפרשים לפי הדף ביצה,כן,ביצה,י.,פירוש,לא,
2985,קובץ מפרשים לפי הדף ביצה,כן,ביצה,י.,פירוש,לא,
2986,קובץ מפרשים לפי הדף ביצה,כן,ביצה,י.,פירוש,לא,
2987,קובץ מפרשים לפי הדף ביצה,כן,ביצה,י.,פירוש,לא,
2988,קובץ מפרשים לפי הדף ביצה,כן,ביצה,י.,פירוש,לא,
2989,קובץ מפרשים לפי הדף ביצה,כן,ביצה,י.,פירוש,לא,
2990,קובץ מפרשים לפי הדף ביצה,כן,ביצה,י.,פירוש,לא,
2991,קובץ מפרשים לפי הדף ביצה,כן,ביצה,י.,פירוש,לא,
2992,קובץ מפרשים לפי הדף ביצה,כן,ביצה,י.,פירוש,לא,
2993,קובץ מפרשים לפי הדף ביצה,כן,ביצה,י.,פירוש,לא,
2994,קובץ מפרשים לפי הדף ביצה,כן,ביצה,י.,פירוש,לא,
2995,קובץ מפרשים לפי הדף ביצה,כן,ביצה,י.,פירוש,לא,
2996,קובץ מפרשים לפי הדף ביצה,כן,ביצה,י.,פירוש,לא,
2997,קובץ מפרשים לפי הדף ביצה,כן,ביצה,י.,פירוש,לא,
2998,קובץ מפרשים לפי הדף ביצה,כן,ביצה,י.,פירוש,לא,
2999,קובץ מפרשים לפי הדף ביצה,כן,ביצה,י.,פירוש,לא,
3000,קובץ מפרשים לפי הדף ביצה,כן,ביצה,י.,פירוש,לא,
3002,קובץ מפרשים לפי הדף ביצה,כן,ביצה,י.,פירוש,לא,
3003,קובץ מפרשים לפי הדף ביצה,כן,ביצה,י.,פירוש,לא,
3005,קובץ מפרשים לפי הדף ביצה,כן,ביצה,י.,פירוש,לא,
3006,קובץ מפרשים לפי הדף ביצה,כן,ביצה,י.,פירוש,לא,
3007,קובץ מפרשים לפי הדף ביצה,כן,ביצה,י.,פירוש,לא,
3009,קובץ מפרשים לפי הדף ביצה,כן,ביצה,י.,פירוש,לא,
3011,קובץ מפרשים לפי הדף ביצה,כן,ביצה,י.,פירוש,לא,
3012,קובץ מפרשים לפי הדף ביצה,כן,ביצה,י.,פירוש,לא,
3014,קובץ מפרשים לפי הדף ביצה,כן,ביצה,י.,פירוש,לא,
3015,קובץ מפרשים לפי הדף ביצה,כן,ביצה,י.,פירוש,לא,
3016,קובץ מפרשים לפי הדף ביצה,כן,ביצה,י.,פירוש,לא,
3017,קובץ מפרשים לפי הדף ביצה,כן,ביצה,י.,פירוש,לא,
3019,קובץ מפרשים לפי הדף ביצה,כן,ביצה,י.,פירוש,לא,
3021,קובץ מפרשים לפי הדף ביצה,כן,ביצה,י.,פירוש,לא,
3023,קובץ מפרשים לפי הדף ביצה,כן,ביצה,י.,פירוש,לא,
3024,קובץ מפרשים לפי הדף ביצה,כן,ביצה,י.,פירוש,לא,
3026,קובץ מפרשים לפי הדף ביצה,כן,ביצה,י.,פירוש,לא,
3027,קובץ מפרשים לפי הדף ביצה,כן,ביצה,י.,פירוש,לא,
3028,קובץ מפרשים לפי הדף ביצה,כן,ביצה,י.,פירוש,לא,
3029,קובץ מפרשים לפי הדף ביצה,כן,ביצה,י.,פירוש,לא,
3030,קובץ מפרשים לפי הדף ביצה,כן,ביצה,י.,פירוש,לא,
3031,קובץ מפרשים לפי הדף ביצה,כן,ביצה,י.,פירוש,לא,
3032,קובץ מפרשים לפי הדף ביצה,כן,ביצה,י.,פירוש,לא,
3034,קובץ מפרשים לפי הדף ביצה,כן,ביצה,י.,פירוש,לא,
3035,קובץ מפרשים לפי הדף ביצה,כן,ביצה,י.,פירוש,לא,
3037,קובץ מפרשים לפי הדף ביצה,כן,ביצה,י.,פירוש,לא,
3038,קובץ מפרשים לפי הדף ביצה,כן,ביצה,י.,פירוש,לא,
3039,קובץ מפרשים לפי הדף ביצה,כן,ביצה,י.,פירוש,לא,
3040,קובץ מפרשים לפי הדף ביצה,כן,ביצה,י.,פירוש,לא,
3041,קובץ מפרשים לפי הדף ביצה,כן,ביצה,י.,פירוש,לא,
3042,קובץ מפרשים לפי הדף ביצה,כן,ביצה,י.,פירוש,לא,
3043,קובץ מפרשים לפי הדף ביצה,כן,ביצה,י.,פירוש,לא,
3044,קובץ מפרשים לפי הדף ביצה,כן,ביצה,י.,פירוש,לא,
3045,קובץ מפרשים לפי הדף ביצה,כן,ביצה,י.,פירוש,לא,
3046,קובץ מפרשים לפי הדף ביצה,כן,ביצה,י.,פירוש,לא,
3047,קובץ מפרשים לפי הדף ביצה,כן,ביצה,י.,פירוש,לא,
3048,קובץ מפרשים לפי הדף ביצה,כן,ביצה,י.,פירוש,לא,
3049,קובץ מפרשים לפי הדף ביצה,כן,ביצה,י.,פירוש,לא,
3050,קובץ מפרשים לפי הדף ביצה,כן,ביצה,י.,פירוש,לא,
3051,קובץ מפרשים לפי הדף ביצה,כן,ביצה,י.,פירוש,לא,
3052,קובץ מפרשים לפי הדף ביצה,כן,ביצה,י.,פירוש,לא,
3054,קובץ מפרשים לפי הדף ביצה,כן,ביצה,י.,פירוש,לא,
3055,קובץ מפרשים לפי הדף ביצה,כן,ביצה,י.,פירוש,לא,
3056,קובץ מפרשים לפי הדף ביצה,כן,ביצה,י.,פירוש,לא,
3057,קובץ מפרשים לפי הדף ביצה,כן,ביצה,י.,פירוש,לא,
3058,קובץ מפרשים לפי הדף ביצה,כן,ביצה,י.,פירוש,לא,
3059,קובץ מפרשים לפי הדף ביצה,כן,ביצה,י.,פירוש,לא,
3060,קובץ מפרשים לפי הדף ביצה,כן,ביצה,י.,פירוש,לא,
3061,קובץ מפרשים לפי הדף ביצה,כן,ביצה,י.,פירוש,לא,
3062,קובץ מפרשים לפי הדף ביצה,כן,ביצה,י.,פירוש,לא,
3063,קובץ מפרשים לפי הדף ביצה,כן,ביצה,י.,פירוש,לא,
3064,קובץ מפרשים לפי הדף ביצה,כן,ביצה,י.,פירוש,לא,
3065,קובץ מפרשים לפי הדף ביצה,כן,ביצה,י.,פירוש,לא,
3067,קובץ מפרשים לפי הדף ביצה,כן,ביצה,י.,פירוש,לא,
3068,קובץ מפרשים לפי הדף ביצה,כן,ביצה,י.,פירוש,לא,
3069,קובץ מפרשים לפי הדף ביצה,כן,ביצה,י.,פירוש,לא,
3070,קובץ מפרשים לפי הדף ביצה,כן,ביצה,י.,פירוש,לא,
3071,קובץ מפרשים לפי הדף ביצה,כן,ביצה,י.,פירוש,לא,
3072,קובץ מפרשים לפי הדף ביצה,כן,ביצה,י.,פירוש,לא,
3074,קובץ מפרשים לפי הדף ביצה,כן,ביצה,י.,פירוש,לא,
3075,קובץ מפרשים לפי הדף ביצה,כן,ביצה,י.,פירוש,לא,
3076,קובץ מפרשים לפי הדף ביצה,כן,ביצה,י.,פירוש,לא,
3077,קובץ מפרשים לפי הדף ביצה,כן,ביצה,י.,פירוש,לא,
3078,קובץ מפרשים לפי הדף ביצה,כן,ביצה,י.,פירוש,לא,
3079,קובץ מפרשים לפי הדף ביצה,כן,ביצה,י.,פירוש,לא,
3081,קובץ מפרשים לפי הדף ביצה,כן,ביצה,י.,פירוש,לא,
3083,קובץ מפרשים לפי הדף ביצה,כן,ביצה,י.,פירוש,לא,
3084,קובץ מפרשים לפי הדף ביצה,כן,ביצה,י.,פירוש,לא,
3085,קובץ מפרשים לפי הדף ביצה,כן,ביצה,י.,פירוש,לא,
3087,קובץ מפרשים לפי הדף ביצה,כן,ביצה,י.,פירוש,לא,
3088,קובץ מפרשים לפי הדף ביצה,כן,ביצה,י.,פירוש,לא,
3089,קובץ מפרשים לפי הדף ביצה,כן,ביצה,י.,פירוש,לא,
3091,קובץ מפרשים לפי הדף ביצה,כן,ביצה,י.,פירוש,לא,
3092,קובץ מפרשים לפי הדף ביצה,כן,ביצה,י.,פירוש,לא,
3093,קובץ מפרשים לפי הדף ביצה,כן,ביצה,י.,פירוש,לא,
3094,קובץ מפרשים לפי הדף ביצה,כן,ביצה,י.,פירוש,לא,
3095,קובץ מפרשים לפי הדף ביצה,כן,ביצה,י.,פירוש,לא,
3096,קובץ מפרשים לפי הדף ביצה,כן,ביצה,י.,פירוש,לא,
3097,קובץ מפרשים לפי הדף ביצה,כן,ביצה,י.,פירוש,לא,
3098,קובץ מפרשים לפי הדף ביצה,כן,ביצה,י.,פירוש,לא,
3099,קובץ מפרשים לפי הדף ביצה,כן,ביצה,י.,פירוש,לא,
3100,קובץ מפרשים לפי הדף ביצה,כן,ביצה,י.,פירוש,לא,
3101,קובץ מפרשים לפי הדף ביצה,כן,ביצה,י.,פירוש,לא,
3102,קובץ מפרשים לפי הדף ביצה,כן,ביצה,י.,פירוש,לא,
3104,קובץ מפרשים לפי הדף ביצה,כן,ביצה,י.,פירוש,לא,
3105,קובץ מפרשים לפי הדף ביצה,כן,ביצה,י.,פירוש,לא,
3106,קובץ מפרשים לפי הדף ביצה,כן,ביצה,י.,פירוש,לא,
3107,קובץ מפרשים לפי הדף ביצה,כן,ביצה,י.,פירוש,לא,
3108,קובץ מפרשים לפי הדף ביצה,כן,ביצה,י.,פירוש,לא,
3111,קובץ מפרשים לפי הדף ביצה,כן,ביצה,י:,פירוש,לא,
3112,קובץ מפרשים לפי הדף ביצה,כן,ביצה,י:,פירוש,לא,
3113,קובץ מפרשים לפי הדף ביצה,כן,ביצה,י:,פירוש,לא,
3114,קובץ מפרשים לפי הדף ביצה,כן,ביצה,י:,פירוש,לא,
3115,קובץ מפרשים לפי הדף ביצה,כן,ביצה,י:,פירוש,לא,
3117,קובץ מפרשים לפי הדף ביצה,כן,ביצה,י:,פירוש,לא,
3118,קובץ מפרשים לפי הדף ביצה,כן,ביצה,י:,פירוש,לא,
3119,קובץ מפרשים לפי הדף ביצה,כן,ביצה,י:,פירוש,לא,
3120,קובץ מפרשים לפי הדף ביצה,כן,ביצה,י:,פירוש,לא,
3121,קובץ מפרשים לפי הדף ביצה,כן,ביצה,י:,פירוש,לא,
3122,קובץ מפרשים לפי הדף ביצה,כן,ביצה,י:,פירוש,לא,
3123,קובץ מפרשים לפי הדף ביצה,כן,ביצה,י:,פירוש,לא,
3124,קובץ מפרשים לפי הדף ביצה,כן,ביצה,י:,פירוש,לא,
3125,קובץ מפרשים לפי הדף ביצה,כן,ביצה,י:,פירוש,לא,
3126,קובץ מפרשים לפי הדף ביצה,כן,ביצה,י:,פירוש,לא,
3128,קובץ מפרשים לפי הדף ביצה,כן,ביצה,י:,פירוש,לא,
3129,קובץ מפרשים לפי הדף ביצה,כן,ביצה,י:,פירוש,לא,
3131,קובץ מפרשים לפי הדף ביצה,כן,ביצה,י:,פירוש,לא,
3132,קובץ מפרשים לפי הדף ביצה,כן,ביצה,י:,פירוש,לא,
3133,קובץ מפרשים לפי הדף ביצה,כן,ביצה,י:,פירוש,לא,
3134,קובץ מפרשים לפי הדף ביצה,כן,ביצה,י:,פירוש,לא,
3135,קובץ מפרשים לפי הדף ביצה,כן,ביצה,י:,פירוש,לא,
3136,קובץ מפרשים לפי הדף ביצה,כן,ביצה,י:,פירוש,לא,
3138,קובץ מפרשים לפי הדף ביצה,כן,ביצה,י:,פירוש,לא,
3139,קובץ מפרשים לפי הדף ביצה,כן,ביצה,י:,פירוש,לא,
3140,קובץ מפרשים לפי הדף ביצה,כן,ביצה,י:,פירוש,לא,
3142,קובץ מפרשים לפי הדף ביצה,כן,ביצה,י:,פירוש,לא,
3143,קובץ מפרשים לפי הדף ביצה,כן,ביצה,י:,פירוש,לא,
3144,קובץ מפרשים לפי הדף ביצה,כן,ביצה,י:,פירוש,לא,
3145,קובץ מפרשים לפי הדף ביצה,כן,ביצה,י:,פירוש,לא,
3146,קובץ מפרשים לפי הדף ביצה,כן,ביצה,י:,פירוש,לא,
3148,קובץ מפרשים לפי הדף ביצה,כן,ביצה,י:,פירוש,לא,
3150,קובץ מפרשים לפי הדף ביצה,כן,ביצה,י:,פירוש,לא,
3151,קובץ מפרשים לפי הדף ביצה,כן,ביצה,י:,פירוש,לא,
3152,קובץ מפרשים לפי הדף ביצה,כן,ביצה,י:,פירוש,לא,
3154,קובץ מפרשים לפי הדף ביצה,כן,ביצה,י:,פירוש,לא,
3155,קובץ מפרשים לפי הדף ביצה,כן,ביצה,י:,פירוש,לא,
3156,קובץ מפרשים לפי הדף ביצה,כן,ביצה,י:,פירוש,לא,
3157,קובץ מפרשים לפי הדף ביצה,כן,ביצה,י:,פירוש,לא,
3159,קובץ מפרשים לפי הדף ביצה,כן,ביצה,י:,פירוש,לא,
3160,קובץ מפרשים לפי הדף ביצה,כן,ביצה,י:,פירוש,לא,
3161,קובץ מפרשים לפי הדף ביצה,כן,ביצה,י:,פירוש,לא,
3162,קובץ מפרשים לפי הדף ביצה,כן,ביצה,י:,פירוש,לא,
3163,קובץ מפרשים לפי הדף ביצה,כן,ביצה,י:,פירוש,לא,
3164,קובץ מפרשים לפי הדף ביצה,כן,ביצה,י:,פירוש,לא,
3166,קובץ מפרשים לפי הדף ביצה,כן,ביצה,י:,פירוש,לא,
3167,קובץ מפרשים לפי הדף ביצה,כן,ביצה,י:,פירוש,לא,
3169,קובץ מפרשים לפי הדף ביצה,כן,ביצה,י:,פירוש,לא,
3170,קובץ מפרשים לפי הדף ביצה,כן,ביצה,י:,פירוש,לא,
3171,קובץ מפרשים לפי הדף ביצה,כן,ביצה,י:,פירוש,לא,
3172,קובץ מפרשים לפי הדף ביצה,כן,ביצה,י:,פירוש,לא,
3173,קובץ מפרשים לפי הדף ביצה,כן,ביצה,י:,פירוש,לא,
3174,קובץ מפרשים לפי הדף ביצה,כן,ביצה,י:,פירוש,לא,
3175,קובץ מפרשים לפי הדף ביצה,כן,ביצה,י:,פירוש,לא,
3176,קובץ מפרשים לפי הדף ביצה,כן,ביצה,י:,פירוש,לא,
3177,קובץ מפרשים לפי הדף ביצה,כן,ביצה,י:,פירוש,לא,
3178,קובץ מפרשים לפי הדף ביצה,כן,ביצה,י:,פירוש,לא,
3179,קובץ מפרשים לפי הדף ביצה,כן,ביצה,י:,פירוש,לא,
3180,קובץ מפרשים לפי הדף ביצה,כן,ביצה,י:,פירוש,לא,
3181,קובץ מפרשים לפי הדף ביצה,כן,ביצה,י:,פירוש,לא,
3182,קובץ מפרשים לפי הדף ביצה,כן,ביצה,י:,פירוש,לא,
3183,קובץ מפרשים לפי הדף ביצה,כן,ביצה,י:,פירוש,לא,
3184,קובץ מפרשים לפי הדף ביצה,כן,ביצה,י:,פירוש,לא,
3185,קובץ מפרשים לפי הדף ביצה,כן,ביצה,י:,פירוש,לא,
3186,קובץ מפרשים לפי הדף ביצה,כן,ביצה,י:,פירוש,לא,
3187,קובץ מפרשים לפי הדף ביצה,כן,ביצה,י:,פירוש,לא,
3188,קובץ מפרשים לפי הדף ביצה,כן,ביצה,י:,פירוש,לא,
3189,קובץ מפרשים לפי הדף ביצה,כן,ביצה,י:,פירוש,לא,
3190,קובץ מפרשים לפי הדף ביצה,כן,ביצה,י:,פירוש,לא,
3191,קובץ מפרשים לפי הדף ביצה,כן,ביצה,י:,פירוש,לא,
3192,קובץ מפרשים לפי הדף ביצה,כן,ביצה,י:,פירוש,לא,
3193,קובץ מפרשים לפי הדף ביצה,כן,ביצה,י:,פירוש,לא,
3194,קובץ מפרשים לפי הדף ביצה,כן,ביצה,י:,פירוש,לא,
3195,קובץ מפרשים לפי הדף ביצה,כן,ביצה,י:,פירוש,לא,
3196,קובץ מפרשים לפי הדף ביצה,כן,ביצה,י:,פירוש,לא,
3197,קובץ מפרשים לפי הדף ביצה,כן,ביצה,י:,פירוש,לא,
3198,קובץ מפרשים לפי הדף ביצה,כן,ביצה,י:,פירוש,לא,
3199,קובץ מפרשים לפי הדף ביצה,כן,ביצה,י:,פירוש,לא,
3200,קובץ מפרשים לפי הדף ביצה,כן,ביצה,י:,פירוש,לא,
3201,קובץ מפרשים לפי הדף ביצה,כן,ביצה,י:,פירוש,לא,
3202,קובץ מפרשים לפי הדף ביצה,כן,ביצה,י:,פירוש,לא,
3203,קובץ מפרשים לפי הדף ביצה,כן,ביצה,י:,פירוש,לא,
3204,קובץ מפרשים לפי הדף ביצה,כן,ביצה,י:,פירוש,לא,
3206,קובץ מפרשים לפי הדף ביצה,כן,ביצה,י:,פירוש,לא,
3207,קובץ מפרשים לפי הדף ביצה,כן,ביצה,י:,פירוש,לא,
3208,קובץ מפרשים לפי הדף ביצה,כן,ביצה,י:,פירוש,לא,
3209,קובץ מפרשים לפי הדף ביצה,כן,ביצה,י:,פירוש,לא,
3210,קובץ מפרשים לפי הדף ביצה,כן,ביצה,י:,פירוש,לא,
3211,קובץ מפרשים לפי הדף ביצה,כן,ביצה,י:,פירוש,לא,
3212,קובץ מפרשים לפי הדף ביצה,כן,ביצה,י:,פירוש,לא,
3213,קובץ מפרשים לפי הדף ביצה,כן,ביצה,י:,פירוש,לא,
3214,קובץ מפרשים לפי הדף ביצה,כן,ביצה,י:,פירוש,לא,
3215,קובץ מפרשים לפי הדף ביצה,כן,ביצה,י:,פירוש,לא,
3216,קובץ מפרשים לפי הדף ביצה,כן,ביצה,י:,פירוש,לא,
3217,קובץ מפרשים לפי הדף ביצה,כן,ביצה,י:,פירוש,לא,
3218,קובץ מפרשים לפי הדף ביצה,כן,ביצה,י:,פירוש,לא,
3219,קובץ מפרשים לפי הדף ביצה,כן,ביצה,י:,פירוש,לא,
3221,קובץ מפרשים לפי הדף ביצה,כן,ביצה,י:,פירוש,לא,
3223,קובץ מפרשים לפי הדף ביצה,כן,ביצה,י:,פירוש,לא,
3224,קובץ מפרשים לפי הדף ביצה,כן,ביצה,י:,פירוש,לא,
3225,קובץ מפרשים לפי הדף ביצה,כן,ביצה,י:,פירוש,לא,
3226,קובץ מפרשים לפי הדף ביצה,כן,ביצה,י:,פירוש,לא,
3227,קובץ מפרשים לפי הדף ביצה,כן,ביצה,י:,פירוש,לא,
3228,קובץ מפרשים לפי הדף ביצה,כן,ביצה,י:,פירוש,לא,
3229,קובץ מפרשים לפי הדף ביצה,כן,ביצה,י:,פירוש,לא,
3230,קובץ מפרשים לפי הדף ביצה,כן,ביצה,י:,פירוש,לא,
3231,קובץ מפרשים לפי הדף ביצה,כן,ביצה,י:,פירוש,לא,
3232,קובץ מפרשים לפי הדף ביצה,כן,ביצה,י:,פירוש,לא,
3233,קובץ מפרשים לפי הדף ביצה,כן,ביצה,י:,פירוש,לא,
3234,קובץ מפרשים לפי הדף ביצה,כן,ביצה,י:,פירוש,לא,
3235,קובץ מפרשים לפי הדף ביצה,כן,ביצה,י:,פירוש,לא,
3236,קובץ מפרשים לפי הדף ביצה,כן,ביצה,י:,פירוש,לא,
3238,קובץ מפרשים לפי הדף ביצה,כן,ביצה,י:,פירוש,לא,
3240,קובץ מפרשים לפי הדף ביצה,כן,ביצה,י:,פירוש,לא,
3242,קובץ מפרשים לפי הדף ביצה,כן,ביצה,י:,פירוש,לא,
3243,קובץ מפרשים לפי הדף ביצה,כן,ביצה,י:,פירוש,לא,
3245,קובץ מפרשים לפי הדף ביצה,כן,ביצה,י:,פירוש,לא,
3246,קובץ מפרשים לפי הדף ביצה,כן,ביצה,י:,פירוש,לא,
3247,קובץ מפרשים לפי הדף ביצה,כן,ביצה,י:,פירוש,לא,
3249,קובץ מפרשים לפי הדף ביצה,כן,ביצה,י:,פירוש,לא,
3250,קובץ מפרשים לפי הדף ביצה,כן,ביצה,י:,פירוש,לא,
3251,קובץ מפרשים לפי הדף ביצה,כן,ביצה,י:,פירוש,לא,
3252,קובץ מפרשים לפי הדף ביצה,כן,ביצה,י:,פירוש,לא,
3253,קובץ מפרשים לפי הדף ביצה,כן,ביצה,י:,פירוש,לא,
3256,קובץ מפרשים לפי הדף ביצה,כן,ביצה,יא.,פירוש,לא,
3257,קובץ מפרשים לפי הדף ביצה,כן,ביצה,יא.,פירוש,לא,
3258,קובץ מפרשים לפי הדף ביצה,כן,ביצה,יא.,פירוש,לא,
3259,קובץ מפרשים לפי הדף ביצה,כן,ביצה,יא.,פירוש,לא,
3260,קובץ מפרשים לפי הדף ביצה,כן,ביצה,יא.,פירוש,לא,
3262,קובץ מפרשים לפי הדף ביצה,כן,ביצה,יא.,פירוש,לא,
3263,קובץ מפרשים לפי הדף ביצה,כן,ביצה,יא.,פירוש,לא,
3264,קובץ מפרשים לפי הדף ביצה,כן,ביצה,יא.,פירוש,לא,
3265,קובץ מפרשים לפי הדף ביצה,כן,ביצה,יא.,פירוש,לא,
3266,קובץ מפרשים לפי הדף ביצה,כן,ביצה,יא.,פירוש,לא,
3267,קובץ מפרשים לפי הדף ביצה,כן,ביצה,יא.,פירוש,לא,
3268,קובץ מפרשים לפי הדף ביצה,כן,ביצה,יא.,פירוש,לא,
3269,קובץ מפרשים לפי הדף ביצה,כן,ביצה,יא.,פירוש,לא,
3270,קובץ מפרשים לפי הדף ביצה,כן,ביצה,יא.,פירוש,לא,
3271,קובץ מפרשים לפי הדף ביצה,כן,ביצה,יא.,פירוש,לא,
3272,קובץ מפרשים לפי הדף ביצה,כן,ביצה,יא.,פירוש,לא,
3273,קובץ מפרשים לפי הדף ביצה,כן,ביצה,יא.,פירוש,לא,
3274,קובץ מפרשים לפי הדף ביצה,כן,ביצה,יא.,פירוש,לא,
3275,קובץ מפרשים לפי הדף ביצה,כן,ביצה,יא.,פירוש,לא,
3276,קובץ מפרשים לפי הדף ביצה,כן,ביצה,יא.,פירוש,לא,
3277,קובץ מפרשים לפי הדף ביצה,כן,ביצה,יא.,פירוש,לא,
3278,קובץ מפרשים לפי הדף ביצה,כן,ביצה,יא.,פירוש,לא,
3279,קובץ מפרשים לפי הדף ביצה,כן,ביצה,יא.,פירוש,לא,
3280,קובץ מפרשים לפי הדף ביצה,כן,ביצה,יא.,פירוש,לא,
3281,קובץ מפרשים לפי הדף ביצה,כן,ביצה,יא.,פירוש,לא,
3282,קובץ מפרשים לפי הדף ביצה,כן,ביצה,יא.,פירוש,לא,
3283,קובץ מפרשים לפי הדף ביצה,כן,ביצה,יא.,פירוש,לא,
3284,קובץ מפרשים לפי הדף ביצה,כן,ביצה,יא.,פירוש,לא,
3285,קובץ מפרשים לפי הדף ביצה,כן,ביצה,יא.,פירוש,לא,
3287,קובץ מפרשים לפי הדף ביצה,כן,ביצה,יא.,פירוש,לא,
3288,קובץ מפרשים לפי הדף ביצה,כן,ביצה,יא.,פירוש,לא,
3289,קובץ מפרשים לפי הדף ביצה,כן,ביצה,יא.,פירוש,לא,
3290,קובץ מפרשים לפי הדף ביצה,כן,ביצה,יא.,פירוש,לא,
3291,קובץ מפרשים לפי הדף ביצה,כן,ביצה,יא.,פירוש,לא,
3293,קובץ מפרשים לפי הדף ביצה,כן,ביצה,יא.,פירוש,לא,
3294,קובץ מפרשים לפי הדף ביצה,כן,ביצה,יא.,פירוש,לא,
3295,קובץ מפרשים לפי הדף ביצה,כן,ביצה,יא.,פירוש,לא,
3296,קובץ מפרשים לפי הדף ביצה,כן,ביצה,יא.,פירוש,לא,
3297,קובץ מפרשים לפי הדף ביצה,כן,ביצה,יא.,פירוש,לא,
3298,קובץ מפרשים לפי הדף ביצה,כן,ביצה,יא.,פירוש,לא,
3299,קובץ מפרשים לפי הדף ביצה,כן,ביצה,יא.,פירוש,לא,
3300,קובץ מפרשים לפי הדף ביצה,כן,ביצה,יא.,פירוש,לא,
3301,קובץ מפרשים לפי הדף ביצה,כן,ביצה,יא.,פירוש,לא,
3302,קובץ מפרשים לפי הדף ביצה,כן,ביצה,יא.,פירוש,לא,
3303,קובץ מפרשים לפי הדף ביצה,כן,ביצה,יא.,פירוש,לא,
3304,קובץ מפרשים לפי הדף ביצה,כן,ביצה,יא.,פירוש,לא,
3305,קובץ מפרשים לפי הדף ביצה,כן,ביצה,יא.,פירוש,לא,
3306,קובץ מפרשים לפי הדף ביצה,כן,ביצה,יא.,פירוש,לא,
3308,קובץ מפרשים לפי הדף ביצה,כן,ביצה,יא.,פירוש,לא,
3309,קובץ מפרשים לפי הדף ביצה,כן,ביצה,יא.,פירוש,לא,
3310,קובץ מפרשים לפי הדף ביצה,כן,ביצה,יא.,פירוש,לא,
3311,קובץ מפרשים לפי הדף ביצה,כן,ביצה,יא.,פירוש,לא,
3312,קובץ מפרשים לפי הדף ביצה,כן,ביצה,יא.,פירוש,לא,
3314,קובץ מפרשים לפי הדף ביצה,כן,ביצה,יא.,פירוש,לא,
3315,קובץ מפרשים לפי הדף ביצה,כן,ביצה,יא.,פירוש,לא,
3317,קובץ מפרשים לפי הדף ביצה,כן,ביצה,יא.,פירוש,לא,
3318,קובץ מפרשים לפי הדף ביצה,כן,ביצה,יא.,פירוש,לא,
3320,קובץ מפרשים לפי הדף ביצה,כן,ביצה,יא.,פירוש,לא,
3321,קובץ מפרשים לפי הדף ביצה,כן,ביצה,יא.,פירוש,לא,
3322,קובץ מפרשים לפי הדף ביצה,כן,ביצה,יא.,פירוש,לא,
3324,קובץ מפרשים לפי הדף ביצה,כן,ביצה,יא.,פירוש,לא,
3325,קובץ מפרשים לפי הדף ביצה,כן,ביצה,יא.,פירוש,לא,
3326,קובץ מפרשים לפי הדף ביצה,כן,ביצה,יא.,פירוש,לא,
3327,קובץ מפרשים לפי הדף ביצה,כן,ביצה,יא.,פירוש,לא,
3328,קובץ מפרשים לפי הדף ביצה,כן,ביצה,יא.,פירוש,לא,
3329,קובץ מפרשים לפי הדף ביצה,כן,ביצה,יא.,פירוש,לא,
3331,קובץ מפרשים לפי הדף ביצה,כן,ביצה,יא.,פירוש,לא,
3332,קובץ מפרשים לפי הדף ביצה,כן,ביצה,יא.,פירוש,לא,
3333,קובץ מפרשים לפי הדף ביצה,כן,ביצה,יא.,פירוש,לא,
3334,קובץ מפרשים לפי הדף ביצה,כן,ביצה,יא.,פירוש,לא,
3335,קובץ מפרשים לפי הדף ביצה,כן,ביצה,יא.,פירוש,לא,
3336,קובץ מפרשים לפי הדף ביצה,כן,ביצה,יא.,פירוש,לא,
3337,קובץ מפרשים לפי הדף ביצה,כן,ביצה,יא.,פירוש,לא,
3339,קובץ מפרשים לפי הדף ביצה,כן,ביצה,יא.,פירוש,לא,
3340,קובץ מפרשים לפי הדף ביצה,כן,ביצה,יא.,פירוש,לא,
3341,קובץ מפרשים לפי הדף ביצה,כן,ביצה,יא.,פירוש,לא,
3342,קובץ מפרשים לפי הדף ביצה,כן,ביצה,יא.,פירוש,לא,
3343,קובץ מפרשים לפי הדף ביצה,כן,ביצה,יא.,פירוש,לא,
3344,קובץ מפרשים לפי הדף ביצה,כן,ביצה,יא.,פירוש,לא,
3345,קובץ מפרשים לפי הדף ביצה,כן,ביצה,יא.,פירוש,לא,
3346,קובץ מפרשים לפי הדף ביצה,כן,ביצה,יא.,פירוש,לא,
3348,קובץ מפרשים לפי הדף ביצה,כן,ביצה,יא.,פירוש,לא,
3349,קובץ מפרשים לפי הדף ביצה,כן,ביצה,יא.,פירוש,לא,
3350,קובץ מפרשים לפי הדף ביצה,כן,ביצה,יא.,פירוש,לא,
3351,קובץ מפרשים לפי הדף ביצה,כן,ביצה,יא.,פירוש,לא,
3352,קובץ מפרשים לפי הדף ביצה,כן,ביצה,יא.,פירוש,לא,
3353,קובץ מפרשים לפי הדף ביצה,כן,ביצה,יא.,פירוש,לא,
3354,קובץ מפרשים לפי הדף ביצה,כן,ביצה,יא.,פירוש,לא,
3355,קובץ מפרשים לפי הדף ביצה,כן,ביצה,יא.,פירוש,לא,
3356,קובץ מפרשים לפי הדף ביצה,כן,ביצה,יא.,פירוש,לא,
3357,קובץ מפרשים לפי הדף ביצה,כן,ביצה,יא.,פירוש,לא,
3358,קובץ מפרשים לפי הדף ביצה,כן,ביצה,יא.,פירוש,לא,
3359,קובץ מפרשים לפי הדף ביצה,כן,ביצה,יא.,פירוש,לא,
3360,קובץ מפרשים לפי הדף ביצה,כן,ביצה,יא.,פירוש,לא,
3361,קובץ מפרשים לפי הדף ביצה,כן,ביצה,יא.,פירוש,לא,
3362,קובץ מפרשים לפי הדף ביצה,כן,ביצה,יא.,פירוש,לא,
3363,קובץ מפרשים לפי הדף ביצה,כן,ביצה,יא.,פירוש,לא,
3365,קובץ מפרשים לפי הדף ביצה,כן,ביצה,יא.,פירוש,לא,
3366,קובץ מפרשים לפי הדף ביצה,כן,ביצה,יא.,פירוש,לא,
3367,קובץ מפרשים לפי הדף ביצה,כן,ביצה,יא.,פירוש,לא,
3368,קובץ מפרשים לפי הדף ביצה,כן,ביצה,יא.,פירוש,לא,
3369,קובץ מפרשים לפי הדף ביצה,כן,ביצה,יא.,פירוש,לא,
3370,קובץ מפרשים לפי הדף ביצה,כן,ביצה,יא.,פירוש,לא,
3371,קובץ מפרשים לפי הדף ביצה,כן,ביצה,יא.,פירוש,לא,
3372,קובץ מפרשים לפי הדף ביצה,כן,ביצה,יא.,פירוש,לא,
3373,קובץ מפרשים לפי הדף ביצה,כן,ביצה,יא.,פירוש,לא,
3374,קובץ מפרשים לפי הדף ביצה,כן,ביצה,יא.,פירוש,לא,
3375,קובץ מפרשים לפי הדף ביצה,כן,ביצה,יא.,פירוש,לא,
3376,קובץ מפרשים לפי הדף ביצה,כן,ביצה,יא.,פירוש,לא,
3377,קובץ מפרשים לפי הדף ביצה,כן,ביצה,יא.,פירוש,לא,
3378,קובץ מפרשים לפי הדף ביצה,כן,ביצה,יא.,פירוש,לא,
3379,קובץ מפרשים לפי הדף ביצה,כן,ביצה,יא.,פירוש,לא,
3381,קובץ מפרשים לפי הדף ביצה,כן,ביצה,יא.,פירוש,לא,
3383,קובץ מפרשים לפי הדף ביצה,כן,ביצה,יא.,פירוש,לא,
3384,קובץ מפרשים לפי הדף ביצה,כן,ביצה,יא.,פירוש,לא,
3385,קובץ מפרשים לפי הדף ביצה,כן,ביצה,יא.,פירוש,לא,
3386,קובץ מפרשים לפי הדף ביצה,כן,ביצה,יא.,פירוש,לא,
3388,קובץ מפרשים לפי הדף ביצה,כן,ביצה,יא.,פירוש,לא,
3389,קובץ מפרשים לפי הדף ביצה,כן,ביצה,יא.,פירוש,לא,
3391,קובץ מפרשים לפי הדף ביצה,כן,ביצה,יא.,פירוש,לא,
3393,קובץ מפרשים לפי הדף ביצה,כן,ביצה,יא.,פירוש,לא,
3394,קובץ מפרשים לפי הדף ביצה,כן,ביצה,יא.,פירוש,לא,
3395,קובץ מפרשים לפי הדף ביצה,כן,ביצה,יא.,פירוש,לא,
3397,קובץ מפרשים לפי הדף ביצה,כן,ביצה,יא.,פירוש,לא,
3398,קובץ מפרשים לפי הדף ביצה,כן,ביצה,יא.,פירוש,לא,
3399,קובץ מפרשים לפי הדף ביצה,כן,ביצה,יא.,פירוש,לא,
3401,קובץ מפרשים לפי הדף ביצה,כן,ביצה,יא.,פירוש,לא,
3402,קובץ מפרשים לפי הדף ביצה,כן,ביצה,יא.,פירוש,לא,
3404,קובץ מפרשים לפי הדף ביצה,כן,ביצה,יא.,פירוש,לא,
3405,קובץ מפרשים לפי הדף ביצה,כן,ביצה,יא.,פירוש,לא,
3406,קובץ מפרשים לפי הדף ביצה,כן,ביצה,יא.,פירוש,לא,
3407,קובץ מפרשים לפי הדף ביצה,כן,ביצה,יא.,פירוש,לא,
3408,קובץ מפרשים לפי הדף ביצה,כן,ביצה,יא.,פירוש,לא,
3409,קובץ מפרשים לפי הדף ביצה,כן,ביצה,יא.,פירוש,לא,
3410,קובץ מפרשים לפי הדף ביצה,כן,ביצה,יא.,פירוש,לא,
3412,קובץ מפרשים לפי הדף ביצה,כן,ביצה,יא.,פירוש,לא,
3413,קובץ מפרשים לפי הדף ביצה,כן,ביצה,יא.,פירוש,לא,
3414,קובץ מפרשים לפי הדף ביצה,כן,ביצה,יא.,פירוש,לא,
3415,קובץ מפרשים לפי הדף ביצה,כן,ביצה,יא.,פירוש,לא,
3416,קובץ מפרשים לפי הדף ביצה,כן,ביצה,יא.,פירוש,לא,
3419,קובץ מפרשים לפי הדף ביצה,כן,ביצה,יא:,פירוש,לא,
3420,קובץ מפרשים לפי הדף ביצה,כן,ביצה,יא:,פירוש,לא,
3421,קובץ מפרשים לפי הדף ביצה,כן,ביצה,יא:,פירוש,לא,
3422,קובץ מפרשים לפי הדף ביצה,כן,ביצה,יא:,פירוש,לא,
3423,קובץ מפרשים לפי הדף ביצה,כן,ביצה,יא:,פירוש,לא,
3424,קובץ מפרשים לפי הדף ביצה,כן,ביצה,יא:,פירוש,לא,
3425,קובץ מפרשים לפי הדף ביצה,כן,ביצה,יא:,פירוש,לא,
3427,קובץ מפרשים לפי הדף ביצה,כן,ביצה,יא:,פירוש,לא,
3428,קובץ מפרשים לפי הדף ביצה,כן,ביצה,יא:,פירוש,לא,
3429,קובץ מפרשים לפי הדף ביצה,כן,ביצה,יא:,פירוש,לא,
3430,קובץ מפרשים לפי הדף ביצה,כן,ביצה,יא:,פירוש,לא,
3431,קובץ מפרשים לפי הדף ביצה,כן,ביצה,יא:,פירוש,לא,
3432,קובץ מפרשים לפי הדף ביצה,כן,ביצה,יא:,פירוש,לא,
3433,קובץ מפרשים לפי הדף ביצה,כן,ביצה,יא:,פירוש,לא,
3434,קובץ מפרשים לפי הדף ביצה,כן,ביצה,יא:,פירוש,לא,
3435,קובץ מפרשים לפי הדף ביצה,כן,ביצה,יא:,פירוש,לא,
3436,קובץ מפרשים לפי הדף ביצה,כן,ביצה,יא:,פירוש,לא,
3437,קובץ מפרשים לפי הדף ביצה,כן,ביצה,יא:,פירוש,לא,
3438,קובץ מפרשים לפי הדף ביצה,כן,ביצה,יא:,פירוש,לא,
3439,קובץ מפרשים לפי הדף ביצה,כן,ביצה,יא:,פירוש,לא,
3440,קובץ מפרשים לפי הדף ביצה,כן,ביצה,יא:,פירוש,לא,
3441,קובץ מפרשים לפי הדף ביצה,כן,ביצה,יא:,פירוש,לא,
3442,קובץ מפרשים לפי הדף ביצה,כן,ביצה,יא:,פירוש,לא,
3444,קובץ מפרשים לפי הדף ביצה,כן,ביצה,יא:,פירוש,לא,
3445,קובץ מפרשים לפי הדף ביצה,כן,ביצה,יא:,פירוש,לא,
3447,קובץ מפרשים לפי הדף ביצה,כן,ביצה,יא:,פירוש,לא,
3448,קובץ מפרשים לפי הדף ביצה,כן,ביצה,יא:,פירוש,לא,
3449,קובץ מפרשים לפי הדף ביצה,כן,ביצה,יא:,פירוש,לא,
3450,קובץ מפרשים לפי הדף ביצה,כן,ביצה,יא:,פירוש,לא,
3451,קובץ מפרשים לפי הדף ביצה,כן,ביצה,יא:,פירוש,לא,
3452,קובץ מפרשים לפי הדף ביצה,כן,ביצה,יא:,פירוש,לא,
3453,קובץ מפרשים לפי הדף ביצה,כן,ביצה,יא:,פירוש,לא,
3454,קובץ מפרשים לפי הדף ביצה,כן,ביצה,יא:,פירוש,לא,
3455,קובץ מפרשים לפי הדף ביצה,כן,ביצה,יא:,פירוש,לא,
3456,קובץ מפרשים לפי הדף ביצה,כן,ביצה,יא:,פירוש,לא,
3457,קובץ מפרשים לפי הדף ביצה,כן,ביצה,יא:,פירוש,לא,
3459,קובץ מפרשים לפי הדף ביצה,כן,ביצה,יא:,פירוש,לא,
3460,קובץ מפרשים לפי הדף ביצה,כן,ביצה,יא:,פירוש,לא,
3461,קובץ מפרשים לפי הדף ביצה,כן,ביצה,יא:,פירוש,לא,
3463,קובץ מפרשים לפי הדף ביצה,כן,ביצה,יא:,פירוש,לא,
3464,קובץ מפרשים לפי הדף ביצה,כן,ביצה,יא:,פירוש,לא,
3465,קובץ מפרשים לפי הדף ביצה,כן,ביצה,יא:,פירוש,לא,
3466,קובץ מפרשים לפי הדף ביצה,כן,ביצה,יא:,פירוש,לא,
3467,קובץ מפרשים לפי הדף ביצה,כן,ביצה,יא:,פירוש,לא,
3468,קובץ מפרשים לפי הדף ביצה,כן,ביצה,יא:,פירוש,לא,
3469,קובץ מפרשים לפי הדף ביצה,כן,ביצה,יא:,פירוש,לא,
3470,קובץ מפרשים לפי הדף ביצה,כן,ביצה,יא:,פירוש,לא,
3472,קובץ מפרשים לפי הדף ביצה,כן,ביצה,יא:,פירוש,לא,
3473,קובץ מפרשים לפי הדף ביצה,כן,ביצה,יא:,פירוש,לא,
3474,קובץ מפרשים לפי הדף ביצה,כן,ביצה,יא:,פירוש,לא,
3476,קובץ מפרשים לפי הדף ביצה,כן,ביצה,יא:,פירוש,לא,
3477,קובץ מפרשים לפי הדף ביצה,כן,ביצה,יא:,פירוש,לא,
3478,קובץ מפרשים לפי הדף ביצה,כן,ביצה,יא:,פירוש,לא,
3480,קובץ מפרשים לפי הדף ביצה,כן,ביצה,יא:,פירוש,לא,
3481,קובץ מפרשים לפי הדף ביצה,כן,ביצה,יא:,פירוש,לא,
3482,קובץ מפרשים לפי הדף ביצה,כן,ביצה,יא:,פירוש,לא,
3483,קובץ מפרשים לפי הדף ביצה,כן,ביצה,יא:,פירוש,לא,
3484,קובץ מפרשים לפי הדף ביצה,כן,ביצה,יא:,פירוש,לא,
3485,קובץ מפרשים לפי הדף ביצה,כן,ביצה,יא:,פירוש,לא,
3486,קובץ מפרשים לפי הדף ביצה,כן,ביצה,יא:,פירוש,לא,
3487,קובץ מפרשים לפי הדף ביצה,כן,ביצה,יא:,פירוש,לא,
3489,קובץ מפרשים לפי הדף ביצה,כן,ביצה,יא:,פירוש,לא,
3490,קובץ מפרשים לפי הדף ביצה,כן,ביצה,יא:,פירוש,לא,
3491,קובץ מפרשים לפי הדף ביצה,כן,ביצה,יא:,פירוש,לא,
3492,קובץ מפרשים לפי הדף ביצה,כן,ביצה,יא:,פירוש,לא,
3494,קובץ מפרשים לפי הדף ביצה,כן,ביצה,יא:,פירוש,לא,
3495,קובץ מפרשים לפי הדף ביצה,כן,ביצה,יא:,פירוש,לא,
3496,קובץ מפרשים לפי הדף ביצה,כן,ביצה,יא:,פירוש,לא,
3497,קובץ מפרשים לפי הדף ביצה,כן,ביצה,יא:,פירוש,לא,
3499,קובץ מפרשים לפי הדף ביצה,כן,ביצה,יא:,פירוש,לא,
3500,קובץ מפרשים לפי הדף ביצה,כן,ביצה,יא:,פירוש,לא,
3501,קובץ מפרשים לפי הדף ביצה,כן,ביצה,יא:,פירוש,לא,
3502,קובץ מפרשים לפי הדף ביצה,כן,ביצה,יא:,פירוש,לא,
3503,קובץ מפרשים לפי הדף ביצה,כן,ביצה,יא:,פירוש,לא,
3504,קובץ מפרשים לפי הדף ביצה,כן,ביצה,יא:,פירוש,לא,
3505,קובץ מפרשים לפי הדף ביצה,כן,ביצה,יא:,פירוש,לא,
3506,קובץ מפרשים לפי הדף ביצה,כן,ביצה,יא:,פירוש,לא,
3507,קובץ מפרשים לפי הדף ביצה,כן,ביצה,יא:,פירוש,לא,
3508,קובץ מפרשים לפי הדף ביצה,כן,ביצה,יא:,פירוש,לא,
3509,קובץ מפרשים לפי הדף ביצה,כן,ביצה,יא:,פירוש,לא,
3510,קובץ מפרשים לפי הדף ביצה,כן,ביצה,יא:,פירוש,לא,
3511,קובץ מפרשים לפי הדף ביצה,כן,ביצה,יא:,פירוש,לא,
3512,קובץ מפרשים לפי הדף ביצה,כן,ביצה,יא:,פירוש,לא,
3514,קובץ מפרשים לפי הדף ביצה,כן,ביצה,יא:,פירוש,לא,
3515,קובץ מפרשים לפי הדף ביצה,כן,ביצה,יא:,פירוש,לא,
3516,קובץ מפרשים לפי הדף ביצה,כן,ביצה,יא:,פירוש,לא,
3517,קובץ מפרשים לפי הדף ביצה,כן,ביצה,יא:,פירוש,לא,
3518,קובץ מפרשים לפי הדף ביצה,כן,ביצה,יא:,פירוש,לא,
3519,קובץ מפרשים לפי הדף ביצה,כן,ביצה,יא:,פירוש,לא,
3520,קובץ מפרשים לפי הדף ביצה,כן,ביצה,יא:,פירוש,לא,
3521,קובץ מפרשים לפי הדף ביצה,כן,ביצה,יא:,פירוש,לא,
3522,קובץ מפרשים לפי הדף ביצה,כן,ביצה,יא:,פירוש,לא,
3523,קובץ מפרשים לפי הדף ביצה,כן,ביצה,יא:,פירוש,לא,
3524,קובץ מפרשים לפי הדף ביצה,כן,ביצה,יא:,פירוש,לא,
3525,קובץ מפרשים לפי הדף ביצה,כן,ביצה,יא:,פירוש,לא,
3526,קובץ מפרשים לפי הדף ביצה,כן,ביצה,יא:,פירוש,לא,
3527,קובץ מפרשים לפי הדף ביצה,כן,ביצה,יא:,פירוש,לא,
3528,קובץ מפרשים לפי הדף ביצה,כן,ביצה,יא:,פירוש,לא,
3529,קובץ מפרשים לפי הדף ביצה,כן,ביצה,יא:,פירוש,לא,
3530,קובץ מפרשים לפי הדף ביצה,כן,ביצה,יא:,פירוש,לא,
3531,קובץ מפרשים לפי הדף ביצה,כן,ביצה,יא:,פירוש,לא,
3532,קובץ מפרשים לפי הדף ביצה,כן,ביצה,יא:,פירוש,לא,
3533,קובץ מפרשים לפי הדף ביצה,כן,ביצה,יא:,פירוש,לא,
3534,קובץ מפרשים לפי הדף ביצה,כן,ביצה,יא:,פירוש,לא,
3535,קובץ מפרשים לפי הדף ביצה,כן,ביצה,יא:,פירוש,לא,
3536,קובץ מפרשים לפי הדף ביצה,כן,ביצה,יא:,פירוש,לא,
3537,קובץ מפרשים לפי הדף ביצה,כן,ביצה,יא:,פירוש,לא,
3538,קובץ מפרשים לפי הדף ביצה,כן,ביצה,יא:,פירוש,לא,
3539,קובץ מפרשים לפי הדף ביצה,כן,ביצה,יא:,פירוש,לא,
3540,קובץ מפרשים לפי הדף ביצה,כן,ביצה,יא:,פירוש,לא,
3542,קובץ מפרשים לפי הדף ביצה,כן,ביצה,יא:,פירוש,לא,
3544,קובץ מפרשים לפי הדף ביצה,כן,ביצה,יא:,פירוש,לא,
3545,קובץ מפרשים לפי הדף ביצה,כן,ביצה,יא:,פירוש,לא,
3546,קובץ מפרשים לפי הדף ביצה,כן,ביצה,יא:,פירוש,לא,
3547,קובץ מפרשים לפי הדף ביצה,כן,ביצה,יא:,פירוש,לא,
3549,קובץ מפרשים לפי הדף ביצה,כן,ביצה,יא:,פירוש,לא,
3551,קובץ מפרשים לפי הדף ביצה,כן,ביצה,יא:,פירוש,לא,
3552,קובץ מפרשים לפי הדף ביצה,כן,ביצה,יא:,פירוש,לא,
3554,קובץ מפרשים לפי הדף ביצה,כן,ביצה,יא:,פירוש,לא,
3556,קובץ מפרשים לפי הדף ביצה,כן,ביצה,יא:,פירוש,לא,
3558,קובץ מפרשים לפי הדף ביצה,כן,ביצה,יא:,פירוש,לא,
3561,קובץ מפרשים לפי הדף ביצה,כן,ביצה,יב.,פירוש,לא,
3562,קובץ מפרשים לפי הדף ביצה,כן,ביצה,יב.,פירוש,לא,
3563,קובץ מפרשים לפי הדף ביצה,כן,ביצה,יב.,פירוש,לא,
3564,קובץ מפרשים לפי הדף ביצה,כן,ביצה,יב.,פירוש,לא,
3565,קובץ מפרשים לפי הדף ביצה,כן,ביצה,יב.,פירוש,לא,
3567,קובץ מפרשים לפי הדף ביצה,כן,ביצה,יב.,פירוש,לא,
3568,קובץ מפרשים לפי הדף ביצה,כן,ביצה,יב.,פירוש,לא,
3569,קובץ מפרשים לפי הדף ביצה,כן,ביצה,יב.,פירוש,לא,
3570,קובץ מפרשים לפי הדף ביצה,כן,ביצה,יב.,פירוש,לא,
3571,קובץ מפרשים לפי הדף ביצה,כן,ביצה,יב.,פירוש,לא,
3572,קובץ מפרשים לפי הדף ביצה,כן,ביצה,יב.,פירוש,לא,
3573,קובץ מפרשים לפי הדף ביצה,כן,ביצה,יב.,פירוש,לא,
3574,קובץ מפרשים לפי הדף ביצה,כן,ביצה,יב.,פירוש,לא,
3575,קובץ מפרשים לפי הדף ביצה,כן,ביצה,יב.,פירוש,לא,
3576,קובץ מפרשים לפי הדף ביצה,כן,ביצה,יב.,פירוש,לא,
3577,קובץ מפרשים לפי הדף ביצה,כן,ביצה,יב.,פירוש,לא,
3578,קובץ מפרשים לפי הדף ביצה,כן,ביצה,יב.,פירוש,לא,
3579,קובץ מפרשים לפי הדף ביצה,כן,ביצה,יב.,פירוש,לא,
3580,קובץ מפרשים לפי הדף ביצה,כן,ביצה,יב.,פירוש,לא,
3581,קובץ מפרשים לפי הדף ביצה,כן,ביצה,יב.,פירוש,לא,
3582,קובץ מפרשים לפי הדף ביצה,כן,ביצה,יב.,פירוש,לא,
3583,קובץ מפרשים לפי הדף ביצה,כן,ביצה,יב.,פירוש,לא,
3584,קובץ מפרשים לפי הדף ביצה,כן,ביצה,יב.,פירוש,לא,
3585,קובץ מפרשים לפי הדף ביצה,כן,ביצה,יב.,פירוש,לא,
3586,קובץ מפרשים לפי הדף ביצה,כן,ביצה,יב.,פירוש,לא,
3587,קובץ מפרשים לפי הדף ביצה,כן,ביצה,יב.,פירוש,לא,
3588,קובץ מפרשים לפי הדף ביצה,כן,ביצה,יב.,פירוש,לא,
3589,קובץ מפרשים לפי הדף ביצה,כן,ביצה,יב.,פירוש,לא,
3590,קובץ מפרשים לפי הדף ביצה,כן,ביצה,יב.,פירוש,לא,
3591,קובץ מפרשים לפי הדף ביצה,כן,ביצה,יב.,פירוש,לא,
3592,קובץ מפרשים לפי הדף ביצה,כן,ביצה,יב.,פירוש,לא,
3593,קובץ מפרשים לפי הדף ביצה,כן,ביצה,יב.,פירוש,לא,
3595,קובץ מפרשים לפי הדף ביצה,כן,ביצה,יב.,פירוש,לא,
3596,קובץ מפרשים לפי הדף ביצה,כן,ביצה,יב.,פירוש,לא,
3598,קובץ מפרשים לפי הדף ביצה,כן,ביצה,יב.,פירוש,לא,
3599,קובץ מפרשים לפי הדף ביצה,כן,ביצה,יב.,פירוש,לא,
3600,קובץ מפרשים לפי הדף ביצה,כן,ביצה,יב.,פירוש,לא,
3601,קובץ מפרשים לפי הדף ביצה,כן,ביצה,יב.,פירוש,לא,
3602,קובץ מפרשים לפי הדף ביצה,כן,ביצה,יב.,פירוש,לא,
3603,קובץ מפרשים לפי הדף ביצה,כן,ביצה,יב.,פירוש,לא,
3604,קובץ מפרשים לפי הדף ביצה,כן,ביצה,יב.,פירוש,לא,
3605,קובץ מפרשים לפי הדף ביצה,כן,ביצה,יב.,פירוש,לא,
3606,קובץ מפרשים לפי הדף ביצה,כן,ביצה,יב.,פירוש,לא,
3607,קובץ מפרשים לפי הדף ביצה,כן,ביצה,יב.,פירוש,לא,
3608,קובץ מפרשים לפי הדף ביצה,כן,ביצה,יב.,פירוש,לא,
3609,קובץ מפרשים לפי הדף ביצה,כן,ביצה,יב.,פירוש,לא,
3610,קובץ מפרשים לפי הדף ביצה,כן,ביצה,יב.,פירוש,לא,
3611,קובץ מפרשים לפי הדף ביצה,כן,ביצה,יב.,פירוש,לא,
3613,קובץ מפרשים לפי הדף ביצה,כן,ביצה,יב.,פירוש,לא,
3615,קובץ מפרשים לפי הדף ביצה,כן,ביצה,יב.,פירוש,לא,
3616,קובץ מפרשים לפי הדף ביצה,כן,ביצה,יב.,פירוש,לא,
3617,קובץ מפרשים לפי הדף ביצה,כן,ביצה,יב.,פירוש,לא,
3618,קובץ מפרשים לפי הדף ביצה,כן,ביצה,יב.,פירוש,לא,
3619,קובץ מפרשים לפי הדף ביצה,כן,ביצה,יב.,פירוש,לא,
3620,קובץ מפרשים לפי הדף ביצה,כן,ביצה,יב.,פירוש,לא,
3622,קובץ מפרשים לפי הדף ביצה,כן,ביצה,יב.,פירוש,לא,
3623,קובץ מפרשים לפי הדף ביצה,כן,ביצה,יב.,פירוש,לא,
3624,קובץ מפרשים לפי הדף ביצה,כן,ביצה,יב.,פירוש,לא,
3625,קובץ מפרשים לפי הדף ביצה,כן,ביצה,יב.,פירוש,לא,
3626,קובץ מפרשים לפי הדף ביצה,כן,ביצה,יב.,פירוש,לא,
3627,קובץ מפרשים לפי הדף ביצה,כן,ביצה,יב.,פירוש,לא,
3629,קובץ מפרשים לפי הדף ביצה,כן,ביצה,יב.,פירוש,לא,
3630,קובץ מפרשים לפי הדף ביצה,כן,ביצה,יב.,פירוש,לא,
3632,קובץ מפרשים לפי הדף ביצה,כן,ביצה,יב.,פירוש,לא,
3633,קובץ מפרשים לפי הדף ביצה,כן,ביצה,יב.,פירוש,לא,
3634,קובץ מפרשים לפי הדף ביצה,כן,ביצה,יב.,פירוש,לא,
3635,קובץ מפרשים לפי הדף ביצה,כן,ביצה,יב.,פירוש,לא,
3636,קובץ מפרשים לפי הדף ביצה,כן,ביצה,יב.,פירוש,לא,
3637,קובץ מפרשים לפי הדף ביצה,כן,ביצה,יב.,פירוש,לא,
3639,קובץ מפרשים לפי הדף ביצה,כן,ביצה,יב.,פירוש,לא,
3640,קובץ מפרשים לפי הדף ביצה,כן,ביצה,יב.,פירוש,לא,
3642,קובץ מפרשים לפי הדף ביצה,כן,ביצה,יב.,פירוש,לא,
3643,קובץ מפרשים לפי הדף ביצה,כן,ביצה,יב.,פירוש,לא,
3644,קובץ מפרשים לפי הדף ביצה,כן,ביצה,יב.,פירוש,לא,
3645,קובץ מפרשים לפי הדף ביצה,כן,ביצה,יב.,פירוש,לא,
3646,קובץ מפרשים לפי הדף ביצה,כן,ביצה,יב.,פירוש,לא,
3647,קובץ מפרשים לפי הדף ביצה,כן,ביצה,יב.,פירוש,לא,
3648,קובץ מפרשים לפי הדף ביצה,כן,ביצה,יב.,פירוש,לא,
3649,קובץ מפרשים לפי הדף ביצה,כן,ביצה,יב.,פירוש,לא,
3651,קובץ מפרשים לפי הדף ביצה,כן,ביצה,יב.,פירוש,לא,
3652,קובץ מפרשים לפי הדף ביצה,כן,ביצה,יב.,פירוש,לא,
3653,קובץ מפרשים לפי הדף ביצה,כן,ביצה,יב.,פירוש,לא,
3654,קובץ מפרשים לפי הדף ביצה,כן,ביצה,יב.,פירוש,לא,
3656,קובץ מפרשים לפי הדף ביצה,כן,ביצה,יב.,פירוש,לא,
3657,קובץ מפרשים לפי הדף ביצה,כן,ביצה,יב.,פירוש,לא,
3658,קובץ מפרשים לפי הדף ביצה,כן,ביצה,יב.,פירוש,לא,
3659,קובץ מפרשים לפי הדף ביצה,כן,ביצה,יב.,פירוש,לא,
3660,קובץ מפרשים לפי הדף ביצה,כן,ביצה,יב.,פירוש,לא,
3661,קובץ מפרשים לפי הדף ביצה,כן,ביצה,יב.,פירוש,לא,
3663,קובץ מפרשים לפי הדף ביצה,כן,ביצה,יב.,פירוש,לא,
3664,קובץ מפרשים לפי הדף ביצה,כן,ביצה,יב.,פירוש,לא,
3665,קובץ מפרשים לפי הדף ביצה,כן,ביצה,יב.,פירוש,לא,
3666,קובץ מפרשים לפי הדף ביצה,כן,ביצה,יב.,פירוש,לא,
3667,קובץ מפרשים לפי הדף ביצה,כן,ביצה,יב.,פירוש,לא,
3668,קובץ מפרשים לפי הדף ביצה,כן,ביצה,יב.,פירוש,לא,
3669,קובץ מפרשים לפי הדף ביצה,כן,ביצה,יב.,פירוש,לא,
3670,קובץ מפרשים לפי הדף ביצה,כן,ביצה,יב.,פירוש,לא,
3671,קובץ מפרשים לפי הדף ביצה,כן,ביצה,יב.,פירוש,לא,
3672,קובץ מפרשים לפי הדף ביצה,כן,ביצה,יב.,פירוש,לא,
3673,קובץ מפרשים לפי הדף ביצה,כן,ביצה,יב.,פירוש,לא,
3674,קובץ מפרשים לפי הדף ביצה,כן,ביצה,יב.,פירוש,לא,
3675,קובץ מפרשים לפי הדף ביצה,כן,ביצה,יב.,פירוש,לא,
3676,קובץ מפרשים לפי הדף ביצה,כן,ביצה,יב.,פירוש,לא,
3677,קובץ מפרשים לפי הדף ביצה,כן,ביצה,יב.,פירוש,לא,
3678,קובץ מפרשים לפי הדף ביצה,כן,ביצה,יב.,פירוש,לא,
3679,קובץ מפרשים לפי הדף ביצה,כן,ביצה,יב.,פירוש,לא,
3680,קובץ מפרשים לפי הדף ביצה,כן,ביצה,יב.,פירוש,לא,
3681,קובץ מפרשים לפי הדף ביצה,כן,ביצה,יב.,פירוש,לא,
3682,קובץ מפרשים לפי הדף ביצה,כן,ביצה,יב.,פירוש,לא,
3684,קובץ מפרשים לפי הדף ביצה,כן,ביצה,יב.,פירוש,לא,
3686,קובץ מפרשים לפי הדף ביצה,כן,ביצה,יב.,פירוש,לא,
3687,קובץ מפרשים לפי הדף ביצה,כן,ביצה,יב.,פירוש,לא,
3688,קובץ מפרשים לפי הדף ביצה,כן,ביצה,יב.,פירוש,לא,
3689,קובץ מפרשים לפי הדף ביצה,כן,ביצה,יב.,פירוש,לא,
3690,קובץ מפרשים לפי הדף ביצה,כן,ביצה,יב.,פירוש,לא,
3691,קובץ מפרשים לפי הדף ביצה,כן,ביצה,יב.,פירוש,לא,
3692,קובץ מפרשים לפי הדף ביצה,כן,ביצה,יב.,פירוש,לא,
3693,קובץ מפרשים לפי הדף ביצה,כן,ביצה,יב.,פירוש,לא,
3694,קובץ מפרשים לפי הדף ביצה,כן,ביצה,יב.,פירוש,לא,
3695,קובץ מפרשים לפי הדף ביצה,כן,ביצה,יב.,פירוש,לא,
3696,קובץ מפרשים לפי הדף ביצה,כן,ביצה,יב.,פירוש,לא,
3697,קובץ מפרשים לפי הדף ביצה,כן,ביצה,יב.,פירוש,לא,
3698,קובץ מפרשים לפי הדף ביצה,כן,ביצה,יב.,פירוש,לא,
3699,קובץ מפרשים לפי הדף ביצה,כן,ביצה,יב.,פירוש,לא,
3700,קובץ מפרשים לפי הדף ביצה,כן,ביצה,יב.,פירוש,לא,
3701,קובץ מפרשים לפי הדף ביצה,כן,ביצה,יב.,פירוש,לא,
3702,קובץ מפרשים לפי הדף ביצה,כן,ביצה,יב.,פירוש,לא,
3703,קובץ מפרשים לפי הדף ביצה,כן,ביצה,יב.,פירוש,לא,
3704,קובץ מפרשים לפי הדף ביצה,כן,ביצה,יב.,פירוש,לא,
3706,קובץ מפרשים לפי הדף ביצה,כן,ביצה,יב.,פירוש,לא,
3707,קובץ מפרשים לפי הדף ביצה,כן,ביצה,יב.,פירוש,לא,
3709,קובץ מפרשים לפי הדף ביצה,כן,ביצה,יב.,פירוש,לא,
3711,קובץ מפרשים לפי הדף ביצה,כן,ביצה,יב.,פירוש,לא,
3712,קובץ מפרשים לפי הדף ביצה,כן,ביצה,יב.,פירוש,לא,
3713,קובץ מפרשים לפי הדף ביצה,כן,ביצה,יב.,פירוש,לא,
3715,קובץ מפרשים לפי הדף ביצה,כן,ביצה,יב.,פירוש,לא,
3717,קובץ מפרשים לפי הדף ביצה,כן,ביצה,יב.,פירוש,לא,
3718,קובץ מפרשים לפי הדף ביצה,כן,ביצה,יב.,פירוש,לא,
3719,קובץ מפרשים לפי הדף ביצה,כן,ביצה,יב.,פירוש,לא,
3720,קובץ מפרשים לפי הדף ביצה,כן,ביצה,יב.,פירוש,לא,
3721,קובץ מפרשים לפי הדף ביצה,כן,ביצה,יב.,פירוש,לא,
3722,קובץ מפרשים לפי הדף ביצה,כן,ביצה,יב.,פירוש,לא,
3723,קובץ מפרשים לפי הדף ביצה,כן,ביצה,יב.,פירוש,לא,
3724,קובץ מפרשים לפי הדף ביצה,כן,ביצה,יב.,פירוש,לא,
3725,קובץ מפרשים לפי הדף ביצה,כן,ביצה,יב.,פירוש,לא,
3726,קובץ מפרשים לפי הדף ביצה,כן,ביצה,יב.,פירוש,לא,
3727,קובץ מפרשים לפי הדף ביצה,כן,ביצה,יב.,פירוש,לא,
3728,קובץ מפרשים לפי הדף ביצה,כן,ביצה,יב.,פירוש,לא,
3729,קובץ מפרשים לפי הדף ביצה,כן,ביצה,יב.,פירוש,לא,
3730,קובץ מפרשים לפי הדף ביצה,כן,ביצה,יב.,פירוש,לא,
3731,קובץ מפרשים לפי הדף ביצה,כן,ביצה,יב.,פירוש,לא,
3732,קובץ מפרשים לפי הדף ביצה,כן,ביצה,יב.,פירוש,לא,
3735,קובץ מפרשים לפי הדף ביצה,כן,ביצה,יב:,פירוש,לא,
3736,קובץ מפרשים לפי הדף ביצה,כן,ביצה,יב:,פירוש,לא,
3737,קובץ מפרשים לפי הדף ביצה,כן,ביצה,יב:,פירוש,לא,
3738,קובץ מפרשים לפי הדף ביצה,כן,ביצה,יב:,פירוש,לא,
3739,קובץ מפרשים לפי הדף ביצה,כן,ביצה,יב:,פירוש,לא,
3741,קובץ מפרשים לפי הדף ביצה,כן,ביצה,יב:,פירוש,לא,
3742,קובץ מפרשים לפי הדף ביצה,כן,ביצה,יב:,פירוש,לא,
3743,קובץ מפרשים לפי הדף ביצה,כן,ביצה,יב:,פירוש,לא,
3744,קובץ מפרשים לפי הדף ביצה,כן,ביצה,יב:,פירוש,לא,
3745,קובץ מפרשים לפי הדף ביצה,כן,ביצה,יב:,פירוש,לא,
3746,קובץ מפרשים לפי הדף ביצה,כן,ביצה,יב:,פירוש,לא,
3747,קובץ מפרשים לפי הדף ביצה,כן,ביצה,יב:,פירוש,לא,
3749,קובץ מפרשים לפי הדף ביצה,כן,ביצה,יב:,פירוש,לא,
3750,קובץ מפרשים לפי הדף ביצה,כן,ביצה,יב:,פירוש,לא,
3752,קובץ מפרשים לפי הדף ביצה,כן,ביצה,יב:,פירוש,לא,
3753,קובץ מפרשים לפי הדף ביצה,כן,ביצה,יב:,פירוש,לא,
3754,קובץ מפרשים לפי הדף ביצה,כן,ביצה,יב:,פירוש,לא,
3755,קובץ מפרשים לפי הדף ביצה,כן,ביצה,יב:,פירוש,לא,
3756,קובץ מפרשים לפי הדף ביצה,כן,ביצה,יב:,פירוש,לא,
3757,קובץ מפרשים לפי הדף ביצה,כן,ביצה,יב:,פירוש,לא,
3758,קובץ מפרשים לפי הדף ביצה,כן,ביצה,יב:,פירוש,לא,
3759,קובץ מפרשים לפי הדף ביצה,כן,ביצה,יב:,פירוש,לא,
3761,קובץ מפרשים לפי הדף ביצה,כן,ביצה,יב:,פירוש,לא,
3762,קובץ מפרשים לפי הדף ביצה,כן,ביצה,יב:,פירוש,לא,
3763,קובץ מפרשים לפי הדף ביצה,כן,ביצה,יב:,פירוש,לא,
3765,קובץ מפרשים לפי הדף ביצה,כן,ביצה,יב:,פירוש,לא,
3766,קובץ מפרשים לפי הדף ביצה,כן,ביצה,יב:,פירוש,לא,
3767,קובץ מפרשים לפי הדף ביצה,כן,ביצה,יב:,פירוש,לא,
3768,קובץ מפרשים לפי הדף ביצה,כן,ביצה,יב:,פירוש,לא,
3769,קובץ מפרשים לפי הדף ביצה,כן,ביצה,יב:,פירוש,לא,
3770,קובץ מפרשים לפי הדף ביצה,כן,ביצה,יב:,פירוש,לא,
3771,קובץ מפרשים לפי הדף ביצה,כן,ביצה,יב:,פירוש,לא,
3772,קובץ מפרשים לפי הדף ביצה,כן,ביצה,יב:,פירוש,לא,
3774,קובץ מפרשים לפי הדף ביצה,כן,ביצה,יב:,פירוש,לא,
3775,קובץ מפרשים לפי הדף ביצה,כן,ביצה,יב:,פירוש,לא,
3777,קובץ מפרשים לפי הדף ביצה,כן,ביצה,יב:,פירוש,לא,
3779,קובץ מפרשים לפי הדף ביצה,כן,ביצה,יב:,פירוש,לא,
3781,קובץ מפרשים לפי הדף ביצה,כן,ביצה,יב:,פירוש,לא,
3782,קובץ מפרשים לפי הדף ביצה,כן,ביצה,יב:,פירוש,לא,
3783,קובץ מפרשים לפי הדף ביצה,כן,ביצה,יב:,פירוש,לא,
3784,קובץ מפרשים לפי הדף ביצה,כן,ביצה,יב:,פירוש,לא,
3785,קובץ מפרשים לפי הדף ביצה,כן,ביצה,יב:,פירוש,לא,
3787,קובץ מפרשים לפי הדף ביצה,כן,ביצה,יב:,פירוש,לא,
3788,קובץ מפרשים לפי הדף ביצה,כן,ביצה,יב:,פירוש,לא,
3789,קובץ מפרשים לפי הדף ביצה,כן,ביצה,יב:,פירוש,לא,
3790,קובץ מפרשים לפי הדף ביצה,כן,ביצה,יב:,פירוש,לא,
3791,קובץ מפרשים לפי הדף ביצה,כן,ביצה,יב:,פירוש,לא,
3792,קובץ מפרשים לפי הדף ביצה,כן,ביצה,יב:,פירוש,לא,
3793,קובץ מפרשים לפי הדף ביצה,כן,ביצה,יב:,פירוש,לא,
3794,קובץ מפרשים לפי הדף ביצה,כן,ביצה,יב:,פירוש,לא,
3795,קובץ מפרשים לפי הדף ביצה,כן,ביצה,יב:,פירוש,לא,
3796,קובץ מפרשים לפי הדף ביצה,כן,ביצה,יב:,פירוש,לא,
3797,קובץ מפרשים לפי הדף ביצה,כן,ביצה,יב:,פירוש,לא,
3798,קובץ מפרשים לפי הדף ביצה,כן,ביצה,יב:,פירוש,לא,
3799,קובץ מפרשים לפי הדף ביצה,כן,ביצה,יב:,פירוש,לא,
3800,קובץ מפרשים לפי הדף ביצה,כן,ביצה,יב:,פירוש,לא,
3801,קובץ מפרשים לפי הדף ביצה,כן,ביצה,יב:,פירוש,לא,
3802,קובץ מפרשים לפי הדף ביצה,כן,ביצה,יב:,פירוש,לא,
3803,קובץ מפרשים לפי הדף ביצה,כן,ביצה,יב:,פירוש,לא,
3804,קובץ מפרשים לפי הדף ביצה,כן,ביצה,יב:,פירוש,לא,
3805,קובץ מפרשים לפי הדף ביצה,כן,ביצה,יב:,פירוש,לא,
3806,קובץ מפרשים לפי הדף ביצה,כן,ביצה,יב:,פירוש,לא,
3807,קובץ מפרשים לפי הדף ביצה,כן,ביצה,יב:,פירוש,לא,
3809,קובץ מפרשים לפי הדף ביצה,כן,ביצה,יב:,פירוש,לא,
3810,קובץ מפרשים לפי הדף ביצה,כן,ביצה,יב:,פירוש,לא,
3811,קובץ מפרשים לפי הדף ביצה,כן,ביצה,יב:,פירוש,לא,
3812,קובץ מפרשים לפי הדף ביצה,כן,ביצה,יב:,פירוש,לא,
3813,קובץ מפרשים לפי הדף ביצה,כן,ביצה,יב:,פירוש,לא,
3814,קובץ מפרשים לפי הדף ביצה,כן,ביצה,יב:,פירוש,לא,
3815,קובץ מפרשים לפי הדף ביצה,כן,ביצה,יב:,פירוש,לא,
3816,קובץ מפרשים לפי הדף ביצה,כן,ביצה,יב:,פירוש,לא,
3818,קובץ מפרשים לפי הדף ביצה,כן,ביצה,יב:,פירוש,לא,
3819,קובץ מפרשים לפי הדף ביצה,כן,ביצה,יב:,פירוש,לא,
3820,קובץ מפרשים לפי הדף ביצה,כן,ביצה,יב:,פירוש,לא,
3821,קובץ מפרשים לפי הדף ביצה,כן,ביצה,יב:,פירוש,לא,
3822,קובץ מפרשים לפי הדף ביצה,כן,ביצה,יב:,פירוש,לא,
3823,קובץ מפרשים לפי הדף ביצה,כן,ביצה,יב:,פירוש,לא,
3824,קובץ מפרשים לפי הדף ביצה,כן,ביצה,יב:,פירוש,לא,
3825,קובץ מפרשים לפי הדף ביצה,כן,ביצה,יב:,פירוש,לא,
3826,קובץ מפרשים לפי הדף ביצה,כן,ביצה,יב:,פירוש,לא,
3827,קובץ מפרשים לפי הדף ביצה,כן,ביצה,יב:,פירוש,לא,
3828,קובץ מפרשים לפי הדף ביצה,כן,ביצה,יב:,פירוש,לא,
3829,קובץ מפרשים לפי הדף ביצה,כן,ביצה,יב:,פירוש,לא,
3830,קובץ מפרשים לפי הדף ביצה,כן,ביצה,יב:,פירוש,לא,
3831,קובץ מפרשים לפי הדף ביצה,כן,ביצה,יב:,פירוש,לא,
3832,קובץ מפרשים לפי הדף ביצה,כן,ביצה,יב:,פירוש,לא,
3833,קובץ מפרשים לפי הדף ביצה,כן,ביצה,יב:,פירוש,לא,
3835,קובץ מפרשים לפי הדף ביצה,כן,ביצה,יב:,פירוש,לא,
3836,קובץ מפרשים לפי הדף ביצה,כן,ביצה,יב:,פירוש,לא,
3837,קובץ מפרשים לפי הדף ביצה,כן,ביצה,יב:,פירוש,לא,
3838,קובץ מפרשים לפי הדף ביצה,כן,ביצה,יב:,פירוש,לא,
3839,קובץ מפרשים לפי הדף ביצה,כן,ביצה,יב:,פירוש,לא,
3841,קובץ מפרשים לפי הדף ביצה,כן,ביצה,יב:,פירוש,לא,
3842,קובץ מפרשים לפי הדף ביצה,כן,ביצה,יב:,פירוש,לא,
3843,קובץ מפרשים לפי הדף ביצה,כן,ביצה,יב:,פירוש,לא,
3844,קובץ מפרשים לפי הדף ביצה,כן,ביצה,יב:,פירוש,לא,
3845,קובץ מפרשים לפי הדף ביצה,כן,ביצה,יב:,פירוש,לא,
3846,קובץ מפרשים לפי הדף ביצה,כן,ביצה,יב:,פירוש,לא,
3847,קובץ מפרשים לפי הדף ביצה,כן,ביצה,יב:,פירוש,לא,
3848,קובץ מפרשים לפי הדף ביצה,כן,ביצה,יב:,פירוש,לא,
3849,קובץ מפרשים לפי הדף ביצה,כן,ביצה,יב:,פירוש,לא,
3850,קובץ מפרשים לפי הדף ביצה,כן,ביצה,יב:,פירוש,לא,
3851,קובץ מפרשים לפי הדף ביצה,כן,ביצה,יב:,פירוש,לא,
3852,קובץ מפרשים לפי הדף ביצה,כן,ביצה,יב:,פירוש,לא,
3853,קובץ מפרשים לפי הדף ביצה,כן,ביצה,יב:,פירוש,לא,
3854,קובץ מפרשים לפי הדף ביצה,כן,ביצה,יב:,פירוש,לא,
3855,קובץ מפרשים לפי הדף ביצה,כן,ביצה,יב:,פירוש,לא,
3856,קובץ מפרשים לפי הדף ביצה,כן,ביצה,יב:,פירוש,לא,
3857,קובץ מפרשים לפי הדף ביצה,כן,ביצה,יב:,פירוש,לא,
3858,קובץ מפרשים לפי הדף ביצה,כן,ביצה,יב:,פירוש,לא,
3859,קובץ מפרשים לפי הדף ביצה,כן,ביצה,יב:,פירוש,לא,
3860,קובץ מפרשים לפי הדף ביצה,כן,ביצה,יב:,פירוש,לא,
3861,קובץ מפרשים לפי הדף ביצה,כן,ביצה,יב:,פירוש,לא,
3862,קובץ מפרשים לפי הדף ביצה,כן,ביצה,יב:,פירוש,לא,
3863,קובץ מפרשים לפי הדף ביצה,כן,ביצה,יב:,פירוש,לא,
3864,קובץ מפרשים לפי הדף ביצה,כן,ביצה,יב:,פירוש,לא,
3865,קובץ מפרשים לפי הדף ביצה,כן,ביצה,יב:,פירוש,לא,
3866,קובץ מפרשים לפי הדף ביצה,כן,ביצה,יב:,פירוש,לא,
3867,קובץ מפרשים לפי הדף ביצה,כן,ביצה,יב:,פירוש,לא,
3868,קובץ מפרשים לפי הדף ביצה,כן,ביצה,יב:,פירוש,לא,
3869,קובץ מפרשים לפי הדף ביצה,כן,ביצה,יב:,פירוש,לא,
3870,קובץ מפרשים לפי הדף ביצה,כן,ביצה,יב:,פירוש,לא,
3871,קובץ מפרשים לפי הדף ביצה,כן,ביצה,יב:,פירוש,לא,
3872,קובץ מפרשים לפי הדף ביצה,כן,ביצה,יב:,פירוש,לא,
3873,קובץ מפרשים לפי הדף ביצה,כן,ביצה,יב:,פירוש,לא,
3874,קובץ מפרשים לפי הדף ביצה,כן,ביצה,יב:,פירוש,לא,
3875,קובץ מפרשים לפי הדף ביצה,כן,ביצה,יב:,פירוש,לא,
3876,קובץ מפרשים לפי הדף ביצה,כן,ביצה,יב:,פירוש,לא,
3877,קובץ מפרשים לפי הדף ביצה,כן,ביצה,יב:,פירוש,לא,
3878,קובץ מפרשים לפי הדף ביצה,כן,ביצה,יב:,פירוש,לא,
3880,קובץ מפרשים לפי הדף ביצה,כן,ביצה,יב:,פירוש,לא,
3881,קובץ מפרשים לפי הדף ביצה,כן,ביצה,יב:,פירוש,לא,
3882,קובץ מפרשים לפי הדף ביצה,כן,ביצה,יב:,פירוש,לא,
3883,קובץ מפרשים לפי הדף ביצה,כן,ביצה,יב:,פירוש,לא,
3884,קובץ מפרשים לפי הדף ביצה,כן,ביצה,יב:,פירוש,לא,
3885,קובץ מפרשים לפי הדף ביצה,כן,ביצה,יב:,פירוש,לא,
3886,קובץ מפרשים לפי הדף ביצה,כן,ביצה,יב:,פירוש,לא,
3887,קובץ מפרשים לפי הדף ביצה,כן,ביצה,יב:,פירוש,לא,
3889,קובץ מפרשים לפי הדף ביצה,כן,ביצה,יב:,פירוש,לא,
3890,קובץ מפרשים לפי הדף ביצה,כן,ביצה,יב:,פירוש,לא,
3892,קובץ מפרשים לפי הדף ביצה,כן,ביצה,יב:,פירוש,לא,
3894,קובץ מפרשים לפי הדף ביצה,כן,ביצה,יב:,פירוש,לא,
3895,קובץ מפרשים לפי הדף ביצה,כן,ביצה,יב:,פירוש,לא,
3898,קובץ מפרשים לפי הדף ביצה,כן,ביצה,יג.,פירוש,לא,
3899,קובץ מפרשים לפי הדף ביצה,כן,ביצה,יג.,פירוש,לא,
3900,קובץ מפרשים לפי הדף ביצה,כן,ביצה,יג.,פירוש,לא,
3901,קובץ מפרשים לפי הדף ביצה,כן,ביצה,יג.,פירוש,לא,
3902,קובץ מפרשים לפי הדף ביצה,כן,ביצה,יג.,פירוש,לא,
3904,קובץ מפרשים לפי הדף ביצה,כן,ביצה,יג.,פירוש,לא,
3905,קובץ מפרשים לפי הדף ביצה,כן,ביצה,יג.,פירוש,לא,
3906,קובץ מפרשים לפי הדף ביצה,כן,ביצה,יג.,פירוש,לא,
3907,קובץ מפרשים לפי הדף ביצה,כן,ביצה,יג.,פירוש,לא,
3908,קובץ מפרשים לפי הדף ביצה,כן,ביצה,יג.,פירוש,לא,
3909,קובץ מפרשים לפי הדף ביצה,כן,ביצה,יג.,פירוש,לא,
3910,קובץ מפרשים לפי הדף ביצה,כן,ביצה,יג.,פירוש,לא,
3911,קובץ מפרשים לפי הדף ביצה,כן,ביצה,יג.,פירוש,לא,
3912,קובץ מפרשים לפי הדף ביצה,כן,ביצה,יג.,פירוש,לא,
3913,קובץ מפרשים לפי הדף ביצה,כן,ביצה,יג.,פירוש,לא,
3914,קובץ מפרשים לפי הדף ביצה,כן,ביצה,יג.,פירוש,לא,
3915,קובץ מפרשים לפי הדף ביצה,כן,ביצה,יג.,פירוש,לא,
3916,קובץ מפרשים לפי הדף ביצה,כן,ביצה,יג.,פירוש,לא,
3918,קובץ מפרשים לפי הדף ביצה,כן,ביצה,יג.,פירוש,לא,
3919,קובץ מפרשים לפי הדף ביצה,כן,ביצה,יג.,פירוש,לא,
3921,קובץ מפרשים לפי הדף ביצה,כן,ביצה,יג.,פירוש,לא,
3922,קובץ מפרשים לפי הדף ביצה,כן,ביצה,יג.,פירוש,לא,
3924,קובץ מפרשים לפי הדף ביצה,כן,ביצה,יג.,פירוש,לא,
3925,קובץ מפרשים לפי הדף ביצה,כן,ביצה,יג.,פירוש,לא,
3927,קובץ מפרשים לפי הדף ביצה,כן,ביצה,יג.,פירוש,לא,
3928,קובץ מפרשים לפי הדף ביצה,כן,ביצה,יג.,פירוש,לא,
3929,קובץ מפרשים לפי הדף ביצה,כן,ביצה,יג.,פירוש,לא,
3930,קובץ מפרשים לפי הדף ביצה,כן,ביצה,יג.,פירוש,לא,
3931,קובץ מפרשים לפי הדף ביצה,כן,ביצה,יג.,פירוש,לא,
3932,קובץ מפרשים לפי הדף ביצה,כן,ביצה,יג.,פירוש,לא,
3933,קובץ מפרשים לפי הדף ביצה,כן,ביצה,יג.,פירוש,לא,
3934,קובץ מפרשים לפי הדף ביצה,כן,ביצה,יג.,פירוש,לא,
3935,קובץ מפרשים לפי הדף ביצה,כן,ביצה,יג.,פירוש,לא,
3937,קובץ מפרשים לפי הדף ביצה,כן,ביצה,יג.,פירוש,לא,
3939,קובץ מפרשים לפי הדף ביצה,כן,ביצה,יג.,פירוש,לא,
3940,קובץ מפרשים לפי הדף ביצה,כן,ביצה,יג.,פירוש,לא,
3941,קובץ מפרשים לפי הדף ביצה,כן,ביצה,יג.,פירוש,לא,
3942,קובץ מפרשים לפי הדף ביצה,כן,ביצה,יג.,פירוש,לא,
3944,קובץ מפרשים לפי הדף ביצה,כן,ביצה,יג.,פירוש,לא,
3945,קובץ מפרשים לפי הדף ביצה,כן,ביצה,יג.,פירוש,לא,
3946,קובץ מפרשים לפי הדף ביצה,כן,ביצה,יג.,פירוש,לא,
3947,קובץ מפרשים לפי הדף ביצה,כן,ביצה,יג.,פירוש,לא,
3948,קובץ מפרשים לפי הדף ביצה,כן,ביצה,יג.,פירוש,לא,
3949,קובץ מפרשים לפי הדף ביצה,כן,ביצה,יג.,פירוש,לא,
3950,קובץ מפרשים לפי הדף ביצה,כן,ביצה,יג.,פירוש,לא,
3952,קובץ מפרשים לפי הדף ביצה,כן,ביצה,יג.,פירוש,לא,
3953,קובץ מפרשים לפי הדף ביצה,כן,ביצה,יג.,פירוש,לא,
3954,קובץ מפרשים לפי הדף ביצה,כן,ביצה,יג.,פירוש,לא,
3955,קובץ מפרשים לפי הדף ביצה,כן,ביצה,יג.,פירוש,לא,
3956,קובץ מפרשים לפי הדף ביצה,כן,ביצה,יג.,פירוש,לא,
3957,קובץ מפרשים לפי הדף ביצה,כן,ביצה,יג.,פירוש,לא,
3958,קובץ מפרשים לפי הדף ביצה,כן,ביצה,יג.,פירוש,לא,
3959,קובץ מפרשים לפי הדף ביצה,כן,ביצה,יג.,פירוש,לא,
3960,קובץ מפרשים לפי הדף ביצה,כן,ביצה,יג.,פירוש,לא,
3961,קובץ מפרשים לפי הדף ביצה,כן,ביצה,יג.,פירוש,לא,
3962,קובץ מפרשים לפי הדף ביצה,כן,ביצה,יג.,פירוש,לא,
3963,קובץ מפרשים לפי הדף ביצה,כן,ביצה,יג.,פירוש,לא,
3964,קובץ מפרשים לפי הדף ביצה,כן,ביצה,יג.,פירוש,לא,
3965,קובץ מפרשים לפי הדף ביצה,כן,ביצה,יג.,פירוש,לא,
3967,קובץ מפרשים לפי הדף ביצה,כן,ביצה,יג.,פירוש,לא,
3968,קובץ מפרשים לפי הדף ביצה,כן,ביצה,יג.,פירוש,לא,
3969,קובץ מפרשים לפי הדף ביצה,כן,ביצה,יג.,פירוש,לא,
3970,קובץ מפרשים לפי הדף ביצה,כן,ביצה,יג.,פירוש,לא,
3971,קובץ מפרשים לפי הדף ביצה,כן,ביצה,יג.,פירוש,לא,
3972,קובץ מפרשים לפי הדף ביצה,כן,ביצה,יג.,פירוש,לא,
3973,קובץ מפרשים לפי הדף ביצה,כן,ביצה,יג.,פירוש,לא,
3974,קובץ מפרשים לפי הדף ביצה,כן,ביצה,יג.,פירוש,לא,
3975,קובץ מפרשים לפי הדף ביצה,כן,ביצה,יג.,פירוש,לא,
3976,קובץ מפרשים לפי הדף ביצה,כן,ביצה,יג.,פירוש,לא,
3977,קובץ מפרשים לפי הדף ביצה,כן,ביצה,יג.,פירוש,לא,
3978,קובץ מפרשים לפי הדף ביצה,כן,ביצה,יג.,פירוש,לא,
3979,קובץ מפרשים לפי הדף ביצה,כן,ביצה,יג.,פירוש,לא,
3980,קובץ מפרשים לפי הדף ביצה,כן,ביצה,יג.,פירוש,לא,
3982,קובץ מפרשים לפי הדף ביצה,כן,ביצה,יג.,פירוש,לא,
3983,קובץ מפרשים לפי הדף ביצה,כן,ביצה,יג.,פירוש,לא,
3985,קובץ מפרשים לפי הדף ביצה,כן,ביצה,יג.,פירוש,לא,
3986,קובץ מפרשים לפי הדף ביצה,כן,ביצה,יג.,פירוש,לא,
3988,קובץ מפרשים לפי הדף ביצה,כן,ביצה,יג.,פירוש,לא,
3989,קובץ מפרשים לפי הדף ביצה,כן,ביצה,יג.,פירוש,לא,
3990,קובץ מפרשים לפי הדף ביצה,כן,ביצה,יג.,פירוש,לא,
3992,קובץ מפרשים לפי הדף ביצה,כן,ביצה,יג.,פירוש,לא,
3994,קובץ מפרשים לפי הדף ביצה,כן,ביצה,יג.,פירוש,לא,
3996,קובץ מפרשים לפי הדף ביצה,כן,ביצה,יג.,פירוש,לא,
3997,קובץ מפרשים לפי הדף ביצה,כן,ביצה,יג.,פירוש,לא,
3999,קובץ מפרשים לפי הדף ביצה,כן,ביצה,יג.,פירוש,לא,
4000,קובץ מפרשים לפי הדף ביצה,כן,ביצה,יג.,פירוש,לא,
4001,קובץ מפרשים לפי הדף ביצה,כן,ביצה,יג.,פירוש,לא,
4002,קובץ מפרשים לפי הדף ביצה,כן,ביצה,יג.,פירוש,לא,
4003,קובץ מפרשים לפי הדף ביצה,כן,ביצה,יג.,פירוש,לא,
4004,קובץ מפרשים לפי הדף ביצה,כן,ביצה,יג.,פירוש,לא,
4007,קובץ מפרשים לפי הדף ביצה,כן,ביצה,יג:,פירוש,לא,
4008,קובץ מפרשים לפי הדף ביצה,כן,ביצה,יג:,פירוש,לא,
4009,קובץ מפרשים לפי הדף ביצה,כן,ביצה,יג:,פירוש,לא,
4010,קובץ מפרשים לפי הדף ביצה,כן,ביצה,יג:,פירוש,לא,
4011,קובץ מפרשים לפי הדף ביצה,כן,ביצה,יג:,פירוש,לא,
4012,קובץ מפרשים לפי הדף ביצה,כן,ביצה,יג:,פירוש,לא,
4013,קובץ מפרשים לפי הדף ביצה,כן,ביצה,יג:,פירוש,לא,
4015,קובץ מפרשים לפי הדף ביצה,כן,ביצה,יג:,פירוש,לא,
4016,קובץ מפרשים לפי הדף ביצה,כן,ביצה,יג:,פירוש,לא,
4017,קובץ מפרשים לפי הדף ביצה,כן,ביצה,יג:,פירוש,לא,
4018,קובץ מפרשים לפי הדף ביצה,כן,ביצה,יג:,פירוש,לא,
4019,קובץ מפרשים לפי הדף ביצה,כן,ביצה,יג:,פירוש,לא,
4020,קובץ מפרשים לפי הדף ביצה,כן,ביצה,יג:,פירוש,לא,
4021,קובץ מפרשים לפי הדף ביצה,כן,ביצה,יג:,פירוש,לא,
4022,קובץ מפרשים לפי הדף ביצה,כן,ביצה,יג:,פירוש,לא,
4023,קובץ מפרשים לפי הדף ביצה,כן,ביצה,יג:,פירוש,לא,
4024,קובץ מפרשים לפי הדף ביצה,כן,ביצה,יג:,פירוש,לא,
4025,קובץ מפרשים לפי הדף ביצה,כן,ביצה,יג:,פירוש,לא,
4027,קובץ מפרשים לפי הדף ביצה,כן,ביצה,יג:,פירוש,לא,
4028,קובץ מפרשים לפי הדף ביצה,כן,ביצה,יג:,פירוש,לא,
4030,קובץ מפרשים לפי הדף ביצה,כן,ביצה,יג:,פירוש,לא,
4031,קובץ מפרשים לפי הדף ביצה,כן,ביצה,יג:,פירוש,לא,
4032,קובץ מפרשים לפי הדף ביצה,כן,ביצה,יג:,פירוש,לא,
4033,קובץ מפרשים לפי הדף ביצה,כן,ביצה,יג:,פירוש,לא,
4034,קובץ מפרשים לפי הדף ביצה,כן,ביצה,יג:,פירוש,לא,
4035,קובץ מפרשים לפי הדף ביצה,כן,ביצה,יג:,פירוש,לא,
4036,קובץ מפרשים לפי הדף ביצה,כן,ביצה,יג:,פירוש,לא,
4038,קובץ מפרשים לפי הדף ביצה,כן,ביצה,יג:,פירוש,לא,
4039,קובץ מפרשים לפי הדף ביצה,כן,ביצה,יג:,פירוש,לא,
4041,קובץ מפרשים לפי הדף ביצה,כן,ביצה,יג:,פירוש,לא,
4042,קובץ מפרשים לפי הדף ביצה,כן,ביצה,יג:,פירוש,לא,
4043,קובץ מפרשים לפי הדף ביצה,כן,ביצה,יג:,פירוש,לא,
4044,קובץ מפרשים לפי הדף ביצה,כן,ביצה,יג:,פירוש,לא,
4045,קובץ מפרשים לפי הדף ביצה,כן,ביצה,יג:,פירוש,לא,
4047,קובץ מפרשים לפי הדף ביצה,כן,ביצה,יג:,פירוש,לא,
4048,קובץ מפרשים לפי הדף ביצה,כן,ביצה,יג:,פירוש,לא,
4050,קובץ מפרשים לפי הדף ביצה,כן,ביצה,יג:,פירוש,לא,
4052,קובץ מפרשים לפי הדף ביצה,כן,ביצה,יג:,פירוש,לא,
4053,קובץ מפרשים לפי הדף ביצה,כן,ביצה,יג:,פירוש,לא,
4054,קובץ מפרשים לפי הדף ביצה,כן,ביצה,יג:,פירוש,לא,
4055,קובץ מפרשים לפי הדף ביצה,כן,ביצה,יג:,פירוש,לא,
4056,קובץ מפרשים לפי הדף ביצה,כן,ביצה,יג:,פירוש,לא,
4058,קובץ מפרשים לפי הדף ביצה,כן,ביצה,יג:,פירוש,לא,
4060,קובץ מפרשים לפי הדף ביצה,כן,ביצה,יג:,פירוש,לא,
4062,קובץ מפרשים לפי הדף ביצה,כן,ביצה,יג:,פירוש,לא,
4063,קובץ מפרשים לפי הדף ביצה,כן,ביצה,יג:,פירוש,לא,
4064,קובץ מפרשים לפי הדף ביצה,כן,ביצה,יג:,פירוש,לא,
4066,קובץ מפרשים לפי הדף ביצה,כן,ביצה,יג:,פירוש,לא,
4067,קובץ מפרשים לפי הדף ביצה,כן,ביצה,יג:,פירוש,לא,
4068,קובץ מפרשים לפי הדף ביצה,כן,ביצה,יג:,פירוש,לא,
4069,קובץ מפרשים לפי הדף ביצה,כן,ביצה,יג:,פירוש,לא,
4071,קובץ מפרשים לפי הדף ביצה,כן,ביצה,יג:,פירוש,לא,
4073,קובץ מפרשים לפי הדף ביצה,כן,ביצה,יג:,פירוש,לא,
4074,קובץ מפרשים לפי הדף ביצה,כן,ביצה,יג:,פירוש,לא,
4075,קובץ מפרשים לפי הדף ביצה,כן,ביצה,יג:,פירוש,לא,
4076,קובץ מפרשים לפי הדף ביצה,כן,ביצה,יג:,פירוש,לא,
4077,קובץ מפרשים לפי הדף ביצה,כן,ביצה,יג:,פירוש,לא,
4080,קובץ מפרשים לפי הדף ביצה,כן,ביצה,יד.,פירוש,לא,
4081,קובץ מפרשים לפי הדף ביצה,כן,ביצה,יד.,פירוש,לא,
4082,קובץ מפרשים לפי הדף ביצה,כן,ביצה,יד.,פירוש,לא,
4083,קובץ מפרשים לפי הדף ביצה,כן,ביצה,יד.,פירוש,לא,
4085,קובץ מפרשים לפי הדף ביצה,כן,ביצה,יד.,פירוש,לא,
4086,קובץ מפרשים לפי הדף ביצה,כן,ביצה,יד.,פירוש,לא,
4087,קובץ מפרשים לפי הדף ביצה,כן,ביצה,יד.,פירוש,לא,
4088,קובץ מפרשים לפי הדף ביצה,כן,ביצה,יד.,פירוש,לא,
4089,קובץ מפרשים לפי הדף ביצה,כן,ביצה,יד.,פירוש,לא,
4090,קובץ מפרשים לפי הדף ביצה,כן,ביצה,יד.,פירוש,לא,
4091,קובץ מפרשים לפי הדף ביצה,כן,ביצה,יד.,פירוש,לא,
4092,קובץ מפרשים לפי הדף ביצה,כן,ביצה,יד.,פירוש,לא,
4093,קובץ מפרשים לפי הדף ביצה,כן,ביצה,יד.,פירוש,לא,
4094,קובץ מפרשים לפי הדף ביצה,כן,ביצה,יד.,פירוש,לא,
4096,קובץ מפרשים לפי הדף ביצה,כן,ביצה,יד.,פירוש,לא,
4097,קובץ מפרשים לפי הדף ביצה,כן,ביצה,יד.,פירוש,לא,
4098,קובץ מפרשים לפי הדף ביצה,כן,ביצה,יד.,פירוש,לא,
4100,קובץ מפרשים לפי הדף ביצה,כן,ביצה,יד.,פירוש,לא,
4101,קובץ מפרשים לפי הדף ביצה,כן,ביצה,יד.,פירוש,לא,
4102,קובץ מפרשים לפי הדף ביצה,כן,ביצה,יד.,פירוש,לא,
4103,קובץ מפרשים לפי הדף ביצה,כן,ביצה,יד.,פירוש,לא,
4104,קובץ מפרשים לפי הדף ביצה,כן,ביצה,יד.,פירוש,לא,
4105,קובץ מפרשים לפי הדף ביצה,כן,ביצה,יד.,פירוש,לא,
4106,קובץ מפרשים לפי הדף ביצה,כן,ביצה,יד.,פירוש,לא,
4108,קובץ מפרשים לפי הדף ביצה,כן,ביצה,יד.,פירוש,לא,
4109,קובץ מפרשים לפי הדף ביצה,כן,ביצה,יד.,פירוש,לא,
4110,קובץ מפרשים לפי הדף ביצה,כן,ביצה,יד.,פירוש,לא,
4112,קובץ מפרשים לפי הדף ביצה,כן,ביצה,יד.,פירוש,לא,
4113,קובץ מפרשים לפי הדף ביצה,כן,ביצה,יד.,פירוש,לא,
4114,קובץ מפרשים לפי הדף ביצה,כן,ביצה,יד.,פירוש,לא,
4115,קובץ מפרשים לפי הדף ביצה,כן,ביצה,יד.,פירוש,לא,
4116,קובץ מפרשים לפי הדף ביצה,כן,ביצה,יד.,פירוש,לא,
4117,קובץ מפרשים לפי הדף ביצה,כן,ביצה,יד.,פירוש,לא,
4118,קובץ מפרשים לפי הדף ביצה,כן,ביצה,יד.,פירוש,לא,
4119,קובץ מפרשים לפי הדף ביצה,כן,ביצה,יד.,פירוש,לא,
4120,קובץ מפרשים לפי הדף ביצה,כן,ביצה,יד.,פירוש,לא,
4121,קובץ מפרשים לפי הדף ביצה,כן,ביצה,יד.,פירוש,לא,
4122,קובץ מפרשים לפי הדף ביצה,כן,ביצה,יד.,פירוש,לא,
4124,קובץ מפרשים לפי הדף ביצה,כן,ביצה,יד.,פירוש,לא,
4125,קובץ מפרשים לפי הדף ביצה,כן,ביצה,יד.,פירוש,לא,
4127,קובץ מפרשים לפי הדף ביצה,כן,ביצה,יד.,פירוש,לא,
4128,קובץ מפרשים לפי הדף ביצה,כן,ביצה,יד.,פירוש,לא,
4129,קובץ מפרשים לפי הדף ביצה,כן,ביצה,יד.,פירוש,לא,
4131,קובץ מפרשים לפי הדף ביצה,כן,ביצה,יד.,פירוש,לא,
4132,קובץ מפרשים לפי הדף ביצה,כן,ביצה,יד.,פירוש,לא,
4133,קובץ מפרשים לפי הדף ביצה,כן,ביצה,יד.,פירוש,לא,
4134,קובץ מפרשים לפי הדף ביצה,כן,ביצה,יד.,פירוש,לא,
4135,קובץ מפרשים לפי הדף ביצה,כן,ביצה,יד.,פירוש,לא,
4137,קובץ מפרשים לפי הדף ביצה,כן,ביצה,יד.,פירוש,לא,
4138,קובץ מפרשים לפי הדף ביצה,כן,ביצה,יד.,פירוש,לא,
4140,קובץ מפרשים לפי הדף ביצה,כן,ביצה,יד.,פירוש,לא,
4141,קובץ מפרשים לפי הדף ביצה,כן,ביצה,יד.,פירוש,לא,
4143,קובץ מפרשים לפי הדף ביצה,כן,ביצה,יד.,פירוש,לא,
4144,קובץ מפרשים לפי הדף ביצה,כן,ביצה,יד.,פירוש,לא,
4145,קובץ מפרשים לפי הדף ביצה,כן,ביצה,יד.,פירוש,לא,
4146,קובץ מפרשים לפי הדף ביצה,כן,ביצה,יד.,פירוש,לא,
4147,קובץ מפרשים לפי הדף ביצה,כן,ביצה,יד.,פירוש,לא,
4148,קובץ מפרשים לפי הדף ביצה,כן,ביצה,יד.,פירוש,לא,
4149,קובץ מפרשים לפי הדף ביצה,כן,ביצה,יד.,פירוש,לא,
4150,קובץ מפרשים לפי הדף ביצה,כן,ביצה,יד.,פירוש,לא,
4151,קובץ מפרשים לפי הדף ביצה,כן,ביצה,יד.,פירוש,לא,
4152,קובץ מפרשים לפי הדף ביצה,כן,ביצה,יד.,פירוש,לא,
4153,קובץ מפרשים לפי הדף ביצה,כן,ביצה,יד.,פירוש,לא,
4154,קובץ מפרשים לפי הדף ביצה,כן,ביצה,יד.,פירוש,לא,
4155,קובץ מפרשים לפי הדף ביצה,כן,ביצה,יד.,פירוש,לא,
4156,קובץ מפרשים לפי הדף ביצה,כן,ביצה,יד.,פירוש,לא,
4157,קובץ מפרשים לפי הדף ביצה,כן,ביצה,יד.,פירוש,לא,
4158,קובץ מפרשים לפי הדף ביצה,כן,ביצה,יד.,פירוש,לא,
4159,קובץ מפרשים לפי הדף ביצה,כן,ביצה,יד.,פירוש,לא,
4160,קובץ מפרשים לפי הדף ביצה,כן,ביצה,יד.,פירוש,לא,
4161,קובץ מפרשים לפי הדף ביצה,כן,ביצה,יד.,פירוש,לא,
4162,קובץ מפרשים לפי הדף ביצה,כן,ביצה,יד.,פירוש,לא,
4163,קובץ מפרשים לפי הדף ביצה,כן,ביצה,יד.,פירוש,לא,
4165,קובץ מפרשים לפי הדף ביצה,כן,ביצה,יד.,פירוש,לא,
4166,קובץ מפרשים לפי הדף ביצה,כן,ביצה,יד.,פירוש,לא,
4167,קובץ מפרשים לפי הדף ביצה,כן,ביצה,יד.,פירוש,לא,
4168,קובץ מפרשים לפי הדף ביצה,כן,ביצה,יד.,פירוש,לא,
4169,קובץ מפרשים לפי הדף ביצה,כן,ביצה,יד.,פירוש,לא,
4170,קובץ מפרשים לפי הדף ביצה,כן,ביצה,יד.,פירוש,לא,
4171,קובץ מפרשים לפי הדף ביצה,כן,ביצה,יד.,פירוש,לא,
4172,קובץ מפרשים לפי הדף ביצה,כן,ביצה,יד.,פירוש,לא,
4173,קובץ מפרשים לפי הדף ביצה,כן,ביצה,יד.,פירוש,לא,
4174,קובץ מפרשים לפי הדף ביצה,כן,ביצה,יד.,פירוש,לא,
4175,קובץ מפרשים לפי הדף ביצה,כן,ביצה,יד.,פירוש,לא,
4176,קובץ מפרשים לפי הדף ביצה,כן,ביצה,יד.,פירוש,לא,
4178,קובץ מפרשים לפי הדף ביצה,כן,ביצה,יד.,פירוש,לא,
4179,קובץ מפרשים לפי הדף ביצה,כן,ביצה,יד.,פירוש,לא,
4180,קובץ מפרשים לפי הדף ביצה,כן,ביצה,יד.,פירוש,לא,
4182,קובץ מפרשים לפי הדף ביצה,כן,ביצה,יד.,פירוש,לא,
4183,קובץ מפרשים לפי הדף ביצה,כן,ביצה,יד.,פירוש,לא,
4185,קובץ מפרשים לפי הדף ביצה,כן,ביצה,יד.,פירוש,לא,
4187,קובץ מפרשים לפי הדף ביצה,כן,ביצה,יד.,פירוש,לא,
4189,קובץ מפרשים לפי הדף ביצה,כן,ביצה,יד.,פירוש,לא,
4191,קובץ מפרשים לפי הדף ביצה,כן,ביצה,יד.,פירוש,לא,
4193,קובץ מפרשים לפי הדף ביצה,כן,ביצה,יד.,פירוש,לא,
4196,קובץ מפרשים לפי הדף ביצה,כן,ביצה,יד:,פירוש,לא,
4198,קובץ מפרשים לפי הדף ביצה,כן,ביצה,יד:,פירוש,לא,
4199,קובץ מפרשים לפי הדף ביצה,כן,ביצה,יד:,פירוש,לא,
4200,קובץ מפרשים לפי הדף ביצה,כן,ביצה,יד:,פירוש,לא,
4201,קובץ מפרשים לפי הדף ביצה,כן,ביצה,יד:,פירוש,לא,
4202,קובץ מפרשים לפי הדף ביצה,כן,ביצה,יד:,פירוש,לא,
4203,קובץ מפרשים לפי הדף ביצה,כן,ביצה,יד:,פירוש,לא,
4204,קובץ מפרשים לפי הדף ביצה,כן,ביצה,יד:,פירוש,לא,
4205,קובץ מפרשים לפי הדף ביצה,כן,ביצה,יד:,פירוש,לא,
4206,קובץ מפרשים לפי הדף ביצה,כן,ביצה,יד:,פירוש,לא,
4207,קובץ מפרשים לפי הדף ביצה,כן,ביצה,יד:,פירוש,לא,
4208,קובץ מפרשים לפי הדף ביצה,כן,ביצה,יד:,פירוש,לא,
4209,קובץ מפרשים לפי הדף ביצה,כן,ביצה,יד:,פירוש,לא,
4210,קובץ מפרשים לפי הדף ביצה,כן,ביצה,יד:,פירוש,לא,
4211,קובץ מפרשים לפי הדף ביצה,כן,ביצה,יד:,פירוש,לא,
4212,קובץ מפרשים לפי הדף ביצה,כן,ביצה,יד:,פירוש,לא,
4213,קובץ מפרשים לפי הדף ביצה,כן,ביצה,יד:,פירוש,לא,
4214,קובץ מפרשים לפי הדף ביצה,כן,ביצה,יד:,פירוש,לא,
4215,קובץ מפרשים לפי הדף ביצה,כן,ביצה,יד:,פירוש,לא,
4216,קובץ מפרשים לפי הדף ביצה,כן,ביצה,יד:,פירוש,לא,
4217,קובץ מפרשים לפי הדף ביצה,כן,ביצה,יד:,פירוש,לא,
4218,קובץ מפרשים לפי הדף ביצה,כן,ביצה,יד:,פירוש,לא,
4219,קובץ מפרשים לפי הדף ביצה,כן,ביצה,יד:,פירוש,לא,
4220,קובץ מפרשים לפי הדף ביצה,כן,ביצה,יד:,פירוש,לא,
4221,קובץ מפרשים לפי הדף ביצה,כן,ביצה,יד:,פירוש,לא,
4222,קובץ מפרשים לפי הדף ביצה,כן,ביצה,יד:,פירוש,לא,
4223,קובץ מפרשים לפי הדף ביצה,כן,ביצה,יד:,פירוש,לא,
4224,קובץ מפרשים לפי הדף ביצה,כן,ביצה,יד:,פירוש,לא,
4226,קובץ מפרשים לפי הדף ביצה,כן,ביצה,יד:,פירוש,לא,
4227,קובץ מפרשים לפי הדף ביצה,כן,ביצה,יד:,פירוש,לא,
4228,קובץ מפרשים לפי הדף ביצה,כן,ביצה,יד:,פירוש,לא,
4229,קובץ מפרשים לפי הדף ביצה,כן,ביצה,יד:,פירוש,לא,
4230,קובץ מפרשים לפי הדף ביצה,כן,ביצה,יד:,פירוש,לא,
4232,קובץ מפרשים לפי הדף ביצה,כן,ביצה,יד:,פירוש,לא,
4233,קובץ מפרשים לפי הדף ביצה,כן,ביצה,יד:,פירוש,לא,
4234,קובץ מפרשים לפי הדף ביצה,כן,ביצה,יד:,פירוש,לא,
4235,קובץ מפרשים לפי הדף ביצה,כן,ביצה,יד:,פירוש,לא,
4236,קובץ מפרשים לפי הדף ביצה,כן,ביצה,יד:,פירוש,לא,
4237,קובץ מפרשים לפי הדף ביצה,כן,ביצה,יד:,פירוש,לא,
4238,קובץ מפרשים לפי הדף ביצה,כן,ביצה,יד:,פירוש,לא,
4239,קובץ מפרשים לפי הדף ביצה,כן,ביצה,יד:,פירוש,לא,
4240,קובץ מפרשים לפי הדף ביצה,כן,ביצה,יד:,פירוש,לא,
4241,קובץ מפרשים לפי הדף ביצה,כן,ביצה,יד:,פירוש,לא,
4242,קובץ מפרשים לפי הדף ביצה,כן,ביצה,יד:,פירוש,לא,
4243,קובץ מפרשים לפי הדף ביצה,כן,ביצה,יד:,פירוש,לא,
4244,קובץ מפרשים לפי הדף ביצה,כן,ביצה,יד:,פירוש,לא,
4245,קובץ מפרשים לפי הדף ביצה,כן,ביצה,יד:,פירוש,לא,
4246,קובץ מפרשים לפי הדף ביצה,כן,ביצה,יד:,פירוש,לא,
4247,קובץ מפרשים לפי הדף ביצה,כן,ביצה,יד:,פירוש,לא,
4248,קובץ מפרשים לפי הדף ביצה,כן,ביצה,יד:,פירוש,לא,
4249,קובץ מפרשים לפי הדף ביצה,כן,ביצה,יד:,פירוש,לא,
4251,קובץ מפרשים לפי הדף ביצה,כן,ביצה,יד:,פירוש,לא,
4252,קובץ מפרשים לפי הדף ביצה,כן,ביצה,יד:,פירוש,לא,
4253,קובץ מפרשים לפי הדף ביצה,כן,ביצה,יד:,פירוש,לא,
4254,קובץ מפרשים לפי הדף ביצה,כן,ביצה,יד:,פירוש,לא,
4255,קובץ מפרשים לפי הדף ביצה,כן,ביצה,יד:,פירוש,לא,
4256,קובץ מפרשים לפי הדף ביצה,כן,ביצה,יד:,פירוש,לא,
4258,קובץ מפרשים לפי הדף ביצה,כן,ביצה,יד:,פירוש,לא,
4260,קובץ מפרשים לפי הדף ביצה,כן,ביצה,יד:,פירוש,לא,
4261,קובץ מפרשים לפי הדף ביצה,כן,ביצה,יד:,פירוש,לא,
4262,קובץ מפרשים לפי הדף ביצה,כן,ביצה,יד:,פירוש,לא,
4263,קובץ מפרשים לפי הדף ביצה,כן,ביצה,יד:,פירוש,לא,
4264,קובץ מפרשים לפי הדף ביצה,כן,ביצה,יד:,פירוש,לא,
4266,קובץ מפרשים לפי הדף ביצה,כן,ביצה,יד:,פירוש,לא,
4268,קובץ מפרשים לפי הדף ביצה,כן,ביצה,יד:,פירוש,לא,
4269,קובץ מפרשים לפי הדף ביצה,כן,ביצה,יד:,פירוש,לא,
4271,קובץ מפרשים לפי הדף ביצה,כן,ביצה,יד:,פירוש,לא,
4272,קובץ מפרשים לפי הדף ביצה,כן,ביצה,יד:,פירוש,לא,
4273,קובץ מפרשים לפי הדף ביצה,כן,ביצה,יד:,פירוש,לא,
4275,קובץ מפרשים לפי הדף ביצה,כן,ביצה,יד:,פירוש,לא,
4276,קובץ מפרשים לפי הדף ביצה,כן,ביצה,יד:,פירוש,לא,
4277,קובץ מפרשים לפי הדף ביצה,כן,ביצה,יד:,פירוש,לא,
4278,קובץ מפרשים לפי הדף ביצה,כן,ביצה,יד:,פירוש,לא,
4279,קובץ מפרשים לפי הדף ביצה,כן,ביצה,יד:,פירוש,לא,
4280,קובץ מפרשים לפי הדף ביצה,כן,ביצה,יד:,פירוש,לא,
4282,קובץ מפרשים לפי הדף ביצה,כן,ביצה,יד:,פירוש,לא,
4283,קובץ מפרשים לפי הדף ביצה,כן,ביצה,יד:,פירוש,לא,
4284,קובץ מפרשים לפי הדף ביצה,כן,ביצה,יד:,פירוש,לא,
4285,קובץ מפרשים לפי הדף ביצה,כן,ביצה,יד:,פירוש,לא,
4286,קובץ מפרשים לפי הדף ביצה,כן,ביצה,יד:,פירוש,לא,
4287,קובץ מפרשים לפי הדף ביצה,כן,ביצה,יד:,פירוש,לא,
4288,קובץ מפרשים לפי הדף ביצה,כן,ביצה,יד:,פירוש,לא,
4289,קובץ מפרשים לפי הדף ביצה,כן,ביצה,יד:,פירוש,לא,
4290,קובץ מפרשים לפי הדף ביצה,כן,ביצה,יד:,פירוש,לא,
4291,קובץ מפרשים לפי הדף ביצה,כן,ביצה,יד:,פירוש,לא,
4292,קובץ מפרשים לפי הדף ביצה,כן,ביצה,יד:,פירוש,לא,
4293,קובץ מפרשים לפי הדף ביצה,כן,ביצה,יד:,פירוש,לא,
4294,קובץ מפרשים לפי הדף ביצה,כן,ביצה,יד:,פירוש,לא,
4295,קובץ מפרשים לפי הדף ביצה,כן,ביצה,יד:,פירוש,לא,
4296,קובץ מפרשים לפי הדף ביצה,כן,ביצה,יד:,פירוש,לא,
4297,קובץ מפרשים לפי הדף ביצה,כן,ביצה,יד:,פירוש,לא,
4298,קובץ מפרשים לפי הדף ביצה,כן,ביצה,יד:,פירוש,לא,
4299,קובץ מפרשים לפי הדף ביצה,כן,ביצה,יד:,פירוש,לא,
4301,קובץ מפרשים לפי הדף ביצה,כן,ביצה,יד:,פירוש,לא,
4302,קובץ מפרשים לפי הדף ביצה,כן,ביצה,יד:,פירוש,לא,
4303,קובץ מפרשים לפי הדף ביצה,כן,ביצה,יד:,פירוש,לא,
4304,קובץ מפרשים לפי הדף ביצה,כן,ביצה,יד:,פירוש,לא,
4305,קובץ מפרשים לפי הדף ביצה,כן,ביצה,יד:,פירוש,לא,
4306,קובץ מפרשים לפי הדף ביצה,כן,ביצה,יד:,פירוש,לא,
4307,קובץ מפרשים לפי הדף ביצה,כן,ביצה,יד:,פירוש,לא,
4308,קובץ מפרשים לפי הדף ביצה,כן,ביצה,יד:,פירוש,לא,
4309,קובץ מפרשים לפי הדף ביצה,כן,ביצה,יד:,פירוש,לא,
4310,קובץ מפרשים לפי הדף ביצה,כן,ביצה,יד:,פירוש,לא,
4311,קובץ מפרשים לפי הדף ביצה,כן,ביצה,יד:,פירוש,לא,
4312,קובץ מפרשים לפי הדף ביצה,כן,ביצה,יד:,פירוש,לא,
4313,קובץ מפרשים לפי הדף ביצה,כן,ביצה,יד:,פירוש,לא,
4315,קובץ מפרשים לפי הדף ביצה,כן,ביצה,יד:,פירוש,לא,
4316,קובץ מפרשים לפי הדף ביצה,כן,ביצה,יד:,פירוש,לא,
4317,קובץ מפרשים לפי הדף ביצה,כן,ביצה,יד:,פירוש,לא,
4319,קובץ מפרשים לפי הדף ביצה,כן,ביצה,יד:,פירוש,לא,
4320,קובץ מפרשים לפי הדף ביצה,כן,ביצה,יד:,פירוש,לא,
4322,קובץ מפרשים לפי הדף ביצה,כן,ביצה,יד:,פירוש,לא,
4323,קובץ מפרשים לפי הדף ביצה,כן,ביצה,יד:,פירוש,לא,
4325,קובץ מפרשים לפי הדף ביצה,כן,ביצה,יד:,פירוש,לא,
4327,קובץ מפרשים לפי הדף ביצה,כן,ביצה,יד:,פירוש,לא,
4328,קובץ מפרשים לפי הדף ביצה,כן,ביצה,יד:,פירוש,לא,
4329,קובץ מפרשים לפי הדף ביצה,כן,ביצה,יד:,פירוש,לא,
4331,קובץ מפרשים לפי הדף ביצה,כן,ביצה,יד:,פירוש,לא,
4332,קובץ מפרשים לפי הדף ביצה,כן,ביצה,יד:,פירוש,לא,
4333,קובץ מפרשים לפי הדף ביצה,כן,ביצה,יד:,פירוש,לא,
4334,קובץ מפרשים לפי הדף ביצה,כן,ביצה,יד:,פירוש,לא,
4335,קובץ מפרשים לפי הדף ביצה,כן,ביצה,יד:,פירוש,לא,
4336,קובץ מפרשים לפי הדף ביצה,כן,ביצה,יד:,פירוש,לא,
4337,קובץ מפרשים לפי הדף ביצה,כן,ביצה,יד:,פירוש,לא,
4339,קובץ מפרשים לפי הדף ביצה,כן,ביצה,יד:,פירוש,לא,
4341,קובץ מפרשים לפי הדף ביצה,כן,ביצה,יד:,פירוש,לא,
4342,קובץ מפרשים לפי הדף ביצה,כן,ביצה,יד:,פירוש,לא,
4343,קובץ מפרשים לפי הדף ביצה,כן,ביצה,יד:,פירוש,לא,
4344,קובץ מפרשים לפי הדף ביצה,כן,ביצה,יד:,פירוש,לא,
4345,קובץ מפרשים לפי הדף ביצה,כן,ביצה,יד:,פירוש,לא,
4346,קובץ מפרשים לפי הדף ביצה,כן,ביצה,יד:,פירוש,לא,
4347,קובץ מפרשים לפי הדף ביצה,כן,ביצה,יד:,פירוש,לא,
4349,קובץ מפרשים לפי הדף ביצה,כן,ביצה,יד:,פירוש,לא,
4350,קובץ מפרשים לפי הדף ביצה,כן,ביצה,יד:,פירוש,לא,
4353,קובץ מפרשים לפי הדף ביצה,כן,ביצה,טו.,פירוש,לא,
4354,קובץ מפרשים לפי הדף ביצה,כן,ביצה,טו.,פירוש,לא,
4355,קובץ מפרשים לפי הדף ביצה,כן,ביצה,טו.,פירוש,לא,
4356,קובץ מפרשים לפי הדף ביצה,כן,ביצה,טו.,פירוש,לא,
4357,קובץ מפרשים לפי הדף ביצה,כן,ביצה,טו.,פירוש,לא,
4359,קובץ מפרשים לפי הדף ביצה,כן,ביצה,טו.,פירוש,לא,
4360,קובץ מפרשים לפי הדף ביצה,כן,ביצה,טו.,פירוש,לא,
4361,קובץ מפרשים לפי הדף ביצה,כן,ביצה,טו.,פירוש,לא,
4362,קובץ מפרשים לפי הדף ביצה,כן,ביצה,טו.,פירוש,לא,
4363,קובץ מפרשים לפי הדף ביצה,כן,ביצה,טו.,פירוש,לא,
4364,קובץ מפרשים לפי הדף ביצה,כן,ביצה,טו.,פירוש,לא,
4365,קובץ מפרשים לפי הדף ביצה,כן,ביצה,טו.,פירוש,לא,
4366,קובץ מפרשים לפי הדף ביצה,כן,ביצה,טו.,פירוש,לא,
4367,קובץ מפרשים לפי הדף ביצה,כן,ביצה,טו.,פירוש,לא,
4368,קובץ מפרשים לפי הדף ביצה,כן,ביצה,טו.,פירוש,לא,
4369,קובץ מפרשים לפי הדף ביצה,כן,ביצה,טו.,פירוש,לא,
4370,קובץ מפרשים לפי הדף ביצה,כן,ביצה,טו.,פירוש,לא,
4371,קובץ מפרשים לפי הדף ביצה,כן,ביצה,טו.,פירוש,לא,
4372,קובץ מפרשים לפי הדף ביצה,כן,ביצה,טו.,פירוש,לא,
4373,קובץ מפרשים לפי הדף ביצה,כן,ביצה,טו.,פירוש,לא,
4374,קובץ מפרשים לפי הדף ביצה,כן,ביצה,טו.,פירוש,לא,
4375,קובץ מפרשים לפי הדף ביצה,כן,ביצה,טו.,פירוש,לא,
4376,קובץ מפרשים לפי הדף ביצה,כן,ביצה,טו.,פירוש,לא,
4377,קובץ מפרשים לפי הדף ביצה,כן,ביצה,טו.,פירוש,לא,
4378,קובץ מפרשים לפי הדף ביצה,כן,ביצה,טו.,פירוש,לא,
4379,קובץ מפרשים לפי הדף ביצה,כן,ביצה,טו.,פירוש,לא,
4380,קובץ מפרשים לפי הדף ביצה,כן,ביצה,טו.,פירוש,לא,
4381,קובץ מפרשים לפי הדף ביצה,כן,ביצה,טו.,פירוש,לא,
4382,קובץ מפרשים לפי הדף ביצה,כן,ביצה,טו.,פירוש,לא,
4383,קובץ מפרשים לפי הדף ביצה,כן,ביצה,טו.,פירוש,לא,
4384,קובץ מפרשים לפי הדף ביצה,כן,ביצה,טו.,פירוש,לא,
4385,קובץ מפרשים לפי הדף ביצה,כן,ביצה,טו.,פירוש,לא,
4386,קובץ מפרשים לפי הדף ביצה,כן,ביצה,טו.,פירוש,לא,
4387,קובץ מפרשים לפי הדף ביצה,כן,ביצה,טו.,פירוש,לא,
4388,קובץ מפרשים לפי הדף ביצה,כן,ביצה,טו.,פירוש,לא,
4389,קובץ מפרשים לפי הדף ביצה,כן,ביצה,טו.,פירוש,לא,
4390,קובץ מפרשים לפי הדף ביצה,כן,ביצה,טו.,פירוש,לא,
4391,קובץ מפרשים לפי הדף ביצה,כן,ביצה,טו.,פירוש,לא,
4392,קובץ מפרשים לפי הדף ביצה,כן,ביצה,טו.,פירוש,לא,
4393,קובץ מפרשים לפי הדף ביצה,כן,ביצה,טו.,פירוש,לא,
4394,קובץ מפרשים לפי הדף ביצה,כן,ביצה,טו.,פירוש,לא,
4395,קובץ מפרשים לפי הדף ביצה,כן,ביצה,טו.,פירוש,לא,
4396,קובץ מפרשים לפי הדף ביצה,כן,ביצה,טו.,פירוש,לא,
4397,קובץ מפרשים לפי הדף ביצה,כן,ביצה,טו.,פירוש,לא,
4398,קובץ מפרשים לפי הדף ביצה,כן,ביצה,טו.,פירוש,לא,
4399,קובץ מפרשים לפי הדף ביצה,כן,ביצה,טו.,פירוש,לא,
4400,קובץ מפרשים לפי הדף ביצה,כן,ביצה,טו.,פירוש,לא,
4401,קובץ מפרשים לפי הדף ביצה,כן,ביצה,טו.,פירוש,לא,
4402,קובץ מפרשים לפי הדף ביצה,כן,ביצה,טו.,פירוש,לא,
4403,קובץ מפרשים לפי הדף ביצה,כן,ביצה,טו.,פירוש,לא,
4404,קובץ מפרשים לפי הדף ביצה,כן,ביצה,טו.,פירוש,לא,
4405,קובץ מפרשים לפי הדף ביצה,כן,ביצה,טו.,פירוש,לא,
4406,קובץ מפרשים לפי הדף ביצה,כן,ביצה,טו.,פירוש,לא,
4407,קובץ מפרשים לפי הדף ביצה,כן,ביצה,טו.,פירוש,לא,
4408,קובץ מפרשים לפי הדף ביצה,כן,ביצה,טו.,פירוש,לא,
4410,קובץ מפרשים לפי הדף ביצה,כן,ביצה,טו.,פירוש,לא,
4411,קובץ מפרשים לפי הדף ביצה,כן,ביצה,טו.,פירוש,לא,
4412,קובץ מפרשים לפי הדף ביצה,כן,ביצה,טו.,פירוש,לא,
4413,קובץ מפרשים לפי הדף ביצה,כן,ביצה,טו.,פירוש,לא,
4415,קובץ מפרשים לפי הדף ביצה,כן,ביצה,טו.,פירוש,לא,
4416,קובץ מפרשים לפי הדף ביצה,כן,ביצה,טו.,פירוש,לא,
4417,קובץ מפרשים לפי הדף ביצה,כן,ביצה,טו.,פירוש,לא,
4418,קובץ מפרשים לפי הדף ביצה,כן,ביצה,טו.,פירוש,לא,
4419,קובץ מפרשים לפי הדף ביצה,כן,ביצה,טו.,פירוש,לא,
4420,קובץ מפרשים לפי הדף ביצה,כן,ביצה,טו.,פירוש,לא,
4421,קובץ מפרשים לפי הדף ביצה,כן,ביצה,טו.,פירוש,לא,
4422,קובץ מפרשים לפי הדף ביצה,כן,ביצה,טו.,פירוש,לא,
4423,קובץ מפרשים לפי הדף ביצה,כן,ביצה,טו.,פירוש,לא,
4424,קובץ מפרשים לפי הדף ביצה,כן,ביצה,טו.,פירוש,לא,
4425,קובץ מפרשים לפי הדף ביצה,כן,ביצה,טו.,פירוש,לא,
4426,קובץ מפרשים לפי הדף ביצה,כן,ביצה,טו.,פירוש,לא,
4427,קובץ מפרשים לפי הדף ביצה,כן,ביצה,טו.,פירוש,לא,
4429,קובץ מפרשים לפי הדף ביצה,כן,ביצה,טו.,פירוש,לא,
4430,קובץ מפרשים לפי הדף ביצה,כן,ביצה,טו.,פירוש,לא,
4431,קובץ מפרשים לפי הדף ביצה,כן,ביצה,טו.,פירוש,לא,
4432,קובץ מפרשים לפי הדף ביצה,כן,ביצה,טו.,פירוש,לא,
4434,קובץ מפרשים לפי הדף ביצה,כן,ביצה,טו.,פירוש,לא,
4435,קובץ מפרשים לפי הדף ביצה,כן,ביצה,טו.,פירוש,לא,
4436,קובץ מפרשים לפי הדף ביצה,כן,ביצה,טו.,פירוש,לא,
4437,קובץ מפרשים לפי הדף ביצה,כן,ביצה,טו.,פירוש,לא,
4438,קובץ מפרשים לפי הדף ביצה,כן,ביצה,טו.,פירוש,לא,
4439,קובץ מפרשים לפי הדף ביצה,כן,ביצה,טו.,פירוש,לא,
4440,קובץ מפרשים לפי הדף ביצה,כן,ביצה,טו.,פירוש,לא,
4442,קובץ מפרשים לפי הדף ביצה,כן,ביצה,טו.,פירוש,לא,
4443,קובץ מפרשים לפי הדף ביצה,כן,ביצה,טו.,פירוש,לא,
4444,קובץ מפרשים לפי הדף ביצה,כן,ביצה,טו.,פירוש,לא,
4445,קובץ מפרשים לפי הדף ביצה,כן,ביצה,טו.,פירוש,לא,
4446,קובץ מפרשים לפי הדף ביצה,כן,ביצה,טו.,פירוש,לא,
4447,קובץ מפרשים לפי הדף ביצה,כן,ביצה,טו.,פירוש,לא,
4449,קובץ מפרשים לפי הדף ביצה,כן,ביצה,טו.,פירוש,לא,
4450,קובץ מפרשים לפי הדף ביצה,כן,ביצה,טו.,פירוש,לא,
4452,קובץ מפרשים לפי הדף ביצה,כן,ביצה,טו.,פירוש,לא,
4453,קובץ מפרשים לפי הדף ביצה,כן,ביצה,טו.,פירוש,לא,
4454,קובץ מפרשים לפי הדף ביצה,כן,ביצה,טו.,פירוש,לא,
4455,קובץ מפרשים לפי הדף ביצה,כן,ביצה,טו.,פירוש,לא,
4456,קובץ מפרשים לפי הדף ביצה,כן,ביצה,טו.,פירוש,לא,
4457,קובץ מפרשים לפי הדף ביצה,כן,ביצה,טו.,פירוש,לא,
4458,קובץ מפרשים לפי הדף ביצה,כן,ביצה,טו.,פירוש,לא,
4459,קובץ מפרשים לפי הדף ביצה,כן,ביצה,טו.,פירוש,לא,
4461,קובץ מפרשים לפי הדף ביצה,כן,ביצה,טו.,פירוש,לא,
4462,קובץ מפרשים לפי הדף ביצה,כן,ביצה,טו.,פירוש,לא,
4463,קובץ מפרשים לפי הדף ביצה,כן,ביצה,טו.,פירוש,לא,
4464,קובץ מפרשים לפי הדף ביצה,כן,ביצה,טו.,פירוש,לא,
4465,קובץ מפרשים לפי הדף ביצה,כן,ביצה,טו.,פירוש,לא,
4466,קובץ מפרשים לפי הדף ביצה,כן,ביצה,טו.,פירוש,לא,
4468,קובץ מפרשים לפי הדף ביצה,כן,ביצה,טו.,פירוש,לא,
4469,קובץ מפרשים לפי הדף ביצה,כן,ביצה,טו.,פירוש,לא,
4470,קובץ מפרשים לפי הדף ביצה,כן,ביצה,טו.,פירוש,לא,
4471,קובץ מפרשים לפי הדף ביצה,כן,ביצה,טו.,פירוש,לא,
4472,קובץ מפרשים לפי הדף ביצה,כן,ביצה,טו.,פירוש,לא,
4473,קובץ מפרשים לפי הדף ביצה,כן,ביצה,טו.,פירוש,לא,
4474,קובץ מפרשים לפי הדף ביצה,כן,ביצה,טו.,פירוש,לא,
4475,קובץ מפרשים לפי הדף ביצה,כן,ביצה,טו.,פירוש,לא,
4476,קובץ מפרשים לפי הדף ביצה,כן,ביצה,טו.,פירוש,לא,
4478,קובץ מפרשים לפי הדף ביצה,כן,ביצה,טו.,פירוש,לא,
4479,קובץ מפרשים לפי הדף ביצה,כן,ביצה,טו.,פירוש,לא,
4480,קובץ מפרשים לפי הדף ביצה,כן,ביצה,טו.,פירוש,לא,
4481,קובץ מפרשים לפי הדף ביצה,כן,ביצה,טו.,פירוש,לא,
4482,קובץ מפרשים לפי הדף ביצה,כן,ביצה,טו.,פירוש,לא,
4483,קובץ מפרשים לפי הדף ביצה,כן,ביצה,טו.,פירוש,לא,
4484,קובץ מפרשים לפי הדף ביצה,כן,ביצה,טו.,פירוש,לא,
4485,קובץ מפרשים לפי הדף ביצה,כן,ביצה,טו.,פירוש,לא,
4486,קובץ מפרשים לפי הדף ביצה,כן,ביצה,טו.,פירוש,לא,
4487,קובץ מפרשים לפי הדף ביצה,כן,ביצה,טו.,פירוש,לא,
4488,קובץ מפרשים לפי הדף ביצה,כן,ביצה,טו.,פירוש,לא,
4490,קובץ מפרשים לפי הדף ביצה,כן,ביצה,טו.,פירוש,לא,
4491,קובץ מפרשים לפי הדף ביצה,כן,ביצה,טו.,פירוש,לא,
4492,קובץ מפרשים לפי הדף ביצה,כן,ביצה,טו.,פירוש,לא,
4493,קובץ מפרשים לפי הדף ביצה,כן,ביצה,טו.,פירוש,לא,
4494,קובץ מפרשים לפי הדף ביצה,כן,ביצה,טו.,פירוש,לא,
4496,קובץ מפרשים לפי הדף ביצה,כן,ביצה,טו.,פירוש,לא,
4497,קובץ מפרשים לפי הדף ביצה,כן,ביצה,טו.,פירוש,לא,
4499,קובץ מפרשים לפי הדף ביצה,כן,ביצה,טו.,פירוש,לא,
4501,קובץ מפרשים לפי הדף ביצה,כן,ביצה,טו.,פירוש,לא,
4502,קובץ מפרשים לפי הדף ביצה,כן,ביצה,טו.,פירוש,לא,
4503,קובץ מפרשים לפי הדף ביצה,כן,ביצה,טו.,פירוש,לא,
4504,קובץ מפרשים לפי הדף ביצה,כן,ביצה,טו.,פירוש,לא,
4506,קובץ מפרשים לפי הדף ביצה,כן,ביצה,טו.,פירוש,לא,
4507,קובץ מפרשים לפי הדף ביצה,כן,ביצה,טו.,פירוש,לא,
4508,קובץ מפרשים לפי הדף ביצה,כן,ביצה,טו.,פירוש,לא,
4509,קובץ מפרשים לפי הדף ביצה,כן,ביצה,טו.,פירוש,לא,
4511,קובץ מפרשים לפי הדף ביצה,כן,ביצה,טו.,פירוש,לא,
4512,קובץ מפרשים לפי הדף ביצה,כן,ביצה,טו.,פירוש,לא,
4515,קובץ מפרשים לפי הדף ביצה,כן,ביצה,טו:,פירוש,לא,
4516,קובץ מפרשים לפי הדף ביצה,כן,ביצה,טו:,פירוש,לא,
4517,קובץ מפרשים לפי הדף ביצה,כן,ביצה,טו:,פירוש,לא,
4518,קובץ מפרשים לפי הדף ביצה,כן,ביצה,טו:,פירוש,לא,
4519,קובץ מפרשים לפי הדף ביצה,כן,ביצה,טו:,פירוש,לא,
4520,קובץ מפרשים לפי הדף ביצה,כן,ביצה,טו:,פירוש,לא,
4521,קובץ מפרשים לפי הדף ביצה,כן,ביצה,טו:,פירוש,לא,
4523,קובץ מפרשים לפי הדף ביצה,כן,ביצה,טו:,פירוש,לא,
4524,קובץ מפרשים לפי הדף ביצה,כן,ביצה,טו:,פירוש,לא,
4525,קובץ מפרשים לפי הדף ביצה,כן,ביצה,טו:,פירוש,לא,
4526,קובץ מפרשים לפי הדף ביצה,כן,ביצה,טו:,פירוש,לא,
4527,קובץ מפרשים לפי הדף ביצה,כן,ביצה,טו:,פירוש,לא,
4528,קובץ מפרשים לפי הדף ביצה,כן,ביצה,טו:,פירוש,לא,
4529,קובץ מפרשים לפי הדף ביצה,כן,ביצה,טו:,פירוש,לא,
4530,קובץ מפרשים לפי הדף ביצה,כן,ביצה,טו:,פירוש,לא,
4531,קובץ מפרשים לפי הדף ביצה,כן,ביצה,טו:,פירוש,לא,
4532,קובץ מפרשים לפי הדף ביצה,כן,ביצה,טו:,פירוש,לא,
4533,קובץ מפרשים לפי הדף ביצה,כן,ביצה,טו:,פירוש,לא,
4534,קובץ מפרשים לפי הדף ביצה,כן,ביצה,טו:,פירוש,לא,
4535,קובץ מפרשים לפי הדף ביצה,כן,ביצה,טו:,פירוש,לא,
4536,קובץ מפרשים לפי הדף ביצה,כן,ביצה,טו:,פירוש,לא,
4537,קובץ מפרשים לפי הדף ביצה,כן,ביצה,טו:,פירוש,לא,
4538,קובץ מפרשים לפי הדף ביצה,כן,ביצה,טו:,פירוש,לא,
4539,קובץ מפרשים לפי הדף ביצה,כן,ביצה,טו:,פירוש,לא,
4541,קובץ מפרשים לפי הדף ביצה,כן,ביצה,טו:,פירוש,לא,
4543,קובץ מפרשים לפי הדף ביצה,כן,ביצה,טו:,פירוש,לא,
4544,קובץ מפרשים לפי הדף ביצה,כן,ביצה,טו:,פירוש,לא,
4545,קובץ מפרשים לפי הדף ביצה,כן,ביצה,טו:,פירוש,לא,
4546,קובץ מפרשים לפי הדף ביצה,כן,ביצה,טו:,פירוש,לא,
4547,קובץ מפרשים לפי הדף ביצה,כן,ביצה,טו:,פירוש,לא,
4548,קובץ מפרשים לפי הדף ביצה,כן,ביצה,טו:,פירוש,לא,
4549,קובץ מפרשים לפי הדף ביצה,כן,ביצה,טו:,פירוש,לא,
4550,קובץ מפרשים לפי הדף ביצה,כן,ביצה,טו:,פירוש,לא,
4551,קובץ מפרשים לפי הדף ביצה,כן,ביצה,טו:,פירוש,לא,
4552,קובץ מפרשים לפי הדף ביצה,כן,ביצה,טו:,פירוש,לא,
4553,קובץ מפרשים לפי הדף ביצה,כן,ביצה,טו:,פירוש,לא,
4554,קובץ מפרשים לפי הדף ביצה,כן,ביצה,טו:,פירוש,לא,
4555,קובץ מפרשים לפי הדף ביצה,כן,ביצה,טו:,פירוש,לא,
4556,קובץ מפרשים לפי הדף ביצה,כן,ביצה,טו:,פירוש,לא,
4557,קובץ מפרשים לפי הדף ביצה,כן,ביצה,טו:,פירוש,לא,
4558,קובץ מפרשים לפי הדף ביצה,כן,ביצה,טו:,פירוש,לא,
4559,קובץ מפרשים לפי הדף ביצה,כן,ביצה,טו:,פירוש,לא,
4560,קובץ מפרשים לפי הדף ביצה,כן,ביצה,טו:,פירוש,לא,
4561,קובץ מפרשים לפי הדף ביצה,כן,ביצה,טו:,פירוש,לא,
4562,קובץ מפרשים לפי הדף ביצה,כן,ביצה,טו:,פירוש,לא,
4563,קובץ מפרשים לפי הדף ביצה,כן,ביצה,טו:,פירוש,לא,
4565,קובץ מפרשים לפי הדף ביצה,כן,ביצה,טו:,פירוש,לא,
4566,קובץ מפרשים לפי הדף ביצה,כן,ביצה,טו:,פירוש,לא,
4567,קובץ מפרשים לפי הדף ביצה,כן,ביצה,טו:,פירוש,לא,
4569,קובץ מפרשים לפי הדף ביצה,כן,ביצה,טו:,פירוש,לא,
4570,קובץ מפרשים לפי הדף ביצה,כן,ביצה,טו:,פירוש,לא,
4571,קובץ מפרשים לפי הדף ביצה,כן,ביצה,טו:,פירוש,לא,
4573,קובץ מפרשים לפי הדף ביצה,כן,ביצה,טו:,פירוש,לא,
4574,קובץ מפרשים לפי הדף ביצה,כן,ביצה,טו:,פירוש,לא,
4575,קובץ מפרשים לפי הדף ביצה,כן,ביצה,טו:,פירוש,לא,
4577,קובץ מפרשים לפי הדף ביצה,כן,ביצה,טו:,פירוש,לא,
4578,קובץ מפרשים לפי הדף ביצה,כן,ביצה,טו:,פירוש,לא,
4580,קובץ מפרשים לפי הדף ביצה,כן,ביצה,טו:,פירוש,לא,
4581,קובץ מפרשים לפי הדף ביצה,כן,ביצה,טו:,פירוש,לא,
4582,קובץ מפרשים לפי הדף ביצה,כן,ביצה,טו:,פירוש,לא,
4584,קובץ מפרשים לפי הדף ביצה,כן,ביצה,טו:,פירוש,לא,
4585,קובץ מפרשים לפי הדף ביצה,כן,ביצה,טו:,פירוש,לא,
4586,קובץ מפרשים לפי הדף ביצה,כן,ביצה,טו:,פירוש,לא,
4588,קובץ מפרשים לפי הדף ביצה,כן,ביצה,טו:,פירוש,לא,
4589,קובץ מפרשים לפי הדף ביצה,כן,ביצה,טו:,פירוש,לא,
4590,קובץ מפרשים לפי הדף ביצה,כן,ביצה,טו:,פירוש,לא,
4591,קובץ מפרשים לפי הדף ביצה,כן,ביצה,טו:,פירוש,לא,
4592,קובץ מפרשים לפי הדף ביצה,כן,ביצה,טו:,פירוש,לא,
4593,קובץ מפרשים לפי הדף ביצה,כן,ביצה,טו:,פירוש,לא,
4594,קובץ מפרשים לפי הדף ביצה,כן,ביצה,טו:,פירוש,לא,
4596,קובץ מפרשים לפי הדף ביצה,כן,ביצה,טו:,פירוש,לא,
4597,קובץ מפרשים לפי הדף ביצה,כן,ביצה,טו:,פירוש,לא,
4598,קובץ מפרשים לפי הדף ביצה,כן,ביצה,טו:,פירוש,לא,
4599,קובץ מפרשים לפי הדף ביצה,כן,ביצה,טו:,פירוש,לא,
4601,קובץ מפרשים לפי הדף ביצה,כן,ביצה,טו:,פירוש,לא,
4602,קובץ מפרשים לפי הדף ביצה,כן,ביצה,טו:,פירוש,לא,
4603,קובץ מפרשים לפי הדף ביצה,כן,ביצה,טו:,פירוש,לא,
4604,קובץ מפרשים לפי הדף ביצה,כן,ביצה,טו:,פירוש,לא,
4605,קובץ מפרשים לפי הדף ביצה,כן,ביצה,טו:,פירוש,לא,
4606,קובץ מפרשים לפי הדף ביצה,כן,ביצה,טו:,פירוש,לא,
4607,קובץ מפרשים לפי הדף ביצה,כן,ביצה,טו:,פירוש,לא,
4608,קובץ מפרשים לפי הדף ביצה,כן,ביצה,טו:,פירוש,לא,
4609,קובץ מפרשים לפי הדף ביצה,כן,ביצה,טו:,פירוש,לא,
4610,קובץ מפרשים לפי הדף ביצה,כן,ביצה,טו:,פירוש,לא,
4611,קובץ מפרשים לפי הדף ביצה,כן,ביצה,טו:,פירוש,לא,
4612,קובץ מפרשים לפי הדף ביצה,כן,ביצה,טו:,פירוש,לא,
4613,קובץ מפרשים לפי הדף ביצה,כן,ביצה,טו:,פירוש,לא,
4614,קובץ מפרשים לפי הדף ביצה,כן,ביצה,טו:,פירוש,לא,
4615,קובץ מפרשים לפי הדף ביצה,כן,ביצה,טו:,פירוש,לא,
4616,קובץ מפרשים לפי הדף ביצה,כן,ביצה,טו:,פירוש,לא,
4618,קובץ מפרשים לפי הדף ביצה,כן,ביצה,טו:,פירוש,לא,
4619,קובץ מפרשים לפי הדף ביצה,כן,ביצה,טו:,פירוש,לא,
4620,קובץ מפרשים לפי הדף ביצה,כן,ביצה,טו:,פירוש,לא,
4621,קובץ מפרשים לפי הדף ביצה,כן,ביצה,טו:,פירוש,לא,
4622,קובץ מפרשים לפי הדף ביצה,כן,ביצה,טו:,פירוש,לא,
4623,קובץ מפרשים לפי הדף ביצה,כן,ביצה,טו:,פירוש,לא,
4624,קובץ מפרשים לפי הדף ביצה,כן,ביצה,טו:,פירוש,לא,
4625,קובץ מפרשים לפי הדף ביצה,כן,ביצה,טו:,פירוש,לא,
4626,קובץ מפרשים לפי הדף ביצה,כן,ביצה,טו:,פירוש,לא,
4627,קובץ מפרשים לפי הדף ביצה,כן,ביצה,טו:,פירוש,לא,
4628,קובץ מפרשים לפי הדף ביצה,כן,ביצה,טו:,פירוש,לא,
4629,קובץ מפרשים לפי הדף ביצה,כן,ביצה,טו:,פירוש,לא,
4630,קובץ מפרשים לפי הדף ביצה,כן,ביצה,טו:,פירוש,לא,
4631,קובץ מפרשים לפי הדף ביצה,כן,ביצה,טו:,פירוש,לא,
4632,קובץ מפרשים לפי הדף ביצה,כן,ביצה,טו:,פירוש,לא,
4634,קובץ מפרשים לפי הדף ביצה,כן,ביצה,טו:,פירוש,לא,
4636,קובץ מפרשים לפי הדף ביצה,כן,ביצה,טו:,פירוש,לא,
4638,קובץ מפרשים לפי הדף ביצה,כן,ביצה,טו:,פירוש,לא,
4639,קובץ מפרשים לפי הדף ביצה,כן,ביצה,טו:,פירוש,לא,
4640,קובץ מפרשים לפי הדף ביצה,כן,ביצה,טו:,פירוש,לא,
4641,קובץ מפרשים לפי הדף ביצה,כן,ביצה,טו:,פירוש,לא,
4642,קובץ מפרשים לפי הדף ביצה,כן,ביצה,טו:,פירוש,לא,
4643,קובץ מפרשים לפי הדף ביצה,כן,ביצה,טו:,פירוש,לא,
4645,קובץ מפרשים לפי הדף ביצה,כן,ביצה,טו:,פירוש,לא,
4646,קובץ מפרשים לפי הדף ביצה,כן,ביצה,טו:,פירוש,לא,
4647,קובץ מפרשים לפי הדף ביצה,כן,ביצה,טו:,פירוש,לא,
4648,קובץ מפרשים לפי הדף ביצה,כן,ביצה,טו:,פירוש,לא,
4649,קובץ מפרשים לפי הדף ביצה,כן,ביצה,טו:,פירוש,לא,
4651,קובץ מפרשים לפי הדף ביצה,כן,ביצה,טו:,פירוש,לא,
4652,קובץ מפרשים לפי הדף ביצה,כן,ביצה,טו:,פירוש,לא,
4653,קובץ מפרשים לפי הדף ביצה,כן,ביצה,טו:,פירוש,לא,
4654,קובץ מפרשים לפי הדף ביצה,כן,ביצה,טו:,פירוש,לא,
4655,קובץ מפרשים לפי הדף ביצה,כן,ביצה,טו:,פירוש,לא,
4656,קובץ מפרשים לפי הדף ביצה,כן,ביצה,טו:,פירוש,לא,
4657,קובץ מפרשים לפי הדף ביצה,כן,ביצה,טו:,פירוש,לא,
4658,קובץ מפרשים לפי הדף ביצה,כן,ביצה,טו:,פירוש,לא,
4659,קובץ מפרשים לפי הדף ביצה,כן,ביצה,טו:,פירוש,לא,
4660,קובץ מפרשים לפי הדף ביצה,כן,ביצה,טו:,פירוש,לא,
4661,קובץ מפרשים לפי הדף ביצה,כן,ביצה,טו:,פירוש,לא,
4662,קובץ מפרשים לפי הדף ביצה,כן,ביצה,טו:,פירוש,לא,
4663,קובץ מפרשים לפי הדף ביצה,כן,ביצה,טו:,פירוש,לא,
4664,קובץ מפרשים לפי הדף ביצה,כן,ביצה,טו:,פירוש,לא,
4665,קובץ מפרשים לפי הדף ביצה,כן,ביצה,טו:,פירוש,לא,
4667,קובץ מפרשים לפי הדף ביצה,כן,ביצה,טו:,פירוש,לא,
4668,קובץ מפרשים לפי הדף ביצה,כן,ביצה,טו:,פירוש,לא,
4669,קובץ מפרשים לפי הדף ביצה,כן,ביצה,טו:,פירוש,לא,
4670,קובץ מפרשים לפי הדף ביצה,כן,ביצה,טו:,פירוש,לא,
4671,קובץ מפרשים לפי הדף ביצה,כן,ביצה,טו:,פירוש,לא,
4672,קובץ מפרשים לפי הדף ביצה,כן,ביצה,טו:,פירוש,לא,
4673,קובץ מפרשים לפי הדף ביצה,כן,ביצה,טו:,פירוש,לא,
4674,קובץ מפרשים לפי הדף ביצה,כן,ביצה,טו:,פירוש,לא,
4675,קובץ מפרשים לפי הדף ביצה,כן,ביצה,טו:,פירוש,לא,
4676,קובץ מפרשים לפי הדף ביצה,כן,ביצה,טו:,פירוש,לא,
4677,קובץ מפרשים לפי הדף ביצה,כן,ביצה,טו:,פירוש,לא,
4678,קובץ מפרשים לפי הדף ביצה,כן,ביצה,טו:,פירוש,לא,
4679,קובץ מפרשים לפי הדף ביצה,כן,ביצה,טו:,פירוש,לא,
4680,קובץ מפרשים לפי הדף ביצה,כן,ביצה,טו:,פירוש,לא,
4681,קובץ מפרשים לפי הדף ביצה,כן,ביצה,טו:,פירוש,לא,
4682,קובץ מפרשים לפי הדף ביצה,כן,ביצה,טו:,פירוש,לא,
4683,קובץ מפרשים לפי הדף ביצה,כן,ביצה,טו:,פירוש,לא,
4684,קובץ מפרשים לפי הדף ביצה,כן,ביצה,טו:,פירוש,לא,
4685,קובץ מפרשים לפי הדף ביצה,כן,ביצה,טו:,פירוש,לא,
4686,קובץ מפרשים לפי הדף ביצה,כן,ביצה,טו:,פירוש,לא,
4689,קובץ מפרשים לפי הדף ביצה,כן,ביצה,טז.,פירוש,לא,
4691,קובץ מפרשים לפי הדף ביצה,כן,ביצה,טז.,פירוש,לא,
4692,קובץ מפרשים לפי הדף ביצה,כן,ביצה,טז.,פירוש,לא,
4693,קובץ מפרשים לפי הדף ביצה,כן,ביצה,טז.,פירוש,לא,
4694,קובץ מפרשים לפי הדף ביצה,כן,ביצה,טז.,פירוש,לא,
4695,קובץ מפרשים לפי הדף ביצה,כן,ביצה,טז.,פירוש,לא,
4696,קובץ מפרשים לפי הדף ביצה,כן,ביצה,טז.,פירוש,לא,
4697,קובץ מפרשים לפי הדף ביצה,כן,ביצה,טז.,פירוש,לא,
4698,קובץ מפרשים לפי הדף ביצה,כן,ביצה,טז.,פירוש,לא,
4700,קובץ מפרשים לפי הדף ביצה,כן,ביצה,טז.,פירוש,לא,
4702,קובץ מפרשים לפי הדף ביצה,כן,ביצה,טז.,פירוש,לא,
4703,קובץ מפרשים לפי הדף ביצה,כן,ביצה,טז.,פירוש,לא,
4704,קובץ מפרשים לפי הדף ביצה,כן,ביצה,טז.,פירוש,לא,
4706,קובץ מפרשים לפי הדף ביצה,כן,ביצה,טז.,פירוש,לא,
4707,קובץ מפרשים לפי הדף ביצה,כן,ביצה,טז.,פירוש,לא,
4709,קובץ מפרשים לפי הדף ביצה,כן,ביצה,טז.,פירוש,לא,
4710,קובץ מפרשים לפי הדף ביצה,כן,ביצה,טז.,פירוש,לא,
4711,קובץ מפרשים לפי הדף ביצה,כן,ביצה,טז.,פירוש,לא,
4713,קובץ מפרשים לפי הדף ביצה,כן,ביצה,טז.,פירוש,לא,
4715,קובץ מפרשים לפי הדף ביצה,כן,ביצה,טז.,פירוש,לא,
4716,קובץ מפרשים לפי הדף ביצה,כן,ביצה,טז.,פירוש,לא,
4718,קובץ מפרשים לפי הדף ביצה,כן,ביצה,טז.,פירוש,לא,
4719,קובץ מפרשים לפי הדף ביצה,כן,ביצה,טז.,פירוש,לא,
4720,קובץ מפרשים לפי הדף ביצה,כן,ביצה,טז.,פירוש,לא,
4721,קובץ מפרשים לפי הדף ביצה,כן,ביצה,טז.,פירוש,לא,
4723,קובץ מפרשים לפי הדף ביצה,כן,ביצה,טז.,פירוש,לא,
4724,קובץ מפרשים לפי הדף ביצה,כן,ביצה,טז.,פירוש,לא,
4725,קובץ מפרשים לפי הדף ביצה,כן,ביצה,טז.,פירוש,לא,
4727,קובץ מפרשים לפי הדף ביצה,כן,ביצה,טז.,פירוש,לא,
4729,קובץ מפרשים לפי הדף ביצה,כן,ביצה,טז.,פירוש,לא,
4730,קובץ מפרשים לפי הדף ביצה,כן,ביצה,טז.,פירוש,לא,
4731,קובץ מפרשים לפי הדף ביצה,כן,ביצה,טז.,פירוש,לא,
4732,קובץ מפרשים לפי הדף ביצה,כן,ביצה,טז.,פירוש,לא,
4733,קובץ מפרשים לפי הדף ביצה,כן,ביצה,טז.,פירוש,לא,
4734,קובץ מפרשים לפי הדף ביצה,כן,ביצה,טז.,פירוש,לא,
4735,קובץ מפרשים לפי הדף ביצה,כן,ביצה,טז.,פירוש,לא,
4736,קובץ מפרשים לפי הדף ביצה,כן,ביצה,טז.,פירוש,לא,
4737,קובץ מפרשים לפי הדף ביצה,כן,ביצה,טז.,פירוש,לא,
4738,קובץ מפרשים לפי הדף ביצה,כן,ביצה,טז.,פירוש,לא,
4740,קובץ מפרשים לפי הדף ביצה,כן,ביצה,טז.,פירוש,לא,
4741,קובץ מפרשים לפי הדף ביצה,כן,ביצה,טז.,פירוש,לא,
4742,קובץ מפרשים לפי הדף ביצה,כן,ביצה,טז.,פירוש,לא,
4743,קובץ מפרשים לפי הדף ביצה,כן,ביצה,טז.,פירוש,לא,
4744,קובץ מפרשים לפי הדף ביצה,כן,ביצה,טז.,פירוש,לא,
4745,קובץ מפרשים לפי הדף ביצה,כן,ביצה,טז.,פירוש,לא,
4746,קובץ מפרשים לפי הדף ביצה,כן,ביצה,טז.,פירוש,לא,
4747,קובץ מפרשים לפי הדף ביצה,כן,ביצה,טז.,פירוש,לא,
4748,קובץ מפרשים לפי הדף ביצה,כן,ביצה,טז.,פירוש,לא,
4749,קובץ מפרשים לפי הדף ביצה,כן,ביצה,טז.,פירוש,לא,
4750,קובץ מפרשים לפי הדף ביצה,כן,ביצה,טז.,פירוש,לא,
4752,קובץ מפרשים לפי הדף ביצה,כן,ביצה,טז.,פירוש,לא,
4753,קובץ מפרשים לפי הדף ביצה,כן,ביצה,טז.,פירוש,לא,
4755,קובץ מפרשים לפי הדף ביצה,כן,ביצה,טז.,פירוש,לא,
4756,קובץ מפרשים לפי הדף ביצה,כן,ביצה,טז.,פירוש,לא,
4757,קובץ מפרשים לפי הדף ביצה,כן,ביצה,טז.,פירוש,לא,
4758,קובץ מפרשים לפי הדף ביצה,כן,ביצה,טז.,פירוש,לא,
4759,קובץ מפרשים לפי הדף ביצה,כן,ביצה,טז.,פירוש,לא,
4761,קובץ מפרשים לפי הדף ביצה,כן,ביצה,טז.,פירוש,לא,
4763,קובץ מפרשים לפי הדף ביצה,כן,ביצה,טז.,פירוש,לא,
4764,קובץ מפרשים לפי הדף ביצה,כן,ביצה,טז.,פירוש,לא,
4765,קובץ מפרשים לפי הדף ביצה,כן,ביצה,טז.,פירוש,לא,
4767,קובץ מפרשים לפי הדף ביצה,כן,ביצה,טז.,פירוש,לא,
4768,קובץ מפרשים לפי הדף ביצה,כן,ביצה,טז.,פירוש,לא,
4769,קובץ מפרשים לפי הדף ביצה,כן,ביצה,טז.,פירוש,לא,
4770,קובץ מפרשים לפי הדף ביצה,כן,ביצה,טז.,פירוש,לא,
4771,קובץ מפרשים לפי הדף ביצה,כן,ביצה,טז.,פירוש,לא,
4772,קובץ מפרשים לפי הדף ביצה,כן,ביצה,טז.,פירוש,לא,
4773,קובץ מפרשים לפי הדף ביצה,כן,ביצה,טז.,פירוש,לא,
4775,קובץ מפרשים לפי הדף ביצה,כן,ביצה,טז.,פירוש,לא,
4777,קובץ מפרשים לפי הדף ביצה,כן,ביצה,טז.,פירוש,לא,
4778,קובץ מפרשים לפי הדף ביצה,כן,ביצה,טז.,פירוש,לא,
4779,קובץ מפרשים לפי הדף ביצה,כן,ביצה,טז.,פירוש,לא,
4780,קובץ מפרשים לפי הדף ביצה,כן,ביצה,טז.,פירוש,לא,
4783,קובץ מפרשים לפי הדף ביצה,כן,ביצה,טז:,פירוש,לא,
4784,קובץ מפרשים לפי הדף ביצה,כן,ביצה,טז:,פירוש,לא,
4786,קובץ מפרשים לפי הדף ביצה,כן,ביצה,טז:,פירוש,לא,
4787,קובץ מפרשים לפי הדף ביצה,כן,ביצה,טז:,פירוש,לא,
4788,קובץ מפרשים לפי הדף ביצה,כן,ביצה,טז:,פירוש,לא,
4789,קובץ מפרשים לפי הדף ביצה,כן,ביצה,טז:,פירוש,לא,
4790,קובץ מפרשים לפי הדף ביצה,כן,ביצה,טז:,פירוש,לא,
4791,קובץ מפרשים לפי הדף ביצה,כן,ביצה,טז:,פירוש,לא,
4792,קובץ מפרשים לפי הדף ביצה,כן,ביצה,טז:,פירוש,לא,
4793,קובץ מפרשים לפי הדף ביצה,כן,ביצה,טז:,פירוש,לא,
4794,קובץ מפרשים לפי הדף ביצה,כן,ביצה,טז:,פירוש,לא,
4795,קובץ מפרשים לפי הדף ביצה,כן,ביצה,טז:,פירוש,לא,
4796,קובץ מפרשים לפי הדף ביצה,כן,ביצה,טז:,פירוש,לא,
4797,קובץ מפרשים לפי הדף ביצה,כן,ביצה,טז:,פירוש,לא,
4798,קובץ מפרשים לפי הדף ביצה,כן,ביצה,טז:,פירוש,לא,
4800,קובץ מפרשים לפי הדף ביצה,כן,ביצה,טז:,פירוש,לא,
4801,קובץ מפרשים לפי הדף ביצה,כן,ביצה,טז:,פירוש,לא,
4802,קובץ מפרשים לפי הדף ביצה,כן,ביצה,טז:,פירוש,לא,
4804,קובץ מפרשים לפי הדף ביצה,כן,ביצה,טז:,פירוש,לא,
4805,קובץ מפרשים לפי הדף ביצה,כן,ביצה,טז:,פירוש,לא,
4806,קובץ מפרשים לפי הדף ביצה,כן,ביצה,טז:,פירוש,לא,
4807,קובץ מפרשים לפי הדף ביצה,כן,ביצה,טז:,פירוש,לא,
4808,קובץ מפרשים לפי הדף ביצה,כן,ביצה,טז:,פירוש,לא,
4809,קובץ מפרשים לפי הדף ביצה,כן,ביצה,טז:,פירוש,לא,
4810,קובץ מפרשים לפי הדף ביצה,כן,ביצה,טז:,פירוש,לא,
4811,קובץ מפרשים לפי הדף ביצה,כן,ביצה,טז:,פירוש,לא,
4813,קובץ מפרשים לפי הדף ביצה,כן,ביצה,טז:,פירוש,לא,
4814,קובץ מפרשים לפי הדף ביצה,כן,ביצה,טז:,פירוש,לא,
4815,קובץ מפרשים לפי הדף ביצה,כן,ביצה,טז:,פירוש,לא,
4816,קובץ מפרשים לפי הדף ביצה,כן,ביצה,טז:,פירוש,לא,
4818,קובץ מפרשים לפי הדף ביצה,כן,ביצה,טז:,פירוש,לא,
4819,קובץ מפרשים לפי הדף ביצה,כן,ביצה,טז:,פירוש,לא,
4820,קובץ מפרשים לפי הדף ביצה,כן,ביצה,טז:,פירוש,לא,
4821,קובץ מפרשים לפי הדף ביצה,כן,ביצה,טז:,פירוש,לא,
4822,קובץ מפרשים לפי הדף ביצה,כן,ביצה,טז:,פירוש,לא,
4823,קובץ מפרשים לפי הדף ביצה,כן,ביצה,טז:,פירוש,לא,
4825,קובץ מפרשים לפי הדף ביצה,כן,ביצה,טז:,פירוש,לא,
4826,קובץ מפרשים לפי הדף ביצה,כן,ביצה,טז:,פירוש,לא,
4828,קובץ מפרשים לפי הדף ביצה,כן,ביצה,טז:,פירוש,לא,
4829,קובץ מפרשים לפי הדף ביצה,כן,ביצה,טז:,פירוש,לא,
4831,קובץ מפרשים לפי הדף ביצה,כן,ביצה,טז:,פירוש,לא,
4832,קובץ מפרשים לפי הדף ביצה,כן,ביצה,טז:,פירוש,לא,
4833,קובץ מפרשים לפי הדף ביצה,כן,ביצה,טז:,פירוש,לא,
4834,קובץ מפרשים לפי הדף ביצה,כן,ביצה,טז:,פירוש,לא,
4835,קובץ מפרשים לפי הדף ביצה,כן,ביצה,טז:,פירוש,לא,
4837,קובץ מפרשים לפי הדף ביצה,כן,ביצה,טז:,פירוש,לא,
4838,קובץ מפרשים לפי הדף ביצה,כן,ביצה,טז:,פירוש,לא,
4839,קובץ מפרשים לפי הדף ביצה,כן,ביצה,טז:,פירוש,לא,
4841,קובץ מפרשים לפי הדף ביצה,כן,ביצה,טז:,פירוש,לא,
4842,קובץ מפרשים לפי הדף ביצה,כן,ביצה,טז:,פירוש,לא,
4843,קובץ מפרשים לפי הדף ביצה,כן,ביצה,טז:,פירוש,לא,
4845,קובץ מפרשים לפי הדף ביצה,כן,ביצה,טז:,פירוש,לא,
4846,קובץ מפרשים לפי הדף ביצה,כן,ביצה,טז:,פירוש,לא,
4847,קובץ מפרשים לפי הדף ביצה,כן,ביצה,טז:,פירוש,לא,
4849,קובץ מפרשים לפי הדף ביצה,כן,ביצה,טז:,פירוש,לא,
4850,קובץ מפרשים לפי הדף ביצה,כן,ביצה,טז:,פירוש,לא,
4851,קובץ מפרשים לפי הדף ביצה,כן,ביצה,טז:,פירוש,לא,
4852,קובץ מפרשים לפי הדף ביצה,כן,ביצה,טז:,פירוש,לא,
4853,קובץ מפרשים לפי הדף ביצה,כן,ביצה,טז:,פירוש,לא,
4854,קובץ מפרשים לפי הדף ביצה,כן,ביצה,טז:,פירוש,לא,
4855,קובץ מפרשים לפי הדף ביצה,כן,ביצה,טז:,פירוש,לא,
4856,קובץ מפרשים לפי הדף ביצה,כן,ביצה,טז:,פירוש,לא,
4857,קובץ מפרשים לפי הדף ביצה,כן,ביצה,טז:,פירוש,לא,
4858,קובץ מפרשים לפי הדף ביצה,כן,ביצה,טז:,פירוש,לא,
4859,קובץ מפרשים לפי הדף ביצה,כן,ביצה,טז:,פירוש,לא,
4860,קובץ מפרשים לפי הדף ביצה,כן,ביצה,טז:,פירוש,לא,
4861,קובץ מפרשים לפי הדף ביצה,כן,ביצה,טז:,פירוש,לא,
4862,קובץ מפרשים לפי הדף ביצה,כן,ביצה,טז:,פירוש,לא,
4863,קובץ מפרשים לפי הדף ביצה,כן,ביצה,טז:,פירוש,לא,
4864,קובץ מפרשים לפי הדף ביצה,כן,ביצה,טז:,פירוש,לא,
4865,קובץ מפרשים לפי הדף ביצה,כן,ביצה,טז:,פירוש,לא,
4866,קובץ מפרשים לפי הדף ביצה,כן,ביצה,טז:,פירוש,לא,
4868,קובץ מפרשים לפי הדף ביצה,כן,ביצה,טז:,פירוש,לא,
4869,קובץ מפרשים לפי הדף ביצה,כן,ביצה,טז:,פירוש,לא,
4870,קובץ מפרשים לפי הדף ביצה,כן,ביצה,טז:,פירוש,לא,
4871,קובץ מפרשים לפי הדף ביצה,כן,ביצה,טז:,פירוש,לא,
4873,קובץ מפרשים לפי הדף ביצה,כן,ביצה,טז:,פירוש,לא,
4874,קובץ מפרשים לפי הדף ביצה,כן,ביצה,טז:,פירוש,לא,
4875,קובץ מפרשים לפי הדף ביצה,כן,ביצה,טז:,פירוש,לא,
4876,קובץ מפרשים לפי הדף ביצה,כן,ביצה,טז:,פירוש,לא,
4877,קובץ מפרשים לפי הדף ביצה,כן,ביצה,טז:,פירוש,לא,
4878,קובץ מפרשים לפי הדף ביצה,כן,ביצה,טז:,פירוש,לא,
4879,קובץ מפרשים לפי הדף ביצה,כן,ביצה,טז:,פירוש,לא,
4880,קובץ מפרשים לפי הדף ביצה,כן,ביצה,טז:,פירוש,לא,
4881,קובץ מפרשים לפי הדף ביצה,כן,ביצה,טז:,פירוש,לא,
4882,קובץ מפרשים לפי הדף ביצה,כן,ביצה,טז:,פירוש,לא,
4884,קובץ מפרשים לפי הדף ביצה,כן,ביצה,טז:,פירוש,לא,
4885,קובץ מפרשים לפי הדף ביצה,כן,ביצה,טז:,פירוש,לא,
4886,קובץ מפרשים לפי הדף ביצה,כן,ביצה,טז:,פירוש,לא,
4887,קובץ מפרשים לפי הדף ביצה,כן,ביצה,טז:,פירוש,לא,
4888,קובץ מפרשים לפי הדף ביצה,כן,ביצה,טז:,פירוש,לא,
4890,קובץ מפרשים לפי הדף ביצה,כן,ביצה,טז:,פירוש,לא,
4892,קובץ מפרשים לפי הדף ביצה,כן,ביצה,טז:,פירוש,לא,
4894,קובץ מפרשים לפי הדף ביצה,כן,ביצה,טז:,פירוש,לא,
4896,קובץ מפרשים לפי הדף ביצה,כן,ביצה,טז:,פירוש,לא,
4897,קובץ מפרשים לפי הדף ביצה,כן,ביצה,טז:,פירוש,לא,
4898,קובץ מפרשים לפי הדף ביצה,כן,ביצה,טז:,פירוש,לא,
4899,קובץ מפרשים לפי הדף ביצה,כן,ביצה,טז:,פירוש,לא,
4900,קובץ מפרשים לפי הדף ביצה,כן,ביצה,טז:,פירוש,לא,
4901,קובץ מפרשים לפי הדף ביצה,כן,ביצה,טז:,פירוש,לא,
4902,קובץ מפרשים לפי הדף ביצה,כן,ביצה,טז:,פירוש,לא,
4904,קובץ מפרשים לפי הדף ביצה,כן,ביצה,טז:,פירוש,לא,
4905,קובץ מפרשים לפי הדף ביצה,כן,ביצה,טז:,פירוש,לא,
4906,קובץ מפרשים לפי הדף ביצה,כן,ביצה,טז:,פירוש,לא,
4908,קובץ מפרשים לפי הדף ביצה,כן,ביצה,טז:,פירוש,לא,
4909,קובץ מפרשים לפי הדף ביצה,כן,ביצה,טז:,פירוש,לא,
4910,קובץ מפרשים לפי הדף ביצה,כן,ביצה,טז:,פירוש,לא,
4911,קובץ מפרשים לפי הדף ביצה,כן,ביצה,טז:,פירוש,לא,
4912,קובץ מפרשים לפי הדף ביצה,כן,ביצה,טז:,פירוש,לא,
4914,קובץ מפרשים לפי הדף ביצה,כן,ביצה,טז:,פירוש,לא,
4915,קובץ מפרשים לפי הדף ביצה,כן,ביצה,טז:,פירוש,לא,
4916,קובץ מפרשים לפי הדף ביצה,כן,ביצה,טז:,פירוש,לא,
4917,קובץ מפרשים לפי הדף ביצה,כן,ביצה,טז:,פירוש,לא,
4920,קובץ מפרשים לפי הדף ביצה,כן,ביצה,יז.,פירוש,לא,
4921,קובץ מפרשים לפי הדף ביצה,כן,ביצה,יז.,פירוש,לא,
4922,קובץ מפרשים לפי הדף ביצה,כן,ביצה,יז.,פירוש,לא,
4923,קובץ מפרשים לפי הדף ביצה,כן,ביצה,יז.,פירוש,לא,
4924,קובץ מפרשים לפי הדף ביצה,כן,ביצה,יז.,פירוש,לא,
4926,קובץ מפרשים לפי הדף ביצה,כן,ביצה,יז.,פירוש,לא,
4927,קובץ מפרשים לפי הדף ביצה,כן,ביצה,יז.,פירוש,לא,
4928,קובץ מפרשים לפי הדף ביצה,כן,ביצה,יז.,פירוש,לא,
4929,קובץ מפרשים לפי הדף ביצה,כן,ביצה,יז.,פירוש,לא,
4930,קובץ מפרשים לפי הדף ביצה,כן,ביצה,יז.,פירוש,לא,
4931,קובץ מפרשים לפי הדף ביצה,כן,ביצה,יז.,פירוש,לא,
4932,קובץ מפרשים לפי הדף ביצה,כן,ביצה,יז.,פירוש,לא,
4933,קובץ מפרשים לפי הדף ביצה,כן,ביצה,יז.,פירוש,לא,
4934,קובץ מפרשים לפי הדף ביצה,כן,ביצה,יז.,פירוש,לא,
4935,קובץ מפרשים לפי הדף ביצה,כן,ביצה,יז.,פירוש,לא,
4936,קובץ מפרשים לפי הדף ביצה,כן,ביצה,יז.,פירוש,לא,
4937,קובץ מפרשים לפי הדף ביצה,כן,ביצה,יז.,פירוש,לא,
4938,קובץ מפרשים לפי הדף ביצה,כן,ביצה,יז.,פירוש,לא,
4939,קובץ מפרשים לפי הדף ביצה,כן,ביצה,יז.,פירוש,לא,
4940,קובץ מפרשים לפי הדף ביצה,כן,ביצה,יז.,פירוש,לא,
4941,קובץ מפרשים לפי הדף ביצה,כן,ביצה,יז.,פירוש,לא,
4942,קובץ מפרשים לפי הדף ביצה,כן,ביצה,יז.,פירוש,לא,
4943,קובץ מפרשים לפי הדף ביצה,כן,ביצה,יז.,פירוש,לא,
4944,קובץ מפרשים לפי הדף ביצה,כן,ביצה,יז.,פירוש,לא,
4945,קובץ מפרשים לפי הדף ביצה,כן,ביצה,יז.,פירוש,לא,
4946,קובץ מפרשים לפי הדף ביצה,כן,ביצה,יז.,פירוש,לא,
4948,קובץ מפרשים לפי הדף ביצה,כן,ביצה,יז.,פירוש,לא,
4949,קובץ מפרשים לפי הדף ביצה,כן,ביצה,יז.,פירוש,לא,
4950,קובץ מפרשים לפי הדף ביצה,כן,ביצה,יז.,פירוש,לא,
4951,קובץ מפרשים לפי הדף ביצה,כן,ביצה,יז.,פירוש,לא,
4953,קובץ מפרשים לפי הדף ביצה,כן,ביצה,יז.,פירוש,לא,
4954,קובץ מפרשים לפי הדף ביצה,כן,ביצה,יז.,פירוש,לא,
4955,קובץ מפרשים לפי הדף ביצה,כן,ביצה,יז.,פירוש,לא,
4956,קובץ מפרשים לפי הדף ביצה,כן,ביצה,יז.,פירוש,לא,
4957,קובץ מפרשים לפי הדף ביצה,כן,ביצה,יז.,פירוש,לא,
4958,קובץ מפרשים לפי הדף ביצה,כן,ביצה,יז.,פירוש,לא,
4960,קובץ מפרשים לפי הדף ביצה,כן,ביצה,יז.,פירוש,לא,
4961,קובץ מפרשים לפי הדף ביצה,כן,ביצה,יז.,פירוש,לא,
4962,קובץ מפרשים לפי הדף ביצה,כן,ביצה,יז.,פירוש,לא,
4963,קובץ מפרשים לפי הדף ביצה,כן,ביצה,יז.,פירוש,לא,
4964,קובץ מפרשים לפי הדף ביצה,כן,ביצה,יז.,פירוש,לא,
4965,קובץ מפרשים לפי הדף ביצה,כן,ביצה,יז.,פירוש,לא,
4966,קובץ מפרשים לפי הדף ביצה,כן,ביצה,יז.,פירוש,לא,
4968,קובץ מפרשים לפי הדף ביצה,כן,ביצה,יז.,פירוש,לא,
4969,קובץ מפרשים לפי הדף ביצה,כן,ביצה,יז.,פירוש,לא,
4970,קובץ מפרשים לפי הדף ביצה,כן,ביצה,יז.,פירוש,לא,
4971,קובץ מפרשים לפי הדף ביצה,כן,ביצה,יז.,פירוש,לא,
4972,קובץ מפרשים לפי הדף ביצה,כן,ביצה,יז.,פירוש,לא,
4973,קובץ מפרשים לפי הדף ביצה,כן,ביצה,יז.,פירוש,לא,
4974,קובץ מפרשים לפי הדף ביצה,כן,ביצה,יז.,פירוש,לא,
4975,קובץ מפרשים לפי הדף ביצה,כן,ביצה,יז.,פירוש,לא,
4977,קובץ מפרשים לפי הדף ביצה,כן,ביצה,יז.,פירוש,לא,
4978,קובץ מפרשים לפי הדף ביצה,כן,ביצה,יז.,פירוש,לא,
4980,קובץ מפרשים לפי הדף ביצה,כן,ביצה,יז.,פירוש,לא,
4981,קובץ מפרשים לפי הדף ביצה,כן,ביצה,יז.,פירוש,לא,
4982,קובץ מפרשים לפי הדף ביצה,כן,ביצה,יז.,פירוש,לא,
4984,קובץ מפרשים לפי הדף ביצה,כן,ביצה,יז.,פירוש,לא,
4985,קובץ מפרשים לפי הדף ביצה,כן,ביצה,יז.,פירוש,לא,
4986,קובץ מפרשים לפי הדף ביצה,כן,ביצה,יז.,פירוש,לא,
4987,קובץ מפרשים לפי הדף ביצה,כן,ביצה,יז.,פירוש,לא,
4988,קובץ מפרשים לפי הדף ביצה,כן,ביצה,יז.,פירוש,לא,
4989,קובץ מפרשים לפי הדף ביצה,כן,ביצה,יז.,פירוש,לא,
4990,קובץ מפרשים לפי הדף ביצה,כן,ביצה,יז.,פירוש,לא,
4991,קובץ מפרשים לפי הדף ביצה,כן,ביצה,יז.,פירוש,לא,
4993,קובץ מפרשים לפי הדף ביצה,כן,ביצה,יז.,פירוש,לא,
4994,קובץ מפרשים לפי הדף ביצה,כן,ביצה,יז.,פירוש,לא,
4995,קובץ מפרשים לפי הדף ביצה,כן,ביצה,יז.,פירוש,לא,
4996,קובץ מפרשים לפי הדף ביצה,כן,ביצה,יז.,פירוש,לא,
4998,קובץ מפרשים לפי הדף ביצה,כן,ביצה,יז.,פירוש,לא,
4999,קובץ מפרשים לפי הדף ביצה,כן,ביצה,יז.,פירוש,לא,
5000,קובץ מפרשים לפי הדף ביצה,כן,ביצה,יז.,פירוש,לא,
5001,קובץ מפרשים לפי הדף ביצה,כן,ביצה,יז.,פירוש,לא,
5002,קובץ מפרשים לפי הדף ביצה,כן,ביצה,יז.,פירוש,לא,
5003,קובץ מפרשים לפי הדף ביצה,כן,ביצה,יז.,פירוש,לא,
5005,קובץ מפרשים לפי הדף ביצה,כן,ביצה,יז.,פירוש,לא,
5006,קובץ מפרשים לפי הדף ביצה,כן,ביצה,יז.,פירוש,לא,
5007,קובץ מפרשים לפי הדף ביצה,כן,ביצה,יז.,פירוש,לא,
5008,קובץ מפרשים לפי הדף ביצה,כן,ביצה,יז.,פירוש,לא,
5009,קובץ מפרשים לפי הדף ביצה,כן,ביצה,יז.,פירוש,לא,
5010,קובץ מפרשים לפי הדף ביצה,כן,ביצה,יז.,פירוש,לא,
5012,קובץ מפרשים לפי הדף ביצה,כן,ביצה,יז.,פירוש,לא,
5013,קובץ מפרשים לפי הדף ביצה,כן,ביצה,יז.,פירוש,לא,
5014,קובץ מפרשים לפי הדף ביצה,כן,ביצה,יז.,פירוש,לא,
5015,קובץ מפרשים לפי הדף ביצה,כן,ביצה,יז.,פירוש,לא,
5016,קובץ מפרשים לפי הדף ביצה,כן,ביצה,יז.,פירוש,לא,
5017,קובץ מפרשים לפי הדף ביצה,כן,ביצה,יז.,פירוש,לא,
5018,קובץ מפרשים לפי הדף ביצה,כן,ביצה,יז.,פירוש,לא,
5019,קובץ מפרשים לפי הדף ביצה,כן,ביצה,יז.,פירוש,לא,
5020,קובץ מפרשים לפי הדף ביצה,כן,ביצה,יז.,פירוש,לא,
5021,קובץ מפרשים לפי הדף ביצה,כן,ביצה,יז.,פירוש,לא,
5022,קובץ מפרשים לפי הדף ביצה,כן,ביצה,יז.,פירוש,לא,
5023,קובץ מפרשים לפי הדף ביצה,כן,ביצה,יז.,פירוש,לא,
5024,קובץ מפרשים לפי הדף ביצה,כן,ביצה,יז.,פירוש,לא,
5025,קובץ מפרשים לפי הדף ביצה,כן,ביצה,יז.,פירוש,לא,
5027,קובץ מפרשים לפי הדף ביצה,כן,ביצה,יז.,פירוש,לא,
5028,קובץ מפרשים לפי הדף ביצה,כן,ביצה,יז.,פירוש,לא,
5029,קובץ מפרשים לפי הדף ביצה,כן,ביצה,יז.,פירוש,לא,
5030,קובץ מפרשים לפי הדף ביצה,כן,ביצה,יז.,פירוש,לא,
5031,קובץ מפרשים לפי הדף ביצה,כן,ביצה,יז.,פירוש,לא,
5032,קובץ מפרשים לפי הדף ביצה,כן,ביצה,יז.,פירוש,לא,
5033,קובץ מפרשים לפי הדף ביצה,כן,ביצה,יז.,פירוש,לא,
5034,קובץ מפרשים לפי הדף ביצה,כן,ביצה,יז.,פירוש,לא,
5035,קובץ מפרשים לפי הדף ביצה,כן,ביצה,יז.,פירוש,לא,
5037,קובץ מפרשים לפי הדף ביצה,כן,ביצה,יז.,פירוש,לא,
5038,קובץ מפרשים לפי הדף ביצה,כן,ביצה,יז.,פירוש,לא,
5040,קובץ מפרשים לפי הדף ביצה,כן,ביצה,יז.,פירוש,לא,
5041,קובץ מפרשים לפי הדף ביצה,כן,ביצה,יז.,פירוש,לא,
5042,קובץ מפרשים לפי הדף ביצה,כן,ביצה,יז.,פירוש,לא,
5043,קובץ מפרשים לפי הדף ביצה,כן,ביצה,יז.,פירוש,לא,
5044,קובץ מפרשים לפי הדף ביצה,כן,ביצה,יז.,פירוש,לא,
5045,קובץ מפרשים לפי הדף ביצה,כן,ביצה,יז.,פירוש,לא,
5047,קובץ מפרשים לפי הדף ביצה,כן,ביצה,יז.,פירוש,לא,
5049,קובץ מפרשים לפי הדף ביצה,כן,ביצה,יז.,פירוש,לא,
5051,קובץ מפרשים לפי הדף ביצה,כן,ביצה,יז.,פירוש,לא,
5052,קובץ מפרשים לפי הדף ביצה,כן,ביצה,יז.,פירוש,לא,
5053,קובץ מפרשים לפי הדף ביצה,כן,ביצה,יז.,פירוש,לא,
5054,קובץ מפרשים לפי הדף ביצה,כן,ביצה,יז.,פירוש,לא,
5055,קובץ מפרשים לפי הדף ביצה,כן,ביצה,יז.,פירוש,לא,
5056,קובץ מפרשים לפי הדף ביצה,כן,ביצה,יז.,פירוש,לא,
5058,קובץ מפרשים לפי הדף ביצה,כן,ביצה,יז.,פירוש,לא,
5059,קובץ מפרשים לפי הדף ביצה,כן,ביצה,יז.,פירוש,לא,
5060,קובץ מפרשים לפי הדף ביצה,כן,ביצה,יז.,פירוש,לא,
5061,קובץ מפרשים לפי הדף ביצה,כן,ביצה,יז.,פירוש,לא,
5062,קובץ מפרשים לפי הדף ביצה,כן,ביצה,יז.,פירוש,לא,
5063,קובץ מפרשים לפי הדף ביצה,כן,ביצה,יז.,פירוש,לא,
5064,קובץ מפרשים לפי הדף ביצה,כן,ביצה,יז.,פירוש,לא,
5065,קובץ מפרשים לפי הדף ביצה,כן,ביצה,יז.,פירוש,לא,
5066,קובץ מפרשים לפי הדף ביצה,כן,ביצה,יז.,פירוש,לא,
5067,קובץ מפרשים לפי הדף ביצה,כן,ביצה,יז.,פירוש,לא,
5068,קובץ מפרשים לפי הדף ביצה,כן,ביצה,יז.,פירוש,לא,
5071,קובץ מפרשים לפי הדף ביצה,כן,ביצה,יז:,פירוש,לא,
5072,קובץ מפרשים לפי הדף ביצה,כן,ביצה,יז:,פירוש,לא,
5073,קובץ מפרשים לפי הדף ביצה,כן,ביצה,יז:,פירוש,לא,
5074,קובץ מפרשים לפי הדף ביצה,כן,ביצה,יז:,פירוש,לא,
5075,קובץ מפרשים לפי הדף ביצה,כן,ביצה,יז:,פירוש,לא,
5076,קובץ מפרשים לפי הדף ביצה,כן,ביצה,יז:,פירוש,לא,
5077,קובץ מפרשים לפי הדף ביצה,כן,ביצה,יז:,פירוש,לא,
5079,קובץ מפרשים לפי הדף ביצה,כן,ביצה,יז:,פירוש,לא,
5080,קובץ מפרשים לפי הדף ביצה,כן,ביצה,יז:,פירוש,לא,
5081,קובץ מפרשים לפי הדף ביצה,כן,ביצה,יז:,פירוש,לא,
5082,קובץ מפרשים לפי הדף ביצה,כן,ביצה,יז:,פירוש,לא,
5083,קובץ מפרשים לפי הדף ביצה,כן,ביצה,יז:,פירוש,לא,
5084,קובץ מפרשים לפי הדף ביצה,כן,ביצה,יז:,פירוש,לא,
5085,קובץ מפרשים לפי הדף ביצה,כן,ביצה,יז:,פירוש,לא,
5086,קובץ מפרשים לפי הדף ביצה,כן,ביצה,יז:,פירוש,לא,
5087,קובץ מפרשים לפי הדף ביצה,כן,ביצה,יז:,פירוש,לא,
5088,קובץ מפרשים לפי הדף ביצה,כן,ביצה,יז:,פירוש,לא,
5089,קובץ מפרשים לפי הדף ביצה,כן,ביצה,יז:,פירוש,לא,
5090,קובץ מפרשים לפי הדף ביצה,כן,ביצה,יז:,פירוש,לא,
5091,קובץ מפרשים לפי הדף ביצה,כן,ביצה,יז:,פירוש,לא,
5092,קובץ מפרשים לפי הדף ביצה,כן,ביצה,יז:,פירוש,לא,
5094,קובץ מפרשים לפי הדף ביצה,כן,ביצה,יז:,פירוש,לא,
5095,קובץ מפרשים לפי הדף ביצה,כן,ביצה,יז:,פירוש,לא,
5097,קובץ מפרשים לפי הדף ביצה,כן,ביצה,יז:,פירוש,לא,
5098,קובץ מפרשים לפי הדף ביצה,כן,ביצה,יז:,פירוש,לא,
5099,קובץ מפרשים לפי הדף ביצה,כן,ביצה,יז:,פירוש,לא,
5100,קובץ מפרשים לפי הדף ביצה,כן,ביצה,יז:,פירוש,לא,
5101,קובץ מפרשים לפי הדף ביצה,כן,ביצה,יז:,פירוש,לא,
5102,קובץ מפרשים לפי הדף ביצה,כן,ביצה,יז:,פירוש,לא,
5103,קובץ מפרשים לפי הדף ביצה,כן,ביצה,יז:,פירוש,לא,
5104,קובץ מפרשים לפי הדף ביצה,כן,ביצה,יז:,פירוש,לא,
5105,קובץ מפרשים לפי הדף ביצה,כן,ביצה,יז:,פירוש,לא,
5106,קובץ מפרשים לפי הדף ביצה,כן,ביצה,יז:,פירוש,לא,
5107,קובץ מפרשים לפי הדף ביצה,כן,ביצה,יז:,פירוש,לא,
5109,קובץ מפרשים לפי הדף ביצה,כן,ביצה,יז:,פירוש,לא,
5110,קובץ מפרשים לפי הדף ביצה,כן,ביצה,יז:,פירוש,לא,
5111,קובץ מפרשים לפי הדף ביצה,כן,ביצה,יז:,פירוש,לא,
5112,קובץ מפרשים לפי הדף ביצה,כן,ביצה,יז:,פירוש,לא,
5113,קובץ מפרשים לפי הדף ביצה,כן,ביצה,יז:,פירוש,לא,
5114,קובץ מפרשים לפי הדף ביצה,כן,ביצה,יז:,פירוש,לא,
5116,קובץ מפרשים לפי הדף ביצה,כן,ביצה,יז:,פירוש,לא,
5117,קובץ מפרשים לפי הדף ביצה,כן,ביצה,יז:,פירוש,לא,
5119,קובץ מפרשים לפי הדף ביצה,כן,ביצה,יז:,פירוש,לא,
5120,קובץ מפרשים לפי הדף ביצה,כן,ביצה,יז:,פירוש,לא,
5121,קובץ מפרשים לפי הדף ביצה,כן,ביצה,יז:,פירוש,לא,
5123,קובץ מפרשים לפי הדף ביצה,כן,ביצה,יז:,פירוש,לא,
5125,קובץ מפרשים לפי הדף ביצה,כן,ביצה,יז:,פירוש,לא,
5126,קובץ מפרשים לפי הדף ביצה,כן,ביצה,יז:,פירוש,לא,
5127,קובץ מפרשים לפי הדף ביצה,כן,ביצה,יז:,פירוש,לא,
5128,קובץ מפרשים לפי הדף ביצה,כן,ביצה,יז:,פירוש,לא,
5129,קובץ מפרשים לפי הדף ביצה,כן,ביצה,יז:,פירוש,לא,
5131,קובץ מפרשים לפי הדף ביצה,כן,ביצה,יז:,פירוש,לא,
5132,קובץ מפרשים לפי הדף ביצה,כן,ביצה,יז:,פירוש,לא,
5133,קובץ מפרשים לפי הדף ביצה,כן,ביצה,יז:,פירוש,לא,
5134,קובץ מפרשים לפי הדף ביצה,כן,ביצה,יז:,פירוש,לא,
5135,קובץ מפרשים לפי הדף ביצה,כן,ביצה,יז:,פירוש,לא,
5137,קובץ מפרשים לפי הדף ביצה,כן,ביצה,יז:,פירוש,לא,
5138,קובץ מפרשים לפי הדף ביצה,כן,ביצה,יז:,פירוש,לא,
5139,קובץ מפרשים לפי הדף ביצה,כן,ביצה,יז:,פירוש,לא,
5140,קובץ מפרשים לפי הדף ביצה,כן,ביצה,יז:,פירוש,לא,
5142,קובץ מפרשים לפי הדף ביצה,כן,ביצה,יז:,פירוש,לא,
5143,קובץ מפרשים לפי הדף ביצה,כן,ביצה,יז:,פירוש,לא,
5144,קובץ מפרשים לפי הדף ביצה,כן,ביצה,יז:,פירוש,לא,
5145,קובץ מפרשים לפי הדף ביצה,כן,ביצה,יז:,פירוש,לא,
5146,קובץ מפרשים לפי הדף ביצה,כן,ביצה,יז:,פירוש,לא,
5147,קובץ מפרשים לפי הדף ביצה,כן,ביצה,יז:,פירוש,לא,
5148,קובץ מפרשים לפי הדף ביצה,כן,ביצה,יז:,פירוש,לא,
5149,קובץ מפרשים לפי הדף ביצה,כן,ביצה,יז:,פירוש,לא,
5150,קובץ מפרשים לפי הדף ביצה,כן,ביצה,יז:,פירוש,לא,
5151,קובץ מפרשים לפי הדף ביצה,כן,ביצה,יז:,פירוש,לא,
5152,קובץ מפרשים לפי הדף ביצה,כן,ביצה,יז:,פירוש,לא,
5153,קובץ מפרשים לפי הדף ביצה,כן,ביצה,יז:,פירוש,לא,
5154,קובץ מפרשים לפי הדף ביצה,כן,ביצה,יז:,פירוש,לא,
5155,קובץ מפרשים לפי הדף ביצה,כן,ביצה,יז:,פירוש,לא,
5156,קובץ מפרשים לפי הדף ביצה,כן,ביצה,יז:,פירוש,לא,
5157,קובץ מפרשים לפי הדף ביצה,כן,ביצה,יז:,פירוש,לא,
5158,קובץ מפרשים לפי הדף ביצה,כן,ביצה,יז:,פירוש,לא,
5159,קובץ מפרשים לפי הדף ביצה,כן,ביצה,יז:,פירוש,לא,
5160,קובץ מפרשים לפי הדף ביצה,כן,ביצה,יז:,פירוש,לא,
5161,קובץ מפרשים לפי הדף ביצה,כן,ביצה,יז:,פירוש,לא,
5162,קובץ מפרשים לפי הדף ביצה,כן,ביצה,יז:,פירוש,לא,
5163,קובץ מפרשים לפי הדף ביצה,כן,ביצה,יז:,פירוש,לא,
5164,קובץ מפרשים לפי הדף ביצה,כן,ביצה,יז:,פירוש,לא,
5165,קובץ מפרשים לפי הדף ביצה,כן,ביצה,יז:,פירוש,לא,
5166,קובץ מפרשים לפי הדף ביצה,כן,ביצה,יז:,פירוש,לא,
5168,קובץ מפרשים לפי הדף ביצה,כן,ביצה,יז:,פירוש,לא,
5169,קובץ מפרשים לפי הדף ביצה,כן,ביצה,יז:,פירוש,לא,
5170,קובץ מפרשים לפי הדף ביצה,כן,ביצה,יז:,פירוש,לא,
5171,קובץ מפרשים לפי הדף ביצה,כן,ביצה,יז:,פירוש,לא,
5172,קובץ מפרשים לפי הדף ביצה,כן,ביצה,יז:,פירוש,לא,
5173,קובץ מפרשים לפי הדף ביצה,כן,ביצה,יז:,פירוש,לא,
5174,קובץ מפרשים לפי הדף ביצה,כן,ביצה,יז:,פירוש,לא,
5175,קובץ מפרשים לפי הדף ביצה,כן,ביצה,יז:,פירוש,לא,
5176,קובץ מפרשים לפי הדף ביצה,כן,ביצה,יז:,פירוש,לא,
5177,קובץ מפרשים לפי הדף ביצה,כן,ביצה,יז:,פירוש,לא,
5178,קובץ מפרשים לפי הדף ביצה,כן,ביצה,יז:,פירוש,לא,
5179,קובץ מפרשים לפי הדף ביצה,כן,ביצה,יז:,פירוש,לא,
5180,קובץ מפרשים לפי הדף ביצה,כן,ביצה,יז:,פירוש,לא,
5181,קובץ מפרשים לפי הדף ביצה,כן,ביצה,יז:,פירוש,לא,
5182,קובץ מפרשים לפי הדף ביצה,כן,ביצה,יז:,פירוש,לא,
5183,קובץ מפרשים לפי הדף ביצה,כן,ביצה,יז:,פירוש,לא,
5185,קובץ מפרשים לפי הדף ביצה,כן,ביצה,יז:,פירוש,לא,
5187,קובץ מפרשים לפי הדף ביצה,כן,ביצה,יז:,פירוש,לא,
5188,קובץ מפרשים לפי הדף ביצה,כן,ביצה,יז:,פירוש,לא,
5190,קובץ מפרשים לפי הדף ביצה,כן,ביצה,יז:,פירוש,לא,
5192,קובץ מפרשים לפי הדף ביצה,כן,ביצה,יז:,פירוש,לא,
5194,קובץ מפרשים לפי הדף ביצה,כן,ביצה,יז:,פירוש,לא,
5195,קובץ מפרשים לפי הדף ביצה,כן,ביצה,יז:,פירוש,לא,
5196,קובץ מפרשים לפי הדף ביצה,כן,ביצה,יז:,פירוש,לא,
5197,קובץ מפרשים לפי הדף ביצה,כן,ביצה,יז:,פירוש,לא,
5198,קובץ מפרשים לפי הדף ביצה,כן,ביצה,יז:,פירוש,לא,
5199,קובץ מפרשים לפי הדף ביצה,כן,ביצה,יז:,פירוש,לא,
5200,קובץ מפרשים לפי הדף ביצה,כן,ביצה,יז:,פירוש,לא,
5201,קובץ מפרשים לפי הדף ביצה,כן,ביצה,יז:,פירוש,לא,
5204,קובץ מפרשים לפי הדף ביצה,כן,ביצה,יח.,פירוש,לא,
5205,קובץ מפרשים לפי הדף ביצה,כן,ביצה,יח.,פירוש,לא,
5206,קובץ מפרשים לפי הדף ביצה,כן,ביצה,יח.,פירוש,לא,
5207,קובץ מפרשים לפי הדף ביצה,כן,ביצה,יח.,פירוש,לא,
5208,קובץ מפרשים לפי הדף ביצה,כן,ביצה,יח.,פירוש,לא,
5209,קובץ מפרשים לפי הדף ביצה,כן,ביצה,יח.,פירוש,לא,
5210,קובץ מפרשים לפי הדף ביצה,כן,ביצה,יח.,פירוש,לא,
5211,קובץ מפרשים לפי הדף ביצה,כן,ביצה,יח.,פירוש,לא,
5212,קובץ מפרשים לפי הדף ביצה,כן,ביצה,יח.,פירוש,לא,
5214,קובץ מפרשים לפי הדף ביצה,כן,ביצה,יח.,פירוש,לא,
5215,קובץ מפרשים לפי הדף ביצה,כן,ביצה,יח.,פירוש,לא,
5216,קובץ מפרשים לפי הדף ביצה,כן,ביצה,יח.,פירוש,לא,
5217,קובץ מפרשים לפי הדף ביצה,כן,ביצה,יח.,פירוש,לא,
5218,קובץ מפרשים לפי הדף ביצה,כן,ביצה,יח.,פירוש,לא,
5219,קובץ מפרשים לפי הדף ביצה,כן,ביצה,יח.,פירוש,לא,
5220,קובץ מפרשים לפי הדף ביצה,כן,ביצה,יח.,פירוש,לא,
5221,קובץ מפרשים לפי הדף ביצה,כן,ביצה,יח.,פירוש,לא,
5222,קובץ מפרשים לפי הדף ביצה,כן,ביצה,יח.,פירוש,לא,
5223,קובץ מפרשים לפי הדף ביצה,כן,ביצה,יח.,פירוש,לא,
5224,קובץ מפרשים לפי הדף ביצה,כן,ביצה,יח.,פירוש,לא,
5225,קובץ מפרשים לפי הדף ביצה,כן,ביצה,יח.,פירוש,לא,
5226,קובץ מפרשים לפי הדף ביצה,כן,ביצה,יח.,פירוש,לא,
5227,קובץ מפרשים לפי הדף ביצה,כן,ביצה,יח.,פירוש,לא,
5228,קובץ מפרשים לפי הדף ביצה,כן,ביצה,יח.,פירוש,לא,
5229,קובץ מפרשים לפי הדף ביצה,כן,ביצה,יח.,פירוש,לא,
5230,קובץ מפרשים לפי הדף ביצה,כן,ביצה,יח.,פירוש,לא,
5231,קובץ מפרשים לפי הדף ביצה,כן,ביצה,יח.,פירוש,לא,
5232,קובץ מפרשים לפי הדף ביצה,כן,ביצה,יח.,פירוש,לא,
5233,קובץ מפרשים לפי הדף ביצה,כן,ביצה,יח.,פירוש,לא,
5234,קובץ מפרשים לפי הדף ביצה,כן,ביצה,יח.,פירוש,לא,
5235,קובץ מפרשים לפי הדף ביצה,כן,ביצה,יח.,פירוש,לא,
5236,קובץ מפרשים לפי הדף ביצה,כן,ביצה,יח.,פירוש,לא,
5237,קובץ מפרשים לפי הדף ביצה,כן,ביצה,יח.,פירוש,לא,
5238,קובץ מפרשים לפי הדף ביצה,כן,ביצה,יח.,פירוש,לא,
5239,קובץ מפרשים לפי הדף ביצה,כן,ביצה,יח.,פירוש,לא,
5240,קובץ מפרשים לפי הדף ביצה,כן,ביצה,יח.,פירוש,לא,
5241,קובץ מפרשים לפי הדף ביצה,כן,ביצה,יח.,פירוש,לא,
5242,קובץ מפרשים לפי הדף ביצה,כן,ביצה,יח.,פירוש,לא,
5243,קובץ מפרשים לפי הדף ביצה,כן,ביצה,יח.,פירוש,לא,
5244,קובץ מפרשים לפי הדף ביצה,כן,ביצה,יח.,פירוש,לא,
5245,קובץ מפרשים לפי הדף ביצה,כן,ביצה,יח.,פירוש,לא,
5246,קובץ מפרשים לפי הדף ביצה,כן,ביצה,יח.,פירוש,לא,
5247,קובץ מפרשים לפי הדף ביצה,כן,ביצה,יח.,פירוש,לא,
5249,קובץ מפרשים לפי הדף ביצה,כן,ביצה,יח.,פירוש,לא,
5251,קובץ מפרשים לפי הדף ביצה,כן,ביצה,יח.,פירוש,לא,
5252,קובץ מפרשים לפי הדף ביצה,כן,ביצה,יח.,פירוש,לא,
5253,קובץ מפרשים לפי הדף ביצה,כן,ביצה,יח.,פירוש,לא,
5254,קובץ מפרשים לפי הדף ביצה,כן,ביצה,יח.,פירוש,לא,
5255,קובץ מפרשים לפי הדף ביצה,כן,ביצה,יח.,פירוש,לא,
5256,קובץ מפרשים לפי הדף ביצה,כן,ביצה,יח.,פירוש,לא,
5257,קובץ מפרשים לפי הדף ביצה,כן,ביצה,יח.,פירוש,לא,
5258,קובץ מפרשים לפי הדף ביצה,כן,ביצה,יח.,פירוש,לא,
5259,קובץ מפרשים לפי הדף ביצה,כן,ביצה,יח.,פירוש,לא,
5260,קובץ מפרשים לפי הדף ביצה,כן,ביצה,יח.,פירוש,לא,
5262,קובץ מפרשים לפי הדף ביצה,כן,ביצה,יח.,פירוש,לא,
5264,קובץ מפרשים לפי הדף ביצה,כן,ביצה,יח.,פירוש,לא,
5265,קובץ מפרשים לפי הדף ביצה,כן,ביצה,יח.,פירוש,לא,
5267,קובץ מפרשים לפי הדף ביצה,כן,ביצה,יח.,פירוש,לא,
5268,קובץ מפרשים לפי הדף ביצה,כן,ביצה,יח.,פירוש,לא,
5269,קובץ מפרשים לפי הדף ביצה,כן,ביצה,יח.,פירוש,לא,
5270,קובץ מפרשים לפי הדף ביצה,כן,ביצה,יח.,פירוש,לא,
5271,קובץ מפרשים לפי הדף ביצה,כן,ביצה,יח.,פירוש,לא,
5273,קובץ מפרשים לפי הדף ביצה,כן,ביצה,יח.,פירוש,לא,
5274,קובץ מפרשים לפי הדף ביצה,כן,ביצה,יח.,פירוש,לא,
5275,קובץ מפרשים לפי הדף ביצה,כן,ביצה,יח.,פירוש,לא,
5276,קובץ מפרשים לפי הדף ביצה,כן,ביצה,יח.,פירוש,לא,
5278,קובץ מפרשים לפי הדף ביצה,כן,ביצה,יח.,פירוש,לא,
5279,קובץ מפרשים לפי הדף ביצה,כן,ביצה,יח.,פירוש,לא,
5280,קובץ מפרשים לפי הדף ביצה,כן,ביצה,יח.,פירוש,לא,
5281,קובץ מפרשים לפי הדף ביצה,כן,ביצה,יח.,פירוש,לא,
5282,קובץ מפרשים לפי הדף ביצה,כן,ביצה,יח.,פירוש,לא,
5283,קובץ מפרשים לפי הדף ביצה,כן,ביצה,יח.,פירוש,לא,
5284,קובץ מפרשים לפי הדף ביצה,כן,ביצה,יח.,פירוש,לא,
5285,קובץ מפרשים לפי הדף ביצה,כן,ביצה,יח.,פירוש,לא,
5286,קובץ מפרשים לפי הדף ביצה,כן,ביצה,יח.,פירוש,לא,
5287,קובץ מפרשים לפי הדף ביצה,כן,ביצה,יח.,פירוש,לא,
5289,קובץ מפרשים לפי הדף ביצה,כן,ביצה,יח.,פירוש,לא,
5290,קובץ מפרשים לפי הדף ביצה,כן,ביצה,יח.,פירוש,לא,
5291,קובץ מפרשים לפי הדף ביצה,כן,ביצה,יח.,פירוש,לא,
5292,קובץ מפרשים לפי הדף ביצה,כן,ביצה,יח.,פירוש,לא,
5293,קובץ מפרשים לפי הדף ביצה,כן,ביצה,יח.,פירוש,לא,
5294,קובץ מפרשים לפי הדף ביצה,כן,ביצה,יח.,פירוש,לא,
5295,קובץ מפרשים לפי הדף ביצה,כן,ביצה,יח.,פירוש,לא,
5296,קובץ מפרשים לפי הדף ביצה,כן,ביצה,יח.,פירוש,לא,
5297,קובץ מפרשים לפי הדף ביצה,כן,ביצה,יח.,פירוש,לא,
5298,קובץ מפרשים לפי הדף ביצה,כן,ביצה,יח.,פירוש,לא,
5299,קובץ מפרשים לפי הדף ביצה,כן,ביצה,יח.,פירוש,לא,
5300,קובץ מפרשים לפי הדף ביצה,כן,ביצה,יח.,פירוש,לא,
5301,קובץ מפרשים לפי הדף ביצה,כן,ביצה,יח.,פירוש,לא,
5302,קובץ מפרשים לפי הדף ביצה,כן,ביצה,יח.,פירוש,לא,
5303,קובץ מפרשים לפי הדף ביצה,כן,ביצה,יח.,פירוש,לא,
5304,קובץ מפרשים לפי הדף ביצה,כן,ביצה,יח.,פירוש,לא,
5305,קובץ מפרשים לפי הדף ביצה,כן,ביצה,יח.,פירוש,לא,
5306,קובץ מפרשים לפי הדף ביצה,כן,ביצה,יח.,פירוש,לא,
5308,קובץ מפרשים לפי הדף ביצה,כן,ביצה,יח.,פירוש,לא,
5309,קובץ מפרשים לפי הדף ביצה,כן,ביצה,יח.,פירוש,לא,
5310,קובץ מפרשים לפי הדף ביצה,כן,ביצה,יח.,פירוש,לא,
5311,קובץ מפרשים לפי הדף ביצה,כן,ביצה,יח.,פירוש,לא,
5313,קובץ מפרשים לפי הדף ביצה,כן,ביצה,יח.,פירוש,לא,
5314,קובץ מפרשים לפי הדף ביצה,כן,ביצה,יח.,פירוש,לא,
5315,קובץ מפרשים לפי הדף ביצה,כן,ביצה,יח.,פירוש,לא,
5316,קובץ מפרשים לפי הדף ביצה,כן,ביצה,יח.,פירוש,לא,
5317,קובץ מפרשים לפי הדף ביצה,כן,ביצה,יח.,פירוש,לא,
5318,קובץ מפרשים לפי הדף ביצה,כן,ביצה,יח.,פירוש,לא,
5319,קובץ מפרשים לפי הדף ביצה,כן,ביצה,יח.,פירוש,לא,
5320,קובץ מפרשים לפי הדף ביצה,כן,ביצה,יח.,פירוש,לא,
5321,קובץ מפרשים לפי הדף ביצה,כן,ביצה,יח.,פירוש,לא,
5322,קובץ מפרשים לפי הדף ביצה,כן,ביצה,יח.,פירוש,לא,
5323,קובץ מפרשים לפי הדף ביצה,כן,ביצה,יח.,פירוש,לא,
5324,קובץ מפרשים לפי הדף ביצה,כן,ביצה,יח.,פירוש,לא,
5325,קובץ מפרשים לפי הדף ביצה,כן,ביצה,יח.,פירוש,לא,
5326,קובץ מפרשים לפי הדף ביצה,כן,ביצה,יח.,פירוש,לא,
5327,קובץ מפרשים לפי הדף ביצה,כן,ביצה,יח.,פירוש,לא,
5328,קובץ מפרשים לפי הדף ביצה,כן,ביצה,יח.,פירוש,לא,
5329,קובץ מפרשים לפי הדף ביצה,כן,ביצה,יח.,פירוש,לא,
5330,קובץ מפרשים לפי הדף ביצה,כן,ביצה,יח.,פירוש,לא,
5331,קובץ מפרשים לפי הדף ביצה,כן,ביצה,יח.,פירוש,לא,
5332,קובץ מפרשים לפי הדף ביצה,כן,ביצה,יח.,פירוש,לא,
5333,קובץ מפרשים לפי הדף ביצה,כן,ביצה,יח.,פירוש,לא,
5334,קובץ מפרשים לפי הדף ביצה,כן,ביצה,יח.,פירוש,לא,
5335,קובץ מפרשים לפי הדף ביצה,כן,ביצה,יח.,פירוש,לא,
5336,קובץ מפרשים לפי הדף ביצה,כן,ביצה,יח.,פירוש,לא,
5337,קובץ מפרשים לפי הדף ביצה,כן,ביצה,יח.,פירוש,לא,
5338,קובץ מפרשים לפי הדף ביצה,כן,ביצה,יח.,פירוש,לא,
5339,קובץ מפרשים לפי הדף ביצה,כן,ביצה,יח.,פירוש,לא,
5340,קובץ מפרשים לפי הדף ביצה,כן,ביצה,יח.,פירוש,לא,
5341,קובץ מפרשים לפי הדף ביצה,כן,ביצה,יח.,פירוש,לא,
5342,קובץ מפרשים לפי הדף ביצה,כן,ביצה,יח.,פירוש,לא,
5343,קובץ מפרשים לפי הדף ביצה,כן,ביצה,יח.,פירוש,לא,
5344,קובץ מפרשים לפי הדף ביצה,כן,ביצה,יח.,פירוש,לא,
5345,קובץ מפרשים לפי הדף ביצה,כן,ביצה,יח.,פירוש,לא,
5346,קובץ מפרשים לפי הדף ביצה,כן,ביצה,יח.,פירוש,לא,
5348,קובץ מפרשים לפי הדף ביצה,כן,ביצה,יח.,פירוש,לא,
5349,קובץ מפרשים לפי הדף ביצה,כן,ביצה,יח.,פירוש,לא,
5351,קובץ מפרשים לפי הדף ביצה,כן,ביצה,יח.,פירוש,לא,
5352,קובץ מפרשים לפי הדף ביצה,כן,ביצה,יח.,פירוש,לא,
5353,קובץ מפרשים לפי הדף ביצה,כן,ביצה,יח.,פירוש,לא,
5354,קובץ מפרשים לפי הדף ביצה,כן,ביצה,יח.,פירוש,לא,
5356,קובץ מפרשים לפי הדף ביצה,כן,ביצה,יח.,פירוש,לא,
5357,קובץ מפרשים לפי הדף ביצה,כן,ביצה,יח.,פירוש,לא,
5358,קובץ מפרשים לפי הדף ביצה,כן,ביצה,יח.,פירוש,לא,
5359,קובץ מפרשים לפי הדף ביצה,כן,ביצה,יח.,פירוש,לא,
5360,קובץ מפרשים לפי הדף ביצה,כן,ביצה,יח.,פירוש,לא,
5361,קובץ מפרשים לפי הדף ביצה,כן,ביצה,יח.,פירוש,לא,
5362,קובץ מפרשים לפי הדף ביצה,כן,ביצה,יח.,פירוש,לא,
5363,קובץ מפרשים לפי הדף ביצה,כן,ביצה,יח.,פירוש,לא,
5364,קובץ מפרשים לפי הדף ביצה,כן,ביצה,יח.,פירוש,לא,
5365,קובץ מפרשים לפי הדף ביצה,כן,ביצה,יח.,פירוש,לא,
5366,קובץ מפרשים לפי הדף ביצה,כן,ביצה,יח.,פירוש,לא,
5367,קובץ מפרשים לפי הדף ביצה,כן,ביצה,יח.,פירוש,לא,
5368,קובץ מפרשים לפי הדף ביצה,כן,ביצה,יח.,פירוש,לא,
5369,קובץ מפרשים לפי הדף ביצה,כן,ביצה,יח.,פירוש,לא,
5370,קובץ מפרשים לפי הדף ביצה,כן,ביצה,יח.,פירוש,לא,
5371,קובץ מפרשים לפי הדף ביצה,כן,ביצה,יח.,פירוש,לא,
5372,קובץ מפרשים לפי הדף ביצה,כן,ביצה,יח.,פירוש,לא,
5373,קובץ מפרשים לפי הדף ביצה,כן,ביצה,יח.,פירוש,לא,
5374,קובץ מפרשים לפי הדף ביצה,כן,ביצה,יח.,פירוש,לא,
5375,קובץ מפרשים לפי הדף ביצה,כן,ביצה,יח.,פירוש,לא,
5376,קובץ מפרשים לפי הדף ביצה,כן,ביצה,יח.,פירוש,לא,
5378,קובץ מפרשים לפי הדף ביצה,כן,ביצה,יח.,פירוש,לא,
5379,קובץ מפרשים לפי הדף ביצה,כן,ביצה,יח.,פירוש,לא,
5380,קובץ מפרשים לפי הדף ביצה,כן,ביצה,יח.,פירוש,לא,
5381,קובץ מפרשים לפי הדף ביצה,כן,ביצה,יח.,פירוש,לא,
5383,קובץ מפרשים לפי הדף ביצה,כן,ביצה,יח.,פירוש,לא,
5385,קובץ מפרשים לפי הדף ביצה,כן,ביצה,יח.,פירוש,לא,
5386,קובץ מפרשים לפי הדף ביצה,כן,ביצה,יח.,פירוש,לא,
5387,קובץ מפרשים לפי הדף ביצה,כן,ביצה,יח.,פירוש,לא,
5388,קובץ מפרשים לפי הדף ביצה,כן,ביצה,יח.,פירוש,לא,
5389,קובץ מפרשים לפי הדף ביצה,כן,ביצה,יח.,פירוש,לא,
5391,קובץ מפרשים לפי הדף ביצה,כן,ביצה,יח.,פירוש,לא,
5392,קובץ מפרשים לפי הדף ביצה,כן,ביצה,יח.,פירוש,לא,
5393,קובץ מפרשים לפי הדף ביצה,כן,ביצה,יח.,פירוש,לא,
5394,קובץ מפרשים לפי הדף ביצה,כן,ביצה,יח.,פירוש,לא,
5396,קובץ מפרשים לפי הדף ביצה,כן,ביצה,יח.,פירוש,לא,
5397,קובץ מפרשים לפי הדף ביצה,כן,ביצה,יח.,פירוש,לא,
5399,קובץ מפרשים לפי הדף ביצה,כן,ביצה,יח.,פירוש,לא,
5400,קובץ מפרשים לפי הדף ביצה,כן,ביצה,יח.,פירוש,לא,
5401,קובץ מפרשים לפי הדף ביצה,כן,ביצה,יח.,פירוש,לא,
5402,קובץ מפרשים לפי הדף ביצה,כן,ביצה,יח.,פירוש,לא,
5403,קובץ מפרשים לפי הדף ביצה,כן,ביצה,יח.,פירוש,לא,
5404,קובץ מפרשים לפי הדף ביצה,כן,ביצה,יח.,פירוש,לא,
5405,קובץ מפרשים לפי הדף ביצה,כן,ביצה,יח.,פירוש,לא,
5407,קובץ מפרשים לפי הדף ביצה,כן,ביצה,יח.,פירוש,לא,
5408,קובץ מפרשים לפי הדף ביצה,כן,ביצה,יח.,פירוש,לא,
5411,קובץ מפרשים לפי הדף ביצה,כן,ביצה,יח:,פירוש,לא,
5412,קובץ מפרשים לפי הדף ביצה,כן,ביצה,יח:,פירוש,לא,
5413,קובץ מפרשים לפי הדף ביצה,כן,ביצה,יח:,פירוש,לא,
5415,קובץ מפרשים לפי הדף ביצה,כן,ביצה,יח:,פירוש,לא,
5416,קובץ מפרשים לפי הדף ביצה,כן,ביצה,יח:,פירוש,לא,
5417,קובץ מפרשים לפי הדף ביצה,כן,ביצה,יח:,פירוש,לא,
5418,קובץ מפרשים לפי הדף ביצה,כן,ביצה,יח:,פירוש,לא,
5419,קובץ מפרשים לפי הדף ביצה,כן,ביצה,יח:,פירוש,לא,
5420,קובץ מפרשים לפי הדף ביצה,כן,ביצה,יח:,פירוש,לא,
5421,קובץ מפרשים לפי הדף ביצה,כן,ביצה,יח:,פירוש,לא,
5422,קובץ מפרשים לפי הדף ביצה,כן,ביצה,יח:,פירוש,לא,
5423,קובץ מפרשים לפי הדף ביצה,כן,ביצה,יח:,פירוש,לא,
5424,קובץ מפרשים לפי הדף ביצה,כן,ביצה,יח:,פירוש,לא,
5425,קובץ מפרשים לפי הדף ביצה,כן,ביצה,יח:,פירוש,לא,
5426,קובץ מפרשים לפי הדף ביצה,כן,ביצה,יח:,פירוש,לא,
5427,קובץ מפרשים לפי הדף ביצה,כן,ביצה,יח:,פירוש,לא,
5428,קובץ מפרשים לפי הדף ביצה,כן,ביצה,יח:,פירוש,לא,
5429,קובץ מפרשים לפי הדף ביצה,כן,ביצה,יח:,פירוש,לא,
5431,קובץ מפרשים לפי הדף ביצה,כן,ביצה,יח:,פירוש,לא,
5432,קובץ מפרשים לפי הדף ביצה,כן,ביצה,יח:,פירוש,לא,
5434,קובץ מפרשים לפי הדף ביצה,כן,ביצה,יח:,פירוש,לא,
5435,קובץ מפרשים לפי הדף ביצה,כן,ביצה,יח:,פירוש,לא,
5436,קובץ מפרשים לפי הדף ביצה,כן,ביצה,יח:,פירוש,לא,
5437,קובץ מפרשים לפי הדף ביצה,כן,ביצה,יח:,פירוש,לא,
5438,קובץ מפרשים לפי הדף ביצה,כן,ביצה,יח:,פירוש,לא,
5439,קובץ מפרשים לפי הדף ביצה,כן,ביצה,יח:,פירוש,לא,
5441,קובץ מפרשים לפי הדף ביצה,כן,ביצה,יח:,פירוש,לא,
5443,קובץ מפרשים לפי הדף ביצה,כן,ביצה,יח:,פירוש,לא,
5444,קובץ מפרשים לפי הדף ביצה,כן,ביצה,יח:,פירוש,לא,
5446,קובץ מפרשים לפי הדף ביצה,כן,ביצה,יח:,פירוש,לא,
5447,קובץ מפרשים לפי הדף ביצה,כן,ביצה,יח:,פירוש,לא,
5448,קובץ מפרשים לפי הדף ביצה,כן,ביצה,יח:,פירוש,לא,
5449,קובץ מפרשים לפי הדף ביצה,כן,ביצה,יח:,פירוש,לא,
5450,קובץ מפרשים לפי הדף ביצה,כן,ביצה,יח:,פירוש,לא,
5451,קובץ מפרשים לפי הדף ביצה,כן,ביצה,יח:,פירוש,לא,
5453,קובץ מפרשים לפי הדף ביצה,כן,ביצה,יח:,פירוש,לא,
5455,קובץ מפרשים לפי הדף ביצה,כן,ביצה,יח:,פירוש,לא,
5457,קובץ מפרשים לפי הדף ביצה,כן,ביצה,יח:,פירוש,לא,
5458,קובץ מפרשים לפי הדף ביצה,כן,ביצה,יח:,פירוש,לא,
5459,קובץ מפרשים לפי הדף ביצה,כן,ביצה,יח:,פירוש,לא,
5461,קובץ מפרשים לפי הדף ביצה,כן,ביצה,יח:,פירוש,לא,
5462,קובץ מפרשים לפי הדף ביצה,כן,ביצה,יח:,פירוש,לא,
5464,קובץ מפרשים לפי הדף ביצה,כן,ביצה,יח:,פירוש,לא,
5466,קובץ מפרשים לפי הדף ביצה,כן,ביצה,יח:,פירוש,לא,
5467,קובץ מפרשים לפי הדף ביצה,כן,ביצה,יח:,פירוש,לא,
5468,קובץ מפרשים לפי הדף ביצה,כן,ביצה,יח:,פירוש,לא,
5469,קובץ מפרשים לפי הדף ביצה,כן,ביצה,יח:,פירוש,לא,
5470,קובץ מפרשים לפי הדף ביצה,כן,ביצה,יח:,פירוש,לא,
5471,קובץ מפרשים לפי הדף ביצה,כן,ביצה,יח:,פירוש,לא,
5472,קובץ מפרשים לפי הדף ביצה,כן,ביצה,יח:,פירוש,לא,
5473,קובץ מפרשים לפי הדף ביצה,כן,ביצה,יח:,פירוש,לא,
5474,קובץ מפרשים לפי הדף ביצה,כן,ביצה,יח:,פירוש,לא,
5475,קובץ מפרשים לפי הדף ביצה,כן,ביצה,יח:,פירוש,לא,
5477,קובץ מפרשים לפי הדף ביצה,כן,ביצה,יח:,פירוש,לא,
5478,קובץ מפרשים לפי הדף ביצה,כן,ביצה,יח:,פירוש,לא,
5479,קובץ מפרשים לפי הדף ביצה,כן,ביצה,יח:,פירוש,לא,
5480,קובץ מפרשים לפי הדף ביצה,כן,ביצה,יח:,פירוש,לא,
5482,קובץ מפרשים לפי הדף ביצה,כן,ביצה,יח:,פירוש,לא,
5483,קובץ מפרשים לפי הדף ביצה,כן,ביצה,יח:,פירוש,לא,
5484,קובץ מפרשים לפי הדף ביצה,כן,ביצה,יח:,פירוש,לא,
5486,קובץ מפרשים לפי הדף ביצה,כן,ביצה,יח:,פירוש,לא,
5488,קובץ מפרשים לפי הדף ביצה,כן,ביצה,יח:,פירוש,לא,
5490,קובץ מפרשים לפי הדף ביצה,כן,ביצה,יח:,פירוש,לא,
5491,קובץ מפרשים לפי הדף ביצה,כן,ביצה,יח:,פירוש,לא,
5493,קובץ מפרשים לפי הדף ביצה,כן,ביצה,יח:,פירוש,לא,
5494,קובץ מפרשים לפי הדף ביצה,כן,ביצה,יח:,פירוש,לא,
5495,קובץ מפרשים לפי הדף ביצה,כן,ביצה,יח:,פירוש,לא,
5496,קובץ מפרשים לפי הדף ביצה,כן,ביצה,יח:,פירוש,לא,
5497,קובץ מפרשים לפי הדף ביצה,כן,ביצה,יח:,פירוש,לא,
5499,קובץ מפרשים לפי הדף ביצה,כן,ביצה,יח:,פירוש,לא,
5502,קובץ מפרשים לפי הדף ביצה,כן,ביצה,יט.,פירוש,לא,
5503,קובץ מפרשים לפי הדף ביצה,כן,ביצה,יט.,פירוש,לא,
5504,קובץ מפרשים לפי הדף ביצה,כן,ביצה,יט.,פירוש,לא,
5505,קובץ מפרשים לפי הדף ביצה,כן,ביצה,יט.,פירוש,לא,
5507,קובץ מפרשים לפי הדף ביצה,כן,ביצה,יט.,פירוש,לא,
5508,קובץ מפרשים לפי הדף ביצה,כן,ביצה,יט.,פירוש,לא,
5509,קובץ מפרשים לפי הדף ביצה,כן,ביצה,יט.,פירוש,לא,
5510,קובץ מפרשים לפי הדף ביצה,כן,ביצה,יט.,פירוש,לא,
5512,קובץ מפרשים לפי הדף ביצה,כן,ביצה,יט.,פירוש,לא,
5513,קובץ מפרשים לפי הדף ביצה,כן,ביצה,יט.,פירוש,לא,
5514,קובץ מפרשים לפי הדף ביצה,כן,ביצה,יט.,פירוש,לא,
5515,קובץ מפרשים לפי הדף ביצה,כן,ביצה,יט.,פירוש,לא,
5516,קובץ מפרשים לפי הדף ביצה,כן,ביצה,יט.,פירוש,לא,
5517,קובץ מפרשים לפי הדף ביצה,כן,ביצה,יט.,פירוש,לא,
5519,קובץ מפרשים לפי הדף ביצה,כן,ביצה,יט.,פירוש,לא,
5520,קובץ מפרשים לפי הדף ביצה,כן,ביצה,יט.,פירוש,לא,
5521,קובץ מפרשים לפי הדף ביצה,כן,ביצה,יט.,פירוש,לא,
5522,קובץ מפרשים לפי הדף ביצה,כן,ביצה,יט.,פירוש,לא,
5524,קובץ מפרשים לפי הדף ביצה,כן,ביצה,יט.,פירוש,לא,
5526,קובץ מפרשים לפי הדף ביצה,כן,ביצה,יט.,פירוש,לא,
5528,קובץ מפרשים לפי הדף ביצה,כן,ביצה,יט.,פירוש,לא,
5529,קובץ מפרשים לפי הדף ביצה,כן,ביצה,יט.,פירוש,לא,
5531,קובץ מפרשים לפי הדף ביצה,כן,ביצה,יט.,פירוש,לא,
5533,קובץ מפרשים לפי הדף ביצה,כן,ביצה,יט.,פירוש,לא,
5534,קובץ מפרשים לפי הדף ביצה,כן,ביצה,יט.,פירוש,לא,
5535,קובץ מפרשים לפי הדף ביצה,כן,ביצה,יט.,פירוש,לא,
5537,קובץ מפרשים לפי הדף ביצה,כן,ביצה,יט.,פירוש,לא,
5539,קובץ מפרשים לפי הדף ביצה,כן,ביצה,יט.,פירוש,לא,
5540,קובץ מפרשים לפי הדף ביצה,כן,ביצה,יט.,פירוש,לא,
5541,קובץ מפרשים לפי הדף ביצה,כן,ביצה,יט.,פירוש,לא,
5542,קובץ מפרשים לפי הדף ביצה,כן,ביצה,יט.,פירוש,לא,
5543,קובץ מפרשים לפי הדף ביצה,כן,ביצה,יט.,פירוש,לא,
5545,קובץ מפרשים לפי הדף ביצה,כן,ביצה,יט.,פירוש,לא,
5546,קובץ מפרשים לפי הדף ביצה,כן,ביצה,יט.,פירוש,לא,
5547,קובץ מפרשים לפי הדף ביצה,כן,ביצה,יט.,פירוש,לא,
5548,קובץ מפרשים לפי הדף ביצה,כן,ביצה,יט.,פירוש,לא,
5549,קובץ מפרשים לפי הדף ביצה,כן,ביצה,יט.,פירוש,לא,
5551,קובץ מפרשים לפי הדף ביצה,כן,ביצה,יט.,פירוש,לא,
5552,קובץ מפרשים לפי הדף ביצה,כן,ביצה,יט.,פירוש,לא,
5553,קובץ מפרשים לפי הדף ביצה,כן,ביצה,יט.,פירוש,לא,
5554,קובץ מפרשים לפי הדף ביצה,כן,ביצה,יט.,פירוש,לא,
5555,קובץ מפרשים לפי הדף ביצה,כן,ביצה,יט.,פירוש,לא,
5556,קובץ מפרשים לפי הדף ביצה,כן,ביצה,יט.,פירוש,לא,
5557,קובץ מפרשים לפי הדף ביצה,כן,ביצה,יט.,פירוש,לא,
5558,קובץ מפרשים לפי הדף ביצה,כן,ביצה,יט.,פירוש,לא,
5559,קובץ מפרשים לפי הדף ביצה,כן,ביצה,יט.,פירוש,לא,
5560,קובץ מפרשים לפי הדף ביצה,כן,ביצה,יט.,פירוש,לא,
5561,קובץ מפרשים לפי הדף ביצה,כן,ביצה,יט.,פירוש,לא,
5562,קובץ מפרשים לפי הדף ביצה,כן,ביצה,יט.,פירוש,לא,
5563,קובץ מפרשים לפי הדף ביצה,כן,ביצה,יט.,פירוש,לא,
5564,קובץ מפרשים לפי הדף ביצה,כן,ביצה,יט.,פירוש,לא,
5565,קובץ מפרשים לפי הדף ביצה,כן,ביצה,יט.,פירוש,לא,
5566,קובץ מפרשים לפי הדף ביצה,כן,ביצה,יט.,פירוש,לא,
5567,קובץ מפרשים לפי הדף ביצה,כן,ביצה,יט.,פירוש,לא,
5568,קובץ מפרשים לפי הדף ביצה,כן,ביצה,יט.,פירוש,לא,
5569,קובץ מפרשים לפי הדף ביצה,כן,ביצה,יט.,פירוש,לא,
5570,קובץ מפרשים לפי הדף ביצה,כן,ביצה,יט.,פירוש,לא,
5571,קובץ מפרשים לפי הדף ביצה,כן,ביצה,יט.,פירוש,לא,
5572,קובץ מפרשים לפי הדף ביצה,כן,ביצה,יט.,פירוש,לא,
5573,קובץ מפרשים לפי הדף ביצה,כן,ביצה,יט.,פירוש,לא,
5574,קובץ מפרשים לפי הדף ביצה,כן,ביצה,יט.,פירוש,לא,
5576,קובץ מפרשים לפי הדף ביצה,כן,ביצה,יט.,פירוש,לא,
5577,קובץ מפרשים לפי הדף ביצה,כן,ביצה,יט.,פירוש,לא,
5578,קובץ מפרשים לפי הדף ביצה,כן,ביצה,יט.,פירוש,לא,
5579,קובץ מפרשים לפי הדף ביצה,כן,ביצה,יט.,פירוש,לא,
5581,קובץ מפרשים לפי הדף ביצה,כן,ביצה,יט.,פירוש,לא,
5583,קובץ מפרשים לפי הדף ביצה,כן,ביצה,יט.,פירוש,לא,
5584,קובץ מפרשים לפי הדף ביצה,כן,ביצה,יט.,פירוש,לא,
5585,קובץ מפרשים לפי הדף ביצה,כן,ביצה,יט.,פירוש,לא,
5586,קובץ מפרשים לפי הדף ביצה,כן,ביצה,יט.,פירוש,לא,
5587,קובץ מפרשים לפי הדף ביצה,כן,ביצה,יט.,פירוש,לא,
5589,קובץ מפרשים לפי הדף ביצה,כן,ביצה,יט.,פירוש,לא,
5590,קובץ מפרשים לפי הדף ביצה,כן,ביצה,יט.,פירוש,לא,
5592,קובץ מפרשים לפי הדף ביצה,כן,ביצה,יט.,פירוש,לא,
5594,קובץ מפרשים לפי הדף ביצה,כן,ביצה,יט.,פירוש,לא,
5595,קובץ מפרשים לפי הדף ביצה,כן,ביצה,יט.,פירוש,לא,
5596,קובץ מפרשים לפי הדף ביצה,כן,ביצה,יט.,פירוש,לא,
5597,קובץ מפרשים לפי הדף ביצה,כן,ביצה,יט.,פירוש,לא,
5598,קובץ מפרשים לפי הדף ביצה,כן,ביצה,יט.,פירוש,לא,
5599,קובץ מפרשים לפי הדף ביצה,כן,ביצה,יט.,פירוש,לא,
5601,קובץ מפרשים לפי הדף ביצה,כן,ביצה,יט.,פירוש,לא,
5602,קובץ מפרשים לפי הדף ביצה,כן,ביצה,יט.,פירוש,לא,
5603,קובץ מפרשים לפי הדף ביצה,כן,ביצה,יט.,פירוש,לא,
5604,קובץ מפרשים לפי הדף ביצה,כן,ביצה,יט.,פירוש,לא,
5606,קובץ מפרשים לפי הדף ביצה,כן,ביצה,יט.,פירוש,לא,
5607,קובץ מפרשים לפי הדף ביצה,כן,ביצה,יט.,פירוש,לא,
5608,קובץ מפרשים לפי הדף ביצה,כן,ביצה,יט.,פירוש,לא,
5609,קובץ מפרשים לפי הדף ביצה,כן,ביצה,יט.,פירוש,לא,
5610,קובץ מפרשים לפי הדף ביצה,כן,ביצה,יט.,פירוש,לא,
5611,קובץ מפרשים לפי הדף ביצה,כן,ביצה,יט.,פירוש,לא,
5612,קובץ מפרשים לפי הדף ביצה,כן,ביצה,יט.,פירוש,לא,
5613,קובץ מפרשים לפי הדף ביצה,כן,ביצה,יט.,פירוש,לא,
5615,קובץ מפרשים לפי הדף ביצה,כן,ביצה,יט.,פירוש,לא,
5618,קובץ מפרשים לפי הדף ביצה,כן,ביצה,יט:,פירוש,לא,
5619,קובץ מפרשים לפי הדף ביצה,כן,ביצה,יט:,פירוש,לא,
5620,קובץ מפרשים לפי הדף ביצה,כן,ביצה,יט:,פירוש,לא,
5621,קובץ מפרשים לפי הדף ביצה,כן,ביצה,יט:,פירוש,לא,
5623,קובץ מפרשים לפי הדף ביצה,כן,ביצה,יט:,פירוש,לא,
5624,קובץ מפרשים לפי הדף ביצה,כן,ביצה,יט:,פירוש,לא,
5626,קובץ מפרשים לפי הדף ביצה,כן,ביצה,יט:,פירוש,לא,
5627,קובץ מפרשים לפי הדף ביצה,כן,ביצה,יט:,פירוש,לא,
5628,קובץ מפרשים לפי הדף ביצה,כן,ביצה,יט:,פירוש,לא,
5630,קובץ מפרשים לפי הדף ביצה,כן,ביצה,יט:,פירוש,לא,
5632,קובץ מפרשים לפי הדף ביצה,כן,ביצה,יט:,פירוש,לא,
5633,קובץ מפרשים לפי הדף ביצה,כן,ביצה,יט:,פירוש,לא,
5634,קובץ מפרשים לפי הדף ביצה,כן,ביצה,יט:,פירוש,לא,
5636,קובץ מפרשים לפי הדף ביצה,כן,ביצה,יט:,פירוש,לא,
5637,קובץ מפרשים לפי הדף ביצה,כן,ביצה,יט:,פירוש,לא,
5638,קובץ מפרשים לפי הדף ביצה,כן,ביצה,יט:,פירוש,לא,
5640,קובץ מפרשים לפי הדף ביצה,כן,ביצה,יט:,פירוש,לא,
5641,קובץ מפרשים לפי הדף ביצה,כן,ביצה,יט:,פירוש,לא,
5642,קובץ מפרשים לפי הדף ביצה,כן,ביצה,יט:,פירוש,לא,
5644,קובץ מפרשים לפי הדף ביצה,כן,ביצה,יט:,פירוש,לא,
5645,קובץ מפרשים לפי הדף ביצה,כן,ביצה,יט:,פירוש,לא,
5646,קובץ מפרשים לפי הדף ביצה,כן,ביצה,יט:,פירוש,לא,
5647,קובץ מפרשים לפי הדף ביצה,כן,ביצה,יט:,פירוש,לא,
5648,קובץ מפרשים לפי הדף ביצה,כן,ביצה,יט:,פירוש,לא,
5649,קובץ מפרשים לפי הדף ביצה,כן,ביצה,יט:,פירוש,לא,
5651,קובץ מפרשים לפי הדף ביצה,כן,ביצה,יט:,פירוש,לא,
5652,קובץ מפרשים לפי הדף ביצה,כן,ביצה,יט:,פירוש,לא,
5654,קובץ מפרשים לפי הדף ביצה,כן,ביצה,יט:,פירוש,לא,
5655,קובץ מפרשים לפי הדף ביצה,כן,ביצה,יט:,פירוש,לא,
5656,קובץ מפרשים לפי הדף ביצה,כן,ביצה,יט:,פירוש,לא,
5658,קובץ מפרשים לפי הדף ביצה,כן,ביצה,יט:,פירוש,לא,
5660,קובץ מפרשים לפי הדף ביצה,כן,ביצה,יט:,פירוש,לא,
5662,קובץ מפרשים לפי הדף ביצה,כן,ביצה,יט:,פירוש,לא,
5664,קובץ מפרשים לפי הדף ביצה,כן,ביצה,יט:,פירוש,לא,
5665,קובץ מפרשים לפי הדף ביצה,כן,ביצה,יט:,פירוש,לא,
5667,קובץ מפרשים לפי הדף ביצה,כן,ביצה,יט:,פירוש,לא,
5668,קובץ מפרשים לפי הדף ביצה,כן,ביצה,יט:,פירוש,לא,
5671,קובץ מפרשים לפי הדף ביצה,כן,ביצה,כ.,פירוש,לא,
5672,קובץ מפרשים לפי הדף ביצה,כן,ביצה,כ.,פירוש,לא,
5674,קובץ מפרשים לפי הדף ביצה,כן,ביצה,כ.,פירוש,לא,
5675,קובץ מפרשים לפי הדף ביצה,כן,ביצה,כ.,פירוש,לא,
5676,קובץ מפרשים לפי הדף ביצה,כן,ביצה,כ.,פירוש,לא,
5677,קובץ מפרשים לפי הדף ביצה,כן,ביצה,כ.,פירוש,לא,
5678,קובץ מפרשים לפי הדף ביצה,כן,ביצה,כ.,פירוש,לא,
5679,קובץ מפרשים לפי הדף ביצה,כן,ביצה,כ.,פירוש,לא,
5680,קובץ מפרשים לפי הדף ביצה,כן,ביצה,כ.,פירוש,לא,
5681,קובץ מפרשים לפי הדף ביצה,כן,ביצה,כ.,פירוש,לא,
5683,קובץ מפרשים לפי הדף ביצה,כן,ביצה,כ.,פירוש,לא,
5684,קובץ מפרשים לפי הדף ביצה,כן,ביצה,כ.,פירוש,לא,
5686,קובץ מפרשים לפי הדף ביצה,כן,ביצה,כ.,פירוש,לא,
5687,קובץ מפרשים לפי הדף ביצה,כן,ביצה,כ.,פירוש,לא,
5688,קובץ מפרשים לפי הדף ביצה,כן,ביצה,כ.,פירוש,לא,
5689,קובץ מפרשים לפי הדף ביצה,כן,ביצה,כ.,פירוש,לא,
5690,קובץ מפרשים לפי הדף ביצה,כן,ביצה,כ.,פירוש,לא,
5691,קובץ מפרשים לפי הדף ביצה,כן,ביצה,כ.,פירוש,לא,
5693,קובץ מפרשים לפי הדף ביצה,כן,ביצה,כ.,פירוש,לא,
5694,קובץ מפרשים לפי הדף ביצה,כן,ביצה,כ.,פירוש,לא,
5695,קובץ מפרשים לפי הדף ביצה,כן,ביצה,כ.,פירוש,לא,
5696,קובץ מפרשים לפי הדף ביצה,כן,ביצה,כ.,פירוש,לא,
5697,קובץ מפרשים לפי הדף ביצה,כן,ביצה,כ.,פירוש,לא,
5698,קובץ מפרשים לפי הדף ביצה,כן,ביצה,כ.,פירוש,לא,
5699,קובץ מפרשים לפי הדף ביצה,כן,ביצה,כ.,פירוש,לא,
5701,קובץ מפרשים לפי הדף ביצה,כן,ביצה,כ.,פירוש,לא,
5703,קובץ מפרשים לפי הדף ביצה,כן,ביצה,כ.,פירוש,לא,
5704,קובץ מפרשים לפי הדף ביצה,כן,ביצה,כ.,פירוש,לא,
5706,קובץ מפרשים לפי הדף ביצה,כן,ביצה,כ.,פירוש,לא,
5707,קובץ מפרשים לפי הדף ביצה,כן,ביצה,כ.,פירוש,לא,
5708,קובץ מפרשים לפי הדף ביצה,כן,ביצה,כ.,פירוש,לא,
5709,קובץ מפרשים לפי הדף ביצה,כן,ביצה,כ.,פירוש,לא,
5710,קובץ מפרשים לפי הדף ביצה,כן,ביצה,כ.,פירוש,לא,
5711,קובץ מפרשים לפי הדף ביצה,כן,ביצה,כ.,פירוש,לא,
5713,קובץ מפרשים לפי הדף ביצה,כן,ביצה,כ.,פירוש,לא,
5714,קובץ מפרשים לפי הדף ביצה,כן,ביצה,כ.,פירוש,לא,
5716,קובץ מפרשים לפי הדף ביצה,כן,ביצה,כ.,פירוש,לא,
5717,קובץ מפרשים לפי הדף ביצה,כן,ביצה,כ.,פירוש,לא,
5718,קובץ מפרשים לפי הדף ביצה,כן,ביצה,כ.,פירוש,לא,
5719,קובץ מפרשים לפי הדף ביצה,כן,ביצה,כ.,פירוש,לא,
5720,קובץ מפרשים לפי הדף ביצה,כן,ביצה,כ.,פירוש,לא,
5721,קובץ מפרשים לפי הדף ביצה,כן,ביצה,כ.,פירוש,לא,
5723,קובץ מפרשים לפי הדף ביצה,כן,ביצה,כ.,פירוש,לא,
5724,קובץ מפרשים לפי הדף ביצה,כן,ביצה,כ.,פירוש,לא,
5725,קובץ מפרשים לפי הדף ביצה,כן,ביצה,כ.,פירוש,לא,
5726,קובץ מפרשים לפי הדף ביצה,כן,ביצה,כ.,פירוש,לא,
5727,קובץ מפרשים לפי הדף ביצה,כן,ביצה,כ.,פירוש,לא,
5728,קובץ מפרשים לפי הדף ביצה,כן,ביצה,כ.,פירוש,לא,
5729,קובץ מפרשים לפי הדף ביצה,כן,ביצה,כ.,פירוש,לא,
5730,קובץ מפרשים לפי הדף ביצה,כן,ביצה,כ.,פירוש,לא,
5731,קובץ מפרשים לפי הדף ביצה,כן,ביצה,כ.,פירוש,לא,
5732,קובץ מפרשים לפי הדף ביצה,כן,ביצה,כ.,פירוש,לא,
5733,קובץ מפרשים לפי הדף ביצה,כן,ביצה,כ.,פירוש,לא,
5734,קובץ מפרשים לפי הדף ביצה,כן,ביצה,כ.,פירוש,לא,
5735,קובץ מפרשים לפי הדף ביצה,כן,ביצה,כ.,פירוש,לא,
5737,קובץ מפרשים לפי הדף ביצה,כן,ביצה,כ.,פירוש,לא,
5738,קובץ מפרשים לפי הדף ביצה,כן,ביצה,כ.,פירוש,לא,
5739,קובץ מפרשים לפי הדף ביצה,כן,ביצה,כ.,פירוש,לא,
5740,קובץ מפרשים לפי הדף ביצה,כן,ביצה,כ.,פירוש,לא,
5741,קובץ מפרשים לפי הדף ביצה,כן,ביצה,כ.,פירוש,לא,
5743,קובץ מפרשים לפי הדף ביצה,כן,ביצה,כ.,פירוש,לא,
5744,קובץ מפרשים לפי הדף ביצה,כן,ביצה,כ.,פירוש,לא,
5746,קובץ מפרשים לפי הדף ביצה,כן,ביצה,כ.,פירוש,לא,
5747,קובץ מפרשים לפי הדף ביצה,כן,ביצה,כ.,פירוש,לא,
5748,קובץ מפרשים לפי הדף ביצה,כן,ביצה,כ.,פירוש,לא,
5749,קובץ מפרשים לפי הדף ביצה,כן,ביצה,כ.,פירוש,לא,
5750,קובץ מפרשים לפי הדף ביצה,כן,ביצה,כ.,פירוש,לא,
5752,קובץ מפרשים לפי הדף ביצה,כן,ביצה,כ.,פירוש,לא,
5753,קובץ מפרשים לפי הדף ביצה,כן,ביצה,כ.,פירוש,לא,
5754,קובץ מפרשים לפי הדף ביצה,כן,ביצה,כ.,פירוש,לא,
5755,קובץ מפרשים לפי הדף ביצה,כן,ביצה,כ.,פירוש,לא,
5757,קובץ מפרשים לפי הדף ביצה,כן,ביצה,כ.,פירוש,לא,
5759,קובץ מפרשים לפי הדף ביצה,כן,ביצה,כ.,פירוש,לא,
5760,קובץ מפרשים לפי הדף ביצה,כן,ביצה,כ.,פירוש,לא,
5762,קובץ מפרשים לפי הדף ביצה,כן,ביצה,כ.,פירוש,לא,
5763,קובץ מפרשים לפי הדף ביצה,כן,ביצה,כ.,פירוש,לא,
5764,קובץ מפרשים לפי הדף ביצה,כן,ביצה,כ.,פירוש,לא,
5765,קובץ מפרשים לפי הדף ביצה,כן,ביצה,כ.,פירוש,לא,
5766,קובץ מפרשים לפי הדף ביצה,כן,ביצה,כ.,פירוש,לא,
5768,קובץ מפרשים לפי הדף ביצה,כן,ביצה,כ.,פירוש,לא,
5770,קובץ מפרשים לפי הדף ביצה,כן,ביצה,כ.,פירוש,לא,
5771,קובץ מפרשים לפי הדף ביצה,כן,ביצה,כ.,פירוש,לא,
5772,קובץ מפרשים לפי הדף ביצה,כן,ביצה,כ.,פירוש,לא,
5773,קובץ מפרשים לפי הדף ביצה,כן,ביצה,כ.,פירוש,לא,
5774,קובץ מפרשים לפי הדף ביצה,כן,ביצה,כ.,פירוש,לא,
5775,קובץ מפרשים לפי הדף ביצה,כן,ביצה,כ.,פירוש,לא,
5776,קובץ מפרשים לפי הדף ביצה,כן,ביצה,כ.,פירוש,לא,
5777,קובץ מפרשים לפי הדף ביצה,כן,ביצה,כ.,פירוש,לא,
5779,קובץ מפרשים לפי הדף ביצה,כן,ביצה,כ.,פירוש,לא,
5780,קובץ מפרשים לפי הדף ביצה,כן,ביצה,כ.,פירוש,לא,
5781,קובץ מפרשים לפי הדף ביצה,כן,ביצה,כ.,פירוש,לא,
5784,קובץ מפרשים לפי הדף ביצה,כן,ביצה,כ:,פירוש,לא,
5786,קובץ מפרשים לפי הדף ביצה,כן,ביצה,כ:,פירוש,לא,
5787,קובץ מפרשים לפי הדף ביצה,כן,ביצה,כ:,פירוש,לא,
5788,קובץ מפרשים לפי הדף ביצה,כן,ביצה,כ:,פירוש,לא,
5789,קובץ מפרשים לפי הדף ביצה,כן,ביצה,כ:,פירוש,לא,
5790,קובץ מפרשים לפי הדף ביצה,כן,ביצה,כ:,פירוש,לא,
5791,קובץ מפרשים לפי הדף ביצה,כן,ביצה,כ:,פירוש,לא,
5792,קובץ מפרשים לפי הדף ביצה,כן,ביצה,כ:,פירוש,לא,
5793,קובץ מפרשים לפי הדף ביצה,כן,ביצה,כ:,פירוש,לא,
5794,קובץ מפרשים לפי הדף ביצה,כן,ביצה,כ:,פירוש,לא,
5795,קובץ מפרשים לפי הדף ביצה,כן,ביצה,כ:,פירוש,לא,
5796,קובץ מפרשים לפי הדף ביצה,כן,ביצה,כ:,פירוש,לא,
5798,קובץ מפרשים לפי הדף ביצה,כן,ביצה,כ:,פירוש,לא,
5800,קובץ מפרשים לפי הדף ביצה,כן,ביצה,כ:,פירוש,לא,
5801,קובץ מפרשים לפי הדף ביצה,כן,ביצה,כ:,פירוש,לא,
5802,קובץ מפרשים לפי הדף ביצה,כן,ביצה,כ:,פירוש,לא,
5804,קובץ מפרשים לפי הדף ביצה,כן,ביצה,כ:,פירוש,לא,
5805,קובץ מפרשים לפי הדף ביצה,כן,ביצה,כ:,פירוש,לא,
5806,קובץ מפרשים לפי הדף ביצה,כן,ביצה,כ:,פירוש,לא,
5808,קובץ מפרשים לפי הדף ביצה,כן,ביצה,כ:,פירוש,לא,
5809,קובץ מפרשים לפי הדף ביצה,כן,ביצה,כ:,פירוש,לא,
5810,קובץ מפרשים לפי הדף ביצה,כן,ביצה,כ:,פירוש,לא,
5811,קובץ מפרשים לפי הדף ביצה,כן,ביצה,כ:,פירוש,לא,
5812,קובץ מפרשים לפי הדף ביצה,כן,ביצה,כ:,פירוש,לא,
5814,קובץ מפרשים לפי הדף ביצה,כן,ביצה,כ:,פירוש,לא,
5815,קובץ מפרשים לפי הדף ביצה,כן,ביצה,כ:,פירוש,לא,
5817,קובץ מפרשים לפי הדף ביצה,כן,ביצה,כ:,פירוש,לא,
5818,קובץ מפרשים לפי הדף ביצה,כן,ביצה,כ:,פירוש,לא,
5819,קובץ מפרשים לפי הדף ביצה,כן,ביצה,כ:,פירוש,לא,
5820,קובץ מפרשים לפי הדף ביצה,כן,ביצה,כ:,פירוש,לא,
5822,קובץ מפרשים לפי הדף ביצה,כן,ביצה,כ:,פירוש,לא,
5823,קובץ מפרשים לפי הדף ביצה,כן,ביצה,כ:,פירוש,לא,
5824,קובץ מפרשים לפי הדף ביצה,כן,ביצה,כ:,פירוש,לא,
5825,קובץ מפרשים לפי הדף ביצה,כן,ביצה,כ:,פירוש,לא,
5826,קובץ מפרשים לפי הדף ביצה,כן,ביצה,כ:,פירוש,לא,
5827,קובץ מפרשים לפי הדף ביצה,כן,ביצה,כ:,פירוש,לא,
5829,קובץ מפרשים לפי הדף ביצה,כן,ביצה,כ:,פירוש,לא,
5830,קובץ מפרשים לפי הדף ביצה,כן,ביצה,כ:,פירוש,לא,
5831,קובץ מפרשים לפי הדף ביצה,כן,ביצה,כ:,פירוש,לא,
5832,קובץ מפרשים לפי הדף ביצה,כן,ביצה,כ:,פירוש,לא,
5833,קובץ מפרשים לפי הדף ביצה,כן,ביצה,כ:,פירוש,לא,
5834,קובץ מפרשים לפי הדף ביצה,כן,ביצה,כ:,פירוש,לא,
5835,קובץ מפרשים לפי הדף ביצה,כן,ביצה,כ:,פירוש,לא,
5836,קובץ מפרשים לפי הדף ביצה,כן,ביצה,כ:,פירוש,לא,
5838,קובץ מפרשים לפי הדף ביצה,כן,ביצה,כ:,פירוש,לא,
5840,קובץ מפרשים לפי הדף ביצה,כן,ביצה,כ:,פירוש,לא,
5841,קובץ מפרשים לפי הדף ביצה,כן,ביצה,כ:,פירוש,לא,
5842,קובץ מפרשים לפי הדף ביצה,כן,ביצה,כ:,פירוש,לא,
5843,קובץ מפרשים לפי הדף ביצה,כן,ביצה,כ:,פירוש,לא,
5844,קובץ מפרשים לפי הדף ביצה,כן,ביצה,כ:,פירוש,לא,
5845,קובץ מפרשים לפי הדף ביצה,כן,ביצה,כ:,פירוש,לא,
5846,קובץ מפרשים לפי הדף ביצה,כן,ביצה,כ:,פירוש,לא,
5847,קובץ מפרשים לפי הדף ביצה,כן,ביצה,כ:,פירוש,לא,
5848,קובץ מפרשים לפי הדף ביצה,כן,ביצה,כ:,פירוש,לא,
5849,קובץ מפרשים לפי הדף ביצה,כן,ביצה,כ:,פירוש,לא,
5850,קובץ מפרשים לפי הדף ביצה,כן,ביצה,כ:,פירוש,לא,
5851,קובץ מפרשים לפי הדף ביצה,כן,ביצה,כ:,פירוש,לא,
5852,קובץ מפרשים לפי הדף ביצה,כן,ביצה,כ:,פירוש,לא,
5853,קובץ מפרשים לפי הדף ביצה,כן,ביצה,כ:,פירוש,לא,
5854,קובץ מפרשים לפי הדף ביצה,כן,ביצה,כ:,פירוש,לא,
5855,קובץ מפרשים לפי הדף ביצה,כן,ביצה,כ:,פירוש,לא,
5856,קובץ מפרשים לפי הדף ביצה,כן,ביצה,כ:,פירוש,לא,
5857,קובץ מפרשים לפי הדף ביצה,כן,ביצה,כ:,פירוש,לא,
5858,קובץ מפרשים לפי הדף ביצה,כן,ביצה,כ:,פירוש,לא,
5859,קובץ מפרשים לפי הדף ביצה,כן,ביצה,כ:,פירוש,לא,
5860,קובץ מפרשים לפי הדף ביצה,כן,ביצה,כ:,פירוש,לא,
5861,קובץ מפרשים לפי הדף ביצה,כן,ביצה,כ:,פירוש,לא,
5862,קובץ מפרשים לפי הדף ביצה,כן,ביצה,כ:,פירוש,לא,
5863,קובץ מפרשים לפי הדף ביצה,כן,ביצה,כ:,פירוש,לא,
5864,קובץ מפרשים לפי הדף ביצה,כן,ביצה,כ:,פירוש,לא,
5865,קובץ מפרשים לפי הדף ביצה,כן,ביצה,כ:,פירוש,לא,
5866,קובץ מפרשים לפי הדף ביצה,כן,ביצה,כ:,פירוש,לא,
5867,קובץ מפרשים לפי הדף ביצה,כן,ביצה,כ:,פירוש,לא,
5869,קובץ מפרשים לפי הדף ביצה,כן,ביצה,כ:,פירוש,לא,
5870,קובץ מפרשים לפי הדף ביצה,כן,ביצה,כ:,פירוש,לא,
5871,קובץ מפרשים לפי הדף ביצה,כן,ביצה,כ:,פירוש,לא,
5872,קובץ מפרשים לפי הדף ביצה,כן,ביצה,כ:,פירוש,לא,
5873,קובץ מפרשים לפי הדף ביצה,כן,ביצה,כ:,פירוש,לא,
5874,קובץ מפרשים לפי הדף ביצה,כן,ביצה,כ:,פירוש,לא,
5876,קובץ מפרשים לפי הדף ביצה,כן,ביצה,כ:,פירוש,לא,
5877,קובץ מפרשים לפי הדף ביצה,כן,ביצה,כ:,פירוש,לא,
5878,קובץ מפרשים לפי הדף ביצה,כן,ביצה,כ:,פירוש,לא,
5879,קובץ מפרשים לפי הדף ביצה,כן,ביצה,כ:,פירוש,לא,
5880,קובץ מפרשים לפי הדף ביצה,כן,ביצה,כ:,פירוש,לא,
5881,קובץ מפרשים לפי הדף ביצה,כן,ביצה,כ:,פירוש,לא,
5882,קובץ מפרשים לפי הדף ביצה,כן,ביצה,כ:,פירוש,לא,
5883,קובץ מפרשים לפי הדף ביצה,כן,ביצה,כ:,פירוש,לא,
5884,קובץ מפרשים לפי הדף ביצה,כן,ביצה,כ:,פירוש,לא,
5885,קובץ מפרשים לפי הדף ביצה,כן,ביצה,כ:,פירוש,לא,
5886,קובץ מפרשים לפי הדף ביצה,כן,ביצה,כ:,פירוש,לא,
5887,קובץ מפרשים לפי הדף ביצה,כן,ביצה,כ:,פירוש,לא,
5889,קובץ מפרשים לפי הדף ביצה,כן,ביצה,כ:,פירוש,לא,
5890,קובץ מפרשים לפי הדף ביצה,כן,ביצה,כ:,פירוש,לא,
5892,קובץ מפרשים לפי הדף ביצה,כן,ביצה,כ:,פירוש,לא,
5894,קובץ מפרשים לפי הדף ביצה,כן,ביצה,כ:,פירוש,לא,
5895,קובץ מפרשים לפי הדף ביצה,כן,ביצה,כ:,פירוש,לא,
5896,קובץ מפרשים לפי הדף ביצה,כן,ביצה,כ:,פירוש,לא,
5898,קובץ מפרשים לפי הדף ביצה,כן,ביצה,כ:,פירוש,לא,
5899,קובץ מפרשים לפי הדף ביצה,כן,ביצה,כ:,פירוש,לא,
5900,קובץ מפרשים לפי הדף ביצה,כן,ביצה,כ:,פירוש,לא,
5901,קובץ מפרשים לפי הדף ביצה,כן,ביצה,כ:,פירוש,לא,
5902,קובץ מפרשים לפי הדף ביצה,כן,ביצה,כ:,פירוש,לא,
5903,קובץ מפרשים לפי הדף ביצה,כן,ביצה,כ:,פירוש,לא,
5904,קובץ מפרשים לפי הדף ביצה,כן,ביצה,כ:,פירוש,לא,
5905,קובץ מפרשים לפי הדף ביצה,כן,ביצה,כ:,פירוש,לא,
5907,קובץ מפרשים לפי הדף ביצה,כן,ביצה,כ:,פירוש,לא,
5910,קובץ מפרשים לפי הדף ביצה,כן,ביצה,כא.,פירוש,לא,
5911,קובץ מפרשים לפי הדף ביצה,כן,ביצה,כא.,פירוש,לא,
5912,קובץ מפרשים לפי הדף ביצה,כן,ביצה,כא.,פירוש,לא,
5913,קובץ מפרשים לפי הדף ביצה,כן,ביצה,כא.,פירוש,לא,
5914,קובץ מפרשים לפי הדף ביצה,כן,ביצה,כא.,פירוש,לא,
5916,קובץ מפרשים לפי הדף ביצה,כן,ביצה,כא.,פירוש,לא,
5917,קובץ מפרשים לפי הדף ביצה,כן,ביצה,כא.,פירוש,לא,
5918,קובץ מפרשים לפי הדף ביצה,כן,ביצה,כא.,פירוש,לא,
5919,קובץ מפרשים לפי הדף ביצה,כן,ביצה,כא.,פירוש,לא,
5920,קובץ מפרשים לפי הדף ביצה,כן,ביצה,כא.,פירוש,לא,
5921,קובץ מפרשים לפי הדף ביצה,כן,ביצה,כא.,פירוש,לא,
5922,קובץ מפרשים לפי הדף ביצה,כן,ביצה,כא.,פירוש,לא,
5923,קובץ מפרשים לפי הדף ביצה,כן,ביצה,כא.,פירוש,לא,
5924,קובץ מפרשים לפי הדף ביצה,כן,ביצה,כא.,פירוש,לא,
5925,קובץ מפרשים לפי הדף ביצה,כן,ביצה,כא.,פירוש,לא,
5926,קובץ מפרשים לפי הדף ביצה,כן,ביצה,כא.,פירוש,לא,
5927,קובץ מפרשים לפי הדף ביצה,כן,ביצה,כא.,פירוש,לא,
5928,קובץ מפרשים לפי הדף ביצה,כן,ביצה,כא.,פירוש,לא,
5929,קובץ מפרשים לפי הדף ביצה,כן,ביצה,כא.,פירוש,לא,
5930,קובץ מפרשים לפי הדף ביצה,כן,ביצה,כא.,פירוש,לא,
5931,קובץ מפרשים לפי הדף ביצה,כן,ביצה,כא.,פירוש,לא,
5932,קובץ מפרשים לפי הדף ביצה,כן,ביצה,כא.,פירוש,לא,
5933,קובץ מפרשים לפי הדף ביצה,כן,ביצה,כא.,פירוש,לא,
5935,קובץ מפרשים לפי הדף ביצה,כן,ביצה,כא.,פירוש,לא,
5936,קובץ מפרשים לפי הדף ביצה,כן,ביצה,כא.,פירוש,לא,
5937,קובץ מפרשים לפי הדף ביצה,כן,ביצה,כא.,פירוש,לא,
5939,קובץ מפרשים לפי הדף ביצה,כן,ביצה,כא.,פירוש,לא,
5940,קובץ מפרשים לפי הדף ביצה,כן,ביצה,כא.,פירוש,לא,
5941,קובץ מפרשים לפי הדף ביצה,כן,ביצה,כא.,פירוש,לא,
5942,קובץ מפרשים לפי הדף ביצה,כן,ביצה,כא.,פירוש,לא,
5943,קובץ מפרשים לפי הדף ביצה,כן,ביצה,כא.,פירוש,לא,
5944,קובץ מפרשים לפי הדף ביצה,כן,ביצה,כא.,פירוש,לא,
5946,קובץ מפרשים לפי הדף ביצה,כן,ביצה,כא.,פירוש,לא,
5947,קובץ מפרשים לפי הדף ביצה,כן,ביצה,כא.,פירוש,לא,
5948,קובץ מפרשים לפי הדף ביצה,כן,ביצה,כא.,פירוש,לא,
5949,קובץ מפרשים לפי הדף ביצה,כן,ביצה,כא.,פירוש,לא,
5950,קובץ מפרשים לפי הדף ביצה,כן,ביצה,כא.,פירוש,לא,
5952,קובץ מפרשים לפי הדף ביצה,כן,ביצה,כא.,פירוש,לא,
5954,קובץ מפרשים לפי הדף ביצה,כן,ביצה,כא.,פירוש,לא,
5955,קובץ מפרשים לפי הדף ביצה,כן,ביצה,כא.,פירוש,לא,
5957,קובץ מפרשים לפי הדף ביצה,כן,ביצה,כא.,פירוש,לא,
5958,קובץ מפרשים לפי הדף ביצה,כן,ביצה,כא.,פירוש,לא,
5959,קובץ מפרשים לפי הדף ביצה,כן,ביצה,כא.,פירוש,לא,
5961,קובץ מפרשים לפי הדף ביצה,כן,ביצה,כא.,פירוש,לא,
5962,קובץ מפרשים לפי הדף ביצה,כן,ביצה,כא.,פירוש,לא,
5963,קובץ מפרשים לפי הדף ביצה,כן,ביצה,כא.,פירוש,לא,
5965,קובץ מפרשים לפי הדף ביצה,כן,ביצה,כא.,פירוש,לא,
5966,קובץ מפרשים לפי הדף ביצה,כן,ביצה,כא.,פירוש,לא,
5967,קובץ מפרשים לפי הדף ביצה,כן,ביצה,כא.,פירוש,לא,
5968,קובץ מפרשים לפי הדף ביצה,כן,ביצה,כא.,פירוש,לא,
5969,קובץ מפרשים לפי הדף ביצה,כן,ביצה,כא.,פירוש,לא,
5970,קובץ מפרשים לפי הדף ביצה,כן,ביצה,כא.,פירוש,לא,
5971,קובץ מפרשים לפי הדף ביצה,כן,ביצה,כא.,פירוש,לא,
5972,קובץ מפרשים לפי הדף ביצה,כן,ביצה,כא.,פירוש,לא,
5973,קובץ מפרשים לפי הדף ביצה,כן,ביצה,כא.,פירוש,לא,
5975,קובץ מפרשים לפי הדף ביצה,כן,ביצה,כא.,פירוש,לא,
5976,קובץ מפרשים לפי הדף ביצה,כן,ביצה,כא.,פירוש,לא,
5978,קובץ מפרשים לפי הדף ביצה,כן,ביצה,כא.,פירוש,לא,
5979,קובץ מפרשים לפי הדף ביצה,כן,ביצה,כא.,פירוש,לא,
5980,קובץ מפרשים לפי הדף ביצה,כן,ביצה,כא.,פירוש,לא,
5981,קובץ מפרשים לפי הדף ביצה,כן,ביצה,כא.,פירוש,לא,
5982,קובץ מפרשים לפי הדף ביצה,כן,ביצה,כא.,פירוש,לא,
5983,קובץ מפרשים לפי הדף ביצה,כן,ביצה,כא.,פירוש,לא,
5984,קובץ מפרשים לפי הדף ביצה,כן,ביצה,כא.,פירוש,לא,
5985,קובץ מפרשים לפי הדף ביצה,כן,ביצה,כא.,פירוש,לא,
5986,קובץ מפרשים לפי הדף ביצה,כן,ביצה,כא.,פירוש,לא,
5987,קובץ מפרשים לפי הדף ביצה,כן,ביצה,כא.,פירוש,לא,
5989,קובץ מפרשים לפי הדף ביצה,כן,ביצה,כא.,פירוש,לא,
5991,קובץ מפרשים לפי הדף ביצה,כן,ביצה,כא.,פירוש,לא,
5992,קובץ מפרשים לפי הדף ביצה,כן,ביצה,כא.,פירוש,לא,
5993,קובץ מפרשים לפי הדף ביצה,כן,ביצה,כא.,פירוש,לא,
5994,קובץ מפרשים לפי הדף ביצה,כן,ביצה,כא.,פירוש,לא,
5995,קובץ מפרשים לפי הדף ביצה,כן,ביצה,כא.,פירוש,לא,
5996,קובץ מפרשים לפי הדף ביצה,כן,ביצה,כא.,פירוש,לא,
5997,קובץ מפרשים לפי הדף ביצה,כן,ביצה,כא.,פירוש,לא,
5999,קובץ מפרשים לפי הדף ביצה,כן,ביצה,כא.,פירוש,לא,
6001,קובץ מפרשים לפי הדף ביצה,כן,ביצה,כא.,פירוש,לא,
6002,קובץ מפרשים לפי הדף ביצה,כן,ביצה,כא.,פירוש,לא,
6003,קובץ מפרשים לפי הדף ביצה,כן,ביצה,כא.,פירוש,לא,
6004,קובץ מפרשים לפי הדף ביצה,כן,ביצה,כא.,פירוש,לא,
6005,קובץ מפרשים לפי הדף ביצה,כן,ביצה,כא.,פירוש,לא,
6006,קובץ מפרשים לפי הדף ביצה,כן,ביצה,כא.,פירוש,לא,
6007,קובץ מפרשים לפי הדף ביצה,כן,ביצה,כא.,פירוש,לא,
6008,קובץ מפרשים לפי הדף ביצה,כן,ביצה,כא.,פירוש,לא,
6009,קובץ מפרשים לפי הדף ביצה,כן,ביצה,כא.,פירוש,לא,
6010,קובץ מפרשים לפי הדף ביצה,כן,ביצה,כא.,פירוש,לא,
6012,קובץ מפרשים לפי הדף ביצה,כן,ביצה,כא.,פירוש,לא,
6014,קובץ מפרשים לפי הדף ביצה,כן,ביצה,כא.,פירוש,לא,
6015,קובץ מפרשים לפי הדף ביצה,כן,ביצה,כא.,פירוש,לא,
6016,קובץ מפרשים לפי הדף ביצה,כן,ביצה,כא.,פירוש,לא,
6018,קובץ מפרשים לפי הדף ביצה,כן,ביצה,כא.,פירוש,לא,
6019,קובץ מפרשים לפי הדף ביצה,כן,ביצה,כא.,פירוש,לא,
6020,קובץ מפרשים לפי הדף ביצה,כן,ביצה,כא.,פירוש,לא,
6021,קובץ מפרשים לפי הדף ביצה,כן,ביצה,כא.,פירוש,לא,
6022,קובץ מפרשים לפי הדף ביצה,כן,ביצה,כא.,פירוש,לא,
6023,קובץ מפרשים לפי הדף ביצה,כן,ביצה,כא.,פירוש,לא,
6024,קובץ מפרשים לפי הדף ביצה,כן,ביצה,כא.,פירוש,לא,
6026,קובץ מפרשים לפי הדף ביצה,כן,ביצה,כא.,פירוש,לא,
6028,קובץ מפרשים לפי הדף ביצה,כן,ביצה,כא.,פירוש,לא,
6029,קובץ מפרשים לפי הדף ביצה,כן,ביצה,כא.,פירוש,לא,
6030,קובץ מפרשים לפי הדף ביצה,כן,ביצה,כא.,פירוש,לא,
6031,קובץ מפרשים לפי הדף ביצה,כן,ביצה,כא.,פירוש,לא,
6032,קובץ מפרשים לפי הדף ביצה,כן,ביצה,כא.,פירוש,לא,
6033,קובץ מפרשים לפי הדף ביצה,כן,ביצה,כא.,פירוש,לא,
6034,קובץ מפרשים לפי הדף ביצה,כן,ביצה,כא.,פירוש,לא,
6035,קובץ מפרשים לפי הדף ביצה,כן,ביצה,כא.,פירוש,לא,
6036,קובץ מפרשים לפי הדף ביצה,כן,ביצה,כא.,פירוש,לא,
6037,קובץ מפרשים לפי הדף ביצה,כן,ביצה,כא.,פירוש,לא,
6038,קובץ מפרשים לפי הדף ביצה,כן,ביצה,כא.,פירוש,לא,
6039,קובץ מפרשים לפי הדף ביצה,כן,ביצה,כא.,פירוש,לא,
6040,קובץ מפרשים לפי הדף ביצה,כן,ביצה,כא.,פירוש,לא,
6041,קובץ מפרשים לפי הדף ביצה,כן,ביצה,כא.,פירוש,לא,
6043,קובץ מפרשים לפי הדף ביצה,כן,ביצה,כא.,פירוש,לא,
6044,קובץ מפרשים לפי הדף ביצה,כן,ביצה,כא.,פירוש,לא,
6045,קובץ מפרשים לפי הדף ביצה,כן,ביצה,כא.,פירוש,לא,
6046,קובץ מפרשים לפי הדף ביצה,כן,ביצה,כא.,פירוש,לא,
6047,קובץ מפרשים לפי הדף ביצה,כן,ביצה,כא.,פירוש,לא,
6048,קובץ מפרשים לפי הדף ביצה,כן,ביצה,כא.,פירוש,לא,
6049,קובץ מפרשים לפי הדף ביצה,כן,ביצה,כא.,פירוש,לא,
6050,קובץ מפרשים לפי הדף ביצה,כן,ביצה,כא.,פירוש,לא,
6051,קובץ מפרשים לפי הדף ביצה,כן,ביצה,כא.,פירוש,לא,
6052,קובץ מפרשים לפי הדף ביצה,כן,ביצה,כא.,פירוש,לא,
6055,קובץ מפרשים לפי הדף ביצה,כן,ביצה,כא:,פירוש,לא,
6056,קובץ מפרשים לפי הדף ביצה,כן,ביצה,כא:,פירוש,לא,
6057,קובץ מפרשים לפי הדף ביצה,כן,ביצה,כא:,פירוש,לא,
6058,קובץ מפרשים לפי הדף ביצה,כן,ביצה,כא:,פירוש,לא,
6059,קובץ מפרשים לפי הדף ביצה,כן,ביצה,כא:,פירוש,לא,
6060,קובץ מפרשים לפי הדף ביצה,כן,ביצה,כא:,פירוש,לא,
6061,קובץ מפרשים לפי הדף ביצה,כן,ביצה,כא:,פירוש,לא,
6062,קובץ מפרשים לפי הדף ביצה,כן,ביצה,כא:,פירוש,לא,
6063,קובץ מפרשים לפי הדף ביצה,כן,ביצה,כא:,פירוש,לא,
6064,קובץ מפרשים לפי הדף ביצה,כן,ביצה,כא:,פירוש,לא,
6065,קובץ מפרשים לפי הדף ביצה,כן,ביצה,כא:,פירוש,לא,
6066,קובץ מפרשים לפי הדף ביצה,כן,ביצה,כא:,פירוש,לא,
6067,קובץ מפרשים לפי הדף ביצה,כן,ביצה,כא:,פירוש,לא,
6069,קובץ מפרשים לפי הדף ביצה,כן,ביצה,כא:,פירוש,לא,
6070,קובץ מפרשים לפי הדף ביצה,כן,ביצה,כא:,פירוש,לא,
6071,קובץ מפרשים לפי הדף ביצה,כן,ביצה,כא:,פירוש,לא,
6072,קובץ מפרשים לפי הדף ביצה,כן,ביצה,כא:,פירוש,לא,
6073,קובץ מפרשים לפי הדף ביצה,כן,ביצה,כא:,פירוש,לא,
6074,קובץ מפרשים לפי הדף ביצה,כן,ביצה,כא:,פירוש,לא,
6075,קובץ מפרשים לפי הדף ביצה,כן,ביצה,כא:,פירוש,לא,
6076,קובץ מפרשים לפי הדף ביצה,כן,ביצה,כא:,פירוש,לא,
6077,קובץ מפרשים לפי הדף ביצה,כן,ביצה,כא:,פירוש,לא,
6078,קובץ מפרשים לפי הדף ביצה,כן,ביצה,כא:,פירוש,לא,
6079,קובץ מפרשים לפי הדף ביצה,כן,ביצה,כא:,פירוש,לא,
6080,קובץ מפרשים לפי הדף ביצה,כן,ביצה,כא:,פירוש,לא,
6081,קובץ מפרשים לפי הדף ביצה,כן,ביצה,כא:,פירוש,לא,
6082,קובץ מפרשים לפי הדף ביצה,כן,ביצה,כא:,פירוש,לא,
6083,קובץ מפרשים לפי הדף ביצה,כן,ביצה,כא:,פירוש,לא,
6084,קובץ מפרשים לפי הדף ביצה,כן,ביצה,כא:,פירוש,לא,
6085,קובץ מפרשים לפי הדף ביצה,כן,ביצה,כא:,פירוש,לא,
6086,קובץ מפרשים לפי הדף ביצה,כן,ביצה,כא:,פירוש,לא,
6087,קובץ מפרשים לפי הדף ביצה,כן,ביצה,כא:,פירוש,לא,
6088,קובץ מפרשים לפי הדף ביצה,כן,ביצה,כא:,פירוש,לא,
6089,קובץ מפרשים לפי הדף ביצה,כן,ביצה,כא:,פירוש,לא,
6090,קובץ מפרשים לפי הדף ביצה,כן,ביצה,כא:,פירוש,לא,
6091,קובץ מפרשים לפי הדף ביצה,כן,ביצה,כא:,פירוש,לא,
6092,קובץ מפרשים לפי הדף ביצה,כן,ביצה,כא:,פירוש,לא,
6093,קובץ מפרשים לפי הדף ביצה,כן,ביצה,כא:,פירוש,לא,
6094,קובץ מפרשים לפי הדף ביצה,כן,ביצה,כא:,פירוש,לא,
6095,קובץ מפרשים לפי הדף ביצה,כן,ביצה,כא:,פירוש,לא,
6096,קובץ מפרשים לפי הדף ביצה,כן,ביצה,כא:,פירוש,לא,
6097,קובץ מפרשים לפי הדף ביצה,כן,ביצה,כא:,פירוש,לא,
6098,קובץ מפרשים לפי הדף ביצה,כן,ביצה,כא:,פירוש,לא,
6099,קובץ מפרשים לפי הדף ביצה,כן,ביצה,כא:,פירוש,לא,
6100,קובץ מפרשים לפי הדף ביצה,כן,ביצה,כא:,פירוש,לא,
6101,קובץ מפרשים לפי הדף ביצה,כן,ביצה,כא:,פירוש,לא,
6102,קובץ מפרשים לפי הדף ביצה,כן,ביצה,כא:,פירוש,לא,
6103,קובץ מפרשים לפי הדף ביצה,כן,ביצה,כא:,פירוש,לא,
6104,קובץ מפרשים לפי הדף ביצה,כן,ביצה,כא:,פירוש,לא,
6105,קובץ מפרשים לפי הדף ביצה,כן,ביצה,כא:,פירוש,לא,
6106,קובץ מפרשים לפי הדף ביצה,כן,ביצה,כא:,פירוש,לא,
6107,קובץ מפרשים לפי הדף ביצה,כן,ביצה,כא:,פירוש,לא,
6108,קובץ מפרשים לפי הדף ביצה,כן,ביצה,כא:,פירוש,לא,
6109,קובץ מפרשים לפי הדף ביצה,כן,ביצה,כא:,פירוש,לא,
6110,קובץ מפרשים לפי הדף ביצה,כן,ביצה,כא:,פירוש,לא,
6112,קובץ מפרשים לפי הדף ביצה,כן,ביצה,כא:,פירוש,לא,
6113,קובץ מפרשים לפי הדף ביצה,כן,ביצה,כא:,פירוש,לא,
6114,קובץ מפרשים לפי הדף ביצה,כן,ביצה,כא:,פירוש,לא,
6116,קובץ מפרשים לפי הדף ביצה,כן,ביצה,כא:,פירוש,לא,
6117,קובץ מפרשים לפי הדף ביצה,כן,ביצה,כא:,פירוש,לא,
6118,קובץ מפרשים לפי הדף ביצה,כן,ביצה,כא:,פירוש,לא,
6119,קובץ מפרשים לפי הדף ביצה,כן,ביצה,כא:,פירוש,לא,
6120,קובץ מפרשים לפי הדף ביצה,כן,ביצה,כא:,פירוש,לא,
6121,קובץ מפרשים לפי הדף ביצה,כן,ביצה,כא:,פירוש,לא,
6122,קובץ מפרשים לפי הדף ביצה,כן,ביצה,כא:,פירוש,לא,
6123,קובץ מפרשים לפי הדף ביצה,כן,ביצה,כא:,פירוש,לא,
6124,קובץ מפרשים לפי הדף ביצה,כן,ביצה,כא:,פירוש,לא,
6125,קובץ מפרשים לפי הדף ביצה,כן,ביצה,כא:,פירוש,לא,
6126,קובץ מפרשים לפי הדף ביצה,כן,ביצה,כא:,פירוש,לא,
6127,קובץ מפרשים לפי הדף ביצה,כן,ביצה,כא:,פירוש,לא,
6128,קובץ מפרשים לפי הדף ביצה,כן,ביצה,כא:,פירוש,לא,
6129,קובץ מפרשים לפי הדף ביצה,כן,ביצה,כא:,פירוש,לא,
6130,קובץ מפרשים לפי הדף ביצה,כן,ביצה,כא:,פירוש,לא,
6131,קובץ מפרשים לפי הדף ביצה,כן,ביצה,כא:,פירוש,לא,
6132,קובץ מפרשים לפי הדף ביצה,כן,ביצה,כא:,פירוש,לא,
6133,קובץ מפרשים לפי הדף ביצה,כן,ביצה,כא:,פירוש,לא,
6134,קובץ מפרשים לפי הדף ביצה,כן,ביצה,כא:,פירוש,לא,
6135,קובץ מפרשים לפי הדף ביצה,כן,ביצה,כא:,פירוש,לא,
6136,קובץ מפרשים לפי הדף ביצה,כן,ביצה,כא:,פירוש,לא,
6137,קובץ מפרשים לפי הדף ביצה,כן,ביצה,כא:,פירוש,לא,
6139,קובץ מפרשים לפי הדף ביצה,כן,ביצה,כא:,פירוש,לא,
6140,קובץ מפרשים לפי הדף ביצה,כן,ביצה,כא:,פירוש,לא,
6142,קובץ מפרשים לפי הדף ביצה,כן,ביצה,כא:,פירוש,לא,
6144,קובץ מפרשים לפי הדף ביצה,כן,ביצה,כא:,פירוש,לא,
6145,קובץ מפרשים לפי הדף ביצה,כן,ביצה,כא:,פירוש,לא,
6146,קובץ מפרשים לפי הדף ביצה,כן,ביצה,כא:,פירוש,לא,
6148,קובץ מפרשים לפי הדף ביצה,כן,ביצה,כא:,פירוש,לא,
6149,קובץ מפרשים לפי הדף ביצה,כן,ביצה,כא:,פירוש,לא,
6151,קובץ מפרשים לפי הדף ביצה,כן,ביצה,כא:,פירוש,לא,
6152,קובץ מפרשים לפי הדף ביצה,כן,ביצה,כא:,פירוש,לא,
6154,קובץ מפרשים לפי הדף ביצה,כן,ביצה,כא:,פירוש,לא,
6155,קובץ מפרשים לפי הדף ביצה,כן,ביצה,כא:,פירוש,לא,
6156,קובץ מפרשים לפי הדף ביצה,כן,ביצה,כא:,פירוש,לא,
6157,קובץ מפרשים לפי הדף ביצה,כן,ביצה,כא:,פירוש,לא,
6159,קובץ מפרשים לפי הדף ביצה,כן,ביצה,כא:,פירוש,לא,
6160,קובץ מפרשים לפי הדף ביצה,כן,ביצה,כא:,פירוש,לא,
6161,קובץ מפרשים לפי הדף ביצה,כן,ביצה,כא:,פירוש,לא,
6162,קובץ מפרשים לפי הדף ביצה,כן,ביצה,כא:,פירוש,לא,
6163,קובץ מפרשים לפי הדף ביצה,כן,ביצה,כא:,פירוש,לא,
6164,קובץ מפרשים לפי הדף ביצה,כן,ביצה,כא:,פירוש,לא,
6165,קובץ מפרשים לפי הדף ביצה,כן,ביצה,כא:,פירוש,לא,
6167,קובץ מפרשים לפי הדף ביצה,כן,ביצה,כא:,פירוש,לא,
6168,קובץ מפרשים לפי הדף ביצה,כן,ביצה,כא:,פירוש,לא,
6169,קובץ מפרשים לפי הדף ביצה,כן,ביצה,כא:,פירוש,לא,
6171,קובץ מפרשים לפי הדף ביצה,כן,ביצה,כא:,פירוש,לא,
6172,קובץ מפרשים לפי הדף ביצה,כן,ביצה,כא:,פירוש,לא,
6173,קובץ מפרשים לפי הדף ביצה,כן,ביצה,כא:,פירוש,לא,
6174,קובץ מפרשים לפי הדף ביצה,כן,ביצה,כא:,פירוש,לא,
6176,קובץ מפרשים לפי הדף ביצה,כן,ביצה,כא:,פירוש,לא,
6177,קובץ מפרשים לפי הדף ביצה,כן,ביצה,כא:,פירוש,לא,
6178,קובץ מפרשים לפי הדף ביצה,כן,ביצה,כא:,פירוש,לא,
6180,קובץ מפרשים לפי הדף ביצה,כן,ביצה,כא:,פירוש,לא,
6181,קובץ מפרשים לפי הדף ביצה,כן,ביצה,כא:,פירוש,לא,
6182,קובץ מפרשים לפי הדף ביצה,כן,ביצה,כא:,פירוש,לא,
6183,קובץ מפרשים לפי הדף ביצה,כן,ביצה,כא:,פירוש,לא,
6184,קובץ מפרשים לפי הדף ביצה,כן,ביצה,כא:,פירוש,לא,
6185,קובץ מפרשים לפי הדף ביצה,כן,ביצה,כא:,פירוש,לא,
6186,קובץ מפרשים לפי הדף ביצה,כן,ביצה,כא:,פירוש,לא,
6187,קובץ מפרשים לפי הדף ביצה,כן,ביצה,כא:,פירוש,לא,
6188,קובץ מפרשים לפי הדף ביצה,כן,ביצה,כא:,פירוש,לא,
6190,קובץ מפרשים לפי הדף ביצה,כן,ביצה,כא:,פירוש,לא,
6191,קובץ מפרשים לפי הדף ביצה,כן,ביצה,כא:,פירוש,לא,
6192,קובץ מפרשים לפי הדף ביצה,כן,ביצה,כא:,פירוש,לא,
6193,קובץ מפרשים לפי הדף ביצה,כן,ביצה,כא:,פירוש,לא,
6194,קובץ מפרשים לפי הדף ביצה,כן,ביצה,כא:,פירוש,לא,
6195,קובץ מפרשים לפי הדף ביצה,כן,ביצה,כא:,פירוש,לא,
6196,קובץ מפרשים לפי הדף ביצה,כן,ביצה,כא:,פירוש,לא,
6197,קובץ מפרשים לפי הדף ביצה,כן,ביצה,כא:,פירוש,לא,
6198,קובץ מפרשים לפי הדף ביצה,כן,ביצה,כא:,פירוש,לא,
6199,קובץ מפרשים לפי הדף ביצה,כן,ביצה,כא:,פירוש,לא,
6200,קובץ מפרשים לפי הדף ביצה,כן,ביצה,כא:,פירוש,לא,
6201,קובץ מפרשים לפי הדף ביצה,כן,ביצה,כא:,פירוש,לא,
6203,קובץ מפרשים לפי הדף ביצה,כן,ביצה,כא:,פירוש,לא,
6204,קובץ מפרשים לפי הדף ביצה,כן,ביצה,כא:,פירוש,לא,
6205,קובץ מפרשים לפי הדף ביצה,כן,ביצה,כא:,פירוש,לא,
6206,קובץ מפרשים לפי הדף ביצה,כן,ביצה,כא:,פירוש,לא,
6207,קובץ מפרשים לפי הדף ביצה,כן,ביצה,כא:,פירוש,לא,
6209,קובץ מפרשים לפי הדף ביצה,כן,ביצה,כא:,פירוש,לא,
6210,קובץ מפרשים לפי הדף ביצה,כן,ביצה,כא:,פירוש,לא,
6212,קובץ מפרשים לפי הדף ביצה,כן,ביצה,כא:,פירוש,לא,
6214,קובץ מפרשים לפי הדף ביצה,כן,ביצה,כא:,פירוש,לא,
6215,קובץ מפרשים לפי הדף ביצה,כן,ביצה,כא:,פירוש,לא,
6216,קובץ מפרשים לפי הדף ביצה,כן,ביצה,כא:,פירוש,לא,
6217,קובץ מפרשים לפי הדף ביצה,כן,ביצה,כא:,פירוש,לא,
6219,קובץ מפרשים לפי הדף ביצה,כן,ביצה,כא:,פירוש,לא,
6220,קובץ מפרשים לפי הדף ביצה,כן,ביצה,כא:,פירוש,לא,
6221,קובץ מפרשים לפי הדף ביצה,כן,ביצה,כא:,פירוש,לא,
6222,קובץ מפרשים לפי הדף ביצה,כן,ביצה,כא:,פירוש,לא,
6223,קובץ מפרשים לפי הדף ביצה,כן,ביצה,כא:,פירוש,לא,
6224,קובץ מפרשים לפי הדף ביצה,כן,ביצה,כא:,פירוש,לא,
6225,קובץ מפרשים לפי הדף ביצה,כן,ביצה,כא:,פירוש,לא,
6227,קובץ מפרשים לפי הדף ביצה,כן,ביצה,כא:,פירוש,לא,
6228,קובץ מפרשים לפי הדף ביצה,כן,ביצה,כא:,פירוש,לא,
6231,קובץ מפרשים לפי הדף ביצה,כן,ביצה,כב.,פירוש,לא,
6232,קובץ מפרשים לפי הדף ביצה,כן,ביצה,כב.,פירוש,לא,
6233,קובץ מפרשים לפי הדף ביצה,כן,ביצה,כב.,פירוש,לא,
6234,קובץ מפרשים לפי הדף ביצה,כן,ביצה,כב.,פירוש,לא,
6235,קובץ מפרשים לפי הדף ביצה,כן,ביצה,כב.,פירוש,לא,
6236,קובץ מפרשים לפי הדף ביצה,כן,ביצה,כב.,פירוש,לא,
6238,קובץ מפרשים לפי הדף ביצה,כן,ביצה,כב.,פירוש,לא,
6239,קובץ מפרשים לפי הדף ביצה,כן,ביצה,כב.,פירוש,לא,
6240,קובץ מפרשים לפי הדף ביצה,כן,ביצה,כב.,פירוש,לא,
6241,קובץ מפרשים לפי הדף ביצה,כן,ביצה,כב.,פירוש,לא,
6242,קובץ מפרשים לפי הדף ביצה,כן,ביצה,כב.,פירוש,לא,
6243,קובץ מפרשים לפי הדף ביצה,כן,ביצה,כב.,פירוש,לא,
6244,קובץ מפרשים לפי הדף ביצה,כן,ביצה,כב.,פירוש,לא,
6245,קובץ מפרשים לפי הדף ביצה,כן,ביצה,כב.,פירוש,לא,
6246,קובץ מפרשים לפי הדף ביצה,כן,ביצה,כב.,פירוש,לא,
6247,קובץ מפרשים לפי הדף ביצה,כן,ביצה,כב.,פירוש,לא,
6248,קובץ מפרשים לפי הדף ביצה,כן,ביצה,כב.,פירוש,לא,
6249,קובץ מפרשים לפי הדף ביצה,כן,ביצה,כב.,פירוש,לא,
6250,קובץ מפרשים לפי הדף ביצה,כן,ביצה,כב.,פירוש,לא,
6251,קובץ מפרשים לפי הדף ביצה,כן,ביצה,כב.,פירוש,לא,
6252,קובץ מפרשים לפי הדף ביצה,כן,ביצה,כב.,פירוש,לא,
6253,קובץ מפרשים לפי הדף ביצה,כן,ביצה,כב.,פירוש,לא,
6254,קובץ מפרשים לפי הדף ביצה,כן,ביצה,כב.,פירוש,לא,
6255,קובץ מפרשים לפי הדף ביצה,כן,ביצה,כב.,פירוש,לא,
6256,קובץ מפרשים לפי הדף ביצה,כן,ביצה,כב.,פירוש,לא,
6257,קובץ מפרשים לפי הדף ביצה,כן,ביצה,כב.,פירוש,לא,
6258,קובץ מפרשים לפי הדף ביצה,כן,ביצה,כב.,פירוש,לא,
6259,קובץ מפרשים לפי הדף ביצה,כן,ביצה,כב.,פירוש,לא,
6260,קובץ מפרשים לפי הדף ביצה,כן,ביצה,כב.,פירוש,לא,
6262,קובץ מפרשים לפי הדף ביצה,כן,ביצה,כב.,פירוש,לא,
6263,קובץ מפרשים לפי הדף ביצה,כן,ביצה,כב.,פירוש,לא,
6264,קובץ מפרשים לפי הדף ביצה,כן,ביצה,כב.,פירוש,לא,
6266,קובץ מפרשים לפי הדף ביצה,כן,ביצה,כב.,פירוש,לא,
6267,קובץ מפרשים לפי הדף ביצה,כן,ביצה,כב.,פירוש,לא,
6268,קובץ מפרשים לפי הדף ביצה,כן,ביצה,כב.,פירוש,לא,
6269,קובץ מפרשים לפי הדף ביצה,כן,ביצה,כב.,פירוש,לא,
6270,קובץ מפרשים לפי הדף ביצה,כן,ביצה,כב.,פירוש,לא,
6271,קובץ מפרשים לפי הדף ביצה,כן,ביצה,כב.,פירוש,לא,
6272,קובץ מפרשים לפי הדף ביצה,כן,ביצה,כב.,פירוש,לא,
6273,קובץ מפרשים לפי הדף ביצה,כן,ביצה,כב.,פירוש,לא,
6274,קובץ מפרשים לפי הדף ביצה,כן,ביצה,כב.,פירוש,לא,
6276,קובץ מפרשים לפי הדף ביצה,כן,ביצה,כב.,פירוש,לא,
6277,קובץ מפרשים לפי הדף ביצה,כן,ביצה,כב.,פירוש,לא,
6278,קובץ מפרשים לפי הדף ביצה,כן,ביצה,כב.,פירוש,לא,
6279,קובץ מפרשים לפי הדף ביצה,כן,ביצה,כב.,פירוש,לא,
6280,קובץ מפרשים לפי הדף ביצה,כן,ביצה,כב.,פירוש,לא,
6281,קובץ מפרשים לפי הדף ביצה,כן,ביצה,כב.,פירוש,לא,
6283,קובץ מפרשים לפי הדף ביצה,כן,ביצה,כב.,פירוש,לא,
6284,קובץ מפרשים לפי הדף ביצה,כן,ביצה,כב.,פירוש,לא,
6285,קובץ מפרשים לפי הדף ביצה,כן,ביצה,כב.,פירוש,לא,
6286,קובץ מפרשים לפי הדף ביצה,כן,ביצה,כב.,פירוש,לא,
6288,קובץ מפרשים לפי הדף ביצה,כן,ביצה,כב.,פירוש,לא,
6290,קובץ מפרשים לפי הדף ביצה,כן,ביצה,כב.,פירוש,לא,
6291,קובץ מפרשים לפי הדף ביצה,כן,ביצה,כב.,פירוש,לא,
6293,קובץ מפרשים לפי הדף ביצה,כן,ביצה,כב.,פירוש,לא,
6294,קובץ מפרשים לפי הדף ביצה,כן,ביצה,כב.,פירוש,לא,
6296,קובץ מפרשים לפי הדף ביצה,כן,ביצה,כב.,פירוש,לא,
6297,קובץ מפרשים לפי הדף ביצה,כן,ביצה,כב.,פירוש,לא,
6298,קובץ מפרשים לפי הדף ביצה,כן,ביצה,כב.,פירוש,לא,
6299,קובץ מפרשים לפי הדף ביצה,כן,ביצה,כב.,פירוש,לא,
6300,קובץ מפרשים לפי הדף ביצה,כן,ביצה,כב.,פירוש,לא,
6301,קובץ מפרשים לפי הדף ביצה,כן,ביצה,כב.,פירוש,לא,
6302,קובץ מפרשים לפי הדף ביצה,כן,ביצה,כב.,פירוש,לא,
6304,קובץ מפרשים לפי הדף ביצה,כן,ביצה,כב.,פירוש,לא,
6305,קובץ מפרשים לפי הדף ביצה,כן,ביצה,כב.,פירוש,לא,
6306,קובץ מפרשים לפי הדף ביצה,כן,ביצה,כב.,פירוש,לא,
6307,קובץ מפרשים לפי הדף ביצה,כן,ביצה,כב.,פירוש,לא,
6308,קובץ מפרשים לפי הדף ביצה,כן,ביצה,כב.,פירוש,לא,
6309,קובץ מפרשים לפי הדף ביצה,כן,ביצה,כב.,פירוש,לא,
6311,קובץ מפרשים לפי הדף ביצה,כן,ביצה,כב.,פירוש,לא,
6313,קובץ מפרשים לפי הדף ביצה,כן,ביצה,כב.,פירוש,לא,
6314,קובץ מפרשים לפי הדף ביצה,כן,ביצה,כב.,פירוש,לא,
6315,קובץ מפרשים לפי הדף ביצה,כן,ביצה,כב.,פירוש,לא,
6316,קובץ מפרשים לפי הדף ביצה,כן,ביצה,כב.,פירוש,לא,
6317,קובץ מפרשים לפי הדף ביצה,כן,ביצה,כב.,פירוש,לא,
6318,קובץ מפרשים לפי הדף ביצה,כן,ביצה,כב.,פירוש,לא,
6319,קובץ מפרשים לפי הדף ביצה,כן,ביצה,כב.,פירוש,לא,
6320,קובץ מפרשים לפי הדף ביצה,כן,ביצה,כב.,פירוש,לא,
6321,קובץ מפרשים לפי הדף ביצה,כן,ביצה,כב.,פירוש,לא,
6322,קובץ מפרשים לפי הדף ביצה,כן,ביצה,כב.,פירוש,לא,
6323,קובץ מפרשים לפי הדף ביצה,כן,ביצה,כב.,פירוש,לא,
6325,קובץ מפרשים לפי הדף ביצה,כן,ביצה,כב.,פירוש,לא,
6326,קובץ מפרשים לפי הדף ביצה,כן,ביצה,כב.,פירוש,לא,
6327,קובץ מפרשים לפי הדף ביצה,כן,ביצה,כב.,פירוש,לא,
6328,קובץ מפרשים לפי הדף ביצה,כן,ביצה,כב.,פירוש,לא,
6329,קובץ מפרשים לפי הדף ביצה,כן,ביצה,כב.,פירוש,לא,
6330,קובץ מפרשים לפי הדף ביצה,כן,ביצה,כב.,פירוש,לא,
6332,קובץ מפרשים לפי הדף ביצה,כן,ביצה,כב.,פירוש,לא,
6333,קובץ מפרשים לפי הדף ביצה,כן,ביצה,כב.,פירוש,לא,
6334,קובץ מפרשים לפי הדף ביצה,כן,ביצה,כב.,פירוש,לא,
6335,קובץ מפרשים לפי הדף ביצה,כן,ביצה,כב.,פירוש,לא,
6336,קובץ מפרשים לפי הדף ביצה,כן,ביצה,כב.,פירוש,לא,
6337,קובץ מפרשים לפי הדף ביצה,כן,ביצה,כב.,פירוש,לא,
6338,קובץ מפרשים לפי הדף ביצה,כן,ביצה,כב.,פירוש,לא,
6340,קובץ מפרשים לפי הדף ביצה,כן,ביצה,כב.,פירוש,לא,
6342,קובץ מפרשים לפי הדף ביצה,כן,ביצה,כב.,פירוש,לא,
6344,קובץ מפרשים לפי הדף ביצה,כן,ביצה,כב.,פירוש,לא,
6345,קובץ מפרשים לפי הדף ביצה,כן,ביצה,כב.,פירוש,לא,
6347,קובץ מפרשים לפי הדף ביצה,כן,ביצה,כב.,פירוש,לא,
6348,קובץ מפרשים לפי הדף ביצה,כן,ביצה,כב.,פירוש,לא,
6349,קובץ מפרשים לפי הדף ביצה,כן,ביצה,כב.,פירוש,לא,
6350,קובץ מפרשים לפי הדף ביצה,כן,ביצה,כב.,פירוש,לא,
6352,קובץ מפרשים לפי הדף ביצה,כן,ביצה,כב.,פירוש,לא,
6353,קובץ מפרשים לפי הדף ביצה,כן,ביצה,כב.,פירוש,לא,
6354,קובץ מפרשים לפי הדף ביצה,כן,ביצה,כב.,פירוש,לא,
6355,קובץ מפרשים לפי הדף ביצה,כן,ביצה,כב.,פירוש,לא,
6356,קובץ מפרשים לפי הדף ביצה,כן,ביצה,כב.,פירוש,לא,
6357,קובץ מפרשים לפי הדף ביצה,כן,ביצה,כב.,פירוש,לא,
6358,קובץ מפרשים לפי הדף ביצה,כן,ביצה,כב.,פירוש,לא,
6359,קובץ מפרשים לפי הדף ביצה,כן,ביצה,כב.,פירוש,לא,
6360,קובץ מפרשים לפי הדף ביצה,כן,ביצה,כב.,פירוש,לא,
6362,קובץ מפרשים לפי הדף ביצה,כן,ביצה,כב.,פירוש,לא,
6363,קובץ מפרשים לפי הדף ביצה,כן,ביצה,כב.,פירוש,לא,
6364,קובץ מפרשים לפי הדף ביצה,כן,ביצה,כב.,פירוש,לא,
6365,קובץ מפרשים לפי הדף ביצה,כן,ביצה,כב.,פירוש,לא,
6366,קובץ מפרשים לפי הדף ביצה,כן,ביצה,כב.,פירוש,לא,
6367,קובץ מפרשים לפי הדף ביצה,כן,ביצה,כב.,פירוש,לא,
6370,קובץ מפרשים לפי הדף ביצה,כן,ביצה,כב:,פירוש,לא,
6371,קובץ מפרשים לפי הדף ביצה,כן,ביצה,כב:,פירוש,לא,
6372,קובץ מפרשים לפי הדף ביצה,כן,ביצה,כב:,פירוש,לא,
6373,קובץ מפרשים לפי הדף ביצה,כן,ביצה,כב:,פירוש,לא,
6374,קובץ מפרשים לפי הדף ביצה,כן,ביצה,כב:,פירוש,לא,
6375,קובץ מפרשים לפי הדף ביצה,כן,ביצה,כב:,פירוש,לא,
6376,קובץ מפרשים לפי הדף ביצה,כן,ביצה,כב:,פירוש,לא,
6378,קובץ מפרשים לפי הדף ביצה,כן,ביצה,כב:,פירוש,לא,
6379,קובץ מפרשים לפי הדף ביצה,כן,ביצה,כב:,פירוש,לא,
6380,קובץ מפרשים לפי הדף ביצה,כן,ביצה,כב:,פירוש,לא,
6381,קובץ מפרשים לפי הדף ביצה,כן,ביצה,כב:,פירוש,לא,
6382,קובץ מפרשים לפי הדף ביצה,כן,ביצה,כב:,פירוש,לא,
6383,קובץ מפרשים לפי הדף ביצה,כן,ביצה,כב:,פירוש,לא,
6384,קובץ מפרשים לפי הדף ביצה,כן,ביצה,כב:,פירוש,לא,
6385,קובץ מפרשים לפי הדף ביצה,כן,ביצה,כב:,פירוש,לא,
6386,קובץ מפרשים לפי הדף ביצה,כן,ביצה,כב:,פירוש,לא,
6387,קובץ מפרשים לפי הדף ביצה,כן,ביצה,כב:,פירוש,לא,
6389,קובץ מפרשים לפי הדף ביצה,כן,ביצה,כב:,פירוש,לא,
6390,קובץ מפרשים לפי הדף ביצה,כן,ביצה,כב:,פירוש,לא,
6391,קובץ מפרשים לפי הדף ביצה,כן,ביצה,כב:,פירוש,לא,
6393,קובץ מפרשים לפי הדף ביצה,כן,ביצה,כב:,פירוש,לא,
6394,קובץ מפרשים לפי הדף ביצה,כן,ביצה,כב:,פירוש,לא,
6395,קובץ מפרשים לפי הדף ביצה,כן,ביצה,כב:,פירוש,לא,
6396,קובץ מפרשים לפי הדף ביצה,כן,ביצה,כב:,פירוש,לא,
6397,קובץ מפרשים לפי הדף ביצה,כן,ביצה,כב:,פירוש,לא,
6398,קובץ מפרשים לפי הדף ביצה,כן,ביצה,כב:,פירוש,לא,
6399,קובץ מפרשים לפי הדף ביצה,כן,ביצה,כב:,פירוש,לא,
6400,קובץ מפרשים לפי הדף ביצה,כן,ביצה,כב:,פירוש,לא,
6401,קובץ מפרשים לפי הדף ביצה,כן,ביצה,כב:,פירוש,לא,
6402,קובץ מפרשים לפי הדף ביצה,כן,ביצה,כב:,פירוש,לא,
6403,קובץ מפרשים לפי הדף ביצה,כן,ביצה,כב:,פירוש,לא,
6405,קובץ מפרשים לפי הדף ביצה,כן,ביצה,כב:,פירוש,לא,
6406,קובץ מפרשים לפי הדף ביצה,כן,ביצה,כב:,פירוש,לא,
6407,קובץ מפרשים לפי הדף ביצה,כן,ביצה,כב:,פירוש,לא,
6408,קובץ מפרשים לפי הדף ביצה,כן,ביצה,כב:,פירוש,לא,
6410,קובץ מפרשים לפי הדף ביצה,כן,ביצה,כב:,פירוש,לא,
6412,קובץ מפרשים לפי הדף ביצה,כן,ביצה,כב:,פירוש,לא,
6414,קובץ מפרשים לפי הדף ביצה,כן,ביצה,כב:,פירוש,לא,
6416,קובץ מפרשים לפי הדף ביצה,כן,ביצה,כב:,פירוש,לא,
6417,קובץ מפרשים לפי הדף ביצה,כן,ביצה,כב:,פירוש,לא,
6419,קובץ מפרשים לפי הדף ביצה,כן,ביצה,כב:,פירוש,לא,
6420,קובץ מפרשים לפי הדף ביצה,כן,ביצה,כב:,פירוש,לא,
6421,קובץ מפרשים לפי הדף ביצה,כן,ביצה,כב:,פירוש,לא,
6422,קובץ מפרשים לפי הדף ביצה,כן,ביצה,כב:,פירוש,לא,
6424,קובץ מפרשים לפי הדף ביצה,כן,ביצה,כב:,פירוש,לא,
6425,קובץ מפרשים לפי הדף ביצה,כן,ביצה,כב:,פירוש,לא,
6426,קובץ מפרשים לפי הדף ביצה,כן,ביצה,כב:,פירוש,לא,
6428,קובץ מפרשים לפי הדף ביצה,כן,ביצה,כב:,פירוש,לא,
6430,קובץ מפרשים לפי הדף ביצה,כן,ביצה,כב:,פירוש,לא,
6431,קובץ מפרשים לפי הדף ביצה,כן,ביצה,כב:,פירוש,לא,
6432,קובץ מפרשים לפי הדף ביצה,כן,ביצה,כב:,פירוש,לא,
6433,קובץ מפרשים לפי הדף ביצה,כן,ביצה,כב:,פירוש,לא,
6435,קובץ מפרשים לפי הדף ביצה,כן,ביצה,כב:,פירוש,לא,
6437,קובץ מפרשים לפי הדף ביצה,כן,ביצה,כב:,פירוש,לא,
6438,קובץ מפרשים לפי הדף ביצה,כן,ביצה,כב:,פירוש,לא,
6440,קובץ מפרשים לפי הדף ביצה,כן,ביצה,כב:,פירוש,לא,
6441,קובץ מפרשים לפי הדף ביצה,כן,ביצה,כב:,פירוש,לא,
6442,קובץ מפרשים לפי הדף ביצה,כן,ביצה,כב:,פירוש,לא,
6443,קובץ מפרשים לפי הדף ביצה,כן,ביצה,כב:,פירוש,לא,
6444,קובץ מפרשים לפי הדף ביצה,כן,ביצה,כב:,פירוש,לא,
6446,קובץ מפרשים לפי הדף ביצה,כן,ביצה,כב:,פירוש,לא,
6448,קובץ מפרשים לפי הדף ביצה,כן,ביצה,כב:,פירוש,לא,
6449,קובץ מפרשים לפי הדף ביצה,כן,ביצה,כב:,פירוש,לא,
6451,קובץ מפרשים לפי הדף ביצה,כן,ביצה,כב:,פירוש,לא,
6452,קובץ מפרשים לפי הדף ביצה,כן,ביצה,כב:,פירוש,לא,
6455,קובץ מפרשים לפי הדף ביצה,כן,ביצה,כג.,פירוש,לא,
6456,קובץ מפרשים לפי הדף ביצה,כן,ביצה,כג.,פירוש,לא,
6458,קובץ מפרשים לפי הדף ביצה,כן,ביצה,כג.,פירוש,לא,
6459,קובץ מפרשים לפי הדף ביצה,כן,ביצה,כג.,פירוש,לא,
6460,קובץ מפרשים לפי הדף ביצה,כן,ביצה,כג.,פירוש,לא,
6461,קובץ מפרשים לפי הדף ביצה,כן,ביצה,כג.,פירוש,לא,
6462,קובץ מפרשים לפי הדף ביצה,כן,ביצה,כג.,פירוש,לא,
6463,קובץ מפרשים לפי הדף ביצה,כן,ביצה,כג.,פירוש,לא,
6464,קובץ מפרשים לפי הדף ביצה,כן,ביצה,כג.,פירוש,לא,
6465,קובץ מפרשים לפי הדף ביצה,כן,ביצה,כג.,פירוש,לא,
6466,קובץ מפרשים לפי הדף ביצה,כן,ביצה,כג.,פירוש,לא,
6467,קובץ מפרשים לפי הדף ביצה,כן,ביצה,כג.,פירוש,לא,
6469,קובץ מפרשים לפי הדף ביצה,כן,ביצה,כג.,פירוש,לא,
6470,קובץ מפרשים לפי הדף ביצה,כן,ביצה,כג.,פירוש,לא,
6471,קובץ מפרשים לפי הדף ביצה,כן,ביצה,כג.,פירוש,לא,
6472,קובץ מפרשים לפי הדף ביצה,כן,ביצה,כג.,פירוש,לא,
6473,קובץ מפרשים לפי הדף ביצה,כן,ביצה,כג.,פירוש,לא,
6475,קובץ מפרשים לפי הדף ביצה,כן,ביצה,כג.,פירוש,לא,
6476,קובץ מפרשים לפי הדף ביצה,כן,ביצה,כג.,פירוש,לא,
6477,קובץ מפרשים לפי הדף ביצה,כן,ביצה,כג.,פירוש,לא,
6478,קובץ מפרשים לפי הדף ביצה,כן,ביצה,כג.,פירוש,לא,
6479,קובץ מפרשים לפי הדף ביצה,כן,ביצה,כג.,פירוש,לא,
6480,קובץ מפרשים לפי הדף ביצה,כן,ביצה,כג.,פירוש,לא,
6481,קובץ מפרשים לפי הדף ביצה,כן,ביצה,כג.,פירוש,לא,
6482,קובץ מפרשים לפי הדף ביצה,כן,ביצה,כג.,פירוש,לא,
6483,קובץ מפרשים לפי הדף ביצה,כן,ביצה,כג.,פירוש,לא,
6485,קובץ מפרשים לפי הדף ביצה,כן,ביצה,כג.,פירוש,לא,
6486,קובץ מפרשים לפי הדף ביצה,כן,ביצה,כג.,פירוש,לא,
6487,קובץ מפרשים לפי הדף ביצה,כן,ביצה,כג.,פירוש,לא,
6488,קובץ מפרשים לפי הדף ביצה,כן,ביצה,כג.,פירוש,לא,
6489,קובץ מפרשים לפי הדף ביצה,כן,ביצה,כג.,פירוש,לא,
6491,קובץ מפרשים לפי הדף ביצה,כן,ביצה,כג.,פירוש,לא,
6492,קובץ מפרשים לפי הדף ביצה,כן,ביצה,כג.,פירוש,לא,
6494,קובץ מפרשים לפי הדף ביצה,כן,ביצה,כג.,פירוש,לא,
6495,קובץ מפרשים לפי הדף ביצה,כן,ביצה,כג.,פירוש,לא,
6496,קובץ מפרשים לפי הדף ביצה,כן,ביצה,כג.,פירוש,לא,
6497,קובץ מפרשים לפי הדף ביצה,כן,ביצה,כג.,פירוש,לא,
6499,קובץ מפרשים לפי הדף ביצה,כן,ביצה,כג.,פירוש,לא,
6501,קובץ מפרשים לפי הדף ביצה,כן,ביצה,כג.,פירוש,לא,
6502,קובץ מפרשים לפי הדף ביצה,כן,ביצה,כג.,פירוש,לא,
6504,קובץ מפרשים לפי הדף ביצה,כן,ביצה,כג.,פירוש,לא,
6505,קובץ מפרשים לפי הדף ביצה,כן,ביצה,כג.,פירוש,לא,
6506,קובץ מפרשים לפי הדף ביצה,כן,ביצה,כג.,פירוש,לא,
6508,קובץ מפרשים לפי הדף ביצה,כן,ביצה,כג.,פירוש,לא,
6509,קובץ מפרשים לפי הדף ביצה,כן,ביצה,כג.,פירוש,לא,
6510,קובץ מפרשים לפי הדף ביצה,כן,ביצה,כג.,פירוש,לא,
6511,קובץ מפרשים לפי הדף ביצה,כן,ביצה,כג.,פירוש,לא,
6512,קובץ מפרשים לפי הדף ביצה,כן,ביצה,כג.,פירוש,לא,
6514,קובץ מפרשים לפי הדף ביצה,כן,ביצה,כג.,פירוש,לא,
6516,קובץ מפרשים לפי הדף ביצה,כן,ביצה,כג.,פירוש,לא,
6517,קובץ מפרשים לפי הדף ביצה,כן,ביצה,כג.,פירוש,לא,
6519,קובץ מפרשים לפי הדף ביצה,כן,ביצה,כג.,פירוש,לא,
6520,קובץ מפרשים לפי הדף ביצה,כן,ביצה,כג.,פירוש,לא,
6521,קובץ מפרשים לפי הדף ביצה,כן,ביצה,כג.,פירוש,לא,
6522,קובץ מפרשים לפי הדף ביצה,כן,ביצה,כג.,פירוש,לא,
6523,קובץ מפרשים לפי הדף ביצה,כן,ביצה,כג.,פירוש,לא,
6524,קובץ מפרשים לפי הדף ביצה,כן,ביצה,כג.,פירוש,לא,
6525,קובץ מפרשים לפי הדף ביצה,כן,ביצה,כג.,פירוש,לא,
6526,קובץ מפרשים לפי הדף ביצה,כן,ביצה,כג.,פירוש,לא,
6528,קובץ מפרשים לפי הדף ביצה,כן,ביצה,כג.,פירוש,לא,
6529,קובץ מפרשים לפי הדף ביצה,כן,ביצה,כג.,פירוש,לא,
6530,קובץ מפרשים לפי הדף ביצה,כן,ביצה,כג.,פירוש,לא,
6532,קובץ מפרשים לפי הדף ביצה,כן,ביצה,כג.,פירוש,לא,
6533,קובץ מפרשים לפי הדף ביצה,כן,ביצה,כג.,פירוש,לא,
6535,קובץ מפרשים לפי הדף ביצה,כן,ביצה,כג.,פירוש,לא,
6537,קובץ מפרשים לפי הדף ביצה,כן,ביצה,כג.,פירוש,לא,
6539,קובץ מפרשים לפי הדף ביצה,כן,ביצה,כג.,פירוש,לא,
6541,קובץ מפרשים לפי הדף ביצה,כן,ביצה,כג.,פירוש,לא,
6543,קובץ מפרשים לפי הדף ביצה,כן,ביצה,כג.,פירוש,לא,
6544,קובץ מפרשים לפי הדף ביצה,כן,ביצה,כג.,פירוש,לא,
6547,קובץ מפרשים לפי הדף ביצה,כן,ביצה,כג:,פירוש,לא,
6548,קובץ מפרשים לפי הדף ביצה,כן,ביצה,כג:,פירוש,לא,
6549,קובץ מפרשים לפי הדף ביצה,כן,ביצה,כג:,פירוש,לא,
6550,קובץ מפרשים לפי הדף ביצה,כן,ביצה,כג:,פירוש,לא,
6551,קובץ מפרשים לפי הדף ביצה,כן,ביצה,כג:,פירוש,לא,
6553,קובץ מפרשים לפי הדף ביצה,כן,ביצה,כג:,פירוש,לא,
6554,קובץ מפרשים לפי הדף ביצה,כן,ביצה,כג:,פירוש,לא,
6555,קובץ מפרשים לפי הדף ביצה,כן,ביצה,כג:,פירוש,לא,
6556,קובץ מפרשים לפי הדף ביצה,כן,ביצה,כג:,פירוש,לא,
6557,קובץ מפרשים לפי הדף ביצה,כן,ביצה,כג:,פירוש,לא,
6558,קובץ מפרשים לפי הדף ביצה,כן,ביצה,כג:,פירוש,לא,
6559,קובץ מפרשים לפי הדף ביצה,כן,ביצה,כג:,פירוש,לא,
6560,קובץ מפרשים לפי הדף ביצה,כן,ביצה,כג:,פירוש,לא,
6562,קובץ מפרשים לפי הדף ביצה,כן,ביצה,כג:,פירוש,לא,
6563,קובץ מפרשים לפי הדף ביצה,כן,ביצה,כג:,פירוש,לא,
6564,קובץ מפרשים לפי הדף ביצה,כן,ביצה,כג:,פירוש,לא,
6565,קובץ מפרשים לפי הדף ביצה,כן,ביצה,כג:,פירוש,לא,
6567,קובץ מפרשים לפי הדף ביצה,כן,ביצה,כג:,פירוש,לא,
6568,קובץ מפרשים לפי הדף ביצה,כן,ביצה,כג:,פירוש,לא,
6569,קובץ מפרשים לפי הדף ביצה,כן,ביצה,כג:,פירוש,לא,
6570,קובץ מפרשים לפי הדף ביצה,כן,ביצה,כג:,פירוש,לא,
6571,קובץ מפרשים לפי הדף ביצה,כן,ביצה,כג:,פירוש,לא,
6572,קובץ מפרשים לפי הדף ביצה,כן,ביצה,כג:,פירוש,לא,
6573,קובץ מפרשים לפי הדף ביצה,כן,ביצה,כג:,פירוש,לא,
6574,קובץ מפרשים לפי הדף ביצה,כן,ביצה,כג:,פירוש,לא,
6575,קובץ מפרשים לפי הדף ביצה,כן,ביצה,כג:,פירוש,לא,
6576,קובץ מפרשים לפי הדף ביצה,כן,ביצה,כג:,פירוש,לא,
6577,קובץ מפרשים לפי הדף ביצה,כן,ביצה,כג:,פירוש,לא,
6578,קובץ מפרשים לפי הדף ביצה,כן,ביצה,כג:,פירוש,לא,
6579,קובץ מפרשים לפי הדף ביצה,כן,ביצה,כג:,פירוש,לא,
6580,קובץ מפרשים לפי הדף ביצה,כן,ביצה,כג:,פירוש,לא,
6581,קובץ מפרשים לפי הדף ביצה,כן,ביצה,כג:,פירוש,לא,
6582,קובץ מפרשים לפי הדף ביצה,כן,ביצה,כג:,פירוש,לא,
6584,קובץ מפרשים לפי הדף ביצה,כן,ביצה,כג:,פירוש,לא,
6585,קובץ מפרשים לפי הדף ביצה,כן,ביצה,כג:,פירוש,לא,
6586,קובץ מפרשים לפי הדף ביצה,כן,ביצה,כג:,פירוש,לא,
6588,קובץ מפרשים לפי הדף ביצה,כן,ביצה,כג:,פירוש,לא,
6589,קובץ מפרשים לפי הדף ביצה,כן,ביצה,כג:,פירוש,לא,
6590,קובץ מפרשים לפי הדף ביצה,כן,ביצה,כג:,פירוש,לא,
6592,קובץ מפרשים לפי הדף ביצה,כן,ביצה,כג:,פירוש,לא,
6594,קובץ מפרשים לפי הדף ביצה,כן,ביצה,כג:,פירוש,לא,
6596,קובץ מפרשים לפי הדף ביצה,כן,ביצה,כג:,פירוש,לא,
6597,קובץ מפרשים לפי הדף ביצה,כן,ביצה,כג:,פירוש,לא,
6598,קובץ מפרשים לפי הדף ביצה,כן,ביצה,כג:,פירוש,לא,
6600,קובץ מפרשים לפי הדף ביצה,כן,ביצה,כג:,פירוש,לא,
6601,קובץ מפרשים לפי הדף ביצה,כן,ביצה,כג:,פירוש,לא,
6602,קובץ מפרשים לפי הדף ביצה,כן,ביצה,כג:,פירוש,לא,
6603,קובץ מפרשים לפי הדף ביצה,כן,ביצה,כג:,פירוש,לא,
6605,קובץ מפרשים לפי הדף ביצה,כן,ביצה,כג:,פירוש,לא,
6606,קובץ מפרשים לפי הדף ביצה,כן,ביצה,כג:,פירוש,לא,
6607,קובץ מפרשים לפי הדף ביצה,כן,ביצה,כג:,פירוש,לא,
6608,קובץ מפרשים לפי הדף ביצה,כן,ביצה,כג:,פירוש,לא,
6610,קובץ מפרשים לפי הדף ביצה,כן,ביצה,כג:,פירוש,לא,
6611,קובץ מפרשים לפי הדף ביצה,כן,ביצה,כג:,פירוש,לא,
6612,קובץ מפרשים לפי הדף ביצה,כן,ביצה,כג:,פירוש,לא,
6614,קובץ מפרשים לפי הדף ביצה,כן,ביצה,כג:,פירוש,לא,
6615,קובץ מפרשים לפי הדף ביצה,כן,ביצה,כג:,פירוש,לא,
6616,קובץ מפרשים לפי הדף ביצה,כן,ביצה,כג:,פירוש,לא,
6617,קובץ מפרשים לפי הדף ביצה,כן,ביצה,כג:,פירוש,לא,
6618,קובץ מפרשים לפי הדף ביצה,כן,ביצה,כג:,פירוש,לא,
6619,קובץ מפרשים לפי הדף ביצה,כן,ביצה,כג:,פירוש,לא,
6620,קובץ מפרשים לפי הדף ביצה,כן,ביצה,כג:,פירוש,לא,
6622,קובץ מפרשים לפי הדף ביצה,כן,ביצה,כג:,פירוש,לא,
6623,קובץ מפרשים לפי הדף ביצה,כן,ביצה,כג:,פירוש,לא,
6624,קובץ מפרשים לפי הדף ביצה,כן,ביצה,כג:,פירוש,לא,
6626,קובץ מפרשים לפי הדף ביצה,כן,ביצה,כג:,פירוש,לא,
6627,קובץ מפרשים לפי הדף ביצה,כן,ביצה,כג:,פירוש,לא,
6628,קובץ מפרשים לפי הדף ביצה,כן,ביצה,כג:,פירוש,לא,
6629,קובץ מפרשים לפי הדף ביצה,כן,ביצה,כג:,פירוש,לא,
6630,קובץ מפרשים לפי הדף ביצה,כן,ביצה,כג:,פירוש,לא,
6631,קובץ מפרשים לפי הדף ביצה,כן,ביצה,כג:,פירוש,לא,
6632,קובץ מפרשים לפי הדף ביצה,כן,ביצה,כג:,פירוש,לא,
6633,קובץ מפרשים לפי הדף ביצה,כן,ביצה,כג:,פירוש,לא,
6634,קובץ מפרשים לפי הדף ביצה,כן,ביצה,כג:,פירוש,לא,
6635,קובץ מפרשים לפי הדף ביצה,כן,ביצה,כג:,פירוש,לא,
6636,קובץ מפרשים לפי הדף ביצה,כן,ביצה,כג:,פירוש,לא,
6637,קובץ מפרשים לפי הדף ביצה,כן,ביצה,כג:,פירוש,לא,
6638,קובץ מפרשים לפי הדף ביצה,כן,ביצה,כג:,פירוש,לא,
6639,קובץ מפרשים לפי הדף ביצה,כן,ביצה,כג:,פירוש,לא,
6640,קובץ מפרשים לפי הדף ביצה,כן,ביצה,כג:,פירוש,לא,
6641,קובץ מפרשים לפי הדף ביצה,כן,ביצה,כג:,פירוש,לא,
6642,קובץ מפרשים לפי הדף ביצה,כן,ביצה,כג:,פירוש,לא,
6644,קובץ מפרשים לפי הדף ביצה,כן,ביצה,כג:,פירוש,לא,
6645,קובץ מפרשים לפי הדף ביצה,כן,ביצה,כג:,פירוש,לא,
6647,קובץ מפרשים לפי הדף ביצה,כן,ביצה,כג:,פירוש,לא,
6649,קובץ מפרשים לפי הדף ביצה,כן,ביצה,כג:,פירוש,לא,
6650,קובץ מפרשים לפי הדף ביצה,כן,ביצה,כג:,פירוש,לא,
6651,קובץ מפרשים לפי הדף ביצה,כן,ביצה,כג:,פירוש,לא,
6653,קובץ מפרשים לפי הדף ביצה,כן,ביצה,כג:,פירוש,לא,
6654,קובץ מפרשים לפי הדף ביצה,כן,ביצה,כג:,פירוש,לא,
6655,קובץ מפרשים לפי הדף ביצה,כן,ביצה,כג:,פירוש,לא,
6656,קובץ מפרשים לפי הדף ביצה,כן,ביצה,כג:,פירוש,לא,
6657,קובץ מפרשים לפי הדף ביצה,כן,ביצה,כג:,פירוש,לא,
6659,קובץ מפרשים לפי הדף ביצה,כן,ביצה,כג:,פירוש,לא,
6660,קובץ מפרשים לפי הדף ביצה,כן,ביצה,כג:,פירוש,לא,
6661,קובץ מפרשים לפי הדף ביצה,כן,ביצה,כג:,פירוש,לא,
6663,קובץ מפרשים לפי הדף ביצה,כן,ביצה,כג:,פירוש,לא,
6664,קובץ מפרשים לפי הדף ביצה,כן,ביצה,כג:,פירוש,לא,
6665,קובץ מפרשים לפי הדף ביצה,כן,ביצה,כג:,פירוש,לא,
6666,קובץ מפרשים לפי הדף ביצה,כן,ביצה,כג:,פירוש,לא,
6667,קובץ מפרשים לפי הדף ביצה,כן,ביצה,כג:,פירוש,לא,
6668,קובץ מפרשים לפי הדף ביצה,כן,ביצה,כג:,פירוש,לא,
6669,קובץ מפרשים לפי הדף ביצה,כן,ביצה,כג:,פירוש,לא,
6670,קובץ מפרשים לפי הדף ביצה,כן,ביצה,כג:,פירוש,לא,
6671,קובץ מפרשים לפי הדף ביצה,כן,ביצה,כג:,פירוש,לא,
6672,קובץ מפרשים לפי הדף ביצה,כן,ביצה,כג:,פירוש,לא,
6673,קובץ מפרשים לפי הדף ביצה,כן,ביצה,כג:,פירוש,לא,
6674,קובץ מפרשים לפי הדף ביצה,כן,ביצה,כג:,פירוש,לא,
6675,קובץ מפרשים לפי הדף ביצה,כן,ביצה,כג:,פירוש,לא,
6676,קובץ מפרשים לפי הדף ביצה,כן,ביצה,כג:,פירוש,לא,
6677,קובץ מפרשים לפי הדף ביצה,כן,ביצה,כג:,פירוש,לא,
6678,קובץ מפרשים לפי הדף ביצה,כן,ביצה,כג:,פירוש,לא,
6681,קובץ מפרשים לפי הדף ביצה,כן,ביצה,כד.,פירוש,לא,
6682,קובץ מפרשים לפי הדף ביצה,כן,ביצה,כד.,פירוש,לא,
6683,קובץ מפרשים לפי הדף ביצה,כן,ביצה,כד.,פירוש,לא,
6684,קובץ מפרשים לפי הדף ביצה,כן,ביצה,כד.,פירוש,לא,
6686,קובץ מפרשים לפי הדף ביצה,כן,ביצה,כד.,פירוש,לא,
6687,קובץ מפרשים לפי הדף ביצה,כן,ביצה,כד.,פירוש,לא,
6688,קובץ מפרשים לפי הדף ביצה,כן,ביצה,כד.,פירוש,לא,
6689,קובץ מפרשים לפי הדף ביצה,כן,ביצה,כד.,פירוש,לא,
6690,קובץ מפרשים לפי הדף ביצה,כן,ביצה,כד.,פירוש,לא,
6691,קובץ מפרשים לפי הדף ביצה,כן,ביצה,כד.,פירוש,לא,
6692,קובץ מפרשים לפי הדף ביצה,כן,ביצה,כד.,פירוש,לא,
6693,קובץ מפרשים לפי הדף ביצה,כן,ביצה,כד.,פירוש,לא,
6694,קובץ מפרשים לפי הדף ביצה,כן,ביצה,כד.,פירוש,לא,
6696,קובץ מפרשים לפי הדף ביצה,כן,ביצה,כד.,פירוש,לא,
6697,קובץ מפרשים לפי הדף ביצה,כן,ביצה,כד.,פירוש,לא,
6699,קובץ מפרשים לפי הדף ביצה,כן,ביצה,כד.,פירוש,לא,
6700,קובץ מפרשים לפי הדף ביצה,כן,ביצה,כד.,פירוש,לא,
6701,קובץ מפרשים לפי הדף ביצה,כן,ביצה,כד.,פירוש,לא,
6702,קובץ מפרשים לפי הדף ביצה,כן,ביצה,כד.,פירוש,לא,
6703,קובץ מפרשים לפי הדף ביצה,כן,ביצה,כד.,פירוש,לא,
6705,קובץ מפרשים לפי הדף ביצה,כן,ביצה,כד.,פירוש,לא,
6706,קובץ מפרשים לפי הדף ביצה,כן,ביצה,כד.,פירוש,לא,
6707,קובץ מפרשים לפי הדף ביצה,כן,ביצה,כד.,פירוש,לא,
6708,קובץ מפרשים לפי הדף ביצה,כן,ביצה,כד.,פירוש,לא,
6710,קובץ מפרשים לפי הדף ביצה,כן,ביצה,כד.,פירוש,לא,
6711,קובץ מפרשים לפי הדף ביצה,כן,ביצה,כד.,פירוש,לא,
6712,קובץ מפרשים לפי הדף ביצה,כן,ביצה,כד.,פירוש,לא,
6714,קובץ מפרשים לפי הדף ביצה,כן,ביצה,כד.,פירוש,לא,
6715,קובץ מפרשים לפי הדף ביצה,כן,ביצה,כד.,פירוש,לא,
6716,קובץ מפרשים לפי הדף ביצה,כן,ביצה,כד.,פירוש,לא,
6717,קובץ מפרשים לפי הדף ביצה,כן,ביצה,כד.,פירוש,לא,
6719,קובץ מפרשים לפי הדף ביצה,כן,ביצה,כד.,פירוש,לא,
6720,קובץ מפרשים לפי הדף ביצה,כן,ביצה,כד.,פירוש,לא,
6721,קובץ מפרשים לפי הדף ביצה,כן,ביצה,כד.,פירוש,לא,
6722,קובץ מפרשים לפי הדף ביצה,כן,ביצה,כד.,פירוש,לא,
6724,קובץ מפרשים לפי הדף ביצה,כן,ביצה,כד.,פירוש,לא,
6725,קובץ מפרשים לפי הדף ביצה,כן,ביצה,כד.,פירוש,לא,
6726,קובץ מפרשים לפי הדף ביצה,כן,ביצה,כד.,פירוש,לא,
6728,קובץ מפרשים לפי הדף ביצה,כן,ביצה,כד.,פירוש,לא,
6729,קובץ מפרשים לפי הדף ביצה,כן,ביצה,כד.,פירוש,לא,
6730,קובץ מפרשים לפי הדף ביצה,כן,ביצה,כד.,פירוש,לא,
6731,קובץ מפרשים לפי הדף ביצה,כן,ביצה,כד.,פירוש,לא,
6732,קובץ מפרשים לפי הדף ביצה,כן,ביצה,כד.,פירוש,לא,
6733,קובץ מפרשים לפי הדף ביצה,כן,ביצה,כד.,פירוש,לא,
6735,קובץ מפרשים לפי הדף ביצה,כן,ביצה,כד.,פירוש,לא,
6736,קובץ מפרשים לפי הדף ביצה,כן,ביצה,כד.,פירוש,לא,
6737,קובץ מפרשים לפי הדף ביצה,כן,ביצה,כד.,פירוש,לא,
6738,קובץ מפרשים לפי הדף ביצה,כן,ביצה,כד.,פירוש,לא,
6739,קובץ מפרשים לפי הדף ביצה,כן,ביצה,כד.,פירוש,לא,
6740,קובץ מפרשים לפי הדף ביצה,כן,ביצה,כד.,פירוש,לא,
6741,קובץ מפרשים לפי הדף ביצה,כן,ביצה,כד.,פירוש,לא,
6742,קובץ מפרשים לפי הדף ביצה,כן,ביצה,כד.,פירוש,לא,
6743,קובץ מפרשים לפי הדף ביצה,כן,ביצה,כד.,פירוש,לא,
6744,קובץ מפרשים לפי הדף ביצה,כן,ביצה,כד.,פירוש,לא,
6745,קובץ מפרשים לפי הדף ביצה,כן,ביצה,כד.,פירוש,לא,
6746,קובץ מפרשים לפי הדף ביצה,כן,ביצה,כד.,פירוש,לא,
6747,קובץ מפרשים לפי הדף ביצה,כן,ביצה,כד.,פירוש,לא,
6748,קובץ מפרשים לפי הדף ביצה,כן,ביצה,כד.,פירוש,לא,
6750,קובץ מפרשים לפי הדף ביצה,כן,ביצה,כד.,פירוש,לא,
6751,קובץ מפרשים לפי הדף ביצה,כן,ביצה,כד.,פירוש,לא,
6752,קובץ מפרשים לפי הדף ביצה,כן,ביצה,כד.,פירוש,לא,
6753,קובץ מפרשים לפי הדף ביצה,כן,ביצה,כד.,פירוש,לא,
6754,קובץ מפרשים לפי הדף ביצה,כן,ביצה,כד.,פירוש,לא,
6755,קובץ מפרשים לפי הדף ביצה,כן,ביצה,כד.,פירוש,לא,
6757,קובץ מפרשים לפי הדף ביצה,כן,ביצה,כד.,פירוש,לא,
6758,קובץ מפרשים לפי הדף ביצה,כן,ביצה,כד.,פירוש,לא,
6759,קובץ מפרשים לפי הדף ביצה,כן,ביצה,כד.,פירוש,לא,
6760,קובץ מפרשים לפי הדף ביצה,כן,ביצה,כד.,פירוש,לא,
6761,קובץ מפרשים לפי הדף ביצה,כן,ביצה,כד.,פירוש,לא,
6762,קובץ מפרשים לפי הדף ביצה,כן,ביצה,כד.,פירוש,לא,
6763,קובץ מפרשים לפי הדף ביצה,כן,ביצה,כד.,פירוש,לא,
6764,קובץ מפרשים לפי הדף ביצה,כן,ביצה,כד.,פירוש,לא,
6765,קובץ מפרשים לפי הדף ביצה,כן,ביצה,כד.,פירוש,לא,
6766,קובץ מפרשים לפי הדף ביצה,כן,ביצה,כד.,פירוש,לא,
6767,קובץ מפרשים לפי הדף ביצה,כן,ביצה,כד.,פירוש,לא,
6768,קובץ מפרשים לפי הדף ביצה,כן,ביצה,כד.,פירוש,לא,
6770,קובץ מפרשים לפי הדף ביצה,כן,ביצה,כד.,פירוש,לא,
6771,קובץ מפרשים לפי הדף ביצה,כן,ביצה,כד.,פירוש,לא,
6772,קובץ מפרשים לפי הדף ביצה,כן,ביצה,כד.,פירוש,לא,
6773,קובץ מפרשים לפי הדף ביצה,כן,ביצה,כד.,פירוש,לא,
6774,קובץ מפרשים לפי הדף ביצה,כן,ביצה,כד.,פירוש,לא,
6775,קובץ מפרשים לפי הדף ביצה,כן,ביצה,כד.,פירוש,לא,
6776,קובץ מפרשים לפי הדף ביצה,כן,ביצה,כד.,פירוש,לא,
6777,קובץ מפרשים לפי הדף ביצה,כן,ביצה,כד.,פירוש,לא,
6778,קובץ מפרשים לפי הדף ביצה,כן,ביצה,כד.,פירוש,לא,
6779,קובץ מפרשים לפי הדף ביצה,כן,ביצה,כד.,פירוש,לא,
6780,קובץ מפרשים לפי הדף ביצה,כן,ביצה,כד.,פירוש,לא,
6782,קובץ מפרשים לפי הדף ביצה,כן,ביצה,כד.,פירוש,לא,
6783,קובץ מפרשים לפי הדף ביצה,כן,ביצה,כד.,פירוש,לא,
6784,קובץ מפרשים לפי הדף ביצה,כן,ביצה,כד.,פירוש,לא,
6785,קובץ מפרשים לפי הדף ביצה,כן,ביצה,כד.,פירוש,לא,
6786,קובץ מפרשים לפי הדף ביצה,כן,ביצה,כד.,פירוש,לא,
6787,קובץ מפרשים לפי הדף ביצה,כן,ביצה,כד.,פירוש,לא,
6788,קובץ מפרשים לפי הדף ביצה,כן,ביצה,כד.,פירוש,לא,
6789,קובץ מפרשים לפי הדף ביצה,כן,ביצה,כד.,פירוש,לא,
6790,קובץ מפרשים לפי הדף ביצה,כן,ביצה,כד.,פירוש,לא,
6792,קובץ מפרשים לפי הדף ביצה,כן,ביצה,כד.,פירוש,לא,
6793,קובץ מפרשים לפי הדף ביצה,כן,ביצה,כד.,פירוש,לא,
6794,קובץ מפרשים לפי הדף ביצה,כן,ביצה,כד.,פירוש,לא,
6795,קובץ מפרשים לפי הדף ביצה,כן,ביצה,כד.,פירוש,לא,
6796,קובץ מפרשים לפי הדף ביצה,כן,ביצה,כד.,פירוש,לא,
6797,קובץ מפרשים לפי הדף ביצה,כן,ביצה,כד.,פירוש,לא,
6799,קובץ מפרשים לפי הדף ביצה,כן,ביצה,כד.,פירוש,לא,
6800,קובץ מפרשים לפי הדף ביצה,כן,ביצה,כד.,פירוש,לא,
6801,קובץ מפרשים לפי הדף ביצה,כן,ביצה,כד.,פירוש,לא,
6803,קובץ מפרשים לפי הדף ביצה,כן,ביצה,כד.,פירוש,לא,
6805,קובץ מפרשים לפי הדף ביצה,כן,ביצה,כד.,פירוש,לא,
6806,קובץ מפרשים לפי הדף ביצה,כן,ביצה,כד.,פירוש,לא,
6807,קובץ מפרשים לפי הדף ביצה,כן,ביצה,כד.,פירוש,לא,
6809,קובץ מפרשים לפי הדף ביצה,כן,ביצה,כד.,פירוש,לא,
6810,קובץ מפרשים לפי הדף ביצה,כן,ביצה,כד.,פירוש,לא,
6812,קובץ מפרשים לפי הדף ביצה,כן,ביצה,כד.,פירוש,לא,
6814,קובץ מפרשים לפי הדף ביצה,כן,ביצה,כד.,פירוש,לא,
6815,קובץ מפרשים לפי הדף ביצה,כן,ביצה,כד.,פירוש,לא,
6816,קובץ מפרשים לפי הדף ביצה,כן,ביצה,כד.,פירוש,לא,
6819,קובץ מפרשים לפי הדף ביצה,כן,ביצה,כד:,פירוש,לא,
6820,קובץ מפרשים לפי הדף ביצה,כן,ביצה,כד:,פירוש,לא,
6821,קובץ מפרשים לפי הדף ביצה,כן,ביצה,כד:,פירוש,לא,
6822,קובץ מפרשים לפי הדף ביצה,כן,ביצה,כד:,פירוש,לא,
6823,קובץ מפרשים לפי הדף ביצה,כן,ביצה,כד:,פירוש,לא,
6824,קובץ מפרשים לפי הדף ביצה,כן,ביצה,כד:,פירוש,לא,
6825,קובץ מפרשים לפי הדף ביצה,כן,ביצה,כד:,פירוש,לא,
6826,קובץ מפרשים לפי הדף ביצה,כן,ביצה,כד:,פירוש,לא,
6827,קובץ מפרשים לפי הדף ביצה,כן,ביצה,כד:,פירוש,לא,
6828,קובץ מפרשים לפי הדף ביצה,כן,ביצה,כד:,פירוש,לא,
6829,קובץ מפרשים לפי הדף ביצה,כן,ביצה,כד:,פירוש,לא,
6830,קובץ מפרשים לפי הדף ביצה,כן,ביצה,כד:,פירוש,לא,
6832,קובץ מפרשים לפי הדף ביצה,כן,ביצה,כד:,פירוש,לא,
6833,קובץ מפרשים לפי הדף ביצה,כן,ביצה,כד:,פירוש,לא,
6834,קובץ מפרשים לפי הדף ביצה,כן,ביצה,כד:,פירוש,לא,
6835,קובץ מפרשים לפי הדף ביצה,כן,ביצה,כד:,פירוש,לא,
6836,קובץ מפרשים לפי הדף ביצה,כן,ביצה,כד:,פירוש,לא,
6837,קובץ מפרשים לפי הדף ביצה,כן,ביצה,כד:,פירוש,לא,
6838,קובץ מפרשים לפי הדף ביצה,כן,ביצה,כד:,פירוש,לא,
6839,קובץ מפרשים לפי הדף ביצה,כן,ביצה,כד:,פירוש,לא,
6840,קובץ מפרשים לפי הדף ביצה,כן,ביצה,כד:,פירוש,לא,
6841,קובץ מפרשים לפי הדף ביצה,כן,ביצה,כד:,פירוש,לא,
6842,קובץ מפרשים לפי הדף ביצה,כן,ביצה,כד:,פירוש,לא,
6843,קובץ מפרשים לפי הדף ביצה,כן,ביצה,כד:,פירוש,לא,
6844,קובץ מפרשים לפי הדף ביצה,כן,ביצה,כד:,פירוש,לא,
6845,קובץ מפרשים לפי הדף ביצה,כן,ביצה,כד:,פירוש,לא,
6846,קובץ מפרשים לפי הדף ביצה,כן,ביצה,כד:,פירוש,לא,
6847,קובץ מפרשים לפי הדף ביצה,כן,ביצה,כד:,פירוש,לא,
6848,קובץ מפרשים לפי הדף ביצה,כן,ביצה,כד:,פירוש,לא,
6849,קובץ מפרשים לפי הדף ביצה,כן,ביצה,כד:,פירוש,לא,
6851,קובץ מפרשים לפי הדף ביצה,כן,ביצה,כד:,פירוש,לא,
6853,קובץ מפרשים לפי הדף ביצה,כן,ביצה,כד:,פירוש,לא,
6854,קובץ מפרשים לפי הדף ביצה,כן,ביצה,כד:,פירוש,לא,
6855,קובץ מפרשים לפי הדף ביצה,כן,ביצה,כד:,פירוש,לא,
6856,קובץ מפרשים לפי הדף ביצה,כן,ביצה,כד:,פירוש,לא,
6857,קובץ מפרשים לפי הדף ביצה,כן,ביצה,כד:,פירוש,לא,
6858,קובץ מפרשים לפי הדף ביצה,כן,ביצה,כד:,פירוש,לא,
6859,קובץ מפרשים לפי הדף ביצה,כן,ביצה,כד:,פירוש,לא,
6861,קובץ מפרשים לפי הדף ביצה,כן,ביצה,כד:,פירוש,לא,
6863,קובץ מפרשים לפי הדף ביצה,כן,ביצה,כד:,פירוש,לא,
6865,קובץ מפרשים לפי הדף ביצה,כן,ביצה,כד:,פירוש,לא,
6866,קובץ מפרשים לפי הדף ביצה,כן,ביצה,כד:,פירוש,לא,
6867,קובץ מפרשים לפי הדף ביצה,כן,ביצה,כד:,פירוש,לא,
6868,קובץ מפרשים לפי הדף ביצה,כן,ביצה,כד:,פירוש,לא,
6869,קובץ מפרשים לפי הדף ביצה,כן,ביצה,כד:,פירוש,לא,
6871,קובץ מפרשים לפי הדף ביצה,כן,ביצה,כד:,פירוש,לא,
6872,קובץ מפרשים לפי הדף ביצה,כן,ביצה,כד:,פירוש,לא,
6873,קובץ מפרשים לפי הדף ביצה,כן,ביצה,כד:,פירוש,לא,
6874,קובץ מפרשים לפי הדף ביצה,כן,ביצה,כד:,פירוש,לא,
6875,קובץ מפרשים לפי הדף ביצה,כן,ביצה,כד:,פירוש,לא,
6876,קובץ מפרשים לפי הדף ביצה,כן,ביצה,כד:,פירוש,לא,
6877,קובץ מפרשים לפי הדף ביצה,כן,ביצה,כד:,פירוש,לא,
6878,קובץ מפרשים לפי הדף ביצה,כן,ביצה,כד:,פירוש,לא,
6880,קובץ מפרשים לפי הדף ביצה,כן,ביצה,כד:,פירוש,לא,
6881,קובץ מפרשים לפי הדף ביצה,כן,ביצה,כד:,פירוש,לא,
6882,קובץ מפרשים לפי הדף ביצה,כן,ביצה,כד:,פירוש,לא,
6884,קובץ מפרשים לפי הדף ביצה,כן,ביצה,כד:,פירוש,לא,
6885,קובץ מפרשים לפי הדף ביצה,כן,ביצה,כד:,פירוש,לא,
6886,קובץ מפרשים לפי הדף ביצה,כן,ביצה,כד:,פירוש,לא,
6887,קובץ מפרשים לפי הדף ביצה,כן,ביצה,כד:,פירוש,לא,
6888,קובץ מפרשים לפי הדף ביצה,כן,ביצה,כד:,פירוש,לא,
6889,קובץ מפרשים לפי הדף ביצה,כן,ביצה,כד:,פירוש,לא,
6890,קובץ מפרשים לפי הדף ביצה,כן,ביצה,כד:,פירוש,לא,
6891,קובץ מפרשים לפי הדף ביצה,כן,ביצה,כד:,פירוש,לא,
6892,קובץ מפרשים לפי הדף ביצה,כן,ביצה,כד:,פירוש,לא,
6893,קובץ מפרשים לפי הדף ביצה,כן,ביצה,כד:,פירוש,לא,
6894,קובץ מפרשים לפי הדף ביצה,כן,ביצה,כד:,פירוש,לא,
6895,קובץ מפרשים לפי הדף ביצה,כן,ביצה,כד:,פירוש,לא,
6897,קובץ מפרשים לפי הדף ביצה,כן,ביצה,כד:,פירוש,לא,
6898,קובץ מפרשים לפי הדף ביצה,כן,ביצה,כד:,פירוש,לא,
6899,קובץ מפרשים לפי הדף ביצה,כן,ביצה,כד:,פירוש,לא,
6900,קובץ מפרשים לפי הדף ביצה,כן,ביצה,כד:,פירוש,לא,
6902,קובץ מפרשים לפי הדף ביצה,כן,ביצה,כד:,פירוש,לא,
6903,קובץ מפרשים לפי הדף ביצה,כן,ביצה,כד:,פירוש,לא,
6904,קובץ מפרשים לפי הדף ביצה,כן,ביצה,כד:,פירוש,לא,
6905,קובץ מפרשים לפי הדף ביצה,כן,ביצה,כד:,פירוש,לא,
6906,קובץ מפרשים לפי הדף ביצה,כן,ביצה,כד:,פירוש,לא,
6907,קובץ מפרשים לפי הדף ביצה,כן,ביצה,כד:,פירוש,לא,
6908,קובץ מפרשים לפי הדף ביצה,כן,ביצה,כד:,פירוש,לא,
6909,קובץ מפרשים לפי הדף ביצה,כן,ביצה,כד:,פירוש,לא,
6910,קובץ מפרשים לפי הדף ביצה,כן,ביצה,כד:,פירוש,לא,
6911,קובץ מפרשים לפי הדף ביצה,כן,ביצה,כד:,פירוש,לא,
6912,קובץ מפרשים לפי הדף ביצה,כן,ביצה,כד:,פירוש,לא,
6913,קובץ מפרשים לפי הדף ביצה,כן,ביצה,כד:,פירוש,לא,
6914,קובץ מפרשים לפי הדף ביצה,כן,ביצה,כד:,פירוש,לא,
6916,קובץ מפרשים לפי הדף ביצה,כן,ביצה,כד:,פירוש,לא,
6917,קובץ מפרשים לפי הדף ביצה,כן,ביצה,כד:,פירוש,לא,
6918,קובץ מפרשים לפי הדף ביצה,כן,ביצה,כד:,פירוש,לא,
6919,קובץ מפרשים לפי הדף ביצה,כן,ביצה,כד:,פירוש,לא,
6920,קובץ מפרשים לפי הדף ביצה,כן,ביצה,כד:,פירוש,לא,
6921,קובץ מפרשים לפי הדף ביצה,כן,ביצה,כד:,פירוש,לא,
6922,קובץ מפרשים לפי הדף ביצה,כן,ביצה,כד:,פירוש,לא,
6923,קובץ מפרשים לפי הדף ביצה,כן,ביצה,כד:,פירוש,לא,
6924,קובץ מפרשים לפי הדף ביצה,כן,ביצה,כד:,פירוש,לא,
6925,קובץ מפרשים לפי הדף ביצה,כן,ביצה,כד:,פירוש,לא,
6926,קובץ מפרשים לפי הדף ביצה,כן,ביצה,כד:,פירוש,לא,
6927,קובץ מפרשים לפי הדף ביצה,כן,ביצה,כד:,פירוש,לא,
6928,קובץ מפרשים לפי הדף ביצה,כן,ביצה,כד:,פירוש,לא,
6929,קובץ מפרשים לפי הדף ביצה,כן,ביצה,כד:,פירוש,לא,
6931,קובץ מפרשים לפי הדף ביצה,כן,ביצה,כד:,פירוש,לא,
6932,קובץ מפרשים לפי הדף ביצה,כן,ביצה,כד:,פירוש,לא,
6933,קובץ מפרשים לפי הדף ביצה,כן,ביצה,כד:,פירוש,לא,
6934,קובץ מפרשים לפי הדף ביצה,כן,ביצה,כד:,פירוש,לא,
6935,קובץ מפרשים לפי הדף ביצה,כן,ביצה,כד:,פירוש,לא,
6936,קובץ מפרשים לפי הדף ביצה,כן,ביצה,כד:,פירוש,לא,
6937,קובץ מפרשים לפי הדף ביצה,כן,ביצה,כד:,פירוש,לא,
6938,קובץ מפרשים לפי הדף ביצה,כן,ביצה,כד:,פירוש,לא,
6939,קובץ מפרשים לפי הדף ביצה,כן,ביצה,כד:,פירוש,לא,
6940,קובץ מפרשים לפי הדף ביצה,כן,ביצה,כד:,פירוש,לא,
6941,קובץ מפרשים לפי הדף ביצה,כן,ביצה,כד:,פירוש,לא,
6942,קובץ מפרשים לפי הדף ביצה,כן,ביצה,כד:,פירוש,לא,
6943,קובץ מפרשים לפי הדף ביצה,כן,ביצה,כד:,פירוש,לא,
6944,קובץ מפרשים לפי הדף ביצה,כן,ביצה,כד:,פירוש,לא,
6945,קובץ מפרשים לפי הדף ביצה,כן,ביצה,כד:,פירוש,לא,
6947,קובץ מפרשים לפי הדף ביצה,כן,ביצה,כד:,פירוש,לא,
6948,קובץ מפרשים לפי הדף ביצה,כן,ביצה,כד:,פירוש,לא,
6949,קובץ מפרשים לפי הדף ביצה,כן,ביצה,כד:,פירוש,לא,
6950,קובץ מפרשים לפי הדף ביצה,כן,ביצה,כד:,פירוש,לא,
6951,קובץ מפרשים לפי הדף ביצה,כן,ביצה,כד:,פירוש,לא,
6952,קובץ מפרשים לפי הדף ביצה,כן,ביצה,כד:,פירוש,לא,
6953,קובץ מפרשים לפי הדף ביצה,כן,ביצה,כד:,פירוש,לא,
6954,קובץ מפרשים לפי הדף ביצה,כן,ביצה,כד:,פירוש,לא,
6955,קובץ מפרשים לפי הדף ביצה,כן,ביצה,כד:,פירוש,לא,
6956,קובץ מפרשים לפי הדף ביצה,כן,ביצה,כד:,פירוש,לא,
6957,קובץ מפרשים לפי הדף ביצה,כן,ביצה,כד:,פירוש,לא,
6958,קובץ מפרשים לפי הדף ביצה,כן,ביצה,כד:,פירוש,לא,
6959,קובץ מפרשים לפי הדף ביצה,כן,ביצה,כד:,פירוש,לא,
6960,קובץ מפרשים לפי הדף ביצה,כן,ביצה,כד:,פירוש,לא,
6961,קובץ מפרשים לפי הדף ביצה,כן,ביצה,כד:,פירוש,לא,
6962,קובץ מפרשים לפי הדף ביצה,כן,ביצה,כד:,פירוש,לא,
6963,קובץ מפרשים לפי הדף ביצה,כן,ביצה,כד:,פירוש,לא,
6964,קובץ מפרשים לפי הדף ביצה,כן,ביצה,כד:,פירוש,לא,
6965,קובץ מפרשים לפי הדף ביצה,כן,ביצה,כד:,פירוש,לא,
6966,קובץ מפרשים לפי הדף ביצה,כן,ביצה,כד:,פירוש,לא,
6967,קובץ מפרשים לפי הדף ביצה,כן,ביצה,כד:,פירוש,לא,
6968,קובץ מפרשים לפי הדף ביצה,כן,ביצה,כד:,פירוש,לא,
6969,קובץ מפרשים לפי הדף ביצה,כן,ביצה,כד:,פירוש,לא,
6970,קובץ מפרשים לפי הדף ביצה,כן,ביצה,כד:,פירוש,לא,
6971,קובץ מפרשים לפי הדף ביצה,כן,ביצה,כד:,פירוש,לא,
6972,קובץ מפרשים לפי הדף ביצה,כן,ביצה,כד:,פירוש,לא,
6973,קובץ מפרשים לפי הדף ביצה,כן,ביצה,כד:,פירוש,לא,
6975,קובץ מפרשים לפי הדף ביצה,כן,ביצה,כד:,פירוש,לא,
6977,קובץ מפרשים לפי הדף ביצה,כן,ביצה,כד:,פירוש,לא,
6979,קובץ מפרשים לפי הדף ביצה,כן,ביצה,כד:,פירוש,לא,
6980,קובץ מפרשים לפי הדף ביצה,כן,ביצה,כד:,פירוש,לא,
6981,קובץ מפרשים לפי הדף ביצה,כן,ביצה,כד:,פירוש,לא,
6983,קובץ מפרשים לפי הדף ביצה,כן,ביצה,כד:,פירוש,לא,
6984,קובץ מפרשים לפי הדף ביצה,כן,ביצה,כד:,פירוש,לא,
6985,קובץ מפרשים לפי הדף ביצה,כן,ביצה,כד:,פירוש,לא,
6986,קובץ מפרשים לפי הדף ביצה,כן,ביצה,כד:,פירוש,לא,
6988,קובץ מפרשים לפי הדף ביצה,כן,ביצה,כד:,פירוש,לא,
6989,קובץ מפרשים לפי הדף ביצה,כן,ביצה,כד:,פירוש,לא,
6991,קובץ מפרשים לפי הדף ביצה,כן,ביצה,כד:,פירוש,לא,
6992,קובץ מפרשים לפי הדף ביצה,כן,ביצה,כד:,פירוש,לא,
6995,קובץ מפרשים לפי הדף ביצה,כן,ביצה,כה.,פירוש,לא,
6996,קובץ מפרשים לפי הדף ביצה,כן,ביצה,כה.,פירוש,לא,
6997,קובץ מפרשים לפי הדף ביצה,כן,ביצה,כה.,פירוש,לא,
6999,קובץ מפרשים לפי הדף ביצה,כן,ביצה,כה.,פירוש,לא,
7000,קובץ מפרשים לפי הדף ביצה,כן,ביצה,כה.,פירוש,לא,
7001,קובץ מפרשים לפי הדף ביצה,כן,ביצה,כה.,פירוש,לא,
7002,קובץ מפרשים לפי הדף ביצה,כן,ביצה,כה.,פירוש,לא,
7003,קובץ מפרשים לפי הדף ביצה,כן,ביצה,כה.,פירוש,לא,
7004,קובץ מפרשים לפי הדף ביצה,כן,ביצה,כה.,פירוש,לא,
7005,קובץ מפרשים לפי הדף ביצה,כן,ביצה,כה.,פירוש,לא,
7006,קובץ מפרשים לפי הדף ביצה,כן,ביצה,כה.,פירוש,לא,
7007,קובץ מפרשים לפי הדף ביצה,כן,ביצה,כה.,פירוש,לא,
7008,קובץ מפרשים לפי הדף ביצה,כן,ביצה,כה.,פירוש,לא,
7009,קובץ מפרשים לפי הדף ביצה,כן,ביצה,כה.,פירוש,לא,
7010,קובץ מפרשים לפי הדף ביצה,כן,ביצה,כה.,פירוש,לא,
7011,קובץ מפרשים לפי הדף ביצה,כן,ביצה,כה.,פירוש,לא,
7012,קובץ מפרשים לפי הדף ביצה,כן,ביצה,כה.,פירוש,לא,
7013,קובץ מפרשים לפי הדף ביצה,כן,ביצה,כה.,פירוש,לא,
7014,קובץ מפרשים לפי הדף ביצה,כן,ביצה,כה.,פירוש,לא,
7015,קובץ מפרשים לפי הדף ביצה,כן,ביצה,כה.,פירוש,לא,
7016,קובץ מפרשים לפי הדף ביצה,כן,ביצה,כה.,פירוש,לא,
7017,קובץ מפרשים לפי הדף ביצה,כן,ביצה,כה.,פירוש,לא,
7018,קובץ מפרשים לפי הדף ביצה,כן,ביצה,כה.,פירוש,לא,
7019,קובץ מפרשים לפי הדף ביצה,כן,ביצה,כה.,פירוש,לא,
7020,קובץ מפרשים לפי הדף ביצה,כן,ביצה,כה.,פירוש,לא,
7021,קובץ מפרשים לפי הדף ביצה,כן,ביצה,כה.,פירוש,לא,
7023,קובץ מפרשים לפי הדף ביצה,כן,ביצה,כה.,פירוש,לא,
7024,קובץ מפרשים לפי הדף ביצה,כן,ביצה,כה.,פירוש,לא,
7026,קובץ מפרשים לפי הדף ביצה,כן,ביצה,כה.,פירוש,לא,
7027,קובץ מפרשים לפי הדף ביצה,כן,ביצה,כה.,פירוש,לא,
7028,קובץ מפרשים לפי הדף ביצה,כן,ביצה,כה.,פירוש,לא,
7029,קובץ מפרשים לפי הדף ביצה,כן,ביצה,כה.,פירוש,לא,
7030,קובץ מפרשים לפי הדף ביצה,כן,ביצה,כה.,פירוש,לא,
7031,קובץ מפרשים לפי הדף ביצה,כן,ביצה,כה.,פירוש,לא,
7032,קובץ מפרשים לפי הדף ביצה,כן,ביצה,כה.,פירוש,לא,
7033,קובץ מפרשים לפי הדף ביצה,כן,ביצה,כה.,פירוש,לא,
7034,קובץ מפרשים לפי הדף ביצה,כן,ביצה,כה.,פירוש,לא,
7035,קובץ מפרשים לפי הדף ביצה,כן,ביצה,כה.,פירוש,לא,
7036,קובץ מפרשים לפי הדף ביצה,כן,ביצה,כה.,פירוש,לא,
7037,קובץ מפרשים לפי הדף ביצה,כן,ביצה,כה.,פירוש,לא,
7038,קובץ מפרשים לפי הדף ביצה,כן,ביצה,כה.,פירוש,לא,
7039,קובץ מפרשים לפי הדף ביצה,כן,ביצה,כה.,פירוש,לא,
7040,קובץ מפרשים לפי הדף ביצה,כן,ביצה,כה.,פירוש,לא,
7041,קובץ מפרשים לפי הדף ביצה,כן,ביצה,כה.,פירוש,לא,
7042,קובץ מפרשים לפי הדף ביצה,כן,ביצה,כה.,פירוש,לא,
7043,קובץ מפרשים לפי הדף ביצה,כן,ביצה,כה.,פירוש,לא,
7044,קובץ מפרשים לפי הדף ביצה,כן,ביצה,כה.,פירוש,לא,
7045,קובץ מפרשים לפי הדף ביצה,כן,ביצה,כה.,פירוש,לא,
7046,קובץ מפרשים לפי הדף ביצה,כן,ביצה,כה.,פירוש,לא,
7048,קובץ מפרשים לפי הדף ביצה,כן,ביצה,כה.,פירוש,לא,
7049,קובץ מפרשים לפי הדף ביצה,כן,ביצה,כה.,פירוש,לא,
7050,קובץ מפרשים לפי הדף ביצה,כן,ביצה,כה.,פירוש,לא,
7052,קובץ מפרשים לפי הדף ביצה,כן,ביצה,כה.,פירוש,לא,
7053,קובץ מפרשים לפי הדף ביצה,כן,ביצה,כה.,פירוש,לא,
7055,קובץ מפרשים לפי הדף ביצה,כן,ביצה,כה.,פירוש,לא,
7056,קובץ מפרשים לפי הדף ביצה,כן,ביצה,כה.,פירוש,לא,
7058,קובץ מפרשים לפי הדף ביצה,כן,ביצה,כה.,פירוש,לא,
7059,קובץ מפרשים לפי הדף ביצה,כן,ביצה,כה.,פירוש,לא,
7060,קובץ מפרשים לפי הדף ביצה,כן,ביצה,כה.,פירוש,לא,
7062,קובץ מפרשים לפי הדף ביצה,כן,ביצה,כה.,פירוש,לא,
7064,קובץ מפרשים לפי הדף ביצה,כן,ביצה,כה.,פירוש,לא,
7065,קובץ מפרשים לפי הדף ביצה,כן,ביצה,כה.,פירוש,לא,
7066,קובץ מפרשים לפי הדף ביצה,כן,ביצה,כה.,פירוש,לא,
7067,קובץ מפרשים לפי הדף ביצה,כן,ביצה,כה.,פירוש,לא,
7068,קובץ מפרשים לפי הדף ביצה,כן,ביצה,כה.,פירוש,לא,
7069,קובץ מפרשים לפי הדף ביצה,כן,ביצה,כה.,פירוש,לא,
7070,קובץ מפרשים לפי הדף ביצה,כן,ביצה,כה.,פירוש,לא,
7071,קובץ מפרשים לפי הדף ביצה,כן,ביצה,כה.,פירוש,לא,
7072,קובץ מפרשים לפי הדף ביצה,כן,ביצה,כה.,פירוש,לא,
7074,קובץ מפרשים לפי הדף ביצה,כן,ביצה,כה.,פירוש,לא,
7076,קובץ מפרשים לפי הדף ביצה,כן,ביצה,כה.,פירוש,לא,
7077,קובץ מפרשים לפי הדף ביצה,כן,ביצה,כה.,פירוש,לא,
7078,קובץ מפרשים לפי הדף ביצה,כן,ביצה,כה.,פירוש,לא,
7079,קובץ מפרשים לפי הדף ביצה,כן,ביצה,כה.,פירוש,לא,
7080,קובץ מפרשים לפי הדף ביצה,כן,ביצה,כה.,פירוש,לא,
7082,קובץ מפרשים לפי הדף ביצה,כן,ביצה,כה.,פירוש,לא,
7083,קובץ מפרשים לפי הדף ביצה,כן,ביצה,כה.,פירוש,לא,
7084,קובץ מפרשים לפי הדף ביצה,כן,ביצה,כה.,פירוש,לא,
7085,קובץ מפרשים לפי הדף ביצה,כן,ביצה,כה.,פירוש,לא,
7086,קובץ מפרשים לפי הדף ביצה,כן,ביצה,כה.,פירוש,לא,
7087,קובץ מפרשים לפי הדף ביצה,כן,ביצה,כה.,פירוש,לא,
7088,קובץ מפרשים לפי הדף ביצה,כן,ביצה,כה.,פירוש,לא,
7089,קובץ מפרשים לפי הדף ביצה,כן,ביצה,כה.,פירוש,לא,
7090,קובץ מפרשים לפי הדף ביצה,כן,ביצה,כה.,פירוש,לא,
7091,קובץ מפרשים לפי הדף ביצה,כן,ביצה,כה.,פירוש,לא,
7092,קובץ מפרשים לפי הדף ביצה,כן,ביצה,כה.,פירוש,לא,
7093,קובץ מפרשים לפי הדף ביצה,כן,ביצה,כה.,פירוש,לא,
7094,קובץ מפרשים לפי הדף ביצה,כן,ביצה,כה.,פירוש,לא,
7095,קובץ מפרשים לפי הדף ביצה,כן,ביצה,כה.,פירוש,לא,
7096,קובץ מפרשים לפי הדף ביצה,כן,ביצה,כה.,פירוש,לא,
7097,קובץ מפרשים לפי הדף ביצה,כן,ביצה,כה.,פירוש,לא,
7098,קובץ מפרשים לפי הדף ביצה,כן,ביצה,כה.,פירוש,לא,
7100,קובץ מפרשים לפי הדף ביצה,כן,ביצה,כה.,פירוש,לא,
7101,קובץ מפרשים לפי הדף ביצה,כן,ביצה,כה.,פירוש,לא,
7102,קובץ מפרשים לפי הדף ביצה,כן,ביצה,כה.,פירוש,לא,
7103,קובץ מפרשים לפי הדף ביצה,כן,ביצה,כה.,פירוש,לא,
7104,קובץ מפרשים לפי הדף ביצה,כן,ביצה,כה.,פירוש,לא,
7106,קובץ מפרשים לפי הדף ביצה,כן,ביצה,כה.,פירוש,לא,
7107,קובץ מפרשים לפי הדף ביצה,כן,ביצה,כה.,פירוש,לא,
7108,קובץ מפרשים לפי הדף ביצה,כן,ביצה,כה.,פירוש,לא,
7109,קובץ מפרשים לפי הדף ביצה,כן,ביצה,כה.,פירוש,לא,
7110,קובץ מפרשים לפי הדף ביצה,כן,ביצה,כה.,פירוש,לא,
7111,קובץ מפרשים לפי הדף ביצה,כן,ביצה,כה.,פירוש,לא,
7113,קובץ מפרשים לפי הדף ביצה,כן,ביצה,כה.,פירוש,לא,
7115,קובץ מפרשים לפי הדף ביצה,כן,ביצה,כה.,פירוש,לא,
7117,קובץ מפרשים לפי הדף ביצה,כן,ביצה,כה.,פירוש,לא,
7118,קובץ מפרשים לפי הדף ביצה,כן,ביצה,כה.,פירוש,לא,
7119,קובץ מפרשים לפי הדף ביצה,כן,ביצה,כה.,פירוש,לא,
7120,קובץ מפרשים לפי הדף ביצה,כן,ביצה,כה.,פירוש,לא,
7122,קובץ מפרשים לפי הדף ביצה,כן,ביצה,כה.,פירוש,לא,
7124,קובץ מפרשים לפי הדף ביצה,כן,ביצה,כה.,פירוש,לא,
7125,קובץ מפרשים לפי הדף ביצה,כן,ביצה,כה.,פירוש,לא,
7126,קובץ מפרשים לפי הדף ביצה,כן,ביצה,כה.,פירוש,לא,
7127,קובץ מפרשים לפי הדף ביצה,כן,ביצה,כה.,פירוש,לא,
7128,קובץ מפרשים לפי הדף ביצה,כן,ביצה,כה.,פירוש,לא,
7129,קובץ מפרשים לפי הדף ביצה,כן,ביצה,כה.,פירוש,לא,
7131,קובץ מפרשים לפי הדף ביצה,כן,ביצה,כה.,פירוש,לא,
7132,קובץ מפרשים לפי הדף ביצה,כן,ביצה,כה.,פירוש,לא,
7135,קובץ מפרשים לפי הדף ביצה,כן,ביצה,כה:,פירוש,לא,
7136,קובץ מפרשים לפי הדף ביצה,כן,ביצה,כה:,פירוש,לא,
7137,קובץ מפרשים לפי הדף ביצה,כן,ביצה,כה:,פירוש,לא,
7139,קובץ מפרשים לפי הדף ביצה,כן,ביצה,כה:,פירוש,לא,
7140,קובץ מפרשים לפי הדף ביצה,כן,ביצה,כה:,פירוש,לא,
7141,קובץ מפרשים לפי הדף ביצה,כן,ביצה,כה:,פירוש,לא,
7142,קובץ מפרשים לפי הדף ביצה,כן,ביצה,כה:,פירוש,לא,
7143,קובץ מפרשים לפי הדף ביצה,כן,ביצה,כה:,פירוש,לא,
7144,קובץ מפרשים לפי הדף ביצה,כן,ביצה,כה:,פירוש,לא,
7145,קובץ מפרשים לפי הדף ביצה,כן,ביצה,כה:,פירוש,לא,
7146,קובץ מפרשים לפי הדף ביצה,כן,ביצה,כה:,פירוש,לא,
7147,קובץ מפרשים לפי הדף ביצה,כן,ביצה,כה:,פירוש,לא,
7148,קובץ מפרשים לפי הדף ביצה,כן,ביצה,כה:,פירוש,לא,
7149,קובץ מפרשים לפי הדף ביצה,כן,ביצה,כה:,פירוש,לא,
7151,קובץ מפרשים לפי הדף ביצה,כן,ביצה,כה:,פירוש,לא,
7152,קובץ מפרשים לפי הדף ביצה,כן,ביצה,כה:,פירוש,לא,
7153,קובץ מפרשים לפי הדף ביצה,כן,ביצה,כה:,פירוש,לא,
7154,קובץ מפרשים לפי הדף ביצה,כן,ביצה,כה:,פירוש,לא,
7155,קובץ מפרשים לפי הדף ביצה,כן,ביצה,כה:,פירוש,לא,
7156,קובץ מפרשים לפי הדף ביצה,כן,ביצה,כה:,פירוש,לא,
7157,קובץ מפרשים לפי הדף ביצה,כן,ביצה,כה:,פירוש,לא,
7158,קובץ מפרשים לפי הדף ביצה,כן,ביצה,כה:,פירוש,לא,
7159,קובץ מפרשים לפי הדף ביצה,כן,ביצה,כה:,פירוש,לא,
7161,קובץ מפרשים לפי הדף ביצה,כן,ביצה,כה:,פירוש,לא,
7162,קובץ מפרשים לפי הדף ביצה,כן,ביצה,כה:,פירוש,לא,
7163,קובץ מפרשים לפי הדף ביצה,כן,ביצה,כה:,פירוש,לא,
7165,קובץ מפרשים לפי הדף ביצה,כן,ביצה,כה:,פירוש,לא,
7166,קובץ מפרשים לפי הדף ביצה,כן,ביצה,כה:,פירוש,לא,
7168,קובץ מפרשים לפי הדף ביצה,כן,ביצה,כה:,פירוש,לא,
7170,קובץ מפרשים לפי הדף ביצה,כן,ביצה,כה:,פירוש,לא,
7171,קובץ מפרשים לפי הדף ביצה,כן,ביצה,כה:,פירוש,לא,
7172,קובץ מפרשים לפי הדף ביצה,כן,ביצה,כה:,פירוש,לא,
7173,קובץ מפרשים לפי הדף ביצה,כן,ביצה,כה:,פירוש,לא,
7175,קובץ מפרשים לפי הדף ביצה,כן,ביצה,כה:,פירוש,לא,
7176,קובץ מפרשים לפי הדף ביצה,כן,ביצה,כה:,פירוש,לא,
7178,קובץ מפרשים לפי הדף ביצה,כן,ביצה,כה:,פירוש,לא,
7179,קובץ מפרשים לפי הדף ביצה,כן,ביצה,כה:,פירוש,לא,
7180,קובץ מפרשים לפי הדף ביצה,כן,ביצה,כה:,פירוש,לא,
7181,קובץ מפרשים לפי הדף ביצה,כן,ביצה,כה:,פירוש,לא,
7182,קובץ מפרשים לפי הדף ביצה,כן,ביצה,כה:,פירוש,לא,
7183,קובץ מפרשים לפי הדף ביצה,כן,ביצה,כה:,פירוש,לא,
7184,קובץ מפרשים לפי הדף ביצה,כן,ביצה,כה:,פירוש,לא,
7186,קובץ מפרשים לפי הדף ביצה,כן,ביצה,כה:,פירוש,לא,
7187,קובץ מפרשים לפי הדף ביצה,כן,ביצה,כה:,פירוש,לא,
7188,קובץ מפרשים לפי הדף ביצה,כן,ביצה,כה:,פירוש,לא,
7189,קובץ מפרשים לפי הדף ביצה,כן,ביצה,כה:,פירוש,לא,
7190,קובץ מפרשים לפי הדף ביצה,כן,ביצה,כה:,פירוש,לא,
7191,קובץ מפרשים לפי הדף ביצה,כן,ביצה,כה:,פירוש,לא,
7192,קובץ מפרשים לפי הדף ביצה,כן,ביצה,כה:,פירוש,לא,
7193,קובץ מפרשים לפי הדף ביצה,כן,ביצה,כה:,פירוש,לא,
7194,קובץ מפרשים לפי הדף ביצה,כן,ביצה,כה:,פירוש,לא,
7195,קובץ מפרשים לפי הדף ביצה,כן,ביצה,כה:,פירוש,לא,
7196,קובץ מפרשים לפי הדף ביצה,כן,ביצה,כה:,פירוש,לא,
7198,קובץ מפרשים לפי הדף ביצה,כן,ביצה,כה:,פירוש,לא,
7199,קובץ מפרשים לפי הדף ביצה,כן,ביצה,כה:,פירוש,לא,
7201,קובץ מפרשים לפי הדף ביצה,כן,ביצה,כה:,פירוש,לא,
7202,קובץ מפרשים לפי הדף ביצה,כן,ביצה,כה:,פירוש,לא,
7203,קובץ מפרשים לפי הדף ביצה,כן,ביצה,כה:,פירוש,לא,
7204,קובץ מפרשים לפי הדף ביצה,כן,ביצה,כה:,פירוש,לא,
7205,קובץ מפרשים לפי הדף ביצה,כן,ביצה,כה:,פירוש,לא,
7206,קובץ מפרשים לפי הדף ביצה,כן,ביצה,כה:,פירוש,לא,
7207,קובץ מפרשים לפי הדף ביצה,כן,ביצה,כה:,פירוש,לא,
7209,קובץ מפרשים לפי הדף ביצה,כן,ביצה,כה:,פירוש,לא,
7210,קובץ מפרשים לפי הדף ביצה,כן,ביצה,כה:,פירוש,לא,
7212,קובץ מפרשים לפי הדף ביצה,כן,ביצה,כה:,פירוש,לא,
7213,קובץ מפרשים לפי הדף ביצה,כן,ביצה,כה:,פירוש,לא,
7214,קובץ מפרשים לפי הדף ביצה,כן,ביצה,כה:,פירוש,לא,
7215,קובץ מפרשים לפי הדף ביצה,כן,ביצה,כה:,פירוש,לא,
7216,קובץ מפרשים לפי הדף ביצה,כן,ביצה,כה:,פירוש,לא,
7217,קובץ מפרשים לפי הדף ביצה,כן,ביצה,כה:,פירוש,לא,
7218,קובץ מפרשים לפי הדף ביצה,כן,ביצה,כה:,פירוש,לא,
7219,קובץ מפרשים לפי הדף ביצה,כן,ביצה,כה:,פירוש,לא,
7220,קובץ מפרשים לפי הדף ביצה,כן,ביצה,כה:,פירוש,לא,
7222,קובץ מפרשים לפי הדף ביצה,כן,ביצה,כה:,פירוש,לא,
7224,קובץ מפרשים לפי הדף ביצה,כן,ביצה,כה:,פירוש,לא,
7225,קובץ מפרשים לפי הדף ביצה,כן,ביצה,כה:,פירוש,לא,
7227,קובץ מפרשים לפי הדף ביצה,כן,ביצה,כה:,פירוש,לא,
7229,קובץ מפרשים לפי הדף ביצה,כן,ביצה,כה:,פירוש,לא,
7232,קובץ מפרשים לפי הדף ביצה,כן,ביצה,כו.,פירוש,לא,
7233,קובץ מפרשים לפי הדף ביצה,כן,ביצה,כו.,פירוש,לא,
7234,קובץ מפרשים לפי הדף ביצה,כן,ביצה,כו.,פירוש,לא,
7235,קובץ מפרשים לפי הדף ביצה,כן,ביצה,כו.,פירוש,לא,
7236,קובץ מפרשים לפי הדף ביצה,כן,ביצה,כו.,פירוש,לא,
7237,קובץ מפרשים לפי הדף ביצה,כן,ביצה,כו.,פירוש,לא,
7238,קובץ מפרשים לפי הדף ביצה,כן,ביצה,כו.,פירוש,לא,
7239,קובץ מפרשים לפי הדף ביצה,כן,ביצה,כו.,פירוש,לא,
7240,קובץ מפרשים לפי הדף ביצה,כן,ביצה,כו.,פירוש,לא,
7241,קובץ מפרשים לפי הדף ביצה,כן,ביצה,כו.,פירוש,לא,
7242,קובץ מפרשים לפי הדף ביצה,כן,ביצה,כו.,פירוש,לא,
7243,קובץ מפרשים לפי הדף ביצה,כן,ביצה,כו.,פירוש,לא,
7245,קובץ מפרשים לפי הדף ביצה,כן,ביצה,כו.,פירוש,לא,
7246,קובץ מפרשים לפי הדף ביצה,כן,ביצה,כו.,פירוש,לא,
7248,קובץ מפרשים לפי הדף ביצה,כן,ביצה,כו.,פירוש,לא,
7249,קובץ מפרשים לפי הדף ביצה,כן,ביצה,כו.,פירוש,לא,
7250,קובץ מפרשים לפי הדף ביצה,כן,ביצה,כו.,פירוש,לא,
7251,קובץ מפרשים לפי הדף ביצה,כן,ביצה,כו.,פירוש,לא,
7253,קובץ מפרשים לפי הדף ביצה,כן,ביצה,כו.,פירוש,לא,
7255,קובץ מפרשים לפי הדף ביצה,כן,ביצה,כו.,פירוש,לא,
7256,קובץ מפרשים לפי הדף ביצה,כן,ביצה,כו.,פירוש,לא,
7258,קובץ מפרשים לפי הדף ביצה,כן,ביצה,כו.,פירוש,לא,
7259,קובץ מפרשים לפי הדף ביצה,כן,ביצה,כו.,פירוש,לא,
7260,קובץ מפרשים לפי הדף ביצה,כן,ביצה,כו.,פירוש,לא,
7262,קובץ מפרשים לפי הדף ביצה,כן,ביצה,כו.,פירוש,לא,
7263,קובץ מפרשים לפי הדף ביצה,כן,ביצה,כו.,פירוש,לא,
7264,קובץ מפרשים לפי הדף ביצה,כן,ביצה,כו.,פירוש,לא,
7266,קובץ מפרשים לפי הדף ביצה,כן,ביצה,כו.,פירוש,לא,
7267,קובץ מפרשים לפי הדף ביצה,כן,ביצה,כו.,פירוש,לא,
7268,קובץ מפרשים לפי הדף ביצה,כן,ביצה,כו.,פירוש,לא,
7269,קובץ מפרשים לפי הדף ביצה,כן,ביצה,כו.,פירוש,לא,
7270,קובץ מפרשים לפי הדף ביצה,כן,ביצה,כו.,פירוש,לא,
7272,קובץ מפרשים לפי הדף ביצה,כן,ביצה,כו.,פירוש,לא,
7273,קובץ מפרשים לפי הדף ביצה,כן,ביצה,כו.,פירוש,לא,
7274,קובץ מפרשים לפי הדף ביצה,כן,ביצה,כו.,פירוש,לא,
7275,קובץ מפרשים לפי הדף ביצה,כן,ביצה,כו.,פירוש,לא,
7276,קובץ מפרשים לפי הדף ביצה,כן,ביצה,כו.,פירוש,לא,
7277,קובץ מפרשים לפי הדף ביצה,כן,ביצה,כו.,פירוש,לא,
7278,קובץ מפרשים לפי הדף ביצה,כן,ביצה,כו.,פירוש,לא,
7279,קובץ מפרשים לפי הדף ביצה,כן,ביצה,כו.,פירוש,לא,
7281,קובץ מפרשים לפי הדף ביצה,כן,ביצה,כו.,פירוש,לא,
7282,קובץ מפרשים לפי הדף ביצה,כן,ביצה,כו.,פירוש,לא,
7283,קובץ מפרשים לפי הדף ביצה,כן,ביצה,כו.,פירוש,לא,
7285,קובץ מפרשים לפי הדף ביצה,כן,ביצה,כו.,פירוש,לא,
7286,קובץ מפרשים לפי הדף ביצה,כן,ביצה,כו.,פירוש,לא,
7287,קובץ מפרשים לפי הדף ביצה,כן,ביצה,כו.,פירוש,לא,
7288,קובץ מפרשים לפי הדף ביצה,כן,ביצה,כו.,פירוש,לא,
7289,קובץ מפרשים לפי הדף ביצה,כן,ביצה,כו.,פירוש,לא,
7290,קובץ מפרשים לפי הדף ביצה,כן,ביצה,כו.,פירוש,לא,
7291,קובץ מפרשים לפי הדף ביצה,כן,ביצה,כו.,פירוש,לא,
7292,קובץ מפרשים לפי הדף ביצה,כן,ביצה,כו.,פירוש,לא,
7293,קובץ מפרשים לפי הדף ביצה,כן,ביצה,כו.,פירוש,לא,
7294,קובץ מפרשים לפי הדף ביצה,כן,ביצה,כו.,פירוש,לא,
7295,קובץ מפרשים לפי הדף ביצה,כן,ביצה,כו.,פירוש,לא,
7296,קובץ מפרשים לפי הדף ביצה,כן,ביצה,כו.,פירוש,לא,
7297,קובץ מפרשים לפי הדף ביצה,כן,ביצה,כו.,פירוש,לא,
7298,קובץ מפרשים לפי הדף ביצה,כן,ביצה,כו.,פירוש,לא,
7299,קובץ מפרשים לפי הדף ביצה,כן,ביצה,כו.,פירוש,לא,
7300,קובץ מפרשים לפי הדף ביצה,כן,ביצה,כו.,פירוש,לא,
7301,קובץ מפרשים לפי הדף ביצה,כן,ביצה,כו.,פירוש,לא,
7302,קובץ מפרשים לפי הדף ביצה,כן,ביצה,כו.,פירוש,לא,
7303,קובץ מפרשים לפי הדף ביצה,כן,ביצה,כו.,פירוש,לא,
7304,קובץ מפרשים לפי הדף ביצה,כן,ביצה,כו.,פירוש,לא,
7305,קובץ מפרשים לפי הדף ביצה,כן,ביצה,כו.,פירוש,לא,
7306,קובץ מפרשים לפי הדף ביצה,כן,ביצה,כו.,פירוש,לא,
7307,קובץ מפרשים לפי הדף ביצה,כן,ביצה,כו.,פירוש,לא,
7308,קובץ מפרשים לפי הדף ביצה,כן,ביצה,כו.,פירוש,לא,
7310,קובץ מפרשים לפי הדף ביצה,כן,ביצה,כו.,פירוש,לא,
7311,קובץ מפרשים לפי הדף ביצה,כן,ביצה,כו.,פירוש,לא,
7312,קובץ מפרשים לפי הדף ביצה,כן,ביצה,כו.,פירוש,לא,
7313,קובץ מפרשים לפי הדף ביצה,כן,ביצה,כו.,פירוש,לא,
7314,קובץ מפרשים לפי הדף ביצה,כן,ביצה,כו.,פירוש,לא,
7315,קובץ מפרשים לפי הדף ביצה,כן,ביצה,כו.,פירוש,לא,
7316,קובץ מפרשים לפי הדף ביצה,כן,ביצה,כו.,פירוש,לא,
7317,קובץ מפרשים לפי הדף ביצה,כן,ביצה,כו.,פירוש,לא,
7318,קובץ מפרשים לפי הדף ביצה,כן,ביצה,כו.,פירוש,לא,
7319,קובץ מפרשים לפי הדף ביצה,כן,ביצה,כו.,פירוש,לא,
7320,קובץ מפרשים לפי הדף ביצה,כן,ביצה,כו.,פירוש,לא,
7321,קובץ מפרשים לפי הדף ביצה,כן,ביצה,כו.,פירוש,לא,
7322,קובץ מפרשים לפי הדף ביצה,כן,ביצה,כו.,פירוש,לא,
7323,קובץ מפרשים לפי הדף ביצה,כן,ביצה,כו.,פירוש,לא,
7324,קובץ מפרשים לפי הדף ביצה,כן,ביצה,כו.,פירוש,לא,
7325,קובץ מפרשים לפי הדף ביצה,כן,ביצה,כו.,פירוש,לא,
7326,קובץ מפרשים לפי הדף ביצה,כן,ביצה,כו.,פירוש,לא,
7327,קובץ מפרשים לפי הדף ביצה,כן,ביצה,כו.,פירוש,לא,
7329,קובץ מפרשים לפי הדף ביצה,כן,ביצה,כו.,פירוש,לא,
7330,קובץ מפרשים לפי הדף ביצה,כן,ביצה,כו.,פירוש,לא,
7331,קובץ מפרשים לפי הדף ביצה,כן,ביצה,כו.,פירוש,לא,
7333,קובץ מפרשים לפי הדף ביצה,כן,ביצה,כו.,פירוש,לא,
7335,קובץ מפרשים לפי הדף ביצה,כן,ביצה,כו.,פירוש,לא,
7336,קובץ מפרשים לפי הדף ביצה,כן,ביצה,כו.,פירוש,לא,
7337,קובץ מפרשים לפי הדף ביצה,כן,ביצה,כו.,פירוש,לא,
7338,קובץ מפרשים לפי הדף ביצה,כן,ביצה,כו.,פירוש,לא,
7340,קובץ מפרשים לפי הדף ביצה,כן,ביצה,כו.,פירוש,לא,
7341,קובץ מפרשים לפי הדף ביצה,כן,ביצה,כו.,פירוש,לא,
7342,קובץ מפרשים לפי הדף ביצה,כן,ביצה,כו.,פירוש,לא,
7343,קובץ מפרשים לפי הדף ביצה,כן,ביצה,כו.,פירוש,לא,
7345,קובץ מפרשים לפי הדף ביצה,כן,ביצה,כו.,פירוש,לא,
7346,קובץ מפרשים לפי הדף ביצה,כן,ביצה,כו.,פירוש,לא,
7347,קובץ מפרשים לפי הדף ביצה,כן,ביצה,כו.,פירוש,לא,
7348,קובץ מפרשים לפי הדף ביצה,כן,ביצה,כו.,פירוש,לא,
7349,קובץ מפרשים לפי הדף ביצה,כן,ביצה,כו.,פירוש,לא,
7350,קובץ מפרשים לפי הדף ביצה,כן,ביצה,כו.,פירוש,לא,
7351,קובץ מפרשים לפי הדף ביצה,כן,ביצה,כו.,פירוש,לא,
7352,קובץ מפרשים לפי הדף ביצה,כן,ביצה,כו.,פירוש,לא,
7353,קובץ מפרשים לפי הדף ביצה,כן,ביצה,כו.,פירוש,לא,
7354,קובץ מפרשים לפי הדף ביצה,כן,ביצה,כו.,פירוש,לא,
7357,קובץ מפרשים לפי הדף ביצה,כן,ביצה,כו:,פירוש,לא,
7358,קובץ מפרשים לפי הדף ביצה,כן,ביצה,כו:,פירוש,לא,
7359,קובץ מפרשים לפי הדף ביצה,כן,ביצה,כו:,פירוש,לא,
7361,קובץ מפרשים לפי הדף ביצה,כן,ביצה,כו:,פירוש,לא,
7362,קובץ מפרשים לפי הדף ביצה,כן,ביצה,כו:,פירוש,לא,
7363,קובץ מפרשים לפי הדף ביצה,כן,ביצה,כו:,פירוש,לא,
7364,קובץ מפרשים לפי הדף ביצה,כן,ביצה,כו:,פירוש,לא,
7365,קובץ מפרשים לפי הדף ביצה,כן,ביצה,כו:,פירוש,לא,
7366,קובץ מפרשים לפי הדף ביצה,כן,ביצה,כו:,פירוש,לא,
7367,קובץ מפרשים לפי הדף ביצה,כן,ביצה,כו:,פירוש,לא,
7368,קובץ מפרשים לפי הדף ביצה,כן,ביצה,כו:,פירוש,לא,
7370,קובץ מפרשים לפי הדף ביצה,כן,ביצה,כו:,פירוש,לא,
7371,קובץ מפרשים לפי הדף ביצה,כן,ביצה,כו:,פירוש,לא,
7372,קובץ מפרשים לפי הדף ביצה,כן,ביצה,כו:,פירוש,לא,
7374,קובץ מפרשים לפי הדף ביצה,כן,ביצה,כו:,פירוש,לא,
7375,קובץ מפרשים לפי הדף ביצה,כן,ביצה,כו:,פירוש,לא,
7376,קובץ מפרשים לפי הדף ביצה,כן,ביצה,כו:,פירוש,לא,
7377,קובץ מפרשים לפי הדף ביצה,כן,ביצה,כו:,פירוש,לא,
7378,קובץ מפרשים לפי הדף ביצה,כן,ביצה,כו:,פירוש,לא,
7379,קובץ מפרשים לפי הדף ביצה,כן,ביצה,כו:,פירוש,לא,
7380,קובץ מפרשים לפי הדף ביצה,כן,ביצה,כו:,פירוש,לא,
7381,קובץ מפרשים לפי הדף ביצה,כן,ביצה,כו:,פירוש,לא,
7382,קובץ מפרשים לפי הדף ביצה,כן,ביצה,כו:,פירוש,לא,
7383,קובץ מפרשים לפי הדף ביצה,כן,ביצה,כו:,פירוש,לא,
7385,קובץ מפרשים לפי הדף ביצה,כן,ביצה,כו:,פירוש,לא,
7386,קובץ מפרשים לפי הדף ביצה,כן,ביצה,כו:,פירוש,לא,
7387,קובץ מפרשים לפי הדף ביצה,כן,ביצה,כו:,פירוש,לא,
7388,קובץ מפרשים לפי הדף ביצה,כן,ביצה,כו:,פירוש,לא,
7389,קובץ מפרשים לפי הדף ביצה,כן,ביצה,כו:,פירוש,לא,
7390,קובץ מפרשים לפי הדף ביצה,כן,ביצה,כו:,פירוש,לא,
7392,קובץ מפרשים לפי הדף ביצה,כן,ביצה,כו:,פירוש,לא,
7393,קובץ מפרשים לפי הדף ביצה,כן,ביצה,כו:,פירוש,לא,
7395,קובץ מפרשים לפי הדף ביצה,כן,ביצה,כו:,פירוש,לא,
7396,קובץ מפרשים לפי הדף ביצה,כן,ביצה,כו:,פירוש,לא,
7397,קובץ מפרשים לפי הדף ביצה,כן,ביצה,כו:,פירוש,לא,
7399,קובץ מפרשים לפי הדף ביצה,כן,ביצה,כו:,פירוש,לא,
7400,קובץ מפרשים לפי הדף ביצה,כן,ביצה,כו:,פירוש,לא,
7401,קובץ מפרשים לפי הדף ביצה,כן,ביצה,כו:,פירוש,לא,
7402,קובץ מפרשים לפי הדף ביצה,כן,ביצה,כו:,פירוש,לא,
7403,קובץ מפרשים לפי הדף ביצה,כן,ביצה,כו:,פירוש,לא,
7405,קובץ מפרשים לפי הדף ביצה,כן,ביצה,כו:,פירוש,לא,
7406,קובץ מפרשים לפי הדף ביצה,כן,ביצה,כו:,פירוש,לא,
7407,קובץ מפרשים לפי הדף ביצה,כן,ביצה,כו:,פירוש,לא,
7408,קובץ מפרשים לפי הדף ביצה,כן,ביצה,כו:,פירוש,לא,
7409,קובץ מפרשים לפי הדף ביצה,כן,ביצה,כו:,פירוש,לא,
7410,קובץ מפרשים לפי הדף ביצה,כן,ביצה,כו:,פירוש,לא,
7411,קובץ מפרשים לפי הדף ביצה,כן,ביצה,כו:,פירוש,לא,
7413,קובץ מפרשים לפי הדף ביצה,כן,ביצה,כו:,פירוש,לא,
7414,קובץ מפרשים לפי הדף ביצה,כן,ביצה,כו:,פירוש,לא,
7415,קובץ מפרשים לפי הדף ביצה,כן,ביצה,כו:,פירוש,לא,
7416,קובץ מפרשים לפי הדף ביצה,כן,ביצה,כו:,פירוש,לא,
7417,קובץ מפרשים לפי הדף ביצה,כן,ביצה,כו:,פירוש,לא,
7418,קובץ מפרשים לפי הדף ביצה,כן,ביצה,כו:,פירוש,לא,
7419,קובץ מפרשים לפי הדף ביצה,כן,ביצה,כו:,פירוש,לא,
7420,קובץ מפרשים לפי הדף ביצה,כן,ביצה,כו:,פירוש,לא,
7421,קובץ מפרשים לפי הדף ביצה,כן,ביצה,כו:,פירוש,לא,
7422,קובץ מפרשים לפי הדף ביצה,כן,ביצה,כו:,פירוש,לא,
7423,קובץ מפרשים לפי הדף ביצה,כן,ביצה,כו:,פירוש,לא,
7424,קובץ מפרשים לפי הדף ביצה,כן,ביצה,כו:,פירוש,לא,
7425,קובץ מפרשים לפי הדף ביצה,כן,ביצה,כו:,פירוש,לא,
7426,קובץ מפרשים לפי הדף ביצה,כן,ביצה,כו:,פירוש,לא,
7427,קובץ מפרשים לפי הדף ביצה,כן,ביצה,כו:,פירוש,לא,
7428,קובץ מפרשים לפי הדף ביצה,כן,ביצה,כו:,פירוש,לא,
7429,קובץ מפרשים לפי הדף ביצה,כן,ביצה,כו:,פירוש,לא,
7430,קובץ מפרשים לפי הדף ביצה,כן,ביצה,כו:,פירוש,לא,
7431,קובץ מפרשים לפי הדף ביצה,כן,ביצה,כו:,פירוש,לא,
7432,קובץ מפרשים לפי הדף ביצה,כן,ביצה,כו:,פירוש,לא,
7433,קובץ מפרשים לפי הדף ביצה,כן,ביצה,כו:,פירוש,לא,
7434,קובץ מפרשים לפי הדף ביצה,כן,ביצה,כו:,פירוש,לא,
7435,קובץ מפרשים לפי הדף ביצה,כן,ביצה,כו:,פירוש,לא,
7436,קובץ מפרשים לפי הדף ביצה,כן,ביצה,כו:,פירוש,לא,
7437,קובץ מפרשים לפי הדף ביצה,כן,ביצה,כו:,פירוש,לא,
7438,קובץ מפרשים לפי הדף ביצה,כן,ביצה,כו:,פירוש,לא,
7439,קובץ מפרשים לפי הדף ביצה,כן,ביצה,כו:,פירוש,לא,
7441,קובץ מפרשים לפי הדף ביצה,כן,ביצה,כו:,פירוש,לא,
7442,קובץ מפרשים לפי הדף ביצה,כן,ביצה,כו:,פירוש,לא,
7443,קובץ מפרשים לפי הדף ביצה,כן,ביצה,כו:,פירוש,לא,
7444,קובץ מפרשים לפי הדף ביצה,כן,ביצה,כו:,פירוש,לא,
7445,קובץ מפרשים לפי הדף ביצה,כן,ביצה,כו:,פירוש,לא,
7446,קובץ מפרשים לפי הדף ביצה,כן,ביצה,כו:,פירוש,לא,
7448,קובץ מפרשים לפי הדף ביצה,כן,ביצה,כו:,פירוש,לא,
7450,קובץ מפרשים לפי הדף ביצה,כן,ביצה,כו:,פירוש,לא,
7451,קובץ מפרשים לפי הדף ביצה,כן,ביצה,כו:,פירוש,לא,
7452,קובץ מפרשים לפי הדף ביצה,כן,ביצה,כו:,פירוש,לא,
7453,קובץ מפרשים לפי הדף ביצה,כן,ביצה,כו:,פירוש,לא,
7454,קובץ מפרשים לפי הדף ביצה,כן,ביצה,כו:,פירוש,לא,
7455,קובץ מפרשים לפי הדף ביצה,כן,ביצה,כו:,פירוש,לא,
7456,קובץ מפרשים לפי הדף ביצה,כן,ביצה,כו:,פירוש,לא,
7458,קובץ מפרשים לפי הדף ביצה,כן,ביצה,כו:,פירוש,לא,
7460,קובץ מפרשים לפי הדף ביצה,כן,ביצה,כו:,פירוש,לא,
7462,קובץ מפרשים לפי הדף ביצה,כן,ביצה,כו:,פירוש,לא,
7464,קובץ מפרשים לפי הדף ביצה,כן,ביצה,כו:,פירוש,לא,
7465,קובץ מפרשים לפי הדף ביצה,כן,ביצה,כו:,פירוש,לא,
7468,קובץ מפרשים לפי הדף ביצה,כן,ביצה,כז.,פירוש,לא,
7470,קובץ מפרשים לפי הדף ביצה,כן,ביצה,כז.,פירוש,לא,
7471,קובץ מפרשים לפי הדף ביצה,כן,ביצה,כז.,פירוש,לא,
7472,קובץ מפרשים לפי הדף ביצה,כן,ביצה,כז.,פירוש,לא,
7473,קובץ מפרשים לפי הדף ביצה,כן,ביצה,כז.,פירוש,לא,
7474,קובץ מפרשים לפי הדף ביצה,כן,ביצה,כז.,פירוש,לא,
7475,קובץ מפרשים לפי הדף ביצה,כן,ביצה,כז.,פירוש,לא,
7476,קובץ מפרשים לפי הדף ביצה,כן,ביצה,כז.,פירוש,לא,
7477,קובץ מפרשים לפי הדף ביצה,כן,ביצה,כז.,פירוש,לא,
7478,קובץ מפרשים לפי הדף ביצה,כן,ביצה,כז.,פירוש,לא,
7480,קובץ מפרשים לפי הדף ביצה,כן,ביצה,כז.,פירוש,לא,
7481,קובץ מפרשים לפי הדף ביצה,כן,ביצה,כז.,פירוש,לא,
7483,קובץ מפרשים לפי הדף ביצה,כן,ביצה,כז.,פירוש,לא,
7485,קובץ מפרשים לפי הדף ביצה,כן,ביצה,כז.,פירוש,לא,
7487,קובץ מפרשים לפי הדף ביצה,כן,ביצה,כז.,פירוש,לא,
7488,קובץ מפרשים לפי הדף ביצה,כן,ביצה,כז.,פירוש,לא,
7489,קובץ מפרשים לפי הדף ביצה,כן,ביצה,כז.,פירוש,לא,
7491,קובץ מפרשים לפי הדף ביצה,כן,ביצה,כז.,פירוש,לא,
7492,קובץ מפרשים לפי הדף ביצה,כן,ביצה,כז.,פירוש,לא,
7494,קובץ מפרשים לפי הדף ביצה,כן,ביצה,כז.,פירוש,לא,
7496,קובץ מפרשים לפי הדף ביצה,כן,ביצה,כז.,פירוש,לא,
7497,קובץ מפרשים לפי הדף ביצה,כן,ביצה,כז.,פירוש,לא,
7498,קובץ מפרשים לפי הדף ביצה,כן,ביצה,כז.,פירוש,לא,
7499,קובץ מפרשים לפי הדף ביצה,כן,ביצה,כז.,פירוש,לא,
7501,קובץ מפרשים לפי הדף ביצה,כן,ביצה,כז.,פירוש,לא,
7503,קובץ מפרשים לפי הדף ביצה,כן,ביצה,כז.,פירוש,לא,
7505,קובץ מפרשים לפי הדף ביצה,כן,ביצה,כז.,פירוש,לא,
7507,קובץ מפרשים לפי הדף ביצה,כן,ביצה,כז.,פירוש,לא,
7509,קובץ מפרשים לפי הדף ביצה,כן,ביצה,כז.,פירוש,לא,
7511,קובץ מפרשים לפי הדף ביצה,כן,ביצה,כז.,פירוש,לא,
7512,קובץ מפרשים לפי הדף ביצה,כן,ביצה,כז.,פירוש,לא,
7515,קובץ מפרשים לפי הדף ביצה,כן,ביצה,כז:,פירוש,לא,
7516,קובץ מפרשים לפי הדף ביצה,כן,ביצה,כז:,פירוש,לא,
7517,קובץ מפרשים לפי הדף ביצה,כן,ביצה,כז:,פירוש,לא,
7518,קובץ מפרשים לפי הדף ביצה,כן,ביצה,כז:,פירוש,לא,
7519,קובץ מפרשים לפי הדף ביצה,כן,ביצה,כז:,פירוש,לא,
7520,קובץ מפרשים לפי הדף ביצה,כן,ביצה,כז:,פירוש,לא,
7522,קובץ מפרשים לפי הדף ביצה,כן,ביצה,כז:,פירוש,לא,
7523,קובץ מפרשים לפי הדף ביצה,כן,ביצה,כז:,פירוש,לא,
7524,קובץ מפרשים לפי הדף ביצה,כן,ביצה,כז:,פירוש,לא,
7525,קובץ מפרשים לפי הדף ביצה,כן,ביצה,כז:,פירוש,לא,
7526,קובץ מפרשים לפי הדף ביצה,כן,ביצה,כז:,פירוש,לא,
7527,קובץ מפרשים לפי הדף ביצה,כן,ביצה,כז:,פירוש,לא,
7528,קובץ מפרשים לפי הדף ביצה,כן,ביצה,כז:,פירוש,לא,
7529,קובץ מפרשים לפי הדף ביצה,כן,ביצה,כז:,פירוש,לא,
7530,קובץ מפרשים לפי הדף ביצה,כן,ביצה,כז:,פירוש,לא,
7531,קובץ מפרשים לפי הדף ביצה,כן,ביצה,כז:,פירוש,לא,
7533,קובץ מפרשים לפי הדף ביצה,כן,ביצה,כז:,פירוש,לא,
7534,קובץ מפרשים לפי הדף ביצה,כן,ביצה,כז:,פירוש,לא,
7535,קובץ מפרשים לפי הדף ביצה,כן,ביצה,כז:,פירוש,לא,
7537,קובץ מפרשים לפי הדף ביצה,כן,ביצה,כז:,פירוש,לא,
7538,קובץ מפרשים לפי הדף ביצה,כן,ביצה,כז:,פירוש,לא,
7539,קובץ מפרשים לפי הדף ביצה,כן,ביצה,כז:,פירוש,לא,
7540,קובץ מפרשים לפי הדף ביצה,כן,ביצה,כז:,פירוש,לא,
7541,קובץ מפרשים לפי הדף ביצה,כן,ביצה,כז:,פירוש,לא,
7542,קובץ מפרשים לפי הדף ביצה,כן,ביצה,כז:,פירוש,לא,
7543,קובץ מפרשים לפי הדף ביצה,כן,ביצה,כז:,פירוש,לא,
7544,קובץ מפרשים לפי הדף ביצה,כן,ביצה,כז:,פירוש,לא,
7545,קובץ מפרשים לפי הדף ביצה,כן,ביצה,כז:,פירוש,לא,
7546,קובץ מפרשים לפי הדף ביצה,כן,ביצה,כז:,פירוש,לא,
7547,קובץ מפרשים לפי הדף ביצה,כן,ביצה,כז:,פירוש,לא,
7548,קובץ מפרשים לפי הדף ביצה,כן,ביצה,כז:,פירוש,לא,
7549,קובץ מפרשים לפי הדף ביצה,כן,ביצה,כז:,פירוש,לא,
7550,קובץ מפרשים לפי הדף ביצה,כן,ביצה,כז:,פירוש,לא,
7551,קובץ מפרשים לפי הדף ביצה,כן,ביצה,כז:,פירוש,לא,
7552,קובץ מפרשים לפי הדף ביצה,כן,ביצה,כז:,פירוש,לא,
7553,קובץ מפרשים לפי הדף ביצה,כן,ביצה,כז:,פירוש,לא,
7555,קובץ מפרשים לפי הדף ביצה,כן,ביצה,כז:,פירוש,לא,
7556,קובץ מפרשים לפי הדף ביצה,כן,ביצה,כז:,פירוש,לא,
7557,קובץ מפרשים לפי הדף ביצה,כן,ביצה,כז:,פירוש,לא,
7559,קובץ מפרשים לפי הדף ביצה,כן,ביצה,כז:,פירוש,לא,
7561,קובץ מפרשים לפי הדף ביצה,כן,ביצה,כז:,פירוש,לא,
7563,קובץ מפרשים לפי הדף ביצה,כן,ביצה,כז:,פירוש,לא,
7565,קובץ מפרשים לפי הדף ביצה,כן,ביצה,כז:,פירוש,לא,
7566,קובץ מפרשים לפי הדף ביצה,כן,ביצה,כז:,פירוש,לא,
7568,קובץ מפרשים לפי הדף ביצה,כן,ביצה,כז:,פירוש,לא,
7569,קובץ מפרשים לפי הדף ביצה,כן,ביצה,כז:,פירוש,לא,
7570,קובץ מפרשים לפי הדף ביצה,כן,ביצה,כז:,פירוש,לא,
7571,קובץ מפרשים לפי הדף ביצה,כן,ביצה,כז:,פירוש,לא,
7572,קובץ מפרשים לפי הדף ביצה,כן,ביצה,כז:,פירוש,לא,
7573,קובץ מפרשים לפי הדף ביצה,כן,ביצה,כז:,פירוש,לא,
7575,קובץ מפרשים לפי הדף ביצה,כן,ביצה,כז:,פירוש,לא,
7576,קובץ מפרשים לפי הדף ביצה,כן,ביצה,כז:,פירוש,לא,
7577,קובץ מפרשים לפי הדף ביצה,כן,ביצה,כז:,פירוש,לא,
7578,קובץ מפרשים לפי הדף ביצה,כן,ביצה,כז:,פירוש,לא,
7579,קובץ מפרשים לפי הדף ביצה,כן,ביצה,כז:,פירוש,לא,
7581,קובץ מפרשים לפי הדף ביצה,כן,ביצה,כז:,פירוש,לא,
7582,קובץ מפרשים לפי הדף ביצה,כן,ביצה,כז:,פירוש,לא,
7583,קובץ מפרשים לפי הדף ביצה,כן,ביצה,כז:,פירוש,לא,
7584,קובץ מפרשים לפי הדף ביצה,כן,ביצה,כז:,פירוש,לא,
7586,קובץ מפרשים לפי הדף ביצה,כן,ביצה,כז:,פירוש,לא,
7587,קובץ מפרשים לפי הדף ביצה,כן,ביצה,כז:,פירוש,לא,
7588,קובץ מפרשים לפי הדף ביצה,כן,ביצה,כז:,פירוש,לא,
7589,קובץ מפרשים לפי הדף ביצה,כן,ביצה,כז:,פירוש,לא,
7590,קובץ מפרשים לפי הדף ביצה,כן,ביצה,כז:,פירוש,לא,
7591,קובץ מפרשים לפי הדף ביצה,כן,ביצה,כז:,פירוש,לא,
7593,קובץ מפרשים לפי הדף ביצה,כן,ביצה,כז:,פירוש,לא,
7594,קובץ מפרשים לפי הדף ביצה,כן,ביצה,כז:,פירוש,לא,
7595,קובץ מפרשים לפי הדף ביצה,כן,ביצה,כז:,פירוש,לא,
7596,קובץ מפרשים לפי הדף ביצה,כן,ביצה,כז:,פירוש,לא,
7597,קובץ מפרשים לפי הדף ביצה,כן,ביצה,כז:,פירוש,לא,
7598,קובץ מפרשים לפי הדף ביצה,כן,ביצה,כז:,פירוש,לא,
7599,קובץ מפרשים לפי הדף ביצה,כן,ביצה,כז:,פירוש,לא,
7600,קובץ מפרשים לפי הדף ביצה,כן,ביצה,כז:,פירוש,לא,
7601,קובץ מפרשים לפי הדף ביצה,כן,ביצה,כז:,פירוש,לא,
7603,קובץ מפרשים לפי הדף ביצה,כן,ביצה,כז:,פירוש,לא,
7605,קובץ מפרשים לפי הדף ביצה,כן,ביצה,כז:,פירוש,לא,
7606,קובץ מפרשים לפי הדף ביצה,כן,ביצה,כז:,פירוש,לא,
7607,קובץ מפרשים לפי הדף ביצה,כן,ביצה,כז:,פירוש,לא,
7609,קובץ מפרשים לפי הדף ביצה,כן,ביצה,כז:,פירוש,לא,
7610,קובץ מפרשים לפי הדף ביצה,כן,ביצה,כז:,פירוש,לא,
7611,קובץ מפרשים לפי הדף ביצה,כן,ביצה,כז:,פירוש,לא,
7612,קובץ מפרשים לפי הדף ביצה,כן,ביצה,כז:,פירוש,לא,
7613,קובץ מפרשים לפי הדף ביצה,כן,ביצה,כז:,פירוש,לא,
7614,קובץ מפרשים לפי הדף ביצה,כן,ביצה,כז:,פירוש,לא,
7615,קובץ מפרשים לפי הדף ביצה,כן,ביצה,כז:,פירוש,לא,
7617,קובץ מפרשים לפי הדף ביצה,כן,ביצה,כז:,פירוש,לא,
7619,קובץ מפרשים לפי הדף ביצה,כן,ביצה,כז:,פירוש,לא,
7620,קובץ מפרשים לפי הדף ביצה,כן,ביצה,כז:,פירוש,לא,
7621,קובץ מפרשים לפי הדף ביצה,כן,ביצה,כז:,פירוש,לא,
7622,קובץ מפרשים לפי הדף ביצה,כן,ביצה,כז:,פירוש,לא,
7623,קובץ מפרשים לפי הדף ביצה,כן,ביצה,כז:,פירוש,לא,
7625,קובץ מפרשים לפי הדף ביצה,כן,ביצה,כז:,פירוש,לא,
7626,קובץ מפרשים לפי הדף ביצה,כן,ביצה,כז:,פירוש,לא,
7627,קובץ מפרשים לפי הדף ביצה,כן,ביצה,כז:,פירוש,לא,
7629,קובץ מפרשים לפי הדף ביצה,כן,ביצה,כז:,פירוש,לא,
7630,קובץ מפרשים לפי הדף ביצה,כן,ביצה,כז:,פירוש,לא,
7631,קובץ מפרשים לפי הדף ביצה,כן,ביצה,כז:,פירוש,לא,
7632,קובץ מפרשים לפי הדף ביצה,כן,ביצה,כז:,פירוש,לא,
7633,קובץ מפרשים לפי הדף ביצה,כן,ביצה,כז:,פירוש,לא,
7634,קובץ מפרשים לפי הדף ביצה,כן,ביצה,כז:,פירוש,לא,
7635,קובץ מפרשים לפי הדף ביצה,כן,ביצה,כז:,פירוש,לא,
7636,קובץ מפרשים לפי הדף ביצה,כן,ביצה,כז:,פירוש,לא,
7637,קובץ מפרשים לפי הדף ביצה,כן,ביצה,כז:,פירוש,לא,
7638,קובץ מפרשים לפי הדף ביצה,כן,ביצה,כז:,פירוש,לא,
7639,קובץ מפרשים לפי הדף ביצה,כן,ביצה,כז:,פירוש,לא,
7640,קובץ מפרשים לפי הדף ביצה,כן,ביצה,כז:,פירוש,לא,
7641,קובץ מפרשים לפי הדף ביצה,כן,ביצה,כז:,פירוש,לא,
7642,קובץ מפרשים לפי הדף ביצה,כן,ביצה,כז:,פירוש,לא,
7645,קובץ מפרשים לפי הדף ביצה,כן,ביצה,כח.,פירוש,לא,
7646,קובץ מפרשים לפי הדף ביצה,כן,ביצה,כח.,פירוש,לא,
7647,קובץ מפרשים לפי הדף ביצה,כן,ביצה,כח.,פירוש,לא,
7648,קובץ מפרשים לפי הדף ביצה,כן,ביצה,כח.,פירוש,לא,
7649,קובץ מפרשים לפי הדף ביצה,כן,ביצה,כח.,פירוש,לא,
7650,קובץ מפרשים לפי הדף ביצה,כן,ביצה,כח.,פירוש,לא,
7652,קובץ מפרשים לפי הדף ביצה,כן,ביצה,כח.,פירוש,לא,
7653,קובץ מפרשים לפי הדף ביצה,כן,ביצה,כח.,פירוש,לא,
7654,קובץ מפרשים לפי הדף ביצה,כן,ביצה,כח.,פירוש,לא,
7655,קובץ מפרשים לפי הדף ביצה,כן,ביצה,כח.,פירוש,לא,
7656,קובץ מפרשים לפי הדף ביצה,כן,ביצה,כח.,פירוש,לא,
7657,קובץ מפרשים לפי הדף ביצה,כן,ביצה,כח.,פירוש,לא,
7658,קובץ מפרשים לפי הדף ביצה,כן,ביצה,כח.,פירוש,לא,
7659,קובץ מפרשים לפי הדף ביצה,כן,ביצה,כח.,פירוש,לא,
7660,קובץ מפרשים לפי הדף ביצה,כן,ביצה,כח.,פירוש,לא,
7661,קובץ מפרשים לפי הדף ביצה,כן,ביצה,כח.,פירוש,לא,
7662,קובץ מפרשים לפי הדף ביצה,כן,ביצה,כח.,פירוש,לא,
7663,קובץ מפרשים לפי הדף ביצה,כן,ביצה,כח.,פירוש,לא,
7664,קובץ מפרשים לפי הדף ביצה,כן,ביצה,כח.,פירוש,לא,
7665,קובץ מפרשים לפי הדף ביצה,כן,ביצה,כח.,פירוש,לא,
7666,קובץ מפרשים לפי הדף ביצה,כן,ביצה,כח.,פירוש,לא,
7667,קובץ מפרשים לפי הדף ביצה,כן,ביצה,כח.,פירוש,לא,
7668,קובץ מפרשים לפי הדף ביצה,כן,ביצה,כח.,פירוש,לא,
7669,קובץ מפרשים לפי הדף ביצה,כן,ביצה,כח.,פירוש,לא,
7670,קובץ מפרשים לפי הדף ביצה,כן,ביצה,כח.,פירוש,לא,
7671,קובץ מפרשים לפי הדף ביצה,כן,ביצה,כח.,פירוש,לא,
7672,קובץ מפרשים לפי הדף ביצה,כן,ביצה,כח.,פירוש,לא,
7673,קובץ מפרשים לפי הדף ביצה,כן,ביצה,כח.,פירוש,לא,
7674,קובץ מפרשים לפי הדף ביצה,כן,ביצה,כח.,פירוש,לא,
7675,קובץ מפרשים לפי הדף ביצה,כן,ביצה,כח.,פירוש,לא,
7676,קובץ מפרשים לפי הדף ביצה,כן,ביצה,כח.,פירוש,לא,
7677,קובץ מפרשים לפי הדף ביצה,כן,ביצה,כח.,פירוש,לא,
7678,קובץ מפרשים לפי הדף ביצה,כן,ביצה,כח.,פירוש,לא,
7679,קובץ מפרשים לפי הדף ביצה,כן,ביצה,כח.,פירוש,לא,
7680,קובץ מפרשים לפי הדף ביצה,כן,ביצה,כח.,פירוש,לא,
7681,קובץ מפרשים לפי הדף ביצה,כן,ביצה,כח.,פירוש,לא,
7682,קובץ מפרשים לפי הדף ביצה,כן,ביצה,כח.,פירוש,לא,
7683,קובץ מפרשים לפי הדף ביצה,כן,ביצה,כח.,פירוש,לא,
7684,קובץ מפרשים לפי הדף ביצה,כן,ביצה,כח.,פירוש,לא,
7685,קובץ מפרשים לפי הדף ביצה,כן,ביצה,כח.,פירוש,לא,
7686,קובץ מפרשים לפי הדף ביצה,כן,ביצה,כח.,פירוש,לא,
7687,קובץ מפרשים לפי הדף ביצה,כן,ביצה,כח.,פירוש,לא,
7688,קובץ מפרשים לפי הדף ביצה,כן,ביצה,כח.,פירוש,לא,
7689,קובץ מפרשים לפי הדף ביצה,כן,ביצה,כח.,פירוש,לא,
7691,קובץ מפרשים לפי הדף ביצה,כן,ביצה,כח.,פירוש,לא,
7692,קובץ מפרשים לפי הדף ביצה,כן,ביצה,כח.,פירוש,לא,
7693,קובץ מפרשים לפי הדף ביצה,כן,ביצה,כח.,פירוש,לא,
7694,קובץ מפרשים לפי הדף ביצה,כן,ביצה,כח.,פירוש,לא,
7695,קובץ מפרשים לפי הדף ביצה,כן,ביצה,כח.,פירוש,לא,
7697,קובץ מפרשים לפי הדף ביצה,כן,ביצה,כח.,פירוש,לא,
7698,קובץ מפרשים לפי הדף ביצה,כן,ביצה,כח.,פירוש,לא,
7699,קובץ מפרשים לפי הדף ביצה,כן,ביצה,כח.,פירוש,לא,
7700,קובץ מפרשים לפי הדף ביצה,כן,ביצה,כח.,פירוש,לא,
7701,קובץ מפרשים לפי הדף ביצה,כן,ביצה,כח.,פירוש,לא,
7703,קובץ מפרשים לפי הדף ביצה,כן,ביצה,כח.,פירוש,לא,
7704,קובץ מפרשים לפי הדף ביצה,כן,ביצה,כח.,פירוש,לא,
7705,קובץ מפרשים לפי הדף ביצה,כן,ביצה,כח.,פירוש,לא,
7707,קובץ מפרשים לפי הדף ביצה,כן,ביצה,כח.,פירוש,לא,
7709,קובץ מפרשים לפי הדף ביצה,כן,ביצה,כח.,פירוש,לא,
7711,קובץ מפרשים לפי הדף ביצה,כן,ביצה,כח.,פירוש,לא,
7712,קובץ מפרשים לפי הדף ביצה,כן,ביצה,כח.,פירוש,לא,
7714,קובץ מפרשים לפי הדף ביצה,כן,ביצה,כח.,פירוש,לא,
7715,קובץ מפרשים לפי הדף ביצה,כן,ביצה,כח.,פירוש,לא,
7717,קובץ מפרשים לפי הדף ביצה,כן,ביצה,כח.,פירוש,לא,
7718,קובץ מפרשים לפי הדף ביצה,כן,ביצה,כח.,פירוש,לא,
7719,קובץ מפרשים לפי הדף ביצה,כן,ביצה,כח.,פירוש,לא,
7720,קובץ מפרשים לפי הדף ביצה,כן,ביצה,כח.,פירוש,לא,
7721,קובץ מפרשים לפי הדף ביצה,כן,ביצה,כח.,פירוש,לא,
7723,קובץ מפרשים לפי הדף ביצה,כן,ביצה,כח.,פירוש,לא,
7724,קובץ מפרשים לפי הדף ביצה,כן,ביצה,כח.,פירוש,לא,
7725,קובץ מפרשים לפי הדף ביצה,כן,ביצה,כח.,פירוש,לא,
7726,קובץ מפרשים לפי הדף ביצה,כן,ביצה,כח.,פירוש,לא,
7727,קובץ מפרשים לפי הדף ביצה,כן,ביצה,כח.,פירוש,לא,
7728,קובץ מפרשים לפי הדף ביצה,כן,ביצה,כח.,פירוש,לא,
7730,קובץ מפרשים לפי הדף ביצה,כן,ביצה,כח.,פירוש,לא,
7731,קובץ מפרשים לפי הדף ביצה,כן,ביצה,כח.,פירוש,לא,
7732,קובץ מפרשים לפי הדף ביצה,כן,ביצה,כח.,פירוש,לא,
7733,קובץ מפרשים לפי הדף ביצה,כן,ביצה,כח.,פירוש,לא,
7734,קובץ מפרשים לפי הדף ביצה,כן,ביצה,כח.,פירוש,לא,
7735,קובץ מפרשים לפי הדף ביצה,כן,ביצה,כח.,פירוש,לא,
7736,קובץ מפרשים לפי הדף ביצה,כן,ביצה,כח.,פירוש,לא,
7737,קובץ מפרשים לפי הדף ביצה,כן,ביצה,כח.,פירוש,לא,
7738,קובץ מפרשים לפי הדף ביצה,כן,ביצה,כח.,פירוש,לא,
7739,קובץ מפרשים לפי הדף ביצה,כן,ביצה,כח.,פירוש,לא,
7740,קובץ מפרשים לפי הדף ביצה,כן,ביצה,כח.,פירוש,לא,
7741,קובץ מפרשים לפי הדף ביצה,כן,ביצה,כח.,פירוש,לא,
7743,קובץ מפרשים לפי הדף ביצה,כן,ביצה,כח.,פירוש,לא,
7744,קובץ מפרשים לפי הדף ביצה,כן,ביצה,כח.,פירוש,לא,
7745,קובץ מפרשים לפי הדף ביצה,כן,ביצה,כח.,פירוש,לא,
7746,קובץ מפרשים לפי הדף ביצה,כן,ביצה,כח.,פירוש,לא,
7747,קובץ מפרשים לפי הדף ביצה,כן,ביצה,כח.,פירוש,לא,
7748,קובץ מפרשים לפי הדף ביצה,כן,ביצה,כח.,פירוש,לא,
7750,קובץ מפרשים לפי הדף ביצה,כן,ביצה,כח.,פירוש,לא,
7752,קובץ מפרשים לפי הדף ביצה,כן,ביצה,כח.,פירוש,לא,
7754,קובץ מפרשים לפי הדף ביצה,כן,ביצה,כח.,פירוש,לא,
7755,קובץ מפרשים לפי הדף ביצה,כן,ביצה,כח.,פירוש,לא,
7757,קובץ מפרשים לפי הדף ביצה,כן,ביצה,כח.,פירוש,לא,
7758,קובץ מפרשים לפי הדף ביצה,כן,ביצה,כח.,פירוש,לא,
7759,קובץ מפרשים לפי הדף ביצה,כן,ביצה,כח.,פירוש,לא,
7761,קובץ מפרשים לפי הדף ביצה,כן,ביצה,כח.,פירוש,לא,
7762,קובץ מפרשים לפי הדף ביצה,כן,ביצה,כח.,פירוש,לא,
7763,קובץ מפרשים לפי הדף ביצה,כן,ביצה,כח.,פירוש,לא,
7764,קובץ מפרשים לפי הדף ביצה,כן,ביצה,כח.,פירוש,לא,
7765,קובץ מפרשים לפי הדף ביצה,כן,ביצה,כח.,פירוש,לא,
7766,קובץ מפרשים לפי הדף ביצה,כן,ביצה,כח.,פירוש,לא,
7767,קובץ מפרשים לפי הדף ביצה,כן,ביצה,כח.,פירוש,לא,
7769,קובץ מפרשים לפי הדף ביצה,כן,ביצה,כח.,פירוש,לא,
7772,קובץ מפרשים לפי הדף ביצה,כן,ביצה,כח:,פירוש,לא,
7773,קובץ מפרשים לפי הדף ביצה,כן,ביצה,כח:,פירוש,לא,
7774,קובץ מפרשים לפי הדף ביצה,כן,ביצה,כח:,פירוש,לא,
7775,קובץ מפרשים לפי הדף ביצה,כן,ביצה,כח:,פירוש,לא,
7776,קובץ מפרשים לפי הדף ביצה,כן,ביצה,כח:,פירוש,לא,
7777,קובץ מפרשים לפי הדף ביצה,כן,ביצה,כח:,פירוש,לא,
7779,קובץ מפרשים לפי הדף ביצה,כן,ביצה,כח:,פירוש,לא,
7780,קובץ מפרשים לפי הדף ביצה,כן,ביצה,כח:,פירוש,לא,
7781,קובץ מפרשים לפי הדף ביצה,כן,ביצה,כח:,פירוש,לא,
7782,קובץ מפרשים לפי הדף ביצה,כן,ביצה,כח:,פירוש,לא,
7783,קובץ מפרשים לפי הדף ביצה,כן,ביצה,כח:,פירוש,לא,
7784,קובץ מפרשים לפי הדף ביצה,כן,ביצה,כח:,פירוש,לא,
7785,קובץ מפרשים לפי הדף ביצה,כן,ביצה,כח:,פירוש,לא,
7786,קובץ מפרשים לפי הדף ביצה,כן,ביצה,כח:,פירוש,לא,
7787,קובץ מפרשים לפי הדף ביצה,כן,ביצה,כח:,פירוש,לא,
7788,קובץ מפרשים לפי הדף ביצה,כן,ביצה,כח:,פירוש,לא,
7789,קובץ מפרשים לפי הדף ביצה,כן,ביצה,כח:,פירוש,לא,
7790,קובץ מפרשים לפי הדף ביצה,כן,ביצה,כח:,פירוש,לא,
7791,קובץ מפרשים לפי הדף ביצה,כן,ביצה,כח:,פירוש,לא,
7792,קובץ מפרשים לפי הדף ביצה,כן,ביצה,כח:,פירוש,לא,
7793,קובץ מפרשים לפי הדף ביצה,כן,ביצה,כח:,פירוש,לא,
7794,קובץ מפרשים לפי הדף ביצה,כן,ביצה,כח:,פירוש,לא,
7795,קובץ מפרשים לפי הדף ביצה,כן,ביצה,כח:,פירוש,לא,
7796,קובץ מפרשים לפי הדף ביצה,כן,ביצה,כח:,פירוש,לא,
7798,קובץ מפרשים לפי הדף ביצה,כן,ביצה,כח:,פירוש,לא,
7799,קובץ מפרשים לפי הדף ביצה,כן,ביצה,כח:,פירוש,לא,
7800,קובץ מפרשים לפי הדף ביצה,כן,ביצה,כח:,פירוש,לא,
7801,קובץ מפרשים לפי הדף ביצה,כן,ביצה,כח:,פירוש,לא,
7802,קובץ מפרשים לפי הדף ביצה,כן,ביצה,כח:,פירוש,לא,
7804,קובץ מפרשים לפי הדף ביצה,כן,ביצה,כח:,פירוש,לא,
7805,קובץ מפרשים לפי הדף ביצה,כן,ביצה,כח:,פירוש,לא,
7806,קובץ מפרשים לפי הדף ביצה,כן,ביצה,כח:,פירוש,לא,
7807,קובץ מפרשים לפי הדף ביצה,כן,ביצה,כח:,פירוש,לא,
7808,קובץ מפרשים לפי הדף ביצה,כן,ביצה,כח:,פירוש,לא,
7809,קובץ מפרשים לפי הדף ביצה,כן,ביצה,כח:,פירוש,לא,
7810,קובץ מפרשים לפי הדף ביצה,כן,ביצה,כח:,פירוש,לא,
7811,קובץ מפרשים לפי הדף ביצה,כן,ביצה,כח:,פירוש,לא,
7812,קובץ מפרשים לפי הדף ביצה,כן,ביצה,כח:,פירוש,לא,
7813,קובץ מפרשים לפי הדף ביצה,כן,ביצה,כח:,פירוש,לא,
7814,קובץ מפרשים לפי הדף ביצה,כן,ביצה,כח:,פירוש,לא,
7815,קובץ מפרשים לפי הדף ביצה,כן,ביצה,כח:,פירוש,לא,
7817,קובץ מפרשים לפי הדף ביצה,כן,ביצה,כח:,פירוש,לא,
7818,קובץ מפרשים לפי הדף ביצה,כן,ביצה,כח:,פירוש,לא,
7819,קובץ מפרשים לפי הדף ביצה,כן,ביצה,כח:,פירוש,לא,
7820,קובץ מפרשים לפי הדף ביצה,כן,ביצה,כח:,פירוש,לא,
7822,קובץ מפרשים לפי הדף ביצה,כן,ביצה,כח:,פירוש,לא,
7823,קובץ מפרשים לפי הדף ביצה,כן,ביצה,כח:,פירוש,לא,
7824,קובץ מפרשים לפי הדף ביצה,כן,ביצה,כח:,פירוש,לא,
7826,קובץ מפרשים לפי הדף ביצה,כן,ביצה,כח:,פירוש,לא,
7827,קובץ מפרשים לפי הדף ביצה,כן,ביצה,כח:,פירוש,לא,
7829,קובץ מפרשים לפי הדף ביצה,כן,ביצה,כח:,פירוש,לא,
7830,קובץ מפרשים לפי הדף ביצה,כן,ביצה,כח:,פירוש,לא,
7832,קובץ מפרשים לפי הדף ביצה,כן,ביצה,כח:,פירוש,לא,
7833,קובץ מפרשים לפי הדף ביצה,כן,ביצה,כח:,פירוש,לא,
7835,קובץ מפרשים לפי הדף ביצה,כן,ביצה,כח:,פירוש,לא,
7836,קובץ מפרשים לפי הדף ביצה,כן,ביצה,כח:,פירוש,לא,
7837,קובץ מפרשים לפי הדף ביצה,כן,ביצה,כח:,פירוש,לא,
7838,קובץ מפרשים לפי הדף ביצה,כן,ביצה,כח:,פירוש,לא,
7839,קובץ מפרשים לפי הדף ביצה,כן,ביצה,כח:,פירוש,לא,
7841,קובץ מפרשים לפי הדף ביצה,כן,ביצה,כח:,פירוש,לא,
7842,קובץ מפרשים לפי הדף ביצה,כן,ביצה,כח:,פירוש,לא,
7843,קובץ מפרשים לפי הדף ביצה,כן,ביצה,כח:,פירוש,לא,
7845,קובץ מפרשים לפי הדף ביצה,כן,ביצה,כח:,פירוש,לא,
7846,קובץ מפרשים לפי הדף ביצה,כן,ביצה,כח:,פירוש,לא,
7847,קובץ מפרשים לפי הדף ביצה,כן,ביצה,כח:,פירוש,לא,
7848,קובץ מפרשים לפי הדף ביצה,כן,ביצה,כח:,פירוש,לא,
7849,קובץ מפרשים לפי הדף ביצה,כן,ביצה,כח:,פירוש,לא,
7851,קובץ מפרשים לפי הדף ביצה,כן,ביצה,כח:,פירוש,לא,
7852,קובץ מפרשים לפי הדף ביצה,כן,ביצה,כח:,פירוש,לא,
7854,קובץ מפרשים לפי הדף ביצה,כן,ביצה,כח:,פירוש,לא,
7855,קובץ מפרשים לפי הדף ביצה,כן,ביצה,כח:,פירוש,לא,
7856,קובץ מפרשים לפי הדף ביצה,כן,ביצה,כח:,פירוש,לא,
7857,קובץ מפרשים לפי הדף ביצה,כן,ביצה,כח:,פירוש,לא,
7858,קובץ מפרשים לפי הדף ביצה,כן,ביצה,כח:,פירוש,לא,
7859,קובץ מפרשים לפי הדף ביצה,כן,ביצה,כח:,פירוש,לא,
7860,קובץ מפרשים לפי הדף ביצה,כן,ביצה,כח:,פירוש,לא,
7861,קובץ מפרשים לפי הדף ביצה,כן,ביצה,כח:,פירוש,לא,
7862,קובץ מפרשים לפי הדף ביצה,כן,ביצה,כח:,פירוש,לא,
7863,קובץ מפרשים לפי הדף ביצה,כן,ביצה,כח:,פירוש,לא,
7864,קובץ מפרשים לפי הדף ביצה,כן,ביצה,כח:,פירוש,לא,
7865,קובץ מפרשים לפי הדף ביצה,כן,ביצה,כח:,פירוש,לא,
7867,קובץ מפרשים לפי הדף ביצה,כן,ביצה,כח:,פירוש,לא,
7868,קובץ מפרשים לפי הדף ביצה,כן,ביצה,כח:,פירוש,לא,
7869,קובץ מפרשים לפי הדף ביצה,כן,ביצה,כח:,פירוש,לא,
7870,קובץ מפרשים לפי הדף ביצה,כן,ביצה,כח:,פירוש,לא,
7872,קובץ מפרשים לפי הדף ביצה,כן,ביצה,כח:,פירוש,לא,
7874,קובץ מפרשים לפי הדף ביצה,כן,ביצה,כח:,פירוש,לא,
7876,קובץ מפרשים לפי הדף ביצה,כן,ביצה,כח:,פירוש,לא,
7878,קובץ מפרשים לפי הדף ביצה,כן,ביצה,כח:,פירוש,לא,
7879,קובץ מפרשים לפי הדף ביצה,כן,ביצה,כח:,פירוש,לא,
7880,קובץ מפרשים לפי הדף ביצה,כן,ביצה,כח:,פירוש,לא,
7882,קובץ מפרשים לפי הדף ביצה,כן,ביצה,כח:,פירוש,לא,
7885,קובץ מפרשים לפי הדף ביצה,כן,ביצה,כט.,פירוש,לא,
7886,קובץ מפרשים לפי הדף ביצה,כן,ביצה,כט.,פירוש,לא,
7888,קובץ מפרשים לפי הדף ביצה,כן,ביצה,כט.,פירוש,לא,
7889,קובץ מפרשים לפי הדף ביצה,כן,ביצה,כט.,פירוש,לא,
7890,קובץ מפרשים לפי הדף ביצה,כן,ביצה,כט.,פירוש,לא,
7891,קובץ מפרשים לפי הדף ביצה,כן,ביצה,כט.,פירוש,לא,
7892,קובץ מפרשים לפי הדף ביצה,כן,ביצה,כט.,פירוש,לא,
7893,קובץ מפרשים לפי הדף ביצה,כן,ביצה,כט.,פירוש,לא,
7894,קובץ מפרשים לפי הדף ביצה,כן,ביצה,כט.,פירוש,לא,
7895,קובץ מפרשים לפי הדף ביצה,כן,ביצה,כט.,פירוש,לא,
7896,קובץ מפרשים לפי הדף ביצה,כן,ביצה,כט.,פירוש,לא,
7898,קובץ מפרשים לפי הדף ביצה,כן,ביצה,כט.,פירוש,לא,
7899,קובץ מפרשים לפי הדף ביצה,כן,ביצה,כט.,פירוש,לא,
7900,קובץ מפרשים לפי הדף ביצה,כן,ביצה,כט.,פירוש,לא,
7902,קובץ מפרשים לפי הדף ביצה,כן,ביצה,כט.,פירוש,לא,
7903,קובץ מפרשים לפי הדף ביצה,כן,ביצה,כט.,פירוש,לא,
7905,קובץ מפרשים לפי הדף ביצה,כן,ביצה,כט.,פירוש,לא,
7906,קובץ מפרשים לפי הדף ביצה,כן,ביצה,כט.,פירוש,לא,
7907,קובץ מפרשים לפי הדף ביצה,כן,ביצה,כט.,פירוש,לא,
7908,קובץ מפרשים לפי הדף ביצה,כן,ביצה,כט.,פירוש,לא,
7910,קובץ מפרשים לפי הדף ביצה,כן,ביצה,כט.,פירוש,לא,
7912,קובץ מפרשים לפי הדף ביצה,כן,ביצה,כט.,פירוש,לא,
7913,קובץ מפרשים לפי הדף ביצה,כן,ביצה,כט.,פירוש,לא,
7915,קובץ מפרשים לפי הדף ביצה,כן,ביצה,כט.,פירוש,לא,
7916,קובץ מפרשים לפי הדף ביצה,כן,ביצה,כט.,פירוש,לא,
7918,קובץ מפרשים לפי הדף ביצה,כן,ביצה,כט.,פירוש,לא,
7919,קובץ מפרשים לפי הדף ביצה,כן,ביצה,כט.,פירוש,לא,
7920,קובץ מפרשים לפי הדף ביצה,כן,ביצה,כט.,פירוש,לא,
7921,קובץ מפרשים לפי הדף ביצה,כן,ביצה,כט.,פירוש,לא,
7922,קובץ מפרשים לפי הדף ביצה,כן,ביצה,כט.,פירוש,לא,
7923,קובץ מפרשים לפי הדף ביצה,כן,ביצה,כט.,פירוש,לא,
7925,קובץ מפרשים לפי הדף ביצה,כן,ביצה,כט.,פירוש,לא,
7926,קובץ מפרשים לפי הדף ביצה,כן,ביצה,כט.,פירוש,לא,
7927,קובץ מפרשים לפי הדף ביצה,כן,ביצה,כט.,פירוש,לא,
7929,קובץ מפרשים לפי הדף ביצה,כן,ביצה,כט.,פירוש,לא,
7930,קובץ מפרשים לפי הדף ביצה,כן,ביצה,כט.,פירוש,לא,
7932,קובץ מפרשים לפי הדף ביצה,כן,ביצה,כט.,פירוש,לא,
7934,קובץ מפרשים לפי הדף ביצה,כן,ביצה,כט.,פירוש,לא,
7935,קובץ מפרשים לפי הדף ביצה,כן,ביצה,כט.,פירוש,לא,
7936,קובץ מפרשים לפי הדף ביצה,כן,ביצה,כט.,פירוש,לא,
7937,קובץ מפרשים לפי הדף ביצה,כן,ביצה,כט.,פירוש,לא,
7938,קובץ מפרשים לפי הדף ביצה,כן,ביצה,כט.,פירוש,לא,
7940,קובץ מפרשים לפי הדף ביצה,כן,ביצה,כט.,פירוש,לא,
7942,קובץ מפרשים לפי הדף ביצה,כן,ביצה,כט.,פירוש,לא,
7943,קובץ מפרשים לפי הדף ביצה,כן,ביצה,כט.,פירוש,לא,
7944,קובץ מפרשים לפי הדף ביצה,כן,ביצה,כט.,פירוש,לא,
7945,קובץ מפרשים לפי הדף ביצה,כן,ביצה,כט.,פירוש,לא,
7947,קובץ מפרשים לפי הדף ביצה,כן,ביצה,כט.,פירוש,לא,
7948,קובץ מפרשים לפי הדף ביצה,כן,ביצה,כט.,פירוש,לא,
7951,קובץ מפרשים לפי הדף ביצה,כן,ביצה,כט:,פירוש,לא,
7952,קובץ מפרשים לפי הדף ביצה,כן,ביצה,כט:,פירוש,לא,
7953,קובץ מפרשים לפי הדף ביצה,כן,ביצה,כט:,פירוש,לא,
7954,קובץ מפרשים לפי הדף ביצה,כן,ביצה,כט:,פירוש,לא,
7955,קובץ מפרשים לפי הדף ביצה,כן,ביצה,כט:,פירוש,לא,
7956,קובץ מפרשים לפי הדף ביצה,כן,ביצה,כט:,פירוש,לא,
7957,קובץ מפרשים לפי הדף ביצה,כן,ביצה,כט:,פירוש,לא,
7959,קובץ מפרשים לפי הדף ביצה,כן,ביצה,כט:,פירוש,לא,
7960,קובץ מפרשים לפי הדף ביצה,כן,ביצה,כט:,פירוש,לא,
7961,קובץ מפרשים לפי הדף ביצה,כן,ביצה,כט:,פירוש,לא,
7962,קובץ מפרשים לפי הדף ביצה,כן,ביצה,כט:,פירוש,לא,
7963,קובץ מפרשים לפי הדף ביצה,כן,ביצה,כט:,פירוש,לא,
7964,קובץ מפרשים לפי הדף ביצה,כן,ביצה,כט:,פירוש,לא,
7965,קובץ מפרשים לפי הדף ביצה,כן,ביצה,כט:,פירוש,לא,
7966,קובץ מפרשים לפי הדף ביצה,כן,ביצה,כט:,פירוש,לא,
7967,קובץ מפרשים לפי הדף ביצה,כן,ביצה,כט:,פירוש,לא,
7968,קובץ מפרשים לפי הדף ביצה,כן,ביצה,כט:,פירוש,לא,
7969,קובץ מפרשים לפי הדף ביצה,כן,ביצה,כט:,פירוש,לא,
7970,קובץ מפרשים לפי הדף ביצה,כן,ביצה,כט:,פירוש,לא,
7971,קובץ מפרשים לפי הדף ביצה,כן,ביצה,כט:,פירוש,לא,
7972,קובץ מפרשים לפי הדף ביצה,כן,ביצה,כט:,פירוש,לא,
7973,קובץ מפרשים לפי הדף ביצה,כן,ביצה,כט:,פירוש,לא,
7974,קובץ מפרשים לפי הדף ביצה,כן,ביצה,כט:,פירוש,לא,
7975,קובץ מפרשים לפי הדף ביצה,כן,ביצה,כט:,פירוש,לא,
7976,קובץ מפרשים לפי הדף ביצה,כן,ביצה,כט:,פירוש,לא,
7977,קובץ מפרשים לפי הדף ביצה,כן,ביצה,כט:,פירוש,לא,
7978,קובץ מפרשים לפי הדף ביצה,כן,ביצה,כט:,פירוש,לא,
7979,קובץ מפרשים לפי הדף ביצה,כן,ביצה,כט:,פירוש,לא,
7980,קובץ מפרשים לפי הדף ביצה,כן,ביצה,כט:,פירוש,לא,
7981,קובץ מפרשים לפי הדף ביצה,כן,ביצה,כט:,פירוש,לא,
7983,קובץ מפרשים לפי הדף ביצה,כן,ביצה,כט:,פירוש,לא,
7984,קובץ מפרשים לפי הדף ביצה,כן,ביצה,כט:,פירוש,לא,
7985,קובץ מפרשים לפי הדף ביצה,כן,ביצה,כט:,פירוש,לא,
7987,קובץ מפרשים לפי הדף ביצה,כן,ביצה,כט:,פירוש,לא,
7988,קובץ מפרשים לפי הדף ביצה,כן,ביצה,כט:,פירוש,לא,
7989,קובץ מפרשים לפי הדף ביצה,כן,ביצה,כט:,פירוש,לא,
7990,קובץ מפרשים לפי הדף ביצה,כן,ביצה,כט:,פירוש,לא,
7991,קובץ מפרשים לפי הדף ביצה,כן,ביצה,כט:,פירוש,לא,
7992,קובץ מפרשים לפי הדף ביצה,כן,ביצה,כט:,פירוש,לא,
7993,קובץ מפרשים לפי הדף ביצה,כן,ביצה,כט:,פירוש,לא,
7994,קובץ מפרשים לפי הדף ביצה,כן,ביצה,כט:,פירוש,לא,
7995,קובץ מפרשים לפי הדף ביצה,כן,ביצה,כט:,פירוש,לא,
7996,קובץ מפרשים לפי הדף ביצה,כן,ביצה,כט:,פירוש,לא,
7997,קובץ מפרשים לפי הדף ביצה,כן,ביצה,כט:,פירוש,לא,
7998,קובץ מפרשים לפי הדף ביצה,כן,ביצה,כט:,פירוש,לא,
7999,קובץ מפרשים לפי הדף ביצה,כן,ביצה,כט:,פירוש,לא,
8000,קובץ מפרשים לפי הדף ביצה,כן,ביצה,כט:,פירוש,לא,
8001,קובץ מפרשים לפי הדף ביצה,כן,ביצה,כט:,פירוש,לא,
8003,קובץ מפרשים לפי הדף ביצה,כן,ביצה,כט:,פירוש,לא,
8004,קובץ מפרשים לפי הדף ביצה,כן,ביצה,כט:,פירוש,לא,
8005,קובץ מפרשים לפי הדף ביצה,כן,ביצה,כט:,פירוש,לא,
8006,קובץ מפרשים לפי הדף ביצה,כן,ביצה,כט:,פירוש,לא,
8007,קובץ מפרשים לפי הדף ביצה,כן,ביצה,כט:,פירוש,לא,
8009,קובץ מפרשים לפי הדף ביצה,כן,ביצה,כט:,פירוש,לא,
8011,קובץ מפרשים לפי הדף ביצה,כן,ביצה,כט:,פירוש,לא,
8012,קובץ מפרשים לפי הדף ביצה,כן,ביצה,כט:,פירוש,לא,
8014,קובץ מפרשים לפי הדף ביצה,כן,ביצה,כט:,פירוש,לא,
8015,קובץ מפרשים לפי הדף ביצה,כן,ביצה,כט:,פירוש,לא,
8016,קובץ מפרשים לפי הדף ביצה,כן,ביצה,כט:,פירוש,לא,
8017,קובץ מפרשים לפי הדף ביצה,כן,ביצה,כט:,פירוש,לא,
8018,קובץ מפרשים לפי הדף ביצה,כן,ביצה,כט:,פירוש,לא,
8019,קובץ מפרשים לפי הדף ביצה,כן,ביצה,כט:,פירוש,לא,
8021,קובץ מפרשים לפי הדף ביצה,כן,ביצה,כט:,פירוש,לא,
8022,קובץ מפרשים לפי הדף ביצה,כן,ביצה,כט:,פירוש,לא,
8023,קובץ מפרשים לפי הדף ביצה,כן,ביצה,כט:,פירוש,לא,
8024,קובץ מפרשים לפי הדף ביצה,כן,ביצה,כט:,פירוש,לא,
8025,קובץ מפרשים לפי הדף ביצה,כן,ביצה,כט:,פירוש,לא,
8027,קובץ מפרשים לפי הדף ביצה,כן,ביצה,כט:,פירוש,לא,
8028,קובץ מפרשים לפי הדף ביצה,כן,ביצה,כט:,פירוש,לא,
8029,קובץ מפרשים לפי הדף ביצה,כן,ביצה,כט:,פירוש,לא,
8030,קובץ מפרשים לפי הדף ביצה,כן,ביצה,כט:,פירוש,לא,
8031,קובץ מפרשים לפי הדף ביצה,כן,ביצה,כט:,פירוש,לא,
8033,קובץ מפרשים לפי הדף ביצה,כן,ביצה,כט:,פירוש,לא,
8034,קובץ מפרשים לפי הדף ביצה,כן,ביצה,כט:,פירוש,לא,
8035,קובץ מפרשים לפי הדף ביצה,כן,ביצה,כט:,פירוש,לא,
8036,קובץ מפרשים לפי הדף ביצה,כן,ביצה,כט:,פירוש,לא,
8037,קובץ מפרשים לפי הדף ביצה,כן,ביצה,כט:,פירוש,לא,
8039,קובץ מפרשים לפי הדף ביצה,כן,ביצה,כט:,פירוש,לא,
8040,קובץ מפרשים לפי הדף ביצה,כן,ביצה,כט:,פירוש,לא,
8041,קובץ מפרשים לפי הדף ביצה,כן,ביצה,כט:,פירוש,לא,
8043,קובץ מפרשים לפי הדף ביצה,כן,ביצה,כט:,פירוש,לא,
8044,קובץ מפרשים לפי הדף ביצה,כן,ביצה,כט:,פירוש,לא,
8045,קובץ מפרשים לפי הדף ביצה,כן,ביצה,כט:,פירוש,לא,
8047,קובץ מפרשים לפי הדף ביצה,כן,ביצה,כט:,פירוש,לא,
8048,קובץ מפרשים לפי הדף ביצה,כן,ביצה,כט:,פירוש,לא,
8049,קובץ מפרשים לפי הדף ביצה,כן,ביצה,כט:,פירוש,לא,
8050,קובץ מפרשים לפי הדף ביצה,כן,ביצה,כט:,פירוש,לא,
8051,קובץ מפרשים לפי הדף ביצה,כן,ביצה,כט:,פירוש,לא,
8052,קובץ מפרשים לפי הדף ביצה,כן,ביצה,כט:,פירוש,לא,
8053,קובץ מפרשים לפי הדף ביצה,כן,ביצה,כט:,פירוש,לא,
8054,קובץ מפרשים לפי הדף ביצה,כן,ביצה,כט:,פירוש,לא,
8055,קובץ מפרשים לפי הדף ביצה,כן,ביצה,כט:,פירוש,לא,
8057,קובץ מפרשים לפי הדף ביצה,כן,ביצה,כט:,פירוש,לא,
8059,קובץ מפרשים לפי הדף ביצה,כן,ביצה,כט:,פירוש,לא,
8060,קובץ מפרשים לפי הדף ביצה,כן,ביצה,כט:,פירוש,לא,
8061,קובץ מפרשים לפי הדף ביצה,כן,ביצה,כט:,פירוש,לא,
8062,קובץ מפרשים לפי הדף ביצה,כן,ביצה,כט:,פירוש,לא,
8063,קובץ מפרשים לפי הדף ביצה,כן,ביצה,כט:,פירוש,לא,
8064,קובץ מפרשים לפי הדף ביצה,כן,ביצה,כט:,פירוש,לא,
8066,קובץ מפרשים לפי הדף ביצה,כן,ביצה,כט:,פירוש,לא,
8068,קובץ מפרשים לפי הדף ביצה,כן,ביצה,כט:,פירוש,לא,
8069,קובץ מפרשים לפי הדף ביצה,כן,ביצה,כט:,פירוש,לא,
8071,קובץ מפרשים לפי הדף ביצה,כן,ביצה,כט:,פירוש,לא,
8073,קובץ מפרשים לפי הדף ביצה,כן,ביצה,כט:,פירוש,לא,
8074,קובץ מפרשים לפי הדף ביצה,כן,ביצה,כט:,פירוש,לא,
8076,קובץ מפרשים לפי הדף ביצה,כן,ביצה,כט:,פירוש,לא,
8077,קובץ מפרשים לפי הדף ביצה,כן,ביצה,כט:,פירוש,לא,
8078,קובץ מפרשים לפי הדף ביצה,כן,ביצה,כט:,פירוש,לא,
8079,קובץ מפרשים לפי הדף ביצה,כן,ביצה,כט:,פירוש,לא,
8080,קובץ מפרשים לפי הדף ביצה,כן,ביצה,כט:,פירוש,לא,
8081,קובץ מפרשים לפי הדף ביצה,כן,ביצה,כט:,פירוש,לא,
8084,קובץ מפרשים לפי הדף ביצה,כן,ביצה,ל.,פירוש,לא,
8085,קובץ מפרשים לפי הדף ביצה,כן,ביצה,ל.,פירוש,לא,
8086,קובץ מפרשים לפי הדף ביצה,כן,ביצה,ל.,פירוש,לא,
8087,קובץ מפרשים לפי הדף ביצה,כן,ביצה,ל.,פירוש,לא,
8088,קובץ מפרשים לפי הדף ביצה,כן,ביצה,ל.,פירוש,לא,
8089,קובץ מפרשים לפי הדף ביצה,כן,ביצה,ל.,פירוש,לא,
8091,קובץ מפרשים לפי הדף ביצה,כן,ביצה,ל.,פירוש,לא,
8092,קובץ מפרשים לפי הדף ביצה,כן,ביצה,ל.,פירוש,לא,
8093,קובץ מפרשים לפי הדף ביצה,כן,ביצה,ל.,פירוש,לא,
8094,קובץ מפרשים לפי הדף ביצה,כן,ביצה,ל.,פירוש,לא,
8095,קובץ מפרשים לפי הדף ביצה,כן,ביצה,ל.,פירוש,לא,
8096,קובץ מפרשים לפי הדף ביצה,כן,ביצה,ל.,פירוש,לא,
8097,קובץ מפרשים לפי הדף ביצה,כן,ביצה,ל.,פירוש,לא,
8098,קובץ מפרשים לפי הדף ביצה,כן,ביצה,ל.,פירוש,לא,
8099,קובץ מפרשים לפי הדף ביצה,כן,ביצה,ל.,פירוש,לא,
8100,קובץ מפרשים לפי הדף ביצה,כן,ביצה,ל.,פירוש,לא,
8101,קובץ מפרשים לפי הדף ביצה,כן,ביצה,ל.,פירוש,לא,
8102,קובץ מפרשים לפי הדף ביצה,כן,ביצה,ל.,פירוש,לא,
8103,קובץ מפרשים לפי הדף ביצה,כן,ביצה,ל.,פירוש,לא,
8104,קובץ מפרשים לפי הדף ביצה,כן,ביצה,ל.,פירוש,לא,
8105,קובץ מפרשים לפי הדף ביצה,כן,ביצה,ל.,פירוש,לא,
8106,קובץ מפרשים לפי הדף ביצה,כן,ביצה,ל.,פירוש,לא,
8107,קובץ מפרשים לפי הדף ביצה,כן,ביצה,ל.,פירוש,לא,
8108,קובץ מפרשים לפי הדף ביצה,כן,ביצה,ל.,פירוש,לא,
8109,קובץ מפרשים לפי הדף ביצה,כן,ביצה,ל.,פירוש,לא,
8110,קובץ מפרשים לפי הדף ביצה,כן,ביצה,ל.,פירוש,לא,
8111,קובץ מפרשים לפי הדף ביצה,כן,ביצה,ל.,פירוש,לא,
8113,קובץ מפרשים לפי הדף ביצה,כן,ביצה,ל.,פירוש,לא,
8115,קובץ מפרשים לפי הדף ביצה,כן,ביצה,ל.,פירוש,לא,
8116,קובץ מפרשים לפי הדף ביצה,כן,ביצה,ל.,פירוש,לא,
8117,קובץ מפרשים לפי הדף ביצה,כן,ביצה,ל.,פירוש,לא,
8119,קובץ מפרשים לפי הדף ביצה,כן,ביצה,ל.,פירוש,לא,
8120,קובץ מפרשים לפי הדף ביצה,כן,ביצה,ל.,פירוש,לא,
8121,קובץ מפרשים לפי הדף ביצה,כן,ביצה,ל.,פירוש,לא,
8122,קובץ מפרשים לפי הדף ביצה,כן,ביצה,ל.,פירוש,לא,
8124,קובץ מפרשים לפי הדף ביצה,כן,ביצה,ל.,פירוש,לא,
8125,קובץ מפרשים לפי הדף ביצה,כן,ביצה,ל.,פירוש,לא,
8127,קובץ מפרשים לפי הדף ביצה,כן,ביצה,ל.,פירוש,לא,
8128,קובץ מפרשים לפי הדף ביצה,כן,ביצה,ל.,פירוש,לא,
8129,קובץ מפרשים לפי הדף ביצה,כן,ביצה,ל.,פירוש,לא,
8130,קובץ מפרשים לפי הדף ביצה,כן,ביצה,ל.,פירוש,לא,
8131,קובץ מפרשים לפי הדף ביצה,כן,ביצה,ל.,פירוש,לא,
8132,קובץ מפרשים לפי הדף ביצה,כן,ביצה,ל.,פירוש,לא,
8133,קובץ מפרשים לפי הדף ביצה,כן,ביצה,ל.,פירוש,לא,
8135,קובץ מפרשים לפי הדף ביצה,כן,ביצה,ל.,פירוש,לא,
8136,קובץ מפרשים לפי הדף ביצה,כן,ביצה,ל.,פירוש,לא,
8137,קובץ מפרשים לפי הדף ביצה,כן,ביצה,ל.,פירוש,לא,
8138,קובץ מפרשים לפי הדף ביצה,כן,ביצה,ל.,פירוש,לא,
8140,קובץ מפרשים לפי הדף ביצה,כן,ביצה,ל.,פירוש,לא,
8141,קובץ מפרשים לפי הדף ביצה,כן,ביצה,ל.,פירוש,לא,
8143,קובץ מפרשים לפי הדף ביצה,כן,ביצה,ל.,פירוש,לא,
8145,קובץ מפרשים לפי הדף ביצה,כן,ביצה,ל.,פירוש,לא,
8146,קובץ מפרשים לפי הדף ביצה,כן,ביצה,ל.,פירוש,לא,
8147,קובץ מפרשים לפי הדף ביצה,כן,ביצה,ל.,פירוש,לא,
8149,קובץ מפרשים לפי הדף ביצה,כן,ביצה,ל.,פירוש,לא,
8150,קובץ מפרשים לפי הדף ביצה,כן,ביצה,ל.,פירוש,לא,
8151,קובץ מפרשים לפי הדף ביצה,כן,ביצה,ל.,פירוש,לא,
8152,קובץ מפרשים לפי הדף ביצה,כן,ביצה,ל.,פירוש,לא,
8154,קובץ מפרשים לפי הדף ביצה,כן,ביצה,ל.,פירוש,לא,
8155,קובץ מפרשים לפי הדף ביצה,כן,ביצה,ל.,פירוש,לא,
8156,קובץ מפרשים לפי הדף ביצה,כן,ביצה,ל.,פירוש,לא,
8157,קובץ מפרשים לפי הדף ביצה,כן,ביצה,ל.,פירוש,לא,
8158,קובץ מפרשים לפי הדף ביצה,כן,ביצה,ל.,פירוש,לא,
8159,קובץ מפרשים לפי הדף ביצה,כן,ביצה,ל.,פירוש,לא,
8160,קובץ מפרשים לפי הדף ביצה,כן,ביצה,ל.,פירוש,לא,
8161,קובץ מפרשים לפי הדף ביצה,כן,ביצה,ל.,פירוש,לא,
8163,קובץ מפרשים לפי הדף ביצה,כן,ביצה,ל.,פירוש,לא,
8164,קובץ מפרשים לפי הדף ביצה,כן,ביצה,ל.,פירוש,לא,
8166,קובץ מפרשים לפי הדף ביצה,כן,ביצה,ל.,פירוש,לא,
8167,קובץ מפרשים לפי הדף ביצה,כן,ביצה,ל.,פירוש,לא,
8168,קובץ מפרשים לפי הדף ביצה,כן,ביצה,ל.,פירוש,לא,
8170,קובץ מפרשים לפי הדף ביצה,כן,ביצה,ל.,פירוש,לא,
8172,קובץ מפרשים לפי הדף ביצה,כן,ביצה,ל.,פירוש,לא,
8174,קובץ מפרשים לפי הדף ביצה,כן,ביצה,ל.,פירוש,לא,
8176,קובץ מפרשים לפי הדף ביצה,כן,ביצה,ל.,פירוש,לא,
8178,קובץ מפרשים לפי הדף ביצה,כן,ביצה,ל.,פירוש,לא,
8179,קובץ מפרשים לפי הדף ביצה,כן,ביצה,ל.,פירוש,לא,
8180,קובץ מפרשים לפי הדף ביצה,כן,ביצה,ל.,פירוש,לא,
8181,קובץ מפרשים לפי הדף ביצה,כן,ביצה,ל.,פירוש,לא,
8182,קובץ מפרשים לפי הדף ביצה,כן,ביצה,ל.,פירוש,לא,
8183,קובץ מפרשים לפי הדף ביצה,כן,ביצה,ל.,פירוש,לא,
8184,קובץ מפרשים לפי הדף ביצה,כן,ביצה,ל.,פירוש,לא,
8185,קובץ מפרשים לפי הדף ביצה,כן,ביצה,ל.,פירוש,לא,
8186,קובץ מפרשים לפי הדף ביצה,כן,ביצה,ל.,פירוש,לא,
8187,קובץ מפרשים לפי הדף ביצה,כן,ביצה,ל.,פירוש,לא,
8188,קובץ מפרשים לפי הדף ביצה,כן,ביצה,ל.,פירוש,לא,
8189,קובץ מפרשים לפי הדף ביצה,כן,ביצה,ל.,פירוש,לא,
8190,קובץ מפרשים לפי הדף ביצה,כן,ביצה,ל.,פירוש,לא,
8191,קובץ מפרשים לפי הדף ביצה,כן,ביצה,ל.,פירוש,לא,
8192,קובץ מפרשים לפי הדף ביצה,כן,ביצה,ל.,פירוש,לא,
8195,קובץ מפרשים לפי הדף ביצה,כן,ביצה,ל:,פירוש,לא,
8196,קובץ מפרשים לפי הדף ביצה,כן,ביצה,ל:,פירוש,לא,
8197,קובץ מפרשים לפי הדף ביצה,כן,ביצה,ל:,פירוש,לא,
8198,קובץ מפרשים לפי הדף ביצה,כן,ביצה,ל:,פירוש,לא,
8199,קובץ מפרשים לפי הדף ביצה,כן,ביצה,ל:,פירוש,לא,
8200,קובץ מפרשים לפי הדף ביצה,כן,ביצה,ל:,פירוש,לא,
8201,קובץ מפרשים לפי הדף ביצה,כן,ביצה,ל:,פירוש,לא,
8202,קובץ מפרשים לפי הדף ביצה,כן,ביצה,ל:,פירוש,לא,
8203,קובץ מפרשים לפי הדף ביצה,כן,ביצה,ל:,פירוש,לא,
8205,קובץ מפרשים לפי הדף ביצה,כן,ביצה,ל:,פירוש,לא,
8206,קובץ מפרשים לפי הדף ביצה,כן,ביצה,ל:,פירוש,לא,
8207,קובץ מפרשים לפי הדף ביצה,כן,ביצה,ל:,פירוש,לא,
8208,קובץ מפרשים לפי הדף ביצה,כן,ביצה,ל:,פירוש,לא,
8209,קובץ מפרשים לפי הדף ביצה,כן,ביצה,ל:,פירוש,לא,
8210,קובץ מפרשים לפי הדף ביצה,כן,ביצה,ל:,פירוש,לא,
8211,קובץ מפרשים לפי הדף ביצה,כן,ביצה,ל:,פירוש,לא,
8212,קובץ מפרשים לפי הדף ביצה,כן,ביצה,ל:,פירוש,לא,
8213,קובץ מפרשים לפי הדף ביצה,כן,ביצה,ל:,פירוש,לא,
8214,קובץ מפרשים לפי הדף ביצה,כן,ביצה,ל:,פירוש,לא,
8215,קובץ מפרשים לפי הדף ביצה,כן,ביצה,ל:,פירוש,לא,
8216,קובץ מפרשים לפי הדף ביצה,כן,ביצה,ל:,פירוש,לא,
8217,קובץ מפרשים לפי הדף ביצה,כן,ביצה,ל:,פירוש,לא,
8218,קובץ מפרשים לפי הדף ביצה,כן,ביצה,ל:,פירוש,לא,
8219,קובץ מפרשים לפי הדף ביצה,כן,ביצה,ל:,פירוש,לא,
8220,קובץ מפרשים לפי הדף ביצה,כן,ביצה,ל:,פירוש,לא,
8221,קובץ מפרשים לפי הדף ביצה,כן,ביצה,ל:,פירוש,לא,
8222,קובץ מפרשים לפי הדף ביצה,כן,ביצה,ל:,פירוש,לא,
8224,קובץ מפרשים לפי הדף ביצה,כן,ביצה,ל:,פירוש,לא,
8225,קובץ מפרשים לפי הדף ביצה,כן,ביצה,ל:,פירוש,לא,
8227,קובץ מפרשים לפי הדף ביצה,כן,ביצה,ל:,פירוש,לא,
8229,קובץ מפרשים לפי הדף ביצה,כן,ביצה,ל:,פירוש,לא,
8230,קובץ מפרשים לפי הדף ביצה,כן,ביצה,ל:,פירוש,לא,
8231,קובץ מפרשים לפי הדף ביצה,כן,ביצה,ל:,פירוש,לא,
8232,קובץ מפרשים לפי הדף ביצה,כן,ביצה,ל:,פירוש,לא,
8233,קובץ מפרשים לפי הדף ביצה,כן,ביצה,ל:,פירוש,לא,
8234,קובץ מפרשים לפי הדף ביצה,כן,ביצה,ל:,פירוש,לא,
8235,קובץ מפרשים לפי הדף ביצה,כן,ביצה,ל:,פירוש,לא,
8236,קובץ מפרשים לפי הדף ביצה,כן,ביצה,ל:,פירוש,לא,
8237,קובץ מפרשים לפי הדף ביצה,כן,ביצה,ל:,פירוש,לא,
8238,קובץ מפרשים לפי הדף ביצה,כן,ביצה,ל:,פירוש,לא,
8239,קובץ מפרשים לפי הדף ביצה,כן,ביצה,ל:,פירוש,לא,
8241,קובץ מפרשים לפי הדף ביצה,כן,ביצה,ל:,פירוש,לא,
8242,קובץ מפרשים לפי הדף ביצה,כן,ביצה,ל:,פירוש,לא,
8244,קובץ מפרשים לפי הדף ביצה,כן,ביצה,ל:,פירוש,לא,
8246,קובץ מפרשים לפי הדף ביצה,כן,ביצה,ל:,פירוש,לא,
8247,קובץ מפרשים לפי הדף ביצה,כן,ביצה,ל:,פירוש,לא,
8248,קובץ מפרשים לפי הדף ביצה,כן,ביצה,ל:,פירוש,לא,
8249,קובץ מפרשים לפי הדף ביצה,כן,ביצה,ל:,פירוש,לא,
8250,קובץ מפרשים לפי הדף ביצה,כן,ביצה,ל:,פירוש,לא,
8251,קובץ מפרשים לפי הדף ביצה,כן,ביצה,ל:,פירוש,לא,
8252,קובץ מפרשים לפי הדף ביצה,כן,ביצה,ל:,פירוש,לא,
8254,קובץ מפרשים לפי הדף ביצה,כן,ביצה,ל:,פירוש,לא,
8255,קובץ מפרשים לפי הדף ביצה,כן,ביצה,ל:,פירוש,לא,
8256,קובץ מפרשים לפי הדף ביצה,כן,ביצה,ל:,פירוש,לא,
8257,קובץ מפרשים לפי הדף ביצה,כן,ביצה,ל:,פירוש,לא,
8258,קובץ מפרשים לפי הדף ביצה,כן,ביצה,ל:,פירוש,לא,
8259,קובץ מפרשים לפי הדף ביצה,כן,ביצה,ל:,פירוש,לא,
8261,קובץ מפרשים לפי הדף ביצה,כן,ביצה,ל:,פירוש,לא,
8262,קובץ מפרשים לפי הדף ביצה,כן,ביצה,ל:,פירוש,לא,
8264,קובץ מפרשים לפי הדף ביצה,כן,ביצה,ל:,פירוש,לא,
8265,קובץ מפרשים לפי הדף ביצה,כן,ביצה,ל:,פירוש,לא,
8266,קובץ מפרשים לפי הדף ביצה,כן,ביצה,ל:,פירוש,לא,
8267,קובץ מפרשים לפי הדף ביצה,כן,ביצה,ל:,פירוש,לא,
8268,קובץ מפרשים לפי הדף ביצה,כן,ביצה,ל:,פירוש,לא,
8269,קובץ מפרשים לפי הדף ביצה,כן,ביצה,ל:,פירוש,לא,
8270,קובץ מפרשים לפי הדף ביצה,כן,ביצה,ל:,פירוש,לא,
8271,קובץ מפרשים לפי הדף ביצה,כן,ביצה,ל:,פירוש,לא,
8272,קובץ מפרשים לפי הדף ביצה,כן,ביצה,ל:,פירוש,לא,
8273,קובץ מפרשים לפי הדף ביצה,כן,ביצה,ל:,פירוש,לא,
8274,קובץ מפרשים לפי הדף ביצה,כן,ביצה,ל:,פירוש,לא,
8275,קובץ מפרשים לפי הדף ביצה,כן,ביצה,ל:,פירוש,לא,
8276,קובץ מפרשים לפי הדף ביצה,כן,ביצה,ל:,פירוש,לא,
8277,קובץ מפרשים לפי הדף ביצה,כן,ביצה,ל:,פירוש,לא,
8278,קובץ מפרשים לפי הדף ביצה,כן,ביצה,ל:,פירוש,לא,
8280,קובץ מפרשים לפי הדף ביצה,כן,ביצה,ל:,פירוש,לא,
8281,קובץ מפרשים לפי הדף ביצה,כן,ביצה,ל:,פירוש,לא,
8282,קובץ מפרשים לפי הדף ביצה,כן,ביצה,ל:,פירוש,לא,
8284,קובץ מפרשים לפי הדף ביצה,כן,ביצה,ל:,פירוש,לא,
8285,קובץ מפרשים לפי הדף ביצה,כן,ביצה,ל:,פירוש,לא,
8286,קובץ מפרשים לפי הדף ביצה,כן,ביצה,ל:,פירוש,לא,
8287,קובץ מפרשים לפי הדף ביצה,כן,ביצה,ל:,פירוש,לא,
8288,קובץ מפרשים לפי הדף ביצה,כן,ביצה,ל:,פירוש,לא,
8289,קובץ מפרשים לפי הדף ביצה,כן,ביצה,ל:,פירוש,לא,
8290,קובץ מפרשים לפי הדף ביצה,כן,ביצה,ל:,פירוש,לא,
8291,קובץ מפרשים לפי הדף ביצה,כן,ביצה,ל:,פירוש,לא,
8292,קובץ מפרשים לפי הדף ביצה,כן,ביצה,ל:,פירוש,לא,
8293,קובץ מפרשים לפי הדף ביצה,כן,ביצה,ל:,פירוש,לא,
8294,קובץ מפרשים לפי הדף ביצה,כן,ביצה,ל:,פירוש,לא,
8295,קובץ מפרשים לפי הדף ביצה,כן,ביצה,ל:,פירוש,לא,
8296,קובץ מפרשים לפי הדף ביצה,כן,ביצה,ל:,פירוש,לא,
8297,קובץ מפרשים לפי הדף ביצה,כן,ביצה,ל:,פירוש,לא,
8298,קובץ מפרשים לפי הדף ביצה,כן,ביצה,ל:,פירוש,לא,
8299,קובץ מפרשים לפי הדף ביצה,כן,ביצה,ל:,פירוש,לא,
8300,קובץ מפרשים לפי הדף ביצה,כן,ביצה,ל:,פירוש,לא,
8301,קובץ מפרשים לפי הדף ביצה,כן,ביצה,ל:,פירוש,לא,
8302,קובץ מפרשים לפי הדף ביצה,כן,ביצה,ל:,פירוש,לא,
8303,קובץ מפרשים לפי הדף ביצה,כן,ביצה,ל:,פירוש,לא,
8304,קובץ מפרשים לפי הדף ביצה,כן,ביצה,ל:,פירוש,לא,
8305,קובץ מפרשים לפי הדף ביצה,כן,ביצה,ל:,פירוש,לא,
8306,קובץ מפרשים לפי הדף ביצה,כן,ביצה,ל:,פירוש,לא,
8307,קובץ מפרשים לפי הדף ביצה,כן,ביצה,ל:,פירוש,לא,
8309,קובץ מפרשים לפי הדף ביצה,כן,ביצה,ל:,פירוש,לא,
8310,קובץ מפרשים לפי הדף ביצה,כן,ביצה,ל:,פירוש,לא,
8311,קובץ מפרשים לפי הדף ביצה,כן,ביצה,ל:,פירוש,לא,
8312,קובץ מפרשים לפי הדף ביצה,כן,ביצה,ל:,פירוש,לא,
8313,קובץ מפרשים לפי הדף ביצה,כן,ביצה,ל:,פירוש,לא,
8314,קובץ מפרשים לפי הדף ביצה,כן,ביצה,ל:,פירוש,לא,
8316,קובץ מפרשים לפי הדף ביצה,כן,ביצה,ל:,פירוש,לא,
8317,קובץ מפרשים לפי הדף ביצה,כן,ביצה,ל:,פירוש,לא,
8318,קובץ מפרשים לפי הדף ביצה,כן,ביצה,ל:,פירוש,לא,
8319,קובץ מפרשים לפי הדף ביצה,כן,ביצה,ל:,פירוש,לא,
8320,קובץ מפרשים לפי הדף ביצה,כן,ביצה,ל:,פירוש,לא,
8321,קובץ מפרשים לפי הדף ביצה,כן,ביצה,ל:,פירוש,לא,
8323,קובץ מפרשים לפי הדף ביצה,כן,ביצה,ל:,פירוש,לא,
8325,קובץ מפרשים לפי הדף ביצה,כן,ביצה,ל:,פירוש,לא,
8327,קובץ מפרשים לפי הדף ביצה,כן,ביצה,ל:,פירוש,לא,
8329,קובץ מפרשים לפי הדף ביצה,כן,ביצה,ל:,פירוש,לא,
8332,קובץ מפרשים לפי הדף ביצה,כן,ביצה,לא.,פירוש,לא,
8333,קובץ מפרשים לפי הדף ביצה,כן,ביצה,לא.,פירוש,לא,
8334,קובץ מפרשים לפי הדף ביצה,כן,ביצה,לא.,פירוש,לא,
8335,קובץ מפרשים לפי הדף ביצה,כן,ביצה,לא.,פירוש,לא,
8336,קובץ מפרשים לפי הדף ביצה,כן,ביצה,לא.,פירוש,לא,
8337,קובץ מפרשים לפי הדף ביצה,כן,ביצה,לא.,פירוש,לא,
8338,קובץ מפרשים לפי הדף ביצה,כן,ביצה,לא.,פירוש,לא,
8339,קובץ מפרשים לפי הדף ביצה,כן,ביצה,לא.,פירוש,לא,
8340,קובץ מפרשים לפי הדף ביצה,כן,ביצה,לא.,פירוש,לא,
8342,קובץ מפרשים לפי הדף ביצה,כן,ביצה,לא.,פירוש,לא,
8343,קובץ מפרשים לפי הדף ביצה,כן,ביצה,לא.,פירוש,לא,
8344,קובץ מפרשים לפי הדף ביצה,כן,ביצה,לא.,פירוש,לא,
8345,קובץ מפרשים לפי הדף ביצה,כן,ביצה,לא.,פירוש,לא,
8347,קובץ מפרשים לפי הדף ביצה,כן,ביצה,לא.,פירוש,לא,
8348,קובץ מפרשים לפי הדף ביצה,כן,ביצה,לא.,פירוש,לא,
8350,קובץ מפרשים לפי הדף ביצה,כן,ביצה,לא.,פירוש,לא,
8351,קובץ מפרשים לפי הדף ביצה,כן,ביצה,לא.,פירוש,לא,
8352,קובץ מפרשים לפי הדף ביצה,כן,ביצה,לא.,פירוש,לא,
8353,קובץ מפרשים לפי הדף ביצה,כן,ביצה,לא.,פירוש,לא,
8354,קובץ מפרשים לפי הדף ביצה,כן,ביצה,לא.,פירוש,לא,
8355,קובץ מפרשים לפי הדף ביצה,כן,ביצה,לא.,פירוש,לא,
8356,קובץ מפרשים לפי הדף ביצה,כן,ביצה,לא.,פירוש,לא,
8357,קובץ מפרשים לפי הדף ביצה,כן,ביצה,לא.,פירוש,לא,
8359,קובץ מפרשים לפי הדף ביצה,כן,ביצה,לא.,פירוש,לא,
8360,קובץ מפרשים לפי הדף ביצה,כן,ביצה,לא.,פירוש,לא,
8361,קובץ מפרשים לפי הדף ביצה,כן,ביצה,לא.,פירוש,לא,
8362,קובץ מפרשים לפי הדף ביצה,כן,ביצה,לא.,פירוש,לא,
8364,קובץ מפרשים לפי הדף ביצה,כן,ביצה,לא.,פירוש,לא,
8366,קובץ מפרשים לפי הדף ביצה,כן,ביצה,לא.,פירוש,לא,
8367,קובץ מפרשים לפי הדף ביצה,כן,ביצה,לא.,פירוש,לא,
8369,קובץ מפרשים לפי הדף ביצה,כן,ביצה,לא.,פירוש,לא,
8370,קובץ מפרשים לפי הדף ביצה,כן,ביצה,לא.,פירוש,לא,
8371,קובץ מפרשים לפי הדף ביצה,כן,ביצה,לא.,פירוש,לא,
8373,קובץ מפרשים לפי הדף ביצה,כן,ביצה,לא.,פירוש,לא,
8374,קובץ מפרשים לפי הדף ביצה,כן,ביצה,לא.,פירוש,לא,
8375,קובץ מפרשים לפי הדף ביצה,כן,ביצה,לא.,פירוש,לא,
8376,קובץ מפרשים לפי הדף ביצה,כן,ביצה,לא.,פירוש,לא,
8377,קובץ מפרשים לפי הדף ביצה,כן,ביצה,לא.,פירוש,לא,
8378,קובץ מפרשים לפי הדף ביצה,כן,ביצה,לא.,פירוש,לא,
8379,קובץ מפרשים לפי הדף ביצה,כן,ביצה,לא.,פירוש,לא,
8380,קובץ מפרשים לפי הדף ביצה,כן,ביצה,לא.,פירוש,לא,
8381,קובץ מפרשים לפי הדף ביצה,כן,ביצה,לא.,פירוש,לא,
8383,קובץ מפרשים לפי הדף ביצה,כן,ביצה,לא.,פירוש,לא,
8384,קובץ מפרשים לפי הדף ביצה,כן,ביצה,לא.,פירוש,לא,
8385,קובץ מפרשים לפי הדף ביצה,כן,ביצה,לא.,פירוש,לא,
8386,קובץ מפרשים לפי הדף ביצה,כן,ביצה,לא.,פירוש,לא,
8387,קובץ מפרשים לפי הדף ביצה,כן,ביצה,לא.,פירוש,לא,
8388,קובץ מפרשים לפי הדף ביצה,כן,ביצה,לא.,פירוש,לא,
8389,קובץ מפרשים לפי הדף ביצה,כן,ביצה,לא.,פירוש,לא,
8391,קובץ מפרשים לפי הדף ביצה,כן,ביצה,לא.,פירוש,לא,
8392,קובץ מפרשים לפי הדף ביצה,כן,ביצה,לא.,פירוש,לא,
8393,קובץ מפרשים לפי הדף ביצה,כן,ביצה,לא.,פירוש,לא,
8394,קובץ מפרשים לפי הדף ביצה,כן,ביצה,לא.,פירוש,לא,
8395,קובץ מפרשים לפי הדף ביצה,כן,ביצה,לא.,פירוש,לא,
8396,קובץ מפרשים לפי הדף ביצה,כן,ביצה,לא.,פירוש,לא,
8397,קובץ מפרשים לפי הדף ביצה,כן,ביצה,לא.,פירוש,לא,
8398,קובץ מפרשים לפי הדף ביצה,כן,ביצה,לא.,פירוש,לא,
8400,קובץ מפרשים לפי הדף ביצה,כן,ביצה,לא.,פירוש,לא,
8401,קובץ מפרשים לפי הדף ביצה,כן,ביצה,לא.,פירוש,לא,
8402,קובץ מפרשים לפי הדף ביצה,כן,ביצה,לא.,פירוש,לא,
8403,קובץ מפרשים לפי הדף ביצה,כן,ביצה,לא.,פירוש,לא,
8404,קובץ מפרשים לפי הדף ביצה,כן,ביצה,לא.,פירוש,לא,
8405,קובץ מפרשים לפי הדף ביצה,כן,ביצה,לא.,פירוש,לא,
8406,קובץ מפרשים לפי הדף ביצה,כן,ביצה,לא.,פירוש,לא,
8407,קובץ מפרשים לפי הדף ביצה,כן,ביצה,לא.,פירוש,לא,
8409,קובץ מפרשים לפי הדף ביצה,כן,ביצה,לא.,פירוש,לא,
8410,קובץ מפרשים לפי הדף ביצה,כן,ביצה,לא.,פירוש,לא,
8412,קובץ מפרשים לפי הדף ביצה,כן,ביצה,לא.,פירוש,לא,
8414,קובץ מפרשים לפי הדף ביצה,כן,ביצה,לא.,פירוש,לא,
8415,קובץ מפרשים לפי הדף ביצה,כן,ביצה,לא.,פירוש,לא,
8416,קובץ מפרשים לפי הדף ביצה,כן,ביצה,לא.,פירוש,לא,
8417,קובץ מפרשים לפי הדף ביצה,כן,ביצה,לא.,פירוש,לא,
8418,קובץ מפרשים לפי הדף ביצה,כן,ביצה,לא.,פירוש,לא,
8419,קובץ מפרשים לפי הדף ביצה,כן,ביצה,לא.,פירוש,לא,
8422,קובץ מפרשים לפי הדף ביצה,כן,ביצה,לא:,פירוש,לא,
8423,קובץ מפרשים לפי הדף ביצה,כן,ביצה,לא:,פירוש,לא,
8424,קובץ מפרשים לפי הדף ביצה,כן,ביצה,לא:,פירוש,לא,
8426,קובץ מפרשים לפי הדף ביצה,כן,ביצה,לא:,פירוש,לא,
8427,קובץ מפרשים לפי הדף ביצה,כן,ביצה,לא:,פירוש,לא,
8428,קובץ מפרשים לפי הדף ביצה,כן,ביצה,לא:,פירוש,לא,
8429,קובץ מפרשים לפי הדף ביצה,כן,ביצה,לא:,פירוש,לא,
8430,קובץ מפרשים לפי הדף ביצה,כן,ביצה,לא:,פירוש,לא,
8431,קובץ מפרשים לפי הדף ביצה,כן,ביצה,לא:,פירוש,לא,
8432,קובץ מפרשים לפי הדף ביצה,כן,ביצה,לא:,פירוש,לא,
8434,קובץ מפרשים לפי הדף ביצה,כן,ביצה,לא:,פירוש,לא,
8435,קובץ מפרשים לפי הדף ביצה,כן,ביצה,לא:,פירוש,לא,
8437,קובץ מפרשים לפי הדף ביצה,כן,ביצה,לא:,פירוש,לא,
8438,קובץ מפרשים לפי הדף ביצה,כן,ביצה,לא:,פירוש,לא,
8439,קובץ מפרשים לפי הדף ביצה,כן,ביצה,לא:,פירוש,לא,
8440,קובץ מפרשים לפי הדף ביצה,כן,ביצה,לא:,פירוש,לא,
8441,קובץ מפרשים לפי הדף ביצה,כן,ביצה,לא:,פירוש,לא,
8443,קובץ מפרשים לפי הדף ביצה,כן,ביצה,לא:,פירוש,לא,
8444,קובץ מפרשים לפי הדף ביצה,כן,ביצה,לא:,פירוש,לא,
8445,קובץ מפרשים לפי הדף ביצה,כן,ביצה,לא:,פירוש,לא,
8446,קובץ מפרשים לפי הדף ביצה,כן,ביצה,לא:,פירוש,לא,
8448,קובץ מפרשים לפי הדף ביצה,כן,ביצה,לא:,פירוש,לא,
8449,קובץ מפרשים לפי הדף ביצה,כן,ביצה,לא:,פירוש,לא,
8450,קובץ מפרשים לפי הדף ביצה,כן,ביצה,לא:,פירוש,לא,
8452,קובץ מפרשים לפי הדף ביצה,כן,ביצה,לא:,פירוש,לא,
8453,קובץ מפרשים לפי הדף ביצה,כן,ביצה,לא:,פירוש,לא,
8454,קובץ מפרשים לפי הדף ביצה,כן,ביצה,לא:,פירוש,לא,
8456,קובץ מפרשים לפי הדף ביצה,כן,ביצה,לא:,פירוש,לא,
8457,קובץ מפרשים לפי הדף ביצה,כן,ביצה,לא:,פירוש,לא,
8458,קובץ מפרשים לפי הדף ביצה,כן,ביצה,לא:,פירוש,לא,
8460,קובץ מפרשים לפי הדף ביצה,כן,ביצה,לא:,פירוש,לא,
8461,קובץ מפרשים לפי הדף ביצה,כן,ביצה,לא:,פירוש,לא,
8463,קובץ מפרשים לפי הדף ביצה,כן,ביצה,לא:,פירוש,לא,
8464,קובץ מפרשים לפי הדף ביצה,כן,ביצה,לא:,פירוש,לא,
8465,קובץ מפרשים לפי הדף ביצה,כן,ביצה,לא:,פירוש,לא,
8466,קובץ מפרשים לפי הדף ביצה,כן,ביצה,לא:,פירוש,לא,
8467,קובץ מפרשים לפי הדף ביצה,כן,ביצה,לא:,פירוש,לא,
8468,קובץ מפרשים לפי הדף ביצה,כן,ביצה,לא:,פירוש,לא,
8469,קובץ מפרשים לפי הדף ביצה,כן,ביצה,לא:,פירוש,לא,
8470,קובץ מפרשים לפי הדף ביצה,כן,ביצה,לא:,פירוש,לא,
8472,קובץ מפרשים לפי הדף ביצה,כן,ביצה,לא:,פירוש,לא,
8473,קובץ מפרשים לפי הדף ביצה,כן,ביצה,לא:,פירוש,לא,
8474,קובץ מפרשים לפי הדף ביצה,כן,ביצה,לא:,פירוש,לא,
8475,קובץ מפרשים לפי הדף ביצה,כן,ביצה,לא:,פירוש,לא,
8476,קובץ מפרשים לפי הדף ביצה,כן,ביצה,לא:,פירוש,לא,
8478,קובץ מפרשים לפי הדף ביצה,כן,ביצה,לא:,פירוש,לא,
8479,קובץ מפרשים לפי הדף ביצה,כן,ביצה,לא:,פירוש,לא,
8480,קובץ מפרשים לפי הדף ביצה,כן,ביצה,לא:,פירוש,לא,
8481,קובץ מפרשים לפי הדף ביצה,כן,ביצה,לא:,פירוש,לא,
8483,קובץ מפרשים לפי הדף ביצה,כן,ביצה,לא:,פירוש,לא,
8484,קובץ מפרשים לפי הדף ביצה,כן,ביצה,לא:,פירוש,לא,
8485,קובץ מפרשים לפי הדף ביצה,כן,ביצה,לא:,פירוש,לא,
8487,קובץ מפרשים לפי הדף ביצה,כן,ביצה,לא:,פירוש,לא,
8489,קובץ מפרשים לפי הדף ביצה,כן,ביצה,לא:,פירוש,לא,
8490,קובץ מפרשים לפי הדף ביצה,כן,ביצה,לא:,פירוש,לא,
8491,קובץ מפרשים לפי הדף ביצה,כן,ביצה,לא:,פירוש,לא,
8493,קובץ מפרשים לפי הדף ביצה,כן,ביצה,לא:,פירוש,לא,
8494,קובץ מפרשים לפי הדף ביצה,כן,ביצה,לא:,פירוש,לא,
8495,קובץ מפרשים לפי הדף ביצה,כן,ביצה,לא:,פירוש,לא,
8496,קובץ מפרשים לפי הדף ביצה,כן,ביצה,לא:,פירוש,לא,
8497,קובץ מפרשים לפי הדף ביצה,כן,ביצה,לא:,פירוש,לא,
8499,קובץ מפרשים לפי הדף ביצה,כן,ביצה,לא:,פירוש,לא,
8500,קובץ מפרשים לפי הדף ביצה,כן,ביצה,לא:,פירוש,לא,
8501,קובץ מפרשים לפי הדף ביצה,כן,ביצה,לא:,פירוש,לא,
8504,קובץ מפרשים לפי הדף ביצה,כן,ביצה,לב.,פירוש,לא,
8505,קובץ מפרשים לפי הדף ביצה,כן,ביצה,לב.,פירוש,לא,
8506,קובץ מפרשים לפי הדף ביצה,כן,ביצה,לב.,פירוש,לא,
8507,קובץ מפרשים לפי הדף ביצה,כן,ביצה,לב.,פירוש,לא,
8508,קובץ מפרשים לפי הדף ביצה,כן,ביצה,לב.,פירוש,לא,
8510,קובץ מפרשים לפי הדף ביצה,כן,ביצה,לב.,פירוש,לא,
8511,קובץ מפרשים לפי הדף ביצה,כן,ביצה,לב.,פירוש,לא,
8512,קובץ מפרשים לפי הדף ביצה,כן,ביצה,לב.,פירוש,לא,
8513,קובץ מפרשים לפי הדף ביצה,כן,ביצה,לב.,פירוש,לא,
8514,קובץ מפרשים לפי הדף ביצה,כן,ביצה,לב.,פירוש,לא,
8515,קובץ מפרשים לפי הדף ביצה,כן,ביצה,לב.,פירוש,לא,
8516,קובץ מפרשים לפי הדף ביצה,כן,ביצה,לב.,פירוש,לא,
8517,קובץ מפרשים לפי הדף ביצה,כן,ביצה,לב.,פירוש,לא,
8518,קובץ מפרשים לפי הדף ביצה,כן,ביצה,לב.,פירוש,לא,
8519,קובץ מפרשים לפי הדף ביצה,כן,ביצה,לב.,פירוש,לא,
8520,קובץ מפרשים לפי הדף ביצה,כן,ביצה,לב.,פירוש,לא,
8521,קובץ מפרשים לפי הדף ביצה,כן,ביצה,לב.,פירוש,לא,
8522,קובץ מפרשים לפי הדף ביצה,כן,ביצה,לב.,פירוש,לא,
8524,קובץ מפרשים לפי הדף ביצה,כן,ביצה,לב.,פירוש,לא,
8525,קובץ מפרשים לפי הדף ביצה,כן,ביצה,לב.,פירוש,לא,
8526,קובץ מפרשים לפי הדף ביצה,כן,ביצה,לב.,פירוש,לא,
8527,קובץ מפרשים לפי הדף ביצה,כן,ביצה,לב.,פירוש,לא,
8528,קובץ מפרשים לפי הדף ביצה,כן,ביצה,לב.,פירוש,לא,
8530,קובץ מפרשים לפי הדף ביצה,כן,ביצה,לב.,פירוש,לא,
8531,קובץ מפרשים לפי הדף ביצה,כן,ביצה,לב.,פירוש,לא,
8532,קובץ מפרשים לפי הדף ביצה,כן,ביצה,לב.,פירוש,לא,
8533,קובץ מפרשים לפי הדף ביצה,כן,ביצה,לב.,פירוש,לא,
8534,קובץ מפרשים לפי הדף ביצה,כן,ביצה,לב.,פירוש,לא,
8535,קובץ מפרשים לפי הדף ביצה,כן,ביצה,לב.,פירוש,לא,
8536,קובץ מפרשים לפי הדף ביצה,כן,ביצה,לב.,פירוש,לא,
8537,קובץ מפרשים לפי הדף ביצה,כן,ביצה,לב.,פירוש,לא,
8538,קובץ מפרשים לפי הדף ביצה,כן,ביצה,לב.,פירוש,לא,
8539,קובץ מפרשים לפי הדף ביצה,כן,ביצה,לב.,פירוש,לא,
8540,קובץ מפרשים לפי הדף ביצה,כן,ביצה,לב.,פירוש,לא,
8542,קובץ מפרשים לפי הדף ביצה,כן,ביצה,לב.,פירוש,לא,
8544,קובץ מפרשים לפי הדף ביצה,כן,ביצה,לב.,פירוש,לא,
8545,קובץ מפרשים לפי הדף ביצה,כן,ביצה,לב.,פירוש,לא,
8546,קובץ מפרשים לפי הדף ביצה,כן,ביצה,לב.,פירוש,לא,
8548,קובץ מפרשים לפי הדף ביצה,כן,ביצה,לב.,פירוש,לא,
8549,קובץ מפרשים לפי הדף ביצה,כן,ביצה,לב.,פירוש,לא,
8550,קובץ מפרשים לפי הדף ביצה,כן,ביצה,לב.,פירוש,לא,
8552,קובץ מפרשים לפי הדף ביצה,כן,ביצה,לב.,פירוש,לא,
8554,קובץ מפרשים לפי הדף ביצה,כן,ביצה,לב.,פירוש,לא,
8555,קובץ מפרשים לפי הדף ביצה,כן,ביצה,לב.,פירוש,לא,
8556,קובץ מפרשים לפי הדף ביצה,כן,ביצה,לב.,פירוש,לא,
8558,קובץ מפרשים לפי הדף ביצה,כן,ביצה,לב.,פירוש,לא,
8559,קובץ מפרשים לפי הדף ביצה,כן,ביצה,לב.,פירוש,לא,
8561,קובץ מפרשים לפי הדף ביצה,כן,ביצה,לב.,פירוש,לא,
8563,קובץ מפרשים לפי הדף ביצה,כן,ביצה,לב.,פירוש,לא,
8564,קובץ מפרשים לפי הדף ביצה,כן,ביצה,לב.,פירוש,לא,
8565,קובץ מפרשים לפי הדף ביצה,כן,ביצה,לב.,פירוש,לא,
8566,קובץ מפרשים לפי הדף ביצה,כן,ביצה,לב.,פירוש,לא,
8568,קובץ מפרשים לפי הדף ביצה,כן,ביצה,לב.,פירוש,לא,
8570,קובץ מפרשים לפי הדף ביצה,כן,ביצה,לב.,פירוש,לא,
8571,קובץ מפרשים לפי הדף ביצה,כן,ביצה,לב.,פירוש,לא,
8573,קובץ מפרשים לפי הדף ביצה,כן,ביצה,לב.,פירוש,לא,
8575,קובץ מפרשים לפי הדף ביצה,כן,ביצה,לב.,פירוש,לא,
8577,קובץ מפרשים לפי הדף ביצה,כן,ביצה,לב.,פירוש,לא,
8578,קובץ מפרשים לפי הדף ביצה,כן,ביצה,לב.,פירוש,לא,
8580,קובץ מפרשים לפי הדף ביצה,כן,ביצה,לב.,פירוש,לא,
8581,קובץ מפרשים לפי הדף ביצה,כן,ביצה,לב.,פירוש,לא,
8582,קובץ מפרשים לפי הדף ביצה,כן,ביצה,לב.,פירוש,לא,
8583,קובץ מפרשים לפי הדף ביצה,כן,ביצה,לב.,פירוש,לא,
8584,קובץ מפרשים לפי הדף ביצה,כן,ביצה,לב.,פירוש,לא,
8586,קובץ מפרשים לפי הדף ביצה,כן,ביצה,לב.,פירוש,לא,
8587,קובץ מפרשים לפי הדף ביצה,כן,ביצה,לב.,פירוש,לא,
8590,קובץ מפרשים לפי הדף ביצה,כן,ביצה,לב:,פירוש,לא,
8591,קובץ מפרשים לפי הדף ביצה,כן,ביצה,לב:,פירוש,לא,
8592,קובץ מפרשים לפי הדף ביצה,כן,ביצה,לב:,פירוש,לא,
8593,קובץ מפרשים לפי הדף ביצה,כן,ביצה,לב:,פירוש,לא,
8594,קובץ מפרשים לפי הדף ביצה,כן,ביצה,לב:,פירוש,לא,
8596,קובץ מפרשים לפי הדף ביצה,כן,ביצה,לב:,פירוש,לא,
8597,קובץ מפרשים לפי הדף ביצה,כן,ביצה,לב:,פירוש,לא,
8598,קובץ מפרשים לפי הדף ביצה,כן,ביצה,לב:,פירוש,לא,
8599,קובץ מפרשים לפי הדף ביצה,כן,ביצה,לב:,פירוש,לא,
8600,קובץ מפרשים לפי הדף ביצה,כן,ביצה,לב:,פירוש,לא,
8601,קובץ מפרשים לפי הדף ביצה,כן,ביצה,לב:,פירוש,לא,
8602,קובץ מפרשים לפי הדף ביצה,כן,ביצה,לב:,פירוש,לא,
8603,קובץ מפרשים לפי הדף ביצה,כן,ביצה,לב:,פירוש,לא,
8604,קובץ מפרשים לפי הדף ביצה,כן,ביצה,לב:,פירוש,לא,
8606,קובץ מפרשים לפי הדף ביצה,כן,ביצה,לב:,פירוש,לא,
8607,קובץ מפרשים לפי הדף ביצה,כן,ביצה,לב:,פירוש,לא,
8608,קובץ מפרשים לפי הדף ביצה,כן,ביצה,לב:,פירוש,לא,
8609,קובץ מפרשים לפי הדף ביצה,כן,ביצה,לב:,פירוש,לא,
8610,קובץ מפרשים לפי הדף ביצה,כן,ביצה,לב:,פירוש,לא,
8611,קובץ מפרשים לפי הדף ביצה,כן,ביצה,לב:,פירוש,לא,
8613,קובץ מפרשים לפי הדף ביצה,כן,ביצה,לב:,פירוש,לא,
8614,קובץ מפרשים לפי הדף ביצה,כן,ביצה,לב:,פירוש,לא,
8615,קובץ מפרשים לפי הדף ביצה,כן,ביצה,לב:,פירוש,לא,
8616,קובץ מפרשים לפי הדף ביצה,כן,ביצה,לב:,פירוש,לא,
8617,קובץ מפרשים לפי הדף ביצה,כן,ביצה,לב:,פירוש,לא,
8618,קובץ מפרשים לפי הדף ביצה,כן,ביצה,לב:,פירוש,לא,
8619,קובץ מפרשים לפי הדף ביצה,כן,ביצה,לב:,פירוש,לא,
8620,קובץ מפרשים לפי הדף ביצה,כן,ביצה,לב:,פירוש,לא,
8621,קובץ מפרשים לפי הדף ביצה,כן,ביצה,לב:,פירוש,לא,
8623,קובץ מפרשים לפי הדף ביצה,כן,ביצה,לב:,פירוש,לא,
8624,קובץ מפרשים לפי הדף ביצה,כן,ביצה,לב:,פירוש,לא,
8625,קובץ מפרשים לפי הדף ביצה,כן,ביצה,לב:,פירוש,לא,
8626,קובץ מפרשים לפי הדף ביצה,כן,ביצה,לב:,פירוש,לא,
8627,קובץ מפרשים לפי הדף ביצה,כן,ביצה,לב:,פירוש,לא,
8629,קובץ מפרשים לפי הדף ביצה,כן,ביצה,לב:,פירוש,לא,
8630,קובץ מפרשים לפי הדף ביצה,כן,ביצה,לב:,פירוש,לא,
8632,קובץ מפרשים לפי הדף ביצה,כן,ביצה,לב:,פירוש,לא,
8633,קובץ מפרשים לפי הדף ביצה,כן,ביצה,לב:,פירוש,לא,
8635,קובץ מפרשים לפי הדף ביצה,כן,ביצה,לב:,פירוש,לא,
8636,קובץ מפרשים לפי הדף ביצה,כן,ביצה,לב:,פירוש,לא,
8638,קובץ מפרשים לפי הדף ביצה,כן,ביצה,לב:,פירוש,לא,
8640,קובץ מפרשים לפי הדף ביצה,כן,ביצה,לב:,פירוש,לא,
8641,קובץ מפרשים לפי הדף ביצה,כן,ביצה,לב:,פירוש,לא,
8643,קובץ מפרשים לפי הדף ביצה,כן,ביצה,לב:,פירוש,לא,
8644,קובץ מפרשים לפי הדף ביצה,כן,ביצה,לב:,פירוש,לא,
8646,קובץ מפרשים לפי הדף ביצה,כן,ביצה,לב:,פירוש,לא,
8648,קובץ מפרשים לפי הדף ביצה,כן,ביצה,לב:,פירוש,לא,
8649,קובץ מפרשים לפי הדף ביצה,כן,ביצה,לב:,פירוש,לא,
8650,קובץ מפרשים לפי הדף ביצה,כן,ביצה,לב:,פירוש,לא,
8651,קובץ מפרשים לפי הדף ביצה,כן,ביצה,לב:,פירוש,לא,
8652,קובץ מפרשים לפי הדף ביצה,כן,ביצה,לב:,פירוש,לא,
8653,קובץ מפרשים לפי הדף ביצה,כן,ביצה,לב:,פירוש,לא,
8655,קובץ מפרשים לפי הדף ביצה,כן,ביצה,לב:,פירוש,לא,
8656,קובץ מפרשים לפי הדף ביצה,כן,ביצה,לב:,פירוש,לא,
8658,קובץ מפרשים לפי הדף ביצה,כן,ביצה,לב:,פירוש,לא,
8659,קובץ מפרשים לפי הדף ביצה,כן,ביצה,לב:,פירוש,לא,
8660,קובץ מפרשים לפי הדף ביצה,כן,ביצה,לב:,פירוש,לא,
8661,קובץ מפרשים לפי הדף ביצה,כן,ביצה,לב:,פירוש,לא,
8663,קובץ מפרשים לפי הדף ביצה,כן,ביצה,לב:,פירוש,לא,
8665,קובץ מפרשים לפי הדף ביצה,כן,ביצה,לב:,פירוש,לא,
8667,קובץ מפרשים לפי הדף ביצה,כן,ביצה,לב:,פירוש,לא,
8668,קובץ מפרשים לפי הדף ביצה,כן,ביצה,לב:,פירוש,לא,
8669,קובץ מפרשים לפי הדף ביצה,כן,ביצה,לב:,פירוש,לא,
8670,קובץ מפרשים לפי הדף ביצה,כן,ביצה,לב:,פירוש,לא,
8672,קובץ מפרשים לפי הדף ביצה,כן,ביצה,לב:,פירוש,לא,
8673,קובץ מפרשים לפי הדף ביצה,כן,ביצה,לב:,פירוש,לא,
8675,קובץ מפרשים לפי הדף ביצה,כן,ביצה,לב:,פירוש,לא,
8676,קובץ מפרשים לפי הדף ביצה,כן,ביצה,לב:,פירוש,לא,
8679,קובץ מפרשים לפי הדף ביצה,כן,ביצה,לג.,פירוש,לא,
8680,קובץ מפרשים לפי הדף ביצה,כן,ביצה,לג.,פירוש,לא,
8681,קובץ מפרשים לפי הדף ביצה,כן,ביצה,לג.,פירוש,לא,
8682,קובץ מפרשים לפי הדף ביצה,כן,ביצה,לג.,פירוש,לא,
8683,קובץ מפרשים לפי הדף ביצה,כן,ביצה,לג.,פירוש,לא,
8684,קובץ מפרשים לפי הדף ביצה,כן,ביצה,לג.,פירוש,לא,
8685,קובץ מפרשים לפי הדף ביצה,כן,ביצה,לג.,פירוש,לא,
8686,קובץ מפרשים לפי הדף ביצה,כן,ביצה,לג.,פירוש,לא,
8688,קובץ מפרשים לפי הדף ביצה,כן,ביצה,לג.,פירוש,לא,
8689,קובץ מפרשים לפי הדף ביצה,כן,ביצה,לג.,פירוש,לא,
8690,קובץ מפרשים לפי הדף ביצה,כן,ביצה,לג.,פירוש,לא,
8691,קובץ מפרשים לפי הדף ביצה,כן,ביצה,לג.,פירוש,לא,
8692,קובץ מפרשים לפי הדף ביצה,כן,ביצה,לג.,פירוש,לא,
8693,קובץ מפרשים לפי הדף ביצה,כן,ביצה,לג.,פירוש,לא,
8694,קובץ מפרשים לפי הדף ביצה,כן,ביצה,לג.,פירוש,לא,
8695,קובץ מפרשים לפי הדף ביצה,כן,ביצה,לג.,פירוש,לא,
8696,קובץ מפרשים לפי הדף ביצה,כן,ביצה,לג.,פירוש,לא,
8697,קובץ מפרשים לפי הדף ביצה,כן,ביצה,לג.,פירוש,לא,
8699,קובץ מפרשים לפי הדף ביצה,כן,ביצה,לג.,פירוש,לא,
8700,קובץ מפרשים לפי הדף ביצה,כן,ביצה,לג.,פירוש,לא,
8701,קובץ מפרשים לפי הדף ביצה,כן,ביצה,לג.,פירוש,לא,
8702,קובץ מפרשים לפי הדף ביצה,כן,ביצה,לג.,פירוש,לא,
8704,קובץ מפרשים לפי הדף ביצה,כן,ביצה,לג.,פירוש,לא,
8705,קובץ מפרשים לפי הדף ביצה,כן,ביצה,לג.,פירוש,לא,
8706,קובץ מפרשים לפי הדף ביצה,כן,ביצה,לג.,פירוש,לא,
8707,קובץ מפרשים לפי הדף ביצה,כן,ביצה,לג.,פירוש,לא,
8708,קובץ מפרשים לפי הדף ביצה,כן,ביצה,לג.,פירוש,לא,
8709,קובץ מפרשים לפי הדף ביצה,כן,ביצה,לג.,פירוש,לא,
8710,קובץ מפרשים לפי הדף ביצה,כן,ביצה,לג.,פירוש,לא,
8711,קובץ מפרשים לפי הדף ביצה,כן,ביצה,לג.,פירוש,לא,
8713,קובץ מפרשים לפי הדף ביצה,כן,ביצה,לג.,פירוש,לא,
8714,קובץ מפרשים לפי הדף ביצה,כן,ביצה,לג.,פירוש,לא,
8715,קובץ מפרשים לפי הדף ביצה,כן,ביצה,לג.,פירוש,לא,
8716,קובץ מפרשים לפי הדף ביצה,כן,ביצה,לג.,פירוש,לא,
8717,קובץ מפרשים לפי הדף ביצה,כן,ביצה,לג.,פירוש,לא,
8719,קובץ מפרשים לפי הדף ביצה,כן,ביצה,לג.,פירוש,לא,
8720,קובץ מפרשים לפי הדף ביצה,כן,ביצה,לג.,פירוש,לא,
8722,קובץ מפרשים לפי הדף ביצה,כן,ביצה,לג.,פירוש,לא,
8723,קובץ מפרשים לפי הדף ביצה,כן,ביצה,לג.,פירוש,לא,
8724,קובץ מפרשים לפי הדף ביצה,כן,ביצה,לג.,פירוש,לא,
8726,קובץ מפרשים לפי הדף ביצה,כן,ביצה,לג.,פירוש,לא,
8727,קובץ מפרשים לפי הדף ביצה,כן,ביצה,לג.,פירוש,לא,
8728,קובץ מפרשים לפי הדף ביצה,כן,ביצה,לג.,פירוש,לא,
8730,קובץ מפרשים לפי הדף ביצה,כן,ביצה,לג.,פירוש,לא,
8731,קובץ מפרשים לפי הדף ביצה,כן,ביצה,לג.,פירוש,לא,
8732,קובץ מפרשים לפי הדף ביצה,כן,ביצה,לג.,פירוש,לא,
8734,קובץ מפרשים לפי הדף ביצה,כן,ביצה,לג.,פירוש,לא,
8735,קובץ מפרשים לפי הדף ביצה,כן,ביצה,לג.,פירוש,לא,
8736,קובץ מפרשים לפי הדף ביצה,כן,ביצה,לג.,פירוש,לא,
8737,קובץ מפרשים לפי הדף ביצה,כן,ביצה,לג.,פירוש,לא,
8738,קובץ מפרשים לפי הדף ביצה,כן,ביצה,לג.,פירוש,לא,
8739,קובץ מפרשים לפי הדף ביצה,כן,ביצה,לג.,פירוש,לא,
8740,קובץ מפרשים לפי הדף ביצה,כן,ביצה,לג.,פירוש,לא,
8741,קובץ מפרשים לפי הדף ביצה,כן,ביצה,לג.,פירוש,לא,
8743,קובץ מפרשים לפי הדף ביצה,כן,ביצה,לג.,פירוש,לא,
8744,קובץ מפרשים לפי הדף ביצה,כן,ביצה,לג.,פירוש,לא,
8745,קובץ מפרשים לפי הדף ביצה,כן,ביצה,לג.,פירוש,לא,
8746,קובץ מפרשים לפי הדף ביצה,כן,ביצה,לג.,פירוש,לא,
8748,קובץ מפרשים לפי הדף ביצה,כן,ביצה,לג.,פירוש,לא,
8749,קובץ מפרשים לפי הדף ביצה,כן,ביצה,לג.,פירוש,לא,
8750,קובץ מפרשים לפי הדף ביצה,כן,ביצה,לג.,פירוש,לא,
8751,קובץ מפרשים לפי הדף ביצה,כן,ביצה,לג.,פירוש,לא,
8753,קובץ מפרשים לפי הדף ביצה,כן,ביצה,לג.,פירוש,לא,
8754,קובץ מפרשים לפי הדף ביצה,כן,ביצה,לג.,פירוש,לא,
8755,קובץ מפרשים לפי הדף ביצה,כן,ביצה,לג.,פירוש,לא,
8756,קובץ מפרשים לפי הדף ביצה,כן,ביצה,לג.,פירוש,לא,
8757,קובץ מפרשים לפי הדף ביצה,כן,ביצה,לג.,פירוש,לא,
8758,קובץ מפרשים לפי הדף ביצה,כן,ביצה,לג.,פירוש,לא,
8759,קובץ מפרשים לפי הדף ביצה,כן,ביצה,לג.,פירוש,לא,
8760,קובץ מפרשים לפי הדף ביצה,כן,ביצה,לג.,פירוש,לא,
8762,קובץ מפרשים לפי הדף ביצה,כן,ביצה,לג.,פירוש,לא,
8763,קובץ מפרשים לפי הדף ביצה,כן,ביצה,לג.,פירוש,לא,
8764,קובץ מפרשים לפי הדף ביצה,כן,ביצה,לג.,פירוש,לא,
8765,קובץ מפרשים לפי הדף ביצה,כן,ביצה,לג.,פירוש,לא,
8766,קובץ מפרשים לפי הדף ביצה,כן,ביצה,לג.,פירוש,לא,
8768,קובץ מפרשים לפי הדף ביצה,כן,ביצה,לג.,פירוש,לא,
8769,קובץ מפרשים לפי הדף ביצה,כן,ביצה,לג.,פירוש,לא,
8770,קובץ מפרשים לפי הדף ביצה,כן,ביצה,לג.,פירוש,לא,
8772,קובץ מפרשים לפי הדף ביצה,כן,ביצה,לג.,פירוש,לא,
8773,קובץ מפרשים לפי הדף ביצה,כן,ביצה,לג.,פירוש,לא,
8775,קובץ מפרשים לפי הדף ביצה,כן,ביצה,לג.,פירוש,לא,
8777,קובץ מפרשים לפי הדף ביצה,כן,ביצה,לג.,פירוש,לא,
8778,קובץ מפרשים לפי הדף ביצה,כן,ביצה,לג.,פירוש,לא,
8779,קובץ מפרשים לפי הדף ביצה,כן,ביצה,לג.,פירוש,לא,
8780,קובץ מפרשים לפי הדף ביצה,כן,ביצה,לג.,פירוש,לא,
8781,קובץ מפרשים לפי הדף ביצה,כן,ביצה,לג.,פירוש,לא,
8782,קובץ מפרשים לפי הדף ביצה,כן,ביצה,לג.,פירוש,לא,
8783,קובץ מפרשים לפי הדף ביצה,כן,ביצה,לג.,פירוש,לא,
8784,קובץ מפרשים לפי הדף ביצה,כן,ביצה,לג.,פירוש,לא,
8785,קובץ מפרשים לפי הדף ביצה,כן,ביצה,לג.,פירוש,לא,
8786,קובץ מפרשים לפי הדף ביצה,כן,ביצה,לג.,פירוש,לא,
8787,קובץ מפרשים לפי הדף ביצה,כן,ביצה,לג.,פירוש,לא,
8789,קובץ מפרשים לפי הדף ביצה,כן,ביצה,לג.,פירוש,לא,
8790,קובץ מפרשים לפי הדף ביצה,כן,ביצה,לג.,פירוש,לא,
8791,קובץ מפרשים לפי הדף ביצה,כן,ביצה,לג.,פירוש,לא,
8793,קובץ מפרשים לפי הדף ביצה,כן,ביצה,לג.,פירוש,לא,
8794,קובץ מפרשים לפי הדף ביצה,כן,ביצה,לג.,פירוש,לא,
8796,קובץ מפרשים לפי הדף ביצה,כן,ביצה,לג.,פירוש,לא,
8797,קובץ מפרשים לפי הדף ביצה,כן,ביצה,לג.,פירוש,לא,
8798,קובץ מפרשים לפי הדף ביצה,כן,ביצה,לג.,פירוש,לא,
8799,קובץ מפרשים לפי הדף ביצה,כן,ביצה,לג.,פירוש,לא,
8802,קובץ מפרשים לפי הדף ביצה,כן,ביצה,לג:,פירוש,לא,
8803,קובץ מפרשים לפי הדף ביצה,כן,ביצה,לג:,פירוש,לא,
8804,קובץ מפרשים לפי הדף ביצה,כן,ביצה,לג:,פירוש,לא,
8805,קובץ מפרשים לפי הדף ביצה,כן,ביצה,לג:,פירוש,לא,
8807,קובץ מפרשים לפי הדף ביצה,כן,ביצה,לג:,פירוש,לא,
8808,קובץ מפרשים לפי הדף ביצה,כן,ביצה,לג:,פירוש,לא,
8809,קובץ מפרשים לפי הדף ביצה,כן,ביצה,לג:,פירוש,לא,
8810,קובץ מפרשים לפי הדף ביצה,כן,ביצה,לג:,פירוש,לא,
8811,קובץ מפרשים לפי הדף ביצה,כן,ביצה,לג:,פירוש,לא,
8812,קובץ מפרשים לפי הדף ביצה,כן,ביצה,לג:,פירוש,לא,
8813,קובץ מפרשים לפי הדף ביצה,כן,ביצה,לג:,פירוש,לא,
8815,קובץ מפרשים לפי הדף ביצה,כן,ביצה,לג:,פירוש,לא,
8816,קובץ מפרשים לפי הדף ביצה,כן,ביצה,לג:,פירוש,לא,
8818,קובץ מפרשים לפי הדף ביצה,כן,ביצה,לג:,פירוש,לא,
8819,קובץ מפרשים לפי הדף ביצה,כן,ביצה,לג:,פירוש,לא,
8820,קובץ מפרשים לפי הדף ביצה,כן,ביצה,לג:,פירוש,לא,
8821,קובץ מפרשים לפי הדף ביצה,כן,ביצה,לג:,פירוש,לא,
8822,קובץ מפרשים לפי הדף ביצה,כן,ביצה,לג:,פירוש,לא,
8823,קובץ מפרשים לפי הדף ביצה,כן,ביצה,לג:,פירוש,לא,
8824,קובץ מפרשים לפי הדף ביצה,כן,ביצה,לג:,פירוש,לא,
8825,קובץ מפרשים לפי הדף ביצה,כן,ביצה,לג:,פירוש,לא,
8827,קובץ מפרשים לפי הדף ביצה,כן,ביצה,לג:,פירוש,לא,
8828,קובץ מפרשים לפי הדף ביצה,כן,ביצה,לג:,פירוש,לא,
8829,קובץ מפרשים לפי הדף ביצה,כן,ביצה,לג:,פירוש,לא,
8830,קובץ מפרשים לפי הדף ביצה,כן,ביצה,לג:,פירוש,לא,
8832,קובץ מפרשים לפי הדף ביצה,כן,ביצה,לג:,פירוש,לא,
8833,קובץ מפרשים לפי הדף ביצה,כן,ביצה,לג:,פירוש,לא,
8835,קובץ מפרשים לפי הדף ביצה,כן,ביצה,לג:,פירוש,לא,
8837,קובץ מפרשים לפי הדף ביצה,כן,ביצה,לג:,פירוש,לא,
8839,קובץ מפרשים לפי הדף ביצה,כן,ביצה,לג:,פירוש,לא,
8840,קובץ מפרשים לפי הדף ביצה,כן,ביצה,לג:,פירוש,לא,
8841,קובץ מפרשים לפי הדף ביצה,כן,ביצה,לג:,פירוש,לא,
8842,קובץ מפרשים לפי הדף ביצה,כן,ביצה,לג:,פירוש,לא,
8843,קובץ מפרשים לפי הדף ביצה,כן,ביצה,לג:,פירוש,לא,
8844,קובץ מפרשים לפי הדף ביצה,כן,ביצה,לג:,פירוש,לא,
8846,קובץ מפרשים לפי הדף ביצה,כן,ביצה,לג:,פירוש,לא,
8847,קובץ מפרשים לפי הדף ביצה,כן,ביצה,לג:,פירוש,לא,
8848,קובץ מפרשים לפי הדף ביצה,כן,ביצה,לג:,פירוש,לא,
8850,קובץ מפרשים לפי הדף ביצה,כן,ביצה,לג:,פירוש,לא,
8851,קובץ מפרשים לפי הדף ביצה,כן,ביצה,לג:,פירוש,לא,
8852,קובץ מפרשים לפי הדף ביצה,כן,ביצה,לג:,פירוש,לא,
8853,קובץ מפרשים לפי הדף ביצה,כן,ביצה,לג:,פירוש,לא,
8854,קובץ מפרשים לפי הדף ביצה,כן,ביצה,לג:,פירוש,לא,
8855,קובץ מפרשים לפי הדף ביצה,כן,ביצה,לג:,פירוש,לא,
8857,קובץ מפרשים לפי הדף ביצה,כן,ביצה,לג:,פירוש,לא,
8858,קובץ מפרשים לפי הדף ביצה,כן,ביצה,לג:,פירוש,לא,
8859,קובץ מפרשים לפי הדף ביצה,כן,ביצה,לג:,פירוש,לא,
8860,קובץ מפרשים לפי הדף ביצה,כן,ביצה,לג:,פירוש,לא,
8861,קובץ מפרשים לפי הדף ביצה,כן,ביצה,לג:,פירוש,לא,
8862,קובץ מפרשים לפי הדף ביצה,כן,ביצה,לג:,פירוש,לא,
8863,קובץ מפרשים לפי הדף ביצה,כן,ביצה,לג:,פירוש,לא,
8864,קובץ מפרשים לפי הדף ביצה,כן,ביצה,לג:,פירוש,לא,
8865,קובץ מפרשים לפי הדף ביצה,כן,ביצה,לג:,פירוש,לא,
8866,קובץ מפרשים לפי הדף ביצה,כן,ביצה,לג:,פירוש,לא,
8867,קובץ מפרשים לפי הדף ביצה,כן,ביצה,לג:,פירוש,לא,
8868,קובץ מפרשים לפי הדף ביצה,כן,ביצה,לג:,פירוש,לא,
8870,קובץ מפרשים לפי הדף ביצה,כן,ביצה,לג:,פירוש,לא,
8871,קובץ מפרשים לפי הדף ביצה,כן,ביצה,לג:,פירוש,לא,
8872,קובץ מפרשים לפי הדף ביצה,כן,ביצה,לג:,פירוש,לא,
8873,קובץ מפרשים לפי הדף ביצה,כן,ביצה,לג:,פירוש,לא,
8874,קובץ מפרשים לפי הדף ביצה,כן,ביצה,לג:,פירוש,לא,
8876,קובץ מפרשים לפי הדף ביצה,כן,ביצה,לג:,פירוש,לא,
8877,קובץ מפרשים לפי הדף ביצה,כן,ביצה,לג:,פירוש,לא,
8878,קובץ מפרשים לפי הדף ביצה,כן,ביצה,לג:,פירוש,לא,
8879,קובץ מפרשים לפי הדף ביצה,כן,ביצה,לג:,פירוש,לא,
8880,קובץ מפרשים לפי הדף ביצה,כן,ביצה,לג:,פירוש,לא,
8882,קובץ מפרשים לפי הדף ביצה,כן,ביצה,לג:,פירוש,לא,
8884,קובץ מפרשים לפי הדף ביצה,כן,ביצה,לג:,פירוש,לא,
8886,קובץ מפרשים לפי הדף ביצה,כן,ביצה,לג:,פירוש,לא,
8887,קובץ מפרשים לפי הדף ביצה,כן,ביצה,לג:,פירוש,לא,
8889,קובץ מפרשים לפי הדף ביצה,כן,ביצה,לג:,פירוש,לא,
8890,קובץ מפרשים לפי הדף ביצה,כן,ביצה,לג:,פירוש,לא,
8893,קובץ מפרשים לפי הדף ביצה,כן,ביצה,לד.,פירוש,לא,
8894,קובץ מפרשים לפי הדף ביצה,כן,ביצה,לד.,פירוש,לא,
8895,קובץ מפרשים לפי הדף ביצה,כן,ביצה,לד.,פירוש,לא,
8896,קובץ מפרשים לפי הדף ביצה,כן,ביצה,לד.,פירוש,לא,
8898,קובץ מפרשים לפי הדף ביצה,כן,ביצה,לד.,פירוש,לא,
8899,קובץ מפרשים לפי הדף ביצה,כן,ביצה,לד.,פירוש,לא,
8900,קובץ מפרשים לפי הדף ביצה,כן,ביצה,לד.,פירוש,לא,
8901,קובץ מפרשים לפי הדף ביצה,כן,ביצה,לד.,פירוש,לא,
8902,קובץ מפרשים לפי הדף ביצה,כן,ביצה,לד.,פירוש,לא,
8903,קובץ מפרשים לפי הדף ביצה,כן,ביצה,לד.,פירוש,לא,
8904,קובץ מפרשים לפי הדף ביצה,כן,ביצה,לד.,פירוש,לא,
8905,קובץ מפרשים לפי הדף ביצה,כן,ביצה,לד.,פירוש,לא,
8906,קובץ מפרשים לפי הדף ביצה,כן,ביצה,לד.,פירוש,לא,
8907,קובץ מפרשים לפי הדף ביצה,כן,ביצה,לד.,פירוש,לא,
8909,קובץ מפרשים לפי הדף ביצה,כן,ביצה,לד.,פירוש,לא,
8910,קובץ מפרשים לפי הדף ביצה,כן,ביצה,לד.,פירוש,לא,
8911,קובץ מפרשים לפי הדף ביצה,כן,ביצה,לד.,פירוש,לא,
8912,קובץ מפרשים לפי הדף ביצה,כן,ביצה,לד.,פירוש,לא,
8913,קובץ מפרשים לפי הדף ביצה,כן,ביצה,לד.,פירוש,לא,
8915,קובץ מפרשים לפי הדף ביצה,כן,ביצה,לד.,פירוש,לא,
8916,קובץ מפרשים לפי הדף ביצה,כן,ביצה,לד.,פירוש,לא,
8917,קובץ מפרשים לפי הדף ביצה,כן,ביצה,לד.,פירוש,לא,
8918,קובץ מפרשים לפי הדף ביצה,כן,ביצה,לד.,פירוש,לא,
8919,קובץ מפרשים לפי הדף ביצה,כן,ביצה,לד.,פירוש,לא,
8920,קובץ מפרשים לפי הדף ביצה,כן,ביצה,לד.,פירוש,לא,
8921,קובץ מפרשים לפי הדף ביצה,כן,ביצה,לד.,פירוש,לא,
8922,קובץ מפרשים לפי הדף ביצה,כן,ביצה,לד.,פירוש,לא,
8923,קובץ מפרשים לפי הדף ביצה,כן,ביצה,לד.,פירוש,לא,
8924,קובץ מפרשים לפי הדף ביצה,כן,ביצה,לד.,פירוש,לא,
8925,קובץ מפרשים לפי הדף ביצה,כן,ביצה,לד.,פירוש,לא,
8926,קובץ מפרשים לפי הדף ביצה,כן,ביצה,לד.,פירוש,לא,
8927,קובץ מפרשים לפי הדף ביצה,כן,ביצה,לד.,פירוש,לא,
8928,קובץ מפרשים לפי הדף ביצה,כן,ביצה,לד.,פירוש,לא,
8929,קובץ מפרשים לפי הדף ביצה,כן,ביצה,לד.,פירוש,לא,
8931,קובץ מפרשים לפי הדף ביצה,כן,ביצה,לד.,פירוש,לא,
8932,קובץ מפרשים לפי הדף ביצה,כן,ביצה,לד.,פירוש,לא,
8933,קובץ מפרשים לפי הדף ביצה,כן,ביצה,לד.,פירוש,לא,
8934,קובץ מפרשים לפי הדף ביצה,כן,ביצה,לד.,פירוש,לא,
8935,קובץ מפרשים לפי הדף ביצה,כן,ביצה,לד.,פירוש,לא,
8936,קובץ מפרשים לפי הדף ביצה,כן,ביצה,לד.,פירוש,לא,
8937,קובץ מפרשים לפי הדף ביצה,כן,ביצה,לד.,פירוש,לא,
8938,קובץ מפרשים לפי הדף ביצה,כן,ביצה,לד.,פירוש,לא,
8940,קובץ מפרשים לפי הדף ביצה,כן,ביצה,לד.,פירוש,לא,
8941,קובץ מפרשים לפי הדף ביצה,כן,ביצה,לד.,פירוש,לא,
8942,קובץ מפרשים לפי הדף ביצה,כן,ביצה,לד.,פירוש,לא,
8944,קובץ מפרשים לפי הדף ביצה,כן,ביצה,לד.,פירוש,לא,
8945,קובץ מפרשים לפי הדף ביצה,כן,ביצה,לד.,פירוש,לא,
8946,קובץ מפרשים לפי הדף ביצה,כן,ביצה,לד.,פירוש,לא,
8947,קובץ מפרשים לפי הדף ביצה,כן,ביצה,לד.,פירוש,לא,
8948,קובץ מפרשים לפי הדף ביצה,כן,ביצה,לד.,פירוש,לא,
8949,קובץ מפרשים לפי הדף ביצה,כן,ביצה,לד.,פירוש,לא,
8950,קובץ מפרשים לפי הדף ביצה,כן,ביצה,לד.,פירוש,לא,
8951,קובץ מפרשים לפי הדף ביצה,כן,ביצה,לד.,פירוש,לא,
8953,קובץ מפרשים לפי הדף ביצה,כן,ביצה,לד.,פירוש,לא,
8955,קובץ מפרשים לפי הדף ביצה,כן,ביצה,לד.,פירוש,לא,
8957,קובץ מפרשים לפי הדף ביצה,כן,ביצה,לד.,פירוש,לא,
8958,קובץ מפרשים לפי הדף ביצה,כן,ביצה,לד.,פירוש,לא,
8959,קובץ מפרשים לפי הדף ביצה,כן,ביצה,לד.,פירוש,לא,
8961,קובץ מפרשים לפי הדף ביצה,כן,ביצה,לד.,פירוש,לא,
8962,קובץ מפרשים לפי הדף ביצה,כן,ביצה,לד.,פירוש,לא,
8964,קובץ מפרשים לפי הדף ביצה,כן,ביצה,לד.,פירוש,לא,
8965,קובץ מפרשים לפי הדף ביצה,כן,ביצה,לד.,פירוש,לא,
8966,קובץ מפרשים לפי הדף ביצה,כן,ביצה,לד.,פירוש,לא,
8967,קובץ מפרשים לפי הדף ביצה,כן,ביצה,לד.,פירוש,לא,
8968,קובץ מפרשים לפי הדף ביצה,כן,ביצה,לד.,פירוש,לא,
8970,קובץ מפרשים לפי הדף ביצה,כן,ביצה,לד.,פירוש,לא,
8971,קובץ מפרשים לפי הדף ביצה,כן,ביצה,לד.,פירוש,לא,
8972,קובץ מפרשים לפי הדף ביצה,כן,ביצה,לד.,פירוש,לא,
8973,קובץ מפרשים לפי הדף ביצה,כן,ביצה,לד.,פירוש,לא,
8974,קובץ מפרשים לפי הדף ביצה,כן,ביצה,לד.,פירוש,לא,
8975,קובץ מפרשים לפי הדף ביצה,כן,ביצה,לד.,פירוש,לא,
8976,קובץ מפרשים לפי הדף ביצה,כן,ביצה,לד.,פירוש,לא,
8977,קובץ מפרשים לפי הדף ביצה,כן,ביצה,לד.,פירוש,לא,
8978,קובץ מפרשים לפי הדף ביצה,כן,ביצה,לד.,פירוש,לא,
8979,קובץ מפרשים לפי הדף ביצה,כן,ביצה,לד.,פירוש,לא,
8980,קובץ מפרשים לפי הדף ביצה,כן,ביצה,לד.,פירוש,לא,
8981,קובץ מפרשים לפי הדף ביצה,כן,ביצה,לד.,פירוש,לא,
8982,קובץ מפרשים לפי הדף ביצה,כן,ביצה,לד.,פירוש,לא,
8983,קובץ מפרשים לפי הדף ביצה,כן,ביצה,לד.,פירוש,לא,
8984,קובץ מפרשים לפי הדף ביצה,כן,ביצה,לד.,פירוש,לא,
8985,קובץ מפרשים לפי הדף ביצה,כן,ביצה,לד.,פירוש,לא,
8986,קובץ מפרשים לפי הדף ביצה,כן,ביצה,לד.,פירוש,לא,
8987,קובץ מפרשים לפי הדף ביצה,כן,ביצה,לד.,פירוש,לא,
8989,קובץ מפרשים לפי הדף ביצה,כן,ביצה,לד.,פירוש,לא,
8990,קובץ מפרשים לפי הדף ביצה,כן,ביצה,לד.,פירוש,לא,
8991,קובץ מפרשים לפי הדף ביצה,כן,ביצה,לד.,פירוש,לא,
8992,קובץ מפרשים לפי הדף ביצה,כן,ביצה,לד.,פירוש,לא,
8993,קובץ מפרשים לפי הדף ביצה,כן,ביצה,לד.,פירוש,לא,
8994,קובץ מפרשים לפי הדף ביצה,כן,ביצה,לד.,פירוש,לא,
8995,קובץ מפרשים לפי הדף ביצה,כן,ביצה,לד.,פירוש,לא,
8996,קובץ מפרשים לפי הדף ביצה,כן,ביצה,לד.,פירוש,לא,
8997,קובץ מפרשים לפי הדף ביצה,כן,ביצה,לד.,פירוש,לא,
8999,קובץ מפרשים לפי הדף ביצה,כן,ביצה,לד.,פירוש,לא,
9000,קובץ מפרשים לפי הדף ביצה,כן,ביצה,לד.,פירוש,לא,
9001,קובץ מפרשים לפי הדף ביצה,כן,ביצה,לד.,פירוש,לא,
9003,קובץ מפרשים לפי הדף ביצה,כן,ביצה,לד.,פירוש,לא,
9004,קובץ מפרשים לפי הדף ביצה,כן,ביצה,לד.,פירוש,לא,
9005,קובץ מפרשים לפי הדף ביצה,כן,ביצה,לד.,פירוש,לא,
9006,קובץ מפרשים לפי הדף ביצה,כן,ביצה,לד.,פירוש,לא,
9008,קובץ מפרשים לפי הדף ביצה,כן,ביצה,לד.,פירוש,לא,
9010,קובץ מפרשים לפי הדף ביצה,כן,ביצה,לד.,פירוש,לא,
9012,קובץ מפרשים לפי הדף ביצה,כן,ביצה,לד.,פירוש,לא,
9013,קובץ מפרשים לפי הדף ביצה,כן,ביצה,לד.,פירוש,לא,
9014,קובץ מפרשים לפי הדף ביצה,כן,ביצה,לד.,פירוש,לא,
9016,קובץ מפרשים לפי הדף ביצה,כן,ביצה,לד.,פירוש,לא,
9017,קובץ מפרשים לפי הדף ביצה,כן,ביצה,לד.,פירוש,לא,
9018,קובץ מפרשים לפי הדף ביצה,כן,ביצה,לד.,פירוש,לא,
9019,קובץ מפרשים לפי הדף ביצה,כן,ביצה,לד.,פירוש,לא,
9021,קובץ מפרשים לפי הדף ביצה,כן,ביצה,לד.,פירוש,לא,
9022,קובץ מפרשים לפי הדף ביצה,כן,ביצה,לד.,פירוש,לא,
9023,קובץ מפרשים לפי הדף ביצה,כן,ביצה,לד.,פירוש,לא,
9024,קובץ מפרשים לפי הדף ביצה,כן,ביצה,לד.,פירוש,לא,
9025,קובץ מפרשים לפי הדף ביצה,כן,ביצה,לד.,פירוש,לא,
9026,קובץ מפרשים לפי הדף ביצה,כן,ביצה,לד.,פירוש,לא,
9027,קובץ מפרשים לפי הדף ביצה,כן,ביצה,לד.,פירוש,לא,
9028,קובץ מפרשים לפי הדף ביצה,כן,ביצה,לד.,פירוש,לא,
9029,קובץ מפרשים לפי הדף ביצה,כן,ביצה,לד.,פירוש,לא,
9031,קובץ מפרשים לפי הדף ביצה,כן,ביצה,לד.,פירוש,לא,
9032,קובץ מפרשים לפי הדף ביצה,כן,ביצה,לד.,פירוש,לא,
9033,קובץ מפרשים לפי הדף ביצה,כן,ביצה,לד.,פירוש,לא,
9034,קובץ מפרשים לפי הדף ביצה,כן,ביצה,לד.,פירוש,לא,
9035,קובץ מפרשים לפי הדף ביצה,כן,ביצה,לד.,פירוש,לא,
9038,קובץ מפרשים לפי הדף ביצה,כן,ביצה,לד:,פירוש,לא,
9039,קובץ מפרשים לפי הדף ביצה,כן,ביצה,לד:,פירוש,לא,
9041,קובץ מפרשים לפי הדף ביצה,כן,ביצה,לד:,פירוש,לא,
9042,קובץ מפרשים לפי הדף ביצה,כן,ביצה,לד:,פירוש,לא,
9043,קובץ מפרשים לפי הדף ביצה,כן,ביצה,לד:,פירוש,לא,
9044,קובץ מפרשים לפי הדף ביצה,כן,ביצה,לד:,פירוש,לא,
9045,קובץ מפרשים לפי הדף ביצה,כן,ביצה,לד:,פירוש,לא,
9046,קובץ מפרשים לפי הדף ביצה,כן,ביצה,לד:,פירוש,לא,
9047,קובץ מפרשים לפי הדף ביצה,כן,ביצה,לד:,פירוש,לא,
9048,קובץ מפרשים לפי הדף ביצה,כן,ביצה,לד:,פירוש,לא,
9049,קובץ מפרשים לפי הדף ביצה,כן,ביצה,לד:,פירוש,לא,
9050,קובץ מפרשים לפי הדף ביצה,כן,ביצה,לד:,פירוש,לא,
9051,קובץ מפרשים לפי הדף ביצה,כן,ביצה,לד:,פירוש,לא,
9052,קובץ מפרשים לפי הדף ביצה,כן,ביצה,לד:,פירוש,לא,
9053,קובץ מפרשים לפי הדף ביצה,כן,ביצה,לד:,פירוש,לא,
9054,קובץ מפרשים לפי הדף ביצה,כן,ביצה,לד:,פירוש,לא,
9055,קובץ מפרשים לפי הדף ביצה,כן,ביצה,לד:,פירוש,לא,
9056,קובץ מפרשים לפי הדף ביצה,כן,ביצה,לד:,פירוש,לא,
9057,קובץ מפרשים לפי הדף ביצה,כן,ביצה,לד:,פירוש,לא,
9058,קובץ מפרשים לפי הדף ביצה,כן,ביצה,לד:,פירוש,לא,
9060,קובץ מפרשים לפי הדף ביצה,כן,ביצה,לד:,פירוש,לא,
9062,קובץ מפרשים לפי הדף ביצה,כן,ביצה,לד:,פירוש,לא,
9063,קובץ מפרשים לפי הדף ביצה,כן,ביצה,לד:,פירוש,לא,
9064,קובץ מפרשים לפי הדף ביצה,כן,ביצה,לד:,פירוש,לא,
9065,קובץ מפרשים לפי הדף ביצה,כן,ביצה,לד:,פירוש,לא,
9066,קובץ מפרשים לפי הדף ביצה,כן,ביצה,לד:,פירוש,לא,
9068,קובץ מפרשים לפי הדף ביצה,כן,ביצה,לד:,פירוש,לא,
9069,קובץ מפרשים לפי הדף ביצה,כן,ביצה,לד:,פירוש,לא,
9070,קובץ מפרשים לפי הדף ביצה,כן,ביצה,לד:,פירוש,לא,
9071,קובץ מפרשים לפי הדף ביצה,כן,ביצה,לד:,פירוש,לא,
9072,קובץ מפרשים לפי הדף ביצה,כן,ביצה,לד:,פירוש,לא,
9073,קובץ מפרשים לפי הדף ביצה,כן,ביצה,לד:,פירוש,לא,
9074,קובץ מפרשים לפי הדף ביצה,כן,ביצה,לד:,פירוש,לא,
9076,קובץ מפרשים לפי הדף ביצה,כן,ביצה,לד:,פירוש,לא,
9077,קובץ מפרשים לפי הדף ביצה,כן,ביצה,לד:,פירוש,לא,
9079,קובץ מפרשים לפי הדף ביצה,כן,ביצה,לד:,פירוש,לא,
9081,קובץ מפרשים לפי הדף ביצה,כן,ביצה,לד:,פירוש,לא,
9082,קובץ מפרשים לפי הדף ביצה,כן,ביצה,לד:,פירוש,לא,
9083,קובץ מפרשים לפי הדף ביצה,כן,ביצה,לד:,פירוש,לא,
9084,קובץ מפרשים לפי הדף ביצה,כן,ביצה,לד:,פירוש,לא,
9085,קובץ מפרשים לפי הדף ביצה,כן,ביצה,לד:,פירוש,לא,
9087,קובץ מפרשים לפי הדף ביצה,כן,ביצה,לד:,פירוש,לא,
9088,קובץ מפרשים לפי הדף ביצה,כן,ביצה,לד:,פירוש,לא,
9089,קובץ מפרשים לפי הדף ביצה,כן,ביצה,לד:,פירוש,לא,
9090,קובץ מפרשים לפי הדף ביצה,כן,ביצה,לד:,פירוש,לא,
9091,קובץ מפרשים לפי הדף ביצה,כן,ביצה,לד:,פירוש,לא,
9093,קובץ מפרשים לפי הדף ביצה,כן,ביצה,לד:,פירוש,לא,
9095,קובץ מפרשים לפי הדף ביצה,כן,ביצה,לד:,פירוש,לא,
9096,קובץ מפרשים לפי הדף ביצה,כן,ביצה,לד:,פירוש,לא,
9098,קובץ מפרשים לפי הדף ביצה,כן,ביצה,לד:,פירוש,לא,
9099,קובץ מפרשים לפי הדף ביצה,כן,ביצה,לד:,פירוש,לא,
9100,קובץ מפרשים לפי הדף ביצה,כן,ביצה,לד:,פירוש,לא,
9101,קובץ מפרשים לפי הדף ביצה,כן,ביצה,לד:,פירוש,לא,
9103,קובץ מפרשים לפי הדף ביצה,כן,ביצה,לד:,פירוש,לא,
9105,קובץ מפרשים לפי הדף ביצה,כן,ביצה,לד:,פירוש,לא,
9107,קובץ מפרשים לפי הדף ביצה,כן,ביצה,לד:,פירוש,לא,
9108,קובץ מפרשים לפי הדף ביצה,כן,ביצה,לד:,פירוש,לא,
9109,קובץ מפרשים לפי הדף ביצה,כן,ביצה,לד:,פירוש,לא,
9110,קובץ מפרשים לפי הדף ביצה,כן,ביצה,לד:,פירוש,לא,
9111,קובץ מפרשים לפי הדף ביצה,כן,ביצה,לד:,פירוש,לא,
9113,קובץ מפרשים לפי הדף ביצה,כן,ביצה,לד:,פירוש,לא,
9114,קובץ מפרשים לפי הדף ביצה,כן,ביצה,לד:,פירוש,לא,
9116,קובץ מפרשים לפי הדף ביצה,כן,ביצה,לד:,פירוש,לא,
9119,קובץ מפרשים לפי הדף ביצה,כן,ביצה,לה.,פירוש,לא,
9121,קובץ מפרשים לפי הדף ביצה,כן,ביצה,לה.,פירוש,לא,
9122,קובץ מפרשים לפי הדף ביצה,כן,ביצה,לה.,פירוש,לא,
9123,קובץ מפרשים לפי הדף ביצה,כן,ביצה,לה.,פירוש,לא,
9124,קובץ מפרשים לפי הדף ביצה,כן,ביצה,לה.,פירוש,לא,
9125,קובץ מפרשים לפי הדף ביצה,כן,ביצה,לה.,פירוש,לא,
9126,קובץ מפרשים לפי הדף ביצה,כן,ביצה,לה.,פירוש,לא,
9127,קובץ מפרשים לפי הדף ביצה,כן,ביצה,לה.,פירוש,לא,
9128,קובץ מפרשים לפי הדף ביצה,כן,ביצה,לה.,פירוש,לא,
9129,קובץ מפרשים לפי הדף ביצה,כן,ביצה,לה.,פירוש,לא,
9130,קובץ מפרשים לפי הדף ביצה,כן,ביצה,לה.,פירוש,לא,
9131,קובץ מפרשים לפי הדף ביצה,כן,ביצה,לה.,פירוש,לא,
9132,קובץ מפרשים לפי הדף ביצה,כן,ביצה,לה.,פירוש,לא,
9133,קובץ מפרשים לפי הדף ביצה,כן,ביצה,לה.,פירוש,לא,
9135,קובץ מפרשים לפי הדף ביצה,כן,ביצה,לה.,פירוש,לא,
9137,קובץ מפרשים לפי הדף ביצה,כן,ביצה,לה.,פירוש,לא,
9138,קובץ מפרשים לפי הדף ביצה,כן,ביצה,לה.,פירוש,לא,
9139,קובץ מפרשים לפי הדף ביצה,כן,ביצה,לה.,פירוש,לא,
9140,קובץ מפרשים לפי הדף ביצה,כן,ביצה,לה.,פירוש,לא,
9141,קובץ מפרשים לפי הדף ביצה,כן,ביצה,לה.,פירוש,לא,
9142,קובץ מפרשים לפי הדף ביצה,כן,ביצה,לה.,פירוש,לא,
9144,קובץ מפרשים לפי הדף ביצה,כן,ביצה,לה.,פירוש,לא,
9145,קובץ מפרשים לפי הדף ביצה,כן,ביצה,לה.,פירוש,לא,
9146,קובץ מפרשים לפי הדף ביצה,כן,ביצה,לה.,פירוש,לא,
9148,קובץ מפרשים לפי הדף ביצה,כן,ביצה,לה.,פירוש,לא,
9149,קובץ מפרשים לפי הדף ביצה,כן,ביצה,לה.,פירוש,לא,
9151,קובץ מפרשים לפי הדף ביצה,כן,ביצה,לה.,פירוש,לא,
9152,קובץ מפרשים לפי הדף ביצה,כן,ביצה,לה.,פירוש,לא,
9153,קובץ מפרשים לפי הדף ביצה,כן,ביצה,לה.,פירוש,לא,
9155,קובץ מפרשים לפי הדף ביצה,כן,ביצה,לה.,פירוש,לא,
9156,קובץ מפרשים לפי הדף ביצה,כן,ביצה,לה.,פירוש,לא,
9157,קובץ מפרשים לפי הדף ביצה,כן,ביצה,לה.,פירוש,לא,
9158,קובץ מפרשים לפי הדף ביצה,כן,ביצה,לה.,פירוש,לא,
9159,קובץ מפרשים לפי הדף ביצה,כן,ביצה,לה.,פירוש,לא,
9161,קובץ מפרשים לפי הדף ביצה,כן,ביצה,לה.,פירוש,לא,
9162,קובץ מפרשים לפי הדף ביצה,כן,ביצה,לה.,פירוש,לא,
9163,קובץ מפרשים לפי הדף ביצה,כן,ביצה,לה.,פירוש,לא,
9164,קובץ מפרשים לפי הדף ביצה,כן,ביצה,לה.,פירוש,לא,
9166,קובץ מפרשים לפי הדף ביצה,כן,ביצה,לה.,פירוש,לא,
9167,קובץ מפרשים לפי הדף ביצה,כן,ביצה,לה.,פירוש,לא,
9168,קובץ מפרשים לפי הדף ביצה,כן,ביצה,לה.,פירוש,לא,
9169,קובץ מפרשים לפי הדף ביצה,כן,ביצה,לה.,פירוש,לא,
9170,קובץ מפרשים לפי הדף ביצה,כן,ביצה,לה.,פירוש,לא,
9171,קובץ מפרשים לפי הדף ביצה,כן,ביצה,לה.,פירוש,לא,
9172,קובץ מפרשים לפי הדף ביצה,כן,ביצה,לה.,פירוש,לא,
9173,קובץ מפרשים לפי הדף ביצה,כן,ביצה,לה.,פירוש,לא,
9174,קובץ מפרשים לפי הדף ביצה,כן,ביצה,לה.,פירוש,לא,
9176,קובץ מפרשים לפי הדף ביצה,כן,ביצה,לה.,פירוש,לא,
9177,קובץ מפרשים לפי הדף ביצה,כן,ביצה,לה.,פירוש,לא,
9179,קובץ מפרשים לפי הדף ביצה,כן,ביצה,לה.,פירוש,לא,
9180,קובץ מפרשים לפי הדף ביצה,כן,ביצה,לה.,פירוש,לא,
9181,קובץ מפרשים לפי הדף ביצה,כן,ביצה,לה.,פירוש,לא,
9182,קובץ מפרשים לפי הדף ביצה,כן,ביצה,לה.,פירוש,לא,
9183,קובץ מפרשים לפי הדף ביצה,כן,ביצה,לה.,פירוש,לא,
9184,קובץ מפרשים לפי הדף ביצה,כן,ביצה,לה.,פירוש,לא,
9185,קובץ מפרשים לפי הדף ביצה,כן,ביצה,לה.,פירוש,לא,
9186,קובץ מפרשים לפי הדף ביצה,כן,ביצה,לה.,פירוש,לא,
9187,קובץ מפרשים לפי הדף ביצה,כן,ביצה,לה.,פירוש,לא,
9188,קובץ מפרשים לפי הדף ביצה,כן,ביצה,לה.,פירוש,לא,
9189,קובץ מפרשים לפי הדף ביצה,כן,ביצה,לה.,פירוש,לא,
9190,קובץ מפרשים לפי הדף ביצה,כן,ביצה,לה.,פירוש,לא,
9191,קובץ מפרשים לפי הדף ביצה,כן,ביצה,לה.,פירוש,לא,
9193,קובץ מפרשים לפי הדף ביצה,כן,ביצה,לה.,פירוש,לא,
9194,קובץ מפרשים לפי הדף ביצה,כן,ביצה,לה.,פירוש,לא,
9195,קובץ מפרשים לפי הדף ביצה,כן,ביצה,לה.,פירוש,לא,
9196,קובץ מפרשים לפי הדף ביצה,כן,ביצה,לה.,פירוש,לא,
9197,קובץ מפרשים לפי הדף ביצה,כן,ביצה,לה.,פירוש,לא,
9198,קובץ מפרשים לפי הדף ביצה,כן,ביצה,לה.,פירוש,לא,
9199,קובץ מפרשים לפי הדף ביצה,כן,ביצה,לה.,פירוש,לא,
9200,קובץ מפרשים לפי הדף ביצה,כן,ביצה,לה.,פירוש,לא,
9201,קובץ מפרשים לפי הדף ביצה,כן,ביצה,לה.,פירוש,לא,
9202,קובץ מפרשים לפי הדף ביצה,כן,ביצה,לה.,פירוש,לא,
9203,קובץ מפרשים לפי הדף ביצה,כן,ביצה,לה.,פירוש,לא,
9204,קובץ מפרשים לפי הדף ביצה,כן,ביצה,לה.,פירוש,לא,
9205,קובץ מפרשים לפי הדף ביצה,כן,ביצה,לה.,פירוש,לא,
9206,קובץ מפרשים לפי הדף ביצה,כן,ביצה,לה.,פירוש,לא,
9207,קובץ מפרשים לפי הדף ביצה,כן,ביצה,לה.,פירוש,לא,
9208,קובץ מפרשים לפי הדף ביצה,כן,ביצה,לה.,פירוש,לא,
9209,קובץ מפרשים לפי הדף ביצה,כן,ביצה,לה.,פירוש,לא,
9210,קובץ מפרשים לפי הדף ביצה,כן,ביצה,לה.,פירוש,לא,
9212,קובץ מפרשים לפי הדף ביצה,כן,ביצה,לה.,פירוש,לא,
9214,קובץ מפרשים לפי הדף ביצה,כן,ביצה,לה.,פירוש,לא,
9216,קובץ מפרשים לפי הדף ביצה,כן,ביצה,לה.,פירוש,לא,
9218,קובץ מפרשים לפי הדף ביצה,כן,ביצה,לה.,פירוש,לא,
9219,קובץ מפרשים לפי הדף ביצה,כן,ביצה,לה.,פירוש,לא,
9220,קובץ מפרשים לפי הדף ביצה,כן,ביצה,לה.,פירוש,לא,
9222,קובץ מפרשים לפי הדף ביצה,כן,ביצה,לה.,פירוש,לא,
9223,קובץ מפרשים לפי הדף ביצה,כן,ביצה,לה.,פירוש,לא,
9224,קובץ מפרשים לפי הדף ביצה,כן,ביצה,לה.,פירוש,לא,
9227,קובץ מפרשים לפי הדף ביצה,כן,ביצה,לה:,פירוש,לא,
9228,קובץ מפרשים לפי הדף ביצה,כן,ביצה,לה:,פירוש,לא,
9229,קובץ מפרשים לפי הדף ביצה,כן,ביצה,לה:,פירוש,לא,
9230,קובץ מפרשים לפי הדף ביצה,כן,ביצה,לה:,פירוש,לא,
9231,קובץ מפרשים לפי הדף ביצה,כן,ביצה,לה:,פירוש,לא,
9233,קובץ מפרשים לפי הדף ביצה,כן,ביצה,לה:,פירוש,לא,
9234,קובץ מפרשים לפי הדף ביצה,כן,ביצה,לה:,פירוש,לא,
9235,קובץ מפרשים לפי הדף ביצה,כן,ביצה,לה:,פירוש,לא,
9236,קובץ מפרשים לפי הדף ביצה,כן,ביצה,לה:,פירוש,לא,
9237,קובץ מפרשים לפי הדף ביצה,כן,ביצה,לה:,פירוש,לא,
9238,קובץ מפרשים לפי הדף ביצה,כן,ביצה,לה:,פירוש,לא,
9239,קובץ מפרשים לפי הדף ביצה,כן,ביצה,לה:,פירוש,לא,
9240,קובץ מפרשים לפי הדף ביצה,כן,ביצה,לה:,פירוש,לא,
9241,קובץ מפרשים לפי הדף ביצה,כן,ביצה,לה:,פירוש,לא,
9242,קובץ מפרשים לפי הדף ביצה,כן,ביצה,לה:,פירוש,לא,
9243,קובץ מפרשים לפי הדף ביצה,כן,ביצה,לה:,פירוש,לא,
9244,קובץ מפרשים לפי הדף ביצה,כן,ביצה,לה:,פירוש,לא,
9245,קובץ מפרשים לפי הדף ביצה,כן,ביצה,לה:,פירוש,לא,
9246,קובץ מפרשים לפי הדף ביצה,כן,ביצה,לה:,פירוש,לא,
9247,קובץ מפרשים לפי הדף ביצה,כן,ביצה,לה:,פירוש,לא,
9249,קובץ מפרשים לפי הדף ביצה,כן,ביצה,לה:,פירוש,לא,
9250,קובץ מפרשים לפי הדף ביצה,כן,ביצה,לה:,פירוש,לא,
9251,קובץ מפרשים לפי הדף ביצה,כן,ביצה,לה:,פירוש,לא,
9252,קובץ מפרשים לפי הדף ביצה,כן,ביצה,לה:,פירוש,לא,
9254,קובץ מפרשים לפי הדף ביצה,כן,ביצה,לה:,פירוש,לא,
9255,קובץ מפרשים לפי הדף ביצה,כן,ביצה,לה:,פירוש,לא,
9256,קובץ מפרשים לפי הדף ביצה,כן,ביצה,לה:,פירוש,לא,
9257,קובץ מפרשים לפי הדף ביצה,כן,ביצה,לה:,פירוש,לא,
9258,קובץ מפרשים לפי הדף ביצה,כן,ביצה,לה:,פירוש,לא,
9259,קובץ מפרשים לפי הדף ביצה,כן,ביצה,לה:,פירוש,לא,
9260,קובץ מפרשים לפי הדף ביצה,כן,ביצה,לה:,פירוש,לא,
9261,קובץ מפרשים לפי הדף ביצה,כן,ביצה,לה:,פירוש,לא,
9262,קובץ מפרשים לפי הדף ביצה,כן,ביצה,לה:,פירוש,לא,
9263,קובץ מפרשים לפי הדף ביצה,כן,ביצה,לה:,פירוש,לא,
9264,קובץ מפרשים לפי הדף ביצה,כן,ביצה,לה:,פירוש,לא,
9266,קובץ מפרשים לפי הדף ביצה,כן,ביצה,לה:,פירוש,לא,
9268,קובץ מפרשים לפי הדף ביצה,כן,ביצה,לה:,פירוש,לא,
9269,קובץ מפרשים לפי הדף ביצה,כן,ביצה,לה:,פירוש,לא,
9270,קובץ מפרשים לפי הדף ביצה,כן,ביצה,לה:,פירוש,לא,
9271,קובץ מפרשים לפי הדף ביצה,כן,ביצה,לה:,פירוש,לא,
9273,קובץ מפרשים לפי הדף ביצה,כן,ביצה,לה:,פירוש,לא,
9275,קובץ מפרשים לפי הדף ביצה,כן,ביצה,לה:,פירוש,לא,
9276,קובץ מפרשים לפי הדף ביצה,כן,ביצה,לה:,פירוש,לא,
9278,קובץ מפרשים לפי הדף ביצה,כן,ביצה,לה:,פירוש,לא,
9279,קובץ מפרשים לפי הדף ביצה,כן,ביצה,לה:,פירוש,לא,
9280,קובץ מפרשים לפי הדף ביצה,כן,ביצה,לה:,פירוש,לא,
9281,קובץ מפרשים לפי הדף ביצה,כן,ביצה,לה:,פירוש,לא,
9282,קובץ מפרשים לפי הדף ביצה,כן,ביצה,לה:,פירוש,לא,
9284,קובץ מפרשים לפי הדף ביצה,כן,ביצה,לה:,פירוש,לא,
9286,קובץ מפרשים לפי הדף ביצה,כן,ביצה,לה:,פירוש,לא,
9288,קובץ מפרשים לפי הדף ביצה,כן,ביצה,לה:,פירוש,לא,
9289,קובץ מפרשים לפי הדף ביצה,כן,ביצה,לה:,פירוש,לא,
9291,קובץ מפרשים לפי הדף ביצה,כן,ביצה,לה:,פירוש,לא,
9292,קובץ מפרשים לפי הדף ביצה,כן,ביצה,לה:,פירוש,לא,
9294,קובץ מפרשים לפי הדף ביצה,כן,ביצה,לה:,פירוש,לא,
9295,קובץ מפרשים לפי הדף ביצה,כן,ביצה,לה:,פירוש,לא,
9296,קובץ מפרשים לפי הדף ביצה,כן,ביצה,לה:,פירוש,לא,
9297,קובץ מפרשים לפי הדף ביצה,כן,ביצה,לה:,פירוש,לא,
9298,קובץ מפרשים לפי הדף ביצה,כן,ביצה,לה:,פירוש,לא,
9299,קובץ מפרשים לפי הדף ביצה,כן,ביצה,לה:,פירוש,לא,
9300,קובץ מפרשים לפי הדף ביצה,כן,ביצה,לה:,פירוש,לא,
9301,קובץ מפרשים לפי הדף ביצה,כן,ביצה,לה:,פירוש,לא,
9302,קובץ מפרשים לפי הדף ביצה,כן,ביצה,לה:,פירוש,לא,
9303,קובץ מפרשים לפי הדף ביצה,כן,ביצה,לה:,פירוש,לא,
9304,קובץ מפרשים לפי הדף ביצה,כן,ביצה,לה:,פירוש,לא,
9305,קובץ מפרשים לפי הדף ביצה,כן,ביצה,לה:,פירוש,לא,
9306,קובץ מפרשים לפי הדף ביצה,כן,ביצה,לה:,פירוש,לא,
9307,קובץ מפרשים לפי הדף ביצה,כן,ביצה,לה:,פירוש,לא,
9308,קובץ מפרשים לפי הדף ביצה,כן,ביצה,לה:,פירוש,לא,
9309,קובץ מפרשים לפי הדף ביצה,כן,ביצה,לה:,פירוש,לא,
9310,קובץ מפרשים לפי הדף ביצה,כן,ביצה,לה:,פירוש,לא,
9311,קובץ מפרשים לפי הדף ביצה,כן,ביצה,לה:,פירוש,לא,
9312,קובץ מפרשים לפי הדף ביצה,כן,ביצה,לה:,פירוש,לא,
9313,קובץ מפרשים לפי הדף ביצה,כן,ביצה,לה:,פירוש,לא,
9314,קובץ מפרשים לפי הדף ביצה,כן,ביצה,לה:,פירוש,לא,
9315,קובץ מפרשים לפי הדף ביצה,כן,ביצה,לה:,פירוש,לא,
9316,קובץ מפרשים לפי הדף ביצה,כן,ביצה,לה:,פירוש,לא,
9317,קובץ מפרשים לפי הדף ביצה,כן,ביצה,לה:,פירוש,לא,
9318,קובץ מפרשים לפי הדף ביצה,כן,ביצה,לה:,פירוש,לא,
9319,קובץ מפרשים לפי הדף ביצה,כן,ביצה,לה:,פירוש,לא,
9320,קובץ מפרשים לפי הדף ביצה,כן,ביצה,לה:,פירוש,לא,
9321,קובץ מפרשים לפי הדף ביצה,כן,ביצה,לה:,פירוש,לא,
9322,קובץ מפרשים לפי הדף ביצה,כן,ביצה,לה:,פירוש,לא,
9323,קובץ מפרשים לפי הדף ביצה,כן,ביצה,לה:,פירוש,לא,
9325,קובץ מפרשים לפי הדף ביצה,כן,ביצה,לה:,פירוש,לא,
9328,קובץ מפרשים לפי הדף ביצה,כן,ביצה,לו.,פירוש,לא,
9329,קובץ מפרשים לפי הדף ביצה,כן,ביצה,לו.,פירוש,לא,
9330,קובץ מפרשים לפי הדף ביצה,כן,ביצה,לו.,פירוש,לא,
9331,קובץ מפרשים לפי הדף ביצה,כן,ביצה,לו.,פירוש,לא,
9332,קובץ מפרשים לפי הדף ביצה,כן,ביצה,לו.,פירוש,לא,
9333,קובץ מפרשים לפי הדף ביצה,כן,ביצה,לו.,פירוש,לא,
9334,קובץ מפרשים לפי הדף ביצה,כן,ביצה,לו.,פירוש,לא,
9335,קובץ מפרשים לפי הדף ביצה,כן,ביצה,לו.,פירוש,לא,
9337,קובץ מפרשים לפי הדף ביצה,כן,ביצה,לו.,פירוש,לא,
9338,קובץ מפרשים לפי הדף ביצה,כן,ביצה,לו.,פירוש,לא,
9339,קובץ מפרשים לפי הדף ביצה,כן,ביצה,לו.,פירוש,לא,
9340,קובץ מפרשים לפי הדף ביצה,כן,ביצה,לו.,פירוש,לא,
9341,קובץ מפרשים לפי הדף ביצה,כן,ביצה,לו.,פירוש,לא,
9342,קובץ מפרשים לפי הדף ביצה,כן,ביצה,לו.,פירוש,לא,
9343,קובץ מפרשים לפי הדף ביצה,כן,ביצה,לו.,פירוש,לא,
9344,קובץ מפרשים לפי הדף ביצה,כן,ביצה,לו.,פירוש,לא,
9345,קובץ מפרשים לפי הדף ביצה,כן,ביצה,לו.,פירוש,לא,
9346,קובץ מפרשים לפי הדף ביצה,כן,ביצה,לו.,פירוש,לא,
9347,קובץ מפרשים לפי הדף ביצה,כן,ביצה,לו.,פירוש,לא,
9348,קובץ מפרשים לפי הדף ביצה,כן,ביצה,לו.,פירוש,לא,
9349,קובץ מפרשים לפי הדף ביצה,כן,ביצה,לו.,פירוש,לא,
9350,קובץ מפרשים לפי הדף ביצה,כן,ביצה,לו.,פירוש,לא,
9351,קובץ מפרשים לפי הדף ביצה,כן,ביצה,לו.,פירוש,לא,
9352,קובץ מפרשים לפי הדף ביצה,כן,ביצה,לו.,פירוש,לא,
9353,קובץ מפרשים לפי הדף ביצה,כן,ביצה,לו.,פירוש,לא,
9354,קובץ מפרשים לפי הדף ביצה,כן,ביצה,לו.,פירוש,לא,
9355,קובץ מפרשים לפי הדף ביצה,כן,ביצה,לו.,פירוש,לא,
9356,קובץ מפרשים לפי הדף ביצה,כן,ביצה,לו.,פירוש,לא,
9357,קובץ מפרשים לפי הדף ביצה,כן,ביצה,לו.,פירוש,לא,
9359,קובץ מפרשים לפי הדף ביצה,כן,ביצה,לו.,פירוש,לא,
9361,קובץ מפרשים לפי הדף ביצה,כן,ביצה,לו.,פירוש,לא,
9362,קובץ מפרשים לפי הדף ביצה,כן,ביצה,לו.,פירוש,לא,
9363,קובץ מפרשים לפי הדף ביצה,כן,ביצה,לו.,פירוש,לא,
9364,קובץ מפרשים לפי הדף ביצה,כן,ביצה,לו.,פירוש,לא,
9365,קובץ מפרשים לפי הדף ביצה,כן,ביצה,לו.,פירוש,לא,
9366,קובץ מפרשים לפי הדף ביצה,כן,ביצה,לו.,פירוש,לא,
9367,קובץ מפרשים לפי הדף ביצה,כן,ביצה,לו.,פירוש,לא,
9368,קובץ מפרשים לפי הדף ביצה,כן,ביצה,לו.,פירוש,לא,
9370,קובץ מפרשים לפי הדף ביצה,כן,ביצה,לו.,פירוש,לא,
9371,קובץ מפרשים לפי הדף ביצה,כן,ביצה,לו.,פירוש,לא,
9373,קובץ מפרשים לפי הדף ביצה,כן,ביצה,לו.,פירוש,לא,
9374,קובץ מפרשים לפי הדף ביצה,כן,ביצה,לו.,פירוש,לא,
9376,קובץ מפרשים לפי הדף ביצה,כן,ביצה,לו.,פירוש,לא,
9377,קובץ מפרשים לפי הדף ביצה,כן,ביצה,לו.,פירוש,לא,
9378,קובץ מפרשים לפי הדף ביצה,כן,ביצה,לו.,פירוש,לא,
9379,קובץ מפרשים לפי הדף ביצה,כן,ביצה,לו.,פירוש,לא,
9380,קובץ מפרשים לפי הדף ביצה,כן,ביצה,לו.,פירוש,לא,
9381,קובץ מפרשים לפי הדף ביצה,כן,ביצה,לו.,פירוש,לא,
9383,קובץ מפרשים לפי הדף ביצה,כן,ביצה,לו.,פירוש,לא,
9384,קובץ מפרשים לפי הדף ביצה,כן,ביצה,לו.,פירוש,לא,
9385,קובץ מפרשים לפי הדף ביצה,כן,ביצה,לו.,פירוש,לא,
9386,קובץ מפרשים לפי הדף ביצה,כן,ביצה,לו.,פירוש,לא,
9387,קובץ מפרשים לפי הדף ביצה,כן,ביצה,לו.,פירוש,לא,
9389,קובץ מפרשים לפי הדף ביצה,כן,ביצה,לו.,פירוש,לא,
9390,קובץ מפרשים לפי הדף ביצה,כן,ביצה,לו.,פירוש,לא,
9391,קובץ מפרשים לפי הדף ביצה,כן,ביצה,לו.,פירוש,לא,
9392,קובץ מפרשים לפי הדף ביצה,כן,ביצה,לו.,פירוש,לא,
9393,קובץ מפרשים לפי הדף ביצה,כן,ביצה,לו.,פירוש,לא,
9394,קובץ מפרשים לפי הדף ביצה,כן,ביצה,לו.,פירוש,לא,
9396,קובץ מפרשים לפי הדף ביצה,כן,ביצה,לו.,פירוש,לא,
9398,קובץ מפרשים לפי הדף ביצה,כן,ביצה,לו.,פירוש,לא,
9399,קובץ מפרשים לפי הדף ביצה,כן,ביצה,לו.,פירוש,לא,
9401,קובץ מפרשים לפי הדף ביצה,כן,ביצה,לו.,פירוש,לא,
9402,קובץ מפרשים לפי הדף ביצה,כן,ביצה,לו.,פירוש,לא,
9404,קובץ מפרשים לפי הדף ביצה,כן,ביצה,לו.,פירוש,לא,
9406,קובץ מפרשים לפי הדף ביצה,כן,ביצה,לו.,פירוש,לא,
9407,קובץ מפרשים לפי הדף ביצה,כן,ביצה,לו.,פירוש,לא,
9408,קובץ מפרשים לפי הדף ביצה,כן,ביצה,לו.,פירוש,לא,
9409,קובץ מפרשים לפי הדף ביצה,כן,ביצה,לו.,פירוש,לא,
9411,קובץ מפרשים לפי הדף ביצה,כן,ביצה,לו.,פירוש,לא,
9413,קובץ מפרשים לפי הדף ביצה,כן,ביצה,לו.,פירוש,לא,
9415,קובץ מפרשים לפי הדף ביצה,כן,ביצה,לו.,פירוש,לא,
9416,קובץ מפרשים לפי הדף ביצה,כן,ביצה,לו.,פירוש,לא,
9417,קובץ מפרשים לפי הדף ביצה,כן,ביצה,לו.,פירוש,לא,
9418,קובץ מפרשים לפי הדף ביצה,כן,ביצה,לו.,פירוש,לא,
9420,קובץ מפרשים לפי הדף ביצה,כן,ביצה,לו.,פירוש,לא,
9422,קובץ מפרשים לפי הדף ביצה,כן,ביצה,לו.,פירוש,לא,
9423,קובץ מפרשים לפי הדף ביצה,כן,ביצה,לו.,פירוש,לא,
9425,קובץ מפרשים לפי הדף ביצה,כן,ביצה,לו.,פירוש,לא,
9426,קובץ מפרשים לפי הדף ביצה,כן,ביצה,לו.,פירוש,לא,
9427,קובץ מפרשים לפי הדף ביצה,כן,ביצה,לו.,פירוש,לא,
9430,קובץ מפרשים לפי הדף ביצה,כן,ביצה,לו:,פירוש,לא,
9431,קובץ מפרשים לפי הדף ביצה,כן,ביצה,לו:,פירוש,לא,
9432,קובץ מפרשים לפי הדף ביצה,כן,ביצה,לו:,פירוש,לא,
9433,קובץ מפרשים לפי הדף ביצה,כן,ביצה,לו:,פירוש,לא,
9434,קובץ מפרשים לפי הדף ביצה,כן,ביצה,לו:,פירוש,לא,
9435,קובץ מפרשים לפי הדף ביצה,כן,ביצה,לו:,פירוש,לא,
9437,קובץ מפרשים לפי הדף ביצה,כן,ביצה,לו:,פירוש,לא,
9438,קובץ מפרשים לפי הדף ביצה,כן,ביצה,לו:,פירוש,לא,
9439,קובץ מפרשים לפי הדף ביצה,כן,ביצה,לו:,פירוש,לא,
9440,קובץ מפרשים לפי הדף ביצה,כן,ביצה,לו:,פירוש,לא,
9441,קובץ מפרשים לפי הדף ביצה,כן,ביצה,לו:,פירוש,לא,
9442,קובץ מפרשים לפי הדף ביצה,כן,ביצה,לו:,פירוש,לא,
9443,קובץ מפרשים לפי הדף ביצה,כן,ביצה,לו:,פירוש,לא,
9445,קובץ מפרשים לפי הדף ביצה,כן,ביצה,לו:,פירוש,לא,
9446,קובץ מפרשים לפי הדף ביצה,כן,ביצה,לו:,פירוש,לא,
9447,קובץ מפרשים לפי הדף ביצה,כן,ביצה,לו:,פירוש,לא,
9448,קובץ מפרשים לפי הדף ביצה,כן,ביצה,לו:,פירוש,לא,
9449,קובץ מפרשים לפי הדף ביצה,כן,ביצה,לו:,פירוש,לא,
9451,קובץ מפרשים לפי הדף ביצה,כן,ביצה,לו:,פירוש,לא,
9452,קובץ מפרשים לפי הדף ביצה,כן,ביצה,לו:,פירוש,לא,
9453,קובץ מפרשים לפי הדף ביצה,כן,ביצה,לו:,פירוש,לא,
9454,קובץ מפרשים לפי הדף ביצה,כן,ביצה,לו:,פירוש,לא,
9455,קובץ מפרשים לפי הדף ביצה,כן,ביצה,לו:,פירוש,לא,
9456,קובץ מפרשים לפי הדף ביצה,כן,ביצה,לו:,פירוש,לא,
9457,קובץ מפרשים לפי הדף ביצה,כן,ביצה,לו:,פירוש,לא,
9458,קובץ מפרשים לפי הדף ביצה,כן,ביצה,לו:,פירוש,לא,
9459,קובץ מפרשים לפי הדף ביצה,כן,ביצה,לו:,פירוש,לא,
9460,קובץ מפרשים לפי הדף ביצה,כן,ביצה,לו:,פירוש,לא,
9461,קובץ מפרשים לפי הדף ביצה,כן,ביצה,לו:,פירוש,לא,
9462,קובץ מפרשים לפי הדף ביצה,כן,ביצה,לו:,פירוש,לא,
9463,קובץ מפרשים לפי הדף ביצה,כן,ביצה,לו:,פירוש,לא,
9464,קובץ מפרשים לפי הדף ביצה,כן,ביצה,לו:,פירוש,לא,
9465,קובץ מפרשים לפי הדף ביצה,כן,ביצה,לו:,פירוש,לא,
9466,קובץ מפרשים לפי הדף ביצה,כן,ביצה,לו:,פירוש,לא,
9467,קובץ מפרשים לפי הדף ביצה,כן,ביצה,לו:,פירוש,לא,
9468,קובץ מפרשים לפי הדף ביצה,כן,ביצה,לו:,פירוש,לא,
9470,קובץ מפרשים לפי הדף ביצה,כן,ביצה,לו:,פירוש,לא,
9471,קובץ מפרשים לפי הדף ביצה,כן,ביצה,לו:,פירוש,לא,
9472,קובץ מפרשים לפי הדף ביצה,כן,ביצה,לו:,פירוש,לא,
9474,קובץ מפרשים לפי הדף ביצה,כן,ביצה,לו:,פירוש,לא,
9475,קובץ מפרשים לפי הדף ביצה,כן,ביצה,לו:,פירוש,לא,
9477,קובץ מפרשים לפי הדף ביצה,כן,ביצה,לו:,פירוש,לא,
9478,קובץ מפרשים לפי הדף ביצה,כן,ביצה,לו:,פירוש,לא,
9479,קובץ מפרשים לפי הדף ביצה,כן,ביצה,לו:,פירוש,לא,
9480,קובץ מפרשים לפי הדף ביצה,כן,ביצה,לו:,פירוש,לא,
9481,קובץ מפרשים לפי הדף ביצה,כן,ביצה,לו:,פירוש,לא,
9482,קובץ מפרשים לפי הדף ביצה,כן,ביצה,לו:,פירוש,לא,
9483,קובץ מפרשים לפי הדף ביצה,כן,ביצה,לו:,פירוש,לא,
9484,קובץ מפרשים לפי הדף ביצה,כן,ביצה,לו:,פירוש,לא,
9485,קובץ מפרשים לפי הדף ביצה,כן,ביצה,לו:,פירוש,לא,
9487,קובץ מפרשים לפי הדף ביצה,כן,ביצה,לו:,פירוש,לא,
9488,קובץ מפרשים לפי הדף ביצה,כן,ביצה,לו:,פירוש,לא,
9490,קובץ מפרשים לפי הדף ביצה,כן,ביצה,לו:,פירוש,לא,
9491,קובץ מפרשים לפי הדף ביצה,כן,ביצה,לו:,פירוש,לא,
9493,קובץ מפרשים לפי הדף ביצה,כן,ביצה,לו:,פירוש,לא,
9494,קובץ מפרשים לפי הדף ביצה,כן,ביצה,לו:,פירוש,לא,
9495,קובץ מפרשים לפי הדף ביצה,כן,ביצה,לו:,פירוש,לא,
9496,קובץ מפרשים לפי הדף ביצה,כן,ביצה,לו:,פירוש,לא,
9497,קובץ מפרשים לפי הדף ביצה,כן,ביצה,לו:,פירוש,לא,
9498,קובץ מפרשים לפי הדף ביצה,כן,ביצה,לו:,פירוש,לא,
9499,קובץ מפרשים לפי הדף ביצה,כן,ביצה,לו:,פירוש,לא,
9500,קובץ מפרשים לפי הדף ביצה,כן,ביצה,לו:,פירוש,לא,
9502,קובץ מפרשים לפי הדף ביצה,כן,ביצה,לו:,פירוש,לא,
9504,קובץ מפרשים לפי הדף ביצה,כן,ביצה,לו:,פירוש,לא,
9505,קובץ מפרשים לפי הדף ביצה,כן,ביצה,לו:,פירוש,לא,
9506,קובץ מפרשים לפי הדף ביצה,כן,ביצה,לו:,פירוש,לא,
9507,קובץ מפרשים לפי הדף ביצה,כן,ביצה,לו:,פירוש,לא,
9509,קובץ מפרשים לפי הדף ביצה,כן,ביצה,לו:,פירוש,לא,
9510,קובץ מפרשים לפי הדף ביצה,כן,ביצה,לו:,פירוש,לא,
9511,קובץ מפרשים לפי הדף ביצה,כן,ביצה,לו:,פירוש,לא,
9512,קובץ מפרשים לפי הדף ביצה,כן,ביצה,לו:,פירוש,לא,
9514,קובץ מפרשים לפי הדף ביצה,כן,ביצה,לו:,פירוש,לא,
9515,קובץ מפרשים לפי הדף ביצה,כן,ביצה,לו:,פירוש,לא,
9516,קובץ מפרשים לפי הדף ביצה,כן,ביצה,לו:,פירוש,לא,
9517,קובץ מפרשים לפי הדף ביצה,כן,ביצה,לו:,פירוש,לא,
9518,קובץ מפרשים לפי הדף ביצה,כן,ביצה,לו:,פירוש,לא,
9519,קובץ מפרשים לפי הדף ביצה,כן,ביצה,לו:,פירוש,לא,
9520,קובץ מפרשים לפי הדף ביצה,כן,ביצה,לו:,פירוש,לא,
9521,קובץ מפרשים לפי הדף ביצה,כן,ביצה,לו:,פירוש,לא,
9522,קובץ מפרשים לפי הדף ביצה,כן,ביצה,לו:,פירוש,לא,
9523,קובץ מפרשים לפי הדף ביצה,כן,ביצה,לו:,פירוש,לא,
9524,קובץ מפרשים לפי הדף ביצה,כן,ביצה,לו:,פירוש,לא,
9525,קובץ מפרשים לפי הדף ביצה,כן,ביצה,לו:,פירוש,לא,
9527,קובץ מפרשים לפי הדף ביצה,כן,ביצה,לו:,פירוש,לא,
9528,קובץ מפרשים לפי הדף ביצה,כן,ביצה,לו:,פירוש,לא,
9529,קובץ מפרשים לפי הדף ביצה,כן,ביצה,לו:,פירוש,לא,
9530,קובץ מפרשים לפי הדף ביצה,כן,ביצה,לו:,פירוש,לא,
9532,קובץ מפרשים לפי הדף ביצה,כן,ביצה,לו:,פירוש,לא,
9533,קובץ מפרשים לפי הדף ביצה,כן,ביצה,לו:,פירוש,לא,
9534,קובץ מפרשים לפי הדף ביצה,כן,ביצה,לו:,פירוש,לא,
9535,קובץ מפרשים לפי הדף ביצה,כן,ביצה,לו:,פירוש,לא,
9536,קובץ מפרשים לפי הדף ביצה,כן,ביצה,לו:,פירוש,לא,
9537,קובץ מפרשים לפי הדף ביצה,כן,ביצה,לו:,פירוש,לא,
9539,קובץ מפרשים לפי הדף ביצה,כן,ביצה,לו:,פירוש,לא,
9540,קובץ מפרשים לפי הדף ביצה,כן,ביצה,לו:,פירוש,לא,
9542,קובץ מפרשים לפי הדף ביצה,כן,ביצה,לו:,פירוש,לא,
9544,קובץ מפרשים לפי הדף ביצה,כן,ביצה,לו:,פירוש,לא,
9546,קובץ מפרשים לפי הדף ביצה,כן,ביצה,לו:,פירוש,לא,
9547,קובץ מפרשים לפי הדף ביצה,כן,ביצה,לו:,פירוש,לא,
9549,קובץ מפרשים לפי הדף ביצה,כן,ביצה,לו:,פירוש,לא,
9552,קובץ מפרשים לפי הדף ביצה,כן,ביצה,לז.,פירוש,לא,
9553,קובץ מפרשים לפי הדף ביצה,כן,ביצה,לז.,פירוש,לא,
9555,קובץ מפרשים לפי הדף ביצה,כן,ביצה,לז.,פירוש,לא,
9556,קובץ מפרשים לפי הדף ביצה,כן,ביצה,לז.,פירוש,לא,
9557,קובץ מפרשים לפי הדף ביצה,כן,ביצה,לז.,פירוש,לא,
9558,קובץ מפרשים לפי הדף ביצה,כן,ביצה,לז.,פירוש,לא,
9559,קובץ מפרשים לפי הדף ביצה,כן,ביצה,לז.,פירוש,לא,
9560,קובץ מפרשים לפי הדף ביצה,כן,ביצה,לז.,פירוש,לא,
9561,קובץ מפרשים לפי הדף ביצה,כן,ביצה,לז.,פירוש,לא,
9562,קובץ מפרשים לפי הדף ביצה,כן,ביצה,לז.,פירוש,לא,
9563,קובץ מפרשים לפי הדף ביצה,כן,ביצה,לז.,פירוש,לא,
9564,קובץ מפרשים לפי הדף ביצה,כן,ביצה,לז.,פירוש,לא,
9565,קובץ מפרשים לפי הדף ביצה,כן,ביצה,לז.,פירוש,לא,
9567,קובץ מפרשים לפי הדף ביצה,כן,ביצה,לז.,פירוש,לא,
9568,קובץ מפרשים לפי הדף ביצה,כן,ביצה,לז.,פירוש,לא,
9569,קובץ מפרשים לפי הדף ביצה,כן,ביצה,לז.,פירוש,לא,
9570,קובץ מפרשים לפי הדף ביצה,כן,ביצה,לז.,פירוש,לא,
9571,קובץ מפרשים לפי הדף ביצה,כן,ביצה,לז.,פירוש,לא,
9573,קובץ מפרשים לפי הדף ביצה,כן,ביצה,לז.,פירוש,לא,
9574,קובץ מפרשים לפי הדף ביצה,כן,ביצה,לז.,פירוש,לא,
9575,קובץ מפרשים לפי הדף ביצה,כן,ביצה,לז.,פירוש,לא,
9576,קובץ מפרשים לפי הדף ביצה,כן,ביצה,לז.,פירוש,לא,
9577,קובץ מפרשים לפי הדף ביצה,כן,ביצה,לז.,פירוש,לא,
9578,קובץ מפרשים לפי הדף ביצה,כן,ביצה,לז.,פירוש,לא,
9579,קובץ מפרשים לפי הדף ביצה,כן,ביצה,לז.,פירוש,לא,
9580,קובץ מפרשים לפי הדף ביצה,כן,ביצה,לז.,פירוש,לא,
9581,קובץ מפרשים לפי הדף ביצה,כן,ביצה,לז.,פירוש,לא,
9582,קובץ מפרשים לפי הדף ביצה,כן,ביצה,לז.,פירוש,לא,
9583,קובץ מפרשים לפי הדף ביצה,כן,ביצה,לז.,פירוש,לא,
9584,קובץ מפרשים לפי הדף ביצה,כן,ביצה,לז.,פירוש,לא,
9585,קובץ מפרשים לפי הדף ביצה,כן,ביצה,לז.,פירוש,לא,
9586,קובץ מפרשים לפי הדף ביצה,כן,ביצה,לז.,פירוש,לא,
9588,קובץ מפרשים לפי הדף ביצה,כן,ביצה,לז.,פירוש,לא,
9589,קובץ מפרשים לפי הדף ביצה,כן,ביצה,לז.,פירוש,לא,
9590,קובץ מפרשים לפי הדף ביצה,כן,ביצה,לז.,פירוש,לא,
9592,קובץ מפרשים לפי הדף ביצה,כן,ביצה,לז.,פירוש,לא,
9593,קובץ מפרשים לפי הדף ביצה,כן,ביצה,לז.,פירוש,לא,
9594,קובץ מפרשים לפי הדף ביצה,כן,ביצה,לז.,פירוש,לא,
9596,קובץ מפרשים לפי הדף ביצה,כן,ביצה,לז.,פירוש,לא,
9597,קובץ מפרשים לפי הדף ביצה,כן,ביצה,לז.,פירוש,לא,
9599,קובץ מפרשים לפי הדף ביצה,כן,ביצה,לז.,פירוש,לא,
9601,קובץ מפרשים לפי הדף ביצה,כן,ביצה,לז.,פירוש,לא,
9602,קובץ מפרשים לפי הדף ביצה,כן,ביצה,לז.,פירוש,לא,
9603,קובץ מפרשים לפי הדף ביצה,כן,ביצה,לז.,פירוש,לא,
9604,קובץ מפרשים לפי הדף ביצה,כן,ביצה,לז.,פירוש,לא,
9605,קובץ מפרשים לפי הדף ביצה,כן,ביצה,לז.,פירוש,לא,
9606,קובץ מפרשים לפי הדף ביצה,כן,ביצה,לז.,פירוש,לא,
9608,קובץ מפרשים לפי הדף ביצה,כן,ביצה,לז.,פירוש,לא,
9609,קובץ מפרשים לפי הדף ביצה,כן,ביצה,לז.,פירוש,לא,
9610,קובץ מפרשים לפי הדף ביצה,כן,ביצה,לז.,פירוש,לא,
9612,קובץ מפרשים לפי הדף ביצה,כן,ביצה,לז.,פירוש,לא,
9614,קובץ מפרשים לפי הדף ביצה,כן,ביצה,לז.,פירוש,לא,
9615,קובץ מפרשים לפי הדף ביצה,כן,ביצה,לז.,פירוש,לא,
9616,קובץ מפרשים לפי הדף ביצה,כן,ביצה,לז.,פירוש,לא,
9617,קובץ מפרשים לפי הדף ביצה,כן,ביצה,לז.,פירוש,לא,
9618,קובץ מפרשים לפי הדף ביצה,כן,ביצה,לז.,פירוש,לא,
9619,קובץ מפרשים לפי הדף ביצה,כן,ביצה,לז.,פירוש,לא,
9620,קובץ מפרשים לפי הדף ביצה,כן,ביצה,לז.,פירוש,לא,
9622,קובץ מפרשים לפי הדף ביצה,כן,ביצה,לז.,פירוש,לא,
9623,קובץ מפרשים לפי הדף ביצה,כן,ביצה,לז.,פירוש,לא,
9625,קובץ מפרשים לפי הדף ביצה,כן,ביצה,לז.,פירוש,לא,
9626,קובץ מפרשים לפי הדף ביצה,כן,ביצה,לז.,פירוש,לא,
9628,קובץ מפרשים לפי הדף ביצה,כן,ביצה,לז.,פירוש,לא,
9630,קובץ מפרשים לפי הדף ביצה,כן,ביצה,לז.,פירוש,לא,
9631,קובץ מפרשים לפי הדף ביצה,כן,ביצה,לז.,פירוש,לא,
9632,קובץ מפרשים לפי הדף ביצה,כן,ביצה,לז.,פירוש,לא,
9634,קובץ מפרשים לפי הדף ביצה,כן,ביצה,לז.,פירוש,לא,
9636,קובץ מפרשים לפי הדף ביצה,כן,ביצה,לז.,פירוש,לא,
9637,קובץ מפרשים לפי הדף ביצה,כן,ביצה,לז.,פירוש,לא,
9638,קובץ מפרשים לפי הדף ביצה,כן,ביצה,לז.,פירוש,לא,
9639,קובץ מפרשים לפי הדף ביצה,כן,ביצה,לז.,פירוש,לא,
9640,קובץ מפרשים לפי הדף ביצה,כן,ביצה,לז.,פירוש,לא,
9641,קובץ מפרשים לפי הדף ביצה,כן,ביצה,לז.,פירוש,לא,
9642,קובץ מפרשים לפי הדף ביצה,כן,ביצה,לז.,פירוש,לא,
9643,קובץ מפרשים לפי הדף ביצה,כן,ביצה,לז.,פירוש,לא,
9644,קובץ מפרשים לפי הדף ביצה,כן,ביצה,לז.,פירוש,לא,
9645,קובץ מפרשים לפי הדף ביצה,כן,ביצה,לז.,פירוש,לא,
9646,קובץ מפרשים לפי הדף ביצה,כן,ביצה,לז.,פירוש,לא,
9647,קובץ מפרשים לפי הדף ביצה,כן,ביצה,לז.,פירוש,לא,
9648,קובץ מפרשים לפי הדף ביצה,כן,ביצה,לז.,פירוש,לא,
9649,קובץ מפרשים לפי הדף ביצה,כן,ביצה,לז.,פירוש,לא,
9650,קובץ מפרשים לפי הדף ביצה,כן,ביצה,לז.,פירוש,לא,
9651,קובץ מפרשים לפי הדף ביצה,כן,ביצה,לז.,פירוש,לא,
9652,קובץ מפרשים לפי הדף ביצה,כן,ביצה,לז.,פירוש,לא,
9653,קובץ מפרשים לפי הדף ביצה,כן,ביצה,לז.,פירוש,לא,
9654,קובץ מפרשים לפי הדף ביצה,כן,ביצה,לז.,פירוש,לא,
9655,קובץ מפרשים לפי הדף ביצה,כן,ביצה,לז.,פירוש,לא,
9656,קובץ מפרשים לפי הדף ביצה,כן,ביצה,לז.,פירוש,לא,
9659,קובץ מפרשים לפי הדף ביצה,כן,ביצה,לז:,פירוש,לא,
9660,קובץ מפרשים לפי הדף ביצה,כן,ביצה,לז:,פירוש,לא,
9661,קובץ מפרשים לפי הדף ביצה,כן,ביצה,לז:,פירוש,לא,
9662,קובץ מפרשים לפי הדף ביצה,כן,ביצה,לז:,פירוש,לא,
9664,קובץ מפרשים לפי הדף ביצה,כן,ביצה,לז:,פירוש,לא,
9665,קובץ מפרשים לפי הדף ביצה,כן,ביצה,לז:,פירוש,לא,
9666,קובץ מפרשים לפי הדף ביצה,כן,ביצה,לז:,פירוש,לא,
9667,קובץ מפרשים לפי הדף ביצה,כן,ביצה,לז:,פירוש,לא,
9668,קובץ מפרשים לפי הדף ביצה,כן,ביצה,לז:,פירוש,לא,
9669,קובץ מפרשים לפי הדף ביצה,כן,ביצה,לז:,פירוש,לא,
9670,קובץ מפרשים לפי הדף ביצה,כן,ביצה,לז:,פירוש,לא,
9671,קובץ מפרשים לפי הדף ביצה,כן,ביצה,לז:,פירוש,לא,
9672,קובץ מפרשים לפי הדף ביצה,כן,ביצה,לז:,פירוש,לא,
9673,קובץ מפרשים לפי הדף ביצה,כן,ביצה,לז:,פירוש,לא,
9674,קובץ מפרשים לפי הדף ביצה,כן,ביצה,לז:,פירוש,לא,
9675,קובץ מפרשים לפי הדף ביצה,כן,ביצה,לז:,פירוש,לא,
9676,קובץ מפרשים לפי הדף ביצה,כן,ביצה,לז:,פירוש,לא,
9677,קובץ מפרשים לפי הדף ביצה,כן,ביצה,לז:,פירוש,לא,
9679,קובץ מפרשים לפי הדף ביצה,כן,ביצה,לז:,פירוש,לא,
9680,קובץ מפרשים לפי הדף ביצה,כן,ביצה,לז:,פירוש,לא,
9681,קובץ מפרשים לפי הדף ביצה,כן,ביצה,לז:,פירוש,לא,
9683,קובץ מפרשים לפי הדף ביצה,כן,ביצה,לז:,פירוש,לא,
9684,קובץ מפרשים לפי הדף ביצה,כן,ביצה,לז:,פירוש,לא,
9685,קובץ מפרשים לפי הדף ביצה,כן,ביצה,לז:,פירוש,לא,
9686,קובץ מפרשים לפי הדף ביצה,כן,ביצה,לז:,פירוש,לא,
9687,קובץ מפרשים לפי הדף ביצה,כן,ביצה,לז:,פירוש,לא,
9688,קובץ מפרשים לפי הדף ביצה,כן,ביצה,לז:,פירוש,לא,
9690,קובץ מפרשים לפי הדף ביצה,כן,ביצה,לז:,פירוש,לא,
9691,קובץ מפרשים לפי הדף ביצה,כן,ביצה,לז:,פירוש,לא,
9692,קובץ מפרשים לפי הדף ביצה,כן,ביצה,לז:,פירוש,לא,
9694,קובץ מפרשים לפי הדף ביצה,כן,ביצה,לז:,פירוש,לא,
9695,קובץ מפרשים לפי הדף ביצה,כן,ביצה,לז:,פירוש,לא,
9697,קובץ מפרשים לפי הדף ביצה,כן,ביצה,לז:,פירוש,לא,
9698,קובץ מפרשים לפי הדף ביצה,כן,ביצה,לז:,פירוש,לא,
9699,קובץ מפרשים לפי הדף ביצה,כן,ביצה,לז:,פירוש,לא,
9700,קובץ מפרשים לפי הדף ביצה,כן,ביצה,לז:,פירוש,לא,
9701,קובץ מפרשים לפי הדף ביצה,כן,ביצה,לז:,פירוש,לא,
9702,קובץ מפרשים לפי הדף ביצה,כן,ביצה,לז:,פירוש,לא,
9704,קובץ מפרשים לפי הדף ביצה,כן,ביצה,לז:,פירוש,לא,
9705,קובץ מפרשים לפי הדף ביצה,כן,ביצה,לז:,פירוש,לא,
9706,קובץ מפרשים לפי הדף ביצה,כן,ביצה,לז:,פירוש,לא,
9707,קובץ מפרשים לפי הדף ביצה,כן,ביצה,לז:,פירוש,לא,
9708,קובץ מפרשים לפי הדף ביצה,כן,ביצה,לז:,פירוש,לא,
9709,קובץ מפרשים לפי הדף ביצה,כן,ביצה,לז:,פירוש,לא,
9710,קובץ מפרשים לפי הדף ביצה,כן,ביצה,לז:,פירוש,לא,
9712,קובץ מפרשים לפי הדף ביצה,כן,ביצה,לז:,פירוש,לא,
9713,קובץ מפרשים לפי הדף ביצה,כן,ביצה,לז:,פירוש,לא,
9715,קובץ מפרשים לפי הדף ביצה,כן,ביצה,לז:,פירוש,לא,
9716,קובץ מפרשים לפי הדף ביצה,כן,ביצה,לז:,פירוש,לא,
9717,קובץ מפרשים לפי הדף ביצה,כן,ביצה,לז:,פירוש,לא,
9719,קובץ מפרשים לפי הדף ביצה,כן,ביצה,לז:,פירוש,לא,
9720,קובץ מפרשים לפי הדף ביצה,כן,ביצה,לז:,פירוש,לא,
9722,קובץ מפרשים לפי הדף ביצה,כן,ביצה,לז:,פירוש,לא,
9723,קובץ מפרשים לפי הדף ביצה,כן,ביצה,לז:,פירוש,לא,
9724,קובץ מפרשים לפי הדף ביצה,כן,ביצה,לז:,פירוש,לא,
9725,קובץ מפרשים לפי הדף ביצה,כן,ביצה,לז:,פירוש,לא,
9726,קובץ מפרשים לפי הדף ביצה,כן,ביצה,לז:,פירוש,לא,
9728,קובץ מפרשים לפי הדף ביצה,כן,ביצה,לז:,פירוש,לא,
9729,קובץ מפרשים לפי הדף ביצה,כן,ביצה,לז:,פירוש,לא,
9731,קובץ מפרשים לפי הדף ביצה,כן,ביצה,לז:,פירוש,לא,
9732,קובץ מפרשים לפי הדף ביצה,כן,ביצה,לז:,פירוש,לא,
9733,קובץ מפרשים לפי הדף ביצה,כן,ביצה,לז:,פירוש,לא,
9734,קובץ מפרשים לפי הדף ביצה,כן,ביצה,לז:,פירוש,לא,
9735,קובץ מפרשים לפי הדף ביצה,כן,ביצה,לז:,פירוש,לא,
9736,קובץ מפרשים לפי הדף ביצה,כן,ביצה,לז:,פירוש,לא,
9737,קובץ מפרשים לפי הדף ביצה,כן,ביצה,לז:,פירוש,לא,
9739,קובץ מפרשים לפי הדף ביצה,כן,ביצה,לז:,פירוש,לא,
9740,קובץ מפרשים לפי הדף ביצה,כן,ביצה,לז:,פירוש,לא,
9741,קובץ מפרשים לפי הדף ביצה,כן,ביצה,לז:,פירוש,לא,
9742,קובץ מפרשים לפי הדף ביצה,כן,ביצה,לז:,פירוש,לא,
9743,קובץ מפרשים לפי הדף ביצה,כן,ביצה,לז:,פירוש,לא,
9744,קובץ מפרשים לפי הדף ביצה,כן,ביצה,לז:,פירוש,לא,
9745,קובץ מפרשים לפי הדף ביצה,כן,ביצה,לז:,פירוש,לא,
9746,קובץ מפרשים לפי הדף ביצה,כן,ביצה,לז:,פירוש,לא,
9747,קובץ מפרשים לפי הדף ביצה,כן,ביצה,לז:,פירוש,לא,
9749,קובץ מפרשים לפי הדף ביצה,כן,ביצה,לז:,פירוש,לא,
9750,קובץ מפרשים לפי הדף ביצה,כן,ביצה,לז:,פירוש,לא,
9752,קובץ מפרשים לפי הדף ביצה,כן,ביצה,לז:,פירוש,לא,
9754,קובץ מפרשים לפי הדף ביצה,כן,ביצה,לז:,פירוש,לא,
9755,קובץ מפרשים לפי הדף ביצה,כן,ביצה,לז:,פירוש,לא,
9756,קובץ מפרשים לפי הדף ביצה,כן,ביצה,לז:,פירוש,לא,
9757,קובץ מפרשים לפי הדף ביצה,כן,ביצה,לז:,פירוש,לא,
9759,קובץ מפרשים לפי הדף ביצה,כן,ביצה,לז:,פירוש,לא,
9762,קובץ מפרשים לפי הדף ביצה,כן,ביצה,לח.,פירוש,לא,
9763,קובץ מפרשים לפי הדף ביצה,כן,ביצה,לח.,פירוש,לא,
9765,קובץ מפרשים לפי הדף ביצה,כן,ביצה,לח.,פירוש,לא,
9766,קובץ מפרשים לפי הדף ביצה,כן,ביצה,לח.,פירוש,לא,
9767,קובץ מפרשים לפי הדף ביצה,כן,ביצה,לח.,פירוש,לא,
9768,קובץ מפרשים לפי הדף ביצה,כן,ביצה,לח.,פירוש,לא,
9769,קובץ מפרשים לפי הדף ביצה,כן,ביצה,לח.,פירוש,לא,
9770,קובץ מפרשים לפי הדף ביצה,כן,ביצה,לח.,פירוש,לא,
9772,קובץ מפרשים לפי הדף ביצה,כן,ביצה,לח.,פירוש,לא,
9773,קובץ מפרשים לפי הדף ביצה,כן,ביצה,לח.,פירוש,לא,
9774,קובץ מפרשים לפי הדף ביצה,כן,ביצה,לח.,פירוש,לא,
9776,קובץ מפרשים לפי הדף ביצה,כן,ביצה,לח.,פירוש,לא,
9777,קובץ מפרשים לפי הדף ביצה,כן,ביצה,לח.,פירוש,לא,
9778,קובץ מפרשים לפי הדף ביצה,כן,ביצה,לח.,פירוש,לא,
9779,קובץ מפרשים לפי הדף ביצה,כן,ביצה,לח.,פירוש,לא,
9781,קובץ מפרשים לפי הדף ביצה,כן,ביצה,לח.,פירוש,לא,
9782,קובץ מפרשים לפי הדף ביצה,כן,ביצה,לח.,פירוש,לא,
9783,קובץ מפרשים לפי הדף ביצה,כן,ביצה,לח.,פירוש,לא,
9784,קובץ מפרשים לפי הדף ביצה,כן,ביצה,לח.,פירוש,לא,
9786,קובץ מפרשים לפי הדף ביצה,כן,ביצה,לח.,פירוש,לא,
9788,קובץ מפרשים לפי הדף ביצה,כן,ביצה,לח.,פירוש,לא,
9789,קובץ מפרשים לפי הדף ביצה,כן,ביצה,לח.,פירוש,לא,
9790,קובץ מפרשים לפי הדף ביצה,כן,ביצה,לח.,פירוש,לא,
9791,קובץ מפרשים לפי הדף ביצה,כן,ביצה,לח.,פירוש,לא,
9792,קובץ מפרשים לפי הדף ביצה,כן,ביצה,לח.,פירוש,לא,
9793,קובץ מפרשים לפי הדף ביצה,כן,ביצה,לח.,פירוש,לא,
9794,קובץ מפרשים לפי הדף ביצה,כן,ביצה,לח.,פירוש,לא,
9795,קובץ מפרשים לפי הדף ביצה,כן,ביצה,לח.,פירוש,לא,
9796,קובץ מפרשים לפי הדף ביצה,כן,ביצה,לח.,פירוש,לא,
9798,קובץ מפרשים לפי הדף ביצה,כן,ביצה,לח.,פירוש,לא,
9800,קובץ מפרשים לפי הדף ביצה,כן,ביצה,לח.,פירוש,לא,
9801,קובץ מפרשים לפי הדף ביצה,כן,ביצה,לח.,פירוש,לא,
9803,קובץ מפרשים לפי הדף ביצה,כן,ביצה,לח.,פירוש,לא,
9804,קובץ מפרשים לפי הדף ביצה,כן,ביצה,לח.,פירוש,לא,
9805,קובץ מפרשים לפי הדף ביצה,כן,ביצה,לח.,פירוש,לא,
9807,קובץ מפרשים לפי הדף ביצה,כן,ביצה,לח.,פירוש,לא,
9808,קובץ מפרשים לפי הדף ביצה,כן,ביצה,לח.,פירוש,לא,
9809,קובץ מפרשים לפי הדף ביצה,כן,ביצה,לח.,פירוש,לא,
9810,קובץ מפרשים לפי הדף ביצה,כן,ביצה,לח.,פירוש,לא,
9811,קובץ מפרשים לפי הדף ביצה,כן,ביצה,לח.,פירוש,לא,
9813,קובץ מפרשים לפי הדף ביצה,כן,ביצה,לח.,פירוש,לא,
9815,קובץ מפרשים לפי הדף ביצה,כן,ביצה,לח.,פירוש,לא,
9816,קובץ מפרשים לפי הדף ביצה,כן,ביצה,לח.,פירוש,לא,
9817,קובץ מפרשים לפי הדף ביצה,כן,ביצה,לח.,פירוש,לא,
9818,קובץ מפרשים לפי הדף ביצה,כן,ביצה,לח.,פירוש,לא,
9819,קובץ מפרשים לפי הדף ביצה,כן,ביצה,לח.,פירוש,לא,
9820,קובץ מפרשים לפי הדף ביצה,כן,ביצה,לח.,פירוש,לא,
9821,קובץ מפרשים לפי הדף ביצה,כן,ביצה,לח.,פירוש,לא,
9823,קובץ מפרשים לפי הדף ביצה,כן,ביצה,לח.,פירוש,לא,
9824,קובץ מפרשים לפי הדף ביצה,כן,ביצה,לח.,פירוש,לא,
9825,קובץ מפרשים לפי הדף ביצה,כן,ביצה,לח.,פירוש,לא,
9826,קובץ מפרשים לפי הדף ביצה,כן,ביצה,לח.,פירוש,לא,
9827,קובץ מפרשים לפי הדף ביצה,כן,ביצה,לח.,פירוש,לא,
9828,קובץ מפרשים לפי הדף ביצה,כן,ביצה,לח.,פירוש,לא,
9830,קובץ מפרשים לפי הדף ביצה,כן,ביצה,לח.,פירוש,לא,
9831,קובץ מפרשים לפי הדף ביצה,כן,ביצה,לח.,פירוש,לא,
9832,קובץ מפרשים לפי הדף ביצה,כן,ביצה,לח.,פירוש,לא,
9833,קובץ מפרשים לפי הדף ביצה,כן,ביצה,לח.,פירוש,לא,
9835,קובץ מפרשים לפי הדף ביצה,כן,ביצה,לח.,פירוש,לא,
9836,קובץ מפרשים לפי הדף ביצה,כן,ביצה,לח.,פירוש,לא,
9837,קובץ מפרשים לפי הדף ביצה,כן,ביצה,לח.,פירוש,לא,
9838,קובץ מפרשים לפי הדף ביצה,כן,ביצה,לח.,פירוש,לא,
9839,קובץ מפרשים לפי הדף ביצה,כן,ביצה,לח.,פירוש,לא,
9840,קובץ מפרשים לפי הדף ביצה,כן,ביצה,לח.,פירוש,לא,
9842,קובץ מפרשים לפי הדף ביצה,כן,ביצה,לח.,פירוש,לא,
9844,קובץ מפרשים לפי הדף ביצה,כן,ביצה,לח.,פירוש,לא,
9846,קובץ מפרשים לפי הדף ביצה,כן,ביצה,לח.,פירוש,לא,
9848,קובץ מפרשים לפי הדף ביצה,כן,ביצה,לח.,פירוש,לא,
9849,קובץ מפרשים לפי הדף ביצה,כן,ביצה,לח.,פירוש,לא,
9850,קובץ מפרשים לפי הדף ביצה,כן,ביצה,לח.,פירוש,לא,
9851,קובץ מפרשים לפי הדף ביצה,כן,ביצה,לח.,פירוש,לא,
9852,קובץ מפרשים לפי הדף ביצה,כן,ביצה,לח.,פירוש,לא,
9853,קובץ מפרשים לפי הדף ביצה,כן,ביצה,לח.,פירוש,לא,
9854,קובץ מפרשים לפי הדף ביצה,כן,ביצה,לח.,פירוש,לא,
9855,קובץ מפרשים לפי הדף ביצה,כן,ביצה,לח.,פירוש,לא,
9856,קובץ מפרשים לפי הדף ביצה,כן,ביצה,לח.,פירוש,לא,
9858,קובץ מפרשים לפי הדף ביצה,כן,ביצה,לח.,פירוש,לא,
9859,קובץ מפרשים לפי הדף ביצה,כן,ביצה,לח.,פירוש,לא,
9862,קובץ מפרשים לפי הדף ביצה,כן,ביצה,לח:,פירוש,לא,
9863,קובץ מפרשים לפי הדף ביצה,כן,ביצה,לח:,פירוש,לא,
9864,קובץ מפרשים לפי הדף ביצה,כן,ביצה,לח:,פירוש,לא,
9866,קובץ מפרשים לפי הדף ביצה,כן,ביצה,לח:,פירוש,לא,
9867,קובץ מפרשים לפי הדף ביצה,כן,ביצה,לח:,פירוש,לא,
9868,קובץ מפרשים לפי הדף ביצה,כן,ביצה,לח:,פירוש,לא,
9869,קובץ מפרשים לפי הדף ביצה,כן,ביצה,לח:,פירוש,לא,
9870,קובץ מפרשים לפי הדף ביצה,כן,ביצה,לח:,פירוש,לא,
9871,קובץ מפרשים לפי הדף ביצה,כן,ביצה,לח:,פירוש,לא,
9872,קובץ מפרשים לפי הדף ביצה,כן,ביצה,לח:,פירוש,לא,
9873,קובץ מפרשים לפי הדף ביצה,כן,ביצה,לח:,פירוש,לא,
9874,קובץ מפרשים לפי הדף ביצה,כן,ביצה,לח:,פירוש,לא,
9875,קובץ מפרשים לפי הדף ביצה,כן,ביצה,לח:,פירוש,לא,
9876,קובץ מפרשים לפי הדף ביצה,כן,ביצה,לח:,פירוש,לא,
9877,קובץ מפרשים לפי הדף ביצה,כן,ביצה,לח:,פירוש,לא,
9878,קובץ מפרשים לפי הדף ביצה,כן,ביצה,לח:,פירוש,לא,
9879,קובץ מפרשים לפי הדף ביצה,כן,ביצה,לח:,פירוש,לא,
9880,קובץ מפרשים לפי הדף ביצה,כן,ביצה,לח:,פירוש,לא,
9881,קובץ מפרשים לפי הדף ביצה,כן,ביצה,לח:,פירוש,לא,
9882,קובץ מפרשים לפי הדף ביצה,כן,ביצה,לח:,פירוש,לא,
9883,קובץ מפרשים לפי הדף ביצה,כן,ביצה,לח:,פירוש,לא,
9884,קובץ מפרשים לפי הדף ביצה,כן,ביצה,לח:,פירוש,לא,
9885,קובץ מפרשים לפי הדף ביצה,כן,ביצה,לח:,פירוש,לא,
9886,קובץ מפרשים לפי הדף ביצה,כן,ביצה,לח:,פירוש,לא,
9887,קובץ מפרשים לפי הדף ביצה,כן,ביצה,לח:,פירוש,לא,
9888,קובץ מפרשים לפי הדף ביצה,כן,ביצה,לח:,פירוש,לא,
9889,קובץ מפרשים לפי הדף ביצה,כן,ביצה,לח:,פירוש,לא,
9890,קובץ מפרשים לפי הדף ביצה,כן,ביצה,לח:,פירוש,לא,
9891,קובץ מפרשים לפי הדף ביצה,כן,ביצה,לח:,פירוש,לא,
9892,קובץ מפרשים לפי הדף ביצה,כן,ביצה,לח:,פירוש,לא,
9893,קובץ מפרשים לפי הדף ביצה,כן,ביצה,לח:,פירוש,לא,
9894,קובץ מפרשים לפי הדף ביצה,כן,ביצה,לח:,פירוש,לא,
9895,קובץ מפרשים לפי הדף ביצה,כן,ביצה,לח:,פירוש,לא,
9896,קובץ מפרשים לפי הדף ביצה,כן,ביצה,לח:,פירוש,לא,
9897,קובץ מפרשים לפי הדף ביצה,כן,ביצה,לח:,פירוש,לא,
9898,קובץ מפרשים לפי הדף ביצה,כן,ביצה,לח:,פירוש,לא,
9899,קובץ מפרשים לפי הדף ביצה,כן,ביצה,לח:,פירוש,לא,
9901,קובץ מפרשים לפי הדף ביצה,כן,ביצה,לח:,פירוש,לא,
9903,קובץ מפרשים לפי הדף ביצה,כן,ביצה,לח:,פירוש,לא,
9905,קובץ מפרשים לפי הדף ביצה,כן,ביצה,לח:,פירוש,לא,
9906,קובץ מפרשים לפי הדף ביצה,כן,ביצה,לח:,פירוש,לא,
9907,קובץ מפרשים לפי הדף ביצה,כן,ביצה,לח:,פירוש,לא,
9909,קובץ מפרשים לפי הדף ביצה,כן,ביצה,לח:,פירוש,לא,
9910,קובץ מפרשים לפי הדף ביצה,כן,ביצה,לח:,פירוש,לא,
9911,קובץ מפרשים לפי הדף ביצה,כן,ביצה,לח:,פירוש,לא,
9912,קובץ מפרשים לפי הדף ביצה,כן,ביצה,לח:,פירוש,לא,
9913,קובץ מפרשים לפי הדף ביצה,כן,ביצה,לח:,פירוש,לא,
9914,קובץ מפרשים לפי הדף ביצה,כן,ביצה,לח:,פירוש,לא,
9915,קובץ מפרשים לפי הדף ביצה,כן,ביצה,לח:,פירוש,לא,
9916,קובץ מפרשים לפי הדף ביצה,כן,ביצה,לח:,פירוש,לא,
9918,קובץ מפרשים לפי הדף ביצה,כן,ביצה,לח:,פירוש,לא,
9919,קובץ מפרשים לפי הדף ביצה,כן,ביצה,לח:,פירוש,לא,
9920,קובץ מפרשים לפי הדף ביצה,כן,ביצה,לח:,פירוש,לא,
9922,קובץ מפרשים לפי הדף ביצה,כן,ביצה,לח:,פירוש,לא,
9924,קובץ מפרשים לפי הדף ביצה,כן,ביצה,לח:,פירוש,לא,
9925,קובץ מפרשים לפי הדף ביצה,כן,ביצה,לח:,פירוש,לא,
9926,קובץ מפרשים לפי הדף ביצה,כן,ביצה,לח:,פירוש,לא,
9927,קובץ מפרשים לפי הדף ביצה,כן,ביצה,לח:,פירוש,לא,
9928,קובץ מפרשים לפי הדף ביצה,כן,ביצה,לח:,פירוש,לא,
9929,קובץ מפרשים לפי הדף ביצה,כן,ביצה,לח:,פירוש,לא,
9930,קובץ מפרשים לפי הדף ביצה,כן,ביצה,לח:,פירוש,לא,
9932,קובץ מפרשים לפי הדף ביצה,כן,ביצה,לח:,פירוש,לא,
9934,קובץ מפרשים לפי הדף ביצה,כן,ביצה,לח:,פירוש,לא,
9935,קובץ מפרשים לפי הדף ביצה,כן,ביצה,לח:,פירוש,לא,
9936,קובץ מפרשים לפי הדף ביצה,כן,ביצה,לח:,פירוש,לא,
9938,קובץ מפרשים לפי הדף ביצה,כן,ביצה,לח:,פירוש,לא,
9939,קובץ מפרשים לפי הדף ביצה,כן,ביצה,לח:,פירוש,לא,
9940,קובץ מפרשים לפי הדף ביצה,כן,ביצה,לח:,פירוש,לא,
9941,קובץ מפרשים לפי הדף ביצה,כן,ביצה,לח:,פירוש,לא,
9942,קובץ מפרשים לפי הדף ביצה,כן,ביצה,לח:,פירוש,לא,
9943,קובץ מפרשים לפי הדף ביצה,כן,ביצה,לח:,פירוש,לא,
9944,קובץ מפרשים לפי הדף ביצה,כן,ביצה,לח:,פירוש,לא,
9945,קובץ מפרשים לפי הדף ביצה,כן,ביצה,לח:,פירוש,לא,
9946,קובץ מפרשים לפי הדף ביצה,כן,ביצה,לח:,פירוש,לא,
9947,קובץ מפרשים לפי הדף ביצה,כן,ביצה,לח:,פירוש,לא,
9949,קובץ מפרשים לפי הדף ביצה,כן,ביצה,לח:,פירוש,לא,
9950,קובץ מפרשים לפי הדף ביצה,כן,ביצה,לח:,פירוש,לא,
9952,קובץ מפרשים לפי הדף ביצה,כן,ביצה,לח:,פירוש,לא,
9954,קובץ מפרשים לפי הדף ביצה,כן,ביצה,לח:,פירוש,לא,
9955,קובץ מפרשים לפי הדף ביצה,כן,ביצה,לח:,פירוש,לא,
9957,קובץ מפרשים לפי הדף ביצה,כן,ביצה,לח:,פירוש,לא,
9958,קובץ מפרשים לפי הדף ביצה,כן,ביצה,לח:,פירוש,לא,
9959,קובץ מפרשים לפי הדף ביצה,כן,ביצה,לח:,פירוש,לא,
9960,קובץ מפרשים לפי הדף ביצה,כן,ביצה,לח:,פירוש,לא,
9963,קובץ מפרשים לפי הדף ביצה,כן,ביצה,לט.,פירוש,לא,
9964,קובץ מפרשים לפי הדף ביצה,כן,ביצה,לט.,פירוש,לא,
9965,קובץ מפרשים לפי הדף ביצה,כן,ביצה,לט.,פירוש,לא,
9966,קובץ מפרשים לפי הדף ביצה,כן,ביצה,לט.,פירוש,לא,
9967,קובץ מפרשים לפי הדף ביצה,כן,ביצה,לט.,פירוש,לא,
9968,קובץ מפרשים לפי הדף ביצה,כן,ביצה,לט.,פירוש,לא,
9969,קובץ מפרשים לפי הדף ביצה,כן,ביצה,לט.,פירוש,לא,
9970,קובץ מפרשים לפי הדף ביצה,כן,ביצה,לט.,פירוש,לא,
9972,קובץ מפרשים לפי הדף ביצה,כן,ביצה,לט.,פירוש,לא,
9973,קובץ מפרשים לפי הדף ביצה,כן,ביצה,לט.,פירוש,לא,
9974,קובץ מפרשים לפי הדף ביצה,כן,ביצה,לט.,פירוש,לא,
9975,קובץ מפרשים לפי הדף ביצה,כן,ביצה,לט.,פירוש,לא,
9976,קובץ מפרשים לפי הדף ביצה,כן,ביצה,לט.,פירוש,לא,
9977,קובץ מפרשים לפי הדף ביצה,כן,ביצה,לט.,פירוש,לא,
9978,קובץ מפרשים לפי הדף ביצה,כן,ביצה,לט.,פירוש,לא,
9979,קובץ מפרשים לפי הדף ביצה,כן,ביצה,לט.,פירוש,לא,
9980,קובץ מפרשים לפי הדף ביצה,כן,ביצה,לט.,פירוש,לא,
9981,קובץ מפרשים לפי הדף ביצה,כן,ביצה,לט.,פירוש,לא,
9982,קובץ מפרשים לפי הדף ביצה,כן,ביצה,לט.,פירוש,לא,
9983,קובץ מפרשים לפי הדף ביצה,כן,ביצה,לט.,פירוש,לא,
9985,קובץ מפרשים לפי הדף ביצה,כן,ביצה,לט.,פירוש,לא,
9986,קובץ מפרשים לפי הדף ביצה,כן,ביצה,לט.,פירוש,לא,
9987,קובץ מפרשים לפי הדף ביצה,כן,ביצה,לט.,פירוש,לא,
9988,קובץ מפרשים לפי הדף ביצה,כן,ביצה,לט.,פירוש,לא,
9990,קובץ מפרשים לפי הדף ביצה,כן,ביצה,לט.,פירוש,לא,
9991,קובץ מפרשים לפי הדף ביצה,כן,ביצה,לט.,פירוש,לא,
9992,קובץ מפרשים לפי הדף ביצה,כן,ביצה,לט.,פירוש,לא,
9993,קובץ מפרשים לפי הדף ביצה,כן,ביצה,לט.,פירוש,לא,
9994,קובץ מפרשים לפי הדף ביצה,כן,ביצה,לט.,פירוש,לא,
9995,קובץ מפרשים לפי הדף ביצה,כן,ביצה,לט.,פירוש,לא,
9996,קובץ מפרשים לפי הדף ביצה,כן,ביצה,לט.,פירוש,לא,
9997,קובץ מפרשים לפי הדף ביצה,כן,ביצה,לט.,פירוש,לא,
9998,קובץ מפרשים לפי הדף ביצה,כן,ביצה,לט.,פירוש,לא,
9999,קובץ מפרשים לפי הדף ביצה,כן,ביצה,לט.,פירוש,לא,
10000,קובץ מפרשים לפי הדף ביצה,כן,ביצה,לט.,פירוש,לא,
10001,קובץ מפרשים לפי הדף ביצה,כן,ביצה,לט.,פירוש,לא,
10002,קובץ מפרשים לפי הדף ביצה,כן,ביצה,לט.,פירוש,לא,
10003,קובץ מפרשים לפי הדף ביצה,כן,ביצה,לט.,פירוש,לא,
10004,קובץ מפרשים לפי הדף ביצה,כן,ביצה,לט.,פירוש,לא,
10006,קובץ מפרשים לפי הדף ביצה,כן,ביצה,לט.,פירוש,לא,
10007,קובץ מפרשים לפי הדף ביצה,כן,ביצה,לט.,פירוש,לא,
10008,קובץ מפרשים לפי הדף ביצה,כן,ביצה,לט.,פירוש,לא,
10009,קובץ מפרשים לפי הדף ביצה,כן,ביצה,לט.,פירוש,לא,
10010,קובץ מפרשים לפי הדף ביצה,כן,ביצה,לט.,פירוש,לא,
10011,קובץ מפרשים לפי הדף ביצה,כן,ביצה,לט.,פירוש,לא,
10012,קובץ מפרשים לפי הדף ביצה,כן,ביצה,לט.,פירוש,לא,
10013,קובץ מפרשים לפי הדף ביצה,כן,ביצה,לט.,פירוש,לא,
10015,קובץ מפרשים לפי הדף ביצה,כן,ביצה,לט.,פירוש,לא,
10017,קובץ מפרשים לפי הדף ביצה,כן,ביצה,לט.,פירוש,לא,
10018,קובץ מפרשים לפי הדף ביצה,כן,ביצה,לט.,פירוש,לא,
10019,קובץ מפרשים לפי הדף ביצה,כן,ביצה,לט.,פירוש,לא,
10020,קובץ מפרשים לפי הדף ביצה,כן,ביצה,לט.,פירוש,לא,
10021,קובץ מפרשים לפי הדף ביצה,כן,ביצה,לט.,פירוש,לא,
10022,קובץ מפרשים לפי הדף ביצה,כן,ביצה,לט.,פירוש,לא,
10023,קובץ מפרשים לפי הדף ביצה,כן,ביצה,לט.,פירוש,לא,
10024,קובץ מפרשים לפי הדף ביצה,כן,ביצה,לט.,פירוש,לא,
10025,קובץ מפרשים לפי הדף ביצה,כן,ביצה,לט.,פירוש,לא,
10026,קובץ מפרשים לפי הדף ביצה,כן,ביצה,לט.,פירוש,לא,
10028,קובץ מפרשים לפי הדף ביצה,כן,ביצה,לט.,פירוש,לא,
10030,קובץ מפרשים לפי הדף ביצה,כן,ביצה,לט.,פירוש,לא,
10031,קובץ מפרשים לפי הדף ביצה,כן,ביצה,לט.,פירוש,לא,
10032,קובץ מפרשים לפי הדף ביצה,כן,ביצה,לט.,פירוש,לא,
10033,קובץ מפרשים לפי הדף ביצה,כן,ביצה,לט.,פירוש,לא,
10035,קובץ מפרשים לפי הדף ביצה,כן,ביצה,לט.,פירוש,לא,
10036,קובץ מפרשים לפי הדף ביצה,כן,ביצה,לט.,פירוש,לא,
10037,קובץ מפרשים לפי הדף ביצה,כן,ביצה,לט.,פירוש,לא,
10038,קובץ מפרשים לפי הדף ביצה,כן,ביצה,לט.,פירוש,לא,
10040,קובץ מפרשים לפי הדף ביצה,כן,ביצה,לט.,פירוש,לא,
10041,קובץ מפרשים לפי הדף ביצה,כן,ביצה,לט.,פירוש,לא,
10042,קובץ מפרשים לפי הדף ביצה,כן,ביצה,לט.,פירוש,לא,
10043,קובץ מפרשים לפי הדף ביצה,כן,ביצה,לט.,פירוש,לא,
10044,קובץ מפרשים לפי הדף ביצה,כן,ביצה,לט.,פירוש,לא,
10046,קובץ מפרשים לפי הדף ביצה,כן,ביצה,לט.,פירוש,לא,
10047,קובץ מפרשים לפי הדף ביצה,כן,ביצה,לט.,פירוש,לא,
10048,קובץ מפרשים לפי הדף ביצה,כן,ביצה,לט.,פירוש,לא,
10049,קובץ מפרשים לפי הדף ביצה,כן,ביצה,לט.,פירוש,לא,
10050,קובץ מפרשים לפי הדף ביצה,כן,ביצה,לט.,פירוש,לא,
10051,קובץ מפרשים לפי הדף ביצה,כן,ביצה,לט.,פירוש,לא,
10052,קובץ מפרשים לפי הדף ביצה,כן,ביצה,לט.,פירוש,לא,
10053,קובץ מפרשים לפי הדף ביצה,כן,ביצה,לט.,פירוש,לא,
10055,קובץ מפרשים לפי הדף ביצה,כן,ביצה,לט.,פירוש,לא,
10056,קובץ מפרשים לפי הדף ביצה,כן,ביצה,לט.,פירוש,לא,
10057,קובץ מפרשים לפי הדף ביצה,כן,ביצה,לט.,פירוש,לא,
10058,קובץ מפרשים לפי הדף ביצה,כן,ביצה,לט.,פירוש,לא,
10059,קובץ מפרשים לפי הדף ביצה,כן,ביצה,לט.,פירוש,לא,
10060,קובץ מפרשים לפי הדף ביצה,כן,ביצה,לט.,פירוש,לא,
10061,קובץ מפרשים לפי הדף ביצה,כן,ביצה,לט.,פירוש,לא,
10062,קובץ מפרשים לפי הדף ביצה,כן,ביצה,לט.,פירוש,לא,
10063,קובץ מפרשים לפי הדף ביצה,כן,ביצה,לט.,פירוש,לא,
10064,קובץ מפרשים לפי הדף ביצה,כן,ביצה,לט.,פירוש,לא,
10065,קובץ מפרשים לפי הדף ביצה,כן,ביצה,לט.,פירוש,לא,
10067,קובץ מפרשים לפי הדף ביצה,כן,ביצה,לט.,פירוש,לא,
10068,קובץ מפרשים לפי הדף ביצה,כן,ביצה,לט.,פירוש,לא,
10069,קובץ מפרשים לפי הדף ביצה,כן,ביצה,לט.,פירוש,לא,
10070,קובץ מפרשים לפי הדף ביצה,כן,ביצה,לט.,פירוש,לא,
10071,קובץ מפרשים לפי הדף ביצה,כן,ביצה,לט.,פירוש,לא,
10072,קובץ מפרשים לפי הדף ביצה,כן,ביצה,לט.,פירוש,לא,
10073,קובץ מפרשים לפי הדף ביצה,כן,ביצה,לט.,פירוש,לא,
10075,קובץ מפרשים לפי הדף ביצה,כן,ביצה,לט.,פירוש,לא,
10076,קובץ מפרשים לפי הדף ביצה,כן,ביצה,לט.,פירוש,לא,
10077,קובץ מפרשים לפי הדף ביצה,כן,ביצה,לט.,פירוש,לא,
10078,קובץ מפרשים לפי הדף ביצה,כן,ביצה,לט.,פירוש,לא,
10079,קובץ מפרשים לפי הדף ביצה,כן,ביצה,לט.,פירוש,לא,
10080,קובץ מפרשים לפי הדף ביצה,כן,ביצה,לט.,פירוש,לא,
10081,קובץ מפרשים לפי הדף ביצה,כן,ביצה,לט.,פירוש,לא,
10082,קובץ מפרשים לפי הדף ביצה,כן,ביצה,לט.,פירוש,לא,
10083,קובץ מפרשים לפי הדף ביצה,כן,ביצה,לט.,פירוש,לא,
10085,קובץ מפרשים לפי הדף ביצה,כן,ביצה,לט.,פירוש,לא,
10086,קובץ מפרשים לפי הדף ביצה,כן,ביצה,לט.,פירוש,לא,
10087,קובץ מפרשים לפי הדף ביצה,כן,ביצה,לט.,פירוש,לא,
10089,קובץ מפרשים לפי הדף ביצה,כן,ביצה,לט.,פירוש,לא,
10091,קובץ מפרשים לפי הדף ביצה,כן,ביצה,לט.,פירוש,לא,
10092,קובץ מפרשים לפי הדף ביצה,כן,ביצה,לט.,פירוש,לא,
10093,קובץ מפרשים לפי הדף ביצה,כן,ביצה,לט.,פירוש,לא,
10095,קובץ מפרשים לפי הדף ביצה,כן,ביצה,לט.,פירוש,לא,
10096,קובץ מפרשים לפי הדף ביצה,כן,ביצה,לט.,פירוש,לא,
10097,קובץ מפרשים לפי הדף ביצה,כן,ביצה,לט.,פירוש,לא,
10098,קובץ מפרשים לפי הדף ביצה,כן,ביצה,לט.,פירוש,לא,
10100,קובץ מפרשים לפי הדף ביצה,כן,ביצה,לט.,פירוש,לא,
10101,קובץ מפרשים לפי הדף ביצה,כן,ביצה,לט.,פירוש,לא,
10102,קובץ מפרשים לפי הדף ביצה,כן,ביצה,לט.,פירוש,לא,
10103,קובץ מפרשים לפי הדף ביצה,כן,ביצה,לט.,פירוש,לא,
10104,קובץ מפרשים לפי הדף ביצה,כן,ביצה,לט.,פירוש,לא,
10105,קובץ מפרשים לפי הדף ביצה,כן,ביצה,לט.,פירוש,לא,
10106,קובץ מפרשים לפי הדף ביצה,כן,ביצה,לט.,פירוש,לא,
10108,קובץ מפרשים לפי הדף ביצה,כן,ביצה,לט.,פירוש,לא,
10109,קובץ מפרשים לפי הדף ביצה,כן,ביצה,לט.,פירוש,לא,
10110,קובץ מפרשים לפי הדף ביצה,כן,ביצה,לט.,פירוש,לא,
10111,קובץ מפרשים לפי הדף ביצה,כן,ביצה,לט.,פירוש,לא,
10112,קובץ מפרשים לפי הדף ביצה,כן,ביצה,לט.,פירוש,לא,
10113,קובץ מפרשים לפי הדף ביצה,כן,ביצה,לט.,פירוש,לא,
10114,קובץ מפרשים לפי הדף ביצה,כן,ביצה,לט.,פירוש,לא,
10115,קובץ מפרשים לפי הדף ביצה,כן,ביצה,לט.,פירוש,לא,
10116,קובץ מפרשים לפי הדף ביצה,כן,ביצה,לט.,פירוש,לא,
10119,קובץ מפרשים לפי הדף ביצה,כן,ביצה,לט:,פירוש,לא,
10120,קובץ מפרשים לפי הדף ביצה,כן,ביצה,לט:,פירוש,לא,
10122,קובץ מפרשים לפי הדף ביצה,כן,ביצה,לט:,פירוש,לא,
10123,קובץ מפרשים לפי הדף ביצה,כן,ביצה,לט:,פירוש,לא,
10124,קובץ מפרשים לפי הדף ביצה,כן,ביצה,לט:,פירוש,לא,
10126,קובץ מפרשים לפי הדף ביצה,כן,ביצה,לט:,פירוש,לא,
10128,קובץ מפרשים לפי הדף ביצה,כן,ביצה,לט:,פירוש,לא,
10129,קובץ מפרשים לפי הדף ביצה,כן,ביצה,לט:,פירוש,לא,
10130,קובץ מפרשים לפי הדף ביצה,כן,ביצה,לט:,פירוש,לא,
10131,קובץ מפרשים לפי הדף ביצה,כן,ביצה,לט:,פירוש,לא,
10132,קובץ מפרשים לפי הדף ביצה,כן,ביצה,לט:,פירוש,לא,
10133,קובץ מפרשים לפי הדף ביצה,כן,ביצה,לט:,פירוש,לא,
10134,קובץ מפרשים לפי הדף ביצה,כן,ביצה,לט:,פירוש,לא,
10135,קובץ מפרשים לפי הדף ביצה,כן,ביצה,לט:,פירוש,לא,
10136,קובץ מפרשים לפי הדף ביצה,כן,ביצה,לט:,פירוש,לא,
10138,קובץ מפרשים לפי הדף ביצה,כן,ביצה,לט:,פירוש,לא,
10140,קובץ מפרשים לפי הדף ביצה,כן,ביצה,לט:,פירוש,לא,
10141,קובץ מפרשים לפי הדף ביצה,כן,ביצה,לט:,פירוש,לא,
10143,קובץ מפרשים לפי הדף ביצה,כן,ביצה,לט:,פירוש,לא,
10144,קובץ מפרשים לפי הדף ביצה,כן,ביצה,לט:,פירוש,לא,
10145,קובץ מפרשים לפי הדף ביצה,כן,ביצה,לט:,פירוש,לא,
10146,קובץ מפרשים לפי הדף ביצה,כן,ביצה,לט:,פירוש,לא,
10147,קובץ מפרשים לפי הדף ביצה,כן,ביצה,לט:,פירוש,לא,
10148,קובץ מפרשים לפי הדף ביצה,כן,ביצה,לט:,פירוש,לא,
10149,קובץ מפרשים לפי הדף ביצה,כן,ביצה,לט:,פירוש,לא,
10150,קובץ מפרשים לפי הדף ביצה,כן,ביצה,לט:,פירוש,לא,
10151,קובץ מפרשים לפי הדף ביצה,כן,ביצה,לט:,פירוש,לא,
10153,קובץ מפרשים לפי הדף ביצה,כן,ביצה,לט:,פירוש,לא,
10155,קובץ מפרשים לפי הדף ביצה,כן,ביצה,לט:,פירוש,לא,
10157,קובץ מפרשים לפי הדף ביצה,כן,ביצה,לט:,פירוש,לא,
10158,קובץ מפרשים לפי הדף ביצה,כן,ביצה,לט:,פירוש,לא,
10159,קובץ מפרשים לפי הדף ביצה,כן,ביצה,לט:,פירוש,לא,
10160,קובץ מפרשים לפי הדף ביצה,כן,ביצה,לט:,פירוש,לא,
10162,קובץ מפרשים לפי הדף ביצה,כן,ביצה,לט:,פירוש,לא,
10163,קובץ מפרשים לפי הדף ביצה,כן,ביצה,לט:,פירוש,לא,
10165,קובץ מפרשים לפי הדף ביצה,כן,ביצה,לט:,פירוש,לא,
10167,קובץ מפרשים לפי הדף ביצה,כן,ביצה,לט:,פירוש,לא,
10168,קובץ מפרשים לפי הדף ביצה,כן,ביצה,לט:,פירוש,לא,
10169,קובץ מפרשים לפי הדף ביצה,כן,ביצה,לט:,פירוש,לא,
10170,קובץ מפרשים לפי הדף ביצה,כן,ביצה,לט:,פירוש,לא,
10171,קובץ מפרשים לפי הדף ביצה,כן,ביצה,לט:,פירוש,לא,
10172,קובץ מפרשים לפי הדף ביצה,כן,ביצה,לט:,פירוש,לא,
10174,קובץ מפרשים לפי הדף ביצה,כן,ביצה,לט:,פירוש,לא,
10175,קובץ מפרשים לפי הדף ביצה,כן,ביצה,לט:,פירוש,לא,
10176,קובץ מפרשים לפי הדף ביצה,כן,ביצה,לט:,פירוש,לא,
10177,קובץ מפרשים לפי הדף ביצה,כן,ביצה,לט:,פירוש,לא,
10178,קובץ מפרשים לפי הדף ביצה,כן,ביצה,לט:,פירוש,לא,
10179,קובץ מפרשים לפי הדף ביצה,כן,ביצה,לט:,פירוש,לא,
10180,קובץ מפרשים לפי הדף ביצה,כן,ביצה,לט:,פירוש,לא,
10181,קובץ מפרשים לפי הדף ביצה,כן,ביצה,לט:,פירוש,לא,
10183,קובץ מפרשים לפי הדף ביצה,כן,ביצה,לט:,פירוש,לא,
10184,קובץ מפרשים לפי הדף ביצה,כן,ביצה,לט:,פירוש,לא,
10186,קובץ מפרשים לפי הדף ביצה,כן,ביצה,לט:,פירוש,לא,
10187,קובץ מפרשים לפי הדף ביצה,כן,ביצה,לט:,פירוש,לא,
10188,קובץ מפרשים לפי הדף ביצה,כן,ביצה,לט:,פירוש,לא,
10189,קובץ מפרשים לפי הדף ביצה,כן,ביצה,לט:,פירוש,לא,
10190,קובץ מפרשים לפי הדף ביצה,כן,ביצה,לט:,פירוש,לא,
10191,קובץ מפרשים לפי הדף ביצה,כן,ביצה,לט:,פירוש,לא,
10192,קובץ מפרשים לפי הדף ביצה,כן,ביצה,לט:,פירוש,לא,
10193,קובץ מפרשים לפי הדף ביצה,כן,ביצה,לט:,פירוש,לא,
10195,קובץ מפרשים לפי הדף ביצה,כן,ביצה,לט:,פירוש,לא,
10196,קובץ מפרשים לפי הדף ביצה,כן,ביצה,לט:,פירוש,לא,
10198,קובץ מפרשים לפי הדף ביצה,כן,ביצה,לט:,פירוש,לא,
10200,קובץ מפרשים לפי הדף ביצה,כן,ביצה,לט:,פירוש,לא,
10201,קובץ מפרשים לפי הדף ביצה,כן,ביצה,לט:,פירוש,לא,
10204,קובץ מפרשים לפי הדף ביצה,כן,ביצה,מ.,פירוש,לא,
10205,קובץ מפרשים לפי הדף ביצה,כן,ביצה,מ.,פירוש,לא,
10206,קובץ מפרשים לפי הדף ביצה,כן,ביצה,מ.,פירוש,לא,
10207,קובץ מפרשים לפי הדף ביצה,כן,ביצה,מ.,פירוש,לא,
10208,קובץ מפרשים לפי הדף ביצה,כן,ביצה,מ.,פירוש,לא,
10209,קובץ מפרשים לפי הדף ביצה,כן,ביצה,מ.,פירוש,לא,
10211,קובץ מפרשים לפי הדף ביצה,כן,ביצה,מ.,פירוש,לא,
10212,קובץ מפרשים לפי הדף ביצה,כן,ביצה,מ.,פירוש,לא,
10213,קובץ מפרשים לפי הדף ביצה,כן,ביצה,מ.,פירוש,לא,
10214,קובץ מפרשים לפי הדף ביצה,כן,ביצה,מ.,פירוש,לא,
10216,קובץ מפרשים לפי הדף ביצה,כן,ביצה,מ.,פירוש,לא,
10217,קובץ מפרשים לפי הדף ביצה,כן,ביצה,מ.,פירוש,לא,
10218,קובץ מפרשים לפי הדף ביצה,כן,ביצה,מ.,פירוש,לא,
10219,קובץ מפרשים לפי הדף ביצה,כן,ביצה,מ.,פירוש,לא,
10221,קובץ מפרשים לפי הדף ביצה,כן,ביצה,מ.,פירוש,לא,
10222,קובץ מפרשים לפי הדף ביצה,כן,ביצה,מ.,פירוש,לא,
10223,קובץ מפרשים לפי הדף ביצה,כן,ביצה,מ.,פירוש,לא,
10224,קובץ מפרשים לפי הדף ביצה,כן,ביצה,מ.,פירוש,לא,
10225,קובץ מפרשים לפי הדף ביצה,כן,ביצה,מ.,פירוש,לא,
10226,קובץ מפרשים לפי הדף ביצה,כן,ביצה,מ.,פירוש,לא,
10227,קובץ מפרשים לפי הדף ביצה,כן,ביצה,מ.,פירוש,לא,
10229,קובץ מפרשים לפי הדף ביצה,כן,ביצה,מ.,פירוש,לא,
10230,קובץ מפרשים לפי הדף ביצה,כן,ביצה,מ.,פירוש,לא,
10231,קובץ מפרשים לפי הדף ביצה,כן,ביצה,מ.,פירוש,לא,
10232,קובץ מפרשים לפי הדף ביצה,כן,ביצה,מ.,פירוש,לא,
10234,קובץ מפרשים לפי הדף ביצה,כן,ביצה,מ.,פירוש,לא,
10235,קובץ מפרשים לפי הדף ביצה,כן,ביצה,מ.,פירוש,לא,
10236,קובץ מפרשים לפי הדף ביצה,כן,ביצה,מ.,פירוש,לא,
10238,קובץ מפרשים לפי הדף ביצה,כן,ביצה,מ.,פירוש,לא,
10239,קובץ מפרשים לפי הדף ביצה,כן,ביצה,מ.,פירוש,לא,
10240,קובץ מפרשים לפי הדף ביצה,כן,ביצה,מ.,פירוש,לא,
10241,קובץ מפרשים לפי הדף ביצה,כן,ביצה,מ.,פירוש,לא,
10242,קובץ מפרשים לפי הדף ביצה,כן,ביצה,מ.,פירוש,לא,
10244,קובץ מפרשים לפי הדף ביצה,כן,ביצה,מ.,פירוש,לא,
10245,קובץ מפרשים לפי הדף ביצה,כן,ביצה,מ.,פירוש,לא,
10247,קובץ מפרשים לפי הדף ביצה,כן,ביצה,מ.,פירוש,לא,
10248,קובץ מפרשים לפי הדף ביצה,כן,ביצה,מ.,פירוש,לא,
10249,קובץ מפרשים לפי הדף ביצה,כן,ביצה,מ.,פירוש,לא,
10250,קובץ מפרשים לפי הדף ביצה,כן,ביצה,מ.,פירוש,לא,
10252,קובץ מפרשים לפי הדף ביצה,כן,ביצה,מ.,פירוש,לא,
10253,קובץ מפרשים לפי הדף ביצה,כן,ביצה,מ.,פירוש,לא,
10254,קובץ מפרשים לפי הדף ביצה,כן,ביצה,מ.,פירוש,לא,
10256,קובץ מפרשים לפי הדף ביצה,כן,ביצה,מ.,פירוש,לא,
10257,קובץ מפרשים לפי הדף ביצה,כן,ביצה,מ.,פירוש,לא,
10258,קובץ מפרשים לפי הדף ביצה,כן,ביצה,מ.,פירוש,לא,
10259,קובץ מפרשים לפי הדף ביצה,כן,ביצה,מ.,פירוש,לא,
10260,קובץ מפרשים לפי הדף ביצה,כן,ביצה,מ.,פירוש,לא,
10261,קובץ מפרשים לפי הדף ביצה,כן,ביצה,מ.,פירוש,לא,
10263,קובץ מפרשים לפי הדף ביצה,כן,ביצה,מ.,פירוש,לא,
10265,קובץ מפרשים לפי הדף ביצה,כן,ביצה,מ.,פירוש,לא,
10266,קובץ מפרשים לפי הדף ביצה,כן,ביצה,מ.,פירוש,לא,
10267,קובץ מפרשים לפי הדף ביצה,כן,ביצה,מ.,פירוש,לא,
10268,קובץ מפרשים לפי הדף ביצה,כן,ביצה,מ.,פירוש,לא,
10269,קובץ מפרשים לפי הדף ביצה,כן,ביצה,מ.,פירוש,לא,
10270,קובץ מפרשים לפי הדף ביצה,כן,ביצה,מ.,פירוש,לא,
10271,קובץ מפרשים לפי הדף ביצה,כן,ביצה,מ.,פירוש,לא,
10272,קובץ מפרשים לפי הדף ביצה,כן,ביצה,מ.,פירוש,לא,
10273,קובץ מפרשים לפי הדף ביצה,כן,ביצה,מ.,פירוש,לא,
10274,קובץ מפרשים לפי הדף ביצה,כן,ביצה,מ.,פירוש,לא,
10275,קובץ מפרשים לפי הדף ביצה,כן,ביצה,מ.,פירוש,לא,
10276,קובץ מפרשים לפי הדף ביצה,כן,ביצה,מ.,פירוש,לא,
10277,קובץ מפרשים לפי הדף ביצה,כן,ביצה,מ.,פירוש,לא,
10279,קובץ מפרשים לפי הדף ביצה,כן,ביצה,מ.,פירוש,לא,
10280,קובץ מפרשים לפי הדף ביצה,כן,ביצה,מ.,פירוש,לא,
10281,קובץ מפרשים לפי הדף ביצה,כן,ביצה,מ.,פירוש,לא,
10282,קובץ מפרשים לפי הדף ביצה,כן,ביצה,מ.,פירוש,לא,
10283,קובץ מפרשים לפי הדף ביצה,כן,ביצה,מ.,פירוש,לא,
10284,קובץ מפרשים לפי הדף ביצה,כן,ביצה,מ.,פירוש,לא,
10285,קובץ מפרשים לפי הדף ביצה,כן,ביצה,מ.,פירוש,לא,
10286,קובץ מפרשים לפי הדף ביצה,כן,ביצה,מ.,פירוש,לא,
10288,קובץ מפרשים לפי הדף ביצה,כן,ביצה,מ.,פירוש,לא,
10289,קובץ מפרשים לפי הדף ביצה,כן,ביצה,מ.,פירוש,לא,
10290,קובץ מפרשים לפי הדף ביצה,כן,ביצה,מ.,פירוש,לא,
10291,קובץ מפרשים לפי הדף ביצה,כן,ביצה,מ.,פירוש,לא,
10292,קובץ מפרשים לפי הדף ביצה,כן,ביצה,מ.,פירוש,לא,
10293,קובץ מפרשים לפי הדף ביצה,כן,ביצה,מ.,פירוש,לא,
10294,קובץ מפרשים לפי הדף ביצה,כן,ביצה,מ.,פירוש,לא,
10295,קובץ מפרשים לפי הדף ביצה,כן,ביצה,מ.,פירוש,לא,
10296,קובץ מפרשים לפי הדף ביצה,כן,ביצה,מ.,פירוש,לא,
10298,קובץ מפרשים לפי הדף ביצה,כן,ביצה,מ.,פירוש,לא,
10299,קובץ מפרשים לפי הדף ביצה,כן,ביצה,מ.,פירוש,לא,
10301,קובץ מפרשים לפי הדף ביצה,כן,ביצה,מ.,פירוש,לא,
10303,קובץ מפרשים לפי הדף ביצה,כן,ביצה,מ.,פירוש,לא,
10304,קובץ מפרשים לפי הדף ביצה,כן,ביצה,מ.,פירוש,לא,
10306,קובץ מפרשים לפי הדף ביצה,כן,ביצה,מ.,פירוש,לא,
10307,קובץ מפרשים לפי הדף ביצה,כן,ביצה,מ.,פירוש,לא,
10308,קובץ מפרשים לפי הדף ביצה,כן,ביצה,מ.,פירוש,לא,
10311,קובץ מפרשים לפי הדף ביצה,כן,ביצה,מ:,פירוש,לא,
10312,קובץ מפרשים לפי הדף ביצה,כן,ביצה,מ:,פירוש,לא,
10313,קובץ מפרשים לפי הדף ביצה,כן,ביצה,מ:,פירוש,לא,
10315,קובץ מפרשים לפי הדף ביצה,כן,ביצה,מ:,פירוש,לא,
10316,קובץ מפרשים לפי הדף ביצה,כן,ביצה,מ:,פירוש,לא,
10318,קובץ מפרשים לפי הדף ביצה,כן,ביצה,מ:,פירוש,לא,
10319,קובץ מפרשים לפי הדף ביצה,כן,ביצה,מ:,פירוש,לא,
10320,קובץ מפרשים לפי הדף ביצה,כן,ביצה,מ:,פירוש,לא,
10321,קובץ מפרשים לפי הדף ביצה,כן,ביצה,מ:,פירוש,לא,
10322,קובץ מפרשים לפי הדף ביצה,כן,ביצה,מ:,פירוש,לא,
10323,קובץ מפרשים לפי הדף ביצה,כן,ביצה,מ:,פירוש,לא,
10325,קובץ מפרשים לפי הדף ביצה,כן,ביצה,מ:,פירוש,לא,
10326,קובץ מפרשים לפי הדף ביצה,כן,ביצה,מ:,פירוש,לא,
10327,קובץ מפרשים לפי הדף ביצה,כן,ביצה,מ:,פירוש,לא,
10328,קובץ מפרשים לפי הדף ביצה,כן,ביצה,מ:,פירוש,לא,
10329,קובץ מפרשים לפי הדף ביצה,כן,ביצה,מ:,פירוש,לא,
