מקור,ספר_מקור,מקור_אישי,ספר_יעד,מיקום_יעד,סוג,יעד_אישי,קטגוריית_מקור
12,תוספות ר' יהודה מבירינא (בשיטת הקדמונים) מסכת עבודה זרה,כן,עבודה זרה,מא.,פירוש,לא,
13,תוספות ר' יהודה מבירינא (בשיטת הקדמונים) מסכת עבודה זרה,כן,עבודה זרה,מא.,פירוש,לא,
14,תוספות ר' יהודה מבירינא (בשיטת הקדמונים) מסכת עבודה זרה,כן,עבודה זרה,מא.,פירוש,לא,
16,תוספות ר' יהודה מבירינא (בשיטת הקדמונים) מסכת עבודה זרה,כן,עבודה זרה,מא:,פירוש,לא,
17,תוספות ר' יהודה מבירינא (בשיטת הקדמונים) מסכת עבודה זרה,כן,עבודה זרה,מא:,פירוש,לא,
18,תוספות ר' יהודה מבירינא (בשיטת הקדמונים) מסכת עבודה זרה,כן,עבודה זרה,מא:,פירוש,לא,
19,תוספות ר' יהודה מבירינא (בשיטת הקדמונים) מסכת עבודה זרה,כן,עבודה זרה,מא:,פירוש,לא,
20,תוספות ר' יהודה מבירינא (בשיטת הקדמונים) מסכת עבודה זרה,כן,עבודה זרה,מא:,פירוש,לא,
21,תוספות ר' יהודה מבירינא (בשיטת הקדמונים) מסכת עבודה זרה,כן,עבודה זרה,מא:,פירוש,לא,
22,תוספות ר' יהודה מבירינא (בשיטת הקדמונים) מסכת עבודה זרה,כן,עבודה זרה,מא:,פירוש,לא,
23,תוספות ר' יהודה מבירינא (בשיטת הקדמונים) מסכת עבודה זרה,כן,עבודה זרה,מא:,פירוש,לא,
24,תוספות ר' יהודה מבירינא (בשיטת הקדמונים) מסכת עבודה זרה,כן,עבודה זרה,מא:,פירוש,לא,
25,תוספות ר' יהודה מבירינא (בשיטת הקדמונים) מסכת עבודה זרה,כן,עבודה זרה,מא:,פירוש,לא,
26,תוספות ר' יהודה מבירינא (בשיטת הקדמונים) מסכת עבודה זרה,כן,עבודה זרה,מא:,פירוש,לא,
27,תוספות ר' יהודה מבירינא (בשיטת הקדמונים) מסכת עבודה זרה,כן,עבודה זרה,מא:,פירוש,לא,
28,תוספות ר' יהודה מבירינא (בשיטת הקדמונים) מסכת עבודה זרה,כן,עבודה זרה,מא:,פירוש,לא,
30,תוספות ר' יהודה מבירינא (בשיטת הקדמונים) מסכת עבודה זרה,כן,עבודה זרה,מב.,פירוש,לא,
31,תוספות ר' יהודה מבירינא (בשיטת הקדמונים) מסכת עבודה זרה,כן,עבודה זרה,מב.,פירוש,לא,
32,תוספות ר' יהודה מבירינא (בשיטת הקדמונים) מסכת עבודה זרה,כן,עבודה זרה,מב.,פירוש,לא,
33,תוספות ר' יהודה מבירינא (בשיטת הקדמונים) מסכת עבודה זרה,כן,עבודה זרה,מב.,פירוש,לא,
34,תוספות ר' יהודה מבירינא (בשיטת הקדמונים) מסכת עבודה זרה,כן,עבודה זרה,מב.,פירוש,לא,
35,תוספות ר' יהודה מבירינא (בשיטת הקדמונים) מסכת עבודה זרה,כן,עבודה זרה,מב.,פירוש,לא,
36,תוספות ר' יהודה מבירינא (בשיטת הקדמונים) מסכת עבודה זרה,כן,עבודה זרה,מב.,פירוש,לא,
37,תוספות ר' יהודה מבירינא (בשיטת הקדמונים) מסכת עבודה זרה,כן,עבודה זרה,מב.,פירוש,לא,
38,תוספות ר' יהודה מבירינא (בשיטת הקדמונים) מסכת עבודה זרה,כן,עבודה זרה,מב.,פירוש,לא,
39,תוספות ר' יהודה מבירינא (בשיטת הקדמונים) מסכת עבודה זרה,כן,עבודה זרה,מב.,פירוש,לא,
40,תוספות ר' יהודה מבירינא (בשיטת הקדמונים) מסכת עבודה זרה,כן,עבודה זרה,מב.,פירוש,לא,
42,תוספות ר' יהודה מבירינא (בשיטת הקדמונים) מסכת עבודה זרה,כן,עבודה זרה,מב:,פירוש,לא,
43,תוספות ר' יהודה מבירינא (בשיטת הקדמונים) מסכת עבודה זרה,כן,עבודה זרה,מב:,פירוש,לא,
44,תוספות ר' יהודה מבירינא (בשיטת הקדמונים) מסכת עבודה זרה,כן,עבודה זרה,מב:,פירוש,לא,
45,תוספות ר' יהודה מבירינא (בשיטת הקדמונים) מסכת עבודה זרה,כן,עבודה זרה,מב:,פירוש,לא,
47,תוספות ר' יהודה מבירינא (בשיטת הקדמונים) מסכת עבודה זרה,כן,עבודה זרה,מג.,פירוש,לא,
48,תוספות ר' יהודה מבירינא (בשיטת הקדמונים) מסכת עבודה זרה,כן,עבודה זרה,מג.,פירוש,לא,
49,תוספות ר' יהודה מבירינא (בשיטת הקדמונים) מסכת עבודה זרה,כן,עבודה זרה,מג.,פירוש,לא,
50,תוספות ר' יהודה מבירינא (בשיטת הקדמונים) מסכת עבודה זרה,כן,עבודה זרה,מג.,פירוש,לא,
51,תוספות ר' יהודה מבירינא (בשיטת הקדמונים) מסכת עבודה זרה,כן,עבודה זרה,מג.,פירוש,לא,
52,תוספות ר' יהודה מבירינא (בשיטת הקדמונים) מסכת עבודה זרה,כן,עבודה זרה,מג.,פירוש,לא,
53,תוספות ר' יהודה מבירינא (בשיטת הקדמונים) מסכת עבודה זרה,כן,עבודה זרה,מג.,פירוש,לא,
54,תוספות ר' יהודה מבירינא (בשיטת הקדמונים) מסכת עבודה זרה,כן,עבודה זרה,מג.,פירוש,לא,
55,תוספות ר' יהודה מבירינא (בשיטת הקדמונים) מסכת עבודה זרה,כן,עבודה זרה,מג.,פירוש,לא,
56,תוספות ר' יהודה מבירינא (בשיטת הקדמונים) מסכת עבודה זרה,כן,עבודה זרה,מג.,פירוש,לא,
58,תוספות ר' יהודה מבירינא (בשיטת הקדמונים) מסכת עבודה זרה,כן,עבודה זרה,מג:,פירוש,לא,
59,תוספות ר' יהודה מבירינא (בשיטת הקדמונים) מסכת עבודה זרה,כן,עבודה זרה,מג:,פירוש,לא,
60,תוספות ר' יהודה מבירינא (בשיטת הקדמונים) מסכת עבודה זרה,כן,עבודה זרה,מג:,פירוש,לא,
61,תוספות ר' יהודה מבירינא (בשיטת הקדמונים) מסכת עבודה זרה,כן,עבודה זרה,מג:,פירוש,לא,
62,תוספות ר' יהודה מבירינא (בשיטת הקדמונים) מסכת עבודה זרה,כן,עבודה זרה,מג:,פירוש,לא,
63,תוספות ר' יהודה מבירינא (בשיטת הקדמונים) מסכת עבודה זרה,כן,עבודה זרה,מג:,פירוש,לא,
64,תוספות ר' יהודה מבירינא (בשיטת הקדמונים) מסכת עבודה זרה,כן,עבודה זרה,מג:,פירוש,לא,
65,תוספות ר' יהודה מבירינא (בשיטת הקדמונים) מסכת עבודה זרה,כן,עבודה זרה,מג:,פירוש,לא,
66,תוספות ר' יהודה מבירינא (בשיטת הקדמונים) מסכת עבודה זרה,כן,עבודה זרה,מג:,פירוש,לא,
68,תוספות ר' יהודה מבירינא (בשיטת הקדמונים) מסכת עבודה זרה,כן,עבודה זרה,מד.,פירוש,לא,
69,תוספות ר' יהודה מבירינא (בשיטת הקדמונים) מסכת עבודה זרה,כן,עבודה זרה,מד.,פירוש,לא,
70,תוספות ר' יהודה מבירינא (בשיטת הקדמונים) מסכת עבודה זרה,כן,עבודה זרה,מד.,פירוש,לא,
71,תוספות ר' יהודה מבירינא (בשיטת הקדמונים) מסכת עבודה זרה,כן,עבודה זרה,מד.,פירוש,לא,
72,תוספות ר' יהודה מבירינא (בשיטת הקדמונים) מסכת עבודה זרה,כן,עבודה זרה,מד.,פירוש,לא,
73,תוספות ר' יהודה מבירינא (בשיטת הקדמונים) מסכת עבודה זרה,כן,עבודה זרה,מד.,פירוש,לא,
74,תוספות ר' יהודה מבירינא (בשיטת הקדמונים) מסכת עבודה זרה,כן,עבודה זרה,מד.,פירוש,לא,
75,תוספות ר' יהודה מבירינא (בשיטת הקדמונים) מסכת עבודה זרה,כן,עבודה זרה,מד.,פירוש,לא,
76,תוספות ר' יהודה מבירינא (בשיטת הקדמונים) מסכת עבודה זרה,כן,עבודה זרה,מד.,פירוש,לא,
77,תוספות ר' יהודה מבירינא (בשיטת הקדמונים) מסכת עבודה זרה,כן,עבודה זרה,מד.,פירוש,לא,
79,תוספות ר' יהודה מבירינא (בשיטת הקדמונים) מסכת עבודה זרה,כן,עבודה זרה,מד:,פירוש,לא,
80,תוספות ר' יהודה מבירינא (בשיטת הקדמונים) מסכת עבודה זרה,כן,עבודה זרה,מד:,פירוש,לא,
81,תוספות ר' יהודה מבירינא (בשיטת הקדמונים) מסכת עבודה זרה,כן,עבודה זרה,מד:,פירוש,לא,
82,תוספות ר' יהודה מבירינא (בשיטת הקדמונים) מסכת עבודה זרה,כן,עבודה זרה,מד:,פירוש,לא,
83,תוספות ר' יהודה מבירינא (בשיטת הקדמונים) מסכת עבודה זרה,כן,עבודה זרה,מד:,פירוש,לא,
84,תוספות ר' יהודה מבירינא (בשיטת הקדמונים) מסכת עבודה זרה,כן,עבודה זרה,מד:,פירוש,לא,
85,תוספות ר' יהודה מבירינא (בשיטת הקדמונים) מסכת עבודה זרה,כן,עבודה זרה,מד:,פירוש,לא,
87,תוספות ר' יהודה מבירינא (בשיטת הקדמונים) מסכת עבודה זרה,כן,עבודה זרה,מה.,פירוש,לא,
88,תוספות ר' יהודה מבירינא (בשיטת הקדמונים) מסכת עבודה זרה,כן,עבודה זרה,מה.,פירוש,לא,
89,תוספות ר' יהודה מבירינא (בשיטת הקדמונים) מסכת עבודה זרה,כן,עבודה זרה,מה.,פירוש,לא,
90,תוספות ר' יהודה מבירינא (בשיטת הקדמונים) מסכת עבודה זרה,כן,עבודה זרה,מה.,פירוש,לא,
91,תוספות ר' יהודה מבירינא (בשיטת הקדמונים) מסכת עבודה זרה,כן,עבודה זרה,מה.,פירוש,לא,
92,תוספות ר' יהודה מבירינא (בשיטת הקדמונים) מסכת עבודה זרה,כן,עבודה זרה,מה.,פירוש,לא,
93,תוספות ר' יהודה מבירינא (בשיטת הקדמונים) מסכת עבודה זרה,כן,עבודה זרה,מה.,פירוש,לא,
95,תוספות ר' יהודה מבירינא (בשיטת הקדמונים) מסכת עבודה זרה,כן,עבודה זרה,מה:,פירוש,לא,
96,תוספות ר' יהודה מבירינא (בשיטת הקדמונים) מסכת עבודה זרה,כן,עבודה זרה,מה:,פירוש,לא,
98,תוספות ר' יהודה מבירינא (בשיטת הקדמונים) מסכת עבודה זרה,כן,עבודה זרה,מו.,פירוש,לא,
99,תוספות ר' יהודה מבירינא (בשיטת הקדמונים) מסכת עבודה זרה,כן,עבודה זרה,מו.,פירוש,לא,
100,תוספות ר' יהודה מבירינא (בשיטת הקדמונים) מסכת עבודה זרה,כן,עבודה זרה,מו.,פירוש,לא,
101,תוספות ר' יהודה מבירינא (בשיטת הקדמונים) מסכת עבודה זרה,כן,עבודה זרה,מו.,פירוש,לא,
102,תוספות ר' יהודה מבירינא (בשיטת הקדמונים) מסכת עבודה זרה,כן,עבודה זרה,מו.,פירוש,לא,
103,תוספות ר' יהודה מבירינא (בשיטת הקדמונים) מסכת עבודה זרה,כן,עבודה זרה,מו.,פירוש,לא,
104,תוספות ר' יהודה מבירינא (בשיטת הקדמונים) מסכת עבודה זרה,כן,עבודה זרה,מו.,פירוש,לא,
105,תוספות ר' יהודה מבירינא (בשיטת הקדמונים) מסכת עבודה זרה,כן,עבודה זרה,מו.,פירוש,לא,
107,תוספות ר' יהודה מבירינא (בשיטת הקדמונים) מסכת עבודה זרה,כן,עבודה זרה,מו:,פירוש,לא,
108,תוספות ר' יהודה מבירינא (בשיטת הקדמונים) מסכת עבודה זרה,כן,עבודה זרה,מו:,פירוש,לא,
109,תוספות ר' יהודה מבירינא (בשיטת הקדמונים) מסכת עבודה זרה,כן,עבודה זרה,מו:,פירוש,לא,
110,תוספות ר' יהודה מבירינא (בשיטת הקדמונים) מסכת עבודה זרה,כן,עבודה זרה,מו:,פירוש,לא,
111,תוספות ר' יהודה מבירינא (בשיטת הקדמונים) מסכת עבודה זרה,כן,עבודה זרה,מו:,פירוש,לא,
112,תוספות ר' יהודה מבירינא (בשיטת הקדמונים) מסכת עבודה זרה,כן,עבודה זרה,מו:,פירוש,לא,
113,תוספות ר' יהודה מבירינא (בשיטת הקדמונים) מסכת עבודה זרה,כן,עבודה זרה,מו:,פירוש,לא,
114,תוספות ר' יהודה מבירינא (בשיטת הקדמונים) מסכת עבודה זרה,כן,עבודה זרה,מו:,פירוש,לא,
115,תוספות ר' יהודה מבירינא (בשיטת הקדמונים) מסכת עבודה זרה,כן,עבודה זרה,מו:,פירוש,לא,
116,תוספות ר' יהודה מבירינא (בשיטת הקדמונים) מסכת עבודה זרה,כן,עבודה זרה,מו:,פירוש,לא,
117,תוספות ר' יהודה מבירינא (בשיטת הקדמונים) מסכת עבודה זרה,כן,עבודה זרה,מו:,פירוש,לא,
119,תוספות ר' יהודה מבירינא (בשיטת הקדמונים) מסכת עבודה זרה,כן,עבודה זרה,מז.,פירוש,לא,
120,תוספות ר' יהודה מבירינא (בשיטת הקדמונים) מסכת עבודה זרה,כן,עבודה זרה,מז.,פירוש,לא,
121,תוספות ר' יהודה מבירינא (בשיטת הקדמונים) מסכת עבודה זרה,כן,עבודה זרה,מז.,פירוש,לא,
122,תוספות ר' יהודה מבירינא (בשיטת הקדמונים) מסכת עבודה זרה,כן,עבודה זרה,מז.,פירוש,לא,
123,תוספות ר' יהודה מבירינא (בשיטת הקדמונים) מסכת עבודה זרה,כן,עבודה זרה,מז.,פירוש,לא,
124,תוספות ר' יהודה מבירינא (בשיטת הקדמונים) מסכת עבודה זרה,כן,עבודה זרה,מז.,פירוש,לא,
125,תוספות ר' יהודה מבירינא (בשיטת הקדמונים) מסכת עבודה זרה,כן,עבודה זרה,מז.,פירוש,לא,
126,תוספות ר' יהודה מבירינא (בשיטת הקדמונים) מסכת עבודה זרה,כן,עבודה זרה,מז.,פירוש,לא,
127,תוספות ר' יהודה מבירינא (בשיטת הקדמונים) מסכת עבודה זרה,כן,עבודה זרה,מז.,פירוש,לא,
128,תוספות ר' יהודה מבירינא (בשיטת הקדמונים) מסכת עבודה זרה,כן,עבודה זרה,מז.,פירוש,לא,
129,תוספות ר' יהודה מבירינא (בשיטת הקדמונים) מסכת עבודה זרה,כן,עבודה זרה,מז.,פירוש,לא,
131,תוספות ר' יהודה מבירינא (בשיטת הקדמונים) מסכת עבודה זרה,כן,עבודה זרה,מז:,פירוש,לא,
132,תוספות ר' יהודה מבירינא (בשיטת הקדמונים) מסכת עבודה זרה,כן,עבודה זרה,מז:,פירוש,לא,
133,תוספות ר' יהודה מבירינא (בשיטת הקדמונים) מסכת עבודה זרה,כן,עבודה זרה,מז:,פירוש,לא,
134,תוספות ר' יהודה מבירינא (בשיטת הקדמונים) מסכת עבודה זרה,כן,עבודה זרה,מז:,פירוש,לא,
135,תוספות ר' יהודה מבירינא (בשיטת הקדמונים) מסכת עבודה זרה,כן,עבודה זרה,מז:,פירוש,לא,
136,תוספות ר' יהודה מבירינא (בשיטת הקדמונים) מסכת עבודה זרה,כן,עבודה זרה,מז:,פירוש,לא,
137,תוספות ר' יהודה מבירינא (בשיטת הקדמונים) מסכת עבודה זרה,כן,עבודה זרה,מז:,פירוש,לא,
138,תוספות ר' יהודה מבירינא (בשיטת הקדמונים) מסכת עבודה זרה,כן,עבודה זרה,מז:,פירוש,לא,
140,תוספות ר' יהודה מבירינא (בשיטת הקדמונים) מסכת עבודה זרה,כן,עבודה זרה,מח.,פירוש,לא,
141,תוספות ר' יהודה מבירינא (בשיטת הקדמונים) מסכת עבודה זרה,כן,עבודה זרה,מח.,פירוש,לא,
142,תוספות ר' יהודה מבירינא (בשיטת הקדמונים) מסכת עבודה זרה,כן,עבודה זרה,מח.,פירוש,לא,
143,תוספות ר' יהודה מבירינא (בשיטת הקדמונים) מסכת עבודה זרה,כן,עבודה זרה,מח.,פירוש,לא,
144,תוספות ר' יהודה מבירינא (בשיטת הקדמונים) מסכת עבודה זרה,כן,עבודה זרה,מח.,פירוש,לא,
145,תוספות ר' יהודה מבירינא (בשיטת הקדמונים) מסכת עבודה זרה,כן,עבודה זרה,מח.,פירוש,לא,
146,תוספות ר' יהודה מבירינא (בשיטת הקדמונים) מסכת עבודה זרה,כן,עבודה זרה,מח.,פירוש,לא,
147,תוספות ר' יהודה מבירינא (בשיטת הקדמונים) מסכת עבודה זרה,כן,עבודה זרה,מח.,פירוש,לא,
148,תוספות ר' יהודה מבירינא (בשיטת הקדמונים) מסכת עבודה זרה,כן,עבודה זרה,מח.,פירוש,לא,
149,תוספות ר' יהודה מבירינא (בשיטת הקדמונים) מסכת עבודה זרה,כן,עבודה זרה,מח.,פירוש,לא,
150,תוספות ר' יהודה מבירינא (בשיטת הקדמונים) מסכת עבודה זרה,כן,עבודה זרה,מח.,פירוש,לא,
152,תוספות ר' יהודה מבירינא (בשיטת הקדמונים) מסכת עבודה זרה,כן,עבודה זרה,מח:,פירוש,לא,
153,תוספות ר' יהודה מבירינא (בשיטת הקדמונים) מסכת עבודה זרה,כן,עבודה זרה,מח:,פירוש,לא,
154,תוספות ר' יהודה מבירינא (בשיטת הקדמונים) מסכת עבודה זרה,כן,עבודה זרה,מח:,פירוש,לא,
155,תוספות ר' יהודה מבירינא (בשיטת הקדמונים) מסכת עבודה זרה,כן,עבודה זרה,מח:,פירוש,לא,
156,תוספות ר' יהודה מבירינא (בשיטת הקדמונים) מסכת עבודה זרה,כן,עבודה זרה,מח:,פירוש,לא,
157,תוספות ר' יהודה מבירינא (בשיטת הקדמונים) מסכת עבודה זרה,כן,עבודה זרה,מח:,פירוש,לא,
158,תוספות ר' יהודה מבירינא (בשיטת הקדמונים) מסכת עבודה זרה,כן,עבודה זרה,מח:,פירוש,לא,
159,תוספות ר' יהודה מבירינא (בשיטת הקדמונים) מסכת עבודה זרה,כן,עבודה זרה,מח:,פירוש,לא,
160,תוספות ר' יהודה מבירינא (בשיטת הקדמונים) מסכת עבודה זרה,כן,עבודה זרה,מח:,פירוש,לא,
161,תוספות ר' יהודה מבירינא (בשיטת הקדמונים) מסכת עבודה זרה,כן,עבודה זרה,מח:,פירוש,לא,
162,תוספות ר' יהודה מבירינא (בשיטת הקדמונים) מסכת עבודה זרה,כן,עבודה זרה,מח:,פירוש,לא,
164,תוספות ר' יהודה מבירינא (בשיטת הקדמונים) מסכת עבודה זרה,כן,עבודה זרה,מט.,פירוש,לא,
165,תוספות ר' יהודה מבירינא (בשיטת הקדמונים) מסכת עבודה זרה,כן,עבודה זרה,מט.,פירוש,לא,
166,תוספות ר' יהודה מבירינא (בשיטת הקדמונים) מסכת עבודה זרה,כן,עבודה זרה,מט.,פירוש,לא,
167,תוספות ר' יהודה מבירינא (בשיטת הקדמונים) מסכת עבודה זרה,כן,עבודה זרה,מט.,פירוש,לא,
168,תוספות ר' יהודה מבירינא (בשיטת הקדמונים) מסכת עבודה זרה,כן,עבודה זרה,מט.,פירוש,לא,
169,תוספות ר' יהודה מבירינא (בשיטת הקדמונים) מסכת עבודה זרה,כן,עבודה זרה,מט.,פירוש,לא,
171,תוספות ר' יהודה מבירינא (בשיטת הקדמונים) מסכת עבודה זרה,כן,עבודה זרה,מט:,פירוש,לא,
172,תוספות ר' יהודה מבירינא (בשיטת הקדמונים) מסכת עבודה זרה,כן,עבודה זרה,מט:,פירוש,לא,
173,תוספות ר' יהודה מבירינא (בשיטת הקדמונים) מסכת עבודה זרה,כן,עבודה זרה,מט:,פירוש,לא,
174,תוספות ר' יהודה מבירינא (בשיטת הקדמונים) מסכת עבודה זרה,כן,עבודה זרה,מט:,פירוש,לא,
175,תוספות ר' יהודה מבירינא (בשיטת הקדמונים) מסכת עבודה זרה,כן,עבודה זרה,מט:,פירוש,לא,
176,תוספות ר' יהודה מבירינא (בשיטת הקדמונים) מסכת עבודה זרה,כן,עבודה זרה,מט:,פירוש,לא,
177,תוספות ר' יהודה מבירינא (בשיטת הקדמונים) מסכת עבודה זרה,כן,עבודה זרה,מט:,פירוש,לא,
178,תוספות ר' יהודה מבירינא (בשיטת הקדמונים) מסכת עבודה זרה,כן,עבודה זרה,מט:,פירוש,לא,
179,תוספות ר' יהודה מבירינא (בשיטת הקדמונים) מסכת עבודה זרה,כן,עבודה זרה,מט:,פירוש,לא,
180,תוספות ר' יהודה מבירינא (בשיטת הקדמונים) מסכת עבודה זרה,כן,עבודה זרה,מט:,פירוש,לא,
182,תוספות ר' יהודה מבירינא (בשיטת הקדמונים) מסכת עבודה זרה,כן,עבודה זרה,מט:,פירוש,לא,
185,תוספות ר' יהודה מבירינא (בשיטת הקדמונים) מסכת עבודה זרה,כן,עבודה זרה,לה.,פירוש,לא,
186,תוספות ר' יהודה מבירינא (בשיטת הקדמונים) מסכת עבודה זרה,כן,עבודה זרה,לה.,פירוש,לא,
188,תוספות ר' יהודה מבירינא (בשיטת הקדמונים) מסכת עבודה זרה,כן,עבודה זרה,לה:,פירוש,לא,
189,תוספות ר' יהודה מבירינא (בשיטת הקדמונים) מסכת עבודה זרה,כן,עבודה זרה,לה:,פירוש,לא,
190,תוספות ר' יהודה מבירינא (בשיטת הקדמונים) מסכת עבודה זרה,כן,עבודה זרה,לה:,פירוש,לא,
191,תוספות ר' יהודה מבירינא (בשיטת הקדמונים) מסכת עבודה זרה,כן,עבודה זרה,לה:,פירוש,לא,
192,תוספות ר' יהודה מבירינא (בשיטת הקדמונים) מסכת עבודה זרה,כן,עבודה זרה,לה:,פירוש,לא,
193,תוספות ר' יהודה מבירינא (בשיטת הקדמונים) מסכת עבודה זרה,כן,עבודה זרה,לה:,פירוש,לא,
195,תוספות ר' יהודה מבירינא (בשיטת הקדמונים) מסכת עבודה זרה,כן,עבודה זרה,לו.,פירוש,לא,
196,תוספות ר' יהודה מבירינא (בשיטת הקדמונים) מסכת עבודה זרה,כן,עבודה זרה,לו.,פירוש,לא,
197,תוספות ר' יהודה מבירינא (בשיטת הקדמונים) מסכת עבודה זרה,כן,עבודה זרה,לו.,פירוש,לא,
198,תוספות ר' יהודה מבירינא (בשיטת הקדמונים) מסכת עבודה זרה,כן,עבודה זרה,לו.,פירוש,לא,
199,תוספות ר' יהודה מבירינא (בשיטת הקדמונים) מסכת עבודה זרה,כן,עבודה זרה,לו.,פירוש,לא,
200,תוספות ר' יהודה מבירינא (בשיטת הקדמונים) מסכת עבודה זרה,כן,עבודה זרה,לו.,פירוש,לא,
201,תוספות ר' יהודה מבירינא (בשיטת הקדמונים) מסכת עבודה זרה,כן,עבודה זרה,לו.,פירוש,לא,
202,תוספות ר' יהודה מבירינא (בשיטת הקדמונים) מסכת עבודה זרה,כן,עבודה זרה,לו.,פירוש,לא,
204,תוספות ר' יהודה מבירינא (בשיטת הקדמונים) מסכת עבודה זרה,כן,עבודה זרה,לו:,פירוש,לא,
205,תוספות ר' יהודה מבירינא (בשיטת הקדמונים) מסכת עבודה זרה,כן,עבודה זרה,לו:,פירוש,לא,
206,תוספות ר' יהודה מבירינא (בשיטת הקדמונים) מסכת עבודה זרה,כן,עבודה זרה,לו:,פירוש,לא,
207,תוספות ר' יהודה מבירינא (בשיטת הקדמונים) מסכת עבודה זרה,כן,עבודה זרה,לו:,פירוש,לא,
208,תוספות ר' יהודה מבירינא (בשיטת הקדמונים) מסכת עבודה זרה,כן,עבודה זרה,לו:,פירוש,לא,
209,תוספות ר' יהודה מבירינא (בשיטת הקדמונים) מסכת עבודה זרה,כן,עבודה זרה,לו:,פירוש,לא,
210,תוספות ר' יהודה מבירינא (בשיטת הקדמונים) מסכת עבודה זרה,כן,עבודה זרה,לו:,פירוש,לא,
212,תוספות ר' יהודה מבירינא (בשיטת הקדמונים) מסכת עבודה זרה,כן,עבודה זרה,לז.,פירוש,לא,
213,תוספות ר' יהודה מבירינא (בשיטת הקדמונים) מסכת עבודה זרה,כן,עבודה זרה,לז.,פירוש,לא,
214,תוספות ר' יהודה מבירינא (בשיטת הקדמונים) מסכת עבודה זרה,כן,עבודה זרה,לז.,פירוש,לא,
215,תוספות ר' יהודה מבירינא (בשיטת הקדמונים) מסכת עבודה זרה,כן,עבודה זרה,לז.,פירוש,לא,
217,תוספות ר' יהודה מבירינא (בשיטת הקדמונים) מסכת עבודה זרה,כן,עבודה זרה,לז:,פירוש,לא,
218,תוספות ר' יהודה מבירינא (בשיטת הקדמונים) מסכת עבודה זרה,כן,עבודה זרה,לז:,פירוש,לא,
219,תוספות ר' יהודה מבירינא (בשיטת הקדמונים) מסכת עבודה זרה,כן,עבודה זרה,לז:,פירוש,לא,
220,תוספות ר' יהודה מבירינא (בשיטת הקדמונים) מסכת עבודה זרה,כן,עבודה זרה,לז:,פירוש,לא,
221,תוספות ר' יהודה מבירינא (בשיטת הקדמונים) מסכת עבודה זרה,כן,עבודה זרה,לז:,פירוש,לא,
222,תוספות ר' יהודה מבירינא (בשיטת הקדמונים) מסכת עבודה זרה,כן,עבודה זרה,לז:,פירוש,לא,
224,תוספות ר' יהודה מבירינא (בשיטת הקדמונים) מסכת עבודה זרה,כן,עבודה זרה,לח.,פירוש,לא,
225,תוספות ר' יהודה מבירינא (בשיטת הקדמונים) מסכת עבודה זרה,כן,עבודה זרה,לח.,פירוש,לא,
226,תוספות ר' יהודה מבירינא (בשיטת הקדמונים) מסכת עבודה זרה,כן,עבודה זרה,לח.,פירוש,לא,
227,תוספות ר' יהודה מבירינא (בשיטת הקדמונים) מסכת עבודה זרה,כן,עבודה זרה,לח.,פירוש,לא,
228,תוספות ר' יהודה מבירינא (בשיטת הקדמונים) מסכת עבודה זרה,כן,עבודה זרה,לח.,פירוש,לא,
229,תוספות ר' יהודה מבירינא (בשיטת הקדמונים) מסכת עבודה זרה,כן,עבודה זרה,לח.,פירוש,לא,
230,תוספות ר' יהודה מבירינא (בשיטת הקדמונים) מסכת עבודה זרה,כן,עבודה זרה,לח.,פירוש,לא,
231,תוספות ר' יהודה מבירינא (בשיטת הקדמונים) מסכת עבודה זרה,כן,עבודה זרה,לח.,פירוש,לא,
233,תוספות ר' יהודה מבירינא (בשיטת הקדמונים) מסכת עבודה זרה,כן,עבודה זרה,לח:,פירוש,לא,
234,תוספות ר' יהודה מבירינא (בשיטת הקדמונים) מסכת עבודה זרה,כן,עבודה זרה,לח:,פירוש,לא,
235,תוספות ר' יהודה מבירינא (בשיטת הקדמונים) מסכת עבודה זרה,כן,עבודה זרה,לח:,פירוש,לא,
236,תוספות ר' יהודה מבירינא (בשיטת הקדמונים) מסכת עבודה זרה,כן,עבודה זרה,לח:,פירוש,לא,
238,תוספות ר' יהודה מבירינא (בשיטת הקדמונים) מסכת עבודה זרה,כן,עבודה זרה,לט.,פירוש,לא,
239,תוספות ר' יהודה מבירינא (בשיטת הקדמונים) מסכת עבודה זרה,כן,עבודה זרה,לט.,פירוש,לא,
240,תוספות ר' יהודה מבירינא (בשיטת הקדמונים) מסכת עבודה זרה,כן,עבודה זרה,לט.,פירוש,לא,
241,תוספות ר' יהודה מבירינא (בשיטת הקדמונים) מסכת עבודה זרה,כן,עבודה זרה,לט.,פירוש,לא,
243,תוספות ר' יהודה מבירינא (בשיטת הקדמונים) מסכת עבודה זרה,כן,עבודה זרה,לט:,פירוש,לא,
244,תוספות ר' יהודה מבירינא (בשיטת הקדמונים) מסכת עבודה זרה,כן,עבודה זרה,לט:,פירוש,לא,
245,תוספות ר' יהודה מבירינא (בשיטת הקדמונים) מסכת עבודה זרה,כן,עבודה זרה,לט:,פירוש,לא,
246,תוספות ר' יהודה מבירינא (בשיטת הקדמונים) מסכת עבודה זרה,כן,עבודה זרה,לט:,פירוש,לא,
247,תוספות ר' יהודה מבירינא (בשיטת הקדמונים) מסכת עבודה זרה,כן,עבודה זרה,לט:,פירוש,לא,
248,תוספות ר' יהודה מבירינא (בשיטת הקדמונים) מסכת עבודה זרה,כן,עבודה זרה,לט:,פירוש,לא,
249,תוספות ר' יהודה מבירינא (בשיטת הקדמונים) מסכת עבודה זרה,כן,עבודה זרה,לט:,פירוש,לא,
250,תוספות ר' יהודה מבירינא (בשיטת הקדמונים) מסכת עבודה זרה,כן,עבודה זרה,לט:,פירוש,לא,
251,תוספות ר' יהודה מבירינא (בשיטת הקדמונים) מסכת עבודה זרה,כן,עבודה זרה,לט:,פירוש,לא,
252,תוספות ר' יהודה מבירינא (בשיטת הקדמונים) מסכת עבודה זרה,כן,עבודה זרה,לט:,פירוש,לא,
254,תוספות ר' יהודה מבירינא (בשיטת הקדמונים) מסכת עבודה זרה,כן,עבודה זרה,מ.,פירוש,לא,
255,תוספות ר' יהודה מבירינא (בשיטת הקדמונים) מסכת עבודה זרה,כן,עבודה זרה,מ.,פירוש,לא,
256,תוספות ר' יהודה מבירינא (בשיטת הקדמונים) מסכת עבודה זרה,כן,עבודה זרה,מ.,פירוש,לא,
257,תוספות ר' יהודה מבירינא (בשיטת הקדמונים) מסכת עבודה זרה,כן,עבודה זרה,מ.,פירוש,לא,
258,תוספות ר' יהודה מבירינא (בשיטת הקדמונים) מסכת עבודה זרה,כן,עבודה זרה,מ.,פירוש,לא,
259,תוספות ר' יהודה מבירינא (בשיטת הקדמונים) מסכת עבודה זרה,כן,עבודה זרה,מ.,פירוש,לא,
260,תוספות ר' יהודה מבירינא (בשיטת הקדמונים) מסכת עבודה זרה,כן,עבודה זרה,מ.,פירוש,לא,
261,תוספות ר' יהודה מבירינא (בשיטת הקדמונים) מסכת עבודה זרה,כן,עבודה זרה,מ.,פירוש,לא,
262,תוספות ר' יהודה מבירינא (בשיטת הקדמונים) מסכת עבודה זרה,כן,עבודה זרה,מ.,פירוש,לא,
263,תוספות ר' יהודה מבירינא (בשיטת הקדמונים) מסכת עבודה זרה,כן,עבודה זרה,מ.,פירוש,לא,
265,תוספות ר' יהודה מבירינא (בשיטת הקדמונים) מסכת עבודה זרה,כן,עבודה זרה,מ:,פירוש,לא,
266,תוספות ר' יהודה מבירינא (בשיטת הקדמונים) מסכת עבודה זרה,כן,עבודה זרה,מ:,פירוש,לא,
6,תוספות ר' יהודה מפאריש (בשיטת הקדמונים) מסכת עבודה זרה,כן,עבודה זרה,מא.,פירוש,לא,
7,תוספות ר' יהודה מפאריש (בשיטת הקדמונים) מסכת עבודה זרה,כן,עבודה זרה,מא.,פירוש,לא,
8,תוספות ר' יהודה מפאריש (בשיטת הקדמונים) מסכת עבודה זרה,כן,עבודה זרה,מא.,פירוש,לא,
9,תוספות ר' יהודה מפאריש (בשיטת הקדמונים) מסכת עבודה זרה,כן,עבודה זרה,מא.,פירוש,לא,
10,תוספות ר' יהודה מפאריש (בשיטת הקדמונים) מסכת עבודה זרה,כן,עבודה זרה,מא.,פירוש,לא,
11,תוספות ר' יהודה מפאריש (בשיטת הקדמונים) מסכת עבודה זרה,כן,עבודה זרה,מא.,פירוש,לא,
12,תוספות ר' יהודה מפאריש (בשיטת הקדמונים) מסכת עבודה זרה,כן,עבודה זרה,מא.,פירוש,לא,
13,תוספות ר' יהודה מפאריש (בשיטת הקדמונים) מסכת עבודה זרה,כן,עבודה זרה,מא.,פירוש,לא,
14,תוספות ר' יהודה מפאריש (בשיטת הקדמונים) מסכת עבודה זרה,כן,עבודה זרה,מא.,פירוש,לא,
16,תוספות ר' יהודה מפאריש (בשיטת הקדמונים) מסכת עבודה זרה,כן,עבודה זרה,מא:,פירוש,לא,
17,תוספות ר' יהודה מפאריש (בשיטת הקדמונים) מסכת עבודה זרה,כן,עבודה זרה,מא:,פירוש,לא,
18,תוספות ר' יהודה מפאריש (בשיטת הקדמונים) מסכת עבודה זרה,כן,עבודה זרה,מא:,פירוש,לא,
19,תוספות ר' יהודה מפאריש (בשיטת הקדמונים) מסכת עבודה זרה,כן,עבודה זרה,מא:,פירוש,לא,
20,תוספות ר' יהודה מפאריש (בשיטת הקדמונים) מסכת עבודה זרה,כן,עבודה זרה,מא:,פירוש,לא,
21,תוספות ר' יהודה מפאריש (בשיטת הקדמונים) מסכת עבודה זרה,כן,עבודה זרה,מא:,פירוש,לא,
22,תוספות ר' יהודה מפאריש (בשיטת הקדמונים) מסכת עבודה זרה,כן,עבודה זרה,מא:,פירוש,לא,
23,תוספות ר' יהודה מפאריש (בשיטת הקדמונים) מסכת עבודה זרה,כן,עבודה זרה,מא:,פירוש,לא,
24,תוספות ר' יהודה מפאריש (בשיטת הקדמונים) מסכת עבודה זרה,כן,עבודה זרה,מא:,פירוש,לא,
25,תוספות ר' יהודה מפאריש (בשיטת הקדמונים) מסכת עבודה זרה,כן,עבודה זרה,מא:,פירוש,לא,
26,תוספות ר' יהודה מפאריש (בשיטת הקדמונים) מסכת עבודה זרה,כן,עבודה זרה,מא:,פירוש,לא,
28,תוספות ר' יהודה מפאריש (בשיטת הקדמונים) מסכת עבודה זרה,כן,עבודה זרה,מב.,פירוש,לא,
29,תוספות ר' יהודה מפאריש (בשיטת הקדמונים) מסכת עבודה זרה,כן,עבודה זרה,מב.,פירוש,לא,
30,תוספות ר' יהודה מפאריש (בשיטת הקדמונים) מסכת עבודה זרה,כן,עבודה זרה,מב.,פירוש,לא,
32,תוספות ר' יהודה מפאריש (בשיטת הקדמונים) מסכת עבודה זרה,כן,עבודה זרה,מב:,פירוש,לא,
33,תוספות ר' יהודה מפאריש (בשיטת הקדמונים) מסכת עבודה זרה,כן,עבודה זרה,מב:,פירוש,לא,
34,תוספות ר' יהודה מפאריש (בשיטת הקדמונים) מסכת עבודה זרה,כן,עבודה זרה,מב:,פירוש,לא,
35,תוספות ר' יהודה מפאריש (בשיטת הקדמונים) מסכת עבודה זרה,כן,עבודה זרה,מב:,פירוש,לא,
36,תוספות ר' יהודה מפאריש (בשיטת הקדמונים) מסכת עבודה זרה,כן,עבודה זרה,מב:,פירוש,לא,
38,תוספות ר' יהודה מפאריש (בשיטת הקדמונים) מסכת עבודה זרה,כן,עבודה זרה,מג.,פירוש,לא,
39,תוספות ר' יהודה מפאריש (בשיטת הקדמונים) מסכת עבודה זרה,כן,עבודה זרה,מג.,פירוש,לא,
40,תוספות ר' יהודה מפאריש (בשיטת הקדמונים) מסכת עבודה זרה,כן,עבודה זרה,מג.,פירוש,לא,
41,תוספות ר' יהודה מפאריש (בשיטת הקדמונים) מסכת עבודה זרה,כן,עבודה זרה,מג.,פירוש,לא,
42,תוספות ר' יהודה מפאריש (בשיטת הקדמונים) מסכת עבודה זרה,כן,עבודה זרה,מג.,פירוש,לא,
43,תוספות ר' יהודה מפאריש (בשיטת הקדמונים) מסכת עבודה זרה,כן,עבודה זרה,מג.,פירוש,לא,
45,תוספות ר' יהודה מפאריש (בשיטת הקדמונים) מסכת עבודה זרה,כן,עבודה זרה,מג:,פירוש,לא,
46,תוספות ר' יהודה מפאריש (בשיטת הקדמונים) מסכת עבודה זרה,כן,עבודה זרה,מג:,פירוש,לא,
47,תוספות ר' יהודה מפאריש (בשיטת הקדמונים) מסכת עבודה זרה,כן,עבודה זרה,מג:,פירוש,לא,
48,תוספות ר' יהודה מפאריש (בשיטת הקדמונים) מסכת עבודה זרה,כן,עבודה זרה,מג:,פירוש,לא,
49,תוספות ר' יהודה מפאריש (בשיטת הקדמונים) מסכת עבודה זרה,כן,עבודה זרה,מג:,פירוש,לא,
50,תוספות ר' יהודה מפאריש (בשיטת הקדמונים) מסכת עבודה זרה,כן,עבודה זרה,מג:,פירוש,לא,
51,תוספות ר' יהודה מפאריש (בשיטת הקדמונים) מסכת עבודה זרה,כן,עבודה זרה,מג:,פירוש,לא,
52,תוספות ר' יהודה מפאריש (בשיטת הקדמונים) מסכת עבודה זרה,כן,עבודה זרה,מג:,פירוש,לא,
53,תוספות ר' יהודה מפאריש (בשיטת הקדמונים) מסכת עבודה זרה,כן,עבודה זרה,מג:,פירוש,לא,
54,תוספות ר' יהודה מפאריש (בשיטת הקדמונים) מסכת עבודה זרה,כן,עבודה זרה,מג:,פירוש,לא,
55,תוספות ר' יהודה מפאריש (בשיטת הקדמונים) מסכת עבודה זרה,כן,עבודה זרה,מג:,פירוש,לא,
57,תוספות ר' יהודה מפאריש (בשיטת הקדמונים) מסכת עבודה זרה,כן,עבודה זרה,מד.,פירוש,לא,
58,תוספות ר' יהודה מפאריש (בשיטת הקדמונים) מסכת עבודה זרה,כן,עבודה זרה,מד.,פירוש,לא,
59,תוספות ר' יהודה מפאריש (בשיטת הקדמונים) מסכת עבודה זרה,כן,עבודה זרה,מד.,פירוש,לא,
60,תוספות ר' יהודה מפאריש (בשיטת הקדמונים) מסכת עבודה זרה,כן,עבודה זרה,מד.,פירוש,לא,
61,תוספות ר' יהודה מפאריש (בשיטת הקדמונים) מסכת עבודה זרה,כן,עבודה זרה,מד.,פירוש,לא,
62,תוספות ר' יהודה מפאריש (בשיטת הקדמונים) מסכת עבודה זרה,כן,עבודה זרה,מד.,פירוש,לא,
63,תוספות ר' יהודה מפאריש (בשיטת הקדמונים) מסכת עבודה זרה,כן,עבודה זרה,מד.,פירוש,לא,
64,תוספות ר' יהודה מפאריש (בשיטת הקדמונים) מסכת עבודה זרה,כן,עבודה זרה,מד.,פירוש,לא,
66,תוספות ר' יהודה מפאריש (בשיטת הקדמונים) מסכת עבודה זרה,כן,עבודה זרה,מד:,פירוש,לא,
67,תוספות ר' יהודה מפאריש (בשיטת הקדמונים) מסכת עבודה זרה,כן,עבודה זרה,מד:,פירוש,לא,
68,תוספות ר' יהודה מפאריש (בשיטת הקדמונים) מסכת עבודה זרה,כן,עבודה זרה,מד:,פירוש,לא,
69,תוספות ר' יהודה מפאריש (בשיטת הקדמונים) מסכת עבודה זרה,כן,עבודה זרה,מד:,פירוש,לא,
70,תוספות ר' יהודה מפאריש (בשיטת הקדמונים) מסכת עבודה זרה,כן,עבודה זרה,מד:,פירוש,לא,
71,תוספות ר' יהודה מפאריש (בשיטת הקדמונים) מסכת עבודה זרה,כן,עבודה זרה,מד:,פירוש,לא,
72,תוספות ר' יהודה מפאריש (בשיטת הקדמונים) מסכת עבודה זרה,כן,עבודה זרה,מד:,פירוש,לא,
74,תוספות ר' יהודה מפאריש (בשיטת הקדמונים) מסכת עבודה זרה,כן,עבודה זרה,מה.,פירוש,לא,
75,תוספות ר' יהודה מפאריש (בשיטת הקדמונים) מסכת עבודה זרה,כן,עבודה זרה,מה.,פירוש,לא,
76,תוספות ר' יהודה מפאריש (בשיטת הקדמונים) מסכת עבודה זרה,כן,עבודה זרה,מה.,פירוש,לא,
77,תוספות ר' יהודה מפאריש (בשיטת הקדמונים) מסכת עבודה זרה,כן,עבודה זרה,מה.,פירוש,לא,
79,תוספות ר' יהודה מפאריש (בשיטת הקדמונים) מסכת עבודה זרה,כן,עבודה זרה,מה:,פירוש,לא,
81,תוספות ר' יהודה מפאריש (בשיטת הקדמונים) מסכת עבודה זרה,כן,עבודה זרה,מו.,פירוש,לא,
82,תוספות ר' יהודה מפאריש (בשיטת הקדמונים) מסכת עבודה זרה,כן,עבודה זרה,מו.,פירוש,לא,
83,תוספות ר' יהודה מפאריש (בשיטת הקדמונים) מסכת עבודה זרה,כן,עבודה זרה,מו.,פירוש,לא,
84,תוספות ר' יהודה מפאריש (בשיטת הקדמונים) מסכת עבודה זרה,כן,עבודה זרה,מו.,פירוש,לא,
86,תוספות ר' יהודה מפאריש (בשיטת הקדמונים) מסכת עבודה זרה,כן,עבודה זרה,מו:,פירוש,לא,
87,תוספות ר' יהודה מפאריש (בשיטת הקדמונים) מסכת עבודה זרה,כן,עבודה זרה,מו:,פירוש,לא,
88,תוספות ר' יהודה מפאריש (בשיטת הקדמונים) מסכת עבודה זרה,כן,עבודה זרה,מו:,פירוש,לא,
89,תוספות ר' יהודה מפאריש (בשיטת הקדמונים) מסכת עבודה זרה,כן,עבודה זרה,מו:,פירוש,לא,
90,תוספות ר' יהודה מפאריש (בשיטת הקדמונים) מסכת עבודה זרה,כן,עבודה זרה,מו:,פירוש,לא,
92,תוספות ר' יהודה מפאריש (בשיטת הקדמונים) מסכת עבודה זרה,כן,עבודה זרה,מז.,פירוש,לא,
93,תוספות ר' יהודה מפאריש (בשיטת הקדמונים) מסכת עבודה זרה,כן,עבודה זרה,מז.,פירוש,לא,
94,תוספות ר' יהודה מפאריש (בשיטת הקדמונים) מסכת עבודה זרה,כן,עבודה זרה,מז.,פירוש,לא,
95,תוספות ר' יהודה מפאריש (בשיטת הקדמונים) מסכת עבודה זרה,כן,עבודה זרה,מז.,פירוש,לא,
96,תוספות ר' יהודה מפאריש (בשיטת הקדמונים) מסכת עבודה זרה,כן,עבודה זרה,מז.,פירוש,לא,
97,תוספות ר' יהודה מפאריש (בשיטת הקדמונים) מסכת עבודה זרה,כן,עבודה זרה,מז.,פירוש,לא,
98,תוספות ר' יהודה מפאריש (בשיטת הקדמונים) מסכת עבודה זרה,כן,עבודה זרה,מז.,פירוש,לא,
99,תוספות ר' יהודה מפאריש (בשיטת הקדמונים) מסכת עבודה זרה,כן,עבודה זרה,מז.,פירוש,לא,
101,תוספות ר' יהודה מפאריש (בשיטת הקדמונים) מסכת עבודה זרה,כן,עבודה זרה,מז:,פירוש,לא,
102,תוספות ר' יהודה מפאריש (בשיטת הקדמונים) מסכת עבודה זרה,כן,עבודה זרה,מז:,פירוש,לא,
103,תוספות ר' יהודה מפאריש (בשיטת הקדמונים) מסכת עבודה זרה,כן,עבודה זרה,מז:,פירוש,לא,
104,תוספות ר' יהודה מפאריש (בשיטת הקדמונים) מסכת עבודה זרה,כן,עבודה זרה,מז:,פירוש,לא,
105,תוספות ר' יהודה מפאריש (בשיטת הקדמונים) מסכת עבודה זרה,כן,עבודה זרה,מז:,פירוש,לא,
106,תוספות ר' יהודה מפאריש (בשיטת הקדמונים) מסכת עבודה זרה,כן,עבודה זרה,מז:,פירוש,לא,
108,תוספות ר' יהודה מפאריש (בשיטת הקדמונים) מסכת עבודה זרה,כן,עבודה זרה,מח.,פירוש,לא,
109,תוספות ר' יהודה מפאריש (בשיטת הקדמונים) מסכת עבודה זרה,כן,עבודה זרה,מח.,פירוש,לא,
110,תוספות ר' יהודה מפאריש (בשיטת הקדמונים) מסכת עבודה זרה,כן,עבודה זרה,מח.,פירוש,לא,
111,תוספות ר' יהודה מפאריש (בשיטת הקדמונים) מסכת עבודה זרה,כן,עבודה זרה,מח.,פירוש,לא,
112,תוספות ר' יהודה מפאריש (בשיטת הקדמונים) מסכת עבודה זרה,כן,עבודה זרה,מח.,פירוש,לא,
113,תוספות ר' יהודה מפאריש (בשיטת הקדמונים) מסכת עבודה זרה,כן,עבודה זרה,מח.,פירוש,לא,
114,תוספות ר' יהודה מפאריש (בשיטת הקדמונים) מסכת עבודה זרה,כן,עבודה זרה,מח.,פירוש,לא,
115,תוספות ר' יהודה מפאריש (בשיטת הקדמונים) מסכת עבודה זרה,כן,עבודה זרה,מח.,פירוש,לא,
117,תוספות ר' יהודה מפאריש (בשיטת הקדמונים) מסכת עבודה זרה,כן,עבודה זרה,מח:,פירוש,לא,
118,תוספות ר' יהודה מפאריש (בשיטת הקדמונים) מסכת עבודה זרה,כן,עבודה זרה,מח:,פירוש,לא,
119,תוספות ר' יהודה מפאריש (בשיטת הקדמונים) מסכת עבודה זרה,כן,עבודה זרה,מח:,פירוש,לא,
120,תוספות ר' יהודה מפאריש (בשיטת הקדמונים) מסכת עבודה זרה,כן,עבודה זרה,מח:,פירוש,לא,
121,תוספות ר' יהודה מפאריש (בשיטת הקדמונים) מסכת עבודה זרה,כן,עבודה זרה,מח:,פירוש,לא,
122,תוספות ר' יהודה מפאריש (בשיטת הקדמונים) מסכת עבודה זרה,כן,עבודה זרה,מח:,פירוש,לא,
123,תוספות ר' יהודה מפאריש (בשיטת הקדמונים) מסכת עבודה זרה,כן,עבודה זרה,מח:,פירוש,לא,
125,תוספות ר' יהודה מפאריש (בשיטת הקדמונים) מסכת עבודה זרה,כן,עבודה זרה,מט.,פירוש,לא,
126,תוספות ר' יהודה מפאריש (בשיטת הקדמונים) מסכת עבודה זרה,כן,עבודה זרה,מט.,פירוש,לא,
127,תוספות ר' יהודה מפאריש (בשיטת הקדמונים) מסכת עבודה זרה,כן,עבודה זרה,מט.,פירוש,לא,
128,תוספות ר' יהודה מפאריש (בשיטת הקדמונים) מסכת עבודה זרה,כן,עבודה זרה,מט.,פירוש,לא,
129,תוספות ר' יהודה מפאריש (בשיטת הקדמונים) מסכת עבודה זרה,כן,עבודה זרה,מט.,פירוש,לא,
130,תוספות ר' יהודה מפאריש (בשיטת הקדמונים) מסכת עבודה זרה,כן,עבודה זרה,מט.,פירוש,לא,
131,תוספות ר' יהודה מפאריש (בשיטת הקדמונים) מסכת עבודה זרה,כן,עבודה זרה,מט.,פירוש,לא,
132,תוספות ר' יהודה מפאריש (בשיטת הקדמונים) מסכת עבודה זרה,כן,עבודה זרה,מט.,פירוש,לא,
133,תוספות ר' יהודה מפאריש (בשיטת הקדמונים) מסכת עבודה זרה,כן,עבודה זרה,מט.,פירוש,לא,
134,תוספות ר' יהודה מפאריש (בשיטת הקדמונים) מסכת עבודה זרה,כן,עבודה זרה,מט.,פירוש,לא,
136,תוספות ר' יהודה מפאריש (בשיטת הקדמונים) מסכת עבודה זרה,כן,עבודה זרה,מט:,פירוש,לא,
137,תוספות ר' יהודה מפאריש (בשיטת הקדמונים) מסכת עבודה זרה,כן,עבודה זרה,מט:,פירוש,לא,
138,תוספות ר' יהודה מפאריש (בשיטת הקדמונים) מסכת עבודה זרה,כן,עבודה זרה,מט:,פירוש,לא,
139,תוספות ר' יהודה מפאריש (בשיטת הקדמונים) מסכת עבודה זרה,כן,עבודה זרה,מט:,פירוש,לא,
141,תוספות ר' יהודה מפאריש (בשיטת הקדמונים) מסכת עבודה זרה,כן,עבודה זרה,מט:,פירוש,לא,
142,תוספות ר' יהודה מפאריש (בשיטת הקדמונים) מסכת עבודה זרה,כן,עבודה זרה,מט:,פירוש,לא,
143,תוספות ר' יהודה מפאריש (בשיטת הקדמונים) מסכת עבודה זרה,כן,עבודה זרה,מט:,פירוש,לא,
145,תוספות ר' יהודה מפאריש (בשיטת הקדמונים) מסכת עבודה זרה,כן,עבודה זרה,נ.,פירוש,לא,
146,תוספות ר' יהודה מפאריש (בשיטת הקדמונים) מסכת עבודה זרה,כן,עבודה זרה,נ.,פירוש,לא,
147,תוספות ר' יהודה מפאריש (בשיטת הקדמונים) מסכת עבודה זרה,כן,עבודה זרה,נ.,פירוש,לא,
148,תוספות ר' יהודה מפאריש (בשיטת הקדמונים) מסכת עבודה זרה,כן,עבודה זרה,נ.,פירוש,לא,
149,תוספות ר' יהודה מפאריש (בשיטת הקדמונים) מסכת עבודה זרה,כן,עבודה זרה,נ.,פירוש,לא,
150,תוספות ר' יהודה מפאריש (בשיטת הקדמונים) מסכת עבודה זרה,כן,עבודה זרה,נ.,פירוש,לא,
152,תוספות ר' יהודה מפאריש (בשיטת הקדמונים) מסכת עבודה זרה,כן,עבודה זרה,נ:,פירוש,לא,
153,תוספות ר' יהודה מפאריש (בשיטת הקדמונים) מסכת עבודה זרה,כן,עבודה זרה,נ:,פירוש,לא,
154,תוספות ר' יהודה מפאריש (בשיטת הקדמונים) מסכת עבודה זרה,כן,עבודה זרה,נ:,פירוש,לא,
155,תוספות ר' יהודה מפאריש (בשיטת הקדמונים) מסכת עבודה זרה,כן,עבודה זרה,נ:,פירוש,לא,
156,תוספות ר' יהודה מפאריש (בשיטת הקדמונים) מסכת עבודה זרה,כן,עבודה זרה,נ:,פירוש,לא,
157,תוספות ר' יהודה מפאריש (בשיטת הקדמונים) מסכת עבודה זרה,כן,עבודה זרה,נ:,פירוש,לא,
158,תוספות ר' יהודה מפאריש (בשיטת הקדמונים) מסכת עבודה זרה,כן,עבודה זרה,נ:,פירוש,לא,
160,תוספות ר' יהודה מפאריש (בשיטת הקדמונים) מסכת עבודה זרה,כן,עבודה זרה,נא.,פירוש,לא,
161,תוספות ר' יהודה מפאריש (בשיטת הקדמונים) מסכת עבודה זרה,כן,עבודה זרה,נא.,פירוש,לא,
162,תוספות ר' יהודה מפאריש (בשיטת הקדמונים) מסכת עבודה זרה,כן,עבודה זרה,נא.,פירוש,לא,
163,תוספות ר' יהודה מפאריש (בשיטת הקדמונים) מסכת עבודה זרה,כן,עבודה זרה,נא.,פירוש,לא,
164,תוספות ר' יהודה מפאריש (בשיטת הקדמונים) מסכת עבודה זרה,כן,עבודה זרה,נא.,פירוש,לא,
165,תוספות ר' יהודה מפאריש (בשיטת הקדמונים) מסכת עבודה זרה,כן,עבודה זרה,נא.,פירוש,לא,
166,תוספות ר' יהודה מפאריש (בשיטת הקדמונים) מסכת עבודה זרה,כן,עבודה זרה,נא.,פירוש,לא,
167,תוספות ר' יהודה מפאריש (בשיטת הקדמונים) מסכת עבודה זרה,כן,עבודה זרה,נא.,פירוש,לא,
168,תוספות ר' יהודה מפאריש (בשיטת הקדמונים) מסכת עבודה זרה,כן,עבודה זרה,נא.,פירוש,לא,
170,תוספות ר' יהודה מפאריש (בשיטת הקדמונים) מסכת עבודה זרה,כן,עבודה זרה,נא:,פירוש,לא,
171,תוספות ר' יהודה מפאריש (בשיטת הקדמונים) מסכת עבודה זרה,כן,עבודה זרה,נא:,פירוש,לא,
172,תוספות ר' יהודה מפאריש (בשיטת הקדמונים) מסכת עבודה זרה,כן,עבודה זרה,נא:,פירוש,לא,
173,תוספות ר' יהודה מפאריש (בשיטת הקדמונים) מסכת עבודה זרה,כן,עבודה זרה,נא:,פירוש,לא,
175,תוספות ר' יהודה מפאריש (בשיטת הקדמונים) מסכת עבודה זרה,כן,עבודה זרה,נב.,פירוש,לא,
176,תוספות ר' יהודה מפאריש (בשיטת הקדמונים) מסכת עבודה זרה,כן,עבודה זרה,נב.,פירוש,לא,
177,תוספות ר' יהודה מפאריש (בשיטת הקדמונים) מסכת עבודה זרה,כן,עבודה זרה,נב.,פירוש,לא,
178,תוספות ר' יהודה מפאריש (בשיטת הקדמונים) מסכת עבודה זרה,כן,עבודה זרה,נב.,פירוש,לא,
179,תוספות ר' יהודה מפאריש (בשיטת הקדמונים) מסכת עבודה זרה,כן,עבודה זרה,נב.,פירוש,לא,
180,תוספות ר' יהודה מפאריש (בשיטת הקדמונים) מסכת עבודה זרה,כן,עבודה זרה,נב.,פירוש,לא,
182,תוספות ר' יהודה מפאריש (בשיטת הקדמונים) מסכת עבודה זרה,כן,עבודה זרה,נב:,פירוש,לא,
183,תוספות ר' יהודה מפאריש (בשיטת הקדמונים) מסכת עבודה זרה,כן,עבודה זרה,נב:,פירוש,לא,
184,תוספות ר' יהודה מפאריש (בשיטת הקדמונים) מסכת עבודה זרה,כן,עבודה זרה,נב:,פירוש,לא,
185,תוספות ר' יהודה מפאריש (בשיטת הקדמונים) מסכת עבודה זרה,כן,עבודה זרה,נב:,פירוש,לא,
186,תוספות ר' יהודה מפאריש (בשיטת הקדמונים) מסכת עבודה זרה,כן,עבודה זרה,נב:,פירוש,לא,
187,תוספות ר' יהודה מפאריש (בשיטת הקדמונים) מסכת עבודה זרה,כן,עבודה זרה,נב:,פירוש,לא,
188,תוספות ר' יהודה מפאריש (בשיטת הקדמונים) מסכת עבודה זרה,כן,עבודה זרה,נב:,פירוש,לא,
189,תוספות ר' יהודה מפאריש (בשיטת הקדמונים) מסכת עבודה זרה,כן,עבודה זרה,נב:,פירוש,לא,
191,תוספות ר' יהודה מפאריש (בשיטת הקדמונים) מסכת עבודה זרה,כן,עבודה זרה,נג.,פירוש,לא,
192,תוספות ר' יהודה מפאריש (בשיטת הקדמונים) מסכת עבודה זרה,כן,עבודה זרה,נג.,פירוש,לא,
194,תוספות ר' יהודה מפאריש (בשיטת הקדמונים) מסכת עבודה זרה,כן,עבודה זרה,נג:,פירוש,לא,
195,תוספות ר' יהודה מפאריש (בשיטת הקדמונים) מסכת עבודה זרה,כן,עבודה זרה,נג:,פירוש,לא,
196,תוספות ר' יהודה מפאריש (בשיטת הקדמונים) מסכת עבודה זרה,כן,עבודה זרה,נג:,פירוש,לא,
197,תוספות ר' יהודה מפאריש (בשיטת הקדמונים) מסכת עבודה זרה,כן,עבודה זרה,נג:,פירוש,לא,
199,תוספות ר' יהודה מפאריש (בשיטת הקדמונים) מסכת עבודה זרה,כן,עבודה זרה,נד.,פירוש,לא,
200,תוספות ר' יהודה מפאריש (בשיטת הקדמונים) מסכת עבודה זרה,כן,עבודה זרה,נד.,פירוש,לא,
201,תוספות ר' יהודה מפאריש (בשיטת הקדמונים) מסכת עבודה זרה,כן,עבודה זרה,נד.,פירוש,לא,
202,תוספות ר' יהודה מפאריש (בשיטת הקדמונים) מסכת עבודה זרה,כן,עבודה זרה,נד.,פירוש,לא,
203,תוספות ר' יהודה מפאריש (בשיטת הקדמונים) מסכת עבודה זרה,כן,עבודה זרה,נד.,פירוש,לא,
204,תוספות ר' יהודה מפאריש (בשיטת הקדמונים) מסכת עבודה זרה,כן,עבודה זרה,נד.,פירוש,לא,
205,תוספות ר' יהודה מפאריש (בשיטת הקדמונים) מסכת עבודה זרה,כן,עבודה זרה,נד.,פירוש,לא,
206,תוספות ר' יהודה מפאריש (בשיטת הקדמונים) מסכת עבודה זרה,כן,עבודה זרה,נד.,פירוש,לא,
208,תוספות ר' יהודה מפאריש (בשיטת הקדמונים) מסכת עבודה זרה,כן,עבודה זרה,נד:,פירוש,לא,
209,תוספות ר' יהודה מפאריש (בשיטת הקדמונים) מסכת עבודה זרה,כן,עבודה זרה,נד:,פירוש,לא,
211,תוספות ר' יהודה מפאריש (בשיטת הקדמונים) מסכת עבודה זרה,כן,עבודה זרה,נה.,פירוש,לא,
212,תוספות ר' יהודה מפאריש (בשיטת הקדמונים) מסכת עבודה זרה,כן,עבודה זרה,נה.,פירוש,לא,
213,תוספות ר' יהודה מפאריש (בשיטת הקדמונים) מסכת עבודה זרה,כן,עבודה זרה,נה.,פירוש,לא,
214,תוספות ר' יהודה מפאריש (בשיטת הקדמונים) מסכת עבודה זרה,כן,עבודה זרה,נה.,פירוש,לא,
215,תוספות ר' יהודה מפאריש (בשיטת הקדמונים) מסכת עבודה זרה,כן,עבודה זרה,נה.,פירוש,לא,
217,תוספות ר' יהודה מפאריש (בשיטת הקדמונים) מסכת עבודה זרה,כן,עבודה זרה,נה:,פירוש,לא,
218,תוספות ר' יהודה מפאריש (בשיטת הקדמונים) מסכת עבודה זרה,כן,עבודה זרה,נה:,פירוש,לא,
219,תוספות ר' יהודה מפאריש (בשיטת הקדמונים) מסכת עבודה זרה,כן,עבודה זרה,נה:,פירוש,לא,
221,תוספות ר' יהודה מפאריש (בשיטת הקדמונים) מסכת עבודה זרה,כן,עבודה זרה,נו.,פירוש,לא,
222,תוספות ר' יהודה מפאריש (בשיטת הקדמונים) מסכת עבודה זרה,כן,עבודה זרה,נו.,פירוש,לא,
223,תוספות ר' יהודה מפאריש (בשיטת הקדמונים) מסכת עבודה זרה,כן,עבודה זרה,נו.,פירוש,לא,
224,תוספות ר' יהודה מפאריש (בשיטת הקדמונים) מסכת עבודה זרה,כן,עבודה זרה,נו.,פירוש,לא,
225,תוספות ר' יהודה מפאריש (בשיטת הקדמונים) מסכת עבודה זרה,כן,עבודה זרה,נו.,פירוש,לא,
227,תוספות ר' יהודה מפאריש (בשיטת הקדמונים) מסכת עבודה זרה,כן,עבודה זרה,נו:,פירוש,לא,
228,תוספות ר' יהודה מפאריש (בשיטת הקדמונים) מסכת עבודה זרה,כן,עבודה זרה,נו:,פירוש,לא,
229,תוספות ר' יהודה מפאריש (בשיטת הקדמונים) מסכת עבודה זרה,כן,עבודה זרה,נו:,פירוש,לא,
230,תוספות ר' יהודה מפאריש (בשיטת הקדמונים) מסכת עבודה זרה,כן,עבודה זרה,נו:,פירוש,לא,
231,תוספות ר' יהודה מפאריש (בשיטת הקדמונים) מסכת עבודה זרה,כן,עבודה זרה,נו:,פירוש,לא,
233,תוספות ר' יהודה מפאריש (בשיטת הקדמונים) מסכת עבודה זרה,כן,עבודה זרה,נז.,פירוש,לא,
234,תוספות ר' יהודה מפאריש (בשיטת הקדמונים) מסכת עבודה זרה,כן,עבודה זרה,נז.,פירוש,לא,
235,תוספות ר' יהודה מפאריש (בשיטת הקדמונים) מסכת עבודה זרה,כן,עבודה זרה,נז.,פירוש,לא,
236,תוספות ר' יהודה מפאריש (בשיטת הקדמונים) מסכת עבודה זרה,כן,עבודה זרה,נז.,פירוש,לא,
237,תוספות ר' יהודה מפאריש (בשיטת הקדמונים) מסכת עבודה זרה,כן,עבודה זרה,נז.,פירוש,לא,
238,תוספות ר' יהודה מפאריש (בשיטת הקדמונים) מסכת עבודה זרה,כן,עבודה זרה,נז.,פירוש,לא,
239,תוספות ר' יהודה מפאריש (בשיטת הקדמונים) מסכת עבודה זרה,כן,עבודה זרה,נז.,פירוש,לא,
240,תוספות ר' יהודה מפאריש (בשיטת הקדמונים) מסכת עבודה זרה,כן,עבודה זרה,נז.,פירוש,לא,
241,תוספות ר' יהודה מפאריש (בשיטת הקדמונים) מסכת עבודה זרה,כן,עבודה זרה,נז.,פירוש,לא,
242,תוספות ר' יהודה מפאריש (בשיטת הקדמונים) מסכת עבודה זרה,כן,עבודה זרה,נז.,פירוש,לא,
244,תוספות ר' יהודה מפאריש (בשיטת הקדמונים) מסכת עבודה זרה,כן,עבודה זרה,נז:,פירוש,לא,
245,תוספות ר' יהודה מפאריש (בשיטת הקדמונים) מסכת עבודה זרה,כן,עבודה זרה,נז:,פירוש,לא,
246,תוספות ר' יהודה מפאריש (בשיטת הקדמונים) מסכת עבודה זרה,כן,עבודה זרה,נז:,פירוש,לא,
248,תוספות ר' יהודה מפאריש (בשיטת הקדמונים) מסכת עבודה זרה,כן,עבודה זרה,נח.,פירוש,לא,
249,תוספות ר' יהודה מפאריש (בשיטת הקדמונים) מסכת עבודה זרה,כן,עבודה זרה,נח.,פירוש,לא,
250,תוספות ר' יהודה מפאריש (בשיטת הקדמונים) מסכת עבודה זרה,כן,עבודה זרה,נח.,פירוש,לא,
252,תוספות ר' יהודה מפאריש (בשיטת הקדמונים) מסכת עבודה זרה,כן,עבודה זרה,נח:,פירוש,לא,
253,תוספות ר' יהודה מפאריש (בשיטת הקדמונים) מסכת עבודה זרה,כן,עבודה זרה,נח:,פירוש,לא,
254,תוספות ר' יהודה מפאריש (בשיטת הקדמונים) מסכת עבודה זרה,כן,עבודה זרה,נח:,פירוש,לא,
255,תוספות ר' יהודה מפאריש (בשיטת הקדמונים) מסכת עבודה זרה,כן,עבודה זרה,נח:,פירוש,לא,
256,תוספות ר' יהודה מפאריש (בשיטת הקדמונים) מסכת עבודה זרה,כן,עבודה זרה,נח:,פירוש,לא,
257,תוספות ר' יהודה מפאריש (בשיטת הקדמונים) מסכת עבודה זרה,כן,עבודה זרה,נח:,פירוש,לא,
259,תוספות ר' יהודה מפאריש (בשיטת הקדמונים) מסכת עבודה זרה,כן,עבודה זרה,נט.,פירוש,לא,
260,תוספות ר' יהודה מפאריש (בשיטת הקדמונים) מסכת עבודה זרה,כן,עבודה זרה,נט.,פירוש,לא,
261,תוספות ר' יהודה מפאריש (בשיטת הקדמונים) מסכת עבודה זרה,כן,עבודה זרה,נט.,פירוש,לא,
262,תוספות ר' יהודה מפאריש (בשיטת הקדמונים) מסכת עבודה זרה,כן,עבודה זרה,נט.,פירוש,לא,
263,תוספות ר' יהודה מפאריש (בשיטת הקדמונים) מסכת עבודה זרה,כן,עבודה זרה,נט.,פירוש,לא,
264,תוספות ר' יהודה מפאריש (בשיטת הקדמונים) מסכת עבודה זרה,כן,עבודה זרה,נט.,פירוש,לא,
266,תוספות ר' יהודה מפאריש (בשיטת הקדמונים) מסכת עבודה זרה,כן,עבודה זרה,נט:,פירוש,לא,
267,תוספות ר' יהודה מפאריש (בשיטת הקדמונים) מסכת עבודה זרה,כן,עבודה זרה,נט:,פירוש,לא,
268,תוספות ר' יהודה מפאריש (בשיטת הקדמונים) מסכת עבודה זרה,כן,עבודה זרה,נט:,פירוש,לא,
269,תוספות ר' יהודה מפאריש (בשיטת הקדמונים) מסכת עבודה זרה,כן,עבודה זרה,נט:,פירוש,לא,
271,תוספות ר' יהודה מפאריש (בשיטת הקדמונים) מסכת עבודה זרה,כן,עבודה זרה,ס.,פירוש,לא,
272,תוספות ר' יהודה מפאריש (בשיטת הקדמונים) מסכת עבודה זרה,כן,עבודה זרה,ס.,פירוש,לא,
273,תוספות ר' יהודה מפאריש (בשיטת הקדמונים) מסכת עבודה זרה,כן,עבודה זרה,ס.,פירוש,לא,
274,תוספות ר' יהודה מפאריש (בשיטת הקדמונים) מסכת עבודה זרה,כן,עבודה זרה,ס.,פירוש,לא,
275,תוספות ר' יהודה מפאריש (בשיטת הקדמונים) מסכת עבודה זרה,כן,עבודה זרה,ס.,פירוש,לא,
276,תוספות ר' יהודה מפאריש (בשיטת הקדמונים) מסכת עבודה זרה,כן,עבודה זרה,ס.,פירוש,לא,
277,תוספות ר' יהודה מפאריש (בשיטת הקדמונים) מסכת עבודה זרה,כן,עבודה זרה,ס.,פירוש,לא,
278,תוספות ר' יהודה מפאריש (בשיטת הקדמונים) מסכת עבודה זרה,כן,עבודה זרה,ס.,פירוש,לא,
280,תוספות ר' יהודה מפאריש (בשיטת הקדמונים) מסכת עבודה זרה,כן,עבודה זרה,ס:,פירוש,לא,
282,תוספות ר' יהודה מפאריש (בשיטת הקדמונים) מסכת עבודה זרה,כן,עבודה זרה,סא.,פירוש,לא,
283,תוספות ר' יהודה מפאריש (בשיטת הקדמונים) מסכת עבודה זרה,כן,עבודה זרה,סא.,פירוש,לא,
284,תוספות ר' יהודה מפאריש (בשיטת הקדמונים) מסכת עבודה זרה,כן,עבודה זרה,סא.,פירוש,לא,
286,תוספות ר' יהודה מפאריש (בשיטת הקדמונים) מסכת עבודה זרה,כן,עבודה זרה,סא:,פירוש,לא,
287,תוספות ר' יהודה מפאריש (בשיטת הקדמונים) מסכת עבודה זרה,כן,עבודה זרה,סא:,פירוש,לא,
288,תוספות ר' יהודה מפאריש (בשיטת הקדמונים) מסכת עבודה זרה,כן,עבודה זרה,סא:,פירוש,לא,
289,תוספות ר' יהודה מפאריש (בשיטת הקדמונים) מסכת עבודה זרה,כן,עבודה זרה,סא:,פירוש,לא,
290,תוספות ר' יהודה מפאריש (בשיטת הקדמונים) מסכת עבודה זרה,כן,עבודה זרה,סא:,פירוש,לא,
291,תוספות ר' יהודה מפאריש (בשיטת הקדמונים) מסכת עבודה זרה,כן,עבודה זרה,סא:,פירוש,לא,
292,תוספות ר' יהודה מפאריש (בשיטת הקדמונים) מסכת עבודה זרה,כן,עבודה זרה,סא:,פירוש,לא,
295,תוספות ר' יהודה מפאריש (בשיטת הקדמונים) מסכת עבודה זרה,כן,עבודה זרה,סב.,פירוש,לא,
296,תוספות ר' יהודה מפאריש (בשיטת הקדמונים) מסכת עבודה זרה,כן,עבודה זרה,סב.,פירוש,לא,
297,תוספות ר' יהודה מפאריש (בשיטת הקדמונים) מסכת עבודה זרה,כן,עבודה זרה,סב.,פירוש,לא,
298,תוספות ר' יהודה מפאריש (בשיטת הקדמונים) מסכת עבודה זרה,כן,עבודה זרה,סב.,פירוש,לא,
299,תוספות ר' יהודה מפאריש (בשיטת הקדמונים) מסכת עבודה זרה,כן,עבודה זרה,סב.,פירוש,לא,
300,תוספות ר' יהודה מפאריש (בשיטת הקדמונים) מסכת עבודה זרה,כן,עבודה זרה,סב.,פירוש,לא,
301,תוספות ר' יהודה מפאריש (בשיטת הקדמונים) מסכת עבודה זרה,כן,עבודה זרה,סב.,פירוש,לא,
303,תוספות ר' יהודה מפאריש (בשיטת הקדמונים) מסכת עבודה זרה,כן,עבודה זרה,סב:,פירוש,לא,
304,תוספות ר' יהודה מפאריש (בשיטת הקדמונים) מסכת עבודה זרה,כן,עבודה זרה,סב:,פירוש,לא,
305,תוספות ר' יהודה מפאריש (בשיטת הקדמונים) מסכת עבודה זרה,כן,עבודה זרה,סב:,פירוש,לא,
306,תוספות ר' יהודה מפאריש (בשיטת הקדמונים) מסכת עבודה זרה,כן,עבודה זרה,סב:,פירוש,לא,
307,תוספות ר' יהודה מפאריש (בשיטת הקדמונים) מסכת עבודה זרה,כן,עבודה זרה,סב:,פירוש,לא,
308,תוספות ר' יהודה מפאריש (בשיטת הקדמונים) מסכת עבודה זרה,כן,עבודה זרה,סב:,פירוש,לא,
309,תוספות ר' יהודה מפאריש (בשיטת הקדמונים) מסכת עבודה זרה,כן,עבודה זרה,סב:,פירוש,לא,
310,תוספות ר' יהודה מפאריש (בשיטת הקדמונים) מסכת עבודה זרה,כן,עבודה זרה,סב:,פירוש,לא,
311,תוספות ר' יהודה מפאריש (בשיטת הקדמונים) מסכת עבודה זרה,כן,עבודה זרה,סב:,פירוש,לא,
312,תוספות ר' יהודה מפאריש (בשיטת הקדמונים) מסכת עבודה זרה,כן,עבודה זרה,סב:,פירוש,לא,
313,תוספות ר' יהודה מפאריש (בשיטת הקדמונים) מסכת עבודה זרה,כן,עבודה זרה,סב:,פירוש,לא,
315,תוספות ר' יהודה מפאריש (בשיטת הקדמונים) מסכת עבודה זרה,כן,עבודה זרה,סג.,פירוש,לא,
316,תוספות ר' יהודה מפאריש (בשיטת הקדמונים) מסכת עבודה זרה,כן,עבודה זרה,סג.,פירוש,לא,
317,תוספות ר' יהודה מפאריש (בשיטת הקדמונים) מסכת עבודה זרה,כן,עבודה זרה,סג.,פירוש,לא,
318,תוספות ר' יהודה מפאריש (בשיטת הקדמונים) מסכת עבודה זרה,כן,עבודה זרה,סג.,פירוש,לא,
320,תוספות ר' יהודה מפאריש (בשיטת הקדמונים) מסכת עבודה זרה,כן,עבודה זרה,סג:,פירוש,לא,
321,תוספות ר' יהודה מפאריש (בשיטת הקדמונים) מסכת עבודה זרה,כן,עבודה זרה,סג:,פירוש,לא,
322,תוספות ר' יהודה מפאריש (בשיטת הקדמונים) מסכת עבודה זרה,כן,עבודה זרה,סג:,פירוש,לא,
323,תוספות ר' יהודה מפאריש (בשיטת הקדמונים) מסכת עבודה זרה,כן,עבודה זרה,סג:,פירוש,לא,
324,תוספות ר' יהודה מפאריש (בשיטת הקדמונים) מסכת עבודה זרה,כן,עבודה זרה,סג:,פירוש,לא,
326,תוספות ר' יהודה מפאריש (בשיטת הקדמונים) מסכת עבודה זרה,כן,עבודה זרה,סד.,פירוש,לא,
327,תוספות ר' יהודה מפאריש (בשיטת הקדמונים) מסכת עבודה זרה,כן,עבודה זרה,סד.,פירוש,לא,
328,תוספות ר' יהודה מפאריש (בשיטת הקדמונים) מסכת עבודה זרה,כן,עבודה זרה,סד.,פירוש,לא,
329,תוספות ר' יהודה מפאריש (בשיטת הקדמונים) מסכת עבודה זרה,כן,עבודה זרה,סד.,פירוש,לא,
331,תוספות ר' יהודה מפאריש (בשיטת הקדמונים) מסכת עבודה זרה,כן,עבודה זרה,סד:,פירוש,לא,
332,תוספות ר' יהודה מפאריש (בשיטת הקדמונים) מסכת עבודה זרה,כן,עבודה זרה,סד:,פירוש,לא,
333,תוספות ר' יהודה מפאריש (בשיטת הקדמונים) מסכת עבודה זרה,כן,עבודה זרה,סד:,פירוש,לא,
334,תוספות ר' יהודה מפאריש (בשיטת הקדמונים) מסכת עבודה זרה,כן,עבודה זרה,סד:,פירוש,לא,
335,תוספות ר' יהודה מפאריש (בשיטת הקדמונים) מסכת עבודה זרה,כן,עבודה זרה,סד:,פירוש,לא,
336,תוספות ר' יהודה מפאריש (בשיטת הקדמונים) מסכת עבודה זרה,כן,עבודה זרה,סד:,פירוש,לא,
338,תוספות ר' יהודה מפאריש (בשיטת הקדמונים) מסכת עבודה זרה,כן,עבודה זרה,סה.,פירוש,לא,
339,תוספות ר' יהודה מפאריש (בשיטת הקדמונים) מסכת עבודה זרה,כן,עבודה זרה,סה.,פירוש,לא,
341,תוספות ר' יהודה מפאריש (בשיטת הקדמונים) מסכת עבודה זרה,כן,עבודה זרה,סה:,פירוש,לא,
342,תוספות ר' יהודה מפאריש (בשיטת הקדמונים) מסכת עבודה זרה,כן,עבודה זרה,סה:,פירוש,לא,
343,תוספות ר' יהודה מפאריש (בשיטת הקדמונים) מסכת עבודה זרה,כן,עבודה זרה,סה:,פירוש,לא,
344,תוספות ר' יהודה מפאריש (בשיטת הקדמונים) מסכת עבודה זרה,כן,עבודה זרה,סה:,פירוש,לא,
345,תוספות ר' יהודה מפאריש (בשיטת הקדמונים) מסכת עבודה זרה,כן,עבודה זרה,סה:,פירוש,לא,
346,תוספות ר' יהודה מפאריש (בשיטת הקדמונים) מסכת עבודה זרה,כן,עבודה זרה,סה:,פירוש,לא,
347,תוספות ר' יהודה מפאריש (בשיטת הקדמונים) מסכת עבודה זרה,כן,עבודה זרה,סה:,פירוש,לא,
349,תוספות ר' יהודה מפאריש (בשיטת הקדמונים) מסכת עבודה זרה,כן,עבודה זרה,סו.,פירוש,לא,
350,תוספות ר' יהודה מפאריש (בשיטת הקדמונים) מסכת עבודה זרה,כן,עבודה זרה,סו.,פירוש,לא,
351,תוספות ר' יהודה מפאריש (בשיטת הקדמונים) מסכת עבודה זרה,כן,עבודה זרה,סו.,פירוש,לא,
352,תוספות ר' יהודה מפאריש (בשיטת הקדמונים) מסכת עבודה זרה,כן,עבודה זרה,סו.,פירוש,לא,
353,תוספות ר' יהודה מפאריש (בשיטת הקדמונים) מסכת עבודה זרה,כן,עבודה זרה,סו.,פירוש,לא,
354,תוספות ר' יהודה מפאריש (בשיטת הקדמונים) מסכת עבודה זרה,כן,עבודה זרה,סו.,פירוש,לא,
356,תוספות ר' יהודה מפאריש (בשיטת הקדמונים) מסכת עבודה זרה,כן,עבודה זרה,סו:,פירוש,לא,
357,תוספות ר' יהודה מפאריש (בשיטת הקדמונים) מסכת עבודה זרה,כן,עבודה זרה,סו:,פירוש,לא,
358,תוספות ר' יהודה מפאריש (בשיטת הקדמונים) מסכת עבודה זרה,כן,עבודה זרה,סו:,פירוש,לא,
360,תוספות ר' יהודה מפאריש (בשיטת הקדמונים) מסכת עבודה זרה,כן,עבודה זרה,סז.,פירוש,לא,
361,תוספות ר' יהודה מפאריש (בשיטת הקדמונים) מסכת עבודה זרה,כן,עבודה זרה,סז.,פירוש,לא,
362,תוספות ר' יהודה מפאריש (בשיטת הקדמונים) מסכת עבודה זרה,כן,עבודה זרה,סז.,פירוש,לא,
364,תוספות ר' יהודה מפאריש (בשיטת הקדמונים) מסכת עבודה זרה,כן,עבודה זרה,סז:,פירוש,לא,
365,תוספות ר' יהודה מפאריש (בשיטת הקדמונים) מסכת עבודה זרה,כן,עבודה זרה,סז:,פירוש,לא,
366,תוספות ר' יהודה מפאריש (בשיטת הקדמונים) מסכת עבודה זרה,כן,עבודה זרה,סז:,פירוש,לא,
367,תוספות ר' יהודה מפאריש (בשיטת הקדמונים) מסכת עבודה זרה,כן,עבודה זרה,סז:,פירוש,לא,
368,תוספות ר' יהודה מפאריש (בשיטת הקדמונים) מסכת עבודה זרה,כן,עבודה זרה,סז:,פירוש,לא,
369,תוספות ר' יהודה מפאריש (בשיטת הקדמונים) מסכת עבודה זרה,כן,עבודה זרה,סז:,פירוש,לא,
370,תוספות ר' יהודה מפאריש (בשיטת הקדמונים) מסכת עבודה זרה,כן,עבודה זרה,סז:,פירוש,לא,
371,תוספות ר' יהודה מפאריש (בשיטת הקדמונים) מסכת עבודה זרה,כן,עבודה זרה,סז:,פירוש,לא,
372,תוספות ר' יהודה מפאריש (בשיטת הקדמונים) מסכת עבודה זרה,כן,עבודה זרה,סז:,פירוש,לא,
373,תוספות ר' יהודה מפאריש (בשיטת הקדמונים) מסכת עבודה זרה,כן,עבודה זרה,סז:,פירוש,לא,
374,תוספות ר' יהודה מפאריש (בשיטת הקדמונים) מסכת עבודה זרה,כן,עבודה זרה,סז:,פירוש,לא,
376,תוספות ר' יהודה מפאריש (בשיטת הקדמונים) מסכת עבודה זרה,כן,עבודה זרה,סח.,פירוש,לא,
377,תוספות ר' יהודה מפאריש (בשיטת הקדמונים) מסכת עבודה זרה,כן,עבודה זרה,סח.,פירוש,לא,
378,תוספות ר' יהודה מפאריש (בשיטת הקדמונים) מסכת עבודה זרה,כן,עבודה זרה,סח.,פירוש,לא,
379,תוספות ר' יהודה מפאריש (בשיטת הקדמונים) מסכת עבודה זרה,כן,עבודה זרה,סח.,פירוש,לא,
381,תוספות ר' יהודה מפאריש (בשיטת הקדמונים) מסכת עבודה זרה,כן,עבודה זרה,סח:,פירוש,לא,
382,תוספות ר' יהודה מפאריש (בשיטת הקדמונים) מסכת עבודה זרה,כן,עבודה זרה,סח:,פירוש,לא,
383,תוספות ר' יהודה מפאריש (בשיטת הקדמונים) מסכת עבודה זרה,כן,עבודה זרה,סח:,פירוש,לא,
384,תוספות ר' יהודה מפאריש (בשיטת הקדמונים) מסכת עבודה זרה,כן,עבודה זרה,סח:,פירוש,לא,
386,תוספות ר' יהודה מפאריש (בשיטת הקדמונים) מסכת עבודה זרה,כן,עבודה זרה,סט.,פירוש,לא,
387,תוספות ר' יהודה מפאריש (בשיטת הקדמונים) מסכת עבודה זרה,כן,עבודה זרה,סט.,פירוש,לא,
388,תוספות ר' יהודה מפאריש (בשיטת הקדמונים) מסכת עבודה זרה,כן,עבודה זרה,סט.,פירוש,לא,
389,תוספות ר' יהודה מפאריש (בשיטת הקדמונים) מסכת עבודה זרה,כן,עבודה זרה,סט.,פירוש,לא,
390,תוספות ר' יהודה מפאריש (בשיטת הקדמונים) מסכת עבודה זרה,כן,עבודה זרה,סט.,פירוש,לא,
391,תוספות ר' יהודה מפאריש (בשיטת הקדמונים) מסכת עבודה זרה,כן,עבודה זרה,סט.,פירוש,לא,
392,תוספות ר' יהודה מפאריש (בשיטת הקדמונים) מסכת עבודה זרה,כן,עבודה זרה,סט.,פירוש,לא,
393,תוספות ר' יהודה מפאריש (בשיטת הקדמונים) מסכת עבודה זרה,כן,עבודה זרה,סט.,פירוש,לא,
394,תוספות ר' יהודה מפאריש (בשיטת הקדמונים) מסכת עבודה זרה,כן,עבודה זרה,סט.,פירוש,לא,
396,תוספות ר' יהודה מפאריש (בשיטת הקדמונים) מסכת עבודה זרה,כן,עבודה זרה,סט:,פירוש,לא,
397,תוספות ר' יהודה מפאריש (בשיטת הקדמונים) מסכת עבודה זרה,כן,עבודה זרה,סט:,פירוש,לא,
399,תוספות ר' יהודה מפאריש (בשיטת הקדמונים) מסכת עבודה זרה,כן,עבודה זרה,ע.,פירוש,לא,
400,תוספות ר' יהודה מפאריש (בשיטת הקדמונים) מסכת עבודה זרה,כן,עבודה זרה,ע.,פירוש,לא,
401,תוספות ר' יהודה מפאריש (בשיטת הקדמונים) מסכת עבודה זרה,כן,עבודה זרה,ע.,פירוש,לא,
402,תוספות ר' יהודה מפאריש (בשיטת הקדמונים) מסכת עבודה זרה,כן,עבודה זרה,ע.,פירוש,לא,
403,תוספות ר' יהודה מפאריש (בשיטת הקדמונים) מסכת עבודה זרה,כן,עבודה זרה,ע.,פירוש,לא,
404,תוספות ר' יהודה מפאריש (בשיטת הקדמונים) מסכת עבודה זרה,כן,עבודה זרה,ע.,פירוש,לא,
406,תוספות ר' יהודה מפאריש (בשיטת הקדמונים) מסכת עבודה זרה,כן,עבודה זרה,ע:,פירוש,לא,
407,תוספות ר' יהודה מפאריש (בשיטת הקדמונים) מסכת עבודה זרה,כן,עבודה זרה,ע:,פירוש,לא,
409,תוספות ר' יהודה מפאריש (בשיטת הקדמונים) מסכת עבודה זרה,כן,עבודה זרה,עא.,פירוש,לא,
410,תוספות ר' יהודה מפאריש (בשיטת הקדמונים) מסכת עבודה זרה,כן,עבודה זרה,עא.,פירוש,לא,
411,תוספות ר' יהודה מפאריש (בשיטת הקדמונים) מסכת עבודה זרה,כן,עבודה זרה,עא.,פירוש,לא,
412,תוספות ר' יהודה מפאריש (בשיטת הקדמונים) מסכת עבודה זרה,כן,עבודה זרה,עא.,פירוש,לא,
413,תוספות ר' יהודה מפאריש (בשיטת הקדמונים) מסכת עבודה זרה,כן,עבודה זרה,עא.,פירוש,לא,
415,תוספות ר' יהודה מפאריש (בשיטת הקדמונים) מסכת עבודה זרה,כן,עבודה זרה,עא:,פירוש,לא,
416,תוספות ר' יהודה מפאריש (בשיטת הקדמונים) מסכת עבודה זרה,כן,עבודה זרה,עא:,פירוש,לא,
417,תוספות ר' יהודה מפאריש (בשיטת הקדמונים) מסכת עבודה זרה,כן,עבודה זרה,עא:,פירוש,לא,
418,תוספות ר' יהודה מפאריש (בשיטת הקדמונים) מסכת עבודה זרה,כן,עבודה זרה,עא:,פירוש,לא,
419,תוספות ר' יהודה מפאריש (בשיטת הקדמונים) מסכת עבודה זרה,כן,עבודה זרה,עא:,פירוש,לא,
420,תוספות ר' יהודה מפאריש (בשיטת הקדמונים) מסכת עבודה זרה,כן,עבודה זרה,עא:,פירוש,לא,
421,תוספות ר' יהודה מפאריש (בשיטת הקדמונים) מסכת עבודה זרה,כן,עבודה זרה,עא:,פירוש,לא,
423,תוספות ר' יהודה מפאריש (בשיטת הקדמונים) מסכת עבודה זרה,כן,עבודה זרה,עב.,פירוש,לא,
424,תוספות ר' יהודה מפאריש (בשיטת הקדמונים) מסכת עבודה זרה,כן,עבודה זרה,עב.,פירוש,לא,
425,תוספות ר' יהודה מפאריש (בשיטת הקדמונים) מסכת עבודה זרה,כן,עבודה זרה,עב.,פירוש,לא,
426,תוספות ר' יהודה מפאריש (בשיטת הקדמונים) מסכת עבודה זרה,כן,עבודה זרה,עב.,פירוש,לא,
428,תוספות ר' יהודה מפאריש (בשיטת הקדמונים) מסכת עבודה זרה,כן,עבודה זרה,עב:,פירוש,לא,
430,תוספות ר' יהודה מפאריש (בשיטת הקדמונים) מסכת עבודה זרה,כן,עבודה זרה,עג.,פירוש,לא,
431,תוספות ר' יהודה מפאריש (בשיטת הקדמונים) מסכת עבודה זרה,כן,עבודה זרה,עג.,פירוש,לא,
432,תוספות ר' יהודה מפאריש (בשיטת הקדמונים) מסכת עבודה זרה,כן,עבודה זרה,עג.,פירוש,לא,
433,תוספות ר' יהודה מפאריש (בשיטת הקדמונים) מסכת עבודה זרה,כן,עבודה זרה,עג.,פירוש,לא,
435,תוספות ר' יהודה מפאריש (בשיטת הקדמונים) מסכת עבודה זרה,כן,עבודה זרה,עג:,פירוש,לא,
436,תוספות ר' יהודה מפאריש (בשיטת הקדמונים) מסכת עבודה זרה,כן,עבודה זרה,עג:,פירוש,לא,
437,תוספות ר' יהודה מפאריש (בשיטת הקדמונים) מסכת עבודה זרה,כן,עבודה זרה,עג:,פירוש,לא,
439,תוספות ר' יהודה מפאריש (בשיטת הקדמונים) מסכת עבודה זרה,כן,עבודה זרה,עד.,פירוש,לא,
440,תוספות ר' יהודה מפאריש (בשיטת הקדמונים) מסכת עבודה זרה,כן,עבודה זרה,עד.,פירוש,לא,
441,תוספות ר' יהודה מפאריש (בשיטת הקדמונים) מסכת עבודה זרה,כן,עבודה זרה,עד.,פירוש,לא,
442,תוספות ר' יהודה מפאריש (בשיטת הקדמונים) מסכת עבודה זרה,כן,עבודה זרה,עד.,פירוש,לא,
443,תוספות ר' יהודה מפאריש (בשיטת הקדמונים) מסכת עבודה זרה,כן,עבודה זרה,עד.,פירוש,לא,
444,תוספות ר' יהודה מפאריש (בשיטת הקדמונים) מסכת עבודה זרה,כן,עבודה זרה,עד.,פירוש,לא,
445,תוספות ר' יהודה מפאריש (בשיטת הקדמונים) מסכת עבודה זרה,כן,עבודה זרה,עד.,פירוש,לא,
446,תוספות ר' יהודה מפאריש (בשיטת הקדמונים) מסכת עבודה זרה,כן,עבודה זרה,עד.,פירוש,לא,
448,תוספות ר' יהודה מפאריש (בשיטת הקדמונים) מסכת עבודה זרה,כן,עבודה זרה,עד:,פירוש,לא,
449,תוספות ר' יהודה מפאריש (בשיטת הקדמונים) מסכת עבודה זרה,כן,עבודה זרה,עד:,פירוש,לא,
450,תוספות ר' יהודה מפאריש (בשיטת הקדמונים) מסכת עבודה זרה,כן,עבודה זרה,עד:,פירוש,לא,
451,תוספות ר' יהודה מפאריש (בשיטת הקדמונים) מסכת עבודה זרה,כן,עבודה זרה,עד:,פירוש,לא,
453,תוספות ר' יהודה מפאריש (בשיטת הקדמונים) מסכת עבודה זרה,כן,עבודה זרה,עה.,פירוש,לא,
454,תוספות ר' יהודה מפאריש (בשיטת הקדמונים) מסכת עבודה זרה,כן,עבודה זרה,עה.,פירוש,לא,
456,תוספות ר' יהודה מפאריש (בשיטת הקדמונים) מסכת עבודה זרה,כן,עבודה זרה,עה:,פירוש,לא,
457,תוספות ר' יהודה מפאריש (בשיטת הקדמונים) מסכת עבודה זרה,כן,עבודה זרה,עה:,פירוש,לא,
458,תוספות ר' יהודה מפאריש (בשיטת הקדמונים) מסכת עבודה זרה,כן,עבודה זרה,עה:,פירוש,לא,
459,תוספות ר' יהודה מפאריש (בשיטת הקדמונים) מסכת עבודה זרה,כן,עבודה זרה,עה:,פירוש,לא,
460,תוספות ר' יהודה מפאריש (בשיטת הקדמונים) מסכת עבודה זרה,כן,עבודה זרה,עה:,פירוש,לא,
461,תוספות ר' יהודה מפאריש (בשיטת הקדמונים) מסכת עבודה זרה,כן,עבודה זרה,עה:,פירוש,לא,
462,תוספות ר' יהודה מפאריש (בשיטת הקדמונים) מסכת עבודה זרה,כן,עבודה זרה,עה:,פירוש,לא,
463,תוספות ר' יהודה מפאריש (בשיטת הקדמונים) מסכת עבודה זרה,כן,עבודה זרה,עה:,פירוש,לא,
464,תוספות ר' יהודה מפאריש (בשיטת הקדמונים) מסכת עבודה זרה,כן,עבודה זרה,עה:,פירוש,לא,
465,תוספות ר' יהודה מפאריש (בשיטת הקדמונים) מסכת עבודה זרה,כן,עבודה זרה,עה:,פירוש,לא,
467,תוספות ר' יהודה מפאריש (בשיטת הקדמונים) מסכת עבודה זרה,כן,עבודה זרה,עו.,פירוש,לא,
468,תוספות ר' יהודה מפאריש (בשיטת הקדמונים) מסכת עבודה זרה,כן,עבודה זרה,עו.,פירוש,לא,
469,תוספות ר' יהודה מפאריש (בשיטת הקדמונים) מסכת עבודה זרה,כן,עבודה זרה,עו.,פירוש,לא,
470,תוספות ר' יהודה מפאריש (בשיטת הקדמונים) מסכת עבודה זרה,כן,עבודה זרה,עו.,פירוש,לא,
471,תוספות ר' יהודה מפאריש (בשיטת הקדמונים) מסכת עבודה זרה,כן,עבודה זרה,עו.,פירוש,לא,
472,תוספות ר' יהודה מפאריש (בשיטת הקדמונים) מסכת עבודה זרה,כן,עבודה זרה,עו.,פירוש,לא,
474,תוספות ר' יהודה מפאריש (בשיטת הקדמונים) מסכת עבודה זרה,כן,עבודה זרה,עו:,פירוש,לא,
475,תוספות ר' יהודה מפאריש (בשיטת הקדמונים) מסכת עבודה זרה,כן,עבודה זרה,עו:,פירוש,לא,
6,תוספות רבינו שמואל (בשיטת הקדמונים) מסכת קידושין,כן,קידושין,ב.,פירוש,לא,
7,תוספות רבינו שמואל (בשיטת הקדמונים) מסכת קידושין,כן,קידושין,ב.,פירוש,לא,
8,תוספות רבינו שמואל (בשיטת הקדמונים) מסכת קידושין,כן,קידושין,ב.,פירוש,לא,
9,תוספות רבינו שמואל (בשיטת הקדמונים) מסכת קידושין,כן,קידושין,ב.,פירוש,לא,
10,תוספות רבינו שמואל (בשיטת הקדמונים) מסכת קידושין,כן,קידושין,ב.,פירוש,לא,
11,תוספות רבינו שמואל (בשיטת הקדמונים) מסכת קידושין,כן,קידושין,ב.,פירוש,לא,
12,תוספות רבינו שמואל (בשיטת הקדמונים) מסכת קידושין,כן,קידושין,ב.,פירוש,לא,
13,תוספות רבינו שמואל (בשיטת הקדמונים) מסכת קידושין,כן,קידושין,ב.,פירוש,לא,
14,תוספות רבינו שמואל (בשיטת הקדמונים) מסכת קידושין,כן,קידושין,ב.,פירוש,לא,
16,תוספות רבינו שמואל (בשיטת הקדמונים) מסכת קידושין,כן,קידושין,ב:,פירוש,לא,
17,תוספות רבינו שמואל (בשיטת הקדמונים) מסכת קידושין,כן,קידושין,ב:,פירוש,לא,
18,תוספות רבינו שמואל (בשיטת הקדמונים) מסכת קידושין,כן,קידושין,ב:,פירוש,לא,
19,תוספות רבינו שמואל (בשיטת הקדמונים) מסכת קידושין,כן,קידושין,ב:,פירוש,לא,
20,תוספות רבינו שמואל (בשיטת הקדמונים) מסכת קידושין,כן,קידושין,ב:,פירוש,לא,
21,תוספות רבינו שמואל (בשיטת הקדמונים) מסכת קידושין,כן,קידושין,ב:,פירוש,לא,
22,תוספות רבינו שמואל (בשיטת הקדמונים) מסכת קידושין,כן,קידושין,ב:,פירוש,לא,
24,תוספות רבינו שמואל (בשיטת הקדמונים) מסכת קידושין,כן,קידושין,ג:,פירוש,לא,
26,תוספות רבינו שמואל (בשיטת הקדמונים) מסכת קידושין,כן,קידושין,ד.,פירוש,לא,
27,תוספות רבינו שמואל (בשיטת הקדמונים) מסכת קידושין,כן,קידושין,ד.,פירוש,לא,
28,תוספות רבינו שמואל (בשיטת הקדמונים) מסכת קידושין,כן,קידושין,ד.,פירוש,לא,
29,תוספות רבינו שמואל (בשיטת הקדמונים) מסכת קידושין,כן,קידושין,ד.,פירוש,לא,
30,תוספות רבינו שמואל (בשיטת הקדמונים) מסכת קידושין,כן,קידושין,ד.,פירוש,לא,
31,תוספות רבינו שמואל (בשיטת הקדמונים) מסכת קידושין,כן,קידושין,ד.,פירוש,לא,
32,תוספות רבינו שמואל (בשיטת הקדמונים) מסכת קידושין,כן,קידושין,ד.,פירוש,לא,
34,תוספות רבינו שמואל (בשיטת הקדמונים) מסכת קידושין,כן,קידושין,ד:,פירוש,לא,
35,תוספות רבינו שמואל (בשיטת הקדמונים) מסכת קידושין,כן,קידושין,ד:,פירוש,לא,
36,תוספות רבינו שמואל (בשיטת הקדמונים) מסכת קידושין,כן,קידושין,ד:,פירוש,לא,
37,תוספות רבינו שמואל (בשיטת הקדמונים) מסכת קידושין,כן,קידושין,ד:,פירוש,לא,
39,תוספות רבינו שמואל (בשיטת הקדמונים) מסכת קידושין,כן,קידושין,ה.,פירוש,לא,
40,תוספות רבינו שמואל (בשיטת הקדמונים) מסכת קידושין,כן,קידושין,ה.,פירוש,לא,
41,תוספות רבינו שמואל (בשיטת הקדמונים) מסכת קידושין,כן,קידושין,ה.,פירוש,לא,
42,תוספות רבינו שמואל (בשיטת הקדמונים) מסכת קידושין,כן,קידושין,ה.,פירוש,לא,
43,תוספות רבינו שמואל (בשיטת הקדמונים) מסכת קידושין,כן,קידושין,ה.,פירוש,לא,
44,תוספות רבינו שמואל (בשיטת הקדמונים) מסכת קידושין,כן,קידושין,ה.,פירוש,לא,
45,תוספות רבינו שמואל (בשיטת הקדמונים) מסכת קידושין,כן,קידושין,ה.,פירוש,לא,
46,תוספות רבינו שמואל (בשיטת הקדמונים) מסכת קידושין,כן,קידושין,ה.,פירוש,לא,
47,תוספות רבינו שמואל (בשיטת הקדמונים) מסכת קידושין,כן,קידושין,ה.,פירוש,לא,
49,תוספות רבינו שמואל (בשיטת הקדמונים) מסכת קידושין,כן,קידושין,ה:,פירוש,לא,
50,תוספות רבינו שמואל (בשיטת הקדמונים) מסכת קידושין,כן,קידושין,ה:,פירוש,לא,
51,תוספות רבינו שמואל (בשיטת הקדמונים) מסכת קידושין,כן,קידושין,ה:,פירוש,לא,
52,תוספות רבינו שמואל (בשיטת הקדמונים) מסכת קידושין,כן,קידושין,ה:,פירוש,לא,
53,תוספות רבינו שמואל (בשיטת הקדמונים) מסכת קידושין,כן,קידושין,ה:,פירוש,לא,
54,תוספות רבינו שמואל (בשיטת הקדמונים) מסכת קידושין,כן,קידושין,ה:,פירוש,לא,
55,תוספות רבינו שמואל (בשיטת הקדמונים) מסכת קידושין,כן,קידושין,ה:,פירוש,לא,
56,תוספות רבינו שמואל (בשיטת הקדמונים) מסכת קידושין,כן,קידושין,ה:,פירוש,לא,
58,תוספות רבינו שמואל (בשיטת הקדמונים) מסכת קידושין,כן,קידושין,ו.,פירוש,לא,
59,תוספות רבינו שמואל (בשיטת הקדמונים) מסכת קידושין,כן,קידושין,ו.,פירוש,לא,
61,תוספות רבינו שמואל (בשיטת הקדמונים) מסכת קידושין,כן,קידושין,ו:,פירוש,לא,
62,תוספות רבינו שמואל (בשיטת הקדמונים) מסכת קידושין,כן,קידושין,ו:,פירוש,לא,
63,תוספות רבינו שמואל (בשיטת הקדמונים) מסכת קידושין,כן,קידושין,ו:,פירוש,לא,
64,תוספות רבינו שמואל (בשיטת הקדמונים) מסכת קידושין,כן,קידושין,ו:,פירוש,לא,
65,תוספות רבינו שמואל (בשיטת הקדמונים) מסכת קידושין,כן,קידושין,ו:,פירוש,לא,
66,תוספות רבינו שמואל (בשיטת הקדמונים) מסכת קידושין,כן,קידושין,ו:,פירוש,לא,
68,תוספות רבינו שמואל (בשיטת הקדמונים) מסכת קידושין,כן,קידושין,ז.,פירוש,לא,
69,תוספות רבינו שמואל (בשיטת הקדמונים) מסכת קידושין,כן,קידושין,ז.,פירוש,לא,
70,תוספות רבינו שמואל (בשיטת הקדמונים) מסכת קידושין,כן,קידושין,ז.,פירוש,לא,
71,תוספות רבינו שמואל (בשיטת הקדמונים) מסכת קידושין,כן,קידושין,ז.,פירוש,לא,
72,תוספות רבינו שמואל (בשיטת הקדמונים) מסכת קידושין,כן,קידושין,ז.,פירוש,לא,
74,תוספות רבינו שמואל (בשיטת הקדמונים) מסכת קידושין,כן,קידושין,ז:,פירוש,לא,
75,תוספות רבינו שמואל (בשיטת הקדמונים) מסכת קידושין,כן,קידושין,ז:,פירוש,לא,
76,תוספות רבינו שמואל (בשיטת הקדמונים) מסכת קידושין,כן,קידושין,ז:,פירוש,לא,
77,תוספות רבינו שמואל (בשיטת הקדמונים) מסכת קידושין,כן,קידושין,ז:,פירוש,לא,
78,תוספות רבינו שמואל (בשיטת הקדמונים) מסכת קידושין,כן,קידושין,ז:,פירוש,לא,
79,תוספות רבינו שמואל (בשיטת הקדמונים) מסכת קידושין,כן,קידושין,ז:,פירוש,לא,
81,תוספות רבינו שמואל (בשיטת הקדמונים) מסכת קידושין,כן,קידושין,ח.,פירוש,לא,
82,תוספות רבינו שמואל (בשיטת הקדמונים) מסכת קידושין,כן,קידושין,ח.,פירוש,לא,
83,תוספות רבינו שמואל (בשיטת הקדמונים) מסכת קידושין,כן,קידושין,ח.,פירוש,לא,
84,תוספות רבינו שמואל (בשיטת הקדמונים) מסכת קידושין,כן,קידושין,ח.,פירוש,לא,
85,תוספות רבינו שמואל (בשיטת הקדמונים) מסכת קידושין,כן,קידושין,ח.,פירוש,לא,
87,תוספות רבינו שמואל (בשיטת הקדמונים) מסכת קידושין,כן,קידושין,ח:,פירוש,לא,
88,תוספות רבינו שמואל (בשיטת הקדמונים) מסכת קידושין,כן,קידושין,ח:,פירוש,לא,
89,תוספות רבינו שמואל (בשיטת הקדמונים) מסכת קידושין,כן,קידושין,ח:,פירוש,לא,
91,תוספות רבינו שמואל (בשיטת הקדמונים) מסכת קידושין,כן,קידושין,ט.,פירוש,לא,
92,תוספות רבינו שמואל (בשיטת הקדמונים) מסכת קידושין,כן,קידושין,ט.,פירוש,לא,
93,תוספות רבינו שמואל (בשיטת הקדמונים) מסכת קידושין,כן,קידושין,ט.,פירוש,לא,
94,תוספות רבינו שמואל (בשיטת הקדמונים) מסכת קידושין,כן,קידושין,ט.,פירוש,לא,
95,תוספות רבינו שמואל (בשיטת הקדמונים) מסכת קידושין,כן,קידושין,ט.,פירוש,לא,
97,תוספות רבינו שמואל (בשיטת הקדמונים) מסכת קידושין,כן,קידושין,ט:,פירוש,לא,
98,תוספות רבינו שמואל (בשיטת הקדמונים) מסכת קידושין,כן,קידושין,ט:,פירוש,לא,
99,תוספות רבינו שמואל (בשיטת הקדמונים) מסכת קידושין,כן,קידושין,ט:,פירוש,לא,
101,תוספות רבינו שמואל (בשיטת הקדמונים) מסכת קידושין,כן,קידושין,י.,פירוש,לא,
102,תוספות רבינו שמואל (בשיטת הקדמונים) מסכת קידושין,כן,קידושין,י.,פירוש,לא,
103,תוספות רבינו שמואל (בשיטת הקדמונים) מסכת קידושין,כן,קידושין,י.,פירוש,לא,
104,תוספות רבינו שמואל (בשיטת הקדמונים) מסכת קידושין,כן,קידושין,י.,פירוש,לא,
106,תוספות רבינו שמואל (בשיטת הקדמונים) מסכת קידושין,כן,קידושין,י:,פירוש,לא,
107,תוספות רבינו שמואל (בשיטת הקדמונים) מסכת קידושין,כן,קידושין,י:,פירוש,לא,
108,תוספות רבינו שמואל (בשיטת הקדמונים) מסכת קידושין,כן,קידושין,י:,פירוש,לא,
110,תוספות רבינו שמואל (בשיטת הקדמונים) מסכת קידושין,כן,קידושין,יא.,פירוש,לא,
111,תוספות רבינו שמואל (בשיטת הקדמונים) מסכת קידושין,כן,קידושין,יא.,פירוש,לא,
112,תוספות רבינו שמואל (בשיטת הקדמונים) מסכת קידושין,כן,קידושין,יא.,פירוש,לא,
114,תוספות רבינו שמואל (בשיטת הקדמונים) מסכת קידושין,כן,קידושין,יא:,פירוש,לא,
115,תוספות רבינו שמואל (בשיטת הקדמונים) מסכת קידושין,כן,קידושין,יא:,פירוש,לא,
116,תוספות רבינו שמואל (בשיטת הקדמונים) מסכת קידושין,כן,קידושין,יא:,פירוש,לא,
117,תוספות רבינו שמואל (בשיטת הקדמונים) מסכת קידושין,כן,קידושין,יא:,פירוש,לא,
119,תוספות רבינו שמואל (בשיטת הקדמונים) מסכת קידושין,כן,קידושין,יב.,פירוש,לא,
120,תוספות רבינו שמואל (בשיטת הקדמונים) מסכת קידושין,כן,קידושין,יב.,פירוש,לא,
122,תוספות רבינו שמואל (בשיטת הקדמונים) מסכת קידושין,כן,קידושין,יב:,פירוש,לא,
123,תוספות רבינו שמואל (בשיטת הקדמונים) מסכת קידושין,כן,קידושין,יב:,פירוש,לא,
124,תוספות רבינו שמואל (בשיטת הקדמונים) מסכת קידושין,כן,קידושין,יב:,פירוש,לא,
125,תוספות רבינו שמואל (בשיטת הקדמונים) מסכת קידושין,כן,קידושין,יב:,פירוש,לא,
126,תוספות רבינו שמואל (בשיטת הקדמונים) מסכת קידושין,כן,קידושין,יב:,פירוש,לא,
127,תוספות רבינו שמואל (בשיטת הקדמונים) מסכת קידושין,כן,קידושין,יב:,פירוש,לא,
129,תוספות רבינו שמואל (בשיטת הקדמונים) מסכת קידושין,כן,קידושין,יג.,פירוש,לא,
131,תוספות רבינו שמואל (בשיטת הקדמונים) מסכת קידושין,כן,קידושין,יג:,פירוש,לא,
132,תוספות רבינו שמואל (בשיטת הקדמונים) מסכת קידושין,כן,קידושין,יג:,פירוש,לא,
133,תוספות רבינו שמואל (בשיטת הקדמונים) מסכת קידושין,כן,קידושין,יג:,פירוש,לא,
134,תוספות רבינו שמואל (בשיטת הקדמונים) מסכת קידושין,כן,קידושין,יג:,פירוש,לא,
135,תוספות רבינו שמואל (בשיטת הקדמונים) מסכת קידושין,כן,קידושין,יג:,פירוש,לא,
136,תוספות רבינו שמואל (בשיטת הקדמונים) מסכת קידושין,כן,קידושין,יג:,פירוש,לא,
137,תוספות רבינו שמואל (בשיטת הקדמונים) מסכת קידושין,כן,קידושין,יג:,פירוש,לא,
138,תוספות רבינו שמואל (בשיטת הקדמונים) מסכת קידושין,כן,קידושין,יג:,פירוש,לא,
140,תוספות רבינו שמואל (בשיטת הקדמונים) מסכת קידושין,כן,קידושין,יד.,פירוש,לא,
141,תוספות רבינו שמואל (בשיטת הקדמונים) מסכת קידושין,כן,קידושין,יד.,פירוש,לא,
142,תוספות רבינו שמואל (בשיטת הקדמונים) מסכת קידושין,כן,קידושין,יד.,פירוש,לא,
143,תוספות רבינו שמואל (בשיטת הקדמונים) מסכת קידושין,כן,קידושין,יד.,פירוש,לא,
144,תוספות רבינו שמואל (בשיטת הקדמונים) מסכת קידושין,כן,קידושין,יד.,פירוש,לא,
145,תוספות רבינו שמואל (בשיטת הקדמונים) מסכת קידושין,כן,קידושין,יד.,פירוש,לא,
146,תוספות רבינו שמואל (בשיטת הקדמונים) מסכת קידושין,כן,קידושין,יד.,פירוש,לא,
147,תוספות רבינו שמואל (בשיטת הקדמונים) מסכת קידושין,כן,קידושין,יד.,פירוש,לא,
148,תוספות רבינו שמואל (בשיטת הקדמונים) מסכת קידושין,כן,קידושין,יד.,פירוש,לא,
150,תוספות רבינו שמואל (בשיטת הקדמונים) מסכת קידושין,כן,קידושין,יד:,פירוש,לא,
151,תוספות רבינו שמואל (בשיטת הקדמונים) מסכת קידושין,כן,קידושין,יד:,פירוש,לא,
152,תוספות רבינו שמואל (בשיטת הקדמונים) מסכת קידושין,כן,קידושין,יד:,פירוש,לא,
153,תוספות רבינו שמואל (בשיטת הקדמונים) מסכת קידושין,כן,קידושין,יד:,פירוש,לא,
155,תוספות רבינו שמואל (בשיטת הקדמונים) מסכת קידושין,כן,קידושין,טו.,פירוש,לא,
156,תוספות רבינו שמואל (בשיטת הקדמונים) מסכת קידושין,כן,קידושין,טו.,פירוש,לא,
157,תוספות רבינו שמואל (בשיטת הקדמונים) מסכת קידושין,כן,קידושין,טו.,פירוש,לא,
158,תוספות רבינו שמואל (בשיטת הקדמונים) מסכת קידושין,כן,קידושין,טו.,פירוש,לא,
159,תוספות רבינו שמואל (בשיטת הקדמונים) מסכת קידושין,כן,קידושין,טו.,פירוש,לא,
161,תוספות רבינו שמואל (בשיטת הקדמונים) מסכת קידושין,כן,קידושין,טו:,פירוש,לא,
162,תוספות רבינו שמואל (בשיטת הקדמונים) מסכת קידושין,כן,קידושין,טו:,פירוש,לא,
164,תוספות רבינו שמואל (בשיטת הקדמונים) מסכת קידושין,כן,קידושין,טז.,פירוש,לא,
165,תוספות רבינו שמואל (בשיטת הקדמונים) מסכת קידושין,כן,קידושין,טז.,פירוש,לא,
166,תוספות רבינו שמואל (בשיטת הקדמונים) מסכת קידושין,כן,קידושין,טז.,פירוש,לא,
167,תוספות רבינו שמואל (בשיטת הקדמונים) מסכת קידושין,כן,קידושין,טז.,פירוש,לא,
168,תוספות רבינו שמואל (בשיטת הקדמונים) מסכת קידושין,כן,קידושין,טז.,פירוש,לא,
169,תוספות רבינו שמואל (בשיטת הקדמונים) מסכת קידושין,כן,קידושין,טז.,פירוש,לא,
171,תוספות רבינו שמואל (בשיטת הקדמונים) מסכת קידושין,כן,קידושין,טז:,פירוש,לא,
172,תוספות רבינו שמואל (בשיטת הקדמונים) מסכת קידושין,כן,קידושין,טז:,פירוש,לא,
173,תוספות רבינו שמואל (בשיטת הקדמונים) מסכת קידושין,כן,קידושין,טז:,פירוש,לא,
174,תוספות רבינו שמואל (בשיטת הקדמונים) מסכת קידושין,כן,קידושין,טז:,פירוש,לא,
175,תוספות רבינו שמואל (בשיטת הקדמונים) מסכת קידושין,כן,קידושין,טז:,פירוש,לא,
176,תוספות רבינו שמואל (בשיטת הקדמונים) מסכת קידושין,כן,קידושין,טז:,פירוש,לא,
177,תוספות רבינו שמואל (בשיטת הקדמונים) מסכת קידושין,כן,קידושין,טז:,פירוש,לא,
179,תוספות רבינו שמואל (בשיטת הקדמונים) מסכת קידושין,כן,קידושין,יז.,פירוש,לא,
180,תוספות רבינו שמואל (בשיטת הקדמונים) מסכת קידושין,כן,קידושין,יז.,פירוש,לא,
181,תוספות רבינו שמואל (בשיטת הקדמונים) מסכת קידושין,כן,קידושין,יז.,פירוש,לא,
183,תוספות רבינו שמואל (בשיטת הקדמונים) מסכת קידושין,כן,קידושין,יז:,פירוש,לא,
184,תוספות רבינו שמואל (בשיטת הקדמונים) מסכת קידושין,כן,קידושין,יז:,פירוש,לא,
185,תוספות רבינו שמואל (בשיטת הקדמונים) מסכת קידושין,כן,קידושין,יז:,פירוש,לא,
186,תוספות רבינו שמואל (בשיטת הקדמונים) מסכת קידושין,כן,קידושין,יז:,פירוש,לא,
187,תוספות רבינו שמואל (בשיטת הקדמונים) מסכת קידושין,כן,קידושין,יז:,פירוש,לא,
188,תוספות רבינו שמואל (בשיטת הקדמונים) מסכת קידושין,כן,קידושין,יז:,פירוש,לא,
189,תוספות רבינו שמואל (בשיטת הקדמונים) מסכת קידושין,כן,קידושין,יז:,פירוש,לא,
191,תוספות רבינו שמואל (בשיטת הקדמונים) מסכת קידושין,כן,קידושין,יח.,פירוש,לא,
192,תוספות רבינו שמואל (בשיטת הקדמונים) מסכת קידושין,כן,קידושין,יח.,פירוש,לא,
193,תוספות רבינו שמואל (בשיטת הקדמונים) מסכת קידושין,כן,קידושין,יח.,פירוש,לא,
195,תוספות רבינו שמואל (בשיטת הקדמונים) מסכת קידושין,כן,קידושין,יח:,פירוש,לא,
197,תוספות רבינו שמואל (בשיטת הקדמונים) מסכת קידושין,כן,קידושין,יט.,פירוש,לא,
198,תוספות רבינו שמואל (בשיטת הקדמונים) מסכת קידושין,כן,קידושין,יט.,פירוש,לא,
199,תוספות רבינו שמואל (בשיטת הקדמונים) מסכת קידושין,כן,קידושין,יט.,פירוש,לא,
200,תוספות רבינו שמואל (בשיטת הקדמונים) מסכת קידושין,כן,קידושין,יט.,פירוש,לא,
201,תוספות רבינו שמואל (בשיטת הקדמונים) מסכת קידושין,כן,קידושין,יט.,פירוש,לא,
203,תוספות רבינו שמואל (בשיטת הקדמונים) מסכת קידושין,כן,קידושין,יט:,פירוש,לא,
204,תוספות רבינו שמואל (בשיטת הקדמונים) מסכת קידושין,כן,קידושין,יט:,פירוש,לא,
205,תוספות רבינו שמואל (בשיטת הקדמונים) מסכת קידושין,כן,קידושין,יט:,פירוש,לא,
206,תוספות רבינו שמואל (בשיטת הקדמונים) מסכת קידושין,כן,קידושין,יט:,פירוש,לא,
208,תוספות רבינו שמואל (בשיטת הקדמונים) מסכת קידושין,כן,קידושין,כ.,פירוש,לא,
209,תוספות רבינו שמואל (בשיטת הקדמונים) מסכת קידושין,כן,קידושין,כ.,פירוש,לא,
210,תוספות רבינו שמואל (בשיטת הקדמונים) מסכת קידושין,כן,קידושין,כ.,פירוש,לא,
211,תוספות רבינו שמואל (בשיטת הקדמונים) מסכת קידושין,כן,קידושין,כ.,פירוש,לא,
213,תוספות רבינו שמואל (בשיטת הקדמונים) מסכת קידושין,כן,קידושין,כ:,פירוש,לא,
214,תוספות רבינו שמואל (בשיטת הקדמונים) מסכת קידושין,כן,קידושין,כ:,פירוש,לא,
216,תוספות רבינו שמואל (בשיטת הקדמונים) מסכת קידושין,כן,קידושין,כא.,פירוש,לא,
217,תוספות רבינו שמואל (בשיטת הקדמונים) מסכת קידושין,כן,קידושין,כא.,פירוש,לא,
218,תוספות רבינו שמואל (בשיטת הקדמונים) מסכת קידושין,כן,קידושין,כא.,פירוש,לא,
220,תוספות רבינו שמואל (בשיטת הקדמונים) מסכת קידושין,כן,קידושין,כא:,פירוש,לא,
221,תוספות רבינו שמואל (בשיטת הקדמונים) מסכת קידושין,כן,קידושין,כא:,פירוש,לא,
222,תוספות רבינו שמואל (בשיטת הקדמונים) מסכת קידושין,כן,קידושין,כא:,פירוש,לא,
223,תוספות רבינו שמואל (בשיטת הקדמונים) מסכת קידושין,כן,קידושין,כא:,פירוש,לא,
224,תוספות רבינו שמואל (בשיטת הקדמונים) מסכת קידושין,כן,קידושין,כא:,פירוש,לא,
225,תוספות רבינו שמואל (בשיטת הקדמונים) מסכת קידושין,כן,קידושין,כא:,פירוש,לא,
226,תוספות רבינו שמואל (בשיטת הקדמונים) מסכת קידושין,כן,קידושין,כא:,פירוש,לא,
228,תוספות רבינו שמואל (בשיטת הקדמונים) מסכת קידושין,כן,קידושין,כב.,פירוש,לא,
229,תוספות רבינו שמואל (בשיטת הקדמונים) מסכת קידושין,כן,קידושין,כב.,פירוש,לא,
231,תוספות רבינו שמואל (בשיטת הקדמונים) מסכת קידושין,כן,קידושין,כב:,פירוש,לא,
232,תוספות רבינו שמואל (בשיטת הקדמונים) מסכת קידושין,כן,קידושין,כב:,פירוש,לא,
233,תוספות רבינו שמואל (בשיטת הקדמונים) מסכת קידושין,כן,קידושין,כב:,פירוש,לא,
235,תוספות רבינו שמואל (בשיטת הקדמונים) מסכת קידושין,כן,קידושין,כג.,פירוש,לא,
236,תוספות רבינו שמואל (בשיטת הקדמונים) מסכת קידושין,כן,קידושין,כג.,פירוש,לא,
237,תוספות רבינו שמואל (בשיטת הקדמונים) מסכת קידושין,כן,קידושין,כג.,פירוש,לא,
238,תוספות רבינו שמואל (בשיטת הקדמונים) מסכת קידושין,כן,קידושין,כג.,פירוש,לא,
240,תוספות רבינו שמואל (בשיטת הקדמונים) מסכת קידושין,כן,קידושין,כג:,פירוש,לא,
241,תוספות רבינו שמואל (בשיטת הקדמונים) מסכת קידושין,כן,קידושין,כג:,פירוש,לא,
242,תוספות רבינו שמואל (בשיטת הקדמונים) מסכת קידושין,כן,קידושין,כג:,פירוש,לא,
243,תוספות רבינו שמואל (בשיטת הקדמונים) מסכת קידושין,כן,קידושין,כג:,פירוש,לא,
244,תוספות רבינו שמואל (בשיטת הקדמונים) מסכת קידושין,כן,קידושין,כג:,פירוש,לא,
245,תוספות רבינו שמואל (בשיטת הקדמונים) מסכת קידושין,כן,קידושין,כג:,פירוש,לא,
247,תוספות רבינו שמואל (בשיטת הקדמונים) מסכת קידושין,כן,קידושין,כד.,פירוש,לא,
249,תוספות רבינו שמואל (בשיטת הקדמונים) מסכת קידושין,כן,קידושין,כד:,פירוש,לא,
250,תוספות רבינו שמואל (בשיטת הקדמונים) מסכת קידושין,כן,קידושין,כד:,פירוש,לא,
251,תוספות רבינו שמואל (בשיטת הקדמונים) מסכת קידושין,כן,קידושין,כד:,פירוש,לא,
252,תוספות רבינו שמואל (בשיטת הקדמונים) מסכת קידושין,כן,קידושין,כד:,פירוש,לא,
253,תוספות רבינו שמואל (בשיטת הקדמונים) מסכת קידושין,כן,קידושין,כד:,פירוש,לא,
255,תוספות רבינו שמואל (בשיטת הקדמונים) מסכת קידושין,כן,קידושין,כה.,פירוש,לא,
256,תוספות רבינו שמואל (בשיטת הקדמונים) מסכת קידושין,כן,קידושין,כה.,פירוש,לא,
257,תוספות רבינו שמואל (בשיטת הקדמונים) מסכת קידושין,כן,קידושין,כה.,פירוש,לא,
258,תוספות רבינו שמואל (בשיטת הקדמונים) מסכת קידושין,כן,קידושין,כה.,פירוש,לא,
259,תוספות רבינו שמואל (בשיטת הקדמונים) מסכת קידושין,כן,קידושין,כה.,פירוש,לא,
260,תוספות רבינו שמואל (בשיטת הקדמונים) מסכת קידושין,כן,קידושין,כה.,פירוש,לא,
262,תוספות רבינו שמואל (בשיטת הקדמונים) מסכת קידושין,כן,קידושין,כה:,פירוש,לא,
263,תוספות רבינו שמואל (בשיטת הקדמונים) מסכת קידושין,כן,קידושין,כה:,פירוש,לא,
264,תוספות רבינו שמואל (בשיטת הקדמונים) מסכת קידושין,כן,קידושין,כה:,פירוש,לא,
266,תוספות רבינו שמואל (בשיטת הקדמונים) מסכת קידושין,כן,קידושין,כו.,פירוש,לא,
267,תוספות רבינו שמואל (בשיטת הקדמונים) מסכת קידושין,כן,קידושין,כו.,פירוש,לא,
268,תוספות רבינו שמואל (בשיטת הקדמונים) מסכת קידושין,כן,קידושין,כו.,פירוש,לא,
269,תוספות רבינו שמואל (בשיטת הקדמונים) מסכת קידושין,כן,קידושין,כו.,פירוש,לא,
270,תוספות רבינו שמואל (בשיטת הקדמונים) מסכת קידושין,כן,קידושין,כו.,פירוש,לא,
271,תוספות רבינו שמואל (בשיטת הקדמונים) מסכת קידושין,כן,קידושין,כו.,פירוש,לא,
272,תוספות רבינו שמואל (בשיטת הקדמונים) מסכת קידושין,כן,קידושין,כו.,פירוש,לא,
274,תוספות רבינו שמואל (בשיטת הקדמונים) מסכת קידושין,כן,קידושין,כו:,פירוש,לא,
275,תוספות רבינו שמואל (בשיטת הקדמונים) מסכת קידושין,כן,קידושין,כו:,פירוש,לא,
276,תוספות רבינו שמואל (בשיטת הקדמונים) מסכת קידושין,כן,קידושין,כו:,פירוש,לא,
277,תוספות רבינו שמואל (בשיטת הקדמונים) מסכת קידושין,כן,קידושין,כו:,פירוש,לא,
279,תוספות רבינו שמואל (בשיטת הקדמונים) מסכת קידושין,כן,קידושין,כז.,פירוש,לא,
280,תוספות רבינו שמואל (בשיטת הקדמונים) מסכת קידושין,כן,קידושין,כז.,פירוש,לא,
281,תוספות רבינו שמואל (בשיטת הקדמונים) מסכת קידושין,כן,קידושין,כז.,פירוש,לא,
282,תוספות רבינו שמואל (בשיטת הקדמונים) מסכת קידושין,כן,קידושין,כז.,פירוש,לא,
283,תוספות רבינו שמואל (בשיטת הקדמונים) מסכת קידושין,כן,קידושין,כז.,פירוש,לא,
284,תוספות רבינו שמואל (בשיטת הקדמונים) מסכת קידושין,כן,קידושין,כז.,פירוש,לא,
286,תוספות רבינו שמואל (בשיטת הקדמונים) מסכת קידושין,כן,קידושין,כז:,פירוש,לא,
287,תוספות רבינו שמואל (בשיטת הקדמונים) מסכת קידושין,כן,קידושין,כז:,פירוש,לא,
288,תוספות רבינו שמואל (בשיטת הקדמונים) מסכת קידושין,כן,קידושין,כז:,פירוש,לא,
289,תוספות רבינו שמואל (בשיטת הקדמונים) מסכת קידושין,כן,קידושין,כז:,פירוש,לא,
290,תוספות רבינו שמואל (בשיטת הקדמונים) מסכת קידושין,כן,קידושין,כז:,פירוש,לא,
291,תוספות רבינו שמואל (בשיטת הקדמונים) מסכת קידושין,כן,קידושין,כז:,פירוש,לא,
292,תוספות רבינו שמואל (בשיטת הקדמונים) מסכת קידושין,כן,קידושין,כז:,פירוש,לא,
294,תוספות רבינו שמואל (בשיטת הקדמונים) מסכת קידושין,כן,קידושין,כח.,פירוש,לא,
295,תוספות רבינו שמואל (בשיטת הקדמונים) מסכת קידושין,כן,קידושין,כח.,פירוש,לא,
296,תוספות רבינו שמואל (בשיטת הקדמונים) מסכת קידושין,כן,קידושין,כח.,פירוש,לא,
297,תוספות רבינו שמואל (בשיטת הקדמונים) מסכת קידושין,כן,קידושין,כח.,פירוש,לא,
299,תוספות רבינו שמואל (בשיטת הקדמונים) מסכת קידושין,כן,קידושין,כח:,פירוש,לא,
300,תוספות רבינו שמואל (בשיטת הקדמונים) מסכת קידושין,כן,קידושין,כח:,פירוש,לא,
301,תוספות רבינו שמואל (בשיטת הקדמונים) מסכת קידושין,כן,קידושין,כח:,פירוש,לא,
303,תוספות רבינו שמואל (בשיטת הקדמונים) מסכת קידושין,כן,קידושין,כט.,פירוש,לא,
304,תוספות רבינו שמואל (בשיטת הקדמונים) מסכת קידושין,כן,קידושין,כט.,פירוש,לא,
305,תוספות רבינו שמואל (בשיטת הקדמונים) מסכת קידושין,כן,קידושין,כט.,פירוש,לא,
306,תוספות רבינו שמואל (בשיטת הקדמונים) מסכת קידושין,כן,קידושין,כט.,פירוש,לא,
307,תוספות רבינו שמואל (בשיטת הקדמונים) מסכת קידושין,כן,קידושין,כט.,פירוש,לא,
309,תוספות רבינו שמואל (בשיטת הקדמונים) מסכת קידושין,כן,קידושין,כט:,פירוש,לא,
310,תוספות רבינו שמואל (בשיטת הקדמונים) מסכת קידושין,כן,קידושין,כט:,פירוש,לא,
311,תוספות רבינו שמואל (בשיטת הקדמונים) מסכת קידושין,כן,קידושין,כט:,פירוש,לא,
313,תוספות רבינו שמואל (בשיטת הקדמונים) מסכת קידושין,כן,קידושין,ל.,פירוש,לא,
314,תוספות רבינו שמואל (בשיטת הקדמונים) מסכת קידושין,כן,קידושין,ל.,פירוש,לא,
315,תוספות רבינו שמואל (בשיטת הקדמונים) מסכת קידושין,כן,קידושין,ל.,פירוש,לא,
316,תוספות רבינו שמואל (בשיטת הקדמונים) מסכת קידושין,כן,קידושין,ל.,פירוש,לא,
318,תוספות רבינו שמואל (בשיטת הקדמונים) מסכת קידושין,כן,קידושין,ל:,פירוש,לא,
319,תוספות רבינו שמואל (בשיטת הקדמונים) מסכת קידושין,כן,קידושין,ל:,פירוש,לא,
320,תוספות רבינו שמואל (בשיטת הקדמונים) מסכת קידושין,כן,קידושין,ל:,פירוש,לא,
321,תוספות רבינו שמואל (בשיטת הקדמונים) מסכת קידושין,כן,קידושין,ל:,פירוש,לא,
322,תוספות רבינו שמואל (בשיטת הקדמונים) מסכת קידושין,כן,קידושין,ל:,פירוש,לא,
324,תוספות רבינו שמואל (בשיטת הקדמונים) מסכת קידושין,כן,קידושין,לא.,פירוש,לא,
325,תוספות רבינו שמואל (בשיטת הקדמונים) מסכת קידושין,כן,קידושין,לא.,פירוש,לא,
326,תוספות רבינו שמואל (בשיטת הקדמונים) מסכת קידושין,כן,קידושין,לא.,פירוש,לא,
327,תוספות רבינו שמואל (בשיטת הקדמונים) מסכת קידושין,כן,קידושין,לא.,פירוש,לא,
328,תוספות רבינו שמואל (בשיטת הקדמונים) מסכת קידושין,כן,קידושין,לא.,פירוש,לא,
330,תוספות רבינו שמואל (בשיטת הקדמונים) מסכת קידושין,כן,קידושין,לא:,פירוש,לא,
331,תוספות רבינו שמואל (בשיטת הקדמונים) מסכת קידושין,כן,קידושין,לא:,פירוש,לא,
333,תוספות רבינו שמואל (בשיטת הקדמונים) מסכת קידושין,כן,קידושין,לב.,פירוש,לא,
334,תוספות רבינו שמואל (בשיטת הקדמונים) מסכת קידושין,כן,קידושין,לב.,פירוש,לא,
335,תוספות רבינו שמואל (בשיטת הקדמונים) מסכת קידושין,כן,קידושין,לב.,פירוש,לא,
336,תוספות רבינו שמואל (בשיטת הקדמונים) מסכת קידושין,כן,קידושין,לב.,פירוש,לא,
337,תוספות רבינו שמואל (בשיטת הקדמונים) מסכת קידושין,כן,קידושין,לב.,פירוש,לא,
338,תוספות רבינו שמואל (בשיטת הקדמונים) מסכת קידושין,כן,קידושין,לב.,פירוש,לא,
340,תוספות רבינו שמואל (בשיטת הקדמונים) מסכת קידושין,כן,קידושין,לב:,פירוש,לא,
341,תוספות רבינו שמואל (בשיטת הקדמונים) מסכת קידושין,כן,קידושין,לב:,פירוש,לא,
342,תוספות רבינו שמואל (בשיטת הקדמונים) מסכת קידושין,כן,קידושין,לב:,פירוש,לא,
343,תוספות רבינו שמואל (בשיטת הקדמונים) מסכת קידושין,כן,קידושין,לב:,פירוש,לא,
345,תוספות רבינו שמואל (בשיטת הקדמונים) מסכת קידושין,כן,קידושין,לג.,פירוש,לא,
346,תוספות רבינו שמואל (בשיטת הקדמונים) מסכת קידושין,כן,קידושין,לג.,פירוש,לא,
347,תוספות רבינו שמואל (בשיטת הקדמונים) מסכת קידושין,כן,קידושין,לג.,פירוש,לא,
349,תוספות רבינו שמואל (בשיטת הקדמונים) מסכת קידושין,כן,קידושין,לג:,פירוש,לא,
350,תוספות רבינו שמואל (בשיטת הקדמונים) מסכת קידושין,כן,קידושין,לג:,פירוש,לא,
351,תוספות רבינו שמואל (בשיטת הקדמונים) מסכת קידושין,כן,קידושין,לג:,פירוש,לא,
352,תוספות רבינו שמואל (בשיטת הקדמונים) מסכת קידושין,כן,קידושין,לג:,פירוש,לא,
353,תוספות רבינו שמואל (בשיטת הקדמונים) מסכת קידושין,כן,קידושין,לג:,פירוש,לא,
354,תוספות רבינו שמואל (בשיטת הקדמונים) מסכת קידושין,כן,קידושין,לג:,פירוש,לא,
355,תוספות רבינו שמואל (בשיטת הקדמונים) מסכת קידושין,כן,קידושין,לג:,פירוש,לא,
356,תוספות רבינו שמואל (בשיטת הקדמונים) מסכת קידושין,כן,קידושין,לג:,פירוש,לא,
357,תוספות רבינו שמואל (בשיטת הקדמונים) מסכת קידושין,כן,קידושין,לג:,פירוש,לא,
359,תוספות רבינו שמואל (בשיטת הקדמונים) מסכת קידושין,כן,קידושין,לד.,פירוש,לא,
360,תוספות רבינו שמואל (בשיטת הקדמונים) מסכת קידושין,כן,קידושין,לד.,פירוש,לא,
361,תוספות רבינו שמואל (בשיטת הקדמונים) מסכת קידושין,כן,קידושין,לד.,פירוש,לא,
362,תוספות רבינו שמואל (בשיטת הקדמונים) מסכת קידושין,כן,קידושין,לד.,פירוש,לא,
363,תוספות רבינו שמואל (בשיטת הקדמונים) מסכת קידושין,כן,קידושין,לד.,פירוש,לא,
365,תוספות רבינו שמואל (בשיטת הקדמונים) מסכת קידושין,כן,קידושין,לד:,פירוש,לא,
366,תוספות רבינו שמואל (בשיטת הקדמונים) מסכת קידושין,כן,קידושין,לד:,פירוש,לא,
367,תוספות רבינו שמואל (בשיטת הקדמונים) מסכת קידושין,כן,קידושין,לד:,פירוש,לא,
368,תוספות רבינו שמואל (בשיטת הקדמונים) מסכת קידושין,כן,קידושין,לד:,פירוש,לא,
369,תוספות רבינו שמואל (בשיטת הקדמונים) מסכת קידושין,כן,קידושין,לד:,פירוש,לא,
370,תוספות רבינו שמואל (בשיטת הקדמונים) מסכת קידושין,כן,קידושין,לד:,פירוש,לא,
371,תוספות רבינו שמואל (בשיטת הקדמונים) מסכת קידושין,כן,קידושין,לד:,פירוש,לא,
372,תוספות רבינו שמואל (בשיטת הקדמונים) מסכת קידושין,כן,קידושין,לד:,פירוש,לא,
373,תוספות רבינו שמואל (בשיטת הקדמונים) מסכת קידושין,כן,קידושין,לד:,פירוש,לא,
375,תוספות רבינו שמואל (בשיטת הקדמונים) מסכת קידושין,כן,קידושין,לה.,פירוש,לא,
376,תוספות רבינו שמואל (בשיטת הקדמונים) מסכת קידושין,כן,קידושין,לה.,פירוש,לא,
377,תוספות רבינו שמואל (בשיטת הקדמונים) מסכת קידושין,כן,קידושין,לה.,פירוש,לא,
378,תוספות רבינו שמואל (בשיטת הקדמונים) מסכת קידושין,כן,קידושין,לה.,פירוש,לא,
379,תוספות רבינו שמואל (בשיטת הקדמונים) מסכת קידושין,כן,קידושין,לה.,פירוש,לא,
380,תוספות רבינו שמואל (בשיטת הקדמונים) מסכת קידושין,כן,קידושין,לה.,פירוש,לא,
382,תוספות רבינו שמואל (בשיטת הקדמונים) מסכת קידושין,כן,קידושין,לה:,פירוש,לא,
383,תוספות רבינו שמואל (בשיטת הקדמונים) מסכת קידושין,כן,קידושין,לה:,פירוש,לא,
385,תוספות רבינו שמואל (בשיטת הקדמונים) מסכת קידושין,כן,קידושין,לו.,פירוש,לא,
386,תוספות רבינו שמואל (בשיטת הקדמונים) מסכת קידושין,כן,קידושין,לו.,פירוש,לא,
388,תוספות רבינו שמואל (בשיטת הקדמונים) מסכת קידושין,כן,קידושין,לו:,פירוש,לא,
389,תוספות רבינו שמואל (בשיטת הקדמונים) מסכת קידושין,כן,קידושין,לו:,פירוש,לא,
391,תוספות רבינו שמואל (בשיטת הקדמונים) מסכת קידושין,כן,קידושין,לז.,פירוש,לא,
392,תוספות רבינו שמואל (בשיטת הקדמונים) מסכת קידושין,כן,קידושין,לז.,פירוש,לא,
393,תוספות רבינו שמואל (בשיטת הקדמונים) מסכת קידושין,כן,קידושין,לז.,פירוש,לא,
394,תוספות רבינו שמואל (בשיטת הקדמונים) מסכת קידושין,כן,קידושין,לז.,פירוש,לא,
395,תוספות רבינו שמואל (בשיטת הקדמונים) מסכת קידושין,כן,קידושין,לז.,פירוש,לא,
397,תוספות רבינו שמואל (בשיטת הקדמונים) מסכת קידושין,כן,קידושין,לז:,פירוש,לא,
398,תוספות רבינו שמואל (בשיטת הקדמונים) מסכת קידושין,כן,קידושין,לז:,פירוש,לא,
400,תוספות רבינו שמואל (בשיטת הקדמונים) מסכת קידושין,כן,קידושין,לח.,פירוש,לא,
401,תוספות רבינו שמואל (בשיטת הקדמונים) מסכת קידושין,כן,קידושין,לח.,פירוש,לא,
402,תוספות רבינו שמואל (בשיטת הקדמונים) מסכת קידושין,כן,קידושין,לח.,פירוש,לא,
403,תוספות רבינו שמואל (בשיטת הקדמונים) מסכת קידושין,כן,קידושין,לח.,פירוש,לא,
405,תוספות רבינו שמואל (בשיטת הקדמונים) מסכת קידושין,כן,קידושין,לח:,פירוש,לא,
406,תוספות רבינו שמואל (בשיטת הקדמונים) מסכת קידושין,כן,קידושין,לח:,פירוש,לא,
408,תוספות רבינו שמואל (בשיטת הקדמונים) מסכת קידושין,כן,קידושין,לט.,פירוש,לא,
409,תוספות רבינו שמואל (בשיטת הקדמונים) מסכת קידושין,כן,קידושין,לט.,פירוש,לא,
411,תוספות רבינו שמואל (בשיטת הקדמונים) מסכת קידושין,כן,קידושין,לט:,פירוש,לא,
412,תוספות רבינו שמואל (בשיטת הקדמונים) מסכת קידושין,כן,קידושין,לט:,פירוש,לא,
413,תוספות רבינו שמואל (בשיטת הקדמונים) מסכת קידושין,כן,קידושין,לט:,פירוש,לא,
415,תוספות רבינו שמואל (בשיטת הקדמונים) מסכת קידושין,כן,קידושין,מ.,פירוש,לא,
416,תוספות רבינו שמואל (בשיטת הקדמונים) מסכת קידושין,כן,קידושין,מ.,פירוש,לא,
418,תוספות רבינו שמואל (בשיטת הקדמונים) מסכת קידושין,כן,קידושין,מ:,פירוש,לא,
419,תוספות רבינו שמואל (בשיטת הקדמונים) מסכת קידושין,כן,קידושין,מ:,פירוש,לא,
420,תוספות רבינו שמואל (בשיטת הקדמונים) מסכת קידושין,כן,קידושין,מ:,פירוש,לא,
421,תוספות רבינו שמואל (בשיטת הקדמונים) מסכת קידושין,כן,קידושין,מ:,פירוש,לא,
424,תוספות רבינו שמואל (בשיטת הקדמונים) מסכת קידושין,כן,קידושין,מא.,פירוש,לא,
425,תוספות רבינו שמואל (בשיטת הקדמונים) מסכת קידושין,כן,קידושין,מא.,פירוש,לא,
426,תוספות רבינו שמואל (בשיטת הקדמונים) מסכת קידושין,כן,קידושין,מא.,פירוש,לא,
427,תוספות רבינו שמואל (בשיטת הקדמונים) מסכת קידושין,כן,קידושין,מא.,פירוש,לא,
428,תוספות רבינו שמואל (בשיטת הקדמונים) מסכת קידושין,כן,קידושין,מא.,פירוש,לא,
429,תוספות רבינו שמואל (בשיטת הקדמונים) מסכת קידושין,כן,קידושין,מא.,פירוש,לא,
430,תוספות רבינו שמואל (בשיטת הקדמונים) מסכת קידושין,כן,קידושין,מא.,פירוש,לא,
431,תוספות רבינו שמואל (בשיטת הקדמונים) מסכת קידושין,כן,קידושין,מא.,פירוש,לא,
433,תוספות רבינו שמואל (בשיטת הקדמונים) מסכת קידושין,כן,קידושין,מא:,פירוש,לא,
434,תוספות רבינו שמואל (בשיטת הקדמונים) מסכת קידושין,כן,קידושין,מא:,פירוש,לא,
435,תוספות רבינו שמואל (בשיטת הקדמונים) מסכת קידושין,כן,קידושין,מא:,פירוש,לא,
436,תוספות רבינו שמואל (בשיטת הקדמונים) מסכת קידושין,כן,קידושין,מא:,פירוש,לא,
437,תוספות רבינו שמואל (בשיטת הקדמונים) מסכת קידושין,כן,קידושין,מא:,פירוש,לא,
438,תוספות רבינו שמואל (בשיטת הקדמונים) מסכת קידושין,כן,קידושין,מא:,פירוש,לא,
439,תוספות רבינו שמואל (בשיטת הקדמונים) מסכת קידושין,כן,קידושין,מא:,פירוש,לא,
440,תוספות רבינו שמואל (בשיטת הקדמונים) מסכת קידושין,כן,קידושין,מא:,פירוש,לא,
441,תוספות רבינו שמואל (בשיטת הקדמונים) מסכת קידושין,כן,קידושין,מא:,פירוש,לא,
442,תוספות רבינו שמואל (בשיטת הקדמונים) מסכת קידושין,כן,קידושין,מא:,פירוש,לא,
444,תוספות רבינו שמואל (בשיטת הקדמונים) מסכת קידושין,כן,קידושין,מב.,פירוש,לא,
445,תוספות רבינו שמואל (בשיטת הקדמונים) מסכת קידושין,כן,קידושין,מב.,פירוש,לא,
446,תוספות רבינו שמואל (בשיטת הקדמונים) מסכת קידושין,כן,קידושין,מב.,פירוש,לא,
447,תוספות רבינו שמואל (בשיטת הקדמונים) מסכת קידושין,כן,קידושין,מב.,פירוש,לא,
448,תוספות רבינו שמואל (בשיטת הקדמונים) מסכת קידושין,כן,קידושין,מב.,פירוש,לא,
450,תוספות רבינו שמואל (בשיטת הקדמונים) מסכת קידושין,כן,קידושין,מב:,פירוש,לא,
451,תוספות רבינו שמואל (בשיטת הקדמונים) מסכת קידושין,כן,קידושין,מב:,פירוש,לא,
452,תוספות רבינו שמואל (בשיטת הקדמונים) מסכת קידושין,כן,קידושין,מב:,פירוש,לא,
453,תוספות רבינו שמואל (בשיטת הקדמונים) מסכת קידושין,כן,קידושין,מב:,פירוש,לא,
454,תוספות רבינו שמואל (בשיטת הקדמונים) מסכת קידושין,כן,קידושין,מב:,פירוש,לא,
455,תוספות רבינו שמואל (בשיטת הקדמונים) מסכת קידושין,כן,קידושין,מב:,פירוש,לא,
456,תוספות רבינו שמואל (בשיטת הקדמונים) מסכת קידושין,כן,קידושין,מב:,פירוש,לא,
458,תוספות רבינו שמואל (בשיטת הקדמונים) מסכת קידושין,כן,קידושין,מג.,פירוש,לא,
459,תוספות רבינו שמואל (בשיטת הקדמונים) מסכת קידושין,כן,קידושין,מג.,פירוש,לא,
460,תוספות רבינו שמואל (בשיטת הקדמונים) מסכת קידושין,כן,קידושין,מג.,פירוש,לא,
462,תוספות רבינו שמואל (בשיטת הקדמונים) מסכת קידושין,כן,קידושין,מג:,פירוש,לא,
463,תוספות רבינו שמואל (בשיטת הקדמונים) מסכת קידושין,כן,קידושין,מג:,פירוש,לא,
464,תוספות רבינו שמואל (בשיטת הקדמונים) מסכת קידושין,כן,קידושין,מג:,פירוש,לא,
465,תוספות רבינו שמואל (בשיטת הקדמונים) מסכת קידושין,כן,קידושין,מג:,פירוש,לא,
466,תוספות רבינו שמואל (בשיטת הקדמונים) מסכת קידושין,כן,קידושין,מג:,פירוש,לא,
467,תוספות רבינו שמואל (בשיטת הקדמונים) מסכת קידושין,כן,קידושין,מג:,פירוש,לא,
468,תוספות רבינו שמואל (בשיטת הקדמונים) מסכת קידושין,כן,קידושין,מג:,פירוש,לא,
469,תוספות רבינו שמואל (בשיטת הקדמונים) מסכת קידושין,כן,קידושין,מג:,פירוש,לא,
470,תוספות רבינו שמואל (בשיטת הקדמונים) מסכת קידושין,כן,קידושין,מג:,פירוש,לא,
472,תוספות רבינו שמואל (בשיטת הקדמונים) מסכת קידושין,כן,קידושין,מד.,פירוש,לא,
473,תוספות רבינו שמואל (בשיטת הקדמונים) מסכת קידושין,כן,קידושין,מד.,פירוש,לא,
474,תוספות רבינו שמואל (בשיטת הקדמונים) מסכת קידושין,כן,קידושין,מד.,פירוש,לא,
475,תוספות רבינו שמואל (בשיטת הקדמונים) מסכת קידושין,כן,קידושין,מד.,פירוש,לא,
476,תוספות רבינו שמואל (בשיטת הקדמונים) מסכת קידושין,כן,קידושין,מד.,פירוש,לא,
478,תוספות רבינו שמואל (בשיטת הקדמונים) מסכת קידושין,כן,קידושין,מד:,פירוש,לא,
479,תוספות רבינו שמואל (בשיטת הקדמונים) מסכת קידושין,כן,קידושין,מד:,פירוש,לא,
480,תוספות רבינו שמואל (בשיטת הקדמונים) מסכת קידושין,כן,קידושין,מד:,פירוש,לא,
481,תוספות רבינו שמואל (בשיטת הקדמונים) מסכת קידושין,כן,קידושין,מד:,פירוש,לא,
482,תוספות רבינו שמואל (בשיטת הקדמונים) מסכת קידושין,כן,קידושין,מד:,פירוש,לא,
484,תוספות רבינו שמואל (בשיטת הקדמונים) מסכת קידושין,כן,קידושין,מה.,פירוש,לא,
486,תוספות רבינו שמואל (בשיטת הקדמונים) מסכת קידושין,כן,קידושין,מה:,פירוש,לא,
487,תוספות רבינו שמואל (בשיטת הקדמונים) מסכת קידושין,כן,קידושין,מה:,פירוש,לא,
488,תוספות רבינו שמואל (בשיטת הקדמונים) מסכת קידושין,כן,קידושין,מה:,פירוש,לא,
489,תוספות רבינו שמואל (בשיטת הקדמונים) מסכת קידושין,כן,קידושין,מה:,פירוש,לא,
490,תוספות רבינו שמואל (בשיטת הקדמונים) מסכת קידושין,כן,קידושין,מה:,פירוש,לא,
492,תוספות רבינו שמואל (בשיטת הקדמונים) מסכת קידושין,כן,קידושין,מו.,פירוש,לא,
493,תוספות רבינו שמואל (בשיטת הקדמונים) מסכת קידושין,כן,קידושין,מו.,פירוש,לא,
494,תוספות רבינו שמואל (בשיטת הקדמונים) מסכת קידושין,כן,קידושין,מו.,פירוש,לא,
495,תוספות רבינו שמואל (בשיטת הקדמונים) מסכת קידושין,כן,קידושין,מו.,פירוש,לא,
497,תוספות רבינו שמואל (בשיטת הקדמונים) מסכת קידושין,כן,קידושין,מו:,פירוש,לא,
498,תוספות רבינו שמואל (בשיטת הקדמונים) מסכת קידושין,כן,קידושין,מו:,פירוש,לא,
499,תוספות רבינו שמואל (בשיטת הקדמונים) מסכת קידושין,כן,קידושין,מו:,פירוש,לא,
500,תוספות רבינו שמואל (בשיטת הקדמונים) מסכת קידושין,כן,קידושין,מו:,פירוש,לא,
501,תוספות רבינו שמואל (בשיטת הקדמונים) מסכת קידושין,כן,קידושין,מו:,פירוש,לא,
503,תוספות רבינו שמואל (בשיטת הקדמונים) מסכת קידושין,כן,קידושין,מז:,פירוש,לא,
504,תוספות רבינו שמואל (בשיטת הקדמונים) מסכת קידושין,כן,קידושין,מז:,פירוש,לא,
506,תוספות רבינו שמואל (בשיטת הקדמונים) מסכת קידושין,כן,קידושין,מח.,פירוש,לא,
507,תוספות רבינו שמואל (בשיטת הקדמונים) מסכת קידושין,כן,קידושין,מח.,פירוש,לא,
508,תוספות רבינו שמואל (בשיטת הקדמונים) מסכת קידושין,כן,קידושין,מח.,פירוש,לא,
509,תוספות רבינו שמואל (בשיטת הקדמונים) מסכת קידושין,כן,קידושין,מח.,פירוש,לא,
510,תוספות רבינו שמואל (בשיטת הקדמונים) מסכת קידושין,כן,קידושין,מח.,פירוש,לא,
512,תוספות רבינו שמואל (בשיטת הקדמונים) מסכת קידושין,כן,קידושין,מח:,פירוש,לא,
513,תוספות רבינו שמואל (בשיטת הקדמונים) מסכת קידושין,כן,קידושין,מח:,פירוש,לא,
514,תוספות רבינו שמואל (בשיטת הקדמונים) מסכת קידושין,כן,קידושין,מח:,פירוש,לא,
515,תוספות רבינו שמואל (בשיטת הקדמונים) מסכת קידושין,כן,קידושין,מח:,פירוש,לא,
516,תוספות רבינו שמואל (בשיטת הקדמונים) מסכת קידושין,כן,קידושין,מח:,פירוש,לא,
518,תוספות רבינו שמואל (בשיטת הקדמונים) מסכת קידושין,כן,קידושין,מט.,פירוש,לא,
519,תוספות רבינו שמואל (בשיטת הקדמונים) מסכת קידושין,כן,קידושין,מט.,פירוש,לא,
520,תוספות רבינו שמואל (בשיטת הקדמונים) מסכת קידושין,כן,קידושין,מט.,פירוש,לא,
522,תוספות רבינו שמואל (בשיטת הקדמונים) מסכת קידושין,כן,קידושין,מט:,פירוש,לא,
523,תוספות רבינו שמואל (בשיטת הקדמונים) מסכת קידושין,כן,קידושין,מט:,פירוש,לא,
524,תוספות רבינו שמואל (בשיטת הקדמונים) מסכת קידושין,כן,קידושין,מט:,פירוש,לא,
525,תוספות רבינו שמואל (בשיטת הקדמונים) מסכת קידושין,כן,קידושין,מט:,פירוש,לא,
526,תוספות רבינו שמואל (בשיטת הקדמונים) מסכת קידושין,כן,קידושין,מט:,פירוש,לא,
527,תוספות רבינו שמואל (בשיטת הקדמונים) מסכת קידושין,כן,קידושין,מט:,פירוש,לא,
528,תוספות רבינו שמואל (בשיטת הקדמונים) מסכת קידושין,כן,קידושין,מט:,פירוש,לא,
530,תוספות רבינו שמואל (בשיטת הקדמונים) מסכת קידושין,כן,קידושין,נ.,פירוש,לא,
531,תוספות רבינו שמואל (בשיטת הקדמונים) מסכת קידושין,כן,קידושין,נ.,פירוש,לא,
532,תוספות רבינו שמואל (בשיטת הקדמונים) מסכת קידושין,כן,קידושין,נ.,פירוש,לא,
534,תוספות רבינו שמואל (בשיטת הקדמונים) מסכת קידושין,כן,קידושין,נ:,פירוש,לא,
535,תוספות רבינו שמואל (בשיטת הקדמונים) מסכת קידושין,כן,קידושין,נ:,פירוש,לא,
536,תוספות רבינו שמואל (בשיטת הקדמונים) מסכת קידושין,כן,קידושין,נ:,פירוש,לא,
538,תוספות רבינו שמואל (בשיטת הקדמונים) מסכת קידושין,כן,קידושין,נא.,פירוש,לא,
539,תוספות רבינו שמואל (בשיטת הקדמונים) מסכת קידושין,כן,קידושין,נא.,פירוש,לא,
540,תוספות רבינו שמואל (בשיטת הקדמונים) מסכת קידושין,כן,קידושין,נא.,פירוש,לא,
541,תוספות רבינו שמואל (בשיטת הקדמונים) מסכת קידושין,כן,קידושין,נא.,פירוש,לא,
542,תוספות רבינו שמואל (בשיטת הקדמונים) מסכת קידושין,כן,קידושין,נא.,פירוש,לא,
544,תוספות רבינו שמואל (בשיטת הקדמונים) מסכת קידושין,כן,קידושין,נא:,פירוש,לא,
545,תוספות רבינו שמואל (בשיטת הקדמונים) מסכת קידושין,כן,קידושין,נא:,פירוש,לא,
546,תוספות רבינו שמואל (בשיטת הקדמונים) מסכת קידושין,כן,קידושין,נא:,פירוש,לא,
547,תוספות רבינו שמואל (בשיטת הקדמונים) מסכת קידושין,כן,קידושין,נא:,פירוש,לא,
549,תוספות רבינו שמואל (בשיטת הקדמונים) מסכת קידושין,כן,קידושין,נב.,פירוש,לא,
550,תוספות רבינו שמואל (בשיטת הקדמונים) מסכת קידושין,כן,קידושין,נב.,פירוש,לא,
551,תוספות רבינו שמואל (בשיטת הקדמונים) מסכת קידושין,כן,קידושין,נב.,פירוש,לא,
553,תוספות רבינו שמואל (בשיטת הקדמונים) מסכת קידושין,כן,קידושין,נב:,פירוש,לא,
554,תוספות רבינו שמואל (בשיטת הקדמונים) מסכת קידושין,כן,קידושין,נב:,פירוש,לא,
555,תוספות רבינו שמואל (בשיטת הקדמונים) מסכת קידושין,כן,קידושין,נב:,פירוש,לא,
556,תוספות רבינו שמואל (בשיטת הקדמונים) מסכת קידושין,כן,קידושין,נב:,פירוש,לא,
557,תוספות רבינו שמואל (בשיטת הקדמונים) מסכת קידושין,כן,קידושין,נב:,פירוש,לא,
559,תוספות רבינו שמואל (בשיטת הקדמונים) מסכת קידושין,כן,קידושין,נג.,פירוש,לא,
560,תוספות רבינו שמואל (בשיטת הקדמונים) מסכת קידושין,כן,קידושין,נג.,פירוש,לא,
561,תוספות רבינו שמואל (בשיטת הקדמונים) מסכת קידושין,כן,קידושין,נג.,פירוש,לא,
562,תוספות רבינו שמואל (בשיטת הקדמונים) מסכת קידושין,כן,קידושין,נג.,פירוש,לא,
563,תוספות רבינו שמואל (בשיטת הקדמונים) מסכת קידושין,כן,קידושין,נג.,פירוש,לא,
564,תוספות רבינו שמואל (בשיטת הקדמונים) מסכת קידושין,כן,קידושין,נג.,פירוש,לא,
565,תוספות רבינו שמואל (בשיטת הקדמונים) מסכת קידושין,כן,קידושין,נג.,פירוש,לא,
567,תוספות רבינו שמואל (בשיטת הקדמונים) מסכת קידושין,כן,קידושין,נג:,פירוש,לא,
568,תוספות רבינו שמואל (בשיטת הקדמונים) מסכת קידושין,כן,קידושין,נג:,פירוש,לא,
569,תוספות רבינו שמואל (בשיטת הקדמונים) מסכת קידושין,כן,קידושין,נג:,פירוש,לא,
570,תוספות רבינו שמואל (בשיטת הקדמונים) מסכת קידושין,כן,קידושין,נג:,פירוש,לא,
571,תוספות רבינו שמואל (בשיטת הקדמונים) מסכת קידושין,כן,קידושין,נג:,פירוש,לא,
573,תוספות רבינו שמואל (בשיטת הקדמונים) מסכת קידושין,כן,קידושין,נד.,פירוש,לא,
574,תוספות רבינו שמואל (בשיטת הקדמונים) מסכת קידושין,כן,קידושין,נד.,פירוש,לא,
576,תוספות רבינו שמואל (בשיטת הקדמונים) מסכת קידושין,כן,קידושין,נד:,פירוש,לא,
577,תוספות רבינו שמואל (בשיטת הקדמונים) מסכת קידושין,כן,קידושין,נד:,פירוש,לא,
578,תוספות רבינו שמואל (בשיטת הקדמונים) מסכת קידושין,כן,קידושין,נד:,פירוש,לא,
579,תוספות רבינו שמואל (בשיטת הקדמונים) מסכת קידושין,כן,קידושין,נד:,פירוש,לא,
580,תוספות רבינו שמואל (בשיטת הקדמונים) מסכת קידושין,כן,קידושין,נד:,פירוש,לא,
582,תוספות רבינו שמואל (בשיטת הקדמונים) מסכת קידושין,כן,קידושין,נה.,פירוש,לא,
583,תוספות רבינו שמואל (בשיטת הקדמונים) מסכת קידושין,כן,קידושין,נה.,פירוש,לא,
584,תוספות רבינו שמואל (בשיטת הקדמונים) מסכת קידושין,כן,קידושין,נה.,פירוש,לא,
586,תוספות רבינו שמואל (בשיטת הקדמונים) מסכת קידושין,כן,קידושין,נה:,פירוש,לא,
587,תוספות רבינו שמואל (בשיטת הקדמונים) מסכת קידושין,כן,קידושין,נה:,פירוש,לא,
588,תוספות רבינו שמואל (בשיטת הקדמונים) מסכת קידושין,כן,קידושין,נה:,פירוש,לא,
589,תוספות רבינו שמואל (בשיטת הקדמונים) מסכת קידושין,כן,קידושין,נה:,פירוש,לא,
590,תוספות רבינו שמואל (בשיטת הקדמונים) מסכת קידושין,כן,קידושין,נה:,פירוש,לא,
591,תוספות רבינו שמואל (בשיטת הקדמונים) מסכת קידושין,כן,קידושין,נה:,פירוש,לא,
593,תוספות רבינו שמואל (בשיטת הקדמונים) מסכת קידושין,כן,קידושין,נו.,פירוש,לא,
594,תוספות רבינו שמואל (בשיטת הקדמונים) מסכת קידושין,כן,קידושין,נו.,פירוש,לא,
595,תוספות רבינו שמואל (בשיטת הקדמונים) מסכת קידושין,כן,קידושין,נו.,פירוש,לא,
597,תוספות רבינו שמואל (בשיטת הקדמונים) מסכת קידושין,כן,קידושין,נו:,פירוש,לא,
598,תוספות רבינו שמואל (בשיטת הקדמונים) מסכת קידושין,כן,קידושין,נו:,פירוש,לא,
599,תוספות רבינו שמואל (בשיטת הקדמונים) מסכת קידושין,כן,קידושין,נו:,פירוש,לא,
600,תוספות רבינו שמואל (בשיטת הקדמונים) מסכת קידושין,כן,קידושין,נו:,פירוש,לא,
601,תוספות רבינו שמואל (בשיטת הקדמונים) מסכת קידושין,כן,קידושין,נו:,פירוש,לא,
602,תוספות רבינו שמואל (בשיטת הקדמונים) מסכת קידושין,כן,קידושין,נו:,פירוש,לא,
603,תוספות רבינו שמואל (בשיטת הקדמונים) מסכת קידושין,כן,קידושין,נו:,פירוש,לא,
605,תוספות רבינו שמואל (בשיטת הקדמונים) מסכת קידושין,כן,קידושין,נז.,פירוש,לא,
606,תוספות רבינו שמואל (בשיטת הקדמונים) מסכת קידושין,כן,קידושין,נז.,פירוש,לא,
607,תוספות רבינו שמואל (בשיטת הקדמונים) מסכת קידושין,כן,קידושין,נז.,פירוש,לא,
608,תוספות רבינו שמואל (בשיטת הקדמונים) מסכת קידושין,כן,קידושין,נז.,פירוש,לא,
609,תוספות רבינו שמואל (בשיטת הקדמונים) מסכת קידושין,כן,קידושין,נז.,פירוש,לא,
610,תוספות רבינו שמואל (בשיטת הקדמונים) מסכת קידושין,כן,קידושין,נז.,פירוש,לא,
611,תוספות רבינו שמואל (בשיטת הקדמונים) מסכת קידושין,כן,קידושין,נז.,פירוש,לא,
612,תוספות רבינו שמואל (בשיטת הקדמונים) מסכת קידושין,כן,קידושין,נז.,פירוש,לא,
614,תוספות רבינו שמואל (בשיטת הקדמונים) מסכת קידושין,כן,קידושין,נז:,פירוש,לא,
615,תוספות רבינו שמואל (בשיטת הקדמונים) מסכת קידושין,כן,קידושין,נז:,פירוש,לא,
616,תוספות רבינו שמואל (בשיטת הקדמונים) מסכת קידושין,כן,קידושין,נז:,פירוש,לא,
617,תוספות רבינו שמואל (בשיטת הקדמונים) מסכת קידושין,כן,קידושין,נז:,פירוש,לא,
618,תוספות רבינו שמואל (בשיטת הקדמונים) מסכת קידושין,כן,קידושין,נז:,פירוש,לא,
619,תוספות רבינו שמואל (בשיטת הקדמונים) מסכת קידושין,כן,קידושין,נז:,פירוש,לא,
620,תוספות רבינו שמואל (בשיטת הקדמונים) מסכת קידושין,כן,קידושין,נז:,פירוש,לא,
622,תוספות רבינו שמואל (בשיטת הקדמונים) מסכת קידושין,כן,קידושין,נח.,פירוש,לא,
623,תוספות רבינו שמואל (בשיטת הקדמונים) מסכת קידושין,כן,קידושין,נח.,פירוש,לא,
624,תוספות רבינו שמואל (בשיטת הקדמונים) מסכת קידושין,כן,קידושין,נח.,פירוש,לא,
625,תוספות רבינו שמואל (בשיטת הקדמונים) מסכת קידושין,כן,קידושין,נח.,פירוש,לא,
626,תוספות רבינו שמואל (בשיטת הקדמונים) מסכת קידושין,כן,קידושין,נח.,פירוש,לא,
628,תוספות רבינו שמואל (בשיטת הקדמונים) מסכת קידושין,כן,קידושין,נח:,פירוש,לא,
629,תוספות רבינו שמואל (בשיטת הקדמונים) מסכת קידושין,כן,קידושין,נח:,פירוש,לא,
630,תוספות רבינו שמואל (בשיטת הקדמונים) מסכת קידושין,כן,קידושין,נח:,פירוש,לא,
631,תוספות רבינו שמואל (בשיטת הקדמונים) מסכת קידושין,כן,קידושין,נח:,פירוש,לא,
632,תוספות רבינו שמואל (בשיטת הקדמונים) מסכת קידושין,כן,קידושין,נח:,פירוש,לא,
634,תוספות רבינו שמואל (בשיטת הקדמונים) מסכת קידושין,כן,קידושין,נח:,פירוש,לא,
636,תוספות רבינו שמואל (בשיטת הקדמונים) מסכת קידושין,כן,קידושין,נט.,פירוש,לא,
637,תוספות רבינו שמואל (בשיטת הקדמונים) מסכת קידושין,כן,קידושין,נט.,פירוש,לא,
638,תוספות רבינו שמואל (בשיטת הקדמונים) מסכת קידושין,כן,קידושין,נט.,פירוש,לא,
639,תוספות רבינו שמואל (בשיטת הקדמונים) מסכת קידושין,כן,קידושין,נט.,פירוש,לא,
641,תוספות רבינו שמואל (בשיטת הקדמונים) מסכת קידושין,כן,קידושין,נט:,פירוש,לא,
642,תוספות רבינו שמואל (בשיטת הקדמונים) מסכת קידושין,כן,קידושין,נט:,פירוש,לא,
643,תוספות רבינו שמואל (בשיטת הקדמונים) מסכת קידושין,כן,קידושין,נט:,פירוש,לא,
644,תוספות רבינו שמואל (בשיטת הקדמונים) מסכת קידושין,כן,קידושין,נט:,פירוש,לא,
645,תוספות רבינו שמואל (בשיטת הקדמונים) מסכת קידושין,כן,קידושין,נט:,פירוש,לא,
646,תוספות רבינו שמואל (בשיטת הקדמונים) מסכת קידושין,כן,קידושין,נט:,פירוש,לא,
647,תוספות רבינו שמואל (בשיטת הקדמונים) מסכת קידושין,כן,קידושין,נט:,פירוש,לא,
649,תוספות רבינו שמואל (בשיטת הקדמונים) מסכת קידושין,כן,קידושין,ס.,פירוש,לא,
650,תוספות רבינו שמואל (בשיטת הקדמונים) מסכת קידושין,כן,קידושין,ס.,פירוש,לא,
651,תוספות רבינו שמואל (בשיטת הקדמונים) מסכת קידושין,כן,קידושין,ס.,פירוש,לא,
653,תוספות רבינו שמואל (בשיטת הקדמונים) מסכת קידושין,כן,קידושין,ס:,פירוש,לא,
654,תוספות רבינו שמואל (בשיטת הקדמונים) מסכת קידושין,כן,קידושין,ס:,פירוש,לא,
655,תוספות רבינו שמואל (בשיטת הקדמונים) מסכת קידושין,כן,קידושין,ס:,פירוש,לא,
656,תוספות רבינו שמואל (בשיטת הקדמונים) מסכת קידושין,כן,קידושין,ס:,פירוש,לא,
657,תוספות רבינו שמואל (בשיטת הקדמונים) מסכת קידושין,כן,קידושין,ס:,פירוש,לא,
659,תוספות רבינו שמואל (בשיטת הקדמונים) מסכת קידושין,כן,קידושין,סא.,פירוש,לא,
660,תוספות רבינו שמואל (בשיטת הקדמונים) מסכת קידושין,כן,קידושין,סא.,פירוש,לא,
661,תוספות רבינו שמואל (בשיטת הקדמונים) מסכת קידושין,כן,קידושין,סא.,פירוש,לא,
662,תוספות רבינו שמואל (בשיטת הקדמונים) מסכת קידושין,כן,קידושין,סא.,פירוש,לא,
663,תוספות רבינו שמואל (בשיטת הקדמונים) מסכת קידושין,כן,קידושין,סא.,פירוש,לא,
664,תוספות רבינו שמואל (בשיטת הקדמונים) מסכת קידושין,כן,קידושין,סא.,פירוש,לא,
666,תוספות רבינו שמואל (בשיטת הקדמונים) מסכת קידושין,כן,קידושין,סא:,פירוש,לא,
667,תוספות רבינו שמואל (בשיטת הקדמונים) מסכת קידושין,כן,קידושין,סא:,פירוש,לא,
668,תוספות רבינו שמואל (בשיטת הקדמונים) מסכת קידושין,כן,קידושין,סא:,פירוש,לא,
669,תוספות רבינו שמואל (בשיטת הקדמונים) מסכת קידושין,כן,קידושין,סא:,פירוש,לא,
670,תוספות רבינו שמואל (בשיטת הקדמונים) מסכת קידושין,כן,קידושין,סא:,פירוש,לא,
672,תוספות רבינו שמואל (בשיטת הקדמונים) מסכת קידושין,כן,קידושין,סב.,פירוש,לא,
673,תוספות רבינו שמואל (בשיטת הקדמונים) מסכת קידושין,כן,קידושין,סב.,פירוש,לא,
674,תוספות רבינו שמואל (בשיטת הקדמונים) מסכת קידושין,כן,קידושין,סב.,פירוש,לא,
676,תוספות רבינו שמואל (בשיטת הקדמונים) מסכת קידושין,כן,קידושין,סב:,פירוש,לא,
677,תוספות רבינו שמואל (בשיטת הקדמונים) מסכת קידושין,כן,קידושין,סב:,פירוש,לא,
678,תוספות רבינו שמואל (בשיטת הקדמונים) מסכת קידושין,כן,קידושין,סב:,פירוש,לא,
679,תוספות רבינו שמואל (בשיטת הקדמונים) מסכת קידושין,כן,קידושין,סב:,פירוש,לא,
680,תוספות רבינו שמואל (בשיטת הקדמונים) מסכת קידושין,כן,קידושין,סב:,פירוש,לא,
681,תוספות רבינו שמואל (בשיטת הקדמונים) מסכת קידושין,כן,קידושין,סב:,פירוש,לא,
683,תוספות רבינו שמואל (בשיטת הקדמונים) מסכת קידושין,כן,קידושין,סג.,פירוש,לא,
684,תוספות רבינו שמואל (בשיטת הקדמונים) מסכת קידושין,כן,קידושין,סג.,פירוש,לא,
685,תוספות רבינו שמואל (בשיטת הקדמונים) מסכת קידושין,כן,קידושין,סג.,פירוש,לא,
686,תוספות רבינו שמואל (בשיטת הקדמונים) מסכת קידושין,כן,קידושין,סג.,פירוש,לא,
687,תוספות רבינו שמואל (בשיטת הקדמונים) מסכת קידושין,כן,קידושין,סג.,פירוש,לא,
688,תוספות רבינו שמואל (בשיטת הקדמונים) מסכת קידושין,כן,קידושין,סג.,פירוש,לא,
689,תוספות רבינו שמואל (בשיטת הקדמונים) מסכת קידושין,כן,קידושין,סג.,פירוש,לא,
691,תוספות רבינו שמואל (בשיטת הקדמונים) מסכת קידושין,כן,קידושין,סג:,פירוש,לא,
692,תוספות רבינו שמואל (בשיטת הקדמונים) מסכת קידושין,כן,קידושין,סג:,פירוש,לא,
693,תוספות רבינו שמואל (בשיטת הקדמונים) מסכת קידושין,כן,קידושין,סג:,פירוש,לא,
694,תוספות רבינו שמואל (בשיטת הקדמונים) מסכת קידושין,כן,קידושין,סג:,פירוש,לא,
696,תוספות רבינו שמואל (בשיטת הקדמונים) מסכת קידושין,כן,קידושין,סד.,פירוש,לא,
697,תוספות רבינו שמואל (בשיטת הקדמונים) מסכת קידושין,כן,קידושין,סד.,פירוש,לא,
698,תוספות רבינו שמואל (בשיטת הקדמונים) מסכת קידושין,כן,קידושין,סד.,פירוש,לא,
699,תוספות רבינו שמואל (בשיטת הקדמונים) מסכת קידושין,כן,קידושין,סד.,פירוש,לא,
700,תוספות רבינו שמואל (בשיטת הקדמונים) מסכת קידושין,כן,קידושין,סד.,פירוש,לא,
702,תוספות רבינו שמואל (בשיטת הקדמונים) מסכת קידושין,כן,קידושין,סד:,פירוש,לא,
703,תוספות רבינו שמואל (בשיטת הקדמונים) מסכת קידושין,כן,קידושין,סד:,פירוש,לא,
705,תוספות רבינו שמואל (בשיטת הקדמונים) מסכת קידושין,כן,קידושין,סה.,פירוש,לא,
706,תוספות רבינו שמואל (בשיטת הקדמונים) מסכת קידושין,כן,קידושין,סה.,פירוש,לא,
708,תוספות רבינו שמואל (בשיטת הקדמונים) מסכת קידושין,כן,קידושין,סה:,פירוש,לא,
709,תוספות רבינו שמואל (בשיטת הקדמונים) מסכת קידושין,כן,קידושין,סה:,פירוש,לא,
710,תוספות רבינו שמואל (בשיטת הקדמונים) מסכת קידושין,כן,קידושין,סה:,פירוש,לא,
712,תוספות רבינו שמואל (בשיטת הקדמונים) מסכת קידושין,כן,קידושין,סו.,פירוש,לא,
713,תוספות רבינו שמואל (בשיטת הקדמונים) מסכת קידושין,כן,קידושין,סו.,פירוש,לא,
714,תוספות רבינו שמואל (בשיטת הקדמונים) מסכת קידושין,כן,קידושין,סו.,פירוש,לא,
715,תוספות רבינו שמואל (בשיטת הקדמונים) מסכת קידושין,כן,קידושין,סו.,פירוש,לא,
716,תוספות רבינו שמואל (בשיטת הקדמונים) מסכת קידושין,כן,קידושין,סו.,פירוש,לא,
717,תוספות רבינו שמואל (בשיטת הקדמונים) מסכת קידושין,כן,קידושין,סו.,פירוש,לא,
719,תוספות רבינו שמואל (בשיטת הקדמונים) מסכת קידושין,כן,קידושין,סו:,פירוש,לא,
720,תוספות רבינו שמואל (בשיטת הקדמונים) מסכת קידושין,כן,קידושין,סו:,פירוש,לא,
721,תוספות רבינו שמואל (בשיטת הקדמונים) מסכת קידושין,כן,קידושין,סו:,פירוש,לא,
723,תוספות רבינו שמואל (בשיטת הקדמונים) מסכת קידושין,כן,קידושין,סז.,פירוש,לא,
724,תוספות רבינו שמואל (בשיטת הקדמונים) מסכת קידושין,כן,קידושין,סז.,פירוש,לא,
725,תוספות רבינו שמואל (בשיטת הקדמונים) מסכת קידושין,כן,קידושין,סז.,פירוש,לא,
726,תוספות רבינו שמואל (בשיטת הקדמונים) מסכת קידושין,כן,קידושין,סז.,פירוש,לא,
728,תוספות רבינו שמואל (בשיטת הקדמונים) מסכת קידושין,כן,קידושין,סז:,פירוש,לא,
729,תוספות רבינו שמואל (בשיטת הקדמונים) מסכת קידושין,כן,קידושין,סז:,פירוש,לא,
731,תוספות רבינו שמואל (בשיטת הקדמונים) מסכת קידושין,כן,קידושין,סח.,פירוש,לא,
732,תוספות רבינו שמואל (בשיטת הקדמונים) מסכת קידושין,כן,קידושין,סח.,פירוש,לא,
733,תוספות רבינו שמואל (בשיטת הקדמונים) מסכת קידושין,כן,קידושין,סח.,פירוש,לא,
735,תוספות רבינו שמואל (בשיטת הקדמונים) מסכת קידושין,כן,קידושין,סח:,פירוש,לא,
736,תוספות רבינו שמואל (בשיטת הקדמונים) מסכת קידושין,כן,קידושין,סח:,פירוש,לא,
737,תוספות רבינו שמואל (בשיטת הקדמונים) מסכת קידושין,כן,קידושין,סח:,פירוש,לא,
738,תוספות רבינו שמואל (בשיטת הקדמונים) מסכת קידושין,כן,קידושין,סח:,פירוש,לא,
740,תוספות רבינו שמואל (בשיטת הקדמונים) מסכת קידושין,כן,קידושין,סט.,פירוש,לא,
741,תוספות רבינו שמואל (בשיטת הקדמונים) מסכת קידושין,כן,קידושין,סט.,פירוש,לא,
742,תוספות רבינו שמואל (בשיטת הקדמונים) מסכת קידושין,כן,קידושין,סט.,פירוש,לא,
744,תוספות רבינו שמואל (בשיטת הקדמונים) מסכת קידושין,כן,קידושין,סט.,פירוש,לא,
745,תוספות רבינו שמואל (בשיטת הקדמונים) מסכת קידושין,כן,קידושין,סט.,פירוש,לא,
746,תוספות רבינו שמואל (בשיטת הקדמונים) מסכת קידושין,כן,קידושין,סט.,פירוש,לא,
747,תוספות רבינו שמואל (בשיטת הקדמונים) מסכת קידושין,כן,קידושין,סט.,פירוש,לא,
748,תוספות רבינו שמואל (בשיטת הקדמונים) מסכת קידושין,כן,קידושין,סט.,פירוש,לא,
750,תוספות רבינו שמואל (בשיטת הקדמונים) מסכת קידושין,כן,קידושין,סט:,פירוש,לא,
751,תוספות רבינו שמואל (בשיטת הקדמונים) מסכת קידושין,כן,קידושין,סט:,פירוש,לא,
752,תוספות רבינו שמואל (בשיטת הקדמונים) מסכת קידושין,כן,קידושין,סט:,פירוש,לא,
754,תוספות רבינו שמואל (בשיטת הקדמונים) מסכת קידושין,כן,קידושין,ע.,פירוש,לא,
755,תוספות רבינו שמואל (בשיטת הקדמונים) מסכת קידושין,כן,קידושין,ע.,פירוש,לא,
756,תוספות רבינו שמואל (בשיטת הקדמונים) מסכת קידושין,כן,קידושין,ע.,פירוש,לא,
757,תוספות רבינו שמואל (בשיטת הקדמונים) מסכת קידושין,כן,קידושין,ע.,פירוש,לא,
759,תוספות רבינו שמואל (בשיטת הקדמונים) מסכת קידושין,כן,קידושין,ע:,פירוש,לא,
760,תוספות רבינו שמואל (בשיטת הקדמונים) מסכת קידושין,כן,קידושין,ע:,פירוש,לא,
761,תוספות רבינו שמואל (בשיטת הקדמונים) מסכת קידושין,כן,קידושין,ע:,פירוש,לא,
762,תוספות רבינו שמואל (בשיטת הקדמונים) מסכת קידושין,כן,קידושין,ע:,פירוש,לא,
764,תוספות רבינו שמואל (בשיטת הקדמונים) מסכת קידושין,כן,קידושין,עא.,פירוש,לא,
765,תוספות רבינו שמואל (בשיטת הקדמונים) מסכת קידושין,כן,קידושין,עא.,פירוש,לא,
767,תוספות רבינו שמואל (בשיטת הקדמונים) מסכת קידושין,כן,קידושין,עא:,פירוש,לא,
769,תוספות רבינו שמואל (בשיטת הקדמונים) מסכת קידושין,כן,קידושין,עב.,פירוש,לא,
770,תוספות רבינו שמואל (בשיטת הקדמונים) מסכת קידושין,כן,קידושין,עב.,פירוש,לא,
772,תוספות רבינו שמואל (בשיטת הקדמונים) מסכת קידושין,כן,קידושין,עב:,פירוש,לא,
773,תוספות רבינו שמואל (בשיטת הקדמונים) מסכת קידושין,כן,קידושין,עב:,פירוש,לא,
775,תוספות רבינו שמואל (בשיטת הקדמונים) מסכת קידושין,כן,קידושין,עג.,פירוש,לא,
776,תוספות רבינו שמואל (בשיטת הקדמונים) מסכת קידושין,כן,קידושין,עג.,פירוש,לא,
777,תוספות רבינו שמואל (בשיטת הקדמונים) מסכת קידושין,כן,קידושין,עג.,פירוש,לא,
779,תוספות רבינו שמואל (בשיטת הקדמונים) מסכת קידושין,כן,קידושין,עג:,פירוש,לא,
780,תוספות רבינו שמואל (בשיטת הקדמונים) מסכת קידושין,כן,קידושין,עג:,פירוש,לא,
781,תוספות רבינו שמואל (בשיטת הקדמונים) מסכת קידושין,כן,קידושין,עג:,פירוש,לא,
782,תוספות רבינו שמואל (בשיטת הקדמונים) מסכת קידושין,כן,קידושין,עג:,פירוש,לא,
784,תוספות רבינו שמואל (בשיטת הקדמונים) מסכת קידושין,כן,קידושין,עד.,פירוש,לא,
785,תוספות רבינו שמואל (בשיטת הקדמונים) מסכת קידושין,כן,קידושין,עד.,פירוש,לא,
786,תוספות רבינו שמואל (בשיטת הקדמונים) מסכת קידושין,כן,קידושין,עד.,פירוש,לא,
787,תוספות רבינו שמואל (בשיטת הקדמונים) מסכת קידושין,כן,קידושין,עד.,פירוש,לא,
788,תוספות רבינו שמואל (בשיטת הקדמונים) מסכת קידושין,כן,קידושין,עד.,פירוש,לא,
789,תוספות רבינו שמואל (בשיטת הקדמונים) מסכת קידושין,כן,קידושין,עד.,פירוש,לא,
790,תוספות רבינו שמואל (בשיטת הקדמונים) מסכת קידושין,כן,קידושין,עד.,פירוש,לא,
792,תוספות רבינו שמואל (בשיטת הקדמונים) מסכת קידושין,כן,קידושין,עד:,פירוש,לא,
793,תוספות רבינו שמואל (בשיטת הקדמונים) מסכת קידושין,כן,קידושין,עד:,פירוש,לא,
794,תוספות רבינו שמואל (בשיטת הקדמונים) מסכת קידושין,כן,קידושין,עד:,פירוש,לא,
795,תוספות רבינו שמואל (בשיטת הקדמונים) מסכת קידושין,כן,קידושין,עד:,פירוש,לא,
797,תוספות רבינו שמואל (בשיטת הקדמונים) מסכת קידושין,כן,קידושין,עה.,פירוש,לא,
798,תוספות רבינו שמואל (בשיטת הקדמונים) מסכת קידושין,כן,קידושין,עה.,פירוש,לא,
799,תוספות רבינו שמואל (בשיטת הקדמונים) מסכת קידושין,כן,קידושין,עה.,פירוש,לא,
800,תוספות רבינו שמואל (בשיטת הקדמונים) מסכת קידושין,כן,קידושין,עה.,פירוש,לא,
801,תוספות רבינו שמואל (בשיטת הקדמונים) מסכת קידושין,כן,קידושין,עה.,פירוש,לא,
802,תוספות רבינו שמואל (בשיטת הקדמונים) מסכת קידושין,כן,קידושין,עה.,פירוש,לא,
803,תוספות רבינו שמואל (בשיטת הקדמונים) מסכת קידושין,כן,קידושין,עה.,פירוש,לא,
804,תוספות רבינו שמואל (בשיטת הקדמונים) מסכת קידושין,כן,קידושין,עה.,פירוש,לא,
806,תוספות רבינו שמואל (בשיטת הקדמונים) מסכת קידושין,כן,קידושין,עה:,פירוש,לא,
807,תוספות רבינו שמואל (בשיטת הקדמונים) מסכת קידושין,כן,קידושין,עה:,פירוש,לא,
808,תוספות רבינו שמואל (בשיטת הקדמונים) מסכת קידושין,כן,קידושין,עה:,פירוש,לא,
810,תוספות רבינו שמואל (בשיטת הקדמונים) מסכת קידושין,כן,קידושין,עו.,פירוש,לא,
811,תוספות רבינו שמואל (בשיטת הקדמונים) מסכת קידושין,כן,קידושין,עו.,פירוש,לא,
812,תוספות רבינו שמואל (בשיטת הקדמונים) מסכת קידושין,כן,קידושין,עו.,פירוש,לא,
813,תוספות רבינו שמואל (בשיטת הקדמונים) מסכת קידושין,כן,קידושין,עו.,פירוש,לא,
814,תוספות רבינו שמואל (בשיטת הקדמונים) מסכת קידושין,כן,קידושין,עו.,פירוש,לא,
816,תוספות רבינו שמואל (בשיטת הקדמונים) מסכת קידושין,כן,קידושין,עו:,פירוש,לא,
817,תוספות רבינו שמואל (בשיטת הקדמונים) מסכת קידושין,כן,קידושין,עו:,פירוש,לא,
818,תוספות רבינו שמואל (בשיטת הקדמונים) מסכת קידושין,כן,קידושין,עו:,פירוש,לא,
819,תוספות רבינו שמואל (בשיטת הקדמונים) מסכת קידושין,כן,קידושין,עו:,פירוש,לא,
820,תוספות רבינו שמואל (בשיטת הקדמונים) מסכת קידושין,כן,קידושין,עו:,פירוש,לא,
821,תוספות רבינו שמואל (בשיטת הקדמונים) מסכת קידושין,כן,קידושין,עו:,פירוש,לא,
823,תוספות רבינו שמואל (בשיטת הקדמונים) מסכת קידושין,כן,קידושין,עז.,פירוש,לא,
824,תוספות רבינו שמואל (בשיטת הקדמונים) מסכת קידושין,כן,קידושין,עז.,פירוש,לא,
825,תוספות רבינו שמואל (בשיטת הקדמונים) מסכת קידושין,כן,קידושין,עז.,פירוש,לא,
827,תוספות רבינו שמואל (בשיטת הקדמונים) מסכת קידושין,כן,קידושין,עז:,פירוש,לא,
828,תוספות רבינו שמואל (בשיטת הקדמונים) מסכת קידושין,כן,קידושין,עז:,פירוש,לא,
829,תוספות רבינו שמואל (בשיטת הקדמונים) מסכת קידושין,כן,קידושין,עז:,פירוש,לא,
830,תוספות רבינו שמואל (בשיטת הקדמונים) מסכת קידושין,כן,קידושין,עז:,פירוש,לא,
831,תוספות רבינו שמואל (בשיטת הקדמונים) מסכת קידושין,כן,קידושין,עז:,פירוש,לא,
833,תוספות רבינו שמואל (בשיטת הקדמונים) מסכת קידושין,כן,קידושין,עח.,פירוש,לא,
834,תוספות רבינו שמואל (בשיטת הקדמונים) מסכת קידושין,כן,קידושין,עח.,פירוש,לא,
836,תוספות רבינו שמואל (בשיטת הקדמונים) מסכת קידושין,כן,קידושין,עח:,פירוש,לא,
837,תוספות רבינו שמואל (בשיטת הקדמונים) מסכת קידושין,כן,קידושין,עח:,פירוש,לא,
839,תוספות רבינו שמואל (בשיטת הקדמונים) מסכת קידושין,כן,קידושין,עט.,פירוש,לא,
840,תוספות רבינו שמואל (בשיטת הקדמונים) מסכת קידושין,כן,קידושין,עט.,פירוש,לא,
841,תוספות רבינו שמואל (בשיטת הקדמונים) מסכת קידושין,כן,קידושין,עט.,פירוש,לא,
842,תוספות רבינו שמואל (בשיטת הקדמונים) מסכת קידושין,כן,קידושין,עט.,פירוש,לא,
844,תוספות רבינו שמואל (בשיטת הקדמונים) מסכת קידושין,כן,קידושין,עט:,פירוש,לא,
845,תוספות רבינו שמואל (בשיטת הקדמונים) מסכת קידושין,כן,קידושין,עט:,פירוש,לא,
846,תוספות רבינו שמואל (בשיטת הקדמונים) מסכת קידושין,כן,קידושין,עט:,פירוש,לא,
847,תוספות רבינו שמואל (בשיטת הקדמונים) מסכת קידושין,כן,קידושין,עט:,פירוש,לא,
848,תוספות רבינו שמואל (בשיטת הקדמונים) מסכת קידושין,כן,קידושין,עט:,פירוש,לא,
850,תוספות רבינו שמואל (בשיטת הקדמונים) מסכת קידושין,כן,קידושין,פ.,פירוש,לא,
851,תוספות רבינו שמואל (בשיטת הקדמונים) מסכת קידושין,כן,קידושין,פ.,פירוש,לא,
852,תוספות רבינו שמואל (בשיטת הקדמונים) מסכת קידושין,כן,קידושין,פ.,פירוש,לא,
853,תוספות רבינו שמואל (בשיטת הקדמונים) מסכת קידושין,כן,קידושין,פ.,פירוש,לא,
854,תוספות רבינו שמואל (בשיטת הקדמונים) מסכת קידושין,כן,קידושין,פ.,פירוש,לא,
856,תוספות רבינו שמואל (בשיטת הקדמונים) מסכת קידושין,כן,קידושין,פ:,פירוש,לא,
857,תוספות רבינו שמואל (בשיטת הקדמונים) מסכת קידושין,כן,קידושין,פ:,פירוש,לא,
858,תוספות רבינו שמואל (בשיטת הקדמונים) מסכת קידושין,כן,קידושין,פ:,פירוש,לא,
860,תוספות רבינו שמואל (בשיטת הקדמונים) מסכת קידושין,כן,קידושין,פא.,פירוש,לא,
861,תוספות רבינו שמואל (בשיטת הקדמונים) מסכת קידושין,כן,קידושין,פא.,פירוש,לא,
863,תוספות רבינו שמואל (בשיטת הקדמונים) מסכת קידושין,כן,קידושין,פא:,פירוש,לא,
865,תוספות רבינו שמואל (בשיטת הקדמונים) מסכת קידושין,כן,קידושין,פב.,פירוש,לא,
866,תוספות רבינו שמואל (בשיטת הקדמונים) מסכת קידושין,כן,קידושין,פב.,פירוש,לא,
867,תוספות רבינו שמואל (בשיטת הקדמונים) מסכת קידושין,כן,קידושין,פב.,פירוש,לא,
868,תוספות רבינו שמואל (בשיטת הקדמונים) מסכת קידושין,כן,קידושין,פב.,פירוש,לא,
869,תוספות רבינו שמואל (בשיטת הקדמונים) מסכת קידושין,כן,קידושין,פב.,פירוש,לא,
870,תוספות רבינו שמואל (בשיטת הקדמונים) מסכת קידושין,כן,קידושין,פב.,פירוש,לא,
6,תוספות רי״ד מסכת מגילה,כן,מגילה,ב.,פירוש,לא,
7,תוספות רי״ד מסכת מגילה,כן,מגילה,ב.,פירוש,לא,
8,תוספות רי״ד מסכת מגילה,כן,מגילה,ב.,פירוש,לא,
10,תוספות רי״ד מסכת מגילה,כן,מגילה,ב:,פירוש,לא,
11,תוספות רי״ד מסכת מגילה,כן,מגילה,ב:,פירוש,לא,
12,תוספות רי״ד מסכת מגילה,כן,מגילה,ב:,פירוש,לא,
14,תוספות רי״ד מסכת מגילה,כן,מגילה,ג.,פירוש,לא,
15,תוספות רי״ד מסכת מגילה,כן,מגילה,ג.,פירוש,לא,
16,תוספות רי״ד מסכת מגילה,כן,מגילה,ג.,פירוש,לא,
18,תוספות רי״ד מסכת מגילה,כן,מגילה,ד.,פירוש,לא,
20,תוספות רי״ד מסכת מגילה,כן,מגילה,ד:,פירוש,לא,
21,תוספות רי״ד מסכת מגילה,כן,מגילה,ד:,פירוש,לא,
22,תוספות רי״ד מסכת מגילה,כן,מגילה,ד:,פירוש,לא,
23,תוספות רי״ד מסכת מגילה,כן,מגילה,ד:,פירוש,לא,
25,תוספות רי״ד מסכת מגילה,כן,מגילה,ה.,פירוש,לא,
26,תוספות רי״ד מסכת מגילה,כן,מגילה,ה.,פירוש,לא,
27,תוספות רי״ד מסכת מגילה,כן,מגילה,ה.,פירוש,לא,
28,תוספות רי״ד מסכת מגילה,כן,מגילה,ה.,פירוש,לא,
29,תוספות רי״ד מסכת מגילה,כן,מגילה,ה.,פירוש,לא,
31,תוספות רי״ד מסכת מגילה,כן,מגילה,ה:,פירוש,לא,
32,תוספות רי״ד מסכת מגילה,כן,מגילה,ה:,פירוש,לא,
34,תוספות רי״ד מסכת מגילה,כן,מגילה,ו:,פירוש,לא,
35,תוספות רי״ד מסכת מגילה,כן,מגילה,ו:,פירוש,לא,
36,תוספות רי״ד מסכת מגילה,כן,מגילה,ו:,פירוש,לא,
38,תוספות רי״ד מסכת מגילה,כן,מגילה,ז:,פירוש,לא,
39,תוספות רי״ד מסכת מגילה,כן,מגילה,ז:,פירוש,לא,
40,תוספות רי״ד מסכת מגילה,כן,מגילה,ז:,פירוש,לא,
41,תוספות רי״ד מסכת מגילה,כן,מגילה,ז:,פירוש,לא,
43,תוספות רי״ד מסכת מגילה,כן,מגילה,ח.,פירוש,לא,
44,תוספות רי״ד מסכת מגילה,כן,מגילה,ח.,פירוש,לא,
46,תוספות רי״ד מסכת מגילה,כן,מגילה,ח:,פירוש,לא,
47,תוספות רי״ד מסכת מגילה,כן,מגילה,ח:,פירוש,לא,
49,תוספות רי״ד מסכת מגילה,כן,מגילה,ט:,פירוש,לא,
51,תוספות רי״ד מסכת מגילה,כן,מגילה,י.,פירוש,לא,
53,תוספות רי״ד מסכת מגילה,כן,מגילה,י:,פירוש,לא,
54,תוספות רי״ד מסכת מגילה,כן,מגילה,י:,פירוש,לא,
56,תוספות רי״ד מסכת מגילה,כן,מגילה,יא.,פירוש,לא,
58,תוספות רי״ד מסכת מגילה,כן,מגילה,יא:,פירוש,לא,
60,תוספות רי״ד מסכת מגילה,כן,מגילה,יב.,פירוש,לא,
62,תוספות רי״ד מסכת מגילה,כן,מגילה,יב:,פירוש,לא,
64,תוספות רי״ד מסכת מגילה,כן,מגילה,טז:,פירוש,לא,
65,תוספות רי״ד מסכת מגילה,כן,מגילה,טז:,פירוש,לא,
68,תוספות רי״ד מסכת מגילה,כן,מגילה,יז.,פירוש,לא,
69,תוספות רי״ד מסכת מגילה,כן,מגילה,יז.,פירוש,לא,
71,תוספות רי״ד מסכת מגילה,כן,מגילה,יט:,פירוש,לא,
72,תוספות רי״ד מסכת מגילה,כן,מגילה,יט:,פירוש,לא,
74,תוספות רי״ד מסכת מגילה,כן,מגילה,כ.,פירוש,לא,
76,תוספות רי״ד מסכת מגילה,כן,מגילה,כ:,פירוש,לא,
77,תוספות רי״ד מסכת מגילה,כן,מגילה,כ:,פירוש,לא,
78,תוספות רי״ד מסכת מגילה,כן,מגילה,כ:,פירוש,לא,
81,תוספות רי״ד מסכת מגילה,כן,מגילה,כא.,פירוש,לא,
82,תוספות רי״ד מסכת מגילה,כן,מגילה,כא.,פירוש,לא,
83,תוספות רי״ד מסכת מגילה,כן,מגילה,כא.,פירוש,לא,
85,תוספות רי״ד מסכת מגילה,כן,מגילה,כג.,פירוש,לא,
86,תוספות רי״ד מסכת מגילה,כן,מגילה,כג.,פירוש,לא,
87,תוספות רי״ד מסכת מגילה,כן,מגילה,כג.,פירוש,לא,
88,תוספות רי״ד מסכת מגילה,כן,מגילה,כג.,פירוש,לא,
89,תוספות רי״ד מסכת מגילה,כן,מגילה,כג.,פירוש,לא,
91,תוספות רי״ד מסכת מגילה,כן,מגילה,כה:,פירוש,לא,
94,תוספות רי״ד מסכת מגילה,כן,מגילה,כו.,פירוש,לא,
95,תוספות רי״ד מסכת מגילה,כן,מגילה,כו.,פירוש,לא,
96,תוספות רי״ד מסכת מגילה,כן,מגילה,כו.,פירוש,לא,
97,תוספות רי״ד מסכת מגילה,כן,מגילה,כו.,פירוש,לא,
99,תוספות רי״ד מסכת מגילה,כן,מגילה,כח.,פירוש,לא,
101,תוספות רי״ד מסכת מגילה,כן,מגילה,כט:,פירוש,לא,
102,תוספות רי״ד מסכת מגילה,כן,מגילה,כט:,פירוש,לא,
104,תוספות רי״ד מסכת מגילה,כן,מגילה,ל.,פירוש,לא,
106,תוספות רי״ד מסכת מגילה,כן,מגילה,ל:,פירוש,לא,
107,תוספות רי״ד מסכת מגילה,כן,מגילה,ל:,פירוש,לא,
109,תוספות רי״ד מסכת מגילה,כן,מגילה,לא:,פירוש,לא,
110,תוספות רי״ד מסכת מגילה,כן,מגילה,לא:,פירוש,לא,
111,תוספות רי״ד מסכת מגילה,כן,מגילה,לא:,פירוש,לא,
6,תוספות רי״ד מסכת עבודה זרה,כן,עבודה זרה,ב.,פירוש,לא,
7,תוספות רי״ד מסכת עבודה זרה,כן,עבודה זרה,ב.,פירוש,לא,
8,תוספות רי״ד מסכת עבודה זרה,כן,עבודה זרה,ב.,פירוש,לא,
10,תוספות רי״ד מסכת עבודה זרה,כן,עבודה זרה,ב:,פירוש,לא,
12,תוספות רי״ד מסכת עבודה זרה,כן,עבודה זרה,ג.,פירוש,לא,
13,תוספות רי״ד מסכת עבודה זרה,כן,עבודה זרה,ג.,פירוש,לא,
14,תוספות רי״ד מסכת עבודה זרה,כן,עבודה זרה,ג.,פירוש,לא,
15,תוספות רי״ד מסכת עבודה זרה,כן,עבודה זרה,ג.,פירוש,לא,
16,תוספות רי״ד מסכת עבודה זרה,כן,עבודה זרה,ג.,פירוש,לא,
18,תוספות רי״ד מסכת עבודה זרה,כן,עבודה זרה,ג:,פירוש,לא,
20,תוספות רי״ד מסכת עבודה זרה,כן,עבודה זרה,ד:,פירוש,לא,
22,תוספות רי״ד מסכת עבודה זרה,כן,עבודה זרה,ה:,פירוש,לא,
23,תוספות רי״ד מסכת עבודה זרה,כן,עבודה זרה,ה:,פירוש,לא,
24,תוספות רי״ד מסכת עבודה זרה,כן,עבודה זרה,ה:,פירוש,לא,
25,תוספות רי״ד מסכת עבודה זרה,כן,עבודה זרה,ה:,פירוש,לא,
27,תוספות רי״ד מסכת עבודה זרה,כן,עבודה זרה,ו.,פירוש,לא,
28,תוספות רי״ד מסכת עבודה זרה,כן,עבודה זרה,ו.,פירוש,לא,
29,תוספות רי״ד מסכת עבודה זרה,כן,עבודה זרה,ו.,פירוש,לא,
30,תוספות רי״ד מסכת עבודה זרה,כן,עבודה זרה,ו.,פירוש,לא,
31,תוספות רי״ד מסכת עבודה זרה,כן,עבודה זרה,ו.,פירוש,לא,
33,תוספות רי״ד מסכת עבודה זרה,כן,עבודה זרה,ו:,פירוש,לא,
34,תוספות רי״ד מסכת עבודה זרה,כן,עבודה זרה,ו:,פירוש,לא,
35,תוספות רי״ד מסכת עבודה זרה,כן,עבודה זרה,ו:,פירוש,לא,
36,תוספות רי״ד מסכת עבודה זרה,כן,עבודה זרה,ו:,פירוש,לא,
37,תוספות רי״ד מסכת עבודה זרה,כן,עבודה זרה,ו:,פירוש,לא,
38,תוספות רי״ד מסכת עבודה זרה,כן,עבודה זרה,ו:,פירוש,לא,
39,תוספות רי״ד מסכת עבודה זרה,כן,עבודה זרה,ו:,פירוש,לא,
40,תוספות רי״ד מסכת עבודה זרה,כן,עבודה זרה,ו:,פירוש,לא,
42,תוספות רי״ד מסכת עבודה זרה,כן,עבודה זרה,ז.,פירוש,לא,
44,תוספות רי״ד מסכת עבודה זרה,כן,עבודה זרה,ז:,פירוש,לא,
45,תוספות רי״ד מסכת עבודה זרה,כן,עבודה זרה,ז:,פירוש,לא,
47,תוספות רי״ד מסכת עבודה זרה,כן,עבודה זרה,ח.,פירוש,לא,
48,תוספות רי״ד מסכת עבודה זרה,כן,עבודה זרה,ח.,פירוש,לא,
49,תוספות רי״ד מסכת עבודה זרה,כן,עבודה זרה,ח.,פירוש,לא,
50,תוספות רי״ד מסכת עבודה זרה,כן,עבודה זרה,ח.,פירוש,לא,
51,תוספות רי״ד מסכת עבודה זרה,כן,עבודה זרה,ח.,פירוש,לא,
53,תוספות רי״ד מסכת עבודה זרה,כן,עבודה זרה,ח:,פירוש,לא,
54,תוספות רי״ד מסכת עבודה זרה,כן,עבודה זרה,ח:,פירוש,לא,
55,תוספות רי״ד מסכת עבודה זרה,כן,עבודה זרה,ח:,פירוש,לא,
57,תוספות רי״ד מסכת עבודה זרה,כן,עבודה זרה,ט:,פירוש,לא,
59,תוספות רי״ד מסכת עבודה זרה,כן,עבודה זרה,י.,פירוש,לא,
60,תוספות רי״ד מסכת עבודה זרה,כן,עבודה זרה,י.,פירוש,לא,
62,תוספות רי״ד מסכת עבודה זרה,כן,עבודה זרה,י:,פירוש,לא,
63,תוספות רי״ד מסכת עבודה זרה,כן,עבודה זרה,י:,פירוש,לא,
65,תוספות רי״ד מסכת עבודה זרה,כן,עבודה זרה,יא.,פירוש,לא,
66,תוספות רי״ד מסכת עבודה זרה,כן,עבודה זרה,יא.,פירוש,לא,
67,תוספות רי״ד מסכת עבודה זרה,כן,עבודה זרה,יא.,פירוש,לא,
68,תוספות רי״ד מסכת עבודה זרה,כן,עבודה זרה,יא.,פירוש,לא,
70,תוספות רי״ד מסכת עבודה זרה,כן,עבודה זרה,יא:,פירוש,לא,
71,תוספות רי״ד מסכת עבודה זרה,כן,עבודה זרה,יא:,פירוש,לא,
72,תוספות רי״ד מסכת עבודה זרה,כן,עבודה זרה,יא:,פירוש,לא,
73,תוספות רי״ד מסכת עבודה זרה,כן,עבודה זרה,יא:,פירוש,לא,
75,תוספות רי״ד מסכת עבודה זרה,כן,עבודה זרה,יב.,פירוש,לא,
76,תוספות רי״ד מסכת עבודה זרה,כן,עבודה זרה,יב.,פירוש,לא,
77,תוספות רי״ד מסכת עבודה זרה,כן,עבודה זרה,יב.,פירוש,לא,
79,תוספות רי״ד מסכת עבודה זרה,כן,עבודה זרה,יב:,פירוש,לא,
80,תוספות רי״ד מסכת עבודה זרה,כן,עבודה זרה,יב:,פירוש,לא,
81,תוספות רי״ד מסכת עבודה זרה,כן,עבודה זרה,יב:,פירוש,לא,
82,תוספות רי״ד מסכת עבודה זרה,כן,עבודה זרה,יב:,פירוש,לא,
84,תוספות רי״ד מסכת עבודה זרה,כן,עבודה זרה,יג.,פירוש,לא,
85,תוספות רי״ד מסכת עבודה זרה,כן,עבודה זרה,יג.,פירוש,לא,
87,תוספות רי״ד מסכת עבודה זרה,כן,עבודה זרה,יג:,פירוש,לא,
88,תוספות רי״ד מסכת עבודה זרה,כן,עבודה זרה,יג:,פירוש,לא,
89,תוספות רי״ד מסכת עבודה זרה,כן,עבודה זרה,יג:,פירוש,לא,
91,תוספות רי״ד מסכת עבודה זרה,כן,עבודה זרה,יד.,פירוש,לא,
92,תוספות רי״ד מסכת עבודה זרה,כן,עבודה זרה,יד.,פירוש,לא,
93,תוספות רי״ד מסכת עבודה זרה,כן,עבודה זרה,יד.,פירוש,לא,
94,תוספות רי״ד מסכת עבודה זרה,כן,עבודה זרה,יד.,פירוש,לא,
95,תוספות רי״ד מסכת עבודה זרה,כן,עבודה זרה,יד.,פירוש,לא,
97,תוספות רי״ד מסכת עבודה זרה,כן,עבודה זרה,יד:,פירוש,לא,
98,תוספות רי״ד מסכת עבודה זרה,כן,עבודה זרה,יד:,פירוש,לא,
99,תוספות רי״ד מסכת עבודה זרה,כן,עבודה זרה,יד:,פירוש,לא,
100,תוספות רי״ד מסכת עבודה זרה,כן,עבודה זרה,יד:,פירוש,לא,
102,תוספות רי״ד מסכת עבודה זרה,כן,עבודה זרה,טו.,פירוש,לא,
103,תוספות רי״ד מסכת עבודה זרה,כן,עבודה זרה,טו.,פירוש,לא,
105,תוספות רי״ד מסכת עבודה זרה,כן,עבודה זרה,טו:,פירוש,לא,
106,תוספות רי״ד מסכת עבודה זרה,כן,עבודה זרה,טו:,פירוש,לא,
108,תוספות רי״ד מסכת עבודה זרה,כן,עבודה זרה,טז.,פירוש,לא,
109,תוספות רי״ד מסכת עבודה זרה,כן,עבודה זרה,טז.,פירוש,לא,
110,תוספות רי״ד מסכת עבודה זרה,כן,עבודה זרה,טז.,פירוש,לא,
111,תוספות רי״ד מסכת עבודה זרה,כן,עבודה זרה,טז.,פירוש,לא,
113,תוספות רי״ד מסכת עבודה זרה,כן,עבודה זרה,כא.,פירוש,לא,
114,תוספות רי״ד מסכת עבודה זרה,כן,עבודה זרה,כא.,פירוש,לא,
116,תוספות רי״ד מסכת עבודה זרה,כן,עבודה זרה,כא:,פירוש,לא,
118,תוספות רי״ד מסכת עבודה זרה,כן,עבודה זרה,כא:,פירוש,לא,
120,תוספות רי״ד מסכת עבודה זרה,כן,עבודה זרה,כב.,פירוש,לא,
122,תוספות רי״ד מסכת עבודה זרה,כן,עבודה זרה,כג.,פירוש,לא,
123,תוספות רי״ד מסכת עבודה זרה,כן,עבודה זרה,כג.,פירוש,לא,
124,תוספות רי״ד מסכת עבודה זרה,כן,עבודה זרה,כג.,פירוש,לא,
125,תוספות רי״ד מסכת עבודה זרה,כן,עבודה זרה,כג.,פירוש,לא,
126,תוספות רי״ד מסכת עבודה זרה,כן,עבודה זרה,כג.,פירוש,לא,
128,תוספות רי״ד מסכת עבודה זרה,כן,עבודה זרה,כג:,פירוש,לא,
129,תוספות רי״ד מסכת עבודה זרה,כן,עבודה זרה,כג:,פירוש,לא,
130,תוספות רי״ד מסכת עבודה זרה,כן,עבודה זרה,כג:,פירוש,לא,
131,תוספות רי״ד מסכת עבודה זרה,כן,עבודה זרה,כג:,פירוש,לא,
132,תוספות רי״ד מסכת עבודה זרה,כן,עבודה זרה,כג:,פירוש,לא,
134,תוספות רי״ד מסכת עבודה זרה,כן,עבודה זרה,כד.,פירוש,לא,
136,תוספות רי״ד מסכת עבודה זרה,כן,עבודה זרה,כד:,פירוש,לא,
137,תוספות רי״ד מסכת עבודה זרה,כן,עבודה זרה,כד:,פירוש,לא,
139,תוספות רי״ד מסכת עבודה זרה,כן,עבודה זרה,כה.,פירוש,לא,
140,תוספות רי״ד מסכת עבודה זרה,כן,עבודה זרה,כה.,פירוש,לא,
141,תוספות רי״ד מסכת עבודה זרה,כן,עבודה זרה,כה.,פירוש,לא,
143,תוספות רי״ד מסכת עבודה זרה,כן,עבודה זרה,כה:,פירוש,לא,
144,תוספות רי״ד מסכת עבודה זרה,כן,עבודה זרה,כה:,פירוש,לא,
146,תוספות רי״ד מסכת עבודה זרה,כן,עבודה זרה,כו.,פירוש,לא,
148,תוספות רי״ד מסכת עבודה זרה,כן,עבודה זרה,כו:,פירוש,לא,
149,תוספות רי״ד מסכת עבודה זרה,כן,עבודה זרה,כו:,פירוש,לא,
150,תוספות רי״ד מסכת עבודה זרה,כן,עבודה זרה,כו:,פירוש,לא,
152,תוספות רי״ד מסכת עבודה זרה,כן,עבודה זרה,כז.,פירוש,לא,
153,תוספות רי״ד מסכת עבודה זרה,כן,עבודה זרה,כז.,פירוש,לא,
155,תוספות רי״ד מסכת עבודה זרה,כן,עבודה זרה,כז:,פירוש,לא,
156,תוספות רי״ד מסכת עבודה זרה,כן,עבודה זרה,כז:,פירוש,לא,
158,תוספות רי״ד מסכת עבודה זרה,כן,עבודה זרה,כח.,פירוש,לא,
159,תוספות רי״ד מסכת עבודה זרה,כן,עבודה זרה,כח.,פירוש,לא,
161,תוספות רי״ד מסכת עבודה זרה,כן,עבודה זרה,כט.,פירוש,לא,
162,תוספות רי״ד מסכת עבודה זרה,כן,עבודה זרה,כט.,פירוש,לא,
164,תוספות רי״ד מסכת עבודה זרה,כן,עבודה זרה,כט:,פירוש,לא,
165,תוספות רי״ד מסכת עבודה זרה,כן,עבודה זרה,כט:,פירוש,לא,
166,תוספות רי״ד מסכת עבודה זרה,כן,עבודה זרה,כט:,פירוש,לא,
168,תוספות רי״ד מסכת עבודה זרה,כן,עבודה זרה,ל.,פירוש,לא,
169,תוספות רי״ד מסכת עבודה זרה,כן,עבודה זרה,ל.,פירוש,לא,
170,תוספות רי״ד מסכת עבודה זרה,כן,עבודה זרה,ל.,פירוש,לא,
171,תוספות רי״ד מסכת עבודה זרה,כן,עבודה זרה,ל.,פירוש,לא,
173,תוספות רי״ד מסכת עבודה זרה,כן,עבודה זרה,ל:,פירוש,לא,
174,תוספות רי״ד מסכת עבודה זרה,כן,עבודה זרה,ל:,פירוש,לא,
176,תוספות רי״ד מסכת עבודה זרה,כן,עבודה זרה,לא.,פירוש,לא,
177,תוספות רי״ד מסכת עבודה זרה,כן,עבודה זרה,לא.,פירוש,לא,
178,תוספות רי״ד מסכת עבודה זרה,כן,עבודה זרה,לא.,פירוש,לא,
179,תוספות רי״ד מסכת עבודה זרה,כן,עבודה זרה,לא.,פירוש,לא,
180,תוספות רי״ד מסכת עבודה זרה,כן,עבודה זרה,לא.,פירוש,לא,
181,תוספות רי״ד מסכת עבודה זרה,כן,עבודה זרה,לא.,פירוש,לא,
182,תוספות רי״ד מסכת עבודה זרה,כן,עבודה זרה,לא.,פירוש,לא,
183,תוספות רי״ד מסכת עבודה זרה,כן,עבודה זרה,לא.,פירוש,לא,
184,תוספות רי״ד מסכת עבודה זרה,כן,עבודה זרה,לא.,פירוש,לא,
185,תוספות רי״ד מסכת עבודה זרה,כן,עבודה זרה,לא.,פירוש,לא,
186,תוספות רי״ד מסכת עבודה זרה,כן,עבודה זרה,לא.,פירוש,לא,
187,תוספות רי״ד מסכת עבודה זרה,כן,עבודה זרה,לא.,פירוש,לא,
189,תוספות רי״ד מסכת עבודה זרה,כן,עבודה זרה,לב.,פירוש,לא,
190,תוספות רי״ד מסכת עבודה זרה,כן,עבודה זרה,לב.,פירוש,לא,
192,תוספות רי״ד מסכת עבודה זרה,כן,עבודה זרה,לב:,פירוש,לא,
194,תוספות רי״ד מסכת עבודה זרה,כן,עבודה זרה,לג.,פירוש,לא,
195,תוספות רי״ד מסכת עבודה זרה,כן,עבודה זרה,לג.,פירוש,לא,
196,תוספות רי״ד מסכת עבודה זרה,כן,עבודה זרה,לג.,פירוש,לא,
197,תוספות רי״ד מסכת עבודה זרה,כן,עבודה זרה,לג.,פירוש,לא,
198,תוספות רי״ד מסכת עבודה זרה,כן,עבודה זרה,לג.,פירוש,לא,
199,תוספות רי״ד מסכת עבודה זרה,כן,עבודה זרה,לג.,פירוש,לא,
200,תוספות רי״ד מסכת עבודה זרה,כן,עבודה זרה,לג.,פירוש,לא,
201,תוספות רי״ד מסכת עבודה זרה,כן,עבודה זרה,לג.,פירוש,לא,
202,תוספות רי״ד מסכת עבודה זרה,כן,עבודה זרה,לג.,פירוש,לא,
203,תוספות רי״ד מסכת עבודה זרה,כן,עבודה זרה,לג.,פירוש,לא,
205,תוספות רי״ד מסכת עבודה זרה,כן,עבודה זרה,לג:,פירוש,לא,
206,תוספות רי״ד מסכת עבודה זרה,כן,עבודה זרה,לג:,פירוש,לא,
207,תוספות רי״ד מסכת עבודה זרה,כן,עבודה זרה,לג:,פירוש,לא,
208,תוספות רי״ד מסכת עבודה זרה,כן,עבודה זרה,לג:,פירוש,לא,
209,תוספות רי״ד מסכת עבודה זרה,כן,עבודה זרה,לג:,פירוש,לא,
211,תוספות רי״ד מסכת עבודה זרה,כן,עבודה זרה,לד:,פירוש,לא,
212,תוספות רי״ד מסכת עבודה זרה,כן,עבודה זרה,לד:,פירוש,לא,
213,תוספות רי״ד מסכת עבודה זרה,כן,עבודה זרה,לד:,פירוש,לא,
214,תוספות רי״ד מסכת עבודה זרה,כן,עבודה זרה,לד:,פירוש,לא,
216,תוספות רי״ד מסכת עבודה זרה,כן,עבודה זרה,לה.,פירוש,לא,
217,תוספות רי״ד מסכת עבודה זרה,כן,עבודה זרה,לה.,פירוש,לא,
218,תוספות רי״ד מסכת עבודה זרה,כן,עבודה זרה,לה.,פירוש,לא,
219,תוספות רי״ד מסכת עבודה זרה,כן,עבודה זרה,לה.,פירוש,לא,
220,תוספות רי״ד מסכת עבודה זרה,כן,עבודה זרה,לה.,פירוש,לא,
222,תוספות רי״ד מסכת עבודה זרה,כן,עבודה זרה,לה:,פירוש,לא,
223,תוספות רי״ד מסכת עבודה זרה,כן,עבודה זרה,לה:,פירוש,לא,
224,תוספות רי״ד מסכת עבודה זרה,כן,עבודה זרה,לה:,פירוש,לא,
225,תוספות רי״ד מסכת עבודה זרה,כן,עבודה זרה,לה:,פירוש,לא,
226,תוספות רי״ד מסכת עבודה זרה,כן,עבודה זרה,לה:,פירוש,לא,
228,תוספות רי״ד מסכת עבודה זרה,כן,עבודה זרה,לו.,פירוש,לא,
230,תוספות רי״ד מסכת עבודה זרה,כן,עבודה זרה,לו:,פירוש,לא,
231,תוספות רי״ד מסכת עבודה זרה,כן,עבודה זרה,לו:,פירוש,לא,
232,תוספות רי״ד מסכת עבודה זרה,כן,עבודה זרה,לו:,פירוש,לא,
233,תוספות רי״ד מסכת עבודה זרה,כן,עבודה זרה,לו:,פירוש,לא,
234,תוספות רי״ד מסכת עבודה זרה,כן,עבודה זרה,לו:,פירוש,לא,
236,תוספות רי״ד מסכת עבודה זרה,כן,עבודה זרה,לז.,פירוש,לא,
237,תוספות רי״ד מסכת עבודה זרה,כן,עבודה זרה,לז.,פירוש,לא,
239,תוספות רי״ד מסכת עבודה זרה,כן,עבודה זרה,לח.,פירוש,לא,
240,תוספות רי״ד מסכת עבודה זרה,כן,עבודה זרה,לח.,פירוש,לא,
241,תוספות רי״ד מסכת עבודה זרה,כן,עבודה זרה,לח.,פירוש,לא,
242,תוספות רי״ד מסכת עבודה זרה,כן,עבודה זרה,לח.,פירוש,לא,
243,תוספות רי״ד מסכת עבודה זרה,כן,עבודה זרה,לח.,פירוש,לא,
244,תוספות רי״ד מסכת עבודה זרה,כן,עבודה זרה,לח.,פירוש,לא,
245,תוספות רי״ד מסכת עבודה זרה,כן,עבודה זרה,לח.,פירוש,לא,
246,תוספות רי״ד מסכת עבודה זרה,כן,עבודה זרה,לח.,פירוש,לא,
247,תוספות רי״ד מסכת עבודה זרה,כן,עבודה זרה,לח.,פירוש,לא,
249,תוספות רי״ד מסכת עבודה זרה,כן,עבודה זרה,לח:,פירוש,לא,
250,תוספות רי״ד מסכת עבודה זרה,כן,עבודה זרה,לח:,פירוש,לא,
251,תוספות רי״ד מסכת עבודה זרה,כן,עבודה זרה,לח:,פירוש,לא,
252,תוספות רי״ד מסכת עבודה זרה,כן,עבודה זרה,לח:,פירוש,לא,
254,תוספות רי״ד מסכת עבודה זרה,כן,עבודה זרה,לט.,פירוש,לא,
255,תוספות רי״ד מסכת עבודה זרה,כן,עבודה זרה,לט.,פירוש,לא,
256,תוספות רי״ד מסכת עבודה זרה,כן,עבודה זרה,לט.,פירוש,לא,
257,תוספות רי״ד מסכת עבודה זרה,כן,עבודה זרה,לט.,פירוש,לא,
259,תוספות רי״ד מסכת עבודה זרה,כן,עבודה זרה,לט:,פירוש,לא,
260,תוספות רי״ד מסכת עבודה זרה,כן,עבודה זרה,לט:,פירוש,לא,
262,תוספות רי״ד מסכת עבודה זרה,כן,עבודה זרה,מ.,פירוש,לא,
263,תוספות רי״ד מסכת עבודה זרה,כן,עבודה זרה,מ.,פירוש,לא,
264,תוספות רי״ד מסכת עבודה זרה,כן,עבודה זרה,מ.,פירוש,לא,
265,תוספות רי״ד מסכת עבודה זרה,כן,עבודה זרה,מ.,פירוש,לא,
266,תוספות רי״ד מסכת עבודה זרה,כן,עבודה זרה,מ.,פירוש,לא,
267,תוספות רי״ד מסכת עבודה זרה,כן,עבודה זרה,מ.,פירוש,לא,
268,תוספות רי״ד מסכת עבודה זרה,כן,עבודה זרה,מ.,פירוש,לא,
271,תוספות רי״ד מסכת עבודה זרה,כן,עבודה זרה,מ:,פירוש,לא,
272,תוספות רי״ד מסכת עבודה זרה,כן,עבודה זרה,מ:,פירוש,לא,
273,תוספות רי״ד מסכת עבודה זרה,כן,עבודה זרה,מ:,פירוש,לא,
274,תוספות רי״ד מסכת עבודה זרה,כן,עבודה זרה,מ:,פירוש,לא,
275,תוספות רי״ד מסכת עבודה זרה,כן,עבודה זרה,מ:,פירוש,לא,
276,תוספות רי״ד מסכת עבודה זרה,כן,עבודה זרה,מ:,פירוש,לא,
277,תוספות רי״ד מסכת עבודה זרה,כן,עבודה זרה,מ:,פירוש,לא,
279,תוספות רי״ד מסכת עבודה זרה,כן,עבודה זרה,מא:,פירוש,לא,
280,תוספות רי״ד מסכת עבודה זרה,כן,עבודה זרה,מא:,פירוש,לא,
281,תוספות רי״ד מסכת עבודה זרה,כן,עבודה זרה,מא:,פירוש,לא,
283,תוספות רי״ד מסכת עבודה זרה,כן,עבודה זרה,מב.,פירוש,לא,
284,תוספות רי״ד מסכת עבודה זרה,כן,עבודה זרה,מב.,פירוש,לא,
286,תוספות רי״ד מסכת עבודה זרה,כן,עבודה זרה,מב:,פירוש,לא,
287,תוספות רי״ד מסכת עבודה זרה,כן,עבודה זרה,מב:,פירוש,לא,
288,תוספות רי״ד מסכת עבודה זרה,כן,עבודה זרה,מב:,פירוש,לא,
290,תוספות רי״ד מסכת עבודה זרה,כן,עבודה זרה,מג.,פירוש,לא,
292,תוספות רי״ד מסכת עבודה זרה,כן,עבודה זרה,מג:,פירוש,לא,
294,תוספות רי״ד מסכת עבודה זרה,כן,עבודה זרה,מד.,פירוש,לא,
296,תוספות רי״ד מסכת עבודה זרה,כן,עבודה זרה,מד:,פירוש,לא,
297,תוספות רי״ד מסכת עבודה זרה,כן,עבודה זרה,מד:,פירוש,לא,
299,תוספות רי״ד מסכת עבודה זרה,כן,עבודה זרה,מה.,פירוש,לא,
300,תוספות רי״ד מסכת עבודה זרה,כן,עבודה זרה,מה.,פירוש,לא,
301,תוספות רי״ד מסכת עבודה זרה,כן,עבודה זרה,מה.,פירוש,לא,
303,תוספות רי״ד מסכת עבודה זרה,כן,עבודה זרה,מה:,פירוש,לא,
305,תוספות רי״ד מסכת עבודה זרה,כן,עבודה זרה,מו.,פירוש,לא,
306,תוספות רי״ד מסכת עבודה זרה,כן,עבודה זרה,מו.,פירוש,לא,
307,תוספות רי״ד מסכת עבודה זרה,כן,עבודה זרה,מו.,פירוש,לא,
308,תוספות רי״ד מסכת עבודה זרה,כן,עבודה זרה,מו.,פירוש,לא,
310,תוספות רי״ד מסכת עבודה זרה,כן,עבודה זרה,מו:,פירוש,לא,
311,תוספות רי״ד מסכת עבודה זרה,כן,עבודה זרה,מו:,פירוש,לא,
312,תוספות רי״ד מסכת עבודה זרה,כן,עבודה זרה,מו:,פירוש,לא,
313,תוספות רי״ד מסכת עבודה זרה,כן,עבודה זרה,מו:,פירוש,לא,
315,תוספות רי״ד מסכת עבודה זרה,כן,עבודה זרה,מז:,פירוש,לא,
316,תוספות רי״ד מסכת עבודה זרה,כן,עבודה זרה,מז:,פירוש,לא,
318,תוספות רי״ד מסכת עבודה זרה,כן,עבודה זרה,מח.,פירוש,לא,
319,תוספות רי״ד מסכת עבודה זרה,כן,עבודה זרה,מח.,פירוש,לא,
320,תוספות רי״ד מסכת עבודה זרה,כן,עבודה זרה,מח.,פירוש,לא,
322,תוספות רי״ד מסכת עבודה זרה,כן,עבודה זרה,מח:,פירוש,לא,
323,תוספות רי״ד מסכת עבודה זרה,כן,עבודה זרה,מח:,פירוש,לא,
324,תוספות רי״ד מסכת עבודה זרה,כן,עבודה זרה,מח:,פירוש,לא,
326,תוספות רי״ד מסכת עבודה זרה,כן,עבודה זרה,מט.,פירוש,לא,
328,תוספות רי״ד מסכת עבודה זרה,כן,עבודה זרה,מט:,פירוש,לא,
329,תוספות רי״ד מסכת עבודה זרה,כן,עבודה זרה,מט:,פירוש,לא,
330,תוספות רי״ד מסכת עבודה זרה,כן,עבודה זרה,מט:,פירוש,לא,
332,תוספות רי״ד מסכת עבודה זרה,כן,עבודה זרה,מט:,פירוש,לא,
333,תוספות רי״ד מסכת עבודה זרה,כן,עבודה זרה,מט:,פירוש,לא,
334,תוספות רי״ד מסכת עבודה זרה,כן,עבודה זרה,מט:,פירוש,לא,
336,תוספות רי״ד מסכת עבודה זרה,כן,עבודה זרה,נ.,פירוש,לא,
337,תוספות רי״ד מסכת עבודה זרה,כן,עבודה זרה,נ.,פירוש,לא,
338,תוספות רי״ד מסכת עבודה זרה,כן,עבודה זרה,נ.,פירוש,לא,
339,תוספות רי״ד מסכת עבודה זרה,כן,עבודה זרה,נ.,פירוש,לא,
340,תוספות רי״ד מסכת עבודה זרה,כן,עבודה זרה,נ.,פירוש,לא,
342,תוספות רי״ד מסכת עבודה זרה,כן,עבודה זרה,נ:,פירוש,לא,
344,תוספות רי״ד מסכת עבודה זרה,כן,עבודה זרה,נא.,פירוש,לא,
346,תוספות רי״ד מסכת עבודה זרה,כן,עבודה זרה,נא:,פירוש,לא,
347,תוספות רי״ד מסכת עבודה זרה,כן,עבודה זרה,נא:,פירוש,לא,
348,תוספות רי״ד מסכת עבודה זרה,כן,עבודה זרה,נא:,פירוש,לא,
349,תוספות רי״ד מסכת עבודה זרה,כן,עבודה זרה,נא:,פירוש,לא,
350,תוספות רי״ד מסכת עבודה זרה,כן,עבודה זרה,נא:,פירוש,לא,
351,תוספות רי״ד מסכת עבודה זרה,כן,עבודה זרה,נא:,פירוש,לא,
352,תוספות רי״ד מסכת עבודה זרה,כן,עבודה זרה,נא:,פירוש,לא,
353,תוספות רי״ד מסכת עבודה זרה,כן,עבודה זרה,נא:,פירוש,לא,
355,תוספות רי״ד מסכת עבודה זרה,כן,עבודה זרה,נב.,פירוש,לא,
356,תוספות רי״ד מסכת עבודה זרה,כן,עבודה זרה,נב.,פירוש,לא,
357,תוספות רי״ד מסכת עבודה זרה,כן,עבודה זרה,נב.,פירוש,לא,
359,תוספות רי״ד מסכת עבודה זרה,כן,עבודה זרה,נב:,פירוש,לא,
360,תוספות רי״ד מסכת עבודה זרה,כן,עבודה זרה,נב:,פירוש,לא,
361,תוספות רי״ד מסכת עבודה זרה,כן,עבודה זרה,נב:,פירוש,לא,
362,תוספות רי״ד מסכת עבודה זרה,כן,עבודה זרה,נב:,פירוש,לא,
363,תוספות רי״ד מסכת עבודה זרה,כן,עבודה זרה,נב:,פירוש,לא,
364,תוספות רי״ד מסכת עבודה זרה,כן,עבודה זרה,נב:,פירוש,לא,
366,תוספות רי״ד מסכת עבודה זרה,כן,עבודה זרה,נג.,פירוש,לא,
367,תוספות רי״ד מסכת עבודה זרה,כן,עבודה זרה,נג.,פירוש,לא,
369,תוספות רי״ד מסכת עבודה זרה,כן,עבודה זרה,נג:,פירוש,לא,
370,תוספות רי״ד מסכת עבודה זרה,כן,עבודה זרה,נג:,פירוש,לא,
371,תוספות רי״ד מסכת עבודה זרה,כן,עבודה זרה,נג:,פירוש,לא,
372,תוספות רי״ד מסכת עבודה זרה,כן,עבודה זרה,נג:,פירוש,לא,
373,תוספות רי״ד מסכת עבודה זרה,כן,עבודה זרה,נג:,פירוש,לא,
375,תוספות רי״ד מסכת עבודה זרה,כן,עבודה זרה,נד.,פירוש,לא,
376,תוספות רי״ד מסכת עבודה זרה,כן,עבודה זרה,נד.,פירוש,לא,
377,תוספות רי״ד מסכת עבודה זרה,כן,עבודה זרה,נד.,פירוש,לא,
378,תוספות רי״ד מסכת עבודה זרה,כן,עבודה זרה,נד.,פירוש,לא,
379,תוספות רי״ד מסכת עבודה זרה,כן,עבודה זרה,נד.,פירוש,לא,
380,תוספות רי״ד מסכת עבודה זרה,כן,עבודה זרה,נד.,פירוש,לא,
381,תוספות רי״ד מסכת עבודה זרה,כן,עבודה זרה,נד.,פירוש,לא,
383,תוספות רי״ד מסכת עבודה זרה,כן,עבודה זרה,נד:,פירוש,לא,
384,תוספות רי״ד מסכת עבודה זרה,כן,עבודה זרה,נד:,פירוש,לא,
385,תוספות רי״ד מסכת עבודה זרה,כן,עבודה זרה,נד:,פירוש,לא,
387,תוספות רי״ד מסכת עבודה זרה,כן,עבודה זרה,נה.,פירוש,לא,
389,תוספות רי״ד מסכת עבודה זרה,כן,עבודה זרה,נה:,פירוש,לא,
391,תוספות רי״ד מסכת עבודה זרה,כן,עבודה זרה,נו:,פירוש,לא,
393,תוספות רי״ד מסכת עבודה זרה,כן,עבודה זרה,נז.,פירוש,לא,
394,תוספות רי״ד מסכת עבודה זרה,כן,עבודה זרה,נז.,פירוש,לא,
395,תוספות רי״ד מסכת עבודה זרה,כן,עבודה זרה,נז.,פירוש,לא,
396,תוספות רי״ד מסכת עבודה זרה,כן,עבודה זרה,נז.,פירוש,לא,
398,תוספות רי״ד מסכת עבודה זרה,כן,עבודה זרה,נז:,פירוש,לא,
399,תוספות רי״ד מסכת עבודה זרה,כן,עבודה זרה,נז:,פירוש,לא,
400,תוספות רי״ד מסכת עבודה זרה,כן,עבודה זרה,נז:,פירוש,לא,
402,תוספות רי״ד מסכת עבודה זרה,כן,עבודה זרה,נח.,פירוש,לא,
403,תוספות רי״ד מסכת עבודה זרה,כן,עבודה זרה,נח.,פירוש,לא,
405,תוספות רי״ד מסכת עבודה זרה,כן,עבודה זרה,נח:,פירוש,לא,
407,תוספות רי״ד מסכת עבודה זרה,כן,עבודה זרה,נט.,פירוש,לא,
408,תוספות רי״ד מסכת עבודה זרה,כן,עבודה זרה,נט.,פירוש,לא,
409,תוספות רי״ד מסכת עבודה זרה,כן,עבודה זרה,נט.,פירוש,לא,
411,תוספות רי״ד מסכת עבודה זרה,כן,עבודה זרה,נט:,פירוש,לא,
412,תוספות רי״ד מסכת עבודה זרה,כן,עבודה זרה,נט:,פירוש,לא,
413,תוספות רי״ד מסכת עבודה זרה,כן,עבודה זרה,נט:,פירוש,לא,
415,תוספות רי״ד מסכת עבודה זרה,כן,עבודה זרה,ס.,פירוש,לא,
416,תוספות רי״ד מסכת עבודה זרה,כן,עבודה זרה,ס.,פירוש,לא,
417,תוספות רי״ד מסכת עבודה זרה,כן,עבודה זרה,ס.,פירוש,לא,
418,תוספות רי״ד מסכת עבודה זרה,כן,עבודה זרה,ס.,פירוש,לא,
420,תוספות רי״ד מסכת עבודה זרה,כן,עבודה זרה,ס:,פירוש,לא,
421,תוספות רי״ד מסכת עבודה זרה,כן,עבודה זרה,ס:,פירוש,לא,
422,תוספות רי״ד מסכת עבודה זרה,כן,עבודה זרה,ס:,פירוש,לא,
423,תוספות רי״ד מסכת עבודה זרה,כן,עבודה זרה,ס:,פירוש,לא,
425,תוספות רי״ד מסכת עבודה זרה,כן,עבודה זרה,סא.,פירוש,לא,
426,תוספות רי״ד מסכת עבודה זרה,כן,עבודה זרה,סא.,פירוש,לא,
427,תוספות רי״ד מסכת עבודה זרה,כן,עבודה זרה,סא.,פירוש,לא,
429,תוספות רי״ד מסכת עבודה זרה,כן,עבודה זרה,סא:,פירוש,לא,
430,תוספות רי״ד מסכת עבודה זרה,כן,עבודה זרה,סא:,פירוש,לא,
433,תוספות רי״ד מסכת עבודה זרה,כן,עבודה זרה,סב.,פירוש,לא,
434,תוספות רי״ד מסכת עבודה זרה,כן,עבודה זרה,סב.,פירוש,לא,
435,תוספות רי״ד מסכת עבודה זרה,כן,עבודה זרה,סב.,פירוש,לא,
437,תוספות רי״ד מסכת עבודה זרה,כן,עבודה זרה,סב:,פירוש,לא,
438,תוספות רי״ד מסכת עבודה זרה,כן,עבודה זרה,סב:,פירוש,לא,
439,תוספות רי״ד מסכת עבודה זרה,כן,עבודה זרה,סב:,פירוש,לא,
440,תוספות רי״ד מסכת עבודה זרה,כן,עבודה זרה,סב:,פירוש,לא,
441,תוספות רי״ד מסכת עבודה זרה,כן,עבודה זרה,סב:,פירוש,לא,
442,תוספות רי״ד מסכת עבודה זרה,כן,עבודה זרה,סב:,פירוש,לא,
444,תוספות רי״ד מסכת עבודה זרה,כן,עבודה זרה,סג.,פירוש,לא,
445,תוספות רי״ד מסכת עבודה זרה,כן,עבודה זרה,סג.,פירוש,לא,
446,תוספות רי״ד מסכת עבודה זרה,כן,עבודה זרה,סג.,פירוש,לא,
447,תוספות רי״ד מסכת עבודה זרה,כן,עבודה זרה,סג.,פירוש,לא,
448,תוספות רי״ד מסכת עבודה זרה,כן,עבודה זרה,סג.,פירוש,לא,
449,תוספות רי״ד מסכת עבודה זרה,כן,עבודה זרה,סג.,פירוש,לא,
451,תוספות רי״ד מסכת עבודה זרה,כן,עבודה זרה,סג:,פירוש,לא,
453,תוספות רי״ד מסכת עבודה זרה,כן,עבודה זרה,סד.,פירוש,לא,
455,תוספות רי״ד מסכת עבודה זרה,כן,עבודה זרה,סה.,פירוש,לא,
456,תוספות רי״ד מסכת עבודה זרה,כן,עבודה זרה,סה.,פירוש,לא,
458,תוספות רי״ד מסכת עבודה זרה,כן,עבודה זרה,סה:,פירוש,לא,
459,תוספות רי״ד מסכת עבודה זרה,כן,עבודה זרה,סה:,פירוש,לא,
461,תוספות רי״ד מסכת עבודה זרה,כן,עבודה זרה,סו.,פירוש,לא,
462,תוספות רי״ד מסכת עבודה זרה,כן,עבודה זרה,סו.,פירוש,לא,
463,תוספות רי״ד מסכת עבודה זרה,כן,עבודה זרה,סו.,פירוש,לא,
465,תוספות רי״ד מסכת עבודה זרה,כן,עבודה זרה,סו:,פירוש,לא,
466,תוספות רי״ד מסכת עבודה זרה,כן,עבודה זרה,סו:,פירוש,לא,
467,תוספות רי״ד מסכת עבודה זרה,כן,עבודה זרה,סו:,פירוש,לא,
468,תוספות רי״ד מסכת עבודה זרה,כן,עבודה זרה,סו:,פירוש,לא,
469,תוספות רי״ד מסכת עבודה זרה,כן,עבודה זרה,סו:,פירוש,לא,
471,תוספות רי״ד מסכת עבודה זרה,כן,עבודה זרה,סז.,פירוש,לא,
472,תוספות רי״ד מסכת עבודה זרה,כן,עבודה זרה,סז.,פירוש,לא,
473,תוספות רי״ד מסכת עבודה זרה,כן,עבודה זרה,סז.,פירוש,לא,
475,תוספות רי״ד מסכת עבודה זרה,כן,עבודה זרה,סז.,פירוש,לא,
477,תוספות רי״ד מסכת עבודה זרה,כן,עבודה זרה,סח.,פירוש,לא,
479,תוספות רי״ד מסכת עבודה זרה,כן,עבודה זרה,סח:,פירוש,לא,
480,תוספות רי״ד מסכת עבודה זרה,כן,עבודה זרה,סח:,פירוש,לא,
481,תוספות רי״ד מסכת עבודה זרה,כן,עבודה זרה,סח:,פירוש,לא,
482,תוספות רי״ד מסכת עבודה זרה,כן,עבודה זרה,סח:,פירוש,לא,
484,תוספות רי״ד מסכת עבודה זרה,כן,עבודה זרה,סט.,פירוש,לא,
485,תוספות רי״ד מסכת עבודה זרה,כן,עבודה זרה,סט.,פירוש,לא,
486,תוספות רי״ד מסכת עבודה זרה,כן,עבודה זרה,סט.,פירוש,לא,
488,תוספות רי״ד מסכת עבודה זרה,כן,עבודה זרה,סט:,פירוש,לא,
490,תוספות רי״ד מסכת עבודה זרה,כן,עבודה זרה,ע.,פירוש,לא,
492,תוספות רי״ד מסכת עבודה זרה,כן,עבודה זרה,ע:,פירוש,לא,
494,תוספות רי״ד מסכת עבודה זרה,כן,עבודה זרה,עא.,פירוש,לא,
495,תוספות רי״ד מסכת עבודה זרה,כן,עבודה זרה,עא.,פירוש,לא,
496,תוספות רי״ד מסכת עבודה זרה,כן,עבודה זרה,עא.,פירוש,לא,
498,תוספות רי״ד מסכת עבודה זרה,כן,עבודה זרה,עא:,פירוש,לא,
500,תוספות רי״ד מסכת עבודה זרה,כן,עבודה זרה,עב.,פירוש,לא,
501,תוספות רי״ד מסכת עבודה זרה,כן,עבודה זרה,עב.,פירוש,לא,
502,תוספות רי״ד מסכת עבודה זרה,כן,עבודה זרה,עב.,פירוש,לא,
503,תוספות רי״ד מסכת עבודה זרה,כן,עבודה זרה,עב.,פירוש,לא,
505,תוספות רי״ד מסכת עבודה זרה,כן,עבודה זרה,עב:,פירוש,לא,
506,תוספות רי״ד מסכת עבודה זרה,כן,עבודה זרה,עב:,פירוש,לא,
507,תוספות רי״ד מסכת עבודה זרה,כן,עבודה זרה,עב:,פירוש,לא,
508,תוספות רי״ד מסכת עבודה זרה,כן,עבודה זרה,עב:,פירוש,לא,
509,תוספות רי״ד מסכת עבודה זרה,כן,עבודה זרה,עב:,פירוש,לא,
511,תוספות רי״ד מסכת עבודה זרה,כן,עבודה זרה,עג.,פירוש,לא,
512,תוספות רי״ד מסכת עבודה זרה,כן,עבודה זרה,עג.,פירוש,לא,
513,תוספות רי״ד מסכת עבודה זרה,כן,עבודה זרה,עג.,פירוש,לא,
515,תוספות רי״ד מסכת עבודה זרה,כן,עבודה זרה,עג:,פירוש,לא,
516,תוספות רי״ד מסכת עבודה זרה,כן,עבודה זרה,עג:,פירוש,לא,
517,תוספות רי״ד מסכת עבודה זרה,כן,עבודה זרה,עג:,פירוש,לא,
518,תוספות רי״ד מסכת עבודה זרה,כן,עבודה זרה,עג:,פירוש,לא,
519,תוספות רי״ד מסכת עבודה זרה,כן,עבודה זרה,עג:,פירוש,לא,
520,תוספות רי״ד מסכת עבודה זרה,כן,עבודה זרה,עג:,פירוש,לא,
522,תוספות רי״ד מסכת עבודה זרה,כן,עבודה זרה,עד.,פירוש,לא,
523,תוספות רי״ד מסכת עבודה זרה,כן,עבודה זרה,עד.,פירוש,לא,
524,תוספות רי״ד מסכת עבודה זרה,כן,עבודה זרה,עד.,פירוש,לא,
525,תוספות רי״ד מסכת עבודה זרה,כן,עבודה זרה,עד.,פירוש,לא,
526,תוספות רי״ד מסכת עבודה זרה,כן,עבודה זרה,עד.,פירוש,לא,
528,תוספות רי״ד מסכת עבודה זרה,כן,עבודה זרה,עד:,פירוש,לא,
529,תוספות רי״ד מסכת עבודה זרה,כן,עבודה זרה,עד:,פירוש,לא,
530,תוספות רי״ד מסכת עבודה זרה,כן,עבודה זרה,עד:,פירוש,לא,
531,תוספות רי״ד מסכת עבודה זרה,כן,עבודה זרה,עד:,פירוש,לא,
533,תוספות רי״ד מסכת עבודה זרה,כן,עבודה זרה,עה:,פירוש,לא,
534,תוספות רי״ד מסכת עבודה זרה,כן,עבודה זרה,עה:,פירוש,לא,
536,תוספות רי״ד מסכת עבודה זרה,כן,עבודה זרה,עו.,פירוש,לא,
538,תוספות רי״ד מסכת עבודה זרה,כן,עבודה זרה,עו:,פירוש,לא,
539,תוספות רי״ד מסכת עבודה זרה,כן,עבודה זרה,עו:,פירוש,לא,
6,תוספות רי״ד מסכת עירובין,כן,עירובין,ב.,פירוש,לא,
7,תוספות רי״ד מסכת עירובין,כן,עירובין,ב.,פירוש,לא,
8,תוספות רי״ד מסכת עירובין,כן,עירובין,ב.,פירוש,לא,
9,תוספות רי״ד מסכת עירובין,כן,עירובין,ב.,פירוש,לא,
10,תוספות רי״ד מסכת עירובין,כן,עירובין,ב.,פירוש,לא,
12,תוספות רי״ד מסכת עירובין,כן,עירובין,ג:,פירוש,לא,
14,תוספות רי״ד מסכת עירובין,כן,עירובין,ד.,פירוש,לא,
16,תוספות רי״ד מסכת עירובין,כן,עירובין,ד:,פירוש,לא,
17,תוספות רי״ד מסכת עירובין,כן,עירובין,ד:,פירוש,לא,
18,תוספות רי״ד מסכת עירובין,כן,עירובין,ד:,פירוש,לא,
19,תוספות רי״ד מסכת עירובין,כן,עירובין,ד:,פירוש,לא,
21,תוספות רי״ד מסכת עירובין,כן,עירובין,ה:,פירוש,לא,
22,תוספות רי״ד מסכת עירובין,כן,עירובין,ה:,פירוש,לא,
24,תוספות רי״ד מסכת עירובין,כן,עירובין,ו.,פירוש,לא,
25,תוספות רי״ד מסכת עירובין,כן,עירובין,ו.,פירוש,לא,
26,תוספות רי״ד מסכת עירובין,כן,עירובין,ו.,פירוש,לא,
27,תוספות רי״ד מסכת עירובין,כן,עירובין,ו.,פירוש,לא,
28,תוספות רי״ד מסכת עירובין,כן,עירובין,ו.,פירוש,לא,
30,תוספות רי״ד מסכת עירובין,כן,עירובין,ו:,פירוש,לא,
31,תוספות רי״ד מסכת עירובין,כן,עירובין,ו:,פירוש,לא,
33,תוספות רי״ד מסכת עירובין,כן,עירובין,ח.,פירוש,לא,
34,תוספות רי״ד מסכת עירובין,כן,עירובין,ח.,פירוש,לא,
35,תוספות רי״ד מסכת עירובין,כן,עירובין,ח.,פירוש,לא,
37,תוספות רי״ד מסכת עירובין,כן,עירובין,ח:,פירוש,לא,
38,תוספות רי״ד מסכת עירובין,כן,עירובין,ח:,פירוש,לא,
39,תוספות רי״ד מסכת עירובין,כן,עירובין,ח:,פירוש,לא,
41,תוספות רי״ד מסכת עירובין,כן,עירובין,ט.,פירוש,לא,
43,תוספות רי״ד מסכת עירובין,כן,עירובין,ט:,פירוש,לא,
44,תוספות רי״ד מסכת עירובין,כן,עירובין,ט:,פירוש,לא,
46,תוספות רי״ד מסכת עירובין,כן,עירובין,י.,פירוש,לא,
48,תוספות רי״ד מסכת עירובין,כן,עירובין,י:,פירוש,לא,
49,תוספות רי״ד מסכת עירובין,כן,עירובין,י:,פירוש,לא,
51,תוספות רי״ד מסכת עירובין,כן,עירובין,יא.,פירוש,לא,
52,תוספות רי״ד מסכת עירובין,כן,עירובין,יא.,פירוש,לא,
54,תוספות רי״ד מסכת עירובין,כן,עירובין,יב.,פירוש,לא,
56,תוספות רי״ד מסכת עירובין,כן,עירובין,יב:,פירוש,לא,
57,תוספות רי״ד מסכת עירובין,כן,עירובין,יב:,פירוש,לא,
59,תוספות רי״ד מסכת עירובין,כן,עירובין,יג.,פירוש,לא,
61,תוספות רי״ד מסכת עירובין,כן,עירובין,יג:,פירוש,לא,
63,תוספות רי״ד מסכת עירובין,כן,עירובין,יד.,פירוש,לא,
64,תוספות רי״ד מסכת עירובין,כן,עירובין,יד.,פירוש,לא,
66,תוספות רי״ד מסכת עירובין,כן,עירובין,יד:,פירוש,לא,
68,תוספות רי״ד מסכת עירובין,כן,עירובין,טו.,פירוש,לא,
70,תוספות רי״ד מסכת עירובין,כן,עירובין,טז:,פירוש,לא,
73,תוספות רי״ד מסכת עירובין,כן,עירובין,יח.,פירוש,לא,
74,תוספות רי״ד מסכת עירובין,כן,עירובין,יח.,פירוש,לא,
76,תוספות רי״ד מסכת עירובין,כן,עירובין,יח:,פירוש,לא,
77,תוספות רי״ד מסכת עירובין,כן,עירובין,יח:,פירוש,לא,
79,תוספות רי״ד מסכת עירובין,כן,עירובין,יט.,פירוש,לא,
81,תוספות רי״ד מסכת עירובין,כן,עירובין,יט:,פירוש,לא,
82,תוספות רי״ד מסכת עירובין,כן,עירובין,יט:,פירוש,לא,
84,תוספות רי״ד מסכת עירובין,כן,עירובין,כ.,פירוש,לא,
85,תוספות רי״ד מסכת עירובין,כן,עירובין,כ.,פירוש,לא,
87,תוספות רי״ד מסכת עירובין,כן,עירובין,כ:,פירוש,לא,
89,תוספות רי״ד מסכת עירובין,כן,עירובין,כא:,פירוש,לא,
91,תוספות רי״ד מסכת עירובין,כן,עירובין,כב.,פירוש,לא,
92,תוספות רי״ד מסכת עירובין,כן,עירובין,כב.,פירוש,לא,
94,תוספות רי״ד מסכת עירובין,כן,עירובין,כב:,פירוש,לא,
95,תוספות רי״ד מסכת עירובין,כן,עירובין,כב:,פירוש,לא,
96,תוספות רי״ד מסכת עירובין,כן,עירובין,כב:,פירוש,לא,
97,תוספות רי״ד מסכת עירובין,כן,עירובין,כב:,פירוש,לא,
99,תוספות רי״ד מסכת עירובין,כן,עירובין,כג.,פירוש,לא,
101,תוספות רי״ד מסכת עירובין,כן,עירובין,כג:,פירוש,לא,
103,תוספות רי״ד מסכת עירובין,כן,עירובין,כד.,פירוש,לא,
105,תוספות רי״ד מסכת עירובין,כן,עירובין,כד:,פירוש,לא,
106,תוספות רי״ד מסכת עירובין,כן,עירובין,כד:,פירוש,לא,
107,תוספות רי״ד מסכת עירובין,כן,עירובין,כד:,פירוש,לא,
109,תוספות רי״ד מסכת עירובין,כן,עירובין,כה.,פירוש,לא,
111,תוספות רי״ד מסכת עירובין,כן,עירובין,כה:,פירוש,לא,
112,תוספות רי״ד מסכת עירובין,כן,עירובין,כה:,פירוש,לא,
115,תוספות רי״ד מסכת עירובין,כן,עירובין,כז.,פירוש,לא,
116,תוספות רי״ד מסכת עירובין,כן,עירובין,כז.,פירוש,לא,
118,תוספות רי״ד מסכת עירובין,כן,עירובין,כט:,פירוש,לא,
119,תוספות רי״ד מסכת עירובין,כן,עירובין,כט:,פירוש,לא,
120,תוספות רי״ד מסכת עירובין,כן,עירובין,כט:,פירוש,לא,
121,תוספות רי״ד מסכת עירובין,כן,עירובין,כט:,פירוש,לא,
123,תוספות רי״ד מסכת עירובין,כן,עירובין,ל.,פירוש,לא,
124,תוספות רי״ד מסכת עירובין,כן,עירובין,ל.,פירוש,לא,
126,תוספות רי״ד מסכת עירובין,כן,עירובין,ל:,פירוש,לא,
127,תוספות רי״ד מסכת עירובין,כן,עירובין,ל:,פירוש,לא,
128,תוספות רי״ד מסכת עירובין,כן,עירובין,ל:,פירוש,לא,
130,תוספות רי״ד מסכת עירובין,כן,עירובין,לא.,פירוש,לא,
131,תוספות רי״ד מסכת עירובין,כן,עירובין,לא.,פירוש,לא,
132,תוספות רי״ד מסכת עירובין,כן,עירובין,לא.,פירוש,לא,
134,תוספות רי״ד מסכת עירובין,כן,עירובין,לא:,פירוש,לא,
135,תוספות רי״ד מסכת עירובין,כן,עירובין,לא:,פירוש,לא,
137,תוספות רי״ד מסכת עירובין,כן,עירובין,לב.,פירוש,לא,
139,תוספות רי״ד מסכת עירובין,כן,עירובין,לב:,פירוש,לא,
140,תוספות רי״ד מסכת עירובין,כן,עירובין,לב:,פירוש,לא,
142,תוספות רי״ד מסכת עירובין,כן,עירובין,לג.,פירוש,לא,
143,תוספות רי״ד מסכת עירובין,כן,עירובין,לג.,פירוש,לא,
145,תוספות רי״ד מסכת עירובין,כן,עירובין,לג:,פירוש,לא,
147,תוספות רי״ד מסכת עירובין,כן,עירובין,לד.,פירוש,לא,
149,תוספות רי״ד מסכת עירובין,כן,עירובין,לד:,פירוש,לא,
151,תוספות רי״ד מסכת עירובין,כן,עירובין,לה.,פירוש,לא,
153,תוספות רי״ד מסכת עירובין,כן,עירובין,לו.,פירוש,לא,
155,תוספות רי״ד מסכת עירובין,כן,עירובין,לו:,פירוש,לא,
157,תוספות רי״ד מסכת עירובין,כן,עירובין,לז.,פירוש,לא,
159,תוספות רי״ד מסכת עירובין,כן,עירובין,לז:,פירוש,לא,
160,תוספות רי״ד מסכת עירובין,כן,עירובין,לז:,פירוש,לא,
161,תוספות רי״ד מסכת עירובין,כן,עירובין,לז:,פירוש,לא,
163,תוספות רי״ד מסכת עירובין,כן,עירובין,לח.,פירוש,לא,
164,תוספות רי״ד מסכת עירובין,כן,עירובין,לח.,פירוש,לא,
166,תוספות רי״ד מסכת עירובין,כן,עירובין,מ.,פירוש,לא,
168,תוספות רי״ד מסכת עירובין,כן,עירובין,מ:,פירוש,לא,
171,תוספות רי״ד מסכת עירובין,כן,עירובין,מא:,פירוש,לא,
172,תוספות רי״ד מסכת עירובין,כן,עירובין,מא:,פירוש,לא,
173,תוספות רי״ד מסכת עירובין,כן,עירובין,מא:,פירוש,לא,
175,תוספות רי״ד מסכת עירובין,כן,עירובין,מב:,פירוש,לא,
176,תוספות רי״ד מסכת עירובין,כן,עירובין,מב:,פירוש,לא,
178,תוספות רי״ד מסכת עירובין,כן,עירובין,מג.,פירוש,לא,
179,תוספות רי״ד מסכת עירובין,כן,עירובין,מג.,פירוש,לא,
180,תוספות רי״ד מסכת עירובין,כן,עירובין,מג.,פירוש,לא,
182,תוספות רי״ד מסכת עירובין,כן,עירובין,מד.,פירוש,לא,
183,תוספות רי״ד מסכת עירובין,כן,עירובין,מד.,פירוש,לא,
185,תוספות רי״ד מסכת עירובין,כן,עירובין,מד:,פירוש,לא,
187,תוספות רי״ד מסכת עירובין,כן,עירובין,מה.,פירוש,לא,
189,תוספות רי״ד מסכת עירובין,כן,עירובין,מה:,פירוש,לא,
191,תוספות רי״ד מסכת עירובין,כן,עירובין,מו:,פירוש,לא,
192,תוספות רי״ד מסכת עירובין,כן,עירובין,מו:,פירוש,לא,
194,תוספות רי״ד מסכת עירובין,כן,עירובין,מז.,פירוש,לא,
195,תוספות רי״ד מסכת עירובין,כן,עירובין,מז.,פירוש,לא,
197,תוספות רי״ד מסכת עירובין,כן,עירובין,מז:,פירוש,לא,
199,תוספות רי״ד מסכת עירובין,כן,עירובין,מח.,פירוש,לא,
200,תוספות רי״ד מסכת עירובין,כן,עירובין,מח.,פירוש,לא,
201,תוספות רי״ד מסכת עירובין,כן,עירובין,מח.,פירוש,לא,
203,תוספות רי״ד מסכת עירובין,כן,עירובין,מט:,פירוש,לא,
204,תוספות רי״ד מסכת עירובין,כן,עירובין,מט:,פירוש,לא,
206,תוספות רי״ד מסכת עירובין,כן,עירובין,נא.,פירוש,לא,
208,תוספות רי״ד מסכת עירובין,כן,עירובין,נא:,פירוש,לא,
210,תוספות רי״ד מסכת עירובין,כן,עירובין,נב.,פירוש,לא,
211,תוספות רי״ד מסכת עירובין,כן,עירובין,נב.,פירוש,לא,
212,תוספות רי״ד מסכת עירובין,כן,עירובין,נב.,פירוש,לא,
213,תוספות רי״ד מסכת עירובין,כן,עירובין,נב.,פירוש,לא,
215,תוספות רי״ד מסכת עירובין,כן,עירובין,נב:,פירוש,לא,
216,תוספות רי״ד מסכת עירובין,כן,עירובין,נב:,פירוש,לא,
219,תוספות רי״ד מסכת עירובין,כן,עירובין,נג.,פירוש,לא,
220,תוספות רי״ד מסכת עירובין,כן,עירובין,נג.,פירוש,לא,
222,תוספות רי״ד מסכת עירובין,כן,עירובין,נה.,פירוש,לא,
224,תוספות רי״ד מסכת עירובין,כן,עירובין,נה:,פירוש,לא,
226,תוספות רי״ד מסכת עירובין,כן,עירובין,נז:,פירוש,לא,
228,תוספות רי״ד מסכת עירובין,כן,עירובין,נח.,פירוש,לא,
230,תוספות רי״ד מסכת עירובין,כן,עירובין,נח:,פירוש,לא,
232,תוספות רי״ד מסכת עירובין,כן,עירובין,נט.,פירוש,לא,
233,תוספות רי״ד מסכת עירובין,כן,עירובין,נט.,פירוש,לא,
234,תוספות רי״ד מסכת עירובין,כן,עירובין,נט.,פירוש,לא,
235,תוספות רי״ד מסכת עירובין,כן,עירובין,נט.,פירוש,לא,
237,תוספות רי״ד מסכת עירובין,כן,עירובין,ס.,פירוש,לא,
238,תוספות רי״ד מסכת עירובין,כן,עירובין,ס.,פירוש,לא,
239,תוספות רי״ד מסכת עירובין,כן,עירובין,ס.,פירוש,לא,
241,תוספות רי״ד מסכת עירובין,כן,עירובין,סא.,פירוש,לא,
244,תוספות רי״ד מסכת עירובין,כן,עירובין,סב:,פירוש,לא,
245,תוספות רי״ד מסכת עירובין,כן,עירובין,סב:,פירוש,לא,
247,תוספות רי״ד מסכת עירובין,כן,עירובין,סד:,פירוש,לא,
248,תוספות רי״ד מסכת עירובין,כן,עירובין,סד:,פירוש,לא,
250,תוספות רי״ד מסכת עירובין,כן,עירובין,סה:,פירוש,לא,
252,תוספות רי״ד מסכת עירובין,כן,עירובין,סו:,פירוש,לא,
254,תוספות רי״ד מסכת עירובין,כן,עירובין,סז:,פירוש,לא,
255,תוספות רי״ד מסכת עירובין,כן,עירובין,סז:,פירוש,לא,
257,תוספות רי״ד מסכת עירובין,כן,עירובין,סח.,פירוש,לא,
258,תוספות רי״ד מסכת עירובין,כן,עירובין,סח.,פירוש,לא,
260,תוספות רי״ד מסכת עירובין,כן,עירובין,סח:,פירוש,לא,
261,תוספות רי״ד מסכת עירובין,כן,עירובין,סח:,פירוש,לא,
263,תוספות רי״ד מסכת עירובין,כן,עירובין,סט.,פירוש,לא,
264,תוספות רי״ד מסכת עירובין,כן,עירובין,סט.,פירוש,לא,
266,תוספות רי״ד מסכת עירובין,כן,עירובין,סט:,פירוש,לא,
268,תוספות רי״ד מסכת עירובין,כן,עירובין,ע.,פירוש,לא,
269,תוספות רי״ד מסכת עירובין,כן,עירובין,ע.,פירוש,לא,
270,תוספות רי״ד מסכת עירובין,כן,עירובין,ע.,פירוש,לא,
272,תוספות רי״ד מסכת עירובין,כן,עירובין,ע:,פירוש,לא,
274,תוספות רי״ד מסכת עירובין,כן,עירובין,עא.,פירוש,לא,
275,תוספות רי״ד מסכת עירובין,כן,עירובין,עא.,פירוש,לא,
276,תוספות רי״ד מסכת עירובין,כן,עירובין,עא.,פירוש,לא,
277,תוספות רי״ד מסכת עירובין,כן,עירובין,עא.,פירוש,לא,
279,תוספות רי״ד מסכת עירובין,כן,עירובין,עב:,פירוש,לא,
280,תוספות רי״ד מסכת עירובין,כן,עירובין,עב:,פירוש,לא,
282,תוספות רי״ד מסכת עירובין,כן,עירובין,עג.,פירוש,לא,
283,תוספות רי״ד מסכת עירובין,כן,עירובין,עג.,פירוש,לא,
284,תוספות רי״ד מסכת עירובין,כן,עירובין,עג.,פירוש,לא,
286,תוספות רי״ד מסכת עירובין,כן,עירובין,עג:,פירוש,לא,
288,תוספות רי״ד מסכת עירובין,כן,עירובין,עד.,פירוש,לא,
289,תוספות רי״ד מסכת עירובין,כן,עירובין,עד.,פירוש,לא,
290,תוספות רי״ד מסכת עירובין,כן,עירובין,עד.,פירוש,לא,
291,תוספות רי״ד מסכת עירובין,כן,עירובין,עד.,פירוש,לא,
293,תוספות רי״ד מסכת עירובין,כן,עירובין,עד:,פירוש,לא,
295,תוספות רי״ד מסכת עירובין,כן,עירובין,עה.,פירוש,לא,
297,תוספות רי״ד מסכת עירובין,כן,עירובין,עה:,פירוש,לא,
298,תוספות רי״ד מסכת עירובין,כן,עירובין,עה:,פירוש,לא,
301,תוספות רי״ד מסכת עירובין,כן,עירובין,עו:,פירוש,לא,
302,תוספות רי״ד מסכת עירובין,כן,עירובין,עו:,פירוש,לא,
303,תוספות רי״ד מסכת עירובין,כן,עירובין,עו:,פירוש,לא,
304,תוספות רי״ד מסכת עירובין,כן,עירובין,עו:,פירוש,לא,
305,תוספות רי״ד מסכת עירובין,כן,עירובין,עו:,פירוש,לא,
306,תוספות רי״ד מסכת עירובין,כן,עירובין,עו:,פירוש,לא,
307,תוספות רי״ד מסכת עירובין,כן,עירובין,עו:,פירוש,לא,
309,תוספות רי״ד מסכת עירובין,כן,עירובין,עז.,פירוש,לא,
310,תוספות רי״ד מסכת עירובין,כן,עירובין,עז.,פירוש,לא,
311,תוספות רי״ד מסכת עירובין,כן,עירובין,עז.,פירוש,לא,
313,תוספות רי״ד מסכת עירובין,כן,עירובין,עח.,פירוש,לא,
314,תוספות רי״ד מסכת עירובין,כן,עירובין,עח.,פירוש,לא,
316,תוספות רי״ד מסכת עירובין,כן,עירובין,עח:,פירוש,לא,
318,תוספות רי״ד מסכת עירובין,כן,עירובין,עט.,פירוש,לא,
319,תוספות רי״ד מסכת עירובין,כן,עירובין,עט.,פירוש,לא,
320,תוספות רי״ד מסכת עירובין,כן,עירובין,עט.,פירוש,לא,
322,תוספות רי״ד מסכת עירובין,כן,עירובין,עט:,פירוש,לא,
323,תוספות רי״ד מסכת עירובין,כן,עירובין,עט:,פירוש,לא,
324,תוספות רי״ד מסכת עירובין,כן,עירובין,עט:,פירוש,לא,
326,תוספות רי״ד מסכת עירובין,כן,עירובין,פ.,פירוש,לא,
327,תוספות רי״ד מסכת עירובין,כן,עירובין,פ.,פירוש,לא,
329,תוספות רי״ד מסכת עירובין,כן,עירובין,פ:,פירוש,לא,
330,תוספות רי״ד מסכת עירובין,כן,עירובין,פ:,פירוש,לא,
331,תוספות רי״ד מסכת עירובין,כן,עירובין,פ:,פירוש,לא,
332,תוספות רי״ד מסכת עירובין,כן,עירובין,פ:,פירוש,לא,
333,תוספות רי״ד מסכת עירובין,כן,עירובין,פ:,פירוש,לא,
335,תוספות רי״ד מסכת עירובין,כן,עירובין,פא:,פירוש,לא,
336,תוספות רי״ד מסכת עירובין,כן,עירובין,פא:,פירוש,לא,
339,תוספות רי״ד מסכת עירובין,כן,עירובין,פב:,פירוש,לא,
340,תוספות רי״ד מסכת עירובין,כן,עירובין,פב:,פירוש,לא,
342,תוספות רי״ד מסכת עירובין,כן,עירובין,פג:,פירוש,לא,
344,תוספות רי״ד מסכת עירובין,כן,עירובין,פד:,פירוש,לא,
345,תוספות רי״ד מסכת עירובין,כן,עירובין,פד:,פירוש,לא,
347,תוספות רי״ד מסכת עירובין,כן,עירובין,פו.,פירוש,לא,
349,תוספות רי״ד מסכת עירובין,כן,עירובין,פו:,פירוש,לא,
351,תוספות רי״ד מסכת עירובין,כן,עירובין,פז.,פירוש,לא,
353,תוספות רי״ד מסכת עירובין,כן,עירובין,פח.,פירוש,לא,
356,תוספות רי״ד מסכת עירובין,כן,עירובין,פט.,פירוש,לא,
357,תוספות רי״ד מסכת עירובין,כן,עירובין,פט.,פירוש,לא,
358,תוספות רי״ד מסכת עירובין,כן,עירובין,פט.,פירוש,לא,
359,תוספות רי״ד מסכת עירובין,כן,עירובין,פט.,פירוש,לא,
360,תוספות רי״ד מסכת עירובין,כן,עירובין,פט.,פירוש,לא,
361,תוספות רי״ד מסכת עירובין,כן,עירובין,פט.,פירוש,לא,
363,תוספות רי״ד מסכת עירובין,כן,עירובין,פט:,פירוש,לא,
364,תוספות רי״ד מסכת עירובין,כן,עירובין,פט:,פירוש,לא,
365,תוספות רי״ד מסכת עירובין,כן,עירובין,פט:,פירוש,לא,
367,תוספות רי״ד מסכת עירובין,כן,עירובין,צ.,פירוש,לא,
368,תוספות רי״ד מסכת עירובין,כן,עירובין,צ.,פירוש,לא,
369,תוספות רי״ד מסכת עירובין,כן,עירובין,צ.,פירוש,לא,
370,תוספות רי״ד מסכת עירובין,כן,עירובין,צ.,פירוש,לא,
372,תוספות רי״ד מסכת עירובין,כן,עירובין,צ:,פירוש,לא,
373,תוספות רי״ד מסכת עירובין,כן,עירובין,צ:,פירוש,לא,
374,תוספות רי״ד מסכת עירובין,כן,עירובין,צ:,פירוש,לא,
376,תוספות רי״ד מסכת עירובין,כן,עירובין,צא.,פירוש,לא,
377,תוספות רי״ד מסכת עירובין,כן,עירובין,צא.,פירוש,לא,
378,תוספות רי״ד מסכת עירובין,כן,עירובין,צא.,פירוש,לא,
379,תוספות רי״ד מסכת עירובין,כן,עירובין,צא.,פירוש,לא,
381,תוספות רי״ד מסכת עירובין,כן,עירובין,צא:,פירוש,לא,
383,תוספות רי״ד מסכת עירובין,כן,עירובין,צב.,פירוש,לא,
384,תוספות רי״ד מסכת עירובין,כן,עירובין,צב.,פירוש,לא,
386,תוספות רי״ד מסכת עירובין,כן,עירובין,צב:,פירוש,לא,
388,תוספות רי״ד מסכת עירובין,כן,עירובין,צג.,פירוש,לא,
389,תוספות רי״ד מסכת עירובין,כן,עירובין,צג.,פירוש,לא,
391,תוספות רי״ד מסכת עירובין,כן,עירובין,צג:,פירוש,לא,
393,תוספות רי״ד מסכת עירובין,כן,עירובין,צד.,פירוש,לא,
395,תוספות רי״ד מסכת עירובין,כן,עירובין,צד:,פירוש,לא,
396,תוספות רי״ד מסכת עירובין,כן,עירובין,צד:,פירוש,לא,
399,תוספות רי״ד מסכת עירובין,כן,עירובין,צה:,פירוש,לא,
400,תוספות רי״ד מסכת עירובין,כן,עירובין,צה:,פירוש,לא,
402,תוספות רי״ד מסכת עירובין,כן,עירובין,צו.,פירוש,לא,
404,תוספות רי״ד מסכת עירובין,כן,עירובין,צו:,פירוש,לא,
406,תוספות רי״ד מסכת עירובין,כן,עירובין,צז:,פירוש,לא,
408,תוספות רי״ד מסכת עירובין,כן,עירובין,צח:,פירוש,לא,
409,תוספות רי״ד מסכת עירובין,כן,עירובין,צח:,פירוש,לא,
410,תוספות רי״ד מסכת עירובין,כן,עירובין,צח:,פירוש,לא,
412,תוספות רי״ד מסכת עירובין,כן,עירובין,צט.,פירוש,לא,
413,תוספות רי״ד מסכת עירובין,כן,עירובין,צט.,פירוש,לא,
415,תוספות רי״ד מסכת עירובין,כן,עירובין,צט:,פירוש,לא,
416,תוספות רי״ד מסכת עירובין,כן,עירובין,צט:,פירוש,לא,
418,תוספות רי״ד מסכת עירובין,כן,עירובין,ק.,פירוש,לא,
420,תוספות רי״ד מסכת עירובין,כן,עירובין,קא:,פירוש,לא,
421,תוספות רי״ד מסכת עירובין,כן,עירובין,קא:,פירוש,לא,
423,תוספות רי״ד מסכת עירובין,כן,עירובין,קב.,פירוש,לא,
424,תוספות רי״ד מסכת עירובין,כן,עירובין,קב.,פירוש,לא,
426,תוספות רי״ד מסכת עירובין,כן,עירובין,קב:,פירוש,לא,
428,תוספות רי״ד מסכת עירובין,כן,עירובין,קג.,פירוש,לא,
430,תוספות רי״ד מסכת עירובין,כן,עירובין,קד.,פירוש,לא,
431,תוספות רי״ד מסכת עירובין,כן,עירובין,קד.,פירוש,לא,
433,תוספות רי״ד מסכת עירובין,כן,עירובין,קד:,פירוש,לא,
434,תוספות רי״ד מסכת עירובין,כן,עירובין,קד:,פירוש,לא,
435,תוספות רי״ד מסכת עירובין,כן,עירובין,קד:,פירוש,לא,
5,חידושי אגדות - מסכת שבועות,כן,שבועות,ט.,פירוש,לא,
6,חידושי אגדות - מסכת שבועות,כן,שבועות,ט.,פירוש,לא,
7,חידושי אגדות - מסכת שבועות,כן,שבועות,ט.,פירוש,לא,
8,חידושי אגדות - מסכת שבועות,כן,שבועות,ט.,פירוש,לא,
9,חידושי אגדות - מסכת שבועות,כן,שבועות,ט.,פירוש,לא,
10,חידושי אגדות - מסכת שבועות,כן,שבועות,ט.,פירוש,לא,
11,חידושי אגדות - מסכת שבועות,כן,שבועות,ט.,פירוש,לא,
12,חידושי אגדות - מסכת שבועות,כן,שבועות,ט.,פירוש,לא,
13,חידושי אגדות - מסכת שבועות,כן,שבועות,ט.,פירוש,לא,
14,חידושי אגדות - מסכת שבועות,כן,שבועות,ט.,פירוש,לא,
15,חידושי אגדות - מסכת שבועות,כן,שבועות,ט.,פירוש,לא,
16,חידושי אגדות - מסכת שבועות,כן,שבועות,ט.,פירוש,לא,
17,חידושי אגדות - מסכת שבועות,כן,שבועות,ט.,פירוש,לא,
18,חידושי אגדות - מסכת שבועות,כן,שבועות,ט.,פירוש,לא,
19,חידושי אגדות - מסכת שבועות,כן,שבועות,ט.,פירוש,לא,
20,חידושי אגדות - מסכת שבועות,כן,שבועות,ט.,פירוש,לא,
21,חידושי אגדות - מסכת שבועות,כן,שבועות,ט.,פירוש,לא,
22,חידושי אגדות - מסכת שבועות,כן,שבועות,ט.,פירוש,לא,
26,חידושי אגדות - מסכת שבועות,כן,שבועות,טו:,פירוש,לא,
27,חידושי אגדות - מסכת שבועות,כן,שבועות,טו:,פירוש,לא,
29,חידושי אגדות - מסכת שבועות,כן,שבועות,ו.,פירוש,לא,
31,חידושי אגדות - מסכת שבועות,כן,שבועות,ו.,פירוש,לא,
32,חידושי אגדות - מסכת שבועות,כן,שבועות,ו.,פירוש,לא,
35,חידושי אגדות - מסכת שבועות,כן,שבועות,יח:,פירוש,לא,
36,חידושי אגדות - מסכת שבועות,כן,שבועות,יח:,פירוש,לא,
37,חידושי אגדות - מסכת שבועות,כן,שבועות,יח:,פירוש,לא,
38,חידושי אגדות - מסכת שבועות,כן,שבועות,יח:,פירוש,לא,
39,חידושי אגדות - מסכת שבועות,כן,שבועות,יח:,פירוש,לא,
40,חידושי אגדות - מסכת שבועות,כן,שבועות,יח:,פירוש,לא,
41,חידושי אגדות - מסכת שבועות,כן,שבועות,יח:,פירוש,לא,
42,חידושי אגדות - מסכת שבועות,כן,שבועות,יח:,פירוש,לא,
47,חידושי אגדות - מסכת שבועות,כן,שבועות,לא:,פירוש,לא,
52,חידושי אגדות - מסכת שבועות,כן,שבועות,לט.,פירוש,לא,
53,חידושי אגדות - מסכת שבועות,כן,שבועות,לט.,פירוש,לא,
54,חידושי אגדות - מסכת שבועות,כן,שבועות,לט.,פירוש,לא,
55,חידושי אגדות - מסכת שבועות,כן,שבועות,לט.,פירוש,לא,
56,חידושי אגדות - מסכת שבועות,כן,שבועות,לט.,פירוש,לא,
57,חידושי אגדות - מסכת שבועות,כן,שבועות,לט.,פירוש,לא,
58,חידושי אגדות - מסכת שבועות,כן,שבועות,לט.,פירוש,לא,
59,חידושי אגדות - מסכת שבועות,כן,שבועות,לט.,פירוש,לא,
60,חידושי אגדות - מסכת שבועות,כן,שבועות,לט.,פירוש,לא,
4,חידושי הריטבא - שבת,כן,שבת,ב:,פירוש,לא,
5,חידושי הריטבא - שבת,כן,שבת,ב:,פירוש,לא,
7,חידושי הריטבא - שבת,כן,שבת,ג.,פירוש,לא,
8,חידושי הריטבא - שבת,כן,שבת,ג.,פירוש,לא,
9,חידושי הריטבא - שבת,כן,שבת,ג.,פירוש,לא,
10,חידושי הריטבא - שבת,כן,שבת,ג.,פירוש,לא,
11,חידושי הריטבא - שבת,כן,שבת,ג.,פירוש,לא,
12,חידושי הריטבא - שבת,כן,שבת,ג.,פירוש,לא,
13,חידושי הריטבא - שבת,כן,שבת,ג.,פירוש,לא,
15,חידושי הריטבא - שבת,כן,שבת,ג:,פירוש,לא,
16,חידושי הריטבא - שבת,כן,שבת,ג:,פירוש,לא,
17,חידושי הריטבא - שבת,כן,שבת,ג:,פירוש,לא,
18,חידושי הריטבא - שבת,כן,שבת,ג:,פירוש,לא,
19,חידושי הריטבא - שבת,כן,שבת,ג:,פירוש,לא,
20,חידושי הריטבא - שבת,כן,שבת,ג:,פירוש,לא,
21,חידושי הריטבא - שבת,כן,שבת,ג:,פירוש,לא,
23,חידושי הריטבא - שבת,כן,שבת,ד.,פירוש,לא,
24,חידושי הריטבא - שבת,כן,שבת,ד.,פירוש,לא,
25,חידושי הריטבא - שבת,כן,שבת,ד.,פירוש,לא,
26,חידושי הריטבא - שבת,כן,שבת,ד.,פירוש,לא,
27,חידושי הריטבא - שבת,כן,שבת,ד.,פירוש,לא,
28,חידושי הריטבא - שבת,כן,שבת,ד.,פירוש,לא,
29,חידושי הריטבא - שבת,כן,שבת,ד.,פירוש,לא,
30,חידושי הריטבא - שבת,כן,שבת,ד.,פירוש,לא,
32,חידושי הריטבא - שבת,כן,שבת,ד:,פירוש,לא,
33,חידושי הריטבא - שבת,כן,שבת,ד:,פירוש,לא,
34,חידושי הריטבא - שבת,כן,שבת,ד:,פירוש,לא,
36,חידושי הריטבא - שבת,כן,שבת,ה.,פירוש,לא,
37,חידושי הריטבא - שבת,כן,שבת,ה.,פירוש,לא,
38,חידושי הריטבא - שבת,כן,שבת,ה.,פירוש,לא,
39,חידושי הריטבא - שבת,כן,שבת,ה.,פירוש,לא,
40,חידושי הריטבא - שבת,כן,שבת,ה.,פירוש,לא,
41,חידושי הריטבא - שבת,כן,שבת,ה.,פירוש,לא,
42,חידושי הריטבא - שבת,כן,שבת,ה.,פירוש,לא,
43,חידושי הריטבא - שבת,כן,שבת,ה.,פירוש,לא,
44,חידושי הריטבא - שבת,כן,שבת,ה.,פירוש,לא,
45,חידושי הריטבא - שבת,כן,שבת,ה.,פירוש,לא,
46,חידושי הריטבא - שבת,כן,שבת,ה.,פירוש,לא,
48,חידושי הריטבא - שבת,כן,שבת,ה:,פירוש,לא,
49,חידושי הריטבא - שבת,כן,שבת,ה:,פירוש,לא,
50,חידושי הריטבא - שבת,כן,שבת,ה:,פירוש,לא,
51,חידושי הריטבא - שבת,כן,שבת,ה:,פירוש,לא,
52,חידושי הריטבא - שבת,כן,שבת,ה:,פירוש,לא,
53,חידושי הריטבא - שבת,כן,שבת,ה:,פירוש,לא,
54,חידושי הריטבא - שבת,כן,שבת,ה:,פירוש,לא,
55,חידושי הריטבא - שבת,כן,שבת,ה:,פירוש,לא,
56,חידושי הריטבא - שבת,כן,שבת,ה:,פירוש,לא,
57,חידושי הריטבא - שבת,כן,שבת,ה:,פירוש,לא,
58,חידושי הריטבא - שבת,כן,שבת,ה:,פירוש,לא,
59,חידושי הריטבא - שבת,כן,שבת,ה:,פירוש,לא,
60,חידושי הריטבא - שבת,כן,שבת,ה:,פירוש,לא,
62,חידושי הריטבא - שבת,כן,שבת,ו.,פירוש,לא,
63,חידושי הריטבא - שבת,כן,שבת,ו.,פירוש,לא,
64,חידושי הריטבא - שבת,כן,שבת,ו.,פירוש,לא,
65,חידושי הריטבא - שבת,כן,שבת,ו.,פירוש,לא,
66,חידושי הריטבא - שבת,כן,שבת,ו.,פירוש,לא,
67,חידושי הריטבא - שבת,כן,שבת,ו.,פירוש,לא,
68,חידושי הריטבא - שבת,כן,שבת,ו.,פירוש,לא,
69,חידושי הריטבא - שבת,כן,שבת,ו.,פירוש,לא,
70,חידושי הריטבא - שבת,כן,שבת,ו.,פירוש,לא,
72,חידושי הריטבא - שבת,כן,שבת,ו:,פירוש,לא,
73,חידושי הריטבא - שבת,כן,שבת,ו:,פירוש,לא,
74,חידושי הריטבא - שבת,כן,שבת,ו:,פירוש,לא,
76,חידושי הריטבא - שבת,כן,שבת,ז.,פירוש,לא,
77,חידושי הריטבא - שבת,כן,שבת,ז.,פירוש,לא,
78,חידושי הריטבא - שבת,כן,שבת,ז.,פירוש,לא,
79,חידושי הריטבא - שבת,כן,שבת,ז.,פירוש,לא,
80,חידושי הריטבא - שבת,כן,שבת,ז.,פירוש,לא,
81,חידושי הריטבא - שבת,כן,שבת,ז.,פירוש,לא,
83,חידושי הריטבא - שבת,כן,שבת,ז:,פירוש,לא,
84,חידושי הריטבא - שבת,כן,שבת,ז:,פירוש,לא,
85,חידושי הריטבא - שבת,כן,שבת,ז:,פירוש,לא,
86,חידושי הריטבא - שבת,כן,שבת,ז:,פירוש,לא,
87,חידושי הריטבא - שבת,כן,שבת,ז:,פירוש,לא,
88,חידושי הריטבא - שבת,כן,שבת,ז:,פירוש,לא,
89,חידושי הריטבא - שבת,כן,שבת,ז:,פירוש,לא,
92,חידושי הריטבא - שבת,כן,שבת,ח.,פירוש,לא,
93,חידושי הריטבא - שבת,כן,שבת,ח.,פירוש,לא,
94,חידושי הריטבא - שבת,כן,שבת,ח.,פירוש,לא,
95,חידושי הריטבא - שבת,כן,שבת,ח.,פירוש,לא,
96,חידושי הריטבא - שבת,כן,שבת,ח.,פירוש,לא,
97,חידושי הריטבא - שבת,כן,שבת,ח.,פירוש,לא,
98,חידושי הריטבא - שבת,כן,שבת,ח.,פירוש,לא,
99,חידושי הריטבא - שבת,כן,שבת,ח.,פירוש,לא,
100,חידושי הריטבא - שבת,כן,שבת,ח.,פירוש,לא,
101,חידושי הריטבא - שבת,כן,שבת,ח.,פירוש,לא,
102,חידושי הריטבא - שבת,כן,שבת,ח.,פירוש,לא,
103,חידושי הריטבא - שבת,כן,שבת,ח.,פירוש,לא,
104,חידושי הריטבא - שבת,כן,שבת,ח.,פירוש,לא,
105,חידושי הריטבא - שבת,כן,שבת,ח.,פירוש,לא,
108,חידושי הריטבא - שבת,כן,שבת,ח:,פירוש,לא,
109,חידושי הריטבא - שבת,כן,שבת,ח:,פירוש,לא,
110,חידושי הריטבא - שבת,כן,שבת,ח:,פירוש,לא,
111,חידושי הריטבא - שבת,כן,שבת,ח:,פירוש,לא,
112,חידושי הריטבא - שבת,כן,שבת,ח:,פירוש,לא,
115,חידושי הריטבא - שבת,כן,שבת,ט.,פירוש,לא,
116,חידושי הריטבא - שבת,כן,שבת,ט.,פירוש,לא,
117,חידושי הריטבא - שבת,כן,שבת,ט.,פירוש,לא,
118,חידושי הריטבא - שבת,כן,שבת,ט.,פירוש,לא,
119,חידושי הריטבא - שבת,כן,שבת,ט.,פירוש,לא,
122,חידושי הריטבא - שבת,כן,שבת,ט:,פירוש,לא,
123,חידושי הריטבא - שבת,כן,שבת,ט:,פירוש,לא,
126,חידושי הריטבא - שבת,כן,שבת,י.,פירוש,לא,
127,חידושי הריטבא - שבת,כן,שבת,י.,פירוש,לא,
128,חידושי הריטבא - שבת,כן,שבת,י.,פירוש,לא,
129,חידושי הריטבא - שבת,כן,שבת,י.,פירוש,לא,
130,חידושי הריטבא - שבת,כן,שבת,י.,פירוש,לא,
133,חידושי הריטבא - שבת,כן,שבת,י:,פירוש,לא,
134,חידושי הריטבא - שבת,כן,שבת,י:,פירוש,לא,
135,חידושי הריטבא - שבת,כן,שבת,י:,פירוש,לא,
138,חידושי הריטבא - שבת,כן,שבת,יא.,פירוש,לא,
139,חידושי הריטבא - שבת,כן,שבת,יא.,פירוש,לא,
140,חידושי הריטבא - שבת,כן,שבת,יא.,פירוש,לא,
141,חידושי הריטבא - שבת,כן,שבת,יא.,פירוש,לא,
142,חידושי הריטבא - שבת,כן,שבת,יא.,פירוש,לא,
143,חידושי הריטבא - שבת,כן,שבת,יא.,פירוש,לא,
144,חידושי הריטבא - שבת,כן,שבת,יא.,פירוש,לא,
145,חידושי הריטבא - שבת,כן,שבת,יא.,פירוש,לא,
146,חידושי הריטבא - שבת,כן,שבת,יא.,פירוש,לא,
147,חידושי הריטבא - שבת,כן,שבת,יא.,פירוש,לא,
148,חידושי הריטבא - שבת,כן,שבת,יא.,פירוש,לא,
151,חידושי הריטבא - שבת,כן,שבת,יא:,פירוש,לא,
154,חידושי הריטבא - שבת,כן,שבת,יב.,פירוש,לא,
155,חידושי הריטבא - שבת,כן,שבת,יב.,פירוש,לא,
156,חידושי הריטבא - שבת,כן,שבת,יב.,פירוש,לא,
157,חידושי הריטבא - שבת,כן,שבת,יב.,פירוש,לא,
160,חידושי הריטבא - שבת,כן,שבת,יב:,פירוש,לא,
161,חידושי הריטבא - שבת,כן,שבת,יב:,פירוש,לא,
162,חידושי הריטבא - שבת,כן,שבת,יב:,פירוש,לא,
165,חידושי הריטבא - שבת,כן,שבת,יג.,פירוש,לא,
166,חידושי הריטבא - שבת,כן,שבת,יג.,פירוש,לא,
167,חידושי הריטבא - שבת,כן,שבת,יג.,פירוש,לא,
168,חידושי הריטבא - שבת,כן,שבת,יג.,פירוש,לא,
169,חידושי הריטבא - שבת,כן,שבת,יג.,פירוש,לא,
170,חידושי הריטבא - שבת,כן,שבת,יג.,פירוש,לא,
171,חידושי הריטבא - שבת,כן,שבת,יג.,פירוש,לא,
174,חידושי הריטבא - שבת,כן,שבת,יג:,פירוש,לא,
175,חידושי הריטבא - שבת,כן,שבת,יג:,פירוש,לא,
176,חידושי הריטבא - שבת,כן,שבת,יג:,פירוש,לא,
177,חידושי הריטבא - שבת,כן,שבת,יג:,פירוש,לא,
178,חידושי הריטבא - שבת,כן,שבת,יג:,פירוש,לא,
181,חידושי הריטבא - שבת,כן,שבת,יד.,פירוש,לא,
182,חידושי הריטבא - שבת,כן,שבת,יד.,פירוש,לא,
183,חידושי הריטבא - שבת,כן,שבת,יד.,פירוש,לא,
184,חידושי הריטבא - שבת,כן,שבת,יד.,פירוש,לא,
185,חידושי הריטבא - שבת,כן,שבת,יד.,פירוש,לא,
186,חידושי הריטבא - שבת,כן,שבת,יד.,פירוש,לא,
189,חידושי הריטבא - שבת,כן,שבת,יד:,פירוש,לא,
190,חידושי הריטבא - שבת,כן,שבת,יד:,פירוש,לא,
193,חידושי הריטבא - שבת,כן,שבת,טו.,פירוש,לא,
194,חידושי הריטבא - שבת,כן,שבת,טו.,פירוש,לא,
195,חידושי הריטבא - שבת,כן,שבת,טו.,פירוש,לא,
196,חידושי הריטבא - שבת,כן,שבת,טו.,פירוש,לא,
197,חידושי הריטבא - שבת,כן,שבת,טו.,פירוש,לא,
200,חידושי הריטבא - שבת,כן,שבת,טו:,פירוש,לא,
201,חידושי הריטבא - שבת,כן,שבת,טו:,פירוש,לא,
202,חידושי הריטבא - שבת,כן,שבת,טו:,פירוש,לא,
203,חידושי הריטבא - שבת,כן,שבת,טו:,פירוש,לא,
206,חידושי הריטבא - שבת,כן,שבת,טז.,פירוש,לא,
207,חידושי הריטבא - שבת,כן,שבת,טז.,פירוש,לא,
208,חידושי הריטבא - שבת,כן,שבת,טז.,פירוש,לא,
209,חידושי הריטבא - שבת,כן,שבת,טז.,פירוש,לא,
212,חידושי הריטבא - שבת,כן,שבת,טז:,פירוש,לא,
213,חידושי הריטבא - שבת,כן,שבת,טז:,פירוש,לא,
214,חידושי הריטבא - שבת,כן,שבת,טז:,פירוש,לא,
215,חידושי הריטבא - שבת,כן,שבת,טז:,פירוש,לא,
216,חידושי הריטבא - שבת,כן,שבת,טז:,פירוש,לא,
217,חידושי הריטבא - שבת,כן,שבת,טז:,פירוש,לא,
218,חידושי הריטבא - שבת,כן,שבת,טז:,פירוש,לא,
219,חידושי הריטבא - שבת,כן,שבת,טז:,פירוש,לא,
220,חידושי הריטבא - שבת,כן,שבת,טז:,פירוש,לא,
221,חידושי הריטבא - שבת,כן,שבת,טז:,פירוש,לא,
224,חידושי הריטבא - שבת,כן,שבת,יז.,פירוש,לא,
225,חידושי הריטבא - שבת,כן,שבת,יז.,פירוש,לא,
226,חידושי הריטבא - שבת,כן,שבת,יז.,פירוש,לא,
227,חידושי הריטבא - שבת,כן,שבת,יז.,פירוש,לא,
228,חידושי הריטבא - שבת,כן,שבת,יז.,פירוש,לא,
229,חידושי הריטבא - שבת,כן,שבת,יז.,פירוש,לא,
230,חידושי הריטבא - שבת,כן,שבת,יז.,פירוש,לא,
231,חידושי הריטבא - שבת,כן,שבת,יז.,פירוש,לא,
232,חידושי הריטבא - שבת,כן,שבת,יז.,פירוש,לא,
233,חידושי הריטבא - שבת,כן,שבת,יז.,פירוש,לא,
234,חידושי הריטבא - שבת,כן,שבת,יז.,פירוש,לא,
237,חידושי הריטבא - שבת,כן,שבת,יז:,פירוש,לא,
238,חידושי הריטבא - שבת,כן,שבת,יז:,פירוש,לא,
239,חידושי הריטבא - שבת,כן,שבת,יז:,פירוש,לא,
240,חידושי הריטבא - שבת,כן,שבת,יז:,פירוש,לא,
241,חידושי הריטבא - שבת,כן,שבת,יז:,פירוש,לא,
242,חידושי הריטבא - שבת,כן,שבת,יז:,פירוש,לא,
243,חידושי הריטבא - שבת,כן,שבת,יז:,פירוש,לא,
244,חידושי הריטבא - שבת,כן,שבת,יז:,פירוש,לא,
245,חידושי הריטבא - שבת,כן,שבת,יז:,פירוש,לא,
246,חידושי הריטבא - שבת,כן,שבת,יז:,פירוש,לא,
247,חידושי הריטבא - שבת,כן,שבת,יז:,פירוש,לא,
250,חידושי הריטבא - שבת,כן,שבת,יח.,פירוש,לא,
251,חידושי הריטבא - שבת,כן,שבת,יח.,פירוש,לא,
252,חידושי הריטבא - שבת,כן,שבת,יח.,פירוש,לא,
253,חידושי הריטבא - שבת,כן,שבת,יח.,פירוש,לא,
254,חידושי הריטבא - שבת,כן,שבת,יח.,פירוש,לא,
255,חידושי הריטבא - שבת,כן,שבת,יח.,פירוש,לא,
256,חידושי הריטבא - שבת,כן,שבת,יח.,פירוש,לא,
259,חידושי הריטבא - שבת,כן,שבת,יח:,פירוש,לא,
260,חידושי הריטבא - שבת,כן,שבת,יח:,פירוש,לא,
261,חידושי הריטבא - שבת,כן,שבת,יח:,פירוש,לא,
262,חידושי הריטבא - שבת,כן,שבת,יח:,פירוש,לא,
263,חידושי הריטבא - שבת,כן,שבת,יח:,פירוש,לא,
264,חידושי הריטבא - שבת,כן,שבת,יח:,פירוש,לא,
265,חידושי הריטבא - שבת,כן,שבת,יח:,פירוש,לא,
266,חידושי הריטבא - שבת,כן,שבת,יח:,פירוש,לא,
267,חידושי הריטבא - שבת,כן,שבת,יח:,פירוש,לא,
268,חידושי הריטבא - שבת,כן,שבת,יח:,פירוש,לא,
269,חידושי הריטבא - שבת,כן,שבת,יח:,פירוש,לא,
270,חידושי הריטבא - שבת,כן,שבת,יח:,פירוש,לא,
271,חידושי הריטבא - שבת,כן,שבת,יח:,פירוש,לא,
272,חידושי הריטבא - שבת,כן,שבת,יח:,פירוש,לא,
273,חידושי הריטבא - שבת,כן,שבת,יח:,פירוש,לא,
274,חידושי הריטבא - שבת,כן,שבת,יח:,פירוש,לא,
275,חידושי הריטבא - שבת,כן,שבת,יח:,פירוש,לא,
278,חידושי הריטבא - שבת,כן,שבת,יט.,פירוש,לא,
279,חידושי הריטבא - שבת,כן,שבת,יט.,פירוש,לא,
280,חידושי הריטבא - שבת,כן,שבת,יט.,פירוש,לא,
281,חידושי הריטבא - שבת,כן,שבת,יט.,פירוש,לא,
282,חידושי הריטבא - שבת,כן,שבת,יט.,פירוש,לא,
283,חידושי הריטבא - שבת,כן,שבת,יט.,פירוש,לא,
284,חידושי הריטבא - שבת,כן,שבת,יט.,פירוש,לא,
285,חידושי הריטבא - שבת,כן,שבת,יט.,פירוש,לא,
286,חידושי הריטבא - שבת,כן,שבת,יט.,פירוש,לא,
287,חידושי הריטבא - שבת,כן,שבת,יט.,פירוש,לא,
288,חידושי הריטבא - שבת,כן,שבת,יט.,פירוש,לא,
289,חידושי הריטבא - שבת,כן,שבת,יט.,פירוש,לא,
290,חידושי הריטבא - שבת,כן,שבת,יט.,פירוש,לא,
291,חידושי הריטבא - שבת,כן,שבת,יט.,פירוש,לא,
292,חידושי הריטבא - שבת,כן,שבת,יט.,פירוש,לא,
293,חידושי הריטבא - שבת,כן,שבת,יט.,פירוש,לא,
294,חידושי הריטבא - שבת,כן,שבת,יט.,פירוש,לא,
295,חידושי הריטבא - שבת,כן,שבת,יט.,פירוש,לא,
296,חידושי הריטבא - שבת,כן,שבת,יט.,פירוש,לא,
297,חידושי הריטבא - שבת,כן,שבת,יט.,פירוש,לא,
298,חידושי הריטבא - שבת,כן,שבת,יט.,פירוש,לא,
299,חידושי הריטבא - שבת,כן,שבת,יט.,פירוש,לא,
300,חידושי הריטבא - שבת,כן,שבת,יט.,פירוש,לא,
303,חידושי הריטבא - שבת,כן,שבת,יט:,פירוש,לא,
304,חידושי הריטבא - שבת,כן,שבת,יט:,פירוש,לא,
305,חידושי הריטבא - שבת,כן,שבת,יט:,פירוש,לא,
306,חידושי הריטבא - שבת,כן,שבת,יט:,פירוש,לא,
307,חידושי הריטבא - שבת,כן,שבת,יט:,פירוש,לא,
308,חידושי הריטבא - שבת,כן,שבת,יט:,פירוש,לא,
309,חידושי הריטבא - שבת,כן,שבת,יט:,פירוש,לא,
310,חידושי הריטבא - שבת,כן,שבת,יט:,פירוש,לא,
311,חידושי הריטבא - שבת,כן,שבת,יט:,פירוש,לא,
312,חידושי הריטבא - שבת,כן,שבת,יט:,פירוש,לא,
313,חידושי הריטבא - שבת,כן,שבת,יט:,פירוש,לא,
314,חידושי הריטבא - שבת,כן,שבת,יט:,פירוש,לא,
315,חידושי הריטבא - שבת,כן,שבת,יט:,פירוש,לא,
316,חידושי הריטבא - שבת,כן,שבת,יט:,פירוש,לא,
317,חידושי הריטבא - שבת,כן,שבת,יט:,פירוש,לא,
318,חידושי הריטבא - שבת,כן,שבת,יט:,פירוש,לא,
319,חידושי הריטבא - שבת,כן,שבת,יט:,פירוש,לא,
322,חידושי הריטבא - שבת,כן,שבת,כ.,פירוש,לא,
323,חידושי הריטבא - שבת,כן,שבת,כ.,פירוש,לא,
324,חידושי הריטבא - שבת,כן,שבת,כ.,פירוש,לא,
325,חידושי הריטבא - שבת,כן,שבת,כ.,פירוש,לא,
326,חידושי הריטבא - שבת,כן,שבת,כ.,פירוש,לא,
327,חידושי הריטבא - שבת,כן,שבת,כ.,פירוש,לא,
328,חידושי הריטבא - שבת,כן,שבת,כ.,פירוש,לא,
329,חידושי הריטבא - שבת,כן,שבת,כ.,פירוש,לא,
330,חידושי הריטבא - שבת,כן,שבת,כ.,פירוש,לא,
333,חידושי הריטבא - שבת,כן,שבת,כ:,פירוש,לא,
336,חידושי הריטבא - שבת,כן,שבת,כ:,פירוש,לא,
337,חידושי הריטבא - שבת,כן,שבת,כ:,פירוש,לא,
338,חידושי הריטבא - שבת,כן,שבת,כ:,פירוש,לא,
339,חידושי הריטבא - שבת,כן,שבת,כ:,פירוש,לא,
340,חידושי הריטבא - שבת,כן,שבת,כ:,פירוש,לא,
341,חידושי הריטבא - שבת,כן,שבת,כ:,פירוש,לא,
342,חידושי הריטבא - שבת,כן,שבת,כ:,פירוש,לא,
343,חידושי הריטבא - שבת,כן,שבת,כ:,פירוש,לא,
344,חידושי הריטבא - שבת,כן,שבת,כ:,פירוש,לא,
345,חידושי הריטבא - שבת,כן,שבת,כ:,פירוש,לא,
348,חידושי הריטבא - שבת,כן,שבת,כא.,פירוש,לא,
349,חידושי הריטבא - שבת,כן,שבת,כא.,פירוש,לא,
350,חידושי הריטבא - שבת,כן,שבת,כא.,פירוש,לא,
351,חידושי הריטבא - שבת,כן,שבת,כא.,פירוש,לא,
352,חידושי הריטבא - שבת,כן,שבת,כא.,פירוש,לא,
353,חידושי הריטבא - שבת,כן,שבת,כא.,פירוש,לא,
354,חידושי הריטבא - שבת,כן,שבת,כא.,פירוש,לא,
355,חידושי הריטבא - שבת,כן,שבת,כא.,פירוש,לא,
356,חידושי הריטבא - שבת,כן,שבת,כא.,פירוש,לא,
357,חידושי הריטבא - שבת,כן,שבת,כא.,פירוש,לא,
358,חידושי הריטבא - שבת,כן,שבת,כא.,פירוש,לא,
359,חידושי הריטבא - שבת,כן,שבת,כא.,פירוש,לא,
362,חידושי הריטבא - שבת,כן,שבת,כא:,פירוש,לא,
363,חידושי הריטבא - שבת,כן,שבת,כא:,פירוש,לא,
364,חידושי הריטבא - שבת,כן,שבת,כא:,פירוש,לא,
365,חידושי הריטבא - שבת,כן,שבת,כא:,פירוש,לא,
366,חידושי הריטבא - שבת,כן,שבת,כא:,פירוש,לא,
367,חידושי הריטבא - שבת,כן,שבת,כא:,פירוש,לא,
368,חידושי הריטבא - שבת,כן,שבת,כא:,פירוש,לא,
369,חידושי הריטבא - שבת,כן,שבת,כא:,פירוש,לא,
370,חידושי הריטבא - שבת,כן,שבת,כא:,פירוש,לא,
371,חידושי הריטבא - שבת,כן,שבת,כא:,פירוש,לא,
372,חידושי הריטבא - שבת,כן,שבת,כא:,פירוש,לא,
373,חידושי הריטבא - שבת,כן,שבת,כא:,פירוש,לא,
374,חידושי הריטבא - שבת,כן,שבת,כא:,פירוש,לא,
375,חידושי הריטבא - שבת,כן,שבת,כא:,פירוש,לא,
376,חידושי הריטבא - שבת,כן,שבת,כא:,פירוש,לא,
377,חידושי הריטבא - שבת,כן,שבת,כא:,פירוש,לא,
378,חידושי הריטבא - שבת,כן,שבת,כא:,פירוש,לא,
379,חידושי הריטבא - שבת,כן,שבת,כא:,פירוש,לא,
380,חידושי הריטבא - שבת,כן,שבת,כא:,פירוש,לא,
381,חידושי הריטבא - שבת,כן,שבת,כא:,פירוש,לא,
382,חידושי הריטבא - שבת,כן,שבת,כא:,פירוש,לא,
385,חידושי הריטבא - שבת,כן,שבת,כב.,פירוש,לא,
386,חידושי הריטבא - שבת,כן,שבת,כב.,פירוש,לא,
387,חידושי הריטבא - שבת,כן,שבת,כב.,פירוש,לא,
388,חידושי הריטבא - שבת,כן,שבת,כב.,פירוש,לא,
389,חידושי הריטבא - שבת,כן,שבת,כב.,פירוש,לא,
390,חידושי הריטבא - שבת,כן,שבת,כב.,פירוש,לא,
391,חידושי הריטבא - שבת,כן,שבת,כב.,פירוש,לא,
392,חידושי הריטבא - שבת,כן,שבת,כב.,פירוש,לא,
393,חידושי הריטבא - שבת,כן,שבת,כב.,פירוש,לא,
394,חידושי הריטבא - שבת,כן,שבת,כב.,פירוש,לא,
395,חידושי הריטבא - שבת,כן,שבת,כב.,פירוש,לא,
396,חידושי הריטבא - שבת,כן,שבת,כב.,פירוש,לא,
399,חידושי הריטבא - שבת,כן,שבת,כב:,פירוש,לא,
400,חידושי הריטבא - שבת,כן,שבת,כב:,פירוש,לא,
401,חידושי הריטבא - שבת,כן,שבת,כב:,פירוש,לא,
402,חידושי הריטבא - שבת,כן,שבת,כב:,פירוש,לא,
403,חידושי הריטבא - שבת,כן,שבת,כב:,פירוש,לא,
404,חידושי הריטבא - שבת,כן,שבת,כב:,פירוש,לא,
405,חידושי הריטבא - שבת,כן,שבת,כב:,פירוש,לא,
406,חידושי הריטבא - שבת,כן,שבת,כב:,פירוש,לא,
407,חידושי הריטבא - שבת,כן,שבת,כב:,פירוש,לא,
408,חידושי הריטבא - שבת,כן,שבת,כב:,פירוש,לא,
409,חידושי הריטבא - שבת,כן,שבת,כב:,פירוש,לא,
410,חידושי הריטבא - שבת,כן,שבת,כב:,פירוש,לא,
411,חידושי הריטבא - שבת,כן,שבת,כב:,פירוש,לא,
412,חידושי הריטבא - שבת,כן,שבת,כב:,פירוש,לא,
413,חידושי הריטבא - שבת,כן,שבת,כב:,פירוש,לא,
414,חידושי הריטבא - שבת,כן,שבת,כב:,פירוש,לא,
415,חידושי הריטבא - שבת,כן,שבת,כב:,פירוש,לא,
418,חידושי הריטבא - שבת,כן,שבת,כג.,פירוש,לא,
419,חידושי הריטבא - שבת,כן,שבת,כג.,פירוש,לא,
420,חידושי הריטבא - שבת,כן,שבת,כג.,פירוש,לא,
421,חידושי הריטבא - שבת,כן,שבת,כג.,פירוש,לא,
422,חידושי הריטבא - שבת,כן,שבת,כג.,פירוש,לא,
423,חידושי הריטבא - שבת,כן,שבת,כג.,פירוש,לא,
424,חידושי הריטבא - שבת,כן,שבת,כג.,פירוש,לא,
425,חידושי הריטבא - שבת,כן,שבת,כג.,פירוש,לא,
426,חידושי הריטבא - שבת,כן,שבת,כג.,פירוש,לא,
427,חידושי הריטבא - שבת,כן,שבת,כג.,פירוש,לא,
428,חידושי הריטבא - שבת,כן,שבת,כג.,פירוש,לא,
429,חידושי הריטבא - שבת,כן,שבת,כג.,פירוש,לא,
430,חידושי הריטבא - שבת,כן,שבת,כג.,פירוש,לא,
431,חידושי הריטבא - שבת,כן,שבת,כג.,פירוש,לא,
434,חידושי הריטבא - שבת,כן,שבת,כג:,פירוש,לא,
435,חידושי הריטבא - שבת,כן,שבת,כג:,פירוש,לא,
436,חידושי הריטבא - שבת,כן,שבת,כג:,פירוש,לא,
437,חידושי הריטבא - שבת,כן,שבת,כג:,פירוש,לא,
438,חידושי הריטבא - שבת,כן,שבת,כג:,פירוש,לא,
439,חידושי הריטבא - שבת,כן,שבת,כג:,פירוש,לא,
440,חידושי הריטבא - שבת,כן,שבת,כג:,פירוש,לא,
441,חידושי הריטבא - שבת,כן,שבת,כג:,פירוש,לא,
442,חידושי הריטבא - שבת,כן,שבת,כג:,פירוש,לא,
443,חידושי הריטבא - שבת,כן,שבת,כג:,פירוש,לא,
444,חידושי הריטבא - שבת,כן,שבת,כג:,פירוש,לא,
447,חידושי הריטבא - שבת,כן,שבת,כד.,פירוש,לא,
448,חידושי הריטבא - שבת,כן,שבת,כד.,פירוש,לא,
449,חידושי הריטבא - שבת,כן,שבת,כד.,פירוש,לא,
450,חידושי הריטבא - שבת,כן,שבת,כד.,פירוש,לא,
451,חידושי הריטבא - שבת,כן,שבת,כד.,פירוש,לא,
452,חידושי הריטבא - שבת,כן,שבת,כד.,פירוש,לא,
453,חידושי הריטבא - שבת,כן,שבת,כד.,פירוש,לא,
454,חידושי הריטבא - שבת,כן,שבת,כד.,פירוש,לא,
457,חידושי הריטבא - שבת,כן,שבת,כד:,פירוש,לא,
458,חידושי הריטבא - שבת,כן,שבת,כד:,פירוש,לא,
459,חידושי הריטבא - שבת,כן,שבת,כד:,פירוש,לא,
460,חידושי הריטבא - שבת,כן,שבת,כד:,פירוש,לא,
461,חידושי הריטבא - שבת,כן,שבת,כד:,פירוש,לא,
462,חידושי הריטבא - שבת,כן,שבת,כד:,פירוש,לא,
463,חידושי הריטבא - שבת,כן,שבת,כד:,פירוש,לא,
464,חידושי הריטבא - שבת,כן,שבת,כד:,פירוש,לא,
465,חידושי הריטבא - שבת,כן,שבת,כד:,פירוש,לא,
466,חידושי הריטבא - שבת,כן,שבת,כד:,פירוש,לא,
467,חידושי הריטבא - שבת,כן,שבת,כד:,פירוש,לא,
468,חידושי הריטבא - שבת,כן,שבת,כד:,פירוש,לא,
471,חידושי הריטבא - שבת,כן,שבת,כה.,פירוש,לא,
472,חידושי הריטבא - שבת,כן,שבת,כה.,פירוש,לא,
473,חידושי הריטבא - שבת,כן,שבת,כה.,פירוש,לא,
474,חידושי הריטבא - שבת,כן,שבת,כה.,פירוש,לא,
475,חידושי הריטבא - שבת,כן,שבת,כה.,פירוש,לא,
476,חידושי הריטבא - שבת,כן,שבת,כה.,פירוש,לא,
477,חידושי הריטבא - שבת,כן,שבת,כה.,פירוש,לא,
478,חידושי הריטבא - שבת,כן,שבת,כה.,פירוש,לא,
481,חידושי הריטבא - שבת,כן,שבת,כה:,פירוש,לא,
482,חידושי הריטבא - שבת,כן,שבת,כה:,פירוש,לא,
483,חידושי הריטבא - שבת,כן,שבת,כה:,פירוש,לא,
484,חידושי הריטבא - שבת,כן,שבת,כה:,פירוש,לא,
485,חידושי הריטבא - שבת,כן,שבת,כה:,פירוש,לא,
486,חידושי הריטבא - שבת,כן,שבת,כה:,פירוש,לא,
487,חידושי הריטבא - שבת,כן,שבת,כה:,פירוש,לא,
488,חידושי הריטבא - שבת,כן,שבת,כה:,פירוש,לא,
489,חידושי הריטבא - שבת,כן,שבת,כה:,פירוש,לא,
490,חידושי הריטבא - שבת,כן,שבת,כה:,פירוש,לא,
491,חידושי הריטבא - שבת,כן,שבת,כה:,פירוש,לא,
492,חידושי הריטבא - שבת,כן,שבת,כה:,פירוש,לא,
493,חידושי הריטבא - שבת,כן,שבת,כה:,פירוש,לא,
494,חידושי הריטבא - שבת,כן,שבת,כה:,פירוש,לא,
495,חידושי הריטבא - שבת,כן,שבת,כה:,פירוש,לא,
498,חידושי הריטבא - שבת,כן,שבת,כו.,פירוש,לא,
499,חידושי הריטבא - שבת,כן,שבת,כו.,פירוש,לא,
500,חידושי הריטבא - שבת,כן,שבת,כו.,פירוש,לא,
501,חידושי הריטבא - שבת,כן,שבת,כו.,פירוש,לא,
502,חידושי הריטבא - שבת,כן,שבת,כו.,פירוש,לא,
503,חידושי הריטבא - שבת,כן,שבת,כו.,פירוש,לא,
504,חידושי הריטבא - שבת,כן,שבת,כו.,פירוש,לא,
507,חידושי הריטבא - שבת,כן,שבת,כו:,פירוש,לא,
508,חידושי הריטבא - שבת,כן,שבת,כו:,פירוש,לא,
509,חידושי הריטבא - שבת,כן,שבת,כו:,פירוש,לא,
510,חידושי הריטבא - שבת,כן,שבת,כו:,פירוש,לא,
511,חידושי הריטבא - שבת,כן,שבת,כו:,פירוש,לא,
512,חידושי הריטבא - שבת,כן,שבת,כו:,פירוש,לא,
513,חידושי הריטבא - שבת,כן,שבת,כו:,פירוש,לא,
514,חידושי הריטבא - שבת,כן,שבת,כו:,פירוש,לא,
515,חידושי הריטבא - שבת,כן,שבת,כו:,פירוש,לא,
516,חידושי הריטבא - שבת,כן,שבת,כו:,פירוש,לא,
517,חידושי הריטבא - שבת,כן,שבת,כו:,פירוש,לא,
518,חידושי הריטבא - שבת,כן,שבת,כו:,פירוש,לא,
521,חידושי הריטבא - שבת,כן,שבת,כז.,פירוש,לא,
522,חידושי הריטבא - שבת,כן,שבת,כז.,פירוש,לא,
523,חידושי הריטבא - שבת,כן,שבת,כז.,פירוש,לא,
524,חידושי הריטבא - שבת,כן,שבת,כז.,פירוש,לא,
525,חידושי הריטבא - שבת,כן,שבת,כז.,פירוש,לא,
526,חידושי הריטבא - שבת,כן,שבת,כז.,פירוש,לא,
527,חידושי הריטבא - שבת,כן,שבת,כז.,פירוש,לא,
530,חידושי הריטבא - שבת,כן,שבת,כז:,פירוש,לא,
531,חידושי הריטבא - שבת,כן,שבת,כז:,פירוש,לא,
532,חידושי הריטבא - שבת,כן,שבת,כז:,פירוש,לא,
533,חידושי הריטבא - שבת,כן,שבת,כז:,פירוש,לא,
534,חידושי הריטבא - שבת,כן,שבת,כז:,פירוש,לא,
535,חידושי הריטבא - שבת,כן,שבת,כז:,פירוש,לא,
536,חידושי הריטבא - שבת,כן,שבת,כז:,פירוש,לא,
537,חידושי הריטבא - שבת,כן,שבת,כז:,פירוש,לא,
538,חידושי הריטבא - שבת,כן,שבת,כז:,פירוש,לא,
539,חידושי הריטבא - שבת,כן,שבת,כז:,פירוש,לא,
540,חידושי הריטבא - שבת,כן,שבת,כז:,פירוש,לא,
541,חידושי הריטבא - שבת,כן,שבת,כז:,פירוש,לא,
542,חידושי הריטבא - שבת,כן,שבת,כז:,פירוש,לא,
545,חידושי הריטבא - שבת,כן,שבת,כח.,פירוש,לא,
546,חידושי הריטבא - שבת,כן,שבת,כח.,פירוש,לא,
547,חידושי הריטבא - שבת,כן,שבת,כח.,פירוש,לא,
548,חידושי הריטבא - שבת,כן,שבת,כח.,פירוש,לא,
549,חידושי הריטבא - שבת,כן,שבת,כח.,פירוש,לא,
550,חידושי הריטבא - שבת,כן,שבת,כח.,פירוש,לא,
551,חידושי הריטבא - שבת,כן,שבת,כח.,פירוש,לא,
552,חידושי הריטבא - שבת,כן,שבת,כח.,פירוש,לא,
553,חידושי הריטבא - שבת,כן,שבת,כח.,פירוש,לא,
554,חידושי הריטבא - שבת,כן,שבת,כח.,פירוש,לא,
555,חידושי הריטבא - שבת,כן,שבת,כח.,פירוש,לא,
556,חידושי הריטבא - שבת,כן,שבת,כח.,פירוש,לא,
559,חידושי הריטבא - שבת,כן,שבת,כח:,פירוש,לא,
560,חידושי הריטבא - שבת,כן,שבת,כח:,פירוש,לא,
561,חידושי הריטבא - שבת,כן,שבת,כח:,פירוש,לא,
562,חידושי הריטבא - שבת,כן,שבת,כח:,פירוש,לא,
563,חידושי הריטבא - שבת,כן,שבת,כח:,פירוש,לא,
564,חידושי הריטבא - שבת,כן,שבת,כח:,פירוש,לא,
565,חידושי הריטבא - שבת,כן,שבת,כח:,פירוש,לא,
566,חידושי הריטבא - שבת,כן,שבת,כח:,פירוש,לא,
567,חידושי הריטבא - שבת,כן,שבת,כח:,פירוש,לא,
568,חידושי הריטבא - שבת,כן,שבת,כח:,פירוש,לא,
571,חידושי הריטבא - שבת,כן,שבת,כט.,פירוש,לא,
572,חידושי הריטבא - שבת,כן,שבת,כט.,פירוש,לא,
573,חידושי הריטבא - שבת,כן,שבת,כט.,פירוש,לא,
574,חידושי הריטבא - שבת,כן,שבת,כט.,פירוש,לא,
575,חידושי הריטבא - שבת,כן,שבת,כט.,פירוש,לא,
576,חידושי הריטבא - שבת,כן,שבת,כט.,פירוש,לא,
577,חידושי הריטבא - שבת,כן,שבת,כט.,פירוש,לא,
578,חידושי הריטבא - שבת,כן,שבת,כט.,פירוש,לא,
579,חידושי הריטבא - שבת,כן,שבת,כט.,פירוש,לא,
580,חידושי הריטבא - שבת,כן,שבת,כט.,פירוש,לא,
581,חידושי הריטבא - שבת,כן,שבת,כט.,פירוש,לא,
582,חידושי הריטבא - שבת,כן,שבת,כט.,פירוש,לא,
583,חידושי הריטבא - שבת,כן,שבת,כט.,פירוש,לא,
586,חידושי הריטבא - שבת,כן,שבת,כט:,פירוש,לא,
587,חידושי הריטבא - שבת,כן,שבת,כט:,פירוש,לא,
588,חידושי הריטבא - שבת,כן,שבת,כט:,פירוש,לא,
589,חידושי הריטבא - שבת,כן,שבת,כט:,פירוש,לא,
590,חידושי הריטבא - שבת,כן,שבת,כט:,פירוש,לא,
591,חידושי הריטבא - שבת,כן,שבת,כט:,פירוש,לא,
592,חידושי הריטבא - שבת,כן,שבת,כט:,פירוש,לא,
593,חידושי הריטבא - שבת,כן,שבת,כט:,פירוש,לא,
594,חידושי הריטבא - שבת,כן,שבת,כט:,פירוש,לא,
597,חידושי הריטבא - שבת,כן,שבת,ל.,פירוש,לא,
598,חידושי הריטבא - שבת,כן,שבת,ל.,פירוש,לא,
601,חידושי הריטבא - שבת,כן,שבת,לא:,פירוש,לא,
602,חידושי הריטבא - שבת,כן,שבת,לא:,פירוש,לא,
603,חידושי הריטבא - שבת,כן,שבת,לא:,פירוש,לא,
604,חידושי הריטבא - שבת,כן,שבת,לא:,פירוש,לא,
607,חידושי הריטבא - שבת,כן,שבת,לב.,פירוש,לא,
608,חידושי הריטבא - שבת,כן,שבת,לב.,פירוש,לא,
611,חידושי הריטבא - שבת,כן,שבת,לד.,פירוש,לא,
612,חידושי הריטבא - שבת,כן,שבת,לד.,פירוש,לא,
613,חידושי הריטבא - שבת,כן,שבת,לד.,פירוש,לא,
614,חידושי הריטבא - שבת,כן,שבת,לד.,פירוש,לא,
615,חידושי הריטבא - שבת,כן,שבת,לד.,פירוש,לא,
616,חידושי הריטבא - שבת,כן,שבת,לד.,פירוש,לא,
617,חידושי הריטבא - שבת,כן,שבת,לד.,פירוש,לא,
618,חידושי הריטבא - שבת,כן,שבת,לד.,פירוש,לא,
619,חידושי הריטבא - שבת,כן,שבת,לד.,פירוש,לא,
622,חידושי הריטבא - שבת,כן,שבת,לד:,פירוש,לא,
623,חידושי הריטבא - שבת,כן,שבת,לד:,פירוש,לא,
624,חידושי הריטבא - שבת,כן,שבת,לד:,פירוש,לא,
625,חידושי הריטבא - שבת,כן,שבת,לד:,פירוש,לא,
626,חידושי הריטבא - שבת,כן,שבת,לד:,פירוש,לא,
629,חידושי הריטבא - שבת,כן,שבת,לה.,פירוש,לא,
630,חידושי הריטבא - שבת,כן,שבת,לה.,פירוש,לא,
631,חידושי הריטבא - שבת,כן,שבת,לה.,פירוש,לא,
632,חידושי הריטבא - שבת,כן,שבת,לה.,פירוש,לא,
633,חידושי הריטבא - שבת,כן,שבת,לה.,פירוש,לא,
634,חידושי הריטבא - שבת,כן,שבת,לה.,פירוש,לא,
635,חידושי הריטבא - שבת,כן,שבת,לה.,פירוש,לא,
636,חידושי הריטבא - שבת,כן,שבת,לה.,פירוש,לא,
639,חידושי הריטבא - שבת,כן,שבת,לה:,פירוש,לא,
640,חידושי הריטבא - שבת,כן,שבת,לה:,פירוש,לא,
641,חידושי הריטבא - שבת,כן,שבת,לה:,פירוש,לא,
642,חידושי הריטבא - שבת,כן,שבת,לה:,פירוש,לא,
645,חידושי הריטבא - שבת,כן,שבת,לו.,פירוש,לא,
646,חידושי הריטבא - שבת,כן,שבת,לו.,פירוש,לא,
647,חידושי הריטבא - שבת,כן,שבת,לו.,פירוש,לא,
648,חידושי הריטבא - שבת,כן,שבת,לו.,פירוש,לא,
651,חידושי הריטבא - שבת,כן,שבת,לו:,פירוש,לא,
654,חידושי הריטבא - שבת,כן,שבת,לו:,פירוש,לא,
655,חידושי הריטבא - שבת,כן,שבת,לו:,פירוש,לא,
656,חידושי הריטבא - שבת,כן,שבת,לו:,פירוש,לא,
657,חידושי הריטבא - שבת,כן,שבת,לו:,פירוש,לא,
658,חידושי הריטבא - שבת,כן,שבת,לו:,פירוש,לא,
659,חידושי הריטבא - שבת,כן,שבת,לו:,פירוש,לא,
660,חידושי הריטבא - שבת,כן,שבת,לו:,פירוש,לא,
661,חידושי הריטבא - שבת,כן,שבת,לו:,פירוש,לא,
662,חידושי הריטבא - שבת,כן,שבת,לו:,פירוש,לא,
663,חידושי הריטבא - שבת,כן,שבת,לו:,פירוש,לא,
664,חידושי הריטבא - שבת,כן,שבת,לו:,פירוש,לא,
665,חידושי הריטבא - שבת,כן,שבת,לו:,פירוש,לא,
666,חידושי הריטבא - שבת,כן,שבת,לו:,פירוש,לא,
667,חידושי הריטבא - שבת,כן,שבת,לו:,פירוש,לא,
668,חידושי הריטבא - שבת,כן,שבת,לו:,פירוש,לא,
669,חידושי הריטבא - שבת,כן,שבת,לו:,פירוש,לא,
670,חידושי הריטבא - שבת,כן,שבת,לו:,פירוש,לא,
671,חידושי הריטבא - שבת,כן,שבת,לו:,פירוש,לא,
672,חידושי הריטבא - שבת,כן,שבת,לו:,פירוש,לא,
673,חידושי הריטבא - שבת,כן,שבת,לו:,פירוש,לא,
674,חידושי הריטבא - שבת,כן,שבת,לו:,פירוש,לא,
675,חידושי הריטבא - שבת,כן,שבת,לו:,פירוש,לא,
676,חידושי הריטבא - שבת,כן,שבת,לו:,פירוש,לא,
677,חידושי הריטבא - שבת,כן,שבת,לו:,פירוש,לא,
678,חידושי הריטבא - שבת,כן,שבת,לו:,פירוש,לא,
679,חידושי הריטבא - שבת,כן,שבת,לו:,פירוש,לא,
680,חידושי הריטבא - שבת,כן,שבת,לו:,פירוש,לא,
681,חידושי הריטבא - שבת,כן,שבת,לו:,פירוש,לא,
682,חידושי הריטבא - שבת,כן,שבת,לו:,פירוש,לא,
683,חידושי הריטבא - שבת,כן,שבת,לו:,פירוש,לא,
684,חידושי הריטבא - שבת,כן,שבת,לו:,פירוש,לא,
685,חידושי הריטבא - שבת,כן,שבת,לו:,פירוש,לא,
686,חידושי הריטבא - שבת,כן,שבת,לו:,פירוש,לא,
687,חידושי הריטבא - שבת,כן,שבת,לו:,פירוש,לא,
688,חידושי הריטבא - שבת,כן,שבת,לו:,פירוש,לא,
689,חידושי הריטבא - שבת,כן,שבת,לו:,פירוש,לא,
690,חידושי הריטבא - שבת,כן,שבת,לו:,פירוש,לא,
691,חידושי הריטבא - שבת,כן,שבת,לו:,פירוש,לא,
692,חידושי הריטבא - שבת,כן,שבת,לו:,פירוש,לא,
693,חידושי הריטבא - שבת,כן,שבת,לו:,פירוש,לא,
694,חידושי הריטבא - שבת,כן,שבת,לו:,פירוש,לא,
695,חידושי הריטבא - שבת,כן,שבת,לו:,פירוש,לא,
696,חידושי הריטבא - שבת,כן,שבת,לו:,פירוש,לא,
697,חידושי הריטבא - שבת,כן,שבת,לו:,פירוש,לא,
698,חידושי הריטבא - שבת,כן,שבת,לו:,פירוש,לא,
699,חידושי הריטבא - שבת,כן,שבת,לו:,פירוש,לא,
700,חידושי הריטבא - שבת,כן,שבת,לו:,פירוש,לא,
701,חידושי הריטבא - שבת,כן,שבת,לו:,פירוש,לא,
702,חידושי הריטבא - שבת,כן,שבת,לו:,פירוש,לא,
703,חידושי הריטבא - שבת,כן,שבת,לו:,פירוש,לא,
704,חידושי הריטבא - שבת,כן,שבת,לו:,פירוש,לא,
705,חידושי הריטבא - שבת,כן,שבת,לו:,פירוש,לא,
706,חידושי הריטבא - שבת,כן,שבת,לו:,פירוש,לא,
707,חידושי הריטבא - שבת,כן,שבת,לו:,פירוש,לא,
708,חידושי הריטבא - שבת,כן,שבת,לו:,פירוש,לא,
709,חידושי הריטבא - שבת,כן,שבת,לו:,פירוש,לא,
710,חידושי הריטבא - שבת,כן,שבת,לו:,פירוש,לא,
711,חידושי הריטבא - שבת,כן,שבת,לו:,פירוש,לא,
712,חידושי הריטבא - שבת,כן,שבת,לו:,פירוש,לא,
713,חידושי הריטבא - שבת,כן,שבת,לו:,פירוש,לא,
714,חידושי הריטבא - שבת,כן,שבת,לו:,פירוש,לא,
715,חידושי הריטבא - שבת,כן,שבת,לו:,פירוש,לא,
716,חידושי הריטבא - שבת,כן,שבת,לו:,פירוש,לא,
717,חידושי הריטבא - שבת,כן,שבת,לו:,פירוש,לא,
718,חידושי הריטבא - שבת,כן,שבת,לו:,פירוש,לא,
719,חידושי הריטבא - שבת,כן,שבת,לו:,פירוש,לא,
720,חידושי הריטבא - שבת,כן,שבת,לו:,פירוש,לא,
721,חידושי הריטבא - שבת,כן,שבת,לו:,פירוש,לא,
722,חידושי הריטבא - שבת,כן,שבת,לו:,פירוש,לא,
723,חידושי הריטבא - שבת,כן,שבת,לו:,פירוש,לא,
724,חידושי הריטבא - שבת,כן,שבת,לו:,פירוש,לא,
725,חידושי הריטבא - שבת,כן,שבת,לו:,פירוש,לא,
726,חידושי הריטבא - שבת,כן,שבת,לו:,פירוש,לא,
727,חידושי הריטבא - שבת,כן,שבת,לו:,פירוש,לא,
728,חידושי הריטבא - שבת,כן,שבת,לו:,פירוש,לא,
729,חידושי הריטבא - שבת,כן,שבת,לו:,פירוש,לא,
730,חידושי הריטבא - שבת,כן,שבת,לו:,פירוש,לא,
731,חידושי הריטבא - שבת,כן,שבת,לו:,פירוש,לא,
732,חידושי הריטבא - שבת,כן,שבת,לו:,פירוש,לא,
733,חידושי הריטבא - שבת,כן,שבת,לו:,פירוש,לא,
734,חידושי הריטבא - שבת,כן,שבת,לו:,פירוש,לא,
735,חידושי הריטבא - שבת,כן,שבת,לו:,פירוש,לא,
736,חידושי הריטבא - שבת,כן,שבת,לו:,פירוש,לא,
737,חידושי הריטבא - שבת,כן,שבת,לו:,פירוש,לא,
738,חידושי הריטבא - שבת,כן,שבת,לו:,פירוש,לא,
739,חידושי הריטבא - שבת,כן,שבת,לו:,פירוש,לא,
740,חידושי הריטבא - שבת,כן,שבת,לו:,פירוש,לא,
741,חידושי הריטבא - שבת,כן,שבת,לו:,פירוש,לא,
742,חידושי הריטבא - שבת,כן,שבת,לו:,פירוש,לא,
743,חידושי הריטבא - שבת,כן,שבת,לו:,פירוש,לא,
744,חידושי הריטבא - שבת,כן,שבת,לו:,פירוש,לא,
745,חידושי הריטבא - שבת,כן,שבת,לו:,פירוש,לא,
746,חידושי הריטבא - שבת,כן,שבת,לו:,פירוש,לא,
747,חידושי הריטבא - שבת,כן,שבת,לו:,פירוש,לא,
748,חידושי הריטבא - שבת,כן,שבת,לו:,פירוש,לא,
749,חידושי הריטבא - שבת,כן,שבת,לו:,פירוש,לא,
750,חידושי הריטבא - שבת,כן,שבת,לו:,פירוש,לא,
751,חידושי הריטבא - שבת,כן,שבת,לו:,פירוש,לא,
752,חידושי הריטבא - שבת,כן,שבת,לו:,פירוש,לא,
753,חידושי הריטבא - שבת,כן,שבת,לו:,פירוש,לא,
754,חידושי הריטבא - שבת,כן,שבת,לו:,פירוש,לא,
755,חידושי הריטבא - שבת,כן,שבת,לו:,פירוש,לא,
756,חידושי הריטבא - שבת,כן,שבת,לו:,פירוש,לא,
757,חידושי הריטבא - שבת,כן,שבת,לו:,פירוש,לא,
758,חידושי הריטבא - שבת,כן,שבת,לו:,פירוש,לא,
759,חידושי הריטבא - שבת,כן,שבת,לו:,פירוש,לא,
760,חידושי הריטבא - שבת,כן,שבת,לו:,פירוש,לא,
761,חידושי הריטבא - שבת,כן,שבת,לו:,פירוש,לא,
762,חידושי הריטבא - שבת,כן,שבת,לו:,פירוש,לא,
763,חידושי הריטבא - שבת,כן,שבת,לו:,פירוש,לא,
764,חידושי הריטבא - שבת,כן,שבת,לו:,פירוש,לא,
765,חידושי הריטבא - שבת,כן,שבת,לו:,פירוש,לא,
766,חידושי הריטבא - שבת,כן,שבת,לו:,פירוש,לא,
767,חידושי הריטבא - שבת,כן,שבת,לו:,פירוש,לא,
768,חידושי הריטבא - שבת,כן,שבת,לו:,פירוש,לא,
769,חידושי הריטבא - שבת,כן,שבת,לו:,פירוש,לא,
770,חידושי הריטבא - שבת,כן,שבת,לו:,פירוש,לא,
771,חידושי הריטבא - שבת,כן,שבת,לו:,פירוש,לא,
772,חידושי הריטבא - שבת,כן,שבת,לו:,פירוש,לא,
773,חידושי הריטבא - שבת,כן,שבת,לו:,פירוש,לא,
774,חידושי הריטבא - שבת,כן,שבת,לו:,פירוש,לא,
775,חידושי הריטבא - שבת,כן,שבת,לו:,פירוש,לא,
776,חידושי הריטבא - שבת,כן,שבת,לו:,פירוש,לא,
777,חידושי הריטבא - שבת,כן,שבת,לו:,פירוש,לא,
778,חידושי הריטבא - שבת,כן,שבת,לו:,פירוש,לא,
779,חידושי הריטבא - שבת,כן,שבת,לו:,פירוש,לא,
780,חידושי הריטבא - שבת,כן,שבת,לו:,פירוש,לא,
781,חידושי הריטבא - שבת,כן,שבת,לו:,פירוש,לא,
782,חידושי הריטבא - שבת,כן,שבת,לו:,פירוש,לא,
783,חידושי הריטבא - שבת,כן,שבת,לו:,פירוש,לא,
784,חידושי הריטבא - שבת,כן,שבת,לו:,פירוש,לא,
785,חידושי הריטבא - שבת,כן,שבת,לו:,פירוש,לא,
786,חידושי הריטבא - שבת,כן,שבת,לו:,פירוש,לא,
787,חידושי הריטבא - שבת,כן,שבת,לו:,פירוש,לא,
788,חידושי הריטבא - שבת,כן,שבת,לו:,פירוש,לא,
789,חידושי הריטבא - שבת,כן,שבת,לו:,פירוש,לא,
790,חידושי הריטבא - שבת,כן,שבת,לו:,פירוש,לא,
791,חידושי הריטבא - שבת,כן,שבת,לו:,פירוש,לא,
792,חידושי הריטבא - שבת,כן,שבת,לו:,פירוש,לא,
793,חידושי הריטבא - שבת,כן,שבת,לו:,פירוש,לא,
794,חידושי הריטבא - שבת,כן,שבת,לו:,פירוש,לא,
795,חידושי הריטבא - שבת,כן,שבת,לו:,פירוש,לא,
796,חידושי הריטבא - שבת,כן,שבת,לו:,פירוש,לא,
797,חידושי הריטבא - שבת,כן,שבת,לו:,פירוש,לא,
798,חידושי הריטבא - שבת,כן,שבת,לו:,פירוש,לא,
799,חידושי הריטבא - שבת,כן,שבת,לו:,פירוש,לא,
800,חידושי הריטבא - שבת,כן,שבת,לו:,פירוש,לא,
801,חידושי הריטבא - שבת,כן,שבת,לו:,פירוש,לא,
802,חידושי הריטבא - שבת,כן,שבת,לו:,פירוש,לא,
803,חידושי הריטבא - שבת,כן,שבת,לו:,פירוש,לא,
804,חידושי הריטבא - שבת,כן,שבת,לו:,פירוש,לא,
805,חידושי הריטבא - שבת,כן,שבת,לו:,פירוש,לא,
806,חידושי הריטבא - שבת,כן,שבת,לו:,פירוש,לא,
807,חידושי הריטבא - שבת,כן,שבת,לו:,פירוש,לא,
808,חידושי הריטבא - שבת,כן,שבת,לו:,פירוש,לא,
809,חידושי הריטבא - שבת,כן,שבת,לו:,פירוש,לא,
810,חידושי הריטבא - שבת,כן,שבת,לו:,פירוש,לא,
811,חידושי הריטבא - שבת,כן,שבת,לו:,פירוש,לא,
812,חידושי הריטבא - שבת,כן,שבת,לו:,פירוש,לא,
813,חידושי הריטבא - שבת,כן,שבת,לו:,פירוש,לא,
814,חידושי הריטבא - שבת,כן,שבת,לו:,פירוש,לא,
815,חידושי הריטבא - שבת,כן,שבת,לו:,פירוש,לא,
816,חידושי הריטבא - שבת,כן,שבת,לו:,פירוש,לא,
817,חידושי הריטבא - שבת,כן,שבת,לו:,פירוש,לא,
818,חידושי הריטבא - שבת,כן,שבת,לו:,פירוש,לא,
819,חידושי הריטבא - שבת,כן,שבת,לו:,פירוש,לא,
820,חידושי הריטבא - שבת,כן,שבת,לו:,פירוש,לא,
821,חידושי הריטבא - שבת,כן,שבת,לו:,פירוש,לא,
822,חידושי הריטבא - שבת,כן,שבת,לו:,פירוש,לא,
823,חידושי הריטבא - שבת,כן,שבת,לו:,פירוש,לא,
824,חידושי הריטבא - שבת,כן,שבת,לו:,פירוש,לא,
825,חידושי הריטבא - שבת,כן,שבת,לו:,פירוש,לא,
826,חידושי הריטבא - שבת,כן,שבת,לו:,פירוש,לא,
827,חידושי הריטבא - שבת,כן,שבת,לו:,פירוש,לא,
828,חידושי הריטבא - שבת,כן,שבת,לו:,פירוש,לא,
829,חידושי הריטבא - שבת,כן,שבת,לו:,פירוש,לא,
830,חידושי הריטבא - שבת,כן,שבת,לו:,פירוש,לא,
831,חידושי הריטבא - שבת,כן,שבת,לו:,פירוש,לא,
832,חידושי הריטבא - שבת,כן,שבת,לו:,פירוש,לא,
833,חידושי הריטבא - שבת,כן,שבת,לו:,פירוש,לא,
834,חידושי הריטבא - שבת,כן,שבת,לו:,פירוש,לא,
835,חידושי הריטבא - שבת,כן,שבת,לו:,פירוש,לא,
836,חידושי הריטבא - שבת,כן,שבת,לו:,פירוש,לא,
837,חידושי הריטבא - שבת,כן,שבת,לו:,פירוש,לא,
838,חידושי הריטבא - שבת,כן,שבת,לו:,פירוש,לא,
839,חידושי הריטבא - שבת,כן,שבת,לו:,פירוש,לא,
840,חידושי הריטבא - שבת,כן,שבת,לו:,פירוש,לא,
841,חידושי הריטבא - שבת,כן,שבת,לו:,פירוש,לא,
842,חידושי הריטבא - שבת,כן,שבת,לו:,פירוש,לא,
843,חידושי הריטבא - שבת,כן,שבת,לו:,פירוש,לא,
844,חידושי הריטבא - שבת,כן,שבת,לו:,פירוש,לא,
845,חידושי הריטבא - שבת,כן,שבת,לו:,פירוש,לא,
846,חידושי הריטבא - שבת,כן,שבת,לו:,פירוש,לא,
847,חידושי הריטבא - שבת,כן,שבת,לו:,פירוש,לא,
848,חידושי הריטבא - שבת,כן,שבת,לו:,פירוש,לא,
849,חידושי הריטבא - שבת,כן,שבת,לו:,פירוש,לא,
850,חידושי הריטבא - שבת,כן,שבת,לו:,פירוש,לא,
851,חידושי הריטבא - שבת,כן,שבת,לו:,פירוש,לא,
852,חידושי הריטבא - שבת,כן,שבת,לו:,פירוש,לא,
853,חידושי הריטבא - שבת,כן,שבת,לו:,פירוש,לא,
854,חידושי הריטבא - שבת,כן,שבת,לו:,פירוש,לא,
855,חידושי הריטבא - שבת,כן,שבת,לו:,פירוש,לא,
856,חידושי הריטבא - שבת,כן,שבת,לו:,פירוש,לא,
857,חידושי הריטבא - שבת,כן,שבת,לו:,פירוש,לא,
858,חידושי הריטבא - שבת,כן,שבת,לו:,פירוש,לא,
859,חידושי הריטבא - שבת,כן,שבת,לו:,פירוש,לא,
860,חידושי הריטבא - שבת,כן,שבת,לו:,פירוש,לא,
861,חידושי הריטבא - שבת,כן,שבת,לו:,פירוש,לא,
862,חידושי הריטבא - שבת,כן,שבת,לו:,פירוש,לא,
863,חידושי הריטבא - שבת,כן,שבת,לו:,פירוש,לא,
864,חידושי הריטבא - שבת,כן,שבת,לו:,פירוש,לא,
865,חידושי הריטבא - שבת,כן,שבת,לו:,פירוש,לא,
866,חידושי הריטבא - שבת,כן,שבת,לו:,פירוש,לא,
867,חידושי הריטבא - שבת,כן,שבת,לו:,פירוש,לא,
868,חידושי הריטבא - שבת,כן,שבת,לו:,פירוש,לא,
869,חידושי הריטבא - שבת,כן,שבת,לו:,פירוש,לא,
870,חידושי הריטבא - שבת,כן,שבת,לו:,פירוש,לא,
871,חידושי הריטבא - שבת,כן,שבת,לו:,פירוש,לא,
872,חידושי הריטבא - שבת,כן,שבת,לו:,פירוש,לא,
873,חידושי הריטבא - שבת,כן,שבת,לו:,פירוש,לא,
874,חידושי הריטבא - שבת,כן,שבת,לו:,פירוש,לא,
875,חידושי הריטבא - שבת,כן,שבת,לו:,פירוש,לא,
876,חידושי הריטבא - שבת,כן,שבת,לו:,פירוש,לא,
877,חידושי הריטבא - שבת,כן,שבת,לו:,פירוש,לא,
878,חידושי הריטבא - שבת,כן,שבת,לו:,פירוש,לא,
879,חידושי הריטבא - שבת,כן,שבת,לו:,פירוש,לא,
880,חידושי הריטבא - שבת,כן,שבת,לו:,פירוש,לא,
881,חידושי הריטבא - שבת,כן,שבת,לו:,פירוש,לא,
882,חידושי הריטבא - שבת,כן,שבת,לו:,פירוש,לא,
883,חידושי הריטבא - שבת,כן,שבת,לו:,פירוש,לא,
884,חידושי הריטבא - שבת,כן,שבת,לו:,פירוש,לא,
885,חידושי הריטבא - שבת,כן,שבת,לו:,פירוש,לא,
886,חידושי הריטבא - שבת,כן,שבת,לו:,פירוש,לא,
887,חידושי הריטבא - שבת,כן,שבת,לו:,פירוש,לא,
888,חידושי הריטבא - שבת,כן,שבת,לו:,פירוש,לא,
889,חידושי הריטבא - שבת,כן,שבת,לו:,פירוש,לא,
890,חידושי הריטבא - שבת,כן,שבת,לו:,פירוש,לא,
891,חידושי הריטבא - שבת,כן,שבת,לו:,פירוש,לא,
892,חידושי הריטבא - שבת,כן,שבת,לו:,פירוש,לא,
893,חידושי הריטבא - שבת,כן,שבת,לו:,פירוש,לא,
894,חידושי הריטבא - שבת,כן,שבת,לו:,פירוש,לא,
895,חידושי הריטבא - שבת,כן,שבת,לו:,פירוש,לא,
896,חידושי הריטבא - שבת,כן,שבת,לו:,פירוש,לא,
897,חידושי הריטבא - שבת,כן,שבת,לו:,פירוש,לא,
898,חידושי הריטבא - שבת,כן,שבת,לו:,פירוש,לא,
899,חידושי הריטבא - שבת,כן,שבת,לו:,פירוש,לא,
900,חידושי הריטבא - שבת,כן,שבת,לו:,פירוש,לא,
901,חידושי הריטבא - שבת,כן,שבת,לו:,פירוש,לא,
902,חידושי הריטבא - שבת,כן,שבת,לו:,פירוש,לא,
903,חידושי הריטבא - שבת,כן,שבת,לו:,פירוש,לא,
904,חידושי הריטבא - שבת,כן,שבת,לו:,פירוש,לא,
905,חידושי הריטבא - שבת,כן,שבת,לו:,פירוש,לא,
906,חידושי הריטבא - שבת,כן,שבת,לו:,פירוש,לא,
907,חידושי הריטבא - שבת,כן,שבת,לו:,פירוש,לא,
908,חידושי הריטבא - שבת,כן,שבת,לו:,פירוש,לא,
909,חידושי הריטבא - שבת,כן,שבת,לו:,פירוש,לא,
910,חידושי הריטבא - שבת,כן,שבת,לו:,פירוש,לא,
911,חידושי הריטבא - שבת,כן,שבת,לו:,פירוש,לא,
912,חידושי הריטבא - שבת,כן,שבת,לו:,פירוש,לא,
913,חידושי הריטבא - שבת,כן,שבת,לו:,פירוש,לא,
914,חידושי הריטבא - שבת,כן,שבת,לו:,פירוש,לא,
915,חידושי הריטבא - שבת,כן,שבת,לו:,פירוש,לא,
916,חידושי הריטבא - שבת,כן,שבת,לו:,פירוש,לא,
917,חידושי הריטבא - שבת,כן,שבת,לו:,פירוש,לא,
918,חידושי הריטבא - שבת,כן,שבת,לו:,פירוש,לא,
919,חידושי הריטבא - שבת,כן,שבת,לו:,פירוש,לא,
920,חידושי הריטבא - שבת,כן,שבת,לו:,פירוש,לא,
921,חידושי הריטבא - שבת,כן,שבת,לו:,פירוש,לא,
922,חידושי הריטבא - שבת,כן,שבת,לו:,פירוש,לא,
923,חידושי הריטבא - שבת,כן,שבת,לו:,פירוש,לא,
924,חידושי הריטבא - שבת,כן,שבת,לו:,פירוש,לא,
925,חידושי הריטבא - שבת,כן,שבת,לו:,פירוש,לא,
926,חידושי הריטבא - שבת,כן,שבת,לו:,פירוש,לא,
927,חידושי הריטבא - שבת,כן,שבת,לו:,פירוש,לא,
928,חידושי הריטבא - שבת,כן,שבת,לו:,פירוש,לא,
929,חידושי הריטבא - שבת,כן,שבת,לו:,פירוש,לא,
930,חידושי הריטבא - שבת,כן,שבת,לו:,פירוש,לא,
931,חידושי הריטבא - שבת,כן,שבת,לו:,פירוש,לא,
932,חידושי הריטבא - שבת,כן,שבת,לו:,פירוש,לא,
933,חידושי הריטבא - שבת,כן,שבת,לו:,פירוש,לא,
934,חידושי הריטבא - שבת,כן,שבת,לו:,פירוש,לא,
935,חידושי הריטבא - שבת,כן,שבת,לו:,פירוש,לא,
936,חידושי הריטבא - שבת,כן,שבת,לו:,פירוש,לא,
937,חידושי הריטבא - שבת,כן,שבת,לו:,פירוש,לא,
938,חידושי הריטבא - שבת,כן,שבת,לו:,פירוש,לא,
939,חידושי הריטבא - שבת,כן,שבת,לו:,פירוש,לא,
940,חידושי הריטבא - שבת,כן,שבת,לו:,פירוש,לא,
941,חידושי הריטבא - שבת,כן,שבת,לו:,פירוש,לא,
942,חידושי הריטבא - שבת,כן,שבת,לו:,פירוש,לא,
943,חידושי הריטבא - שבת,כן,שבת,לו:,פירוש,לא,
944,חידושי הריטבא - שבת,כן,שבת,לו:,פירוש,לא,
945,חידושי הריטבא - שבת,כן,שבת,לו:,פירוש,לא,
946,חידושי הריטבא - שבת,כן,שבת,לו:,פירוש,לא,
947,חידושי הריטבא - שבת,כן,שבת,לו:,פירוש,לא,
948,חידושי הריטבא - שבת,כן,שבת,לו:,פירוש,לא,
949,חידושי הריטבא - שבת,כן,שבת,לו:,פירוש,לא,
950,חידושי הריטבא - שבת,כן,שבת,לו:,פירוש,לא,
951,חידושי הריטבא - שבת,כן,שבת,לו:,פירוש,לא,
952,חידושי הריטבא - שבת,כן,שבת,לו:,פירוש,לא,
953,חידושי הריטבא - שבת,כן,שבת,לו:,פירוש,לא,
954,חידושי הריטבא - שבת,כן,שבת,לו:,פירוש,לא,
955,חידושי הריטבא - שבת,כן,שבת,לו:,פירוש,לא,
956,חידושי הריטבא - שבת,כן,שבת,לו:,פירוש,לא,
957,חידושי הריטבא - שבת,כן,שבת,לו:,פירוש,לא,
958,חידושי הריטבא - שבת,כן,שבת,לו:,פירוש,לא,
959,חידושי הריטבא - שבת,כן,שבת,לו:,פירוש,לא,
960,חידושי הריטבא - שבת,כן,שבת,לו:,פירוש,לא,
961,חידושי הריטבא - שבת,כן,שבת,לו:,פירוש,לא,
962,חידושי הריטבא - שבת,כן,שבת,לו:,פירוש,לא,
963,חידושי הריטבא - שבת,כן,שבת,לו:,פירוש,לא,
964,חידושי הריטבא - שבת,כן,שבת,לו:,פירוש,לא,
965,חידושי הריטבא - שבת,כן,שבת,לו:,פירוש,לא,
966,חידושי הריטבא - שבת,כן,שבת,לו:,פירוש,לא,
967,חידושי הריטבא - שבת,כן,שבת,לו:,פירוש,לא,
968,חידושי הריטבא - שבת,כן,שבת,לו:,פירוש,לא,
969,חידושי הריטבא - שבת,כן,שבת,לו:,פירוש,לא,
972,חידושי הריטבא - שבת,כן,שבת,מז:,פירוש,לא,
973,חידושי הריטבא - שבת,כן,שבת,מז:,פירוש,לא,
974,חידושי הריטבא - שבת,כן,שבת,מז:,פירוש,לא,
975,חידושי הריטבא - שבת,כן,שבת,מז:,פירוש,לא,
976,חידושי הריטבא - שבת,כן,שבת,מז:,פירוש,לא,
977,חידושי הריטבא - שבת,כן,שבת,מז:,פירוש,לא,
978,חידושי הריטבא - שבת,כן,שבת,מז:,פירוש,לא,
981,חידושי הריטבא - שבת,כן,שבת,מח.,פירוש,לא,
982,חידושי הריטבא - שבת,כן,שבת,מח.,פירוש,לא,
983,חידושי הריטבא - שבת,כן,שבת,מח.,פירוש,לא,
984,חידושי הריטבא - שבת,כן,שבת,מח.,פירוש,לא,
985,חידושי הריטבא - שבת,כן,שבת,מח.,פירוש,לא,
986,חידושי הריטבא - שבת,כן,שבת,מח.,פירוש,לא,
987,חידושי הריטבא - שבת,כן,שבת,מח.,פירוש,לא,
988,חידושי הריטבא - שבת,כן,שבת,מח.,פירוש,לא,
989,חידושי הריטבא - שבת,כן,שבת,מח.,פירוש,לא,
990,חידושי הריטבא - שבת,כן,שבת,מח.,פירוש,לא,
993,חידושי הריטבא - שבת,כן,שבת,מח:,פירוש,לא,
994,חידושי הריטבא - שבת,כן,שבת,מח:,פירוש,לא,
995,חידושי הריטבא - שבת,כן,שבת,מח:,פירוש,לא,
996,חידושי הריטבא - שבת,כן,שבת,מח:,פירוש,לא,
997,חידושי הריטבא - שבת,כן,שבת,מח:,פירוש,לא,
998,חידושי הריטבא - שבת,כן,שבת,מח:,פירוש,לא,
999,חידושי הריטבא - שבת,כן,שבת,מח:,פירוש,לא,
1002,חידושי הריטבא - שבת,כן,שבת,מט.,פירוש,לא,
1003,חידושי הריטבא - שבת,כן,שבת,מט.,פירוש,לא,
1004,חידושי הריטבא - שבת,כן,שבת,מט.,פירוש,לא,
1005,חידושי הריטבא - שבת,כן,שבת,מט.,פירוש,לא,
1006,חידושי הריטבא - שבת,כן,שבת,מט.,פירוש,לא,
1007,חידושי הריטבא - שבת,כן,שבת,מט.,פירוש,לא,
1008,חידושי הריטבא - שבת,כן,שבת,מט.,פירוש,לא,
1009,חידושי הריטבא - שבת,כן,שבת,מט.,פירוש,לא,
1010,חידושי הריטבא - שבת,כן,שבת,מט.,פירוש,לא,
1011,חידושי הריטבא - שבת,כן,שבת,מט.,פירוש,לא,
1012,חידושי הריטבא - שבת,כן,שבת,מט.,פירוש,לא,
1013,חידושי הריטבא - שבת,כן,שבת,מט.,פירוש,לא,
1014,חידושי הריטבא - שבת,כן,שבת,מט.,פירוש,לא,
1015,חידושי הריטבא - שבת,כן,שבת,מט.,פירוש,לא,
1018,חידושי הריטבא - שבת,כן,שבת,מט:,פירוש,לא,
1019,חידושי הריטבא - שבת,כן,שבת,מט:,פירוש,לא,
1020,חידושי הריטבא - שבת,כן,שבת,מט:,פירוש,לא,
1021,חידושי הריטבא - שבת,כן,שבת,מט:,פירוש,לא,
1022,חידושי הריטבא - שבת,כן,שבת,מט:,פירוש,לא,
1025,חידושי הריטבא - שבת,כן,שבת,נ.,פירוש,לא,
1026,חידושי הריטבא - שבת,כן,שבת,נ.,פירוש,לא,
1027,חידושי הריטבא - שבת,כן,שבת,נ.,פירוש,לא,
1028,חידושי הריטבא - שבת,כן,שבת,נ.,פירוש,לא,
1029,חידושי הריטבא - שבת,כן,שבת,נ.,פירוש,לא,
1030,חידושי הריטבא - שבת,כן,שבת,נ.,פירוש,לא,
1031,חידושי הריטבא - שבת,כן,שבת,נ.,פירוש,לא,
1032,חידושי הריטבא - שבת,כן,שבת,נ.,פירוש,לא,
1033,חידושי הריטבא - שבת,כן,שבת,נ.,פירוש,לא,
1034,חידושי הריטבא - שבת,כן,שבת,נ.,פירוש,לא,
1035,חידושי הריטבא - שבת,כן,שבת,נ.,פירוש,לא,
1036,חידושי הריטבא - שבת,כן,שבת,נ.,פירוש,לא,
1037,חידושי הריטבא - שבת,כן,שבת,נ.,פירוש,לא,
1038,חידושי הריטבא - שבת,כן,שבת,נ.,פירוש,לא,
1039,חידושי הריטבא - שבת,כן,שבת,נ.,פירוש,לא,
1040,חידושי הריטבא - שבת,כן,שבת,נ.,פירוש,לא,
1043,חידושי הריטבא - שבת,כן,שבת,נ:,פירוש,לא,
1044,חידושי הריטבא - שבת,כן,שבת,נ:,פירוש,לא,
1045,חידושי הריטבא - שבת,כן,שבת,נ:,פירוש,לא,
1046,חידושי הריטבא - שבת,כן,שבת,נ:,פירוש,לא,
1047,חידושי הריטבא - שבת,כן,שבת,נ:,פירוש,לא,
1048,חידושי הריטבא - שבת,כן,שבת,נ:,פירוש,לא,
1049,חידושי הריטבא - שבת,כן,שבת,נ:,פירוש,לא,
1050,חידושי הריטבא - שבת,כן,שבת,נ:,פירוש,לא,
1051,חידושי הריטבא - שבת,כן,שבת,נ:,פירוש,לא,
1052,חידושי הריטבא - שבת,כן,שבת,נ:,פירוש,לא,
1053,חידושי הריטבא - שבת,כן,שבת,נ:,פירוש,לא,
1054,חידושי הריטבא - שבת,כן,שבת,נ:,פירוש,לא,
1057,חידושי הריטבא - שבת,כן,שבת,נא.,פירוש,לא,
1058,חידושי הריטבא - שבת,כן,שבת,נא.,פירוש,לא,
1059,חידושי הריטבא - שבת,כן,שבת,נא.,פירוש,לא,
1060,חידושי הריטבא - שבת,כן,שבת,נא.,פירוש,לא,
1061,חידושי הריטבא - שבת,כן,שבת,נא.,פירוש,לא,
1062,חידושי הריטבא - שבת,כן,שבת,נא.,פירוש,לא,
1063,חידושי הריטבא - שבת,כן,שבת,נא.,פירוש,לא,
1064,חידושי הריטבא - שבת,כן,שבת,נא.,פירוש,לא,
1065,חידושי הריטבא - שבת,כן,שבת,נא.,פירוש,לא,
1066,חידושי הריטבא - שבת,כן,שבת,נא.,פירוש,לא,
1069,חידושי הריטבא - שבת,כן,שבת,נא:,פירוש,לא,
1070,חידושי הריטבא - שבת,כן,שבת,נא:,פירוש,לא,
1071,חידושי הריטבא - שבת,כן,שבת,נא:,פירוש,לא,
1072,חידושי הריטבא - שבת,כן,שבת,נא:,פירוש,לא,
1075,חידושי הריטבא - שבת,כן,שבת,נא:,פירוש,לא,
1076,חידושי הריטבא - שבת,כן,שבת,נא:,פירוש,לא,
1077,חידושי הריטבא - שבת,כן,שבת,נא:,פירוש,לא,
1078,חידושי הריטבא - שבת,כן,שבת,נא:,פירוש,לא,
1079,חידושי הריטבא - שבת,כן,שבת,נא:,פירוש,לא,
1080,חידושי הריטבא - שבת,כן,שבת,נא:,פירוש,לא,
1081,חידושי הריטבא - שבת,כן,שבת,נא:,פירוש,לא,
1082,חידושי הריטבא - שבת,כן,שבת,נא:,פירוש,לא,
1083,חידושי הריטבא - שבת,כן,שבת,נא:,פירוש,לא,
1084,חידושי הריטבא - שבת,כן,שבת,נא:,פירוש,לא,
1085,חידושי הריטבא - שבת,כן,שבת,נא:,פירוש,לא,
1086,חידושי הריטבא - שבת,כן,שבת,נא:,פירוש,לא,
1087,חידושי הריטבא - שבת,כן,שבת,נא:,פירוש,לא,
1090,חידושי הריטבא - שבת,כן,שבת,נב.,פירוש,לא,
1091,חידושי הריטבא - שבת,כן,שבת,נב.,פירוש,לא,
1092,חידושי הריטבא - שבת,כן,שבת,נב.,פירוש,לא,
1093,חידושי הריטבא - שבת,כן,שבת,נב.,פירוש,לא,
1094,חידושי הריטבא - שבת,כן,שבת,נב.,פירוש,לא,
1095,חידושי הריטבא - שבת,כן,שבת,נב.,פירוש,לא,
1098,חידושי הריטבא - שבת,כן,שבת,נב:,פירוש,לא,
1099,חידושי הריטבא - שבת,כן,שבת,נב:,פירוש,לא,
1100,חידושי הריטבא - שבת,כן,שבת,נב:,פירוש,לא,
1101,חידושי הריטבא - שבת,כן,שבת,נב:,פירוש,לא,
1102,חידושי הריטבא - שבת,כן,שבת,נב:,פירוש,לא,
1103,חידושי הריטבא - שבת,כן,שבת,נב:,פירוש,לא,
1104,חידושי הריטבא - שבת,כן,שבת,נב:,פירוש,לא,
1107,חידושי הריטבא - שבת,כן,שבת,נג.,פירוש,לא,
1108,חידושי הריטבא - שבת,כן,שבת,נג.,פירוש,לא,
1109,חידושי הריטבא - שבת,כן,שבת,נג.,פירוש,לא,
1110,חידושי הריטבא - שבת,כן,שבת,נג.,פירוש,לא,
1111,חידושי הריטבא - שבת,כן,שבת,נג.,פירוש,לא,
1112,חידושי הריטבא - שבת,כן,שבת,נג.,פירוש,לא,
1113,חידושי הריטבא - שבת,כן,שבת,נג.,פירוש,לא,
1114,חידושי הריטבא - שבת,כן,שבת,נג.,פירוש,לא,
1115,חידושי הריטבא - שבת,כן,שבת,נג.,פירוש,לא,
1116,חידושי הריטבא - שבת,כן,שבת,נג.,פירוש,לא,
1117,חידושי הריטבא - שבת,כן,שבת,נג.,פירוש,לא,
1118,חידושי הריטבא - שבת,כן,שבת,נג.,פירוש,לא,
1119,חידושי הריטבא - שבת,כן,שבת,נג.,פירוש,לא,
1122,חידושי הריטבא - שבת,כן,שבת,נג:,פירוש,לא,
1123,חידושי הריטבא - שבת,כן,שבת,נג:,פירוש,לא,
1124,חידושי הריטבא - שבת,כן,שבת,נג:,פירוש,לא,
1125,חידושי הריטבא - שבת,כן,שבת,נג:,פירוש,לא,
1126,חידושי הריטבא - שבת,כן,שבת,נג:,פירוש,לא,
1127,חידושי הריטבא - שבת,כן,שבת,נג:,פירוש,לא,
1128,חידושי הריטבא - שבת,כן,שבת,נג:,פירוש,לא,
1129,חידושי הריטבא - שבת,כן,שבת,נג:,פירוש,לא,
1130,חידושי הריטבא - שבת,כן,שבת,נג:,פירוש,לא,
1131,חידושי הריטבא - שבת,כן,שבת,נג:,פירוש,לא,
1132,חידושי הריטבא - שבת,כן,שבת,נג:,פירוש,לא,
1133,חידושי הריטבא - שבת,כן,שבת,נג:,פירוש,לא,
1134,חידושי הריטבא - שבת,כן,שבת,נג:,פירוש,לא,
1137,חידושי הריטבא - שבת,כן,שבת,נד.,פירוש,לא,
1138,חידושי הריטבא - שבת,כן,שבת,נד.,פירוש,לא,
1139,חידושי הריטבא - שבת,כן,שבת,נד.,פירוש,לא,
1140,חידושי הריטבא - שבת,כן,שבת,נד.,פירוש,לא,
1141,חידושי הריטבא - שבת,כן,שבת,נד.,פירוש,לא,
1142,חידושי הריטבא - שבת,כן,שבת,נד.,פירוש,לא,
1143,חידושי הריטבא - שבת,כן,שבת,נד.,פירוש,לא,
1144,חידושי הריטבא - שבת,כן,שבת,נד.,פירוש,לא,
1145,חידושי הריטבא - שבת,כן,שבת,נד.,פירוש,לא,
1148,חידושי הריטבא - שבת,כן,שבת,נד:,פירוש,לא,
1149,חידושי הריטבא - שבת,כן,שבת,נד:,פירוש,לא,
1150,חידושי הריטבא - שבת,כן,שבת,נד:,פירוש,לא,
1151,חידושי הריטבא - שבת,כן,שבת,נד:,פירוש,לא,
1152,חידושי הריטבא - שבת,כן,שבת,נד:,פירוש,לא,
1157,חידושי הריטבא - שבת,כן,שבת,נז.,פירוש,לא,
1158,חידושי הריטבא - שבת,כן,שבת,נז.,פירוש,לא,
1159,חידושי הריטבא - שבת,כן,שבת,נז.,פירוש,לא,
1160,חידושי הריטבא - שבת,כן,שבת,נז.,פירוש,לא,
1161,חידושי הריטבא - שבת,כן,שבת,נז.,פירוש,לא,
1162,חידושי הריטבא - שבת,כן,שבת,נז.,פירוש,לא,
1163,חידושי הריטבא - שבת,כן,שבת,נז.,פירוש,לא,
1164,חידושי הריטבא - שבת,כן,שבת,נז.,פירוש,לא,
1165,חידושי הריטבא - שבת,כן,שבת,נז.,פירוש,לא,
1166,חידושי הריטבא - שבת,כן,שבת,נז.,פירוש,לא,
1167,חידושי הריטבא - שבת,כן,שבת,נז.,פירוש,לא,
1168,חידושי הריטבא - שבת,כן,שבת,נז.,פירוש,לא,
1169,חידושי הריטבא - שבת,כן,שבת,נז.,פירוש,לא,
1170,חידושי הריטבא - שבת,כן,שבת,נז.,פירוש,לא,
1171,חידושי הריטבא - שבת,כן,שבת,נז.,פירוש,לא,
1172,חידושי הריטבא - שבת,כן,שבת,נז.,פירוש,לא,
1175,חידושי הריטבא - שבת,כן,שבת,נז:,פירוש,לא,
1176,חידושי הריטבא - שבת,כן,שבת,נז:,פירוש,לא,
1177,חידושי הריטבא - שבת,כן,שבת,נז:,פירוש,לא,
1178,חידושי הריטבא - שבת,כן,שבת,נז:,פירוש,לא,
1179,חידושי הריטבא - שבת,כן,שבת,נז:,פירוש,לא,
1180,חידושי הריטבא - שבת,כן,שבת,נז:,פירוש,לא,
1181,חידושי הריטבא - שבת,כן,שבת,נז:,פירוש,לא,
1182,חידושי הריטבא - שבת,כן,שבת,נז:,פירוש,לא,
1185,חידושי הריטבא - שבת,כן,שבת,נח.,פירוש,לא,
1186,חידושי הריטבא - שבת,כן,שבת,נח.,פירוש,לא,
1187,חידושי הריטבא - שבת,כן,שבת,נח.,פירוש,לא,
1188,חידושי הריטבא - שבת,כן,שבת,נח.,פירוש,לא,
1189,חידושי הריטבא - שבת,כן,שבת,נח.,פירוש,לא,
1190,חידושי הריטבא - שבת,כן,שבת,נח.,פירוש,לא,
1191,חידושי הריטבא - שבת,כן,שבת,נח.,פירוש,לא,
1192,חידושי הריטבא - שבת,כן,שבת,נח.,פירוש,לא,
1193,חידושי הריטבא - שבת,כן,שבת,נח.,פירוש,לא,
1194,חידושי הריטבא - שבת,כן,שבת,נח.,פירוש,לא,
1195,חידושי הריטבא - שבת,כן,שבת,נח.,פירוש,לא,
1196,חידושי הריטבא - שבת,כן,שבת,נח.,פירוש,לא,
1199,חידושי הריטבא - שבת,כן,שבת,נח:,פירוש,לא,
1200,חידושי הריטבא - שבת,כן,שבת,נח:,פירוש,לא,
1201,חידושי הריטבא - שבת,כן,שבת,נח:,פירוש,לא,
1202,חידושי הריטבא - שבת,כן,שבת,נח:,פירוש,לא,
1203,חידושי הריטבא - שבת,כן,שבת,נח:,פירוש,לא,
1204,חידושי הריטבא - שבת,כן,שבת,נח:,פירוש,לא,
1205,חידושי הריטבא - שבת,כן,שבת,נח:,פירוש,לא,
1206,חידושי הריטבא - שבת,כן,שבת,נח:,פירוש,לא,
1207,חידושי הריטבא - שבת,כן,שבת,נח:,פירוש,לא,
1210,חידושי הריטבא - שבת,כן,שבת,נט.,פירוש,לא,
1211,חידושי הריטבא - שבת,כן,שבת,נט.,פירוש,לא,
1212,חידושי הריטבא - שבת,כן,שבת,נט.,פירוש,לא,
1213,חידושי הריטבא - שבת,כן,שבת,נט.,פירוש,לא,
1214,חידושי הריטבא - שבת,כן,שבת,נט.,פירוש,לא,
1215,חידושי הריטבא - שבת,כן,שבת,נט.,פירוש,לא,
1216,חידושי הריטבא - שבת,כן,שבת,נט.,פירוש,לא,
1217,חידושי הריטבא - שבת,כן,שבת,נט.,פירוש,לא,
1218,חידושי הריטבא - שבת,כן,שבת,נט.,פירוש,לא,
1221,חידושי הריטבא - שבת,כן,שבת,נט:,פירוש,לא,
1222,חידושי הריטבא - שבת,כן,שבת,נט:,פירוש,לא,
1223,חידושי הריטבא - שבת,כן,שבת,נט:,פירוש,לא,
1224,חידושי הריטבא - שבת,כן,שבת,נט:,פירוש,לא,
1225,חידושי הריטבא - שבת,כן,שבת,נט:,פירוש,לא,
1226,חידושי הריטבא - שבת,כן,שבת,נט:,פירוש,לא,
1227,חידושי הריטבא - שבת,כן,שבת,נט:,פירוש,לא,
1228,חידושי הריטבא - שבת,כן,שבת,נט:,פירוש,לא,
1229,חידושי הריטבא - שבת,כן,שבת,נט:,פירוש,לא,
1230,חידושי הריטבא - שבת,כן,שבת,נט:,פירוש,לא,
1231,חידושי הריטבא - שבת,כן,שבת,נט:,פירוש,לא,
1232,חידושי הריטבא - שבת,כן,שבת,נט:,פירוש,לא,
1235,חידושי הריטבא - שבת,כן,שבת,ס.,פירוש,לא,
1236,חידושי הריטבא - שבת,כן,שבת,ס.,פירוש,לא,
1237,חידושי הריטבא - שבת,כן,שבת,ס.,פירוש,לא,
1238,חידושי הריטבא - שבת,כן,שבת,ס.,פירוש,לא,
1239,חידושי הריטבא - שבת,כן,שבת,ס.,פירוש,לא,
1240,חידושי הריטבא - שבת,כן,שבת,ס.,פירוש,לא,
1241,חידושי הריטבא - שבת,כן,שבת,ס.,פירוש,לא,
1242,חידושי הריטבא - שבת,כן,שבת,ס.,פירוש,לא,
1243,חידושי הריטבא - שבת,כן,שבת,ס.,פירוש,לא,
1246,חידושי הריטבא - שבת,כן,שבת,ס:,פירוש,לא,
1247,חידושי הריטבא - שבת,כן,שבת,ס:,פירוש,לא,
1248,חידושי הריטבא - שבת,כן,שבת,ס:,פירוש,לא,
1249,חידושי הריטבא - שבת,כן,שבת,ס:,פירוש,לא,
1250,חידושי הריטבא - שבת,כן,שבת,ס:,פירוש,לא,
1251,חידושי הריטבא - שבת,כן,שבת,ס:,פירוש,לא,
1252,חידושי הריטבא - שבת,כן,שבת,ס:,פירוש,לא,
1253,חידושי הריטבא - שבת,כן,שבת,ס:,פירוש,לא,
1254,חידושי הריטבא - שבת,כן,שבת,ס:,פירוש,לא,
1257,חידושי הריטבא - שבת,כן,שבת,סא.,פירוש,לא,
1258,חידושי הריטבא - שבת,כן,שבת,סא.,פירוש,לא,
1259,חידושי הריטבא - שבת,כן,שבת,סא.,פירוש,לא,
1260,חידושי הריטבא - שבת,כן,שבת,סא.,פירוש,לא,
1261,חידושי הריטבא - שבת,כן,שבת,סא.,פירוש,לא,
1262,חידושי הריטבא - שבת,כן,שבת,סא.,פירוש,לא,
1263,חידושי הריטבא - שבת,כן,שבת,סא.,פירוש,לא,
1266,חידושי הריטבא - שבת,כן,שבת,סא:,פירוש,לא,
1267,חידושי הריטבא - שבת,כן,שבת,סא:,פירוש,לא,
1268,חידושי הריטבא - שבת,כן,שבת,סא:,פירוש,לא,
1269,חידושי הריטבא - שבת,כן,שבת,סא:,פירוש,לא,
1270,חידושי הריטבא - שבת,כן,שבת,סא:,פירוש,לא,
1271,חידושי הריטבא - שבת,כן,שבת,סא:,פירוש,לא,
1272,חידושי הריטבא - שבת,כן,שבת,סא:,פירוש,לא,
1273,חידושי הריטבא - שבת,כן,שבת,סא:,פירוש,לא,
1274,חידושי הריטבא - שבת,כן,שבת,סא:,פירוש,לא,
1275,חידושי הריטבא - שבת,כן,שבת,סא:,פירוש,לא,
1276,חידושי הריטבא - שבת,כן,שבת,סא:,פירוש,לא,
1277,חידושי הריטבא - שבת,כן,שבת,סא:,פירוש,לא,
1278,חידושי הריטבא - שבת,כן,שבת,סא:,פירוש,לא,
1279,חידושי הריטבא - שבת,כן,שבת,סא:,פירוש,לא,
1280,חידושי הריטבא - שבת,כן,שבת,סא:,פירוש,לא,
1283,חידושי הריטבא - שבת,כן,שבת,סב.,פירוש,לא,
1284,חידושי הריטבא - שבת,כן,שבת,סב.,פירוש,לא,
1285,חידושי הריטבא - שבת,כן,שבת,סב.,פירוש,לא,
1286,חידושי הריטבא - שבת,כן,שבת,סב.,פירוש,לא,
1287,חידושי הריטבא - שבת,כן,שבת,סב.,פירוש,לא,
1288,חידושי הריטבא - שבת,כן,שבת,סב.,פירוש,לא,
1289,חידושי הריטבא - שבת,כן,שבת,סב.,פירוש,לא,
1290,חידושי הריטבא - שבת,כן,שבת,סב.,פירוש,לא,
1293,חידושי הריטבא - שבת,כן,שבת,סב:,פירוש,לא,
1294,חידושי הריטבא - שבת,כן,שבת,סב:,פירוש,לא,
1297,חידושי הריטבא - שבת,כן,שבת,סג.,פירוש,לא,
1298,חידושי הריטבא - שבת,כן,שבת,סג.,פירוש,לא,
1299,חידושי הריטבא - שבת,כן,שבת,סג.,פירוש,לא,
1302,חידושי הריטבא - שבת,כן,שבת,סג:,פירוש,לא,
1303,חידושי הריטבא - שבת,כן,שבת,סג:,פירוש,לא,
1304,חידושי הריטבא - שבת,כן,שבת,סג:,פירוש,לא,
1305,חידושי הריטבא - שבת,כן,שבת,סג:,פירוש,לא,
1306,חידושי הריטבא - שבת,כן,שבת,סג:,פירוש,לא,
1307,חידושי הריטבא - שבת,כן,שבת,סג:,פירוש,לא,
1308,חידושי הריטבא - שבת,כן,שבת,סג:,פירוש,לא,
1309,חידושי הריטבא - שבת,כן,שבת,סג:,פירוש,לא,
1310,חידושי הריטבא - שבת,כן,שבת,סג:,פירוש,לא,
1311,חידושי הריטבא - שבת,כן,שבת,סג:,פירוש,לא,
1312,חידושי הריטבא - שבת,כן,שבת,סג:,פירוש,לא,
1313,חידושי הריטבא - שבת,כן,שבת,סג:,פירוש,לא,
1314,חידושי הריטבא - שבת,כן,שבת,סג:,פירוש,לא,
1317,חידושי הריטבא - שבת,כן,שבת,סד.,פירוש,לא,
1318,חידושי הריטבא - שבת,כן,שבת,סד.,פירוש,לא,
1319,חידושי הריטבא - שבת,כן,שבת,סד.,פירוש,לא,
1320,חידושי הריטבא - שבת,כן,שבת,סד.,פירוש,לא,
1321,חידושי הריטבא - שבת,כן,שבת,סד.,פירוש,לא,
1322,חידושי הריטבא - שבת,כן,שבת,סד.,פירוש,לא,
1323,חידושי הריטבא - שבת,כן,שבת,סד.,פירוש,לא,
1324,חידושי הריטבא - שבת,כן,שבת,סד.,פירוש,לא,
1325,חידושי הריטבא - שבת,כן,שבת,סד.,פירוש,לא,
1328,חידושי הריטבא - שבת,כן,שבת,סד:,פירוש,לא,
1329,חידושי הריטבא - שבת,כן,שבת,סד:,פירוש,לא,
1330,חידושי הריטבא - שבת,כן,שבת,סד:,פירוש,לא,
1331,חידושי הריטבא - שבת,כן,שבת,סד:,פירוש,לא,
1332,חידושי הריטבא - שבת,כן,שבת,סד:,פירוש,לא,
1333,חידושי הריטבא - שבת,כן,שבת,סד:,פירוש,לא,
1334,חידושי הריטבא - שבת,כן,שבת,סד:,פירוש,לא,
1335,חידושי הריטבא - שבת,כן,שבת,סד:,פירוש,לא,
1336,חידושי הריטבא - שבת,כן,שבת,סד:,פירוש,לא,
1337,חידושי הריטבא - שבת,כן,שבת,סד:,פירוש,לא,
1338,חידושי הריטבא - שבת,כן,שבת,סד:,פירוש,לא,
1339,חידושי הריטבא - שבת,כן,שבת,סד:,פירוש,לא,
1340,חידושי הריטבא - שבת,כן,שבת,סד:,פירוש,לא,
1341,חידושי הריטבא - שבת,כן,שבת,סד:,פירוש,לא,
1344,חידושי הריטבא - שבת,כן,שבת,סה.,פירוש,לא,
1345,חידושי הריטבא - שבת,כן,שבת,סה.,פירוש,לא,
1346,חידושי הריטבא - שבת,כן,שבת,סה.,פירוש,לא,
1347,חידושי הריטבא - שבת,כן,שבת,סה.,פירוש,לא,
1348,חידושי הריטבא - שבת,כן,שבת,סה.,פירוש,לא,
1349,חידושי הריטבא - שבת,כן,שבת,סה.,פירוש,לא,
1350,חידושי הריטבא - שבת,כן,שבת,סה.,פירוש,לא,
1351,חידושי הריטבא - שבת,כן,שבת,סה.,פירוש,לא,
1354,חידושי הריטבא - שבת,כן,שבת,סה:,פירוש,לא,
1355,חידושי הריטבא - שבת,כן,שבת,סה:,פירוש,לא,
1356,חידושי הריטבא - שבת,כן,שבת,סה:,פירוש,לא,
1357,חידושי הריטבא - שבת,כן,שבת,סה:,פירוש,לא,
1358,חידושי הריטבא - שבת,כן,שבת,סה:,פירוש,לא,
1359,חידושי הריטבא - שבת,כן,שבת,סה:,פירוש,לא,
1360,חידושי הריטבא - שבת,כן,שבת,סה:,פירוש,לא,
1361,חידושי הריטבא - שבת,כן,שבת,סה:,פירוש,לא,
1362,חידושי הריטבא - שבת,כן,שבת,סה:,פירוש,לא,
1363,חידושי הריטבא - שבת,כן,שבת,סה:,פירוש,לא,
1364,חידושי הריטבא - שבת,כן,שבת,סה:,פירוש,לא,
1365,חידושי הריטבא - שבת,כן,שבת,סה:,פירוש,לא,
1366,חידושי הריטבא - שבת,כן,שבת,סה:,פירוש,לא,
1367,חידושי הריטבא - שבת,כן,שבת,סה:,פירוש,לא,
1370,חידושי הריטבא - שבת,כן,שבת,סו.,פירוש,לא,
1371,חידושי הריטבא - שבת,כן,שבת,סו.,פירוש,לא,
1372,חידושי הריטבא - שבת,כן,שבת,סו.,פירוש,לא,
1373,חידושי הריטבא - שבת,כן,שבת,סו.,פירוש,לא,
1374,חידושי הריטבא - שבת,כן,שבת,סו.,פירוש,לא,
1375,חידושי הריטבא - שבת,כן,שבת,סו.,פירוש,לא,
1376,חידושי הריטבא - שבת,כן,שבת,סו.,פירוש,לא,
1377,חידושי הריטבא - שבת,כן,שבת,סו.,פירוש,לא,
1378,חידושי הריטבא - שבת,כן,שבת,סו.,פירוש,לא,
1379,חידושי הריטבא - שבת,כן,שבת,סו.,פירוש,לא,
1380,חידושי הריטבא - שבת,כן,שבת,סו.,פירוש,לא,
1381,חידושי הריטבא - שבת,כן,שבת,סו.,פירוש,לא,
1382,חידושי הריטבא - שבת,כן,שבת,סו.,פירוש,לא,
1383,חידושי הריטבא - שבת,כן,שבת,סו.,פירוש,לא,
1384,חידושי הריטבא - שבת,כן,שבת,סו.,פירוש,לא,
1387,חידושי הריטבא - שבת,כן,שבת,סו:,פירוש,לא,
1388,חידושי הריטבא - שבת,כן,שבת,סו:,פירוש,לא,
1389,חידושי הריטבא - שבת,כן,שבת,סו:,פירוש,לא,
1392,חידושי הריטבא - שבת,כן,שבת,סז.,פירוש,לא,
1393,חידושי הריטבא - שבת,כן,שבת,סז.,פירוש,לא,
1394,חידושי הריטבא - שבת,כן,שבת,סז.,פירוש,לא,
1397,חידושי הריטבא - שבת,כן,שבת,סז:,פירוש,לא,
1400,חידושי הריטבא - שבת,כן,שבת,סז:,פירוש,לא,
1401,חידושי הריטבא - שבת,כן,שבת,סז:,פירוש,לא,
1402,חידושי הריטבא - שבת,כן,שבת,סז:,פירוש,לא,
1403,חידושי הריטבא - שבת,כן,שבת,סז:,פירוש,לא,
1404,חידושי הריטבא - שבת,כן,שבת,סז:,פירוש,לא,
1407,חידושי הריטבא - שבת,כן,שבת,סח.,פירוש,לא,
1408,חידושי הריטבא - שבת,כן,שבת,סח.,פירוש,לא,
1409,חידושי הריטבא - שבת,כן,שבת,סח.,פירוש,לא,
1410,חידושי הריטבא - שבת,כן,שבת,סח.,פירוש,לא,
1411,חידושי הריטבא - שבת,כן,שבת,סח.,פירוש,לא,
1412,חידושי הריטבא - שבת,כן,שבת,סח.,פירוש,לא,
1415,חידושי הריטבא - שבת,כן,שבת,סח:,פירוש,לא,
1416,חידושי הריטבא - שבת,כן,שבת,סח:,פירוש,לא,
1417,חידושי הריטבא - שבת,כן,שבת,סח:,פירוש,לא,
1418,חידושי הריטבא - שבת,כן,שבת,סח:,פירוש,לא,
1419,חידושי הריטבא - שבת,כן,שבת,סח:,פירוש,לא,
1420,חידושי הריטבא - שבת,כן,שבת,סח:,פירוש,לא,
1421,חידושי הריטבא - שבת,כן,שבת,סח:,פירוש,לא,
1424,חידושי הריטבא - שבת,כן,שבת,סט.,פירוש,לא,
1425,חידושי הריטבא - שבת,כן,שבת,סט.,פירוש,לא,
1426,חידושי הריטבא - שבת,כן,שבת,סט.,פירוש,לא,
1427,חידושי הריטבא - שבת,כן,שבת,סט.,פירוש,לא,
1428,חידושי הריטבא - שבת,כן,שבת,סט.,פירוש,לא,
1429,חידושי הריטבא - שבת,כן,שבת,סט.,פירוש,לא,
1430,חידושי הריטבא - שבת,כן,שבת,סט.,פירוש,לא,
1431,חידושי הריטבא - שבת,כן,שבת,סט.,פירוש,לא,
1432,חידושי הריטבא - שבת,כן,שבת,סט.,פירוש,לא,
1433,חידושי הריטבא - שבת,כן,שבת,סט.,פירוש,לא,
1434,חידושי הריטבא - שבת,כן,שבת,סט.,פירוש,לא,
1437,חידושי הריטבא - שבת,כן,שבת,סט:,פירוש,לא,
1438,חידושי הריטבא - שבת,כן,שבת,סט:,פירוש,לא,
1439,חידושי הריטבא - שבת,כן,שבת,סט:,פירוש,לא,
1440,חידושי הריטבא - שבת,כן,שבת,סט:,פירוש,לא,
1441,חידושי הריטבא - שבת,כן,שבת,סט:,פירוש,לא,
1442,חידושי הריטבא - שבת,כן,שבת,סט:,פירוש,לא,
1443,חידושי הריטבא - שבת,כן,שבת,סט:,פירוש,לא,
1444,חידושי הריטבא - שבת,כן,שבת,סט:,פירוש,לא,
1445,חידושי הריטבא - שבת,כן,שבת,סט:,פירוש,לא,
1446,חידושי הריטבא - שבת,כן,שבת,סט:,פירוש,לא,
1447,חידושי הריטבא - שבת,כן,שבת,סט:,פירוש,לא,
1448,חידושי הריטבא - שבת,כן,שבת,סט:,פירוש,לא,
1451,חידושי הריטבא - שבת,כן,שבת,ע.,פירוש,לא,
1452,חידושי הריטבא - שבת,כן,שבת,ע.,פירוש,לא,
1453,חידושי הריטבא - שבת,כן,שבת,ע.,פירוש,לא,
1454,חידושי הריטבא - שבת,כן,שבת,ע.,פירוש,לא,
1455,חידושי הריטבא - שבת,כן,שבת,ע.,פירוש,לא,
1456,חידושי הריטבא - שבת,כן,שבת,ע.,פירוש,לא,
1457,חידושי הריטבא - שבת,כן,שבת,ע.,פירוש,לא,
1458,חידושי הריטבא - שבת,כן,שבת,ע.,פירוש,לא,
1459,חידושי הריטבא - שבת,כן,שבת,ע.,פירוש,לא,
1460,חידושי הריטבא - שבת,כן,שבת,ע.,פירוש,לא,
1461,חידושי הריטבא - שבת,כן,שבת,ע.,פירוש,לא,
1462,חידושי הריטבא - שבת,כן,שבת,ע.,פירוש,לא,
1465,חידושי הריטבא - שבת,כן,שבת,ע:,פירוש,לא,
1466,חידושי הריטבא - שבת,כן,שבת,ע:,פירוש,לא,
1467,חידושי הריטבא - שבת,כן,שבת,ע:,פירוש,לא,
1468,חידושי הריטבא - שבת,כן,שבת,ע:,פירוש,לא,
1469,חידושי הריטבא - שבת,כן,שבת,ע:,פירוש,לא,
1470,חידושי הריטבא - שבת,כן,שבת,ע:,פירוש,לא,
1471,חידושי הריטבא - שבת,כן,שבת,ע:,פירוש,לא,
1472,חידושי הריטבא - שבת,כן,שבת,ע:,פירוש,לא,
1475,חידושי הריטבא - שבת,כן,שבת,עא.,פירוש,לא,
1476,חידושי הריטבא - שבת,כן,שבת,עא.,פירוש,לא,
1477,חידושי הריטבא - שבת,כן,שבת,עא.,פירוש,לא,
1478,חידושי הריטבא - שבת,כן,שבת,עא.,פירוש,לא,
1479,חידושי הריטבא - שבת,כן,שבת,עא.,פירוש,לא,
1480,חידושי הריטבא - שבת,כן,שבת,עא.,פירוש,לא,
1481,חידושי הריטבא - שבת,כן,שבת,עא.,פירוש,לא,
1482,חידושי הריטבא - שבת,כן,שבת,עא.,פירוש,לא,
1483,חידושי הריטבא - שבת,כן,שבת,עא.,פירוש,לא,
1484,חידושי הריטבא - שבת,כן,שבת,עא.,פירוש,לא,
1485,חידושי הריטבא - שבת,כן,שבת,עא.,פירוש,לא,
1486,חידושי הריטבא - שבת,כן,שבת,עא.,פירוש,לא,
1487,חידושי הריטבא - שבת,כן,שבת,עא.,פירוש,לא,
1488,חידושי הריטבא - שבת,כן,שבת,עא.,פירוש,לא,
1489,חידושי הריטבא - שבת,כן,שבת,עא.,פירוש,לא,
1490,חידושי הריטבא - שבת,כן,שבת,עא.,פירוש,לא,
1491,חידושי הריטבא - שבת,כן,שבת,עא.,פירוש,לא,
1492,חידושי הריטבא - שבת,כן,שבת,עא.,פירוש,לא,
1493,חידושי הריטבא - שבת,כן,שבת,עא.,פירוש,לא,
1496,חידושי הריטבא - שבת,כן,שבת,עא:,פירוש,לא,
1497,חידושי הריטבא - שבת,כן,שבת,עא:,פירוש,לא,
1498,חידושי הריטבא - שבת,כן,שבת,עא:,פירוש,לא,
1499,חידושי הריטבא - שבת,כן,שבת,עא:,פירוש,לא,
1500,חידושי הריטבא - שבת,כן,שבת,עא:,פירוש,לא,
1501,חידושי הריטבא - שבת,כן,שבת,עא:,פירוש,לא,
1502,חידושי הריטבא - שבת,כן,שבת,עא:,פירוש,לא,
1503,חידושי הריטבא - שבת,כן,שבת,עא:,פירוש,לא,
1504,חידושי הריטבא - שבת,כן,שבת,עא:,פירוש,לא,
1505,חידושי הריטבא - שבת,כן,שבת,עא:,פירוש,לא,
1507,חידושי הריטבא - שבת,כן,שבת,עב.,פירוש,לא,
1508,חידושי הריטבא - שבת,כן,שבת,עב.,פירוש,לא,
1509,חידושי הריטבא - שבת,כן,שבת,עב.,פירוש,לא,
1510,חידושי הריטבא - שבת,כן,שבת,עב.,פירוש,לא,
1511,חידושי הריטבא - שבת,כן,שבת,עב.,פירוש,לא,
1513,חידושי הריטבא - שבת,כן,שבת,עב:,פירוש,לא,
1514,חידושי הריטבא - שבת,כן,שבת,עב:,פירוש,לא,
1515,חידושי הריטבא - שבת,כן,שבת,עב:,פירוש,לא,
1516,חידושי הריטבא - שבת,כן,שבת,עב:,פירוש,לא,
1517,חידושי הריטבא - שבת,כן,שבת,עב:,פירוש,לא,
1518,חידושי הריטבא - שבת,כן,שבת,עב:,פירוש,לא,
1519,חידושי הריטבא - שבת,כן,שבת,עב:,פירוש,לא,
1520,חידושי הריטבא - שבת,כן,שבת,עב:,פירוש,לא,
1521,חידושי הריטבא - שבת,כן,שבת,עב:,פירוש,לא,
1522,חידושי הריטבא - שבת,כן,שבת,עב:,פירוש,לא,
1523,חידושי הריטבא - שבת,כן,שבת,עב:,פירוש,לא,
1525,חידושי הריטבא - שבת,כן,שבת,עג.,פירוש,לא,
1526,חידושי הריטבא - שבת,כן,שבת,עג.,פירוש,לא,
1527,חידושי הריטבא - שבת,כן,שבת,עג.,פירוש,לא,
1528,חידושי הריטבא - שבת,כן,שבת,עג.,פירוש,לא,
1529,חידושי הריטבא - שבת,כן,שבת,עג.,פירוש,לא,
1530,חידושי הריטבא - שבת,כן,שבת,עג.,פירוש,לא,
1531,חידושי הריטבא - שבת,כן,שבת,עג.,פירוש,לא,
1532,חידושי הריטבא - שבת,כן,שבת,עג.,פירוש,לא,
1533,חידושי הריטבא - שבת,כן,שבת,עג.,פירוש,לא,
1534,חידושי הריטבא - שבת,כן,שבת,עג.,פירוש,לא,
1535,חידושי הריטבא - שבת,כן,שבת,עג.,פירוש,לא,
1536,חידושי הריטבא - שבת,כן,שבת,עג.,פירוש,לא,
1537,חידושי הריטבא - שבת,כן,שבת,עג.,פירוש,לא,
1538,חידושי הריטבא - שבת,כן,שבת,עג.,פירוש,לא,
1539,חידושי הריטבא - שבת,כן,שבת,עג.,פירוש,לא,
1540,חידושי הריטבא - שבת,כן,שבת,עג.,פירוש,לא,
1541,חידושי הריטבא - שבת,כן,שבת,עג.,פירוש,לא,
1542,חידושי הריטבא - שבת,כן,שבת,עג.,פירוש,לא,
1543,חידושי הריטבא - שבת,כן,שבת,עג.,פירוש,לא,
1546,חידושי הריטבא - שבת,כן,שבת,עג:,פירוש,לא,
1547,חידושי הריטבא - שבת,כן,שבת,עג:,פירוש,לא,
1548,חידושי הריטבא - שבת,כן,שבת,עג:,פירוש,לא,
1549,חידושי הריטבא - שבת,כן,שבת,עג:,פירוש,לא,
1550,חידושי הריטבא - שבת,כן,שבת,עג:,פירוש,לא,
1551,חידושי הריטבא - שבת,כן,שבת,עג:,פירוש,לא,
1552,חידושי הריטבא - שבת,כן,שבת,עג:,פירוש,לא,
1553,חידושי הריטבא - שבת,כן,שבת,עג:,פירוש,לא,
1554,חידושי הריטבא - שבת,כן,שבת,עג:,פירוש,לא,
1557,חידושי הריטבא - שבת,כן,שבת,עד.,פירוש,לא,
1558,חידושי הריטבא - שבת,כן,שבת,עד.,פירוש,לא,
1559,חידושי הריטבא - שבת,כן,שבת,עד.,פירוש,לא,
1560,חידושי הריטבא - שבת,כן,שבת,עד.,פירוש,לא,
1561,חידושי הריטבא - שבת,כן,שבת,עד.,פירוש,לא,
1562,חידושי הריטבא - שבת,כן,שבת,עד.,פירוש,לא,
1563,חידושי הריטבא - שבת,כן,שבת,עד.,פירוש,לא,
1564,חידושי הריטבא - שבת,כן,שבת,עד.,פירוש,לא,
1565,חידושי הריטבא - שבת,כן,שבת,עד.,פירוש,לא,
1566,חידושי הריטבא - שבת,כן,שבת,עד.,פירוש,לא,
1567,חידושי הריטבא - שבת,כן,שבת,עד.,פירוש,לא,
1568,חידושי הריטבא - שבת,כן,שבת,עד.,פירוש,לא,
1569,חידושי הריטבא - שבת,כן,שבת,עד.,פירוש,לא,
1570,חידושי הריטבא - שבת,כן,שבת,עד.,פירוש,לא,
1571,חידושי הריטבא - שבת,כן,שבת,עד.,פירוש,לא,
1572,חידושי הריטבא - שבת,כן,שבת,עד.,פירוש,לא,
1573,חידושי הריטבא - שבת,כן,שבת,עד.,פירוש,לא,
1574,חידושי הריטבא - שבת,כן,שבת,עד.,פירוש,לא,
1575,חידושי הריטבא - שבת,כן,שבת,עד.,פירוש,לא,
1576,חידושי הריטבא - שבת,כן,שבת,עד.,פירוש,לא,
1579,חידושי הריטבא - שבת,כן,שבת,עד:,פירוש,לא,
1580,חידושי הריטבא - שבת,כן,שבת,עד:,פירוש,לא,
1581,חידושי הריטבא - שבת,כן,שבת,עד:,פירוש,לא,
1582,חידושי הריטבא - שבת,כן,שבת,עד:,פירוש,לא,
1583,חידושי הריטבא - שבת,כן,שבת,עד:,פירוש,לא,
1584,חידושי הריטבא - שבת,כן,שבת,עד:,פירוש,לא,
1585,חידושי הריטבא - שבת,כן,שבת,עד:,פירוש,לא,
1586,חידושי הריטבא - שבת,כן,שבת,עד:,פירוש,לא,
1587,חידושי הריטבא - שבת,כן,שבת,עד:,פירוש,לא,
1590,חידושי הריטבא - שבת,כן,שבת,עה.,פירוש,לא,
1591,חידושי הריטבא - שבת,כן,שבת,עה.,פירוש,לא,
1592,חידושי הריטבא - שבת,כן,שבת,עה.,פירוש,לא,
1593,חידושי הריטבא - שבת,כן,שבת,עה.,פירוש,לא,
1594,חידושי הריטבא - שבת,כן,שבת,עה.,פירוש,לא,
1595,חידושי הריטבא - שבת,כן,שבת,עה.,פירוש,לא,
1596,חידושי הריטבא - שבת,כן,שבת,עה.,פירוש,לא,
1597,חידושי הריטבא - שבת,כן,שבת,עה.,פירוש,לא,
1600,חידושי הריטבא - שבת,כן,שבת,עה:,פירוש,לא,
1601,חידושי הריטבא - שבת,כן,שבת,עה:,פירוש,לא,
1602,חידושי הריטבא - שבת,כן,שבת,עה:,פירוש,לא,
1603,חידושי הריטבא - שבת,כן,שבת,עה:,פירוש,לא,
1604,חידושי הריטבא - שבת,כן,שבת,עה:,פירוש,לא,
1605,חידושי הריטבא - שבת,כן,שבת,עה:,פירוש,לא,
1606,חידושי הריטבא - שבת,כן,שבת,עה:,פירוש,לא,
1607,חידושי הריטבא - שבת,כן,שבת,עה:,פירוש,לא,
1608,חידושי הריטבא - שבת,כן,שבת,עה:,פירוש,לא,
1609,חידושי הריטבא - שבת,כן,שבת,עה:,פירוש,לא,
1610,חידושי הריטבא - שבת,כן,שבת,עה:,פירוש,לא,
1613,חידושי הריטבא - שבת,כן,שבת,עו.,פירוש,לא,
1614,חידושי הריטבא - שבת,כן,שבת,עו.,פירוש,לא,
1615,חידושי הריטבא - שבת,כן,שבת,עו.,פירוש,לא,
1616,חידושי הריטבא - שבת,כן,שבת,עו.,פירוש,לא,
1617,חידושי הריטבא - שבת,כן,שבת,עו.,פירוש,לא,
1618,חידושי הריטבא - שבת,כן,שבת,עו.,פירוש,לא,
1619,חידושי הריטבא - שבת,כן,שבת,עו.,פירוש,לא,
1620,חידושי הריטבא - שבת,כן,שבת,עו.,פירוש,לא,
1621,חידושי הריטבא - שבת,כן,שבת,עו.,פירוש,לא,
1622,חידושי הריטבא - שבת,כן,שבת,עו.,פירוש,לא,
1625,חידושי הריטבא - שבת,כן,שבת,עו:,פירוש,לא,
1626,חידושי הריטבא - שבת,כן,שבת,עו:,פירוש,לא,
1629,חידושי הריטבא - שבת,כן,שבת,עו:,פירוש,לא,
1630,חידושי הריטבא - שבת,כן,שבת,עו:,פירוש,לא,
1631,חידושי הריטבא - שבת,כן,שבת,עו:,פירוש,לא,
1632,חידושי הריטבא - שבת,כן,שבת,עו:,פירוש,לא,
1633,חידושי הריטבא - שבת,כן,שבת,עו:,פירוש,לא,
1634,חידושי הריטבא - שבת,כן,שבת,עו:,פירוש,לא,
1635,חידושי הריטבא - שבת,כן,שבת,עו:,פירוש,לא,
1636,חידושי הריטבא - שבת,כן,שבת,עו:,פירוש,לא,
1637,חידושי הריטבא - שבת,כן,שבת,עו:,פירוש,לא,
1638,חידושי הריטבא - שבת,כן,שבת,עו:,פירוש,לא,
1639,חידושי הריטבא - שבת,כן,שבת,עו:,פירוש,לא,
1640,חידושי הריטבא - שבת,כן,שבת,עו:,פירוש,לא,
1641,חידושי הריטבא - שבת,כן,שבת,עו:,פירוש,לא,
1642,חידושי הריטבא - שבת,כן,שבת,עו:,פירוש,לא,
1643,חידושי הריטבא - שבת,כן,שבת,עו:,פירוש,לא,
1644,חידושי הריטבא - שבת,כן,שבת,עו:,פירוש,לא,
1645,חידושי הריטבא - שבת,כן,שבת,עו:,פירוש,לא,
1646,חידושי הריטבא - שבת,כן,שבת,עו:,פירוש,לא,
1647,חידושי הריטבא - שבת,כן,שבת,עו:,פירוש,לא,
1650,חידושי הריטבא - שבת,כן,שבת,עז.,פירוש,לא,
1651,חידושי הריטבא - שבת,כן,שבת,עז.,פירוש,לא,
1652,חידושי הריטבא - שבת,כן,שבת,עז.,פירוש,לא,
1653,חידושי הריטבא - שבת,כן,שבת,עז.,פירוש,לא,
1654,חידושי הריטבא - שבת,כן,שבת,עז.,פירוש,לא,
1655,חידושי הריטבא - שבת,כן,שבת,עז.,פירוש,לא,
1656,חידושי הריטבא - שבת,כן,שבת,עז.,פירוש,לא,
1657,חידושי הריטבא - שבת,כן,שבת,עז.,פירוש,לא,
1658,חידושי הריטבא - שבת,כן,שבת,עז.,פירוש,לא,
1659,חידושי הריטבא - שבת,כן,שבת,עז.,פירוש,לא,
1660,חידושי הריטבא - שבת,כן,שבת,עז.,פירוש,לא,
1661,חידושי הריטבא - שבת,כן,שבת,עז.,פירוש,לא,
1662,חידושי הריטבא - שבת,כן,שבת,עז.,פירוש,לא,
1663,חידושי הריטבא - שבת,כן,שבת,עז.,פירוש,לא,
1664,חידושי הריטבא - שבת,כן,שבת,עז.,פירוש,לא,
1665,חידושי הריטבא - שבת,כן,שבת,עז.,פירוש,לא,
1668,חידושי הריטבא - שבת,כן,שבת,עז:,פירוש,לא,
1669,חידושי הריטבא - שבת,כן,שבת,עז:,פירוש,לא,
1670,חידושי הריטבא - שבת,כן,שבת,עז:,פירוש,לא,
1671,חידושי הריטבא - שבת,כן,שבת,עז:,פירוש,לא,
1672,חידושי הריטבא - שבת,כן,שבת,עז:,פירוש,לא,
1673,חידושי הריטבא - שבת,כן,שבת,עז:,פירוש,לא,
1674,חידושי הריטבא - שבת,כן,שבת,עז:,פירוש,לא,
1675,חידושי הריטבא - שבת,כן,שבת,עז:,פירוש,לא,
1676,חידושי הריטבא - שבת,כן,שבת,עז:,פירוש,לא,
1677,חידושי הריטבא - שבת,כן,שבת,עז:,פירוש,לא,
1678,חידושי הריטבא - שבת,כן,שבת,עז:,פירוש,לא,
1679,חידושי הריטבא - שבת,כן,שבת,עז:,פירוש,לא,
1680,חידושי הריטבא - שבת,כן,שבת,עז:,פירוש,לא,
1681,חידושי הריטבא - שבת,כן,שבת,עז:,פירוש,לא,
1682,חידושי הריטבא - שבת,כן,שבת,עז:,פירוש,לא,
1683,חידושי הריטבא - שבת,כן,שבת,עז:,פירוש,לא,
1684,חידושי הריטבא - שבת,כן,שבת,עז:,פירוש,לא,
1685,חידושי הריטבא - שבת,כן,שבת,עז:,פירוש,לא,
1686,חידושי הריטבא - שבת,כן,שבת,עז:,פירוש,לא,
1687,חידושי הריטבא - שבת,כן,שבת,עז:,פירוש,לא,
1688,חידושי הריטבא - שבת,כן,שבת,עז:,פירוש,לא,
1689,חידושי הריטבא - שבת,כן,שבת,עז:,פירוש,לא,
1690,חידושי הריטבא - שבת,כן,שבת,עז:,פירוש,לא,
1691,חידושי הריטבא - שבת,כן,שבת,עז:,פירוש,לא,
1692,חידושי הריטבא - שבת,כן,שבת,עז:,פירוש,לא,
1693,חידושי הריטבא - שבת,כן,שבת,עז:,פירוש,לא,
1694,חידושי הריטבא - שבת,כן,שבת,עז:,פירוש,לא,
1695,חידושי הריטבא - שבת,כן,שבת,עז:,פירוש,לא,
1696,חידושי הריטבא - שבת,כן,שבת,עז:,פירוש,לא,
1697,חידושי הריטבא - שבת,כן,שבת,עז:,פירוש,לא,
1698,חידושי הריטבא - שבת,כן,שבת,עז:,פירוש,לא,
1699,חידושי הריטבא - שבת,כן,שבת,עז:,פירוש,לא,
1700,חידושי הריטבא - שבת,כן,שבת,עז:,פירוש,לא,
1701,חידושי הריטבא - שבת,כן,שבת,עז:,פירוש,לא,
1702,חידושי הריטבא - שבת,כן,שבת,עז:,פירוש,לא,
1703,חידושי הריטבא - שבת,כן,שבת,עז:,פירוש,לא,
1704,חידושי הריטבא - שבת,כן,שבת,עז:,פירוש,לא,
1705,חידושי הריטבא - שבת,כן,שבת,עז:,פירוש,לא,
1706,חידושי הריטבא - שבת,כן,שבת,עז:,פירוש,לא,
1707,חידושי הריטבא - שבת,כן,שבת,עז:,פירוש,לא,
1708,חידושי הריטבא - שבת,כן,שבת,עז:,פירוש,לא,
1709,חידושי הריטבא - שבת,כן,שבת,עז:,פירוש,לא,
1710,חידושי הריטבא - שבת,כן,שבת,עז:,פירוש,לא,
1711,חידושי הריטבא - שבת,כן,שבת,עז:,פירוש,לא,
1712,חידושי הריטבא - שבת,כן,שבת,עז:,פירוש,לא,
1715,חידושי הריטבא - שבת,כן,שבת,עח.,פירוש,לא,
1716,חידושי הריטבא - שבת,כן,שבת,עח.,פירוש,לא,
1717,חידושי הריטבא - שבת,כן,שבת,עח.,פירוש,לא,
1718,חידושי הריטבא - שבת,כן,שבת,עח.,פירוש,לא,
1719,חידושי הריטבא - שבת,כן,שבת,עח.,פירוש,לא,
1720,חידושי הריטבא - שבת,כן,שבת,עח.,פירוש,לא,
1721,חידושי הריטבא - שבת,כן,שבת,עח.,פירוש,לא,
1722,חידושי הריטבא - שבת,כן,שבת,עח.,פירוש,לא,
1723,חידושי הריטבא - שבת,כן,שבת,עח.,פירוש,לא,
1724,חידושי הריטבא - שבת,כן,שבת,עח.,פירוש,לא,
1725,חידושי הריטבא - שבת,כן,שבת,עח.,פירוש,לא,
1726,חידושי הריטבא - שבת,כן,שבת,עח.,פירוש,לא,
1727,חידושי הריטבא - שבת,כן,שבת,עח.,פירוש,לא,
1728,חידושי הריטבא - שבת,כן,שבת,עח.,פירוש,לא,
1731,חידושי הריטבא - שבת,כן,שבת,עח:,פירוש,לא,
1732,חידושי הריטבא - שבת,כן,שבת,עח:,פירוש,לא,
1733,חידושי הריטבא - שבת,כן,שבת,עח:,פירוש,לא,
1734,חידושי הריטבא - שבת,כן,שבת,עח:,פירוש,לא,
1735,חידושי הריטבא - שבת,כן,שבת,עח:,פירוש,לא,
1736,חידושי הריטבא - שבת,כן,שבת,עח:,פירוש,לא,
1737,חידושי הריטבא - שבת,כן,שבת,עח:,פירוש,לא,
1738,חידושי הריטבא - שבת,כן,שבת,עח:,פירוש,לא,
1739,חידושי הריטבא - שבת,כן,שבת,עח:,פירוש,לא,
1740,חידושי הריטבא - שבת,כן,שבת,עח:,פירוש,לא,
1741,חידושי הריטבא - שבת,כן,שבת,עח:,פירוש,לא,
1742,חידושי הריטבא - שבת,כן,שבת,עח:,פירוש,לא,
1743,חידושי הריטבא - שבת,כן,שבת,עח:,פירוש,לא,
1744,חידושי הריטבא - שבת,כן,שבת,עח:,פירוש,לא,
1745,חידושי הריטבא - שבת,כן,שבת,עח:,פירוש,לא,
1746,חידושי הריטבא - שבת,כן,שבת,עח:,פירוש,לא,
1747,חידושי הריטבא - שבת,כן,שבת,עח:,פירוש,לא,
1748,חידושי הריטבא - שבת,כן,שבת,עח:,פירוש,לא,
1749,חידושי הריטבא - שבת,כן,שבת,עח:,פירוש,לא,
1750,חידושי הריטבא - שבת,כן,שבת,עח:,פירוש,לא,
1751,חידושי הריטבא - שבת,כן,שבת,עח:,פירוש,לא,
1752,חידושי הריטבא - שבת,כן,שבת,עח:,פירוש,לא,
1753,חידושי הריטבא - שבת,כן,שבת,עח:,פירוש,לא,
1754,חידושי הריטבא - שבת,כן,שבת,עח:,פירוש,לא,
1755,חידושי הריטבא - שבת,כן,שבת,עח:,פירוש,לא,
1756,חידושי הריטבא - שבת,כן,שבת,עח:,פירוש,לא,
1757,חידושי הריטבא - שבת,כן,שבת,עח:,פירוש,לא,
1758,חידושי הריטבא - שבת,כן,שבת,עח:,פירוש,לא,
1759,חידושי הריטבא - שבת,כן,שבת,עח:,פירוש,לא,
1760,חידושי הריטבא - שבת,כן,שבת,עח:,פירוש,לא,
1761,חידושי הריטבא - שבת,כן,שבת,עח:,פירוש,לא,
1762,חידושי הריטבא - שבת,כן,שבת,עח:,פירוש,לא,
1763,חידושי הריטבא - שבת,כן,שבת,עח:,פירוש,לא,
1764,חידושי הריטבא - שבת,כן,שבת,עח:,פירוש,לא,
1767,חידושי הריטבא - שבת,כן,שבת,עט.,פירוש,לא,
1768,חידושי הריטבא - שבת,כן,שבת,עט.,פירוש,לא,
1769,חידושי הריטבא - שבת,כן,שבת,עט.,פירוש,לא,
1770,חידושי הריטבא - שבת,כן,שבת,עט.,פירוש,לא,
1771,חידושי הריטבא - שבת,כן,שבת,עט.,פירוש,לא,
1772,חידושי הריטבא - שבת,כן,שבת,עט.,פירוש,לא,
1773,חידושי הריטבא - שבת,כן,שבת,עט.,פירוש,לא,
1774,חידושי הריטבא - שבת,כן,שבת,עט.,פירוש,לא,
1775,חידושי הריטבא - שבת,כן,שבת,עט.,פירוש,לא,
1776,חידושי הריטבא - שבת,כן,שבת,עט.,פירוש,לא,
1777,חידושי הריטבא - שבת,כן,שבת,עט.,פירוש,לא,
1778,חידושי הריטבא - שבת,כן,שבת,עט.,פירוש,לא,
1779,חידושי הריטבא - שבת,כן,שבת,עט.,פירוש,לא,
1780,חידושי הריטבא - שבת,כן,שבת,עט.,פירוש,לא,
1781,חידושי הריטבא - שבת,כן,שבת,עט.,פירוש,לא,
1782,חידושי הריטבא - שבת,כן,שבת,עט.,פירוש,לא,
1783,חידושי הריטבא - שבת,כן,שבת,עט.,פירוש,לא,
1784,חידושי הריטבא - שבת,כן,שבת,עט.,פירוש,לא,
1785,חידושי הריטבא - שבת,כן,שבת,עט.,פירוש,לא,
1786,חידושי הריטבא - שבת,כן,שבת,עט.,פירוש,לא,
1787,חידושי הריטבא - שבת,כן,שבת,עט.,פירוש,לא,
1788,חידושי הריטבא - שבת,כן,שבת,עט.,פירוש,לא,
1791,חידושי הריטבא - שבת,כן,שבת,עט:,פירוש,לא,
1792,חידושי הריטבא - שבת,כן,שבת,עט:,פירוש,לא,
1793,חידושי הריטבא - שבת,כן,שבת,עט:,פירוש,לא,
1794,חידושי הריטבא - שבת,כן,שבת,עט:,פירוש,לא,
1795,חידושי הריטבא - שבת,כן,שבת,עט:,פירוש,לא,
1796,חידושי הריטבא - שבת,כן,שבת,עט:,פירוש,לא,
1797,חידושי הריטבא - שבת,כן,שבת,עט:,פירוש,לא,
1798,חידושי הריטבא - שבת,כן,שבת,עט:,פירוש,לא,
1799,חידושי הריטבא - שבת,כן,שבת,עט:,פירוש,לא,
1800,חידושי הריטבא - שבת,כן,שבת,עט:,פירוש,לא,
1801,חידושי הריטבא - שבת,כן,שבת,עט:,פירוש,לא,
1802,חידושי הריטבא - שבת,כן,שבת,עט:,פירוש,לא,
1803,חידושי הריטבא - שבת,כן,שבת,עט:,פירוש,לא,
1804,חידושי הריטבא - שבת,כן,שבת,עט:,פירוש,לא,
1805,חידושי הריטבא - שבת,כן,שבת,עט:,פירוש,לא,
1806,חידושי הריטבא - שבת,כן,שבת,עט:,פירוש,לא,
1807,חידושי הריטבא - שבת,כן,שבת,עט:,פירוש,לא,
1808,חידושי הריטבא - שבת,כן,שבת,עט:,פירוש,לא,
1809,חידושי הריטבא - שבת,כן,שבת,עט:,פירוש,לא,
1810,חידושי הריטבא - שבת,כן,שבת,עט:,פירוש,לא,
1811,חידושי הריטבא - שבת,כן,שבת,עט:,פירוש,לא,
1812,חידושי הריטבא - שבת,כן,שבת,עט:,פירוש,לא,
1815,חידושי הריטבא - שבת,כן,שבת,פ.,פירוש,לא,
1816,חידושי הריטבא - שבת,כן,שבת,פ.,פירוש,לא,
1817,חידושי הריטבא - שבת,כן,שבת,פ.,פירוש,לא,
1818,חידושי הריטבא - שבת,כן,שבת,פ.,פירוש,לא,
1819,חידושי הריטבא - שבת,כן,שבת,פ.,פירוש,לא,
1820,חידושי הריטבא - שבת,כן,שבת,פ.,פירוש,לא,
1821,חידושי הריטבא - שבת,כן,שבת,פ.,פירוש,לא,
1822,חידושי הריטבא - שבת,כן,שבת,פ.,פירוש,לא,
1823,חידושי הריטבא - שבת,כן,שבת,פ.,פירוש,לא,
1824,חידושי הריטבא - שבת,כן,שבת,פ.,פירוש,לא,
1825,חידושי הריטבא - שבת,כן,שבת,פ.,פירוש,לא,
1828,חידושי הריטבא - שבת,כן,שבת,פ:,פירוש,לא,
1829,חידושי הריטבא - שבת,כן,שבת,פ:,פירוש,לא,
1832,חידושי הריטבא - שבת,כן,שבת,פא.,פירוש,לא,
1833,חידושי הריטבא - שבת,כן,שבת,פא.,פירוש,לא,
1834,חידושי הריטבא - שבת,כן,שבת,פא.,פירוש,לא,
1835,חידושי הריטבא - שבת,כן,שבת,פא.,פירוש,לא,
1836,חידושי הריטבא - שבת,כן,שבת,פא.,פירוש,לא,
1839,חידושי הריטבא - שבת,כן,שבת,פא:,פירוש,לא,
1840,חידושי הריטבא - שבת,כן,שבת,פא:,פירוש,לא,
1841,חידושי הריטבא - שבת,כן,שבת,פא:,פירוש,לא,
1842,חידושי הריטבא - שבת,כן,שבת,פא:,פירוש,לא,
1843,חידושי הריטבא - שבת,כן,שבת,פא:,פירוש,לא,
1844,חידושי הריטבא - שבת,כן,שבת,פא:,פירוש,לא,
1847,חידושי הריטבא - שבת,כן,שבת,פב.,פירוש,לא,
1848,חידושי הריטבא - שבת,כן,שבת,פב.,פירוש,לא,
1849,חידושי הריטבא - שבת,כן,שבת,פב.,פירוש,לא,
1852,חידושי הריטבא - שבת,כן,שבת,פב.,פירוש,לא,
1853,חידושי הריטבא - שבת,כן,שבת,פב.,פירוש,לא,
1854,חידושי הריטבא - שבת,כן,שבת,פב.,פירוש,לא,
1855,חידושי הריטבא - שבת,כן,שבת,פב.,פירוש,לא,
1856,חידושי הריטבא - שבת,כן,שבת,פב.,פירוש,לא,
1857,חידושי הריטבא - שבת,כן,שבת,פב.,פירוש,לא,
1858,חידושי הריטבא - שבת,כן,שבת,פב.,פירוש,לא,
1861,חידושי הריטבא - שבת,כן,שבת,פב:,פירוש,לא,
1862,חידושי הריטבא - שבת,כן,שבת,פב:,פירוש,לא,
1863,חידושי הריטבא - שבת,כן,שבת,פב:,פירוש,לא,
1864,חידושי הריטבא - שבת,כן,שבת,פב:,פירוש,לא,
1865,חידושי הריטבא - שבת,כן,שבת,פב:,פירוש,לא,
1866,חידושי הריטבא - שבת,כן,שבת,פב:,פירוש,לא,
1867,חידושי הריטבא - שבת,כן,שבת,פב:,פירוש,לא,
1868,חידושי הריטבא - שבת,כן,שבת,פב:,פירוש,לא,
1869,חידושי הריטבא - שבת,כן,שבת,פב:,פירוש,לא,
1870,חידושי הריטבא - שבת,כן,שבת,פב:,פירוש,לא,
1871,חידושי הריטבא - שבת,כן,שבת,פב:,פירוש,לא,
1872,חידושי הריטבא - שבת,כן,שבת,פב:,פירוש,לא,
1875,חידושי הריטבא - שבת,כן,שבת,פג.,פירוש,לא,
1876,חידושי הריטבא - שבת,כן,שבת,פג.,פירוש,לא,
1877,חידושי הריטבא - שבת,כן,שבת,פג.,פירוש,לא,
1878,חידושי הריטבא - שבת,כן,שבת,פג.,פירוש,לא,
1879,חידושי הריטבא - שבת,כן,שבת,פג.,פירוש,לא,
1880,חידושי הריטבא - שבת,כן,שבת,פג.,פירוש,לא,
1881,חידושי הריטבא - שבת,כן,שבת,פג.,פירוש,לא,
1882,חידושי הריטבא - שבת,כן,שבת,פג.,פירוש,לא,
1883,חידושי הריטבא - שבת,כן,שבת,פג.,פירוש,לא,
1886,חידושי הריטבא - שבת,כן,שבת,פג:,פירוש,לא,
1887,חידושי הריטבא - שבת,כן,שבת,פג:,פירוש,לא,
1888,חידושי הריטבא - שבת,כן,שבת,פג:,פירוש,לא,
1889,חידושי הריטבא - שבת,כן,שבת,פג:,פירוש,לא,
1890,חידושי הריטבא - שבת,כן,שבת,פג:,פירוש,לא,
1891,חידושי הריטבא - שבת,כן,שבת,פג:,פירוש,לא,
1892,חידושי הריטבא - שבת,כן,שבת,פג:,פירוש,לא,
1893,חידושי הריטבא - שבת,כן,שבת,פג:,פירוש,לא,
1894,חידושי הריטבא - שבת,כן,שבת,פג:,פירוש,לא,
1897,חידושי הריטבא - שבת,כן,שבת,פד.,פירוש,לא,
1898,חידושי הריטבא - שבת,כן,שבת,פד.,פירוש,לא,
1899,חידושי הריטבא - שבת,כן,שבת,פד.,פירוש,לא,
1900,חידושי הריטבא - שבת,כן,שבת,פד.,פירוש,לא,
1901,חידושי הריטבא - שבת,כן,שבת,פד.,פירוש,לא,
1902,חידושי הריטבא - שבת,כן,שבת,פד.,פירוש,לא,
1903,חידושי הריטבא - שבת,כן,שבת,פד.,פירוש,לא,
1904,חידושי הריטבא - שבת,כן,שבת,פד.,פירוש,לא,
1905,חידושי הריטבא - שבת,כן,שבת,פד.,פירוש,לא,
1906,חידושי הריטבא - שבת,כן,שבת,פד.,פירוש,לא,
1909,חידושי הריטבא - שבת,כן,שבת,פד:,פירוש,לא,
1910,חידושי הריטבא - שבת,כן,שבת,פד:,פירוש,לא,
1911,חידושי הריטבא - שבת,כן,שבת,פד:,פירוש,לא,
1912,חידושי הריטבא - שבת,כן,שבת,פד:,פירוש,לא,
1913,חידושי הריטבא - שבת,כן,שבת,פד:,פירוש,לא,
1914,חידושי הריטבא - שבת,כן,שבת,פד:,פירוש,לא,
1915,חידושי הריטבא - שבת,כן,שבת,פד:,פירוש,לא,
1916,חידושי הריטבא - שבת,כן,שבת,פד:,פירוש,לא,
1917,חידושי הריטבא - שבת,כן,שבת,פד:,פירוש,לא,
1920,חידושי הריטבא - שבת,כן,שבת,פה.,פירוש,לא,
1921,חידושי הריטבא - שבת,כן,שבת,פה.,פירוש,לא,
1922,חידושי הריטבא - שבת,כן,שבת,פה.,פירוש,לא,
1923,חידושי הריטבא - שבת,כן,שבת,פה.,פירוש,לא,
1924,חידושי הריטבא - שבת,כן,שבת,פה.,פירוש,לא,
1925,חידושי הריטבא - שבת,כן,שבת,פה.,פירוש,לא,
1926,חידושי הריטבא - שבת,כן,שבת,פה.,פירוש,לא,
1927,חידושי הריטבא - שבת,כן,שבת,פה.,פירוש,לא,
1928,חידושי הריטבא - שבת,כן,שבת,פה.,פירוש,לא,
1929,חידושי הריטבא - שבת,כן,שבת,פה.,פירוש,לא,
1930,חידושי הריטבא - שבת,כן,שבת,פה.,פירוש,לא,
1933,חידושי הריטבא - שבת,כן,שבת,פה:,פירוש,לא,
1934,חידושי הריטבא - שבת,כן,שבת,פה:,פירוש,לא,
1935,חידושי הריטבא - שבת,כן,שבת,פה:,פירוש,לא,
1936,חידושי הריטבא - שבת,כן,שבת,פה:,פירוש,לא,
1937,חידושי הריטבא - שבת,כן,שבת,פה:,פירוש,לא,
1938,חידושי הריטבא - שבת,כן,שבת,פה:,פירוש,לא,
1939,חידושי הריטבא - שבת,כן,שבת,פה:,פירוש,לא,
1940,חידושי הריטבא - שבת,כן,שבת,פה:,פירוש,לא,
1941,חידושי הריטבא - שבת,כן,שבת,פה:,פירוש,לא,
1942,חידושי הריטבא - שבת,כן,שבת,פה:,פירוש,לא,
1943,חידושי הריטבא - שבת,כן,שבת,פה:,פירוש,לא,
1944,חידושי הריטבא - שבת,כן,שבת,פה:,פירוש,לא,
1945,חידושי הריטבא - שבת,כן,שבת,פה:,פירוש,לא,
1946,חידושי הריטבא - שבת,כן,שבת,פה:,פירוש,לא,
1949,חידושי הריטבא - שבת,כן,שבת,פו.,פירוש,לא,
1950,חידושי הריטבא - שבת,כן,שבת,פו.,פירוש,לא,
1951,חידושי הריטבא - שבת,כן,שבת,פו.,פירוש,לא,
1952,חידושי הריטבא - שבת,כן,שבת,פו.,פירוש,לא,
1953,חידושי הריטבא - שבת,כן,שבת,פו.,פירוש,לא,
1954,חידושי הריטבא - שבת,כן,שבת,פו.,פירוש,לא,
1955,חידושי הריטבא - שבת,כן,שבת,פו.,פירוש,לא,
1956,חידושי הריטבא - שבת,כן,שבת,פו.,פירוש,לא,
1957,חידושי הריטבא - שבת,כן,שבת,פו.,פירוש,לא,
1958,חידושי הריטבא - שבת,כן,שבת,פו.,פירוש,לא,
1959,חידושי הריטבא - שבת,כן,שבת,פו.,פירוש,לא,
1962,חידושי הריטבא - שבת,כן,שבת,פו:,פירוש,לא,
1963,חידושי הריטבא - שבת,כן,שבת,פו:,פירוש,לא,
1964,חידושי הריטבא - שבת,כן,שבת,פו:,פירוש,לא,
1965,חידושי הריטבא - שבת,כן,שבת,פו:,פירוש,לא,
1966,חידושי הריטבא - שבת,כן,שבת,פו:,פירוש,לא,
1967,חידושי הריטבא - שבת,כן,שבת,פו:,פירוש,לא,
1968,חידושי הריטבא - שבת,כן,שבת,פו:,פירוש,לא,
1969,חידושי הריטבא - שבת,כן,שבת,פו:,פירוש,לא,
1972,חידושי הריטבא - שבת,כן,שבת,פז.,פירוש,לא,
1973,חידושי הריטבא - שבת,כן,שבת,פז.,פירוש,לא,
1974,חידושי הריטבא - שבת,כן,שבת,פז.,פירוש,לא,
1975,חידושי הריטבא - שבת,כן,שבת,פז.,פירוש,לא,
1976,חידושי הריטבא - שבת,כן,שבת,פז.,פירוש,לא,
1977,חידושי הריטבא - שבת,כן,שבת,פז.,פירוש,לא,
1978,חידושי הריטבא - שבת,כן,שבת,פז.,פירוש,לא,
1979,חידושי הריטבא - שבת,כן,שבת,פז.,פירוש,לא,
1980,חידושי הריטבא - שבת,כן,שבת,פז.,פירוש,לא,
1983,חידושי הריטבא - שבת,כן,שבת,פז:,פירוש,לא,
1984,חידושי הריטבא - שבת,כן,שבת,פז:,פירוש,לא,
1985,חידושי הריטבא - שבת,כן,שבת,פז:,פירוש,לא,
1986,חידושי הריטבא - שבת,כן,שבת,פז:,פירוש,לא,
1987,חידושי הריטבא - שבת,כן,שבת,פז:,פירוש,לא,
1990,חידושי הריטבא - שבת,כן,שבת,פח.,פירוש,לא,
1991,חידושי הריטבא - שבת,כן,שבת,פח.,פירוש,לא,
1992,חידושי הריטבא - שבת,כן,שבת,פח.,פירוש,לא,
1993,חידושי הריטבא - שבת,כן,שבת,פח.,פירוש,לא,
1994,חידושי הריטבא - שבת,כן,שבת,פח.,פירוש,לא,
1995,חידושי הריטבא - שבת,כן,שבת,פח.,פירוש,לא,
1996,חידושי הריטבא - שבת,כן,שבת,פח.,פירוש,לא,
1999,חידושי הריטבא - שבת,כן,שבת,פח:,פירוש,לא,
2002,חידושי הריטבא - שבת,כן,שבת,פט.,פירוש,לא,
2003,חידושי הריטבא - שבת,כן,שבת,פט.,פירוש,לא,
2006,חידושי הריטבא - שבת,כן,שבת,פט:,פירוש,לא,
2007,חידושי הריטבא - שבת,כן,שבת,פט:,פירוש,לא,
2008,חידושי הריטבא - שבת,כן,שבת,פט:,פירוש,לא,
2009,חידושי הריטבא - שבת,כן,שבת,פט:,פירוש,לא,
2010,חידושי הריטבא - שבת,כן,שבת,פט:,פירוש,לא,
2011,חידושי הריטבא - שבת,כן,שבת,פט:,פירוש,לא,
2012,חידושי הריטבא - שבת,כן,שבת,פט:,פירוש,לא,
2015,חידושי הריטבא - שבת,כן,שבת,צ.,פירוש,לא,
2016,חידושי הריטבא - שבת,כן,שבת,צ.,פירוש,לא,
2017,חידושי הריטבא - שבת,כן,שבת,צ.,פירוש,לא,
2018,חידושי הריטבא - שבת,כן,שבת,צ.,פירוש,לא,
2019,חידושי הריטבא - שבת,כן,שבת,צ.,פירוש,לא,
2020,חידושי הריטבא - שבת,כן,שבת,צ.,פירוש,לא,
2021,חידושי הריטבא - שבת,כן,שבת,צ.,פירוש,לא,
2022,חידושי הריטבא - שבת,כן,שבת,צ.,פירוש,לא,
2023,חידושי הריטבא - שבת,כן,שבת,צ.,פירוש,לא,
2024,חידושי הריטבא - שבת,כן,שבת,צ.,פירוש,לא,
2027,חידושי הריטבא - שבת,כן,שבת,צ:,פירוש,לא,
2028,חידושי הריטבא - שבת,כן,שבת,צ:,פירוש,לא,
2029,חידושי הריטבא - שבת,כן,שבת,צ:,פירוש,לא,
2030,חידושי הריטבא - שבת,כן,שבת,צ:,פירוש,לא,
2031,חידושי הריטבא - שבת,כן,שבת,צ:,פירוש,לא,
2034,חידושי הריטבא - שבת,כן,שבת,צ:,פירוש,לא,
2035,חידושי הריטבא - שבת,כן,שבת,צ:,פירוש,לא,
2036,חידושי הריטבא - שבת,כן,שבת,צ:,פירוש,לא,
2037,חידושי הריטבא - שבת,כן,שבת,צ:,פירוש,לא,
2038,חידושי הריטבא - שבת,כן,שבת,צ:,פירוש,לא,
2041,חידושי הריטבא - שבת,כן,שבת,צא.,פירוש,לא,
2042,חידושי הריטבא - שבת,כן,שבת,צא.,פירוש,לא,
2043,חידושי הריטבא - שבת,כן,שבת,צא.,פירוש,לא,
2044,חידושי הריטבא - שבת,כן,שבת,צא.,פירוש,לא,
2045,חידושי הריטבא - שבת,כן,שבת,צא.,פירוש,לא,
2046,חידושי הריטבא - שבת,כן,שבת,צא.,פירוש,לא,
2047,חידושי הריטבא - שבת,כן,שבת,צא.,פירוש,לא,
2048,חידושי הריטבא - שבת,כן,שבת,צא.,פירוש,לא,
2049,חידושי הריטבא - שבת,כן,שבת,צא.,פירוש,לא,
2050,חידושי הריטבא - שבת,כן,שבת,צא.,פירוש,לא,
2051,חידושי הריטבא - שבת,כן,שבת,צא.,פירוש,לא,
2052,חידושי הריטבא - שבת,כן,שבת,צא.,פירוש,לא,
2053,חידושי הריטבא - שבת,כן,שבת,צא.,פירוש,לא,
2054,חידושי הריטבא - שבת,כן,שבת,צא.,פירוש,לא,
2055,חידושי הריטבא - שבת,כן,שבת,צא.,פירוש,לא,
2056,חידושי הריטבא - שבת,כן,שבת,צא.,פירוש,לא,
2057,חידושי הריטבא - שבת,כן,שבת,צא.,פירוש,לא,
2058,חידושי הריטבא - שבת,כן,שבת,צא.,פירוש,לא,
2059,חידושי הריטבא - שבת,כן,שבת,צא.,פירוש,לא,
2060,חידושי הריטבא - שבת,כן,שבת,צא.,פירוש,לא,
2061,חידושי הריטבא - שבת,כן,שבת,צא.,פירוש,לא,
2062,חידושי הריטבא - שבת,כן,שבת,צא.,פירוש,לא,
2065,חידושי הריטבא - שבת,כן,שבת,צא:,פירוש,לא,
2066,חידושי הריטבא - שבת,כן,שבת,צא:,פירוש,לא,
2067,חידושי הריטבא - שבת,כן,שבת,צא:,פירוש,לא,
2068,חידושי הריטבא - שבת,כן,שבת,צא:,פירוש,לא,
2069,חידושי הריטבא - שבת,כן,שבת,צא:,פירוש,לא,
2070,חידושי הריטבא - שבת,כן,שבת,צא:,פירוש,לא,
2071,חידושי הריטבא - שבת,כן,שבת,צא:,פירוש,לא,
2072,חידושי הריטבא - שבת,כן,שבת,צא:,פירוש,לא,
2073,חידושי הריטבא - שבת,כן,שבת,צא:,פירוש,לא,
2076,חידושי הריטבא - שבת,כן,שבת,צב.,פירוש,לא,
2077,חידושי הריטבא - שבת,כן,שבת,צב.,פירוש,לא,
2078,חידושי הריטבא - שבת,כן,שבת,צב.,פירוש,לא,
2079,חידושי הריטבא - שבת,כן,שבת,צב.,פירוש,לא,
2080,חידושי הריטבא - שבת,כן,שבת,צב.,פירוש,לא,
2081,חידושי הריטבא - שבת,כן,שבת,צב.,פירוש,לא,
2082,חידושי הריטבא - שבת,כן,שבת,צב.,פירוש,לא,
2083,חידושי הריטבא - שבת,כן,שבת,צב.,פירוש,לא,
2084,חידושי הריטבא - שבת,כן,שבת,צב.,פירוש,לא,
2085,חידושי הריטבא - שבת,כן,שבת,צב.,פירוש,לא,
2086,חידושי הריטבא - שבת,כן,שבת,צב.,פירוש,לא,
2087,חידושי הריטבא - שבת,כן,שבת,צב.,פירוש,לא,
2088,חידושי הריטבא - שבת,כן,שבת,צב.,פירוש,לא,
2089,חידושי הריטבא - שבת,כן,שבת,צב.,פירוש,לא,
2090,חידושי הריטבא - שבת,כן,שבת,צב.,פירוש,לא,
2091,חידושי הריטבא - שבת,כן,שבת,צב.,פירוש,לא,
2094,חידושי הריטבא - שבת,כן,שבת,צב:,פירוש,לא,
2095,חידושי הריטבא - שבת,כן,שבת,צב:,פירוש,לא,
2096,חידושי הריטבא - שבת,כן,שבת,צב:,פירוש,לא,
2097,חידושי הריטבא - שבת,כן,שבת,צב:,פירוש,לא,
2098,חידושי הריטבא - שבת,כן,שבת,צב:,פירוש,לא,
2099,חידושי הריטבא - שבת,כן,שבת,צב:,פירוש,לא,
2100,חידושי הריטבא - שבת,כן,שבת,צב:,פירוש,לא,
2101,חידושי הריטבא - שבת,כן,שבת,צב:,פירוש,לא,
2102,חידושי הריטבא - שבת,כן,שבת,צב:,פירוש,לא,
2103,חידושי הריטבא - שבת,כן,שבת,צב:,פירוש,לא,
2104,חידושי הריטבא - שבת,כן,שבת,צב:,פירוש,לא,
2105,חידושי הריטבא - שבת,כן,שבת,צב:,פירוש,לא,
2106,חידושי הריטבא - שבת,כן,שבת,צב:,פירוש,לא,
2109,חידושי הריטבא - שבת,כן,שבת,צג.,פירוש,לא,
2110,חידושי הריטבא - שבת,כן,שבת,צג.,פירוש,לא,
2111,חידושי הריטבא - שבת,כן,שבת,צג.,פירוש,לא,
2112,חידושי הריטבא - שבת,כן,שבת,צג.,פירוש,לא,
2113,חידושי הריטבא - שבת,כן,שבת,צג.,פירוש,לא,
2114,חידושי הריטבא - שבת,כן,שבת,צג.,פירוש,לא,
2115,חידושי הריטבא - שבת,כן,שבת,צג.,פירוש,לא,
2116,חידושי הריטבא - שבת,כן,שבת,צג.,פירוש,לא,
2117,חידושי הריטבא - שבת,כן,שבת,צג.,פירוש,לא,
2118,חידושי הריטבא - שבת,כן,שבת,צג.,פירוש,לא,
2119,חידושי הריטבא - שבת,כן,שבת,צג.,פירוש,לא,
2120,חידושי הריטבא - שבת,כן,שבת,צג.,פירוש,לא,
2121,חידושי הריטבא - שבת,כן,שבת,צג.,פירוש,לא,
2122,חידושי הריטבא - שבת,כן,שבת,צג.,פירוש,לא,
2123,חידושי הריטבא - שבת,כן,שבת,צג.,פירוש,לא,
2124,חידושי הריטבא - שבת,כן,שבת,צג.,פירוש,לא,
2125,חידושי הריטבא - שבת,כן,שבת,צג.,פירוש,לא,
2126,חידושי הריטבא - שבת,כן,שבת,צג.,פירוש,לא,
2127,חידושי הריטבא - שבת,כן,שבת,צג.,פירוש,לא,
2128,חידושי הריטבא - שבת,כן,שבת,צג.,פירוש,לא,
2129,חידושי הריטבא - שבת,כן,שבת,צג.,פירוש,לא,
2132,חידושי הריטבא - שבת,כן,שבת,צג:,פירוש,לא,
2133,חידושי הריטבא - שבת,כן,שבת,צג:,פירוש,לא,
2134,חידושי הריטבא - שבת,כן,שבת,צג:,פירוש,לא,
2135,חידושי הריטבא - שבת,כן,שבת,צג:,פירוש,לא,
2136,חידושי הריטבא - שבת,כן,שבת,צג:,פירוש,לא,
2137,חידושי הריטבא - שבת,כן,שבת,צג:,פירוש,לא,
2138,חידושי הריטבא - שבת,כן,שבת,צג:,פירוש,לא,
2139,חידושי הריטבא - שבת,כן,שבת,צג:,פירוש,לא,
2140,חידושי הריטבא - שבת,כן,שבת,צג:,פירוש,לא,
2141,חידושי הריטבא - שבת,כן,שבת,צג:,פירוש,לא,
2144,חידושי הריטבא - שבת,כן,שבת,צד.,פירוש,לא,
2145,חידושי הריטבא - שבת,כן,שבת,צד.,פירוש,לא,
2146,חידושי הריטבא - שבת,כן,שבת,צד.,פירוש,לא,
2147,חידושי הריטבא - שבת,כן,שבת,צד.,פירוש,לא,
2148,חידושי הריטבא - שבת,כן,שבת,צד.,פירוש,לא,
2149,חידושי הריטבא - שבת,כן,שבת,צד.,פירוש,לא,
2150,חידושי הריטבא - שבת,כן,שבת,צד.,פירוש,לא,
2151,חידושי הריטבא - שבת,כן,שבת,צד.,פירוש,לא,
2154,חידושי הריטבא - שבת,כן,שבת,צד:,פירוש,לא,
2155,חידושי הריטבא - שבת,כן,שבת,צד:,פירוש,לא,
2156,חידושי הריטבא - שבת,כן,שבת,צד:,פירוש,לא,
2157,חידושי הריטבא - שבת,כן,שבת,צד:,פירוש,לא,
2158,חידושי הריטבא - שבת,כן,שבת,צד:,פירוש,לא,
2159,חידושי הריטבא - שבת,כן,שבת,צד:,פירוש,לא,
2160,חידושי הריטבא - שבת,כן,שבת,צד:,פירוש,לא,
2161,חידושי הריטבא - שבת,כן,שבת,צד:,פירוש,לא,
2162,חידושי הריטבא - שבת,כן,שבת,צד:,פירוש,לא,
2163,חידושי הריטבא - שבת,כן,שבת,צד:,פירוש,לא,
2164,חידושי הריטבא - שבת,כן,שבת,צד:,פירוש,לא,
2165,חידושי הריטבא - שבת,כן,שבת,צד:,פירוש,לא,
2166,חידושי הריטבא - שבת,כן,שבת,צד:,פירוש,לא,
2167,חידושי הריטבא - שבת,כן,שבת,צד:,פירוש,לא,
2168,חידושי הריטבא - שבת,כן,שבת,צד:,פירוש,לא,
2171,חידושי הריטבא - שבת,כן,שבת,צה.,פירוש,לא,
2172,חידושי הריטבא - שבת,כן,שבת,צה.,פירוש,לא,
2173,חידושי הריטבא - שבת,כן,שבת,צה.,פירוש,לא,
2174,חידושי הריטבא - שבת,כן,שבת,צה.,פירוש,לא,
2175,חידושי הריטבא - שבת,כן,שבת,צה.,פירוש,לא,
2176,חידושי הריטבא - שבת,כן,שבת,צה.,פירוש,לא,
2177,חידושי הריטבא - שבת,כן,שבת,צה.,פירוש,לא,
2178,חידושי הריטבא - שבת,כן,שבת,צה.,פירוש,לא,
2179,חידושי הריטבא - שבת,כן,שבת,צה.,פירוש,לא,
2180,חידושי הריטבא - שבת,כן,שבת,צה.,פירוש,לא,
2181,חידושי הריטבא - שבת,כן,שבת,צה.,פירוש,לא,
2182,חידושי הריטבא - שבת,כן,שבת,צה.,פירוש,לא,
2183,חידושי הריטבא - שבת,כן,שבת,צה.,פירוש,לא,
2186,חידושי הריטבא - שבת,כן,שבת,צה:,פירוש,לא,
2187,חידושי הריטבא - שבת,כן,שבת,צה:,פירוש,לא,
2188,חידושי הריטבא - שבת,כן,שבת,צה:,פירוש,לא,
2189,חידושי הריטבא - שבת,כן,שבת,צה:,פירוש,לא,
2190,חידושי הריטבא - שבת,כן,שבת,צה:,פירוש,לא,
2191,חידושי הריטבא - שבת,כן,שבת,צה:,פירוש,לא,
2192,חידושי הריטבא - שבת,כן,שבת,צה:,פירוש,לא,
2193,חידושי הריטבא - שבת,כן,שבת,צה:,פירוש,לא,
2194,חידושי הריטבא - שבת,כן,שבת,צה:,פירוש,לא,
2195,חידושי הריטבא - שבת,כן,שבת,צה:,פירוש,לא,
2196,חידושי הריטבא - שבת,כן,שבת,צה:,פירוש,לא,
2197,חידושי הריטבא - שבת,כן,שבת,צה:,פירוש,לא,
2198,חידושי הריטבא - שבת,כן,שבת,צה:,פירוש,לא,
2199,חידושי הריטבא - שבת,כן,שבת,צה:,פירוש,לא,
2202,חידושי הריטבא - שבת,כן,שבת,צו.,פירוש,לא,
2203,חידושי הריטבא - שבת,כן,שבת,צו.,פירוש,לא,
2204,חידושי הריטבא - שבת,כן,שבת,צו.,פירוש,לא,
2205,חידושי הריטבא - שבת,כן,שבת,צו.,פירוש,לא,
2206,חידושי הריטבא - שבת,כן,שבת,צו.,פירוש,לא,
2209,חידושי הריטבא - שבת,כן,שבת,צו.,פירוש,לא,
2210,חידושי הריטבא - שבת,כן,שבת,צו.,פירוש,לא,
2211,חידושי הריטבא - שבת,כן,שבת,צו.,פירוש,לא,
2212,חידושי הריטבא - שבת,כן,שבת,צו.,פירוש,לא,
2213,חידושי הריטבא - שבת,כן,שבת,צו.,פירוש,לא,
2214,חידושי הריטבא - שבת,כן,שבת,צו.,פירוש,לא,
2217,חידושי הריטבא - שבת,כן,שבת,צו:,פירוש,לא,
2218,חידושי הריטבא - שבת,כן,שבת,צו:,פירוש,לא,
2219,חידושי הריטבא - שבת,כן,שבת,צו:,פירוש,לא,
2220,חידושי הריטבא - שבת,כן,שבת,צו:,פירוש,לא,
2221,חידושי הריטבא - שבת,כן,שבת,צו:,פירוש,לא,
2222,חידושי הריטבא - שבת,כן,שבת,צו:,פירוש,לא,
2223,חידושי הריטבא - שבת,כן,שבת,צו:,פירוש,לא,
2224,חידושי הריטבא - שבת,כן,שבת,צו:,פירוש,לא,
2225,חידושי הריטבא - שבת,כן,שבת,צו:,פירוש,לא,
2226,חידושי הריטבא - שבת,כן,שבת,צו:,פירוש,לא,
2227,חידושי הריטבא - שבת,כן,שבת,צו:,פירוש,לא,
2228,חידושי הריטבא - שבת,כן,שבת,צו:,פירוש,לא,
2229,חידושי הריטבא - שבת,כן,שבת,צו:,פירוש,לא,
2230,חידושי הריטבא - שבת,כן,שבת,צו:,פירוש,לא,
2231,חידושי הריטבא - שבת,כן,שבת,צו:,פירוש,לא,
2234,חידושי הריטבא - שבת,כן,שבת,צז.,פירוש,לא,
2235,חידושי הריטבא - שבת,כן,שבת,צז.,פירוש,לא,
2236,חידושי הריטבא - שבת,כן,שבת,צז.,פירוש,לא,
2237,חידושי הריטבא - שבת,כן,שבת,צז.,פירוש,לא,
2238,חידושי הריטבא - שבת,כן,שבת,צז.,פירוש,לא,
2239,חידושי הריטבא - שבת,כן,שבת,צז.,פירוש,לא,
2240,חידושי הריטבא - שבת,כן,שבת,צז.,פירוש,לא,
2241,חידושי הריטבא - שבת,כן,שבת,צז.,פירוש,לא,
2242,חידושי הריטבא - שבת,כן,שבת,צז.,פירוש,לא,
2243,חידושי הריטבא - שבת,כן,שבת,צז.,פירוש,לא,
2244,חידושי הריטבא - שבת,כן,שבת,צז.,פירוש,לא,
2245,חידושי הריטבא - שבת,כן,שבת,צז.,פירוש,לא,
2246,חידושי הריטבא - שבת,כן,שבת,צז.,פירוש,לא,
2249,חידושי הריטבא - שבת,כן,שבת,צז:,פירוש,לא,
2250,חידושי הריטבא - שבת,כן,שבת,צז:,פירוש,לא,
2251,חידושי הריטבא - שבת,כן,שבת,צז:,פירוש,לא,
2252,חידושי הריטבא - שבת,כן,שבת,צז:,פירוש,לא,
2253,חידושי הריטבא - שבת,כן,שבת,צז:,פירוש,לא,
2254,חידושי הריטבא - שבת,כן,שבת,צז:,פירוש,לא,
2255,חידושי הריטבא - שבת,כן,שבת,צז:,פירוש,לא,
2256,חידושי הריטבא - שבת,כן,שבת,צז:,פירוש,לא,
2257,חידושי הריטבא - שבת,כן,שבת,צז:,פירוש,לא,
2258,חידושי הריטבא - שבת,כן,שבת,צז:,פירוש,לא,
2259,חידושי הריטבא - שבת,כן,שבת,צז:,פירוש,לא,
2260,חידושי הריטבא - שבת,כן,שבת,צז:,פירוש,לא,
2261,חידושי הריטבא - שבת,כן,שבת,צז:,פירוש,לא,
2262,חידושי הריטבא - שבת,כן,שבת,צז:,פירוש,לא,
2263,חידושי הריטבא - שבת,כן,שבת,צז:,פירוש,לא,
2264,חידושי הריטבא - שבת,כן,שבת,צז:,פירוש,לא,
2267,חידושי הריטבא - שבת,כן,שבת,צח.,פירוש,לא,
2268,חידושי הריטבא - שבת,כן,שבת,צח.,פירוש,לא,
2269,חידושי הריטבא - שבת,כן,שבת,צח.,פירוש,לא,
2270,חידושי הריטבא - שבת,כן,שבת,צח.,פירוש,לא,
2271,חידושי הריטבא - שבת,כן,שבת,צח.,פירוש,לא,
2272,חידושי הריטבא - שבת,כן,שבת,צח.,פירוש,לא,
2273,חידושי הריטבא - שבת,כן,שבת,צח.,פירוש,לא,
2274,חידושי הריטבא - שבת,כן,שבת,צח.,פירוש,לא,
2275,חידושי הריטבא - שבת,כן,שבת,צח.,פירוש,לא,
2276,חידושי הריטבא - שבת,כן,שבת,צח.,פירוש,לא,
2277,חידושי הריטבא - שבת,כן,שבת,צח.,פירוש,לא,
2278,חידושי הריטבא - שבת,כן,שבת,צח.,פירוש,לא,
2279,חידושי הריטבא - שבת,כן,שבת,צח.,פירוש,לא,
2282,חידושי הריטבא - שבת,כן,שבת,צח:,פירוש,לא,
2283,חידושי הריטבא - שבת,כן,שבת,צח:,פירוש,לא,
2284,חידושי הריטבא - שבת,כן,שבת,צח:,פירוש,לא,
2285,חידושי הריטבא - שבת,כן,שבת,צח:,פירוש,לא,
2286,חידושי הריטבא - שבת,כן,שבת,צח:,פירוש,לא,
2287,חידושי הריטבא - שבת,כן,שבת,צח:,פירוש,לא,
2290,חידושי הריטבא - שבת,כן,שבת,צט.,פירוש,לא,
2291,חידושי הריטבא - שבת,כן,שבת,צט.,פירוש,לא,
2292,חידושי הריטבא - שבת,כן,שבת,צט.,פירוש,לא,
2293,חידושי הריטבא - שבת,כן,שבת,צט.,פירוש,לא,
2294,חידושי הריטבא - שבת,כן,שבת,צט.,פירוש,לא,
2295,חידושי הריטבא - שבת,כן,שבת,צט.,פירוש,לא,
2296,חידושי הריטבא - שבת,כן,שבת,צט.,פירוש,לא,
2297,חידושי הריטבא - שבת,כן,שבת,צט.,פירוש,לא,
2298,חידושי הריטבא - שבת,כן,שבת,צט.,פירוש,לא,
2299,חידושי הריטבא - שבת,כן,שבת,צט.,פירוש,לא,
2300,חידושי הריטבא - שבת,כן,שבת,צט.,פירוש,לא,
2301,חידושי הריטבא - שבת,כן,שבת,צט.,פירוש,לא,
2302,חידושי הריטבא - שבת,כן,שבת,צט.,פירוש,לא,
2303,חידושי הריטבא - שבת,כן,שבת,צט.,פירוש,לא,
2306,חידושי הריטבא - שבת,כן,שבת,צט:,פירוש,לא,
2307,חידושי הריטבא - שבת,כן,שבת,צט:,פירוש,לא,
2308,חידושי הריטבא - שבת,כן,שבת,צט:,פירוש,לא,
2309,חידושי הריטבא - שבת,כן,שבת,צט:,פירוש,לא,
2310,חידושי הריטבא - שבת,כן,שבת,צט:,פירוש,לא,
2311,חידושי הריטבא - שבת,כן,שבת,צט:,פירוש,לא,
2312,חידושי הריטבא - שבת,כן,שבת,צט:,פירוש,לא,
2313,חידושי הריטבא - שבת,כן,שבת,צט:,פירוש,לא,
2314,חידושי הריטבא - שבת,כן,שבת,צט:,פירוש,לא,
2315,חידושי הריטבא - שבת,כן,שבת,צט:,פירוש,לא,
2316,חידושי הריטבא - שבת,כן,שבת,צט:,פירוש,לא,
2317,חידושי הריטבא - שבת,כן,שבת,צט:,פירוש,לא,
2318,חידושי הריטבא - שבת,כן,שבת,צט:,פירוש,לא,
2319,חידושי הריטבא - שבת,כן,שבת,צט:,פירוש,לא,
2320,חידושי הריטבא - שבת,כן,שבת,צט:,פירוש,לא,
2323,חידושי הריטבא - שבת,כן,שבת,ק.,פירוש,לא,
2324,חידושי הריטבא - שבת,כן,שבת,ק.,פירוש,לא,
2325,חידושי הריטבא - שבת,כן,שבת,ק.,פירוש,לא,
2326,חידושי הריטבא - שבת,כן,שבת,ק.,פירוש,לא,
2327,חידושי הריטבא - שבת,כן,שבת,ק.,פירוש,לא,
2328,חידושי הריטבא - שבת,כן,שבת,ק.,פירוש,לא,
2329,חידושי הריטבא - שבת,כן,שבת,ק.,פירוש,לא,
2330,חידושי הריטבא - שבת,כן,שבת,ק.,פירוש,לא,
2331,חידושי הריטבא - שבת,כן,שבת,ק.,פירוש,לא,
2332,חידושי הריטבא - שבת,כן,שבת,ק.,פירוש,לא,
2333,חידושי הריטבא - שבת,כן,שבת,ק.,פירוש,לא,
2334,חידושי הריטבא - שבת,כן,שבת,ק.,פירוש,לא,
2335,חידושי הריטבא - שבת,כן,שבת,ק.,פירוש,לא,
2336,חידושי הריטבא - שבת,כן,שבת,ק.,פירוש,לא,
2337,חידושי הריטבא - שבת,כן,שבת,ק.,פירוש,לא,
2338,חידושי הריטבא - שבת,כן,שבת,ק.,פירוש,לא,
2339,חידושי הריטבא - שבת,כן,שבת,ק.,פירוש,לא,
2340,חידושי הריטבא - שבת,כן,שבת,ק.,פירוש,לא,
2341,חידושי הריטבא - שבת,כן,שבת,ק.,פירוש,לא,
2344,חידושי הריטבא - שבת,כן,שבת,ק:,פירוש,לא,
2345,חידושי הריטבא - שבת,כן,שבת,ק:,פירוש,לא,
2346,חידושי הריטבא - שבת,כן,שבת,ק:,פירוש,לא,
2347,חידושי הריטבא - שבת,כן,שבת,ק:,פירוש,לא,
2348,חידושי הריטבא - שבת,כן,שבת,ק:,פירוש,לא,
2349,חידושי הריטבא - שבת,כן,שבת,ק:,פירוש,לא,
2350,חידושי הריטבא - שבת,כן,שבת,ק:,פירוש,לא,
2351,חידושי הריטבא - שבת,כן,שבת,ק:,פירוש,לא,
2352,חידושי הריטבא - שבת,כן,שבת,ק:,פירוש,לא,
2353,חידושי הריטבא - שבת,כן,שבת,ק:,פירוש,לא,
2354,חידושי הריטבא - שבת,כן,שבת,ק:,פירוש,לא,
2355,חידושי הריטבא - שבת,כן,שבת,ק:,פירוש,לא,
2356,חידושי הריטבא - שבת,כן,שבת,ק:,פירוש,לא,
2357,חידושי הריטבא - שבת,כן,שבת,ק:,פירוש,לא,
2358,חידושי הריטבא - שבת,כן,שבת,ק:,פירוש,לא,
2359,חידושי הריטבא - שבת,כן,שבת,ק:,פירוש,לא,
2360,חידושי הריטבא - שבת,כן,שבת,ק:,פירוש,לא,
2361,חידושי הריטבא - שבת,כן,שבת,ק:,פירוש,לא,
2362,חידושי הריטבא - שבת,כן,שבת,ק:,פירוש,לא,
2363,חידושי הריטבא - שבת,כן,שבת,ק:,פירוש,לא,
2364,חידושי הריטבא - שבת,כן,שבת,ק:,פירוש,לא,
2367,חידושי הריטבא - שבת,כן,שבת,קא.,פירוש,לא,
2368,חידושי הריטבא - שבת,כן,שבת,קא.,פירוש,לא,
2369,חידושי הריטבא - שבת,כן,שבת,קא.,פירוש,לא,
2370,חידושי הריטבא - שבת,כן,שבת,קא.,פירוש,לא,
2371,חידושי הריטבא - שבת,כן,שבת,קא.,פירוש,לא,
2372,חידושי הריטבא - שבת,כן,שבת,קא.,פירוש,לא,
2373,חידושי הריטבא - שבת,כן,שבת,קא.,פירוש,לא,
2374,חידושי הריטבא - שבת,כן,שבת,קא.,פירוש,לא,
2377,חידושי הריטבא - שבת,כן,שבת,קא:,פירוש,לא,
2378,חידושי הריטבא - שבת,כן,שבת,קא:,פירוש,לא,
2379,חידושי הריטבא - שבת,כן,שבת,קא:,פירוש,לא,
2380,חידושי הריטבא - שבת,כן,שבת,קא:,פירוש,לא,
2381,חידושי הריטבא - שבת,כן,שבת,קא:,פירוש,לא,
2382,חידושי הריטבא - שבת,כן,שבת,קא:,פירוש,לא,
2383,חידושי הריטבא - שבת,כן,שבת,קא:,פירוש,לא,
2384,חידושי הריטבא - שבת,כן,שבת,קא:,פירוש,לא,
2385,חידושי הריטבא - שבת,כן,שבת,קא:,פירוש,לא,
2386,חידושי הריטבא - שבת,כן,שבת,קא:,פירוש,לא,
2389,חידושי הריטבא - שבת,כן,שבת,קב.,פירוש,לא,
2390,חידושי הריטבא - שבת,כן,שבת,קב.,פירוש,לא,
2391,חידושי הריטבא - שבת,כן,שבת,קב.,פירוש,לא,
2392,חידושי הריטבא - שבת,כן,שבת,קב.,פירוש,לא,
2393,חידושי הריטבא - שבת,כן,שבת,קב.,פירוש,לא,
2398,חידושי הריטבא - שבת,כן,שבת,קב:,פירוש,לא,
2399,חידושי הריטבא - שבת,כן,שבת,קב:,פירוש,לא,
2400,חידושי הריטבא - שבת,כן,שבת,קב:,פירוש,לא,
2401,חידושי הריטבא - שבת,כן,שבת,קב:,פירוש,לא,
2402,חידושי הריטבא - שבת,כן,שבת,קב:,פירוש,לא,
2403,חידושי הריטבא - שבת,כן,שבת,קב:,פירוש,לא,
2404,חידושי הריטבא - שבת,כן,שבת,קב:,פירוש,לא,
2405,חידושי הריטבא - שבת,כן,שבת,קב:,פירוש,לא,
2406,חידושי הריטבא - שבת,כן,שבת,קב:,פירוש,לא,
2407,חידושי הריטבא - שבת,כן,שבת,קב:,פירוש,לא,
2408,חידושי הריטבא - שבת,כן,שבת,קב:,פירוש,לא,
2411,חידושי הריטבא - שבת,כן,שבת,קג.,פירוש,לא,
2412,חידושי הריטבא - שבת,כן,שבת,קג.,פירוש,לא,
2413,חידושי הריטבא - שבת,כן,שבת,קג.,פירוש,לא,
2414,חידושי הריטבא - שבת,כן,שבת,קג.,פירוש,לא,
2415,חידושי הריטבא - שבת,כן,שבת,קג.,פירוש,לא,
2416,חידושי הריטבא - שבת,כן,שבת,קג.,פירוש,לא,
2417,חידושי הריטבא - שבת,כן,שבת,קג.,פירוש,לא,
2418,חידושי הריטבא - שבת,כן,שבת,קג.,פירוש,לא,
2419,חידושי הריטבא - שבת,כן,שבת,קג.,פירוש,לא,
2420,חידושי הריטבא - שבת,כן,שבת,קג.,פירוש,לא,
2421,חידושי הריטבא - שבת,כן,שבת,קג.,פירוש,לא,
2422,חידושי הריטבא - שבת,כן,שבת,קג.,פירוש,לא,
2423,חידושי הריטבא - שבת,כן,שבת,קג.,פירוש,לא,
2424,חידושי הריטבא - שבת,כן,שבת,קג.,פירוש,לא,
2427,חידושי הריטבא - שבת,כן,שבת,קג:,פירוש,לא,
2428,חידושי הריטבא - שבת,כן,שבת,קג:,פירוש,לא,
2429,חידושי הריטבא - שבת,כן,שבת,קג:,פירוש,לא,
2430,חידושי הריטבא - שבת,כן,שבת,קג:,פירוש,לא,
2431,חידושי הריטבא - שבת,כן,שבת,קג:,פירוש,לא,
2432,חידושי הריטבא - שבת,כן,שבת,קג:,פירוש,לא,
2433,חידושי הריטבא - שבת,כן,שבת,קג:,פירוש,לא,
2434,חידושי הריטבא - שבת,כן,שבת,קג:,פירוש,לא,
2435,חידושי הריטבא - שבת,כן,שבת,קג:,פירוש,לא,
2436,חידושי הריטבא - שבת,כן,שבת,קג:,פירוש,לא,
2437,חידושי הריטבא - שבת,כן,שבת,קג:,פירוש,לא,
2438,חידושי הריטבא - שבת,כן,שבת,קג:,פירוש,לא,
2439,חידושי הריטבא - שבת,כן,שבת,קג:,פירוש,לא,
2440,חידושי הריטבא - שבת,כן,שבת,קג:,פירוש,לא,
2441,חידושי הריטבא - שבת,כן,שבת,קג:,פירוש,לא,
2442,חידושי הריטבא - שבת,כן,שבת,קג:,פירוש,לא,
2443,חידושי הריטבא - שבת,כן,שבת,קג:,פירוש,לא,
2444,חידושי הריטבא - שבת,כן,שבת,קג:,פירוש,לא,
2445,חידושי הריטבא - שבת,כן,שבת,קג:,פירוש,לא,
2446,חידושי הריטבא - שבת,כן,שבת,קג:,פירוש,לא,
2447,חידושי הריטבא - שבת,כן,שבת,קג:,פירוש,לא,
2448,חידושי הריטבא - שבת,כן,שבת,קג:,פירוש,לא,
2451,חידושי הריטבא - שבת,כן,שבת,קד.,פירוש,לא,
2452,חידושי הריטבא - שבת,כן,שבת,קד.,פירוש,לא,
2453,חידושי הריטבא - שבת,כן,שבת,קד.,פירוש,לא,
2454,חידושי הריטבא - שבת,כן,שבת,קד.,פירוש,לא,
2455,חידושי הריטבא - שבת,כן,שבת,קד.,פירוש,לא,
2456,חידושי הריטבא - שבת,כן,שבת,קד.,פירוש,לא,
2459,חידושי הריטבא - שבת,כן,שבת,קד:,פירוש,לא,
2460,חידושי הריטבא - שבת,כן,שבת,קד:,פירוש,לא,
2461,חידושי הריטבא - שבת,כן,שבת,קד:,פירוש,לא,
2462,חידושי הריטבא - שבת,כן,שבת,קד:,פירוש,לא,
2463,חידושי הריטבא - שבת,כן,שבת,קד:,פירוש,לא,
2464,חידושי הריטבא - שבת,כן,שבת,קד:,פירוש,לא,
2465,חידושי הריטבא - שבת,כן,שבת,קד:,פירוש,לא,
2466,חידושי הריטבא - שבת,כן,שבת,קד:,פירוש,לא,
2467,חידושי הריטבא - שבת,כן,שבת,קד:,פירוש,לא,
2468,חידושי הריטבא - שבת,כן,שבת,קד:,פירוש,לא,
2469,חידושי הריטבא - שבת,כן,שבת,קד:,פירוש,לא,
2470,חידושי הריטבא - שבת,כן,שבת,קד:,פירוש,לא,
2471,חידושי הריטבא - שבת,כן,שבת,קד:,פירוש,לא,
2472,חידושי הריטבא - שבת,כן,שבת,קד:,פירוש,לא,
2473,חידושי הריטבא - שבת,כן,שבת,קד:,פירוש,לא,
2474,חידושי הריטבא - שבת,כן,שבת,קד:,פירוש,לא,
2475,חידושי הריטבא - שבת,כן,שבת,קד:,פירוש,לא,
2476,חידושי הריטבא - שבת,כן,שבת,קד:,פירוש,לא,
2479,חידושי הריטבא - שבת,כן,שבת,קה.,פירוש,לא,
2480,חידושי הריטבא - שבת,כן,שבת,קה.,פירוש,לא,
2481,חידושי הריטבא - שבת,כן,שבת,קה.,פירוש,לא,
2482,חידושי הריטבא - שבת,כן,שבת,קה.,פירוש,לא,
2485,חידושי הריטבא - שבת,כן,שבת,קה.,פירוש,לא,
2486,חידושי הריטבא - שבת,כן,שבת,קה.,פירוש,לא,
2487,חידושי הריטבא - שבת,כן,שבת,קה.,פירוש,לא,
2488,חידושי הריטבא - שבת,כן,שבת,קה.,פירוש,לא,
2489,חידושי הריטבא - שבת,כן,שבת,קה.,פירוש,לא,
2490,חידושי הריטבא - שבת,כן,שבת,קה.,פירוש,לא,
2491,חידושי הריטבא - שבת,כן,שבת,קה.,פירוש,לא,
2494,חידושי הריטבא - שבת,כן,שבת,קה:,פירוש,לא,
2495,חידושי הריטבא - שבת,כן,שבת,קה:,פירוש,לא,
2496,חידושי הריטבא - שבת,כן,שבת,קה:,פירוש,לא,
2497,חידושי הריטבא - שבת,כן,שבת,קה:,פירוש,לא,
2498,חידושי הריטבא - שבת,כן,שבת,קה:,פירוש,לא,
2499,חידושי הריטבא - שבת,כן,שבת,קה:,פירוש,לא,
2500,חידושי הריטבא - שבת,כן,שבת,קה:,פירוש,לא,
2501,חידושי הריטבא - שבת,כן,שבת,קה:,פירוש,לא,
2502,חידושי הריטבא - שבת,כן,שבת,קה:,פירוש,לא,
2503,חידושי הריטבא - שבת,כן,שבת,קה:,פירוש,לא,
2504,חידושי הריטבא - שבת,כן,שבת,קה:,פירוש,לא,
2505,חידושי הריטבא - שבת,כן,שבת,קה:,פירוש,לא,
2506,חידושי הריטבא - שבת,כן,שבת,קה:,פירוש,לא,
2509,חידושי הריטבא - שבת,כן,שבת,קו.,פירוש,לא,
2510,חידושי הריטבא - שבת,כן,שבת,קו.,פירוש,לא,
2511,חידושי הריטבא - שבת,כן,שבת,קו.,פירוש,לא,
2512,חידושי הריטבא - שבת,כן,שבת,קו.,פירוש,לא,
2513,חידושי הריטבא - שבת,כן,שבת,קו.,פירוש,לא,
2514,חידושי הריטבא - שבת,כן,שבת,קו.,פירוש,לא,
2515,חידושי הריטבא - שבת,כן,שבת,קו.,פירוש,לא,
2516,חידושי הריטבא - שבת,כן,שבת,קו.,פירוש,לא,
2517,חידושי הריטבא - שבת,כן,שבת,קו.,פירוש,לא,
2518,חידושי הריטבא - שבת,כן,שבת,קו.,פירוש,לא,
2519,חידושי הריטבא - שבת,כן,שבת,קו.,פירוש,לא,
2520,חידושי הריטבא - שבת,כן,שבת,קו.,פירוש,לא,
2523,חידושי הריטבא - שבת,כן,שבת,קו:,פירוש,לא,
2524,חידושי הריטבא - שבת,כן,שבת,קו:,פירוש,לא,
2525,חידושי הריטבא - שבת,כן,שבת,קו:,פירוש,לא,
2526,חידושי הריטבא - שבת,כן,שבת,קו:,פירוש,לא,
2527,חידושי הריטבא - שבת,כן,שבת,קו:,פירוש,לא,
2530,חידושי הריטבא - שבת,כן,שבת,קז.,פירוש,לא,
2531,חידושי הריטבא - שבת,כן,שבת,קז.,פירוש,לא,
2532,חידושי הריטבא - שבת,כן,שבת,קז.,פירוש,לא,
2533,חידושי הריטבא - שבת,כן,שבת,קז.,פירוש,לא,
2534,חידושי הריטבא - שבת,כן,שבת,קז.,פירוש,לא,
2535,חידושי הריטבא - שבת,כן,שבת,קז.,פירוש,לא,
2536,חידושי הריטבא - שבת,כן,שבת,קז.,פירוש,לא,
2539,חידושי הריטבא - שבת,כן,שבת,קז.,פירוש,לא,
2540,חידושי הריטבא - שבת,כן,שבת,קז.,פירוש,לא,
2541,חידושי הריטבא - שבת,כן,שבת,קז.,פירוש,לא,
2542,חידושי הריטבא - שבת,כן,שבת,קז.,פירוש,לא,
2543,חידושי הריטבא - שבת,כן,שבת,קז.,פירוש,לא,
2544,חידושי הריטבא - שבת,כן,שבת,קז.,פירוש,לא,
2545,חידושי הריטבא - שבת,כן,שבת,קז.,פירוש,לא,
2548,חידושי הריטבא - שבת,כן,שבת,קז:,פירוש,לא,
2549,חידושי הריטבא - שבת,כן,שבת,קז:,פירוש,לא,
2550,חידושי הריטבא - שבת,כן,שבת,קז:,פירוש,לא,
2551,חידושי הריטבא - שבת,כן,שבת,קז:,פירוש,לא,
2552,חידושי הריטבא - שבת,כן,שבת,קז:,פירוש,לא,
2553,חידושי הריטבא - שבת,כן,שבת,קז:,פירוש,לא,
2554,חידושי הריטבא - שבת,כן,שבת,קז:,פירוש,לא,
2555,חידושי הריטבא - שבת,כן,שבת,קז:,פירוש,לא,
2558,חידושי הריטבא - שבת,כן,שבת,קח.,פירוש,לא,
2559,חידושי הריטבא - שבת,כן,שבת,קח.,פירוש,לא,
2560,חידושי הריטבא - שבת,כן,שבת,קח.,פירוש,לא,
2561,חידושי הריטבא - שבת,כן,שבת,קח.,פירוש,לא,
2562,חידושי הריטבא - שבת,כן,שבת,קח.,פירוש,לא,
2563,חידושי הריטבא - שבת,כן,שבת,קח.,פירוש,לא,
2566,חידושי הריטבא - שבת,כן,שבת,קח:,פירוש,לא,
2567,חידושי הריטבא - שבת,כן,שבת,קח:,פירוש,לא,
2568,חידושי הריטבא - שבת,כן,שבת,קח:,פירוש,לא,
2569,חידושי הריטבא - שבת,כן,שבת,קח:,פירוש,לא,
2570,חידושי הריטבא - שבת,כן,שבת,קח:,פירוש,לא,
2571,חידושי הריטבא - שבת,כן,שבת,קח:,פירוש,לא,
2572,חידושי הריטבא - שבת,כן,שבת,קח:,פירוש,לא,
2575,חידושי הריטבא - שבת,כן,שבת,קט.,פירוש,לא,
2576,חידושי הריטבא - שבת,כן,שבת,קט.,פירוש,לא,
2577,חידושי הריטבא - שבת,כן,שבת,קט.,פירוש,לא,
2580,חידושי הריטבא - שבת,כן,שבת,קט:,פירוש,לא,
2581,חידושי הריטבא - שבת,כן,שבת,קט:,פירוש,לא,
2582,חידושי הריטבא - שבת,כן,שבת,קט:,פירוש,לא,
2585,חידושי הריטבא - שבת,כן,שבת,קי:,פירוש,לא,
2586,חידושי הריטבא - שבת,כן,שבת,קי:,פירוש,לא,
2587,חידושי הריטבא - שבת,כן,שבת,קי:,פירוש,לא,
2588,חידושי הריטבא - שבת,כן,שבת,קי:,פירוש,לא,
2589,חידושי הריטבא - שבת,כן,שבת,קי:,פירוש,לא,
2592,חידושי הריטבא - שבת,כן,שבת,קיא.,פירוש,לא,
2593,חידושי הריטבא - שבת,כן,שבת,קיא.,פירוש,לא,
2594,חידושי הריטבא - שבת,כן,שבת,קיא.,פירוש,לא,
2595,חידושי הריטבא - שבת,כן,שבת,קיא.,פירוש,לא,
2596,חידושי הריטבא - שבת,כן,שבת,קיא.,פירוש,לא,
2597,חידושי הריטבא - שבת,כן,שבת,קיא.,פירוש,לא,
2598,חידושי הריטבא - שבת,כן,שבת,קיא.,פירוש,לא,
2599,חידושי הריטבא - שבת,כן,שבת,קיא.,פירוש,לא,
2600,חידושי הריטבא - שבת,כן,שבת,קיא.,פירוש,לא,
2601,חידושי הריטבא - שבת,כן,שבת,קיא.,פירוש,לא,
2602,חידושי הריטבא - שבת,כן,שבת,קיא.,פירוש,לא,
2603,חידושי הריטבא - שבת,כן,שבת,קיא.,פירוש,לא,
2608,חידושי הריטבא - שבת,כן,שבת,קיא:,פירוש,לא,
2609,חידושי הריטבא - שבת,כן,שבת,קיא:,פירוש,לא,
2610,חידושי הריטבא - שבת,כן,שבת,קיא:,פירוש,לא,
2611,חידושי הריטבא - שבת,כן,שבת,קיא:,פירוש,לא,
2612,חידושי הריטבא - שבת,כן,שבת,קיא:,פירוש,לא,
2615,חידושי הריטבא - שבת,כן,שבת,קיב.,פירוש,לא,
2616,חידושי הריטבא - שבת,כן,שבת,קיב.,פירוש,לא,
2617,חידושי הריטבא - שבת,כן,שבת,קיב.,פירוש,לא,
2618,חידושי הריטבא - שבת,כן,שבת,קיב.,פירוש,לא,
2619,חידושי הריטבא - שבת,כן,שבת,קיב.,פירוש,לא,
2620,חידושי הריטבא - שבת,כן,שבת,קיב.,פירוש,לא,
2621,חידושי הריטבא - שבת,כן,שבת,קיב.,פירוש,לא,
2622,חידושי הריטבא - שבת,כן,שבת,קיב.,פירוש,לא,
2623,חידושי הריטבא - שבת,כן,שבת,קיב.,פירוש,לא,
2624,חידושי הריטבא - שבת,כן,שבת,קיב.,פירוש,לא,
2625,חידושי הריטבא - שבת,כן,שבת,קיב.,פירוש,לא,
2626,חידושי הריטבא - שבת,כן,שבת,קיב.,פירוש,לא,
2629,חידושי הריטבא - שבת,כן,שבת,קיב:,פירוש,לא,
2630,חידושי הריטבא - שבת,כן,שבת,קיב:,פירוש,לא,
2631,חידושי הריטבא - שבת,כן,שבת,קיב:,פירוש,לא,
2632,חידושי הריטבא - שבת,כן,שבת,קיב:,פירוש,לא,
2633,חידושי הריטבא - שבת,כן,שבת,קיב:,פירוש,לא,
2634,חידושי הריטבא - שבת,כן,שבת,קיב:,פירוש,לא,
2635,חידושי הריטבא - שבת,כן,שבת,קיב:,פירוש,לא,
2636,חידושי הריטבא - שבת,כן,שבת,קיב:,פירוש,לא,
2637,חידושי הריטבא - שבת,כן,שבת,קיב:,פירוש,לא,
2640,חידושי הריטבא - שבת,כן,שבת,קיג.,פירוש,לא,
2641,חידושי הריטבא - שבת,כן,שבת,קיג.,פירוש,לא,
2642,חידושי הריטבא - שבת,כן,שבת,קיג.,פירוש,לא,
2643,חידושי הריטבא - שבת,כן,שבת,קיג.,פירוש,לא,
2644,חידושי הריטבא - שבת,כן,שבת,קיג.,פירוש,לא,
2645,חידושי הריטבא - שבת,כן,שבת,קיג.,פירוש,לא,
2646,חידושי הריטבא - שבת,כן,שבת,קיג.,פירוש,לא,
2647,חידושי הריטבא - שבת,כן,שבת,קיג.,פירוש,לא,
2648,חידושי הריטבא - שבת,כן,שבת,קיג.,פירוש,לא,
2651,חידושי הריטבא - שבת,כן,שבת,קיג:,פירוש,לא,
2652,חידושי הריטבא - שבת,כן,שבת,קיג:,פירוש,לא,
2653,חידושי הריטבא - שבת,כן,שבת,קיג:,פירוש,לא,
2654,חידושי הריטבא - שבת,כן,שבת,קיג:,פירוש,לא,
2657,חידושי הריטבא - שבת,כן,שבת,קיד.,פירוש,לא,
2658,חידושי הריטבא - שבת,כן,שבת,קיד.,פירוש,לא,
2659,חידושי הריטבא - שבת,כן,שבת,קיד.,פירוש,לא,
2660,חידושי הריטבא - שבת,כן,שבת,קיד.,פירוש,לא,
2661,חידושי הריטבא - שבת,כן,שבת,קיד.,פירוש,לא,
2662,חידושי הריטבא - שבת,כן,שבת,קיד.,פירוש,לא,
2665,חידושי הריטבא - שבת,כן,שבת,קיד:,פירוש,לא,
2666,חידושי הריטבא - שבת,כן,שבת,קיד:,פירוש,לא,
2667,חידושי הריטבא - שבת,כן,שבת,קיד:,פירוש,לא,
2668,חידושי הריטבא - שבת,כן,שבת,קיד:,פירוש,לא,
2669,חידושי הריטבא - שבת,כן,שבת,קיד:,פירוש,לא,
2670,חידושי הריטבא - שבת,כן,שבת,קיד:,פירוש,לא,
2671,חידושי הריטבא - שבת,כן,שבת,קיד:,פירוש,לא,
2672,חידושי הריטבא - שבת,כן,שבת,קיד:,פירוש,לא,
2673,חידושי הריטבא - שבת,כן,שבת,קיד:,פירוש,לא,
2676,חידושי הריטבא - שבת,כן,שבת,קטו.,פירוש,לא,
2677,חידושי הריטבא - שבת,כן,שבת,קטו.,פירוש,לא,
2680,חידושי הריטבא - שבת,כן,שבת,קטו.,פירוש,לא,
2681,חידושי הריטבא - שבת,כן,שבת,קטו.,פירוש,לא,
2682,חידושי הריטבא - שבת,כן,שבת,קטו.,פירוש,לא,
2683,חידושי הריטבא - שבת,כן,שבת,קטו.,פירוש,לא,
2684,חידושי הריטבא - שבת,כן,שבת,קטו.,פירוש,לא,
2685,חידושי הריטבא - שבת,כן,שבת,קטו.,פירוש,לא,
2686,חידושי הריטבא - שבת,כן,שבת,קטו.,פירוש,לא,
2687,חידושי הריטבא - שבת,כן,שבת,קטו.,פירוש,לא,
2688,חידושי הריטבא - שבת,כן,שבת,קטו.,פירוש,לא,
2689,חידושי הריטבא - שבת,כן,שבת,קטו.,פירוש,לא,
2690,חידושי הריטבא - שבת,כן,שבת,קטו.,פירוש,לא,
2693,חידושי הריטבא - שבת,כן,שבת,קטו:,פירוש,לא,
2694,חידושי הריטבא - שבת,כן,שבת,קטו:,פירוש,לא,
2695,חידושי הריטבא - שבת,כן,שבת,קטו:,פירוש,לא,
2696,חידושי הריטבא - שבת,כן,שבת,קטו:,פירוש,לא,
2697,חידושי הריטבא - שבת,כן,שבת,קטו:,פירוש,לא,
2698,חידושי הריטבא - שבת,כן,שבת,קטו:,פירוש,לא,
2699,חידושי הריטבא - שבת,כן,שבת,קטו:,פירוש,לא,
2700,חידושי הריטבא - שבת,כן,שבת,קטו:,פירוש,לא,
2701,חידושי הריטבא - שבת,כן,שבת,קטו:,פירוש,לא,
2704,חידושי הריטבא - שבת,כן,שבת,קטז.,פירוש,לא,
2705,חידושי הריטבא - שבת,כן,שבת,קטז.,פירוש,לא,
2706,חידושי הריטבא - שבת,כן,שבת,קטז.,פירוש,לא,
2707,חידושי הריטבא - שבת,כן,שבת,קטז.,פירוש,לא,
2708,חידושי הריטבא - שבת,כן,שבת,קטז.,פירוש,לא,
2709,חידושי הריטבא - שבת,כן,שבת,קטז.,פירוש,לא,
2712,חידושי הריטבא - שבת,כן,שבת,קטז:,פירוש,לא,
2713,חידושי הריטבא - שבת,כן,שבת,קטז:,פירוש,לא,
2714,חידושי הריטבא - שבת,כן,שבת,קטז:,פירוש,לא,
2715,חידושי הריטבא - שבת,כן,שבת,קטז:,פירוש,לא,
2716,חידושי הריטבא - שבת,כן,שבת,קטז:,פירוש,לא,
2717,חידושי הריטבא - שבת,כן,שבת,קטז:,פירוש,לא,
2718,חידושי הריטבא - שבת,כן,שבת,קטז:,פירוש,לא,
2719,חידושי הריטבא - שבת,כן,שבת,קטז:,פירוש,לא,
2720,חידושי הריטבא - שבת,כן,שבת,קטז:,פירוש,לא,
2721,חידושי הריטבא - שבת,כן,שבת,קטז:,פירוש,לא,
2722,חידושי הריטבא - שבת,כן,שבת,קטז:,פירוש,לא,
2725,חידושי הריטבא - שבת,כן,שבת,קיז.,פירוש,לא,
2726,חידושי הריטבא - שבת,כן,שבת,קיז.,פירוש,לא,
2727,חידושי הריטבא - שבת,כן,שבת,קיז.,פירוש,לא,
2728,חידושי הריטבא - שבת,כן,שבת,קיז.,פירוש,לא,
2729,חידושי הריטבא - שבת,כן,שבת,קיז.,פירוש,לא,
2730,חידושי הריטבא - שבת,כן,שבת,קיז.,פירוש,לא,
2731,חידושי הריטבא - שבת,כן,שבת,קיז.,פירוש,לא,
2732,חידושי הריטבא - שבת,כן,שבת,קיז.,פירוש,לא,
2733,חידושי הריטבא - שבת,כן,שבת,קיז.,פירוש,לא,
2734,חידושי הריטבא - שבת,כן,שבת,קיז.,פירוש,לא,
2735,חידושי הריטבא - שבת,כן,שבת,קיז.,פירוש,לא,
2736,חידושי הריטבא - שבת,כן,שבת,קיז.,פירוש,לא,
2737,חידושי הריטבא - שבת,כן,שבת,קיז.,פירוש,לא,
2738,חידושי הריטבא - שבת,כן,שבת,קיז.,פירוש,לא,
2739,חידושי הריטבא - שבת,כן,שבת,קיז.,פירוש,לא,
2740,חידושי הריטבא - שבת,כן,שבת,קיז.,פירוש,לא,
2743,חידושי הריטבא - שבת,כן,שבת,קיז:,פירוש,לא,
2744,חידושי הריטבא - שבת,כן,שבת,קיז:,פירוש,לא,
2745,חידושי הריטבא - שבת,כן,שבת,קיז:,פירוש,לא,
2746,חידושי הריטבא - שבת,כן,שבת,קיז:,פירוש,לא,
2747,חידושי הריטבא - שבת,כן,שבת,קיז:,פירוש,לא,
2748,חידושי הריטבא - שבת,כן,שבת,קיז:,פירוש,לא,
2749,חידושי הריטבא - שבת,כן,שבת,קיז:,פירוש,לא,
2750,חידושי הריטבא - שבת,כן,שבת,קיז:,פירוש,לא,
2751,חידושי הריטבא - שבת,כן,שבת,קיז:,פירוש,לא,
2752,חידושי הריטבא - שבת,כן,שבת,קיז:,פירוש,לא,
2753,חידושי הריטבא - שבת,כן,שבת,קיז:,פירוש,לא,
2754,חידושי הריטבא - שבת,כן,שבת,קיז:,פירוש,לא,
2755,חידושי הריטבא - שבת,כן,שבת,קיז:,פירוש,לא,
2756,חידושי הריטבא - שבת,כן,שבת,קיז:,פירוש,לא,
2757,חידושי הריטבא - שבת,כן,שבת,קיז:,פירוש,לא,
2758,חידושי הריטבא - שבת,כן,שבת,קיז:,פירוש,לא,
2759,חידושי הריטבא - שבת,כן,שבת,קיז:,פירוש,לא,
2760,חידושי הריטבא - שבת,כן,שבת,קיז:,פירוש,לא,
2761,חידושי הריטבא - שבת,כן,שבת,קיז:,פירוש,לא,
2762,חידושי הריטבא - שבת,כן,שבת,קיז:,פירוש,לא,
2763,חידושי הריטבא - שבת,כן,שבת,קיז:,פירוש,לא,
2764,חידושי הריטבא - שבת,כן,שבת,קיז:,פירוש,לא,
2765,חידושי הריטבא - שבת,כן,שבת,קיז:,פירוש,לא,
2766,חידושי הריטבא - שבת,כן,שבת,קיז:,פירוש,לא,
2769,חידושי הריטבא - שבת,כן,שבת,קיח.,פירוש,לא,
2770,חידושי הריטבא - שבת,כן,שבת,קיח.,פירוש,לא,
2771,חידושי הריטבא - שבת,כן,שבת,קיח.,פירוש,לא,
2772,חידושי הריטבא - שבת,כן,שבת,קיח.,פירוש,לא,
2775,חידושי הריטבא - שבת,כן,שבת,קיח:,פירוש,לא,
2776,חידושי הריטבא - שבת,כן,שבת,קיח:,פירוש,לא,
2777,חידושי הריטבא - שבת,כן,שבת,קיח:,פירוש,לא,
2778,חידושי הריטבא - שבת,כן,שבת,קיח:,פירוש,לא,
2779,חידושי הריטבא - שבת,כן,שבת,קיח:,פירוש,לא,
2780,חידושי הריטבא - שבת,כן,שבת,קיח:,פירוש,לא,
2783,חידושי הריטבא - שבת,כן,שבת,קיט:,פירוש,לא,
2784,חידושי הריטבא - שבת,כן,שבת,קיט:,פירוש,לא,
2785,חידושי הריטבא - שבת,כן,שבת,קיט:,פירוש,לא,
2786,חידושי הריטבא - שבת,כן,שבת,קיט:,פירוש,לא,
2787,חידושי הריטבא - שבת,כן,שבת,קיט:,פירוש,לא,
2788,חידושי הריטבא - שבת,כן,שבת,קיט:,פירוש,לא,
2791,חידושי הריטבא - שבת,כן,שבת,קכ.,פירוש,לא,
2792,חידושי הריטבא - שבת,כן,שבת,קכ.,פירוש,לא,
2793,חידושי הריטבא - שבת,כן,שבת,קכ.,פירוש,לא,
2794,חידושי הריטבא - שבת,כן,שבת,קכ.,פירוש,לא,
2795,חידושי הריטבא - שבת,כן,שבת,קכ.,פירוש,לא,
2796,חידושי הריטבא - שבת,כן,שבת,קכ.,פירוש,לא,
2797,חידושי הריטבא - שבת,כן,שבת,קכ.,פירוש,לא,
2798,חידושי הריטבא - שבת,כן,שבת,קכ.,פירוש,לא,
2799,חידושי הריטבא - שבת,כן,שבת,קכ.,פירוש,לא,
2800,חידושי הריטבא - שבת,כן,שבת,קכ.,פירוש,לא,
2801,חידושי הריטבא - שבת,כן,שבת,קכ.,פירוש,לא,
2802,חידושי הריטבא - שבת,כן,שבת,קכ.,פירוש,לא,
2803,חידושי הריטבא - שבת,כן,שבת,קכ.,פירוש,לא,
2804,חידושי הריטבא - שבת,כן,שבת,קכ.,פירוש,לא,
2805,חידושי הריטבא - שבת,כן,שבת,קכ.,פירוש,לא,
2806,חידושי הריטבא - שבת,כן,שבת,קכ.,פירוש,לא,
2807,חידושי הריטבא - שבת,כן,שבת,קכ.,פירוש,לא,
2808,חידושי הריטבא - שבת,כן,שבת,קכ.,פירוש,לא,
2809,חידושי הריטבא - שבת,כן,שבת,קכ.,פירוש,לא,
2812,חידושי הריטבא - שבת,כן,שבת,קכ:,פירוש,לא,
2813,חידושי הריטבא - שבת,כן,שבת,קכ:,פירוש,לא,
2814,חידושי הריטבא - שבת,כן,שבת,קכ:,פירוש,לא,
2815,חידושי הריטבא - שבת,כן,שבת,קכ:,פירוש,לא,
2816,חידושי הריטבא - שבת,כן,שבת,קכ:,פירוש,לא,
2817,חידושי הריטבא - שבת,כן,שבת,קכ:,פירוש,לא,
2818,חידושי הריטבא - שבת,כן,שבת,קכ:,פירוש,לא,
2819,חידושי הריטבא - שבת,כן,שבת,קכ:,פירוש,לא,
2820,חידושי הריטבא - שבת,כן,שבת,קכ:,פירוש,לא,
2821,חידושי הריטבא - שבת,כן,שבת,קכ:,פירוש,לא,
2822,חידושי הריטבא - שבת,כן,שבת,קכ:,פירוש,לא,
2823,חידושי הריטבא - שבת,כן,שבת,קכ:,פירוש,לא,
2824,חידושי הריטבא - שבת,כן,שבת,קכ:,פירוש,לא,
2825,חידושי הריטבא - שבת,כן,שבת,קכ:,פירוש,לא,
2826,חידושי הריטבא - שבת,כן,שבת,קכ:,פירוש,לא,
2827,חידושי הריטבא - שבת,כן,שבת,קכ:,פירוש,לא,
2828,חידושי הריטבא - שבת,כן,שבת,קכ:,פירוש,לא,
2829,חידושי הריטבא - שבת,כן,שבת,קכ:,פירוש,לא,
2832,חידושי הריטבא - שבת,כן,שבת,קכא.,פירוש,לא,
2833,חידושי הריטבא - שבת,כן,שבת,קכא.,פירוש,לא,
2834,חידושי הריטבא - שבת,כן,שבת,קכא.,פירוש,לא,
2835,חידושי הריטבא - שבת,כן,שבת,קכא.,פירוש,לא,
2836,חידושי הריטבא - שבת,כן,שבת,קכא.,פירוש,לא,
2837,חידושי הריטבא - שבת,כן,שבת,קכא.,פירוש,לא,
2838,חידושי הריטבא - שבת,כן,שבת,קכא.,פירוש,לא,
2839,חידושי הריטבא - שבת,כן,שבת,קכא.,פירוש,לא,
2840,חידושי הריטבא - שבת,כן,שבת,קכא.,פירוש,לא,
2841,חידושי הריטבא - שבת,כן,שבת,קכא.,פירוש,לא,
2844,חידושי הריטבא - שבת,כן,שבת,קכא:,פירוש,לא,
2845,חידושי הריטבא - שבת,כן,שבת,קכא:,פירוש,לא,
2846,חידושי הריטבא - שבת,כן,שבת,קכא:,פירוש,לא,
2847,חידושי הריטבא - שבת,כן,שבת,קכא:,פירוש,לא,
2848,חידושי הריטבא - שבת,כן,שבת,קכא:,פירוש,לא,
2849,חידושי הריטבא - שבת,כן,שבת,קכא:,פירוש,לא,
2850,חידושי הריטבא - שבת,כן,שבת,קכא:,פירוש,לא,
2851,חידושי הריטבא - שבת,כן,שבת,קכא:,פירוש,לא,
2852,חידושי הריטבא - שבת,כן,שבת,קכא:,פירוש,לא,
2853,חידושי הריטבא - שבת,כן,שבת,קכא:,פירוש,לא,
2856,חידושי הריטבא - שבת,כן,שבת,קכב.,פירוש,לא,
2857,חידושי הריטבא - שבת,כן,שבת,קכב.,פירוש,לא,
2858,חידושי הריטבא - שבת,כן,שבת,קכב.,פירוש,לא,
2859,חידושי הריטבא - שבת,כן,שבת,קכב.,פירוש,לא,
2860,חידושי הריטבא - שבת,כן,שבת,קכב.,פירוש,לא,
2861,חידושי הריטבא - שבת,כן,שבת,קכב.,פירוש,לא,
2862,חידושי הריטבא - שבת,כן,שבת,קכב.,פירוש,לא,
2863,חידושי הריטבא - שבת,כן,שבת,קכב.,פירוש,לא,
2864,חידושי הריטבא - שבת,כן,שבת,קכב.,פירוש,לא,
2865,חידושי הריטבא - שבת,כן,שבת,קכב.,פירוש,לא,
2866,חידושי הריטבא - שבת,כן,שבת,קכב.,פירוש,לא,
2867,חידושי הריטבא - שבת,כן,שבת,קכב.,פירוש,לא,
2868,חידושי הריטבא - שבת,כן,שבת,קכב.,פירוש,לא,
2869,חידושי הריטבא - שבת,כן,שבת,קכב.,פירוש,לא,
2870,חידושי הריטבא - שבת,כן,שבת,קכב.,פירוש,לא,
2871,חידושי הריטבא - שבת,כן,שבת,קכב.,פירוש,לא,
2872,חידושי הריטבא - שבת,כן,שבת,קכב.,פירוש,לא,
2873,חידושי הריטבא - שבת,כן,שבת,קכב.,פירוש,לא,
2874,חידושי הריטבא - שבת,כן,שבת,קכב.,פירוש,לא,
2877,חידושי הריטבא - שבת,כן,שבת,קכב:,פירוש,לא,
2878,חידושי הריטבא - שבת,כן,שבת,קכב:,פירוש,לא,
2879,חידושי הריטבא - שבת,כן,שבת,קכב:,פירוש,לא,
2882,חידושי הריטבא - שבת,כן,שבת,קכב:,פירוש,לא,
2883,חידושי הריטבא - שבת,כן,שבת,קכב:,פירוש,לא,
2884,חידושי הריטבא - שבת,כן,שבת,קכב:,פירוש,לא,
2885,חידושי הריטבא - שבת,כן,שבת,קכב:,פירוש,לא,
2886,חידושי הריטבא - שבת,כן,שבת,קכב:,פירוש,לא,
2887,חידושי הריטבא - שבת,כן,שבת,קכב:,פירוש,לא,
2888,חידושי הריטבא - שבת,כן,שבת,קכב:,פירוש,לא,
2889,חידושי הריטבא - שבת,כן,שבת,קכב:,פירוש,לא,
2890,חידושי הריטבא - שבת,כן,שבת,קכב:,פירוש,לא,
2891,חידושי הריטבא - שבת,כן,שבת,קכב:,פירוש,לא,
2892,חידושי הריטבא - שבת,כן,שבת,קכב:,פירוש,לא,
2893,חידושי הריטבא - שבת,כן,שבת,קכב:,פירוש,לא,
2894,חידושי הריטבא - שבת,כן,שבת,קכב:,פירוש,לא,
2897,חידושי הריטבא - שבת,כן,שבת,קכג.,פירוש,לא,
2898,חידושי הריטבא - שבת,כן,שבת,קכג.,פירוש,לא,
2899,חידושי הריטבא - שבת,כן,שבת,קכג.,פירוש,לא,
2900,חידושי הריטבא - שבת,כן,שבת,קכג.,פירוש,לא,
2901,חידושי הריטבא - שבת,כן,שבת,קכג.,פירוש,לא,
2902,חידושי הריטבא - שבת,כן,שבת,קכג.,פירוש,לא,
2903,חידושי הריטבא - שבת,כן,שבת,קכג.,פירוש,לא,
2904,חידושי הריטבא - שבת,כן,שבת,קכג.,פירוש,לא,
2905,חידושי הריטבא - שבת,כן,שבת,קכג.,פירוש,לא,
2906,חידושי הריטבא - שבת,כן,שבת,קכג.,פירוש,לא,
2907,חידושי הריטבא - שבת,כן,שבת,קכג.,פירוש,לא,
2908,חידושי הריטבא - שבת,כן,שבת,קכג.,פירוש,לא,
2909,חידושי הריטבא - שבת,כן,שבת,קכג.,פירוש,לא,
2910,חידושי הריטבא - שבת,כן,שבת,קכג.,פירוש,לא,
2911,חידושי הריטבא - שבת,כן,שבת,קכג.,פירוש,לא,
2912,חידושי הריטבא - שבת,כן,שבת,קכג.,פירוש,לא,
2913,חידושי הריטבא - שבת,כן,שבת,קכג.,פירוש,לא,
2914,חידושי הריטבא - שבת,כן,שבת,קכג.,פירוש,לא,
2917,חידושי הריטבא - שבת,כן,שבת,קכג:,פירוש,לא,
2918,חידושי הריטבא - שבת,כן,שבת,קכג:,פירוש,לא,
2919,חידושי הריטבא - שבת,כן,שבת,קכג:,פירוש,לא,
2920,חידושי הריטבא - שבת,כן,שבת,קכג:,פירוש,לא,
2921,חידושי הריטבא - שבת,כן,שבת,קכג:,פירוש,לא,
2922,חידושי הריטבא - שבת,כן,שבת,קכג:,פירוש,לא,
2923,חידושי הריטבא - שבת,כן,שבת,קכג:,פירוש,לא,
2924,חידושי הריטבא - שבת,כן,שבת,קכג:,פירוש,לא,
2925,חידושי הריטבא - שבת,כן,שבת,קכג:,פירוש,לא,
2926,חידושי הריטבא - שבת,כן,שבת,קכג:,פירוש,לא,
2927,חידושי הריטבא - שבת,כן,שבת,קכג:,פירוש,לא,
2928,חידושי הריטבא - שבת,כן,שבת,קכג:,פירוש,לא,
2929,חידושי הריטבא - שבת,כן,שבת,קכג:,פירוש,לא,
2930,חידושי הריטבא - שבת,כן,שבת,קכג:,פירוש,לא,
2931,חידושי הריטבא - שבת,כן,שבת,קכג:,פירוש,לא,
2932,חידושי הריטבא - שבת,כן,שבת,קכג:,פירוש,לא,
2935,חידושי הריטבא - שבת,כן,שבת,קכד.,פירוש,לא,
2936,חידושי הריטבא - שבת,כן,שבת,קכד.,פירוש,לא,
2937,חידושי הריטבא - שבת,כן,שבת,קכד.,פירוש,לא,
2938,חידושי הריטבא - שבת,כן,שבת,קכד.,פירוש,לא,
2939,חידושי הריטבא - שבת,כן,שבת,קכד.,פירוש,לא,
2940,חידושי הריטבא - שבת,כן,שבת,קכד.,פירוש,לא,
2941,חידושי הריטבא - שבת,כן,שבת,קכד.,פירוש,לא,
2942,חידושי הריטבא - שבת,כן,שבת,קכד.,פירוש,לא,
2943,חידושי הריטבא - שבת,כן,שבת,קכד.,פירוש,לא,
2944,חידושי הריטבא - שבת,כן,שבת,קכד.,פירוש,לא,
2945,חידושי הריטבא - שבת,כן,שבת,קכד.,פירוש,לא,
2946,חידושי הריטבא - שבת,כן,שבת,קכד.,פירוש,לא,
2947,חידושי הריטבא - שבת,כן,שבת,קכד.,פירוש,לא,
2948,חידושי הריטבא - שבת,כן,שבת,קכד.,פירוש,לא,
2949,חידושי הריטבא - שבת,כן,שבת,קכד.,פירוש,לא,
2952,חידושי הריטבא - שבת,כן,שבת,קכד:,פירוש,לא,
2953,חידושי הריטבא - שבת,כן,שבת,קכד:,פירוש,לא,
2954,חידושי הריטבא - שבת,כן,שבת,קכד:,פירוש,לא,
2955,חידושי הריטבא - שבת,כן,שבת,קכד:,פירוש,לא,
2956,חידושי הריטבא - שבת,כן,שבת,קכד:,פירוש,לא,
2957,חידושי הריטבא - שבת,כן,שבת,קכד:,פירוש,לא,
2958,חידושי הריטבא - שבת,כן,שבת,קכד:,פירוש,לא,
2959,חידושי הריטבא - שבת,כן,שבת,קכד:,פירוש,לא,
2960,חידושי הריטבא - שבת,כן,שבת,קכד:,פירוש,לא,
2961,חידושי הריטבא - שבת,כן,שבת,קכד:,פירוש,לא,
2962,חידושי הריטבא - שבת,כן,שבת,קכד:,פירוש,לא,
2963,חידושי הריטבא - שבת,כן,שבת,קכד:,פירוש,לא,
2964,חידושי הריטבא - שבת,כן,שבת,קכד:,פירוש,לא,
2965,חידושי הריטבא - שבת,כן,שבת,קכד:,פירוש,לא,
2966,חידושי הריטבא - שבת,כן,שבת,קכד:,פירוש,לא,
2967,חידושי הריטבא - שבת,כן,שבת,קכד:,פירוש,לא,
2968,חידושי הריטבא - שבת,כן,שבת,קכד:,פירוש,לא,
2969,חידושי הריטבא - שבת,כן,שבת,קכד:,פירוש,לא,
2970,חידושי הריטבא - שבת,כן,שבת,קכד:,פירוש,לא,
2971,חידושי הריטבא - שבת,כן,שבת,קכד:,פירוש,לא,
2972,חידושי הריטבא - שבת,כן,שבת,קכד:,פירוש,לא,
2973,חידושי הריטבא - שבת,כן,שבת,קכד:,פירוש,לא,
2974,חידושי הריטבא - שבת,כן,שבת,קכד:,פירוש,לא,
2975,חידושי הריטבא - שבת,כן,שבת,קכד:,פירוש,לא,
2976,חידושי הריטבא - שבת,כן,שבת,קכד:,פירוש,לא,
2977,חידושי הריטבא - שבת,כן,שבת,קכד:,פירוש,לא,
2980,חידושי הריטבא - שבת,כן,שבת,קכה.,פירוש,לא,
2981,חידושי הריטבא - שבת,כן,שבת,קכה.,פירוש,לא,
2982,חידושי הריטבא - שבת,כן,שבת,קכה.,פירוש,לא,
2983,חידושי הריטבא - שבת,כן,שבת,קכה.,פירוש,לא,
2984,חידושי הריטבא - שבת,כן,שבת,קכה.,פירוש,לא,
2985,חידושי הריטבא - שבת,כן,שבת,קכה.,פירוש,לא,
2986,חידושי הריטבא - שבת,כן,שבת,קכה.,פירוש,לא,
2987,חידושי הריטבא - שבת,כן,שבת,קכה.,פירוש,לא,
2988,חידושי הריטבא - שבת,כן,שבת,קכה.,פירוש,לא,
2991,חידושי הריטבא - שבת,כן,שבת,קכה:,פירוש,לא,
2992,חידושי הריטבא - שבת,כן,שבת,קכה:,פירוש,לא,
2993,חידושי הריטבא - שבת,כן,שבת,קכה:,פירוש,לא,
2994,חידושי הריטבא - שבת,כן,שבת,קכה:,פירוש,לא,
2995,חידושי הריטבא - שבת,כן,שבת,קכה:,פירוש,לא,
2996,חידושי הריטבא - שבת,כן,שבת,קכה:,פירוש,לא,
2997,חידושי הריטבא - שבת,כן,שבת,קכה:,פירוש,לא,
2998,חידושי הריטבא - שבת,כן,שבת,קכה:,פירוש,לא,
2999,חידושי הריטבא - שבת,כן,שבת,קכה:,פירוש,לא,
3000,חידושי הריטבא - שבת,כן,שבת,קכה:,פירוש,לא,
3001,חידושי הריטבא - שבת,כן,שבת,קכה:,פירוש,לא,
3002,חידושי הריטבא - שבת,כן,שבת,קכה:,פירוש,לא,
3003,חידושי הריטבא - שבת,כן,שבת,קכה:,פירוש,לא,
3004,חידושי הריטבא - שבת,כן,שבת,קכה:,פירוש,לא,
3005,חידושי הריטבא - שבת,כן,שבת,קכה:,פירוש,לא,
3006,חידושי הריטבא - שבת,כן,שבת,קכה:,פירוש,לא,
3007,חידושי הריטבא - שבת,כן,שבת,קכה:,פירוש,לא,
3008,חידושי הריטבא - שבת,כן,שבת,קכה:,פירוש,לא,
3009,חידושי הריטבא - שבת,כן,שבת,קכה:,פירוש,לא,
3010,חידושי הריטבא - שבת,כן,שבת,קכה:,פירוש,לא,
3011,חידושי הריטבא - שבת,כן,שבת,קכה:,פירוש,לא,
3014,חידושי הריטבא - שבת,כן,שבת,קכו.,פירוש,לא,
3015,חידושי הריטבא - שבת,כן,שבת,קכו.,פירוש,לא,
3016,חידושי הריטבא - שבת,כן,שבת,קכו.,פירוש,לא,
3017,חידושי הריטבא - שבת,כן,שבת,קכו.,פירוש,לא,
3020,חידושי הריטבא - שבת,כן,שבת,קכו:,פירוש,לא,
3021,חידושי הריטבא - שבת,כן,שבת,קכו:,פירוש,לא,
3022,חידושי הריטבא - שבת,כן,שבת,קכו:,פירוש,לא,
3023,חידושי הריטבא - שבת,כן,שבת,קכו:,פירוש,לא,
3024,חידושי הריטבא - שבת,כן,שבת,קכו:,פירוש,לא,
3025,חידושי הריטבא - שבת,כן,שבת,קכו:,פירוש,לא,
3026,חידושי הריטבא - שבת,כן,שבת,קכו:,פירוש,לא,
3029,חידושי הריטבא - שבת,כן,שבת,קכו:,פירוש,לא,
3030,חידושי הריטבא - שבת,כן,שבת,קכו:,פירוש,לא,
3031,חידושי הריטבא - שבת,כן,שבת,קכו:,פירוש,לא,
3032,חידושי הריטבא - שבת,כן,שבת,קכו:,פירוש,לא,
3033,חידושי הריטבא - שבת,כן,שבת,קכו:,פירוש,לא,
3034,חידושי הריטבא - שבת,כן,שבת,קכו:,פירוש,לא,
3035,חידושי הריטבא - שבת,כן,שבת,קכו:,פירוש,לא,
3036,חידושי הריטבא - שבת,כן,שבת,קכו:,פירוש,לא,
3037,חידושי הריטבא - שבת,כן,שבת,קכו:,פירוש,לא,
3038,חידושי הריטבא - שבת,כן,שבת,קכו:,פירוש,לא,
3039,חידושי הריטבא - שבת,כן,שבת,קכו:,פירוש,לא,
3040,חידושי הריטבא - שבת,כן,שבת,קכו:,פירוש,לא,
3041,חידושי הריטבא - שבת,כן,שבת,קכו:,פירוש,לא,
3042,חידושי הריטבא - שבת,כן,שבת,קכו:,פירוש,לא,
3043,חידושי הריטבא - שבת,כן,שבת,קכו:,פירוש,לא,
3046,חידושי הריטבא - שבת,כן,שבת,קכז.,פירוש,לא,
3047,חידושי הריטבא - שבת,כן,שבת,קכז.,פירוש,לא,
3048,חידושי הריטבא - שבת,כן,שבת,קכז.,פירוש,לא,
3049,חידושי הריטבא - שבת,כן,שבת,קכז.,פירוש,לא,
3050,חידושי הריטבא - שבת,כן,שבת,קכז.,פירוש,לא,
3051,חידושי הריטבא - שבת,כן,שבת,קכז.,פירוש,לא,
3052,חידושי הריטבא - שבת,כן,שבת,קכז.,פירוש,לא,
3053,חידושי הריטבא - שבת,כן,שבת,קכז.,פירוש,לא,
3054,חידושי הריטבא - שבת,כן,שבת,קכז.,פירוש,לא,
3055,חידושי הריטבא - שבת,כן,שבת,קכז.,פירוש,לא,
3056,חידושי הריטבא - שבת,כן,שבת,קכז.,פירוש,לא,
3057,חידושי הריטבא - שבת,כן,שבת,קכז.,פירוש,לא,
3058,חידושי הריטבא - שבת,כן,שבת,קכז.,פירוש,לא,
3059,חידושי הריטבא - שבת,כן,שבת,קכז.,פירוש,לא,
3062,חידושי הריטבא - שבת,כן,שבת,קכז:,פירוש,לא,
3063,חידושי הריטבא - שבת,כן,שבת,קכז:,פירוש,לא,
3064,חידושי הריטבא - שבת,כן,שבת,קכז:,פירוש,לא,
3065,חידושי הריטבא - שבת,כן,שבת,קכז:,פירוש,לא,
3066,חידושי הריטבא - שבת,כן,שבת,קכז:,פירוש,לא,
3067,חידושי הריטבא - שבת,כן,שבת,קכז:,פירוש,לא,
3068,חידושי הריטבא - שבת,כן,שבת,קכז:,פירוש,לא,
3069,חידושי הריטבא - שבת,כן,שבת,קכז:,פירוש,לא,
3070,חידושי הריטבא - שבת,כן,שבת,קכז:,פירוש,לא,
3071,חידושי הריטבא - שבת,כן,שבת,קכז:,פירוש,לא,
3072,חידושי הריטבא - שבת,כן,שבת,קכז:,פירוש,לא,
3073,חידושי הריטבא - שבת,כן,שבת,קכז:,פירוש,לא,
3074,חידושי הריטבא - שבת,כן,שבת,קכז:,פירוש,לא,
3075,חידושי הריטבא - שבת,כן,שבת,קכז:,פירוש,לא,
3078,חידושי הריטבא - שבת,כן,שבת,קכח.,פירוש,לא,
3079,חידושי הריטבא - שבת,כן,שבת,קכח.,פירוש,לא,
3080,חידושי הריטבא - שבת,כן,שבת,קכח.,פירוש,לא,
3081,חידושי הריטבא - שבת,כן,שבת,קכח.,פירוש,לא,
3082,חידושי הריטבא - שבת,כן,שבת,קכח.,פירוש,לא,
3083,חידושי הריטבא - שבת,כן,שבת,קכח.,פירוש,לא,
3084,חידושי הריטבא - שבת,כן,שבת,קכח.,פירוש,לא,
3085,חידושי הריטבא - שבת,כן,שבת,קכח.,פירוש,לא,
3086,חידושי הריטבא - שבת,כן,שבת,קכח.,פירוש,לא,
3087,חידושי הריטבא - שבת,כן,שבת,קכח.,פירוש,לא,
3088,חידושי הריטבא - שבת,כן,שבת,קכח.,פירוש,לא,
3089,חידושי הריטבא - שבת,כן,שבת,קכח.,פירוש,לא,
3090,חידושי הריטבא - שבת,כן,שבת,קכח.,פירוש,לא,
3091,חידושי הריטבא - שבת,כן,שבת,קכח.,פירוש,לא,
3092,חידושי הריטבא - שבת,כן,שבת,קכח.,פירוש,לא,
3093,חידושי הריטבא - שבת,כן,שבת,קכח.,פירוש,לא,
3094,חידושי הריטבא - שבת,כן,שבת,קכח.,פירוש,לא,
3095,חידושי הריטבא - שבת,כן,שבת,קכח.,פירוש,לא,
3096,חידושי הריטבא - שבת,כן,שבת,קכח.,פירוש,לא,
3097,חידושי הריטבא - שבת,כן,שבת,קכח.,פירוש,לא,
3098,חידושי הריטבא - שבת,כן,שבת,קכח.,פירוש,לא,
3099,חידושי הריטבא - שבת,כן,שבת,קכח.,פירוש,לא,
3100,חידושי הריטבא - שבת,כן,שבת,קכח.,פירוש,לא,
3101,חידושי הריטבא - שבת,כן,שבת,קכח.,פירוש,לא,
3102,חידושי הריטבא - שבת,כן,שבת,קכח.,פירוש,לא,
3103,חידושי הריטבא - שבת,כן,שבת,קכח.,פירוש,לא,
3104,חידושי הריטבא - שבת,כן,שבת,קכח.,פירוש,לא,
3105,חידושי הריטבא - שבת,כן,שבת,קכח.,פירוש,לא,
3106,חידושי הריטבא - שבת,כן,שבת,קכח.,פירוש,לא,
3109,חידושי הריטבא - שבת,כן,שבת,קכח:,פירוש,לא,
3110,חידושי הריטבא - שבת,כן,שבת,קכח:,פירוש,לא,
3111,חידושי הריטבא - שבת,כן,שבת,קכח:,פירוש,לא,
3112,חידושי הריטבא - שבת,כן,שבת,קכח:,פירוש,לא,
3113,חידושי הריטבא - שבת,כן,שבת,קכח:,פירוש,לא,
3114,חידושי הריטבא - שבת,כן,שבת,קכח:,פירוש,לא,
3115,חידושי הריטבא - שבת,כן,שבת,קכח:,פירוש,לא,
3116,חידושי הריטבא - שבת,כן,שבת,קכח:,פירוש,לא,
3117,חידושי הריטבא - שבת,כן,שבת,קכח:,פירוש,לא,
3118,חידושי הריטבא - שבת,כן,שבת,קכח:,פירוש,לא,
3119,חידושי הריטבא - שבת,כן,שבת,קכח:,פירוש,לא,
3120,חידושי הריטבא - שבת,כן,שבת,קכח:,פירוש,לא,
3121,חידושי הריטבא - שבת,כן,שבת,קכח:,פירוש,לא,
3122,חידושי הריטבא - שבת,כן,שבת,קכח:,פירוש,לא,
3123,חידושי הריטבא - שבת,כן,שבת,קכח:,פירוש,לא,
3124,חידושי הריטבא - שבת,כן,שבת,קכח:,פירוש,לא,
3125,חידושי הריטבא - שבת,כן,שבת,קכח:,פירוש,לא,
3126,חידושי הריטבא - שבת,כן,שבת,קכח:,פירוש,לא,
3127,חידושי הריטבא - שבת,כן,שבת,קכח:,פירוש,לא,
3128,חידושי הריטבא - שבת,כן,שבת,קכח:,פירוש,לא,
3129,חידושי הריטבא - שבת,כן,שבת,קכח:,פירוש,לא,
3130,חידושי הריטבא - שבת,כן,שבת,קכח:,פירוש,לא,
3131,חידושי הריטבא - שבת,כן,שבת,קכח:,פירוש,לא,
3134,חידושי הריטבא - שבת,כן,שבת,קכט.,פירוש,לא,
3135,חידושי הריטבא - שבת,כן,שבת,קכט.,פירוש,לא,
3136,חידושי הריטבא - שבת,כן,שבת,קכט.,פירוש,לא,
3137,חידושי הריטבא - שבת,כן,שבת,קכט.,פירוש,לא,
3138,חידושי הריטבא - שבת,כן,שבת,קכט.,פירוש,לא,
3139,חידושי הריטבא - שבת,כן,שבת,קכט.,פירוש,לא,
3140,חידושי הריטבא - שבת,כן,שבת,קכט.,פירוש,לא,
3141,חידושי הריטבא - שבת,כן,שבת,קכט.,פירוש,לא,
3142,חידושי הריטבא - שבת,כן,שבת,קכט.,פירוש,לא,
3143,חידושי הריטבא - שבת,כן,שבת,קכט.,פירוש,לא,
3144,חידושי הריטבא - שבת,כן,שבת,קכט.,פירוש,לא,
3145,חידושי הריטבא - שבת,כן,שבת,קכט.,פירוש,לא,
3146,חידושי הריטבא - שבת,כן,שבת,קכט.,פירוש,לא,
3147,חידושי הריטבא - שבת,כן,שבת,קכט.,פירוש,לא,
3148,חידושי הריטבא - שבת,כן,שבת,קכט.,פירוש,לא,
3149,חידושי הריטבא - שבת,כן,שבת,קכט.,פירוש,לא,
3150,חידושי הריטבא - שבת,כן,שבת,קכט.,פירוש,לא,
3151,חידושי הריטבא - שבת,כן,שבת,קכט.,פירוש,לא,
3152,חידושי הריטבא - שבת,כן,שבת,קכט.,פירוש,לא,
3153,חידושי הריטבא - שבת,כן,שבת,קכט.,פירוש,לא,
3154,חידושי הריטבא - שבת,כן,שבת,קכט.,פירוש,לא,
3155,חידושי הריטבא - שבת,כן,שבת,קכט.,פירוש,לא,
3156,חידושי הריטבא - שבת,כן,שבת,קכט.,פירוש,לא,
3159,חידושי הריטבא - שבת,כן,שבת,קכט:,פירוש,לא,
3160,חידושי הריטבא - שבת,כן,שבת,קכט:,פירוש,לא,
3161,חידושי הריטבא - שבת,כן,שבת,קכט:,פירוש,לא,
3162,חידושי הריטבא - שבת,כן,שבת,קכט:,פירוש,לא,
3163,חידושי הריטבא - שבת,כן,שבת,קכט:,פירוש,לא,
3164,חידושי הריטבא - שבת,כן,שבת,קכט:,פירוש,לא,
3165,חידושי הריטבא - שבת,כן,שבת,קכט:,פירוש,לא,
3166,חידושי הריטבא - שבת,כן,שבת,קכט:,פירוש,לא,
3167,חידושי הריטבא - שבת,כן,שבת,קכט:,פירוש,לא,
3168,חידושי הריטבא - שבת,כן,שבת,קכט:,פירוש,לא,
3169,חידושי הריטבא - שבת,כן,שבת,קכט:,פירוש,לא,
3170,חידושי הריטבא - שבת,כן,שבת,קכט:,פירוש,לא,
3171,חידושי הריטבא - שבת,כן,שבת,קכט:,פירוש,לא,
3172,חידושי הריטבא - שבת,כן,שבת,קכט:,פירוש,לא,
3177,חידושי הריטבא - שבת,כן,שבת,קל.,פירוש,לא,
3178,חידושי הריטבא - שבת,כן,שבת,קל.,פירוש,לא,
3179,חידושי הריטבא - שבת,כן,שבת,קל.,פירוש,לא,
3180,חידושי הריטבא - שבת,כן,שבת,קל.,פירוש,לא,
3181,חידושי הריטבא - שבת,כן,שבת,קל.,פירוש,לא,
3182,חידושי הריטבא - שבת,כן,שבת,קל.,פירוש,לא,
3183,חידושי הריטבא - שבת,כן,שבת,קל.,פירוש,לא,
3184,חידושי הריטבא - שבת,כן,שבת,קל.,פירוש,לא,
3185,חידושי הריטבא - שבת,כן,שבת,קל.,פירוש,לא,
3186,חידושי הריטבא - שבת,כן,שבת,קל.,פירוש,לא,
3187,חידושי הריטבא - שבת,כן,שבת,קל.,פירוש,לא,
3188,חידושי הריטבא - שבת,כן,שבת,קל.,פירוש,לא,
3189,חידושי הריטבא - שבת,כן,שבת,קל.,פירוש,לא,
3190,חידושי הריטבא - שבת,כן,שבת,קל.,פירוש,לא,
3191,חידושי הריטבא - שבת,כן,שבת,קל.,פירוש,לא,
3194,חידושי הריטבא - שבת,כן,שבת,קל:,פירוש,לא,
3195,חידושי הריטבא - שבת,כן,שבת,קל:,פירוש,לא,
3196,חידושי הריטבא - שבת,כן,שבת,קל:,פירוש,לא,
3197,חידושי הריטבא - שבת,כן,שבת,קל:,פירוש,לא,
3198,חידושי הריטבא - שבת,כן,שבת,קל:,פירוש,לא,
3199,חידושי הריטבא - שבת,כן,שבת,קל:,פירוש,לא,
3200,חידושי הריטבא - שבת,כן,שבת,קל:,פירוש,לא,
3201,חידושי הריטבא - שבת,כן,שבת,קל:,פירוש,לא,
3202,חידושי הריטבא - שבת,כן,שבת,קל:,פירוש,לא,
3203,חידושי הריטבא - שבת,כן,שבת,קל:,פירוש,לא,
3204,חידושי הריטבא - שבת,כן,שבת,קל:,פירוש,לא,
3205,חידושי הריטבא - שבת,כן,שבת,קל:,פירוש,לא,
3206,חידושי הריטבא - שבת,כן,שבת,קל:,פירוש,לא,
3207,חידושי הריטבא - שבת,כן,שבת,קל:,פירוש,לא,
3208,חידושי הריטבא - שבת,כן,שבת,קל:,פירוש,לא,
3209,חידושי הריטבא - שבת,כן,שבת,קל:,פירוש,לא,
3210,חידושי הריטבא - שבת,כן,שבת,קל:,פירוש,לא,
3213,חידושי הריטבא - שבת,כן,שבת,קלא.,פירוש,לא,
3214,חידושי הריטבא - שבת,כן,שבת,קלא.,פירוש,לא,
3215,חידושי הריטבא - שבת,כן,שבת,קלא.,פירוש,לא,
3216,חידושי הריטבא - שבת,כן,שבת,קלא.,פירוש,לא,
3217,חידושי הריטבא - שבת,כן,שבת,קלא.,פירוש,לא,
3218,חידושי הריטבא - שבת,כן,שבת,קלא.,פירוש,לא,
3219,חידושי הריטבא - שבת,כן,שבת,קלא.,פירוש,לא,
3220,חידושי הריטבא - שבת,כן,שבת,קלא.,פירוש,לא,
3221,חידושי הריטבא - שבת,כן,שבת,קלא.,פירוש,לא,
3222,חידושי הריטבא - שבת,כן,שבת,קלא.,פירוש,לא,
3223,חידושי הריטבא - שבת,כן,שבת,קלא.,פירוש,לא,
3224,חידושי הריטבא - שבת,כן,שבת,קלא.,פירוש,לא,
3225,חידושי הריטבא - שבת,כן,שבת,קלא.,פירוש,לא,
3226,חידושי הריטבא - שבת,כן,שבת,קלא.,פירוש,לא,
3229,חידושי הריטבא - שבת,כן,שבת,קלא:,פירוש,לא,
3230,חידושי הריטבא - שבת,כן,שבת,קלא:,פירוש,לא,
3231,חידושי הריטבא - שבת,כן,שבת,קלא:,פירוש,לא,
3232,חידושי הריטבא - שבת,כן,שבת,קלא:,פירוש,לא,
3233,חידושי הריטבא - שבת,כן,שבת,קלא:,פירוש,לא,
3234,חידושי הריטבא - שבת,כן,שבת,קלא:,פירוש,לא,
3235,חידושי הריטבא - שבת,כן,שבת,קלא:,פירוש,לא,
3236,חידושי הריטבא - שבת,כן,שבת,קלא:,פירוש,לא,
3237,חידושי הריטבא - שבת,כן,שבת,קלא:,פירוש,לא,
3238,חידושי הריטבא - שבת,כן,שבת,קלא:,פירוש,לא,
3239,חידושי הריטבא - שבת,כן,שבת,קלא:,פירוש,לא,
3240,חידושי הריטבא - שבת,כן,שבת,קלא:,פירוש,לא,
3241,חידושי הריטבא - שבת,כן,שבת,קלא:,פירוש,לא,
3242,חידושי הריטבא - שבת,כן,שבת,קלא:,פירוש,לא,
3243,חידושי הריטבא - שבת,כן,שבת,קלא:,פירוש,לא,
3244,חידושי הריטבא - שבת,כן,שבת,קלא:,פירוש,לא,
3247,חידושי הריטבא - שבת,כן,שבת,קלב.,פירוש,לא,
3248,חידושי הריטבא - שבת,כן,שבת,קלב.,פירוש,לא,
3249,חידושי הריטבא - שבת,כן,שבת,קלב.,פירוש,לא,
3250,חידושי הריטבא - שבת,כן,שבת,קלב.,פירוש,לא,
3251,חידושי הריטבא - שבת,כן,שבת,קלב.,פירוש,לא,
3252,חידושי הריטבא - שבת,כן,שבת,קלב.,פירוש,לא,
3253,חידושי הריטבא - שבת,כן,שבת,קלב.,פירוש,לא,
3254,חידושי הריטבא - שבת,כן,שבת,קלב.,פירוש,לא,
3255,חידושי הריטבא - שבת,כן,שבת,קלב.,פירוש,לא,
3256,חידושי הריטבא - שבת,כן,שבת,קלב.,פירוש,לא,
3257,חידושי הריטבא - שבת,כן,שבת,קלב.,פירוש,לא,
3258,חידושי הריטבא - שבת,כן,שבת,קלב.,פירוש,לא,
3259,חידושי הריטבא - שבת,כן,שבת,קלב.,פירוש,לא,
3260,חידושי הריטבא - שבת,כן,שבת,קלב.,פירוש,לא,
3261,חידושי הריטבא - שבת,כן,שבת,קלב.,פירוש,לא,
3262,חידושי הריטבא - שבת,כן,שבת,קלב.,פירוש,לא,
3263,חידושי הריטבא - שבת,כן,שבת,קלב.,פירוש,לא,
3264,חידושי הריטבא - שבת,כן,שבת,קלב.,פירוש,לא,
3267,חידושי הריטבא - שבת,כן,שבת,קלב:,פירוש,לא,
3268,חידושי הריטבא - שבת,כן,שבת,קלב:,פירוש,לא,
3269,חידושי הריטבא - שבת,כן,שבת,קלב:,פירוש,לא,
3270,חידושי הריטבא - שבת,כן,שבת,קלב:,פירוש,לא,
3271,חידושי הריטבא - שבת,כן,שבת,קלב:,פירוש,לא,
3272,חידושי הריטבא - שבת,כן,שבת,קלב:,פירוש,לא,
3273,חידושי הריטבא - שבת,כן,שבת,קלב:,פירוש,לא,
3274,חידושי הריטבא - שבת,כן,שבת,קלב:,פירוש,לא,
3275,חידושי הריטבא - שבת,כן,שבת,קלב:,פירוש,לא,
3276,חידושי הריטבא - שבת,כן,שבת,קלב:,פירוש,לא,
3277,חידושי הריטבא - שבת,כן,שבת,קלב:,פירוש,לא,
3278,חידושי הריטבא - שבת,כן,שבת,קלב:,פירוש,לא,
3281,חידושי הריטבא - שבת,כן,שבת,קלג.,פירוש,לא,
3282,חידושי הריטבא - שבת,כן,שבת,קלג.,פירוש,לא,
3283,חידושי הריטבא - שבת,כן,שבת,קלג.,פירוש,לא,
3284,חידושי הריטבא - שבת,כן,שבת,קלג.,פירוש,לא,
3285,חידושי הריטבא - שבת,כן,שבת,קלג.,פירוש,לא,
3286,חידושי הריטבא - שבת,כן,שבת,קלג.,פירוש,לא,
3287,חידושי הריטבא - שבת,כן,שבת,קלג.,פירוש,לא,
3288,חידושי הריטבא - שבת,כן,שבת,קלג.,פירוש,לא,
3289,חידושי הריטבא - שבת,כן,שבת,קלג.,פירוש,לא,
3290,חידושי הריטבא - שבת,כן,שבת,קלג.,פירוש,לא,
3291,חידושי הריטבא - שבת,כן,שבת,קלג.,פירוש,לא,
3292,חידושי הריטבא - שבת,כן,שבת,קלג.,פירוש,לא,
3293,חידושי הריטבא - שבת,כן,שבת,קלג.,פירוש,לא,
3294,חידושי הריטבא - שבת,כן,שבת,קלג.,פירוש,לא,
3295,חידושי הריטבא - שבת,כן,שבת,קלג.,פירוש,לא,
3296,חידושי הריטבא - שבת,כן,שבת,קלג.,פירוש,לא,
3297,חידושי הריטבא - שבת,כן,שבת,קלג.,פירוש,לא,
3298,חידושי הריטבא - שבת,כן,שבת,קלג.,פירוש,לא,
3299,חידושי הריטבא - שבת,כן,שבת,קלג.,פירוש,לא,
3300,חידושי הריטבא - שבת,כן,שבת,קלג.,פירוש,לא,
3301,חידושי הריטבא - שבת,כן,שבת,קלג.,פירוש,לא,
3302,חידושי הריטבא - שבת,כן,שבת,קלג.,פירוש,לא,
3303,חידושי הריטבא - שבת,כן,שבת,קלג.,פירוש,לא,
3304,חידושי הריטבא - שבת,כן,שבת,קלג.,פירוש,לא,
3307,חידושי הריטבא - שבת,כן,שבת,קלג:,פירוש,לא,
3308,חידושי הריטבא - שבת,כן,שבת,קלג:,פירוש,לא,
3309,חידושי הריטבא - שבת,כן,שבת,קלג:,פירוש,לא,
3310,חידושי הריטבא - שבת,כן,שבת,קלג:,פירוש,לא,
3311,חידושי הריטבא - שבת,כן,שבת,קלג:,פירוש,לא,
3312,חידושי הריטבא - שבת,כן,שבת,קלג:,פירוש,לא,
3313,חידושי הריטבא - שבת,כן,שבת,קלג:,פירוש,לא,
3314,חידושי הריטבא - שבת,כן,שבת,קלג:,פירוש,לא,
3315,חידושי הריטבא - שבת,כן,שבת,קלג:,פירוש,לא,
3316,חידושי הריטבא - שבת,כן,שבת,קלג:,פירוש,לא,
3317,חידושי הריטבא - שבת,כן,שבת,קלג:,פירוש,לא,
3318,חידושי הריטבא - שבת,כן,שבת,קלג:,פירוש,לא,
3319,חידושי הריטבא - שבת,כן,שבת,קלג:,פירוש,לא,
3320,חידושי הריטבא - שבת,כן,שבת,קלג:,פירוש,לא,
3321,חידושי הריטבא - שבת,כן,שבת,קלג:,פירוש,לא,
3322,חידושי הריטבא - שבת,כן,שבת,קלג:,פירוש,לא,
3323,חידושי הריטבא - שבת,כן,שבת,קלג:,פירוש,לא,
3324,חידושי הריטבא - שבת,כן,שבת,קלג:,פירוש,לא,
3325,חידושי הריטבא - שבת,כן,שבת,קלג:,פירוש,לא,
3328,חידושי הריטבא - שבת,כן,שבת,קלד.,פירוש,לא,
3329,חידושי הריטבא - שבת,כן,שבת,קלד.,פירוש,לא,
3330,חידושי הריטבא - שבת,כן,שבת,קלד.,פירוש,לא,
3331,חידושי הריטבא - שבת,כן,שבת,קלד.,פירוש,לא,
3332,חידושי הריטבא - שבת,כן,שבת,קלד.,פירוש,לא,
3333,חידושי הריטבא - שבת,כן,שבת,קלד.,פירוש,לא,
3334,חידושי הריטבא - שבת,כן,שבת,קלד.,פירוש,לא,
3335,חידושי הריטבא - שבת,כן,שבת,קלד.,פירוש,לא,
3336,חידושי הריטבא - שבת,כן,שבת,קלד.,פירוש,לא,
3337,חידושי הריטבא - שבת,כן,שבת,קלד.,פירוש,לא,
3338,חידושי הריטבא - שבת,כן,שבת,קלד.,פירוש,לא,
3339,חידושי הריטבא - שבת,כן,שבת,קלד.,פירוש,לא,
3340,חידושי הריטבא - שבת,כן,שבת,קלד.,פירוש,לא,
3341,חידושי הריטבא - שבת,כן,שבת,קלד.,פירוש,לא,
3342,חידושי הריטבא - שבת,כן,שבת,קלד.,פירוש,לא,
3343,חידושי הריטבא - שבת,כן,שבת,קלד.,פירוש,לא,
3344,חידושי הריטבא - שבת,כן,שבת,קלד.,פירוש,לא,
3345,חידושי הריטבא - שבת,כן,שבת,קלד.,פירוש,לא,
3346,חידושי הריטבא - שבת,כן,שבת,קלד.,פירוש,לא,
3347,חידושי הריטבא - שבת,כן,שבת,קלד.,פירוש,לא,
3350,חידושי הריטבא - שבת,כן,שבת,קלד:,פירוש,לא,
3351,חידושי הריטבא - שבת,כן,שבת,קלד:,פירוש,לא,
3352,חידושי הריטבא - שבת,כן,שבת,קלד:,פירוש,לא,
3353,חידושי הריטבא - שבת,כן,שבת,קלד:,פירוש,לא,
3354,חידושי הריטבא - שבת,כן,שבת,קלד:,פירוש,לא,
3355,חידושי הריטבא - שבת,כן,שבת,קלד:,פירוש,לא,
3356,חידושי הריטבא - שבת,כן,שבת,קלד:,פירוש,לא,
3357,חידושי הריטבא - שבת,כן,שבת,קלד:,פירוש,לא,
3358,חידושי הריטבא - שבת,כן,שבת,קלד:,פירוש,לא,
3359,חידושי הריטבא - שבת,כן,שבת,קלד:,פירוש,לא,
3360,חידושי הריטבא - שבת,כן,שבת,קלד:,פירוש,לא,
3361,חידושי הריטבא - שבת,כן,שבת,קלד:,פירוש,לא,
3362,חידושי הריטבא - שבת,כן,שבת,קלד:,פירוש,לא,
3363,חידושי הריטבא - שבת,כן,שבת,קלד:,פירוש,לא,
3364,חידושי הריטבא - שבת,כן,שבת,קלד:,פירוש,לא,
3365,חידושי הריטבא - שבת,כן,שבת,קלד:,פירוש,לא,
3366,חידושי הריטבא - שבת,כן,שבת,קלד:,פירוש,לא,
3367,חידושי הריטבא - שבת,כן,שבת,קלד:,פירוש,לא,
3368,חידושי הריטבא - שבת,כן,שבת,קלד:,פירוש,לא,
3369,חידושי הריטבא - שבת,כן,שבת,קלד:,פירוש,לא,
3372,חידושי הריטבא - שבת,כן,שבת,קלה.,פירוש,לא,
3373,חידושי הריטבא - שבת,כן,שבת,קלה.,פירוש,לא,
3374,חידושי הריטבא - שבת,כן,שבת,קלה.,פירוש,לא,
3375,חידושי הריטבא - שבת,כן,שבת,קלה.,פירוש,לא,
3376,חידושי הריטבא - שבת,כן,שבת,קלה.,פירוש,לא,
3377,חידושי הריטבא - שבת,כן,שבת,קלה.,פירוש,לא,
3378,חידושי הריטבא - שבת,כן,שבת,קלה.,פירוש,לא,
3379,חידושי הריטבא - שבת,כן,שבת,קלה.,פירוש,לא,
3380,חידושי הריטבא - שבת,כן,שבת,קלה.,פירוש,לא,
3381,חידושי הריטבא - שבת,כן,שבת,קלה.,פירוש,לא,
3382,חידושי הריטבא - שבת,כן,שבת,קלה.,פירוש,לא,
3383,חידושי הריטבא - שבת,כן,שבת,קלה.,פירוש,לא,
3384,חידושי הריטבא - שבת,כן,שבת,קלה.,פירוש,לא,
3385,חידושי הריטבא - שבת,כן,שבת,קלה.,פירוש,לא,
3386,חידושי הריטבא - שבת,כן,שבת,קלה.,פירוש,לא,
3387,חידושי הריטבא - שבת,כן,שבת,קלה.,פירוש,לא,
3390,חידושי הריטבא - שבת,כן,שבת,קלה:,פירוש,לא,
3391,חידושי הריטבא - שבת,כן,שבת,קלה:,פירוש,לא,
3392,חידושי הריטבא - שבת,כן,שבת,קלה:,פירוש,לא,
3393,חידושי הריטבא - שבת,כן,שבת,קלה:,פירוש,לא,
3394,חידושי הריטבא - שבת,כן,שבת,קלה:,פירוש,לא,
3395,חידושי הריטבא - שבת,כן,שבת,קלה:,פירוש,לא,
3396,חידושי הריטבא - שבת,כן,שבת,קלה:,פירוש,לא,
3397,חידושי הריטבא - שבת,כן,שבת,קלה:,פירוש,לא,
3398,חידושי הריטבא - שבת,כן,שבת,קלה:,פירוש,לא,
3399,חידושי הריטבא - שבת,כן,שבת,קלה:,פירוש,לא,
3400,חידושי הריטבא - שבת,כן,שבת,קלה:,פירוש,לא,
3401,חידושי הריטבא - שבת,כן,שבת,קלה:,פירוש,לא,
3402,חידושי הריטבא - שבת,כן,שבת,קלה:,פירוש,לא,
3403,חידושי הריטבא - שבת,כן,שבת,קלה:,פירוש,לא,
3404,חידושי הריטבא - שבת,כן,שבת,קלה:,פירוש,לא,
3405,חידושי הריטבא - שבת,כן,שבת,קלה:,פירוש,לא,
3408,חידושי הריטבא - שבת,כן,שבת,קלו.,פירוש,לא,
3409,חידושי הריטבא - שבת,כן,שבת,קלו.,פירוש,לא,
3410,חידושי הריטבא - שבת,כן,שבת,קלו.,פירוש,לא,
3411,חידושי הריטבא - שבת,כן,שבת,קלו.,פירוש,לא,
3412,חידושי הריטבא - שבת,כן,שבת,קלו.,פירוש,לא,
3413,חידושי הריטבא - שבת,כן,שבת,קלו.,פירוש,לא,
3414,חידושי הריטבא - שבת,כן,שבת,קלו.,פירוש,לא,
3415,חידושי הריטבא - שבת,כן,שבת,קלו.,פירוש,לא,
3416,חידושי הריטבא - שבת,כן,שבת,קלו.,פירוש,לא,
3417,חידושי הריטבא - שבת,כן,שבת,קלו.,פירוש,לא,
3418,חידושי הריטבא - שבת,כן,שבת,קלו.,פירוש,לא,
3419,חידושי הריטבא - שבת,כן,שבת,קלו.,פירוש,לא,
3422,חידושי הריטבא - שבת,כן,שבת,קלו:,פירוש,לא,
3423,חידושי הריטבא - שבת,כן,שבת,קלו:,פירוש,לא,
3424,חידושי הריטבא - שבת,כן,שבת,קלו:,פירוש,לא,
3425,חידושי הריטבא - שבת,כן,שבת,קלו:,פירוש,לא,
3428,חידושי הריטבא - שבת,כן,שבת,קלז.,פירוש,לא,
3429,חידושי הריטבא - שבת,כן,שבת,קלז.,פירוש,לא,
3430,חידושי הריטבא - שבת,כן,שבת,קלז.,פירוש,לא,
3431,חידושי הריטבא - שבת,כן,שבת,קלז.,פירוש,לא,
3432,חידושי הריטבא - שבת,כן,שבת,קלז.,פירוש,לא,
3433,חידושי הריטבא - שבת,כן,שבת,קלז.,פירוש,לא,
3434,חידושי הריטבא - שבת,כן,שבת,קלז.,פירוש,לא,
3435,חידושי הריטבא - שבת,כן,שבת,קלז.,פירוש,לא,
3436,חידושי הריטבא - שבת,כן,שבת,קלז.,פירוש,לא,
3437,חידושי הריטבא - שבת,כן,שבת,קלז.,פירוש,לא,
3438,חידושי הריטבא - שבת,כן,שבת,קלז.,פירוש,לא,
3439,חידושי הריטבא - שבת,כן,שבת,קלז.,פירוש,לא,
3440,חידושי הריטבא - שבת,כן,שבת,קלז.,פירוש,לא,
3443,חידושי הריטבא - שבת,כן,שבת,קלז:,פירוש,לא,
3444,חידושי הריטבא - שבת,כן,שבת,קלז:,פירוש,לא,
3445,חידושי הריטבא - שבת,כן,שבת,קלז:,פירוש,לא,
3446,חידושי הריטבא - שבת,כן,שבת,קלז:,פירוש,לא,
3447,חידושי הריטבא - שבת,כן,שבת,קלז:,פירוש,לא,
3448,חידושי הריטבא - שבת,כן,שבת,קלז:,פירוש,לא,
3449,חידושי הריטבא - שבת,כן,שבת,קלז:,פירוש,לא,
3450,חידושי הריטבא - שבת,כן,שבת,קלז:,פירוש,לא,
3453,חידושי הריטבא - שבת,כן,שבת,קלז:,פירוש,לא,
3454,חידושי הריטבא - שבת,כן,שבת,קלז:,פירוש,לא,
3455,חידושי הריטבא - שבת,כן,שבת,קלז:,פירוש,לא,
3456,חידושי הריטבא - שבת,כן,שבת,קלז:,פירוש,לא,
3457,חידושי הריטבא - שבת,כן,שבת,קלז:,פירוש,לא,
3458,חידושי הריטבא - שבת,כן,שבת,קלז:,פירוש,לא,
3459,חידושי הריטבא - שבת,כן,שבת,קלז:,פירוש,לא,
3460,חידושי הריטבא - שבת,כן,שבת,קלז:,פירוש,לא,
3461,חידושי הריטבא - שבת,כן,שבת,קלז:,פירוש,לא,
3464,חידושי הריטבא - שבת,כן,שבת,קלח.,פירוש,לא,
3465,חידושי הריטבא - שבת,כן,שבת,קלח.,פירוש,לא,
3466,חידושי הריטבא - שבת,כן,שבת,קלח.,פירוש,לא,
3467,חידושי הריטבא - שבת,כן,שבת,קלח.,פירוש,לא,
3468,חידושי הריטבא - שבת,כן,שבת,קלח.,פירוש,לא,
3469,חידושי הריטבא - שבת,כן,שבת,קלח.,פירוש,לא,
3470,חידושי הריטבא - שבת,כן,שבת,קלח.,פירוש,לא,
3471,חידושי הריטבא - שבת,כן,שבת,קלח.,פירוש,לא,
3472,חידושי הריטבא - שבת,כן,שבת,קלח.,פירוש,לא,
3473,חידושי הריטבא - שבת,כן,שבת,קלח.,פירוש,לא,
3474,חידושי הריטבא - שבת,כן,שבת,קלח.,פירוש,לא,
3475,חידושי הריטבא - שבת,כן,שבת,קלח.,פירוש,לא,
3476,חידושי הריטבא - שבת,כן,שבת,קלח.,פירוש,לא,
3477,חידושי הריטבא - שבת,כן,שבת,קלח.,פירוש,לא,
3478,חידושי הריטבא - שבת,כן,שבת,קלח.,פירוש,לא,
3481,חידושי הריטבא - שבת,כן,שבת,קלח:,פירוש,לא,
3482,חידושי הריטבא - שבת,כן,שבת,קלח:,פירוש,לא,
3483,חידושי הריטבא - שבת,כן,שבת,קלח:,פירוש,לא,
3484,חידושי הריטבא - שבת,כן,שבת,קלח:,פירוש,לא,
3485,חידושי הריטבא - שבת,כן,שבת,קלח:,פירוש,לא,
3486,חידושי הריטבא - שבת,כן,שבת,קלח:,פירוש,לא,
3487,חידושי הריטבא - שבת,כן,שבת,קלח:,פירוש,לא,
3488,חידושי הריטבא - שבת,כן,שבת,קלח:,פירוש,לא,
3489,חידושי הריטבא - שבת,כן,שבת,קלח:,פירוש,לא,
3490,חידושי הריטבא - שבת,כן,שבת,קלח:,פירוש,לא,
3491,חידושי הריטבא - שבת,כן,שבת,קלח:,פירוש,לא,
3492,חידושי הריטבא - שבת,כן,שבת,קלח:,פירוש,לא,
3493,חידושי הריטבא - שבת,כן,שבת,קלח:,פירוש,לא,
3494,חידושי הריטבא - שבת,כן,שבת,קלח:,פירוש,לא,
3495,חידושי הריטבא - שבת,כן,שבת,קלח:,פירוש,לא,
3496,חידושי הריטבא - שבת,כן,שבת,קלח:,פירוש,לא,
3497,חידושי הריטבא - שבת,כן,שבת,קלח:,פירוש,לא,
3498,חידושי הריטבא - שבת,כן,שבת,קלח:,פירוש,לא,
3499,חידושי הריטבא - שבת,כן,שבת,קלח:,פירוש,לא,
3500,חידושי הריטבא - שבת,כן,שבת,קלח:,פירוש,לא,
3503,חידושי הריטבא - שבת,כן,שבת,קלט.,פירוש,לא,
3504,חידושי הריטבא - שבת,כן,שבת,קלט.,פירוש,לא,
3505,חידושי הריטבא - שבת,כן,שבת,קלט.,פירוש,לא,
3506,חידושי הריטבא - שבת,כן,שבת,קלט.,פירוש,לא,
3507,חידושי הריטבא - שבת,כן,שבת,קלט.,פירוש,לא,
3508,חידושי הריטבא - שבת,כן,שבת,קלט.,פירוש,לא,
3509,חידושי הריטבא - שבת,כן,שבת,קלט.,פירוש,לא,
3510,חידושי הריטבא - שבת,כן,שבת,קלט.,פירוש,לא,
3511,חידושי הריטבא - שבת,כן,שבת,קלט.,פירוש,לא,
3512,חידושי הריטבא - שבת,כן,שבת,קלט.,פירוש,לא,
3513,חידושי הריטבא - שבת,כן,שבת,קלט.,פירוש,לא,
3514,חידושי הריטבא - שבת,כן,שבת,קלט.,פירוש,לא,
3515,חידושי הריטבא - שבת,כן,שבת,קלט.,פירוש,לא,
3516,חידושי הריטבא - שבת,כן,שבת,קלט.,פירוש,לא,
3519,חידושי הריטבא - שבת,כן,שבת,קלט:,פירוש,לא,
3520,חידושי הריטבא - שבת,כן,שבת,קלט:,פירוש,לא,
3521,חידושי הריטבא - שבת,כן,שבת,קלט:,פירוש,לא,
3522,חידושי הריטבא - שבת,כן,שבת,קלט:,פירוש,לא,
3523,חידושי הריטבא - שבת,כן,שבת,קלט:,פירוש,לא,
3524,חידושי הריטבא - שבת,כן,שבת,קלט:,פירוש,לא,
3525,חידושי הריטבא - שבת,כן,שבת,קלט:,פירוש,לא,
3526,חידושי הריטבא - שבת,כן,שבת,קלט:,פירוש,לא,
3527,חידושי הריטבא - שבת,כן,שבת,קלט:,פירוש,לא,
3528,חידושי הריטבא - שבת,כן,שבת,קלט:,פירוש,לא,
3529,חידושי הריטבא - שבת,כן,שבת,קלט:,פירוש,לא,
3530,חידושי הריטבא - שבת,כן,שבת,קלט:,פירוש,לא,
3531,חידושי הריטבא - שבת,כן,שבת,קלט:,פירוש,לא,
3532,חידושי הריטבא - שבת,כן,שבת,קלט:,פירוש,לא,
3533,חידושי הריטבא - שבת,כן,שבת,קלט:,פירוש,לא,
3534,חידושי הריטבא - שבת,כן,שבת,קלט:,פירוש,לא,
3537,חידושי הריטבא - שבת,כן,שבת,קמ.,פירוש,לא,
3538,חידושי הריטבא - שבת,כן,שבת,קמ.,פירוש,לא,
3539,חידושי הריטבא - שבת,כן,שבת,קמ.,פירוש,לא,
3540,חידושי הריטבא - שבת,כן,שבת,קמ.,פירוש,לא,
3541,חידושי הריטבא - שבת,כן,שבת,קמ.,פירוש,לא,
3542,חידושי הריטבא - שבת,כן,שבת,קמ.,פירוש,לא,
3543,חידושי הריטבא - שבת,כן,שבת,קמ.,פירוש,לא,
3544,חידושי הריטבא - שבת,כן,שבת,קמ.,פירוש,לא,
3547,חידושי הריטבא - שבת,כן,שבת,קמ:,פירוש,לא,
3548,חידושי הריטבא - שבת,כן,שבת,קמ:,פירוש,לא,
3549,חידושי הריטבא - שבת,כן,שבת,קמ:,פירוש,לא,
3550,חידושי הריטבא - שבת,כן,שבת,קמ:,פירוש,לא,
3551,חידושי הריטבא - שבת,כן,שבת,קמ:,פירוש,לא,
3552,חידושי הריטבא - שבת,כן,שבת,קמ:,פירוש,לא,
3555,חידושי הריטבא - שבת,כן,שבת,קמא.,פירוש,לא,
3556,חידושי הריטבא - שבת,כן,שבת,קמא.,פירוש,לא,
3557,חידושי הריטבא - שבת,כן,שבת,קמא.,פירוש,לא,
3558,חידושי הריטבא - שבת,כן,שבת,קמא.,פירוש,לא,
3559,חידושי הריטבא - שבת,כן,שבת,קמא.,פירוש,לא,
3560,חידושי הריטבא - שבת,כן,שבת,קמא.,פירוש,לא,
3561,חידושי הריטבא - שבת,כן,שבת,קמא.,פירוש,לא,
3564,חידושי הריטבא - שבת,כן,שבת,קמא:,פירוש,לא,
3565,חידושי הריטבא - שבת,כן,שבת,קמא:,פירוש,לא,
3566,חידושי הריטבא - שבת,כן,שבת,קמא:,פירוש,לא,
3569,חידושי הריטבא - שבת,כן,שבת,קמא:,פירוש,לא,
3570,חידושי הריטבא - שבת,כן,שבת,קמא:,פירוש,לא,
3571,חידושי הריטבא - שבת,כן,שבת,קמא:,פירוש,לא,
3572,חידושי הריטבא - שבת,כן,שבת,קמא:,פירוש,לא,
3573,חידושי הריטבא - שבת,כן,שבת,קמא:,פירוש,לא,
3574,חידושי הריטבא - שבת,כן,שבת,קמא:,פירוש,לא,
3575,חידושי הריטבא - שבת,כן,שבת,קמא:,פירוש,לא,
3576,חידושי הריטבא - שבת,כן,שבת,קמא:,פירוש,לא,
3577,חידושי הריטבא - שבת,כן,שבת,קמא:,פירוש,לא,
3578,חידושי הריטבא - שבת,כן,שבת,קמא:,פירוש,לא,
3579,חידושי הריטבא - שבת,כן,שבת,קמא:,פירוש,לא,
3580,חידושי הריטבא - שבת,כן,שבת,קמא:,פירוש,לא,
3581,חידושי הריטבא - שבת,כן,שבת,קמא:,פירוש,לא,
3582,חידושי הריטבא - שבת,כן,שבת,קמא:,פירוש,לא,
3585,חידושי הריטבא - שבת,כן,שבת,קמב.,פירוש,לא,
3586,חידושי הריטבא - שבת,כן,שבת,קמב.,פירוש,לא,
3587,חידושי הריטבא - שבת,כן,שבת,קמב.,פירוש,לא,
3588,חידושי הריטבא - שבת,כן,שבת,קמב.,פירוש,לא,
3589,חידושי הריטבא - שבת,כן,שבת,קמב.,פירוש,לא,
3590,חידושי הריטבא - שבת,כן,שבת,קמב.,פירוש,לא,
3591,חידושי הריטבא - שבת,כן,שבת,קמב.,פירוש,לא,
3594,חידושי הריטבא - שבת,כן,שבת,קמב:,פירוש,לא,
3595,חידושי הריטבא - שבת,כן,שבת,קמב:,פירוש,לא,
3596,חידושי הריטבא - שבת,כן,שבת,קמב:,פירוש,לא,
3597,חידושי הריטבא - שבת,כן,שבת,קמב:,פירוש,לא,
3598,חידושי הריטבא - שבת,כן,שבת,קמב:,פירוש,לא,
3599,חידושי הריטבא - שבת,כן,שבת,קמב:,פירוש,לא,
3600,חידושי הריטבא - שבת,כן,שבת,קמב:,פירוש,לא,
3601,חידושי הריטבא - שבת,כן,שבת,קמב:,פירוש,לא,
3602,חידושי הריטבא - שבת,כן,שבת,קמב:,פירוש,לא,
3603,חידושי הריטבא - שבת,כן,שבת,קמב:,פירוש,לא,
3604,חידושי הריטבא - שבת,כן,שבת,קמב:,פירוש,לא,
3605,חידושי הריטבא - שבת,כן,שבת,קמב:,פירוש,לא,
3606,חידושי הריטבא - שבת,כן,שבת,קמב:,פירוש,לא,
3607,חידושי הריטבא - שבת,כן,שבת,קמב:,פירוש,לא,
3608,חידושי הריטבא - שבת,כן,שבת,קמב:,פירוש,לא,
3611,חידושי הריטבא - שבת,כן,שבת,קמג.,פירוש,לא,
3612,חידושי הריטבא - שבת,כן,שבת,קמג.,פירוש,לא,
3613,חידושי הריטבא - שבת,כן,שבת,קמג.,פירוש,לא,
3614,חידושי הריטבא - שבת,כן,שבת,קמג.,פירוש,לא,
3615,חידושי הריטבא - שבת,כן,שבת,קמג.,פירוש,לא,
3616,חידושי הריטבא - שבת,כן,שבת,קמג.,פירוש,לא,
3617,חידושי הריטבא - שבת,כן,שבת,קמג.,פירוש,לא,
3618,חידושי הריטבא - שבת,כן,שבת,קמג.,פירוש,לא,
3619,חידושי הריטבא - שבת,כן,שבת,קמג.,פירוש,לא,
3620,חידושי הריטבא - שבת,כן,שבת,קמג.,פירוש,לא,
3625,חידושי הריטבא - שבת,כן,שבת,קמג:,פירוש,לא,
3626,חידושי הריטבא - שבת,כן,שבת,קמג:,פירוש,לא,
3627,חידושי הריטבא - שבת,כן,שבת,קמג:,פירוש,לא,
3628,חידושי הריטבא - שבת,כן,שבת,קמג:,פירוש,לא,
3629,חידושי הריטבא - שבת,כן,שבת,קמג:,פירוש,לא,
3630,חידושי הריטבא - שבת,כן,שבת,קמג:,פירוש,לא,
3631,חידושי הריטבא - שבת,כן,שבת,קמג:,פירוש,לא,
3632,חידושי הריטבא - שבת,כן,שבת,קמג:,פירוש,לא,
3633,חידושי הריטבא - שבת,כן,שבת,קמג:,פירוש,לא,
3634,חידושי הריטבא - שבת,כן,שבת,קמג:,פירוש,לא,
3635,חידושי הריטבא - שבת,כן,שבת,קמג:,פירוש,לא,
3636,חידושי הריטבא - שבת,כן,שבת,קמג:,פירוש,לא,
3637,חידושי הריטבא - שבת,כן,שבת,קמג:,פירוש,לא,
3638,חידושי הריטבא - שבת,כן,שבת,קמג:,פירוש,לא,
3639,חידושי הריטבא - שבת,כן,שבת,קמג:,פירוש,לא,
3640,חידושי הריטבא - שבת,כן,שבת,קמג:,פירוש,לא,
3643,חידושי הריטבא - שבת,כן,שבת,קמד.,פירוש,לא,
3644,חידושי הריטבא - שבת,כן,שבת,קמד.,פירוש,לא,
3645,חידושי הריטבא - שבת,כן,שבת,קמד.,פירוש,לא,
3646,חידושי הריטבא - שבת,כן,שבת,קמד.,פירוש,לא,
3647,חידושי הריטבא - שבת,כן,שבת,קמד.,פירוש,לא,
3648,חידושי הריטבא - שבת,כן,שבת,קמד.,פירוש,לא,
3649,חידושי הריטבא - שבת,כן,שבת,קמד.,פירוש,לא,
3650,חידושי הריטבא - שבת,כן,שבת,קמד.,פירוש,לא,
3651,חידושי הריטבא - שבת,כן,שבת,קמד.,פירוש,לא,
3652,חידושי הריטבא - שבת,כן,שבת,קמד.,פירוש,לא,
3653,חידושי הריטבא - שבת,כן,שבת,קמד.,פירוש,לא,
3656,חידושי הריטבא - שבת,כן,שבת,קמד:,פירוש,לא,
3657,חידושי הריטבא - שבת,כן,שבת,קמד:,פירוש,לא,
3658,חידושי הריטבא - שבת,כן,שבת,קמד:,פירוש,לא,
3659,חידושי הריטבא - שבת,כן,שבת,קמד:,פירוש,לא,
3660,חידושי הריטבא - שבת,כן,שבת,קמד:,פירוש,לא,
3661,חידושי הריטבא - שבת,כן,שבת,קמד:,פירוש,לא,
3662,חידושי הריטבא - שבת,כן,שבת,קמד:,פירוש,לא,
3663,חידושי הריטבא - שבת,כן,שבת,קמד:,פירוש,לא,
3664,חידושי הריטבא - שבת,כן,שבת,קמד:,פירוש,לא,
3665,חידושי הריטבא - שבת,כן,שבת,קמד:,פירוש,לא,
3666,חידושי הריטבא - שבת,כן,שבת,קמד:,פירוש,לא,
3667,חידושי הריטבא - שבת,כן,שבת,קמד:,פירוש,לא,
3668,חידושי הריטבא - שבת,כן,שבת,קמד:,פירוש,לא,
3669,חידושי הריטבא - שבת,כן,שבת,קמד:,פירוש,לא,
3672,חידושי הריטבא - שבת,כן,שבת,קמה.,פירוש,לא,
3673,חידושי הריטבא - שבת,כן,שבת,קמה.,פירוש,לא,
3674,חידושי הריטבא - שבת,כן,שבת,קמה.,פירוש,לא,
3675,חידושי הריטבא - שבת,כן,שבת,קמה.,פירוש,לא,
3676,חידושי הריטבא - שבת,כן,שבת,קמה.,פירוש,לא,
3677,חידושי הריטבא - שבת,כן,שבת,קמה.,פירוש,לא,
3680,חידושי הריטבא - שבת,כן,שבת,קמו.,פירוש,לא,
3681,חידושי הריטבא - שבת,כן,שבת,קמו.,פירוש,לא,
3682,חידושי הריטבא - שבת,כן,שבת,קמו.,פירוש,לא,
3683,חידושי הריטבא - שבת,כן,שבת,קמו.,פירוש,לא,
3686,חידושי הריטבא - שבת,כן,שבת,קמו:,פירוש,לא,
3687,חידושי הריטבא - שבת,כן,שבת,קמו:,פירוש,לא,
3688,חידושי הריטבא - שבת,כן,שבת,קמו:,פירוש,לא,
3689,חידושי הריטבא - שבת,כן,שבת,קמו:,פירוש,לא,
3690,חידושי הריטבא - שבת,כן,שבת,קמו:,פירוש,לא,
3693,חידושי הריטבא - שבת,כן,שבת,קמז.,פירוש,לא,
3694,חידושי הריטבא - שבת,כן,שבת,קמז.,פירוש,לא,
3695,חידושי הריטבא - שבת,כן,שבת,קמז.,פירוש,לא,
3696,חידושי הריטבא - שבת,כן,שבת,קמז.,פירוש,לא,
3697,חידושי הריטבא - שבת,כן,שבת,קמז.,פירוש,לא,
3698,חידושי הריטבא - שבת,כן,שבת,קמז.,פירוש,לא,
3699,חידושי הריטבא - שבת,כן,שבת,קמז.,פירוש,לא,
3700,חידושי הריטבא - שבת,כן,שבת,קמז.,פירוש,לא,
3701,חידושי הריטבא - שבת,כן,שבת,קמז.,פירוש,לא,
3702,חידושי הריטבא - שבת,כן,שבת,קמז.,פירוש,לא,
3703,חידושי הריטבא - שבת,כן,שבת,קמז.,פירוש,לא,
3704,חידושי הריטבא - שבת,כן,שבת,קמז.,פירוש,לא,
3705,חידושי הריטבא - שבת,כן,שבת,קמז.,פירוש,לא,
3708,חידושי הריטבא - שבת,כן,שבת,קמז:,פירוש,לא,
3709,חידושי הריטבא - שבת,כן,שבת,קמז:,פירוש,לא,
3710,חידושי הריטבא - שבת,כן,שבת,קמז:,פירוש,לא,
3711,חידושי הריטבא - שבת,כן,שבת,קמז:,פירוש,לא,
3712,חידושי הריטבא - שבת,כן,שבת,קמז:,פירוש,לא,
3713,חידושי הריטבא - שבת,כן,שבת,קמז:,פירוש,לא,
3714,חידושי הריטבא - שבת,כן,שבת,קמז:,פירוש,לא,
3717,חידושי הריטבא - שבת,כן,שבת,קמח.,פירוש,לא,
3720,חידושי הריטבא - שבת,כן,שבת,קמח.,פירוש,לא,
3721,חידושי הריטבא - שבת,כן,שבת,קמח.,פירוש,לא,
3722,חידושי הריטבא - שבת,כן,שבת,קמח.,פירוש,לא,
3723,חידושי הריטבא - שבת,כן,שבת,קמח.,פירוש,לא,
3724,חידושי הריטבא - שבת,כן,שבת,קמח.,פירוש,לא,
3725,חידושי הריטבא - שבת,כן,שבת,קמח.,פירוש,לא,
3726,חידושי הריטבא - שבת,כן,שבת,קמח.,פירוש,לא,
3727,חידושי הריטבא - שבת,כן,שבת,קמח.,פירוש,לא,
3728,חידושי הריטבא - שבת,כן,שבת,קמח.,פירוש,לא,
3729,חידושי הריטבא - שבת,כן,שבת,קמח.,פירוש,לא,
3730,חידושי הריטבא - שבת,כן,שבת,קמח.,פירוש,לא,
3731,חידושי הריטבא - שבת,כן,שבת,קמח.,פירוש,לא,
3734,חידושי הריטבא - שבת,כן,שבת,קמח:,פירוש,לא,
3735,חידושי הריטבא - שבת,כן,שבת,קמח:,פירוש,לא,
3736,חידושי הריטבא - שבת,כן,שבת,קמח:,פירוש,לא,
3737,חידושי הריטבא - שבת,כן,שבת,קמח:,פירוש,לא,
3738,חידושי הריטבא - שבת,כן,שבת,קמח:,פירוש,לא,
3739,חידושי הריטבא - שבת,כן,שבת,קמח:,פירוש,לא,
3740,חידושי הריטבא - שבת,כן,שבת,קמח:,פירוש,לא,
3741,חידושי הריטבא - שבת,כן,שבת,קמח:,פירוש,לא,
3742,חידושי הריטבא - שבת,כן,שבת,קמח:,פירוש,לא,
3743,חידושי הריטבא - שבת,כן,שבת,קמח:,פירוש,לא,
3744,חידושי הריטבא - שבת,כן,שבת,קמח:,פירוש,לא,
3745,חידושי הריטבא - שבת,כן,שבת,קמח:,פירוש,לא,
3746,חידושי הריטבא - שבת,כן,שבת,קמח:,פירוש,לא,
3747,חידושי הריטבא - שבת,כן,שבת,קמח:,פירוש,לא,
3748,חידושי הריטבא - שבת,כן,שבת,קמח:,פירוש,לא,
3749,חידושי הריטבא - שבת,כן,שבת,קמח:,פירוש,לא,
3750,חידושי הריטבא - שבת,כן,שבת,קמח:,פירוש,לא,
3751,חידושי הריטבא - שבת,כן,שבת,קמח:,פירוש,לא,
3752,חידושי הריטבא - שבת,כן,שבת,קמח:,פירוש,לא,
3753,חידושי הריטבא - שבת,כן,שבת,קמח:,פירוש,לא,
3756,חידושי הריטבא - שבת,כן,שבת,קמט.,פירוש,לא,
3757,חידושי הריטבא - שבת,כן,שבת,קמט.,פירוש,לא,
3758,חידושי הריטבא - שבת,כן,שבת,קמט.,פירוש,לא,
3759,חידושי הריטבא - שבת,כן,שבת,קמט.,פירוש,לא,
3760,חידושי הריטבא - שבת,כן,שבת,קמט.,פירוש,לא,
3761,חידושי הריטבא - שבת,כן,שבת,קמט.,פירוש,לא,
3762,חידושי הריטבא - שבת,כן,שבת,קמט.,פירוש,לא,
3763,חידושי הריטבא - שבת,כן,שבת,קמט.,פירוש,לא,
3764,חידושי הריטבא - שבת,כן,שבת,קמט.,פירוש,לא,
3765,חידושי הריטבא - שבת,כן,שבת,קמט.,פירוש,לא,
3766,חידושי הריטבא - שבת,כן,שבת,קמט.,פירוש,לא,
3769,חידושי הריטבא - שבת,כן,שבת,קמט:,פירוש,לא,
3770,חידושי הריטבא - שבת,כן,שבת,קמט:,פירוש,לא,
3773,חידושי הריטבא - שבת,כן,שבת,קנ.,פירוש,לא,
3774,חידושי הריטבא - שבת,כן,שבת,קנ.,פירוש,לא,
3775,חידושי הריטבא - שבת,כן,שבת,קנ.,פירוש,לא,
3778,חידושי הריטבא - שבת,כן,שבת,קנ:,פירוש,לא,
3779,חידושי הריטבא - שבת,כן,שבת,קנ:,פירוש,לא,
3780,חידושי הריטבא - שבת,כן,שבת,קנ:,פירוש,לא,
3781,חידושי הריטבא - שבת,כן,שבת,קנ:,פירוש,לא,
3782,חידושי הריטבא - שבת,כן,שבת,קנ:,פירוש,לא,
3783,חידושי הריטבא - שבת,כן,שבת,קנ:,פירוש,לא,
3784,חידושי הריטבא - שבת,כן,שבת,קנ:,פירוש,לא,
3785,חידושי הריטבא - שבת,כן,שבת,קנ:,פירוש,לא,
3786,חידושי הריטבא - שבת,כן,שבת,קנ:,פירוש,לא,
3787,חידושי הריטבא - שבת,כן,שבת,קנ:,פירוש,לא,
3788,חידושי הריטבא - שבת,כן,שבת,קנ:,פירוש,לא,
3789,חידושי הריטבא - שבת,כן,שבת,קנ:,פירוש,לא,
3790,חידושי הריטבא - שבת,כן,שבת,קנ:,פירוש,לא,
3793,חידושי הריטבא - שבת,כן,שבת,קנא.,פירוש,לא,
3794,חידושי הריטבא - שבת,כן,שבת,קנא.,פירוש,לא,
3795,חידושי הריטבא - שבת,כן,שבת,קנא.,פירוש,לא,
3796,חידושי הריטבא - שבת,כן,שבת,קנא.,פירוש,לא,
3797,חידושי הריטבא - שבת,כן,שבת,קנא.,פירוש,לא,
3798,חידושי הריטבא - שבת,כן,שבת,קנא.,פירוש,לא,
3799,חידושי הריטבא - שבת,כן,שבת,קנא.,פירוש,לא,
3800,חידושי הריטבא - שבת,כן,שבת,קנא.,פירוש,לא,
3801,חידושי הריטבא - שבת,כן,שבת,קנא.,פירוש,לא,
3802,חידושי הריטבא - שבת,כן,שבת,קנא.,פירוש,לא,
3803,חידושי הריטבא - שבת,כן,שבת,קנא.,פירוש,לא,
3804,חידושי הריטבא - שבת,כן,שבת,קנא.,פירוש,לא,
3805,חידושי הריטבא - שבת,כן,שבת,קנא.,פירוש,לא,
3806,חידושי הריטבא - שבת,כן,שבת,קנא.,פירוש,לא,
3807,חידושי הריטבא - שבת,כן,שבת,קנא.,פירוש,לא,
3808,חידושי הריטבא - שבת,כן,שבת,קנא.,פירוש,לא,
3809,חידושי הריטבא - שבת,כן,שבת,קנא.,פירוש,לא,
3810,חידושי הריטבא - שבת,כן,שבת,קנא.,פירוש,לא,
3811,חידושי הריטבא - שבת,כן,שבת,קנא.,פירוש,לא,
3812,חידושי הריטבא - שבת,כן,שבת,קנא.,פירוש,לא,
3813,חידושי הריטבא - שבת,כן,שבת,קנא.,פירוש,לא,
3814,חידושי הריטבא - שבת,כן,שבת,קנא.,פירוש,לא,
3815,חידושי הריטבא - שבת,כן,שבת,קנא.,פירוש,לא,
3816,חידושי הריטבא - שבת,כן,שבת,קנא.,פירוש,לא,
3819,חידושי הריטבא - שבת,כן,שבת,קנא:,פירוש,לא,
3820,חידושי הריטבא - שבת,כן,שבת,קנא:,פירוש,לא,
3825,חידושי הריטבא - שבת,כן,שבת,קנג.,פירוש,לא,
3826,חידושי הריטבא - שבת,כן,שבת,קנג.,פירוש,לא,
3827,חידושי הריטבא - שבת,כן,שבת,קנג.,פירוש,לא,
3828,חידושי הריטבא - שבת,כן,שבת,קנג.,פירוש,לא,
3829,חידושי הריטבא - שבת,כן,שבת,קנג.,פירוש,לא,
3830,חידושי הריטבא - שבת,כן,שבת,קנג.,פירוש,לא,
3831,חידושי הריטבא - שבת,כן,שבת,קנג.,פירוש,לא,
3832,חידושי הריטבא - שבת,כן,שבת,קנג.,פירוש,לא,
3833,חידושי הריטבא - שבת,כן,שבת,קנג.,פירוש,לא,
3834,חידושי הריטבא - שבת,כן,שבת,קנג.,פירוש,לא,
3837,חידושי הריטבא - שבת,כן,שבת,קנג:,פירוש,לא,
3838,חידושי הריטבא - שבת,כן,שבת,קנג:,פירוש,לא,
3839,חידושי הריטבא - שבת,כן,שבת,קנג:,פירוש,לא,
3840,חידושי הריטבא - שבת,כן,שבת,קנג:,פירוש,לא,
3841,חידושי הריטבא - שבת,כן,שבת,קנג:,פירוש,לא,
3842,חידושי הריטבא - שבת,כן,שבת,קנג:,פירוש,לא,
3843,חידושי הריטבא - שבת,כן,שבת,קנג:,פירוש,לא,
3844,חידושי הריטבא - שבת,כן,שבת,קנג:,פירוש,לא,
3847,חידושי הריטבא - שבת,כן,שבת,קנד:,פירוש,לא,
3848,חידושי הריטבא - שבת,כן,שבת,קנד:,פירוש,לא,
3849,חידושי הריטבא - שבת,כן,שבת,קנד:,פירוש,לא,
3850,חידושי הריטבא - שבת,כן,שבת,קנד:,פירוש,לא,
3851,חידושי הריטבא - שבת,כן,שבת,קנד:,פירוש,לא,
3852,חידושי הריטבא - שבת,כן,שבת,קנד:,פירוש,לא,
3853,חידושי הריטבא - שבת,כן,שבת,קנד:,פירוש,לא,
3854,חידושי הריטבא - שבת,כן,שבת,קנד:,פירוש,לא,
3855,חידושי הריטבא - שבת,כן,שבת,קנד:,פירוש,לא,
3856,חידושי הריטבא - שבת,כן,שבת,קנד:,פירוש,לא,
3857,חידושי הריטבא - שבת,כן,שבת,קנד:,פירוש,לא,
3858,חידושי הריטבא - שבת,כן,שבת,קנד:,פירוש,לא,
3859,חידושי הריטבא - שבת,כן,שבת,קנד:,פירוש,לא,
3860,חידושי הריטבא - שבת,כן,שבת,קנד:,פירוש,לא,
3861,חידושי הריטבא - שבת,כן,שבת,קנד:,פירוש,לא,
3862,חידושי הריטבא - שבת,כן,שבת,קנד:,פירוש,לא,
3865,חידושי הריטבא - שבת,כן,שבת,קנה.,פירוש,לא,
3866,חידושי הריטבא - שבת,כן,שבת,קנה.,פירוש,לא,
3867,חידושי הריטבא - שבת,כן,שבת,קנה.,פירוש,לא,
3868,חידושי הריטבא - שבת,כן,שבת,קנה.,פירוש,לא,
3871,חידושי הריטבא - שבת,כן,שבת,קנה:,פירוש,לא,
3872,חידושי הריטבא - שבת,כן,שבת,קנה:,פירוש,לא,
3873,חידושי הריטבא - שבת,כן,שבת,קנה:,פירוש,לא,
3874,חידושי הריטבא - שבת,כן,שבת,קנה:,פירוש,לא,
3875,חידושי הריטבא - שבת,כן,שבת,קנה:,פירוש,לא,
3876,חידושי הריטבא - שבת,כן,שבת,קנה:,פירוש,לא,
3877,חידושי הריטבא - שבת,כן,שבת,קנה:,פירוש,לא,
3878,חידושי הריטבא - שבת,כן,שבת,קנה:,פירוש,לא,
3881,חידושי הריטבא - שבת,כן,שבת,קנו.,פירוש,לא,
3882,חידושי הריטבא - שבת,כן,שבת,קנו.,פירוש,לא,
3883,חידושי הריטבא - שבת,כן,שבת,קנו.,פירוש,לא,
3884,חידושי הריטבא - שבת,כן,שבת,קנו.,פירוש,לא,
3885,חידושי הריטבא - שבת,כן,שבת,קנו.,פירוש,לא,
3886,חידושי הריטבא - שבת,כן,שבת,קנו.,פירוש,לא,
3887,חידושי הריטבא - שבת,כן,שבת,קנו.,פירוש,לא,
3888,חידושי הריטבא - שבת,כן,שבת,קנו.,פירוש,לא,
3889,חידושי הריטבא - שבת,כן,שבת,קנו.,פירוש,לא,
3890,חידושי הריטבא - שבת,כן,שבת,קנו.,פירוש,לא,
3891,חידושי הריטבא - שבת,כן,שבת,קנו.,פירוש,לא,
3892,חידושי הריטבא - שבת,כן,שבת,קנו.,פירוש,לא,
3895,חידושי הריטבא - שבת,כן,שבת,קנו:,פירוש,לא,
3896,חידושי הריטבא - שבת,כן,שבת,קנו:,פירוש,לא,
3897,חידושי הריטבא - שבת,כן,שבת,קנו:,פירוש,לא,
3898,חידושי הריטבא - שבת,כן,שבת,קנו:,פירוש,לא,
3899,חידושי הריטבא - שבת,כן,שבת,קנו:,פירוש,לא,
3900,חידושי הריטבא - שבת,כן,שבת,קנו:,פירוש,לא,
3901,חידושי הריטבא - שבת,כן,שבת,קנו:,פירוש,לא,
3904,חידושי הריטבא - שבת,כן,שבת,קנז.,פירוש,לא,
3905,חידושי הריטבא - שבת,כן,שבת,קנז.,פירוש,לא,
3906,חידושי הריטבא - שבת,כן,שבת,קנז.,פירוש,לא,
3907,חידושי הריטבא - שבת,כן,שבת,קנז.,פירוש,לא,
3908,חידושי הריטבא - שבת,כן,שבת,קנז.,פירוש,לא,
3909,חידושי הריטבא - שבת,כן,שבת,קנז.,פירוש,לא,
3910,חידושי הריטבא - שבת,כן,שבת,קנז.,פירוש,לא,
3912,חידושי הריטבא - שבת,כן,שבת,קנז:,פירוש,לא,
3913,חידושי הריטבא - שבת,כן,שבת,קנז:,פירוש,לא,
5,חידושי הריטבא בבא מציעא פרק איזהו נשך,כן,בבא מציעא,ס:,פירוש,לא,
6,חידושי הריטבא בבא מציעא פרק איזהו נשך,כן,בבא מציעא,ס:,פירוש,לא,
7,חידושי הריטבא בבא מציעא פרק איזהו נשך,כן,בבא מציעא,ס:,פירוש,לא,
8,חידושי הריטבא בבא מציעא פרק איזהו נשך,כן,בבא מציעא,ס:,פירוש,לא,
9,חידושי הריטבא בבא מציעא פרק איזהו נשך,כן,בבא מציעא,ס:,פירוש,לא,
10,חידושי הריטבא בבא מציעא פרק איזהו נשך,כן,בבא מציעא,ס:,פירוש,לא,
11,חידושי הריטבא בבא מציעא פרק איזהו נשך,כן,בבא מציעא,ס:,פירוש,לא,
13,חידושי הריטבא בבא מציעא פרק איזהו נשך,כן,בבא מציעא,סא.,פירוש,לא,
14,חידושי הריטבא בבא מציעא פרק איזהו נשך,כן,בבא מציעא,סא.,פירוש,לא,
15,חידושי הריטבא בבא מציעא פרק איזהו נשך,כן,בבא מציעא,סא.,פירוש,לא,
16,חידושי הריטבא בבא מציעא פרק איזהו נשך,כן,בבא מציעא,סא.,פירוש,לא,
17,חידושי הריטבא בבא מציעא פרק איזהו נשך,כן,בבא מציעא,סא.,פירוש,לא,
18,חידושי הריטבא בבא מציעא פרק איזהו נשך,כן,בבא מציעא,סא.,פירוש,לא,
19,חידושי הריטבא בבא מציעא פרק איזהו נשך,כן,בבא מציעא,סא.,פירוש,לא,
20,חידושי הריטבא בבא מציעא פרק איזהו נשך,כן,בבא מציעא,סא.,פירוש,לא,
21,חידושי הריטבא בבא מציעא פרק איזהו נשך,כן,בבא מציעא,סא.,פירוש,לא,
23,חידושי הריטבא בבא מציעא פרק איזהו נשך,כן,בבא מציעא,סא:,פירוש,לא,
24,חידושי הריטבא בבא מציעא פרק איזהו נשך,כן,בבא מציעא,סא:,פירוש,לא,
25,חידושי הריטבא בבא מציעא פרק איזהו נשך,כן,בבא מציעא,סא:,פירוש,לא,
26,חידושי הריטבא בבא מציעא פרק איזהו נשך,כן,בבא מציעא,סא:,פירוש,לא,
27,חידושי הריטבא בבא מציעא פרק איזהו נשך,כן,בבא מציעא,סא:,פירוש,לא,
28,חידושי הריטבא בבא מציעא פרק איזהו נשך,כן,בבא מציעא,סא:,פירוש,לא,
29,חידושי הריטבא בבא מציעא פרק איזהו נשך,כן,בבא מציעא,סא:,פירוש,לא,
30,חידושי הריטבא בבא מציעא פרק איזהו נשך,כן,בבא מציעא,סא:,פירוש,לא,
31,חידושי הריטבא בבא מציעא פרק איזהו נשך,כן,בבא מציעא,סא:,פירוש,לא,
32,חידושי הריטבא בבא מציעא פרק איזהו נשך,כן,בבא מציעא,סא:,פירוש,לא,
33,חידושי הריטבא בבא מציעא פרק איזהו נשך,כן,בבא מציעא,סא:,פירוש,לא,
35,חידושי הריטבא בבא מציעא פרק איזהו נשך,כן,בבא מציעא,סב.,פירוש,לא,
36,חידושי הריטבא בבא מציעא פרק איזהו נשך,כן,בבא מציעא,סב.,פירוש,לא,
37,חידושי הריטבא בבא מציעא פרק איזהו נשך,כן,בבא מציעא,סב.,פירוש,לא,
38,חידושי הריטבא בבא מציעא פרק איזהו נשך,כן,בבא מציעא,סב.,פירוש,לא,
39,חידושי הריטבא בבא מציעא פרק איזהו נשך,כן,בבא מציעא,סב.,פירוש,לא,
40,חידושי הריטבא בבא מציעא פרק איזהו נשך,כן,בבא מציעא,סב.,פירוש,לא,
41,חידושי הריטבא בבא מציעא פרק איזהו נשך,כן,בבא מציעא,סב.,פירוש,לא,
42,חידושי הריטבא בבא מציעא פרק איזהו נשך,כן,בבא מציעא,סב.,פירוש,לא,
43,חידושי הריטבא בבא מציעא פרק איזהו נשך,כן,בבא מציעא,סב.,פירוש,לא,
44,חידושי הריטבא בבא מציעא פרק איזהו נשך,כן,בבא מציעא,סב.,פירוש,לא,
46,חידושי הריטבא בבא מציעא פרק איזהו נשך,כן,בבא מציעא,סב:,פירוש,לא,
47,חידושי הריטבא בבא מציעא פרק איזהו נשך,כן,בבא מציעא,סב:,פירוש,לא,
48,חידושי הריטבא בבא מציעא פרק איזהו נשך,כן,בבא מציעא,סב:,פירוש,לא,
49,חידושי הריטבא בבא מציעא פרק איזהו נשך,כן,בבא מציעא,סב:,פירוש,לא,
50,חידושי הריטבא בבא מציעא פרק איזהו נשך,כן,בבא מציעא,סב:,פירוש,לא,
51,חידושי הריטבא בבא מציעא פרק איזהו נשך,כן,בבא מציעא,סב:,פירוש,לא,
52,חידושי הריטבא בבא מציעא פרק איזהו נשך,כן,בבא מציעא,סב:,פירוש,לא,
53,חידושי הריטבא בבא מציעא פרק איזהו נשך,כן,בבא מציעא,סב:,פירוש,לא,
54,חידושי הריטבא בבא מציעא פרק איזהו נשך,כן,בבא מציעא,סב:,פירוש,לא,
55,חידושי הריטבא בבא מציעא פרק איזהו נשך,כן,בבא מציעא,סב:,פירוש,לא,
56,חידושי הריטבא בבא מציעא פרק איזהו נשך,כן,בבא מציעא,סב:,פירוש,לא,
57,חידושי הריטבא בבא מציעא פרק איזהו נשך,כן,בבא מציעא,סב:,פירוש,לא,
58,חידושי הריטבא בבא מציעא פרק איזהו נשך,כן,בבא מציעא,סב:,פירוש,לא,
59,חידושי הריטבא בבא מציעא פרק איזהו נשך,כן,בבא מציעא,סב:,פירוש,לא,
60,חידושי הריטבא בבא מציעא פרק איזהו נשך,כן,בבא מציעא,סב:,פירוש,לא,
61,חידושי הריטבא בבא מציעא פרק איזהו נשך,כן,בבא מציעא,סב:,פירוש,לא,
62,חידושי הריטבא בבא מציעא פרק איזהו נשך,כן,בבא מציעא,סב:,פירוש,לא,
64,חידושי הריטבא בבא מציעא פרק איזהו נשך,כן,בבא מציעא,סג.,פירוש,לא,
65,חידושי הריטבא בבא מציעא פרק איזהו נשך,כן,בבא מציעא,סג.,פירוש,לא,
66,חידושי הריטבא בבא מציעא פרק איזהו נשך,כן,בבא מציעא,סג.,פירוש,לא,
67,חידושי הריטבא בבא מציעא פרק איזהו נשך,כן,בבא מציעא,סג.,פירוש,לא,
68,חידושי הריטבא בבא מציעא פרק איזהו נשך,כן,בבא מציעא,סג.,פירוש,לא,
69,חידושי הריטבא בבא מציעא פרק איזהו נשך,כן,בבא מציעא,סג.,פירוש,לא,
70,חידושי הריטבא בבא מציעא פרק איזהו נשך,כן,בבא מציעא,סג.,פירוש,לא,
71,חידושי הריטבא בבא מציעא פרק איזהו נשך,כן,בבא מציעא,סג.,פירוש,לא,
72,חידושי הריטבא בבא מציעא פרק איזהו נשך,כן,בבא מציעא,סג.,פירוש,לא,
73,חידושי הריטבא בבא מציעא פרק איזהו נשך,כן,בבא מציעא,סג.,פירוש,לא,
74,חידושי הריטבא בבא מציעא פרק איזהו נשך,כן,בבא מציעא,סג.,פירוש,לא,
75,חידושי הריטבא בבא מציעא פרק איזהו נשך,כן,בבא מציעא,סג.,פירוש,לא,
76,חידושי הריטבא בבא מציעא פרק איזהו נשך,כן,בבא מציעא,סג.,פירוש,לא,
77,חידושי הריטבא בבא מציעא פרק איזהו נשך,כן,בבא מציעא,סג.,פירוש,לא,
78,חידושי הריטבא בבא מציעא פרק איזהו נשך,כן,בבא מציעא,סג.,פירוש,לא,
79,חידושי הריטבא בבא מציעא פרק איזהו נשך,כן,בבא מציעא,סג.,פירוש,לא,
80,חידושי הריטבא בבא מציעא פרק איזהו נשך,כן,בבא מציעא,סג.,פירוש,לא,
81,חידושי הריטבא בבא מציעא פרק איזהו נשך,כן,בבא מציעא,סג.,פירוש,לא,
82,חידושי הריטבא בבא מציעא פרק איזהו נשך,כן,בבא מציעא,סג.,פירוש,לא,
83,חידושי הריטבא בבא מציעא פרק איזהו נשך,כן,בבא מציעא,סג.,פירוש,לא,
84,חידושי הריטבא בבא מציעא פרק איזהו נשך,כן,בבא מציעא,סג.,פירוש,לא,
85,חידושי הריטבא בבא מציעא פרק איזהו נשך,כן,בבא מציעא,סג.,פירוש,לא,
87,חידושי הריטבא בבא מציעא פרק איזהו נשך,כן,בבא מציעא,סג:,פירוש,לא,
88,חידושי הריטבא בבא מציעא פרק איזהו נשך,כן,בבא מציעא,סג:,פירוש,לא,
89,חידושי הריטבא בבא מציעא פרק איזהו נשך,כן,בבא מציעא,סג:,פירוש,לא,
90,חידושי הריטבא בבא מציעא פרק איזהו נשך,כן,בבא מציעא,סג:,פירוש,לא,
91,חידושי הריטבא בבא מציעא פרק איזהו נשך,כן,בבא מציעא,סג:,פירוש,לא,
93,חידושי הריטבא בבא מציעא פרק איזהו נשך,כן,בבא מציעא,סד.,פירוש,לא,
94,חידושי הריטבא בבא מציעא פרק איזהו נשך,כן,בבא מציעא,סד.,פירוש,לא,
95,חידושי הריטבא בבא מציעא פרק איזהו נשך,כן,בבא מציעא,סד.,פירוש,לא,
96,חידושי הריטבא בבא מציעא פרק איזהו נשך,כן,בבא מציעא,סד.,פירוש,לא,
97,חידושי הריטבא בבא מציעא פרק איזהו נשך,כן,בבא מציעא,סד.,פירוש,לא,
98,חידושי הריטבא בבא מציעא פרק איזהו נשך,כן,בבא מציעא,סד.,פירוש,לא,
99,חידושי הריטבא בבא מציעא פרק איזהו נשך,כן,בבא מציעא,סד.,פירוש,לא,
101,חידושי הריטבא בבא מציעא פרק איזהו נשך,כן,בבא מציעא,סד:,פירוש,לא,
102,חידושי הריטבא בבא מציעא פרק איזהו נשך,כן,בבא מציעא,סד:,פירוש,לא,
103,חידושי הריטבא בבא מציעא פרק איזהו נשך,כן,בבא מציעא,סד:,פירוש,לא,
104,חידושי הריטבא בבא מציעא פרק איזהו נשך,כן,בבא מציעא,סד:,פירוש,לא,
105,חידושי הריטבא בבא מציעא פרק איזהו נשך,כן,בבא מציעא,סד:,פירוש,לא,
106,חידושי הריטבא בבא מציעא פרק איזהו נשך,כן,בבא מציעא,סד:,פירוש,לא,
107,חידושי הריטבא בבא מציעא פרק איזהו נשך,כן,בבא מציעא,סד:,פירוש,לא,
108,חידושי הריטבא בבא מציעא פרק איזהו נשך,כן,בבא מציעא,סד:,פירוש,לא,
110,חידושי הריטבא בבא מציעא פרק איזהו נשך,כן,בבא מציעא,סה.,פירוש,לא,
111,חידושי הריטבא בבא מציעא פרק איזהו נשך,כן,בבא מציעא,סה.,פירוש,לא,
112,חידושי הריטבא בבא מציעא פרק איזהו נשך,כן,בבא מציעא,סה.,פירוש,לא,
113,חידושי הריטבא בבא מציעא פרק איזהו נשך,כן,בבא מציעא,סה.,פירוש,לא,
114,חידושי הריטבא בבא מציעא פרק איזהו נשך,כן,בבא מציעא,סה.,פירוש,לא,
115,חידושי הריטבא בבא מציעא פרק איזהו נשך,כן,בבא מציעא,סה.,פירוש,לא,
116,חידושי הריטבא בבא מציעא פרק איזהו נשך,כן,בבא מציעא,סה.,פירוש,לא,
117,חידושי הריטבא בבא מציעא פרק איזהו נשך,כן,בבא מציעא,סה.,פירוש,לא,
118,חידושי הריטבא בבא מציעא פרק איזהו נשך,כן,בבא מציעא,סה.,פירוש,לא,
119,חידושי הריטבא בבא מציעא פרק איזהו נשך,כן,בבא מציעא,סה.,פירוש,לא,
120,חידושי הריטבא בבא מציעא פרק איזהו נשך,כן,בבא מציעא,סה.,פירוש,לא,
122,חידושי הריטבא בבא מציעא פרק איזהו נשך,כן,בבא מציעא,סה:,פירוש,לא,
123,חידושי הריטבא בבא מציעא פרק איזהו נשך,כן,בבא מציעא,סה:,פירוש,לא,
124,חידושי הריטבא בבא מציעא פרק איזהו נשך,כן,בבא מציעא,סה:,פירוש,לא,
125,חידושי הריטבא בבא מציעא פרק איזהו נשך,כן,בבא מציעא,סה:,פירוש,לא,
126,חידושי הריטבא בבא מציעא פרק איזהו נשך,כן,בבא מציעא,סה:,פירוש,לא,
127,חידושי הריטבא בבא מציעא פרק איזהו נשך,כן,בבא מציעא,סה:,פירוש,לא,
128,חידושי הריטבא בבא מציעא פרק איזהו נשך,כן,בבא מציעא,סה:,פירוש,לא,
130,חידושי הריטבא בבא מציעא פרק איזהו נשך,כן,בבא מציעא,סו.,פירוש,לא,
131,חידושי הריטבא בבא מציעא פרק איזהו נשך,כן,בבא מציעא,סו.,פירוש,לא,
132,חידושי הריטבא בבא מציעא פרק איזהו נשך,כן,בבא מציעא,סו.,פירוש,לא,
133,חידושי הריטבא בבא מציעא פרק איזהו נשך,כן,בבא מציעא,סו.,פירוש,לא,
134,חידושי הריטבא בבא מציעא פרק איזהו נשך,כן,בבא מציעא,סו.,פירוש,לא,
136,חידושי הריטבא בבא מציעא פרק איזהו נשך,כן,בבא מציעא,סו:,פירוש,לא,
137,חידושי הריטבא בבא מציעא פרק איזהו נשך,כן,בבא מציעא,סו:,פירוש,לא,
138,חידושי הריטבא בבא מציעא פרק איזהו נשך,כן,בבא מציעא,סו:,פירוש,לא,
139,חידושי הריטבא בבא מציעא פרק איזהו נשך,כן,בבא מציעא,סו:,פירוש,לא,
140,חידושי הריטבא בבא מציעא פרק איזהו נשך,כן,בבא מציעא,סו:,פירוש,לא,
141,חידושי הריטבא בבא מציעא פרק איזהו נשך,כן,בבא מציעא,סו:,פירוש,לא,
142,חידושי הריטבא בבא מציעא פרק איזהו נשך,כן,בבא מציעא,סו:,פירוש,לא,
143,חידושי הריטבא בבא מציעא פרק איזהו נשך,כן,בבא מציעא,סו:,פירוש,לא,
144,חידושי הריטבא בבא מציעא פרק איזהו נשך,כן,בבא מציעא,סו:,פירוש,לא,
145,חידושי הריטבא בבא מציעא פרק איזהו נשך,כן,בבא מציעא,סו:,פירוש,לא,
146,חידושי הריטבא בבא מציעא פרק איזהו נשך,כן,בבא מציעא,סו:,פירוש,לא,
147,חידושי הריטבא בבא מציעא פרק איזהו נשך,כן,בבא מציעא,סו:,פירוש,לא,
148,חידושי הריטבא בבא מציעא פרק איזהו נשך,כן,בבא מציעא,סו:,פירוש,לא,
149,חידושי הריטבא בבא מציעא פרק איזהו נשך,כן,בבא מציעא,סו:,פירוש,לא,
150,חידושי הריטבא בבא מציעא פרק איזהו נשך,כן,בבא מציעא,סו:,פירוש,לא,
152,חידושי הריטבא בבא מציעא פרק איזהו נשך,כן,בבא מציעא,סז.,פירוש,לא,
153,חידושי הריטבא בבא מציעא פרק איזהו נשך,כן,בבא מציעא,סז.,פירוש,לא,
154,חידושי הריטבא בבא מציעא פרק איזהו נשך,כן,בבא מציעא,סז.,פירוש,לא,
155,חידושי הריטבא בבא מציעא פרק איזהו נשך,כן,בבא מציעא,סז.,פירוש,לא,
156,חידושי הריטבא בבא מציעא פרק איזהו נשך,כן,בבא מציעא,סז.,פירוש,לא,
157,חידושי הריטבא בבא מציעא פרק איזהו נשך,כן,בבא מציעא,סז.,פירוש,לא,
158,חידושי הריטבא בבא מציעא פרק איזהו נשך,כן,בבא מציעא,סז.,פירוש,לא,
159,חידושי הריטבא בבא מציעא פרק איזהו נשך,כן,בבא מציעא,סז.,פירוש,לא,
160,חידושי הריטבא בבא מציעא פרק איזהו נשך,כן,בבא מציעא,סז.,פירוש,לא,
161,חידושי הריטבא בבא מציעא פרק איזהו נשך,כן,בבא מציעא,סז.,פירוש,לא,
162,חידושי הריטבא בבא מציעא פרק איזהו נשך,כן,בבא מציעא,סז.,פירוש,לא,
163,חידושי הריטבא בבא מציעא פרק איזהו נשך,כן,בבא מציעא,סז.,פירוש,לא,
164,חידושי הריטבא בבא מציעא פרק איזהו נשך,כן,בבא מציעא,סז.,פירוש,לא,
166,חידושי הריטבא בבא מציעא פרק איזהו נשך,כן,בבא מציעא,סז:,פירוש,לא,
167,חידושי הריטבא בבא מציעא פרק איזהו נשך,כן,בבא מציעא,סז:,פירוש,לא,
168,חידושי הריטבא בבא מציעא פרק איזהו נשך,כן,בבא מציעא,סז:,פירוש,לא,
169,חידושי הריטבא בבא מציעא פרק איזהו נשך,כן,בבא מציעא,סז:,פירוש,לא,
170,חידושי הריטבא בבא מציעא פרק איזהו נשך,כן,בבא מציעא,סז:,פירוש,לא,
171,חידושי הריטבא בבא מציעא פרק איזהו נשך,כן,בבא מציעא,סז:,פירוש,לא,
172,חידושי הריטבא בבא מציעא פרק איזהו נשך,כן,בבא מציעא,סז:,פירוש,לא,
173,חידושי הריטבא בבא מציעא פרק איזהו נשך,כן,בבא מציעא,סז:,פירוש,לא,
174,חידושי הריטבא בבא מציעא פרק איזהו נשך,כן,בבא מציעא,סז:,פירוש,לא,
175,חידושי הריטבא בבא מציעא פרק איזהו נשך,כן,בבא מציעא,סז:,פירוש,לא,
176,חידושי הריטבא בבא מציעא פרק איזהו נשך,כן,בבא מציעא,סז:,פירוש,לא,
177,חידושי הריטבא בבא מציעא פרק איזהו נשך,כן,בבא מציעא,סז:,פירוש,לא,
178,חידושי הריטבא בבא מציעא פרק איזהו נשך,כן,בבא מציעא,סז:,פירוש,לא,
179,חידושי הריטבא בבא מציעא פרק איזהו נשך,כן,בבא מציעא,סז:,פירוש,לא,
180,חידושי הריטבא בבא מציעא פרק איזהו נשך,כן,בבא מציעא,סז:,פירוש,לא,
181,חידושי הריטבא בבא מציעא פרק איזהו נשך,כן,בבא מציעא,סז:,פירוש,לא,
182,חידושי הריטבא בבא מציעא פרק איזהו נשך,כן,בבא מציעא,סז:,פירוש,לא,
183,חידושי הריטבא בבא מציעא פרק איזהו נשך,כן,בבא מציעא,סז:,פירוש,לא,
184,חידושי הריטבא בבא מציעא פרק איזהו נשך,כן,בבא מציעא,סז:,פירוש,לא,
185,חידושי הריטבא בבא מציעא פרק איזהו נשך,כן,בבא מציעא,סז:,פירוש,לא,
187,חידושי הריטבא בבא מציעא פרק איזהו נשך,כן,בבא מציעא,סח.,פירוש,לא,
188,חידושי הריטבא בבא מציעא פרק איזהו נשך,כן,בבא מציעא,סח.,פירוש,לא,
189,חידושי הריטבא בבא מציעא פרק איזהו נשך,כן,בבא מציעא,סח.,פירוש,לא,
190,חידושי הריטבא בבא מציעא פרק איזהו נשך,כן,בבא מציעא,סח.,פירוש,לא,
191,חידושי הריטבא בבא מציעא פרק איזהו נשך,כן,בבא מציעא,סח.,פירוש,לא,
192,חידושי הריטבא בבא מציעא פרק איזהו נשך,כן,בבא מציעא,סח.,פירוש,לא,
193,חידושי הריטבא בבא מציעא פרק איזהו נשך,כן,בבא מציעא,סח.,פירוש,לא,
194,חידושי הריטבא בבא מציעא פרק איזהו נשך,כן,בבא מציעא,סח.,פירוש,לא,
195,חידושי הריטבא בבא מציעא פרק איזהו נשך,כן,בבא מציעא,סח.,פירוש,לא,
196,חידושי הריטבא בבא מציעא פרק איזהו נשך,כן,בבא מציעא,סח.,פירוש,לא,
197,חידושי הריטבא בבא מציעא פרק איזהו נשך,כן,בבא מציעא,סח.,פירוש,לא,
199,חידושי הריטבא בבא מציעא פרק איזהו נשך,כן,בבא מציעא,סח:,פירוש,לא,
200,חידושי הריטבא בבא מציעא פרק איזהו נשך,כן,בבא מציעא,סח:,פירוש,לא,
201,חידושי הריטבא בבא מציעא פרק איזהו נשך,כן,בבא מציעא,סח:,פירוש,לא,
202,חידושי הריטבא בבא מציעא פרק איזהו נשך,כן,בבא מציעא,סח:,פירוש,לא,
203,חידושי הריטבא בבא מציעא פרק איזהו נשך,כן,בבא מציעא,סח:,פירוש,לא,
204,חידושי הריטבא בבא מציעא פרק איזהו נשך,כן,בבא מציעא,סח:,פירוש,לא,
206,חידושי הריטבא בבא מציעא פרק איזהו נשך,כן,בבא מציעא,סט.,פירוש,לא,
207,חידושי הריטבא בבא מציעא פרק איזהו נשך,כן,בבא מציעא,סט.,פירוש,לא,
208,חידושי הריטבא בבא מציעא פרק איזהו נשך,כן,בבא מציעא,סט.,פירוש,לא,
209,חידושי הריטבא בבא מציעא פרק איזהו נשך,כן,בבא מציעא,סט.,פירוש,לא,
210,חידושי הריטבא בבא מציעא פרק איזהו נשך,כן,בבא מציעא,סט.,פירוש,לא,
211,חידושי הריטבא בבא מציעא פרק איזהו נשך,כן,בבא מציעא,סט.,פירוש,לא,
212,חידושי הריטבא בבא מציעא פרק איזהו נשך,כן,בבא מציעא,סט.,פירוש,לא,
213,חידושי הריטבא בבא מציעא פרק איזהו נשך,כן,בבא מציעא,סט.,פירוש,לא,
214,חידושי הריטבא בבא מציעא פרק איזהו נשך,כן,בבא מציעא,סט.,פירוש,לא,
215,חידושי הריטבא בבא מציעא פרק איזהו נשך,כן,בבא מציעא,סט.,פירוש,לא,
216,חידושי הריטבא בבא מציעא פרק איזהו נשך,כן,בבא מציעא,סט.,פירוש,לא,
217,חידושי הריטבא בבא מציעא פרק איזהו נשך,כן,בבא מציעא,סט.,פירוש,לא,
218,חידושי הריטבא בבא מציעא פרק איזהו נשך,כן,בבא מציעא,סט.,פירוש,לא,
219,חידושי הריטבא בבא מציעא פרק איזהו נשך,כן,בבא מציעא,סט.,פירוש,לא,
220,חידושי הריטבא בבא מציעא פרק איזהו נשך,כן,בבא מציעא,סט.,פירוש,לא,
221,חידושי הריטבא בבא מציעא פרק איזהו נשך,כן,בבא מציעא,סט.,פירוש,לא,
222,חידושי הריטבא בבא מציעא פרק איזהו נשך,כן,בבא מציעא,סט.,פירוש,לא,
223,חידושי הריטבא בבא מציעא פרק איזהו נשך,כן,בבא מציעא,סט.,פירוש,לא,
224,חידושי הריטבא בבא מציעא פרק איזהו נשך,כן,בבא מציעא,סט.,פירוש,לא,
225,חידושי הריטבא בבא מציעא פרק איזהו נשך,כן,בבא מציעא,סט.,פירוש,לא,
227,חידושי הריטבא בבא מציעא פרק איזהו נשך,כן,בבא מציעא,סט:,פירוש,לא,
228,חידושי הריטבא בבא מציעא פרק איזהו נשך,כן,בבא מציעא,סט:,פירוש,לא,
229,חידושי הריטבא בבא מציעא פרק איזהו נשך,כן,בבא מציעא,סט:,פירוש,לא,
230,חידושי הריטבא בבא מציעא פרק איזהו נשך,כן,בבא מציעא,סט:,פירוש,לא,
231,חידושי הריטבא בבא מציעא פרק איזהו נשך,כן,בבא מציעא,סט:,פירוש,לא,
232,חידושי הריטבא בבא מציעא פרק איזהו נשך,כן,בבא מציעא,סט:,פירוש,לא,
233,חידושי הריטבא בבא מציעא פרק איזהו נשך,כן,בבא מציעא,סט:,פירוש,לא,
234,חידושי הריטבא בבא מציעא פרק איזהו נשך,כן,בבא מציעא,סט:,פירוש,לא,
235,חידושי הריטבא בבא מציעא פרק איזהו נשך,כן,בבא מציעא,סט:,פירוש,לא,
236,חידושי הריטבא בבא מציעא פרק איזהו נשך,כן,בבא מציעא,סט:,פירוש,לא,
237,חידושי הריטבא בבא מציעא פרק איזהו נשך,כן,בבא מציעא,סט:,פירוש,לא,
238,חידושי הריטבא בבא מציעא פרק איזהו נשך,כן,בבא מציעא,סט:,פירוש,לא,
239,חידושי הריטבא בבא מציעא פרק איזהו נשך,כן,בבא מציעא,סט:,פירוש,לא,
240,חידושי הריטבא בבא מציעא פרק איזהו נשך,כן,בבא מציעא,סט:,פירוש,לא,
241,חידושי הריטבא בבא מציעא פרק איזהו נשך,כן,בבא מציעא,סט:,פירוש,לא,
242,חידושי הריטבא בבא מציעא פרק איזהו נשך,כן,בבא מציעא,סט:,פירוש,לא,
244,חידושי הריטבא בבא מציעא פרק איזהו נשך,כן,בבא מציעא,ע.,פירוש,לא,
245,חידושי הריטבא בבא מציעא פרק איזהו נשך,כן,בבא מציעא,ע.,פירוש,לא,
246,חידושי הריטבא בבא מציעא פרק איזהו נשך,כן,בבא מציעא,ע.,פירוש,לא,
247,חידושי הריטבא בבא מציעא פרק איזהו נשך,כן,בבא מציעא,ע.,פירוש,לא,
248,חידושי הריטבא בבא מציעא פרק איזהו נשך,כן,בבא מציעא,ע.,פירוש,לא,
249,חידושי הריטבא בבא מציעא פרק איזהו נשך,כן,בבא מציעא,ע.,פירוש,לא,
250,חידושי הריטבא בבא מציעא פרק איזהו נשך,כן,בבא מציעא,ע.,פירוש,לא,
251,חידושי הריטבא בבא מציעא פרק איזהו נשך,כן,בבא מציעא,ע.,פירוש,לא,
252,חידושי הריטבא בבא מציעא פרק איזהו נשך,כן,בבא מציעא,ע.,פירוש,לא,
253,חידושי הריטבא בבא מציעא פרק איזהו נשך,כן,בבא מציעא,ע.,פירוש,לא,
254,חידושי הריטבא בבא מציעא פרק איזהו נשך,כן,בבא מציעא,ע.,פירוש,לא,
255,חידושי הריטבא בבא מציעא פרק איזהו נשך,כן,בבא מציעא,ע.,פירוש,לא,
256,חידושי הריטבא בבא מציעא פרק איזהו נשך,כן,בבא מציעא,ע.,פירוש,לא,
258,חידושי הריטבא בבא מציעא פרק איזהו נשך,כן,בבא מציעא,ע:,פירוש,לא,
259,חידושי הריטבא בבא מציעא פרק איזהו נשך,כן,בבא מציעא,ע:,פירוש,לא,
260,חידושי הריטבא בבא מציעא פרק איזהו נשך,כן,בבא מציעא,ע:,פירוש,לא,
261,חידושי הריטבא בבא מציעא פרק איזהו נשך,כן,בבא מציעא,ע:,פירוש,לא,
262,חידושי הריטבא בבא מציעא פרק איזהו נשך,כן,בבא מציעא,ע:,פירוש,לא,
263,חידושי הריטבא בבא מציעא פרק איזהו נשך,כן,בבא מציעא,ע:,פירוש,לא,
264,חידושי הריטבא בבא מציעא פרק איזהו נשך,כן,בבא מציעא,ע:,פירוש,לא,
265,חידושי הריטבא בבא מציעא פרק איזהו נשך,כן,בבא מציעא,ע:,פירוש,לא,
266,חידושי הריטבא בבא מציעא פרק איזהו נשך,כן,בבא מציעא,ע:,פירוש,לא,
267,חידושי הריטבא בבא מציעא פרק איזהו נשך,כן,בבא מציעא,ע:,פירוש,לא,
268,חידושי הריטבא בבא מציעא פרק איזהו נשך,כן,בבא מציעא,ע:,פירוש,לא,
269,חידושי הריטבא בבא מציעא פרק איזהו נשך,כן,בבא מציעא,ע:,פירוש,לא,
271,חידושי הריטבא בבא מציעא פרק איזהו נשך,כן,בבא מציעא,עא.,פירוש,לא,
272,חידושי הריטבא בבא מציעא פרק איזהו נשך,כן,בבא מציעא,עא.,פירוש,לא,
273,חידושי הריטבא בבא מציעא פרק איזהו נשך,כן,בבא מציעא,עא.,פירוש,לא,
274,חידושי הריטבא בבא מציעא פרק איזהו נשך,כן,בבא מציעא,עא.,פירוש,לא,
275,חידושי הריטבא בבא מציעא פרק איזהו נשך,כן,בבא מציעא,עא.,פירוש,לא,
277,חידושי הריטבא בבא מציעא פרק איזהו נשך,כן,בבא מציעא,עא:,פירוש,לא,
278,חידושי הריטבא בבא מציעא פרק איזהו נשך,כן,בבא מציעא,עא:,פירוש,לא,
279,חידושי הריטבא בבא מציעא פרק איזהו נשך,כן,בבא מציעא,עא:,פירוש,לא,
280,חידושי הריטבא בבא מציעא פרק איזהו נשך,כן,בבא מציעא,עא:,פירוש,לא,
281,חידושי הריטבא בבא מציעא פרק איזהו נשך,כן,בבא מציעא,עא:,פירוש,לא,
282,חידושי הריטבא בבא מציעא פרק איזהו נשך,כן,בבא מציעא,עא:,פירוש,לא,
283,חידושי הריטבא בבא מציעא פרק איזהו נשך,כן,בבא מציעא,עא:,פירוש,לא,
284,חידושי הריטבא בבא מציעא פרק איזהו נשך,כן,בבא מציעא,עא:,פירוש,לא,
285,חידושי הריטבא בבא מציעא פרק איזהו נשך,כן,בבא מציעא,עא:,פירוש,לא,
286,חידושי הריטבא בבא מציעא פרק איזהו נשך,כן,בבא מציעא,עא:,פירוש,לא,
287,חידושי הריטבא בבא מציעא פרק איזהו נשך,כן,בבא מציעא,עא:,פירוש,לא,
288,חידושי הריטבא בבא מציעא פרק איזהו נשך,כן,בבא מציעא,עא:,פירוש,לא,
289,חידושי הריטבא בבא מציעא פרק איזהו נשך,כן,בבא מציעא,עא:,פירוש,לא,
290,חידושי הריטבא בבא מציעא פרק איזהו נשך,כן,בבא מציעא,עא:,פירוש,לא,
291,חידושי הריטבא בבא מציעא פרק איזהו נשך,כן,בבא מציעא,עא:,פירוש,לא,
292,חידושי הריטבא בבא מציעא פרק איזהו נשך,כן,בבא מציעא,עא:,פירוש,לא,
293,חידושי הריטבא בבא מציעא פרק איזהו נשך,כן,בבא מציעא,עא:,פירוש,לא,
294,חידושי הריטבא בבא מציעא פרק איזהו נשך,כן,בבא מציעא,עא:,פירוש,לא,
295,חידושי הריטבא בבא מציעא פרק איזהו נשך,כן,בבא מציעא,עא:,פירוש,לא,
297,חידושי הריטבא בבא מציעא פרק איזהו נשך,כן,בבא מציעא,עב.,פירוש,לא,
298,חידושי הריטבא בבא מציעא פרק איזהו נשך,כן,בבא מציעא,עב.,פירוש,לא,
299,חידושי הריטבא בבא מציעא פרק איזהו נשך,כן,בבא מציעא,עב.,פירוש,לא,
300,חידושי הריטבא בבא מציעא פרק איזהו נשך,כן,בבא מציעא,עב.,פירוש,לא,
301,חידושי הריטבא בבא מציעא פרק איזהו נשך,כן,בבא מציעא,עב.,פירוש,לא,
302,חידושי הריטבא בבא מציעא פרק איזהו נשך,כן,בבא מציעא,עב.,פירוש,לא,
303,חידושי הריטבא בבא מציעא פרק איזהו נשך,כן,בבא מציעא,עב.,פירוש,לא,
304,חידושי הריטבא בבא מציעא פרק איזהו נשך,כן,בבא מציעא,עב.,פירוש,לא,
305,חידושי הריטבא בבא מציעא פרק איזהו נשך,כן,בבא מציעא,עב.,פירוש,לא,
306,חידושי הריטבא בבא מציעא פרק איזהו נשך,כן,בבא מציעא,עב.,פירוש,לא,
307,חידושי הריטבא בבא מציעא פרק איזהו נשך,כן,בבא מציעא,עב.,פירוש,לא,
309,חידושי הריטבא בבא מציעא פרק איזהו נשך,כן,בבא מציעא,עב:,פירוש,לא,
310,חידושי הריטבא בבא מציעא פרק איזהו נשך,כן,בבא מציעא,עב:,פירוש,לא,
311,חידושי הריטבא בבא מציעא פרק איזהו נשך,כן,בבא מציעא,עב:,פירוש,לא,
312,חידושי הריטבא בבא מציעא פרק איזהו נשך,כן,בבא מציעא,עב:,פירוש,לא,
313,חידושי הריטבא בבא מציעא פרק איזהו נשך,כן,בבא מציעא,עב:,פירוש,לא,
314,חידושי הריטבא בבא מציעא פרק איזהו נשך,כן,בבא מציעא,עב:,פירוש,לא,
315,חידושי הריטבא בבא מציעא פרק איזהו נשך,כן,בבא מציעא,עב:,פירוש,לא,
316,חידושי הריטבא בבא מציעא פרק איזהו נשך,כן,בבא מציעא,עב:,פירוש,לא,
317,חידושי הריטבא בבא מציעא פרק איזהו נשך,כן,בבא מציעא,עב:,פירוש,לא,
319,חידושי הריטבא בבא מציעא פרק איזהו נשך,כן,בבא מציעא,עג.,פירוש,לא,
320,חידושי הריטבא בבא מציעא פרק איזהו נשך,כן,בבא מציעא,עג.,פירוש,לא,
321,חידושי הריטבא בבא מציעא פרק איזהו נשך,כן,בבא מציעא,עג.,פירוש,לא,
322,חידושי הריטבא בבא מציעא פרק איזהו נשך,כן,בבא מציעא,עג.,פירוש,לא,
323,חידושי הריטבא בבא מציעא פרק איזהו נשך,כן,בבא מציעא,עג.,פירוש,לא,
324,חידושי הריטבא בבא מציעא פרק איזהו נשך,כן,בבא מציעא,עג.,פירוש,לא,
325,חידושי הריטבא בבא מציעא פרק איזהו נשך,כן,בבא מציעא,עג.,פירוש,לא,
326,חידושי הריטבא בבא מציעא פרק איזהו נשך,כן,בבא מציעא,עג.,פירוש,לא,
327,חידושי הריטבא בבא מציעא פרק איזהו נשך,כן,בבא מציעא,עג.,פירוש,לא,
328,חידושי הריטבא בבא מציעא פרק איזהו נשך,כן,בבא מציעא,עג.,פירוש,לא,
329,חידושי הריטבא בבא מציעא פרק איזהו נשך,כן,בבא מציעא,עג.,פירוש,לא,
331,חידושי הריטבא בבא מציעא פרק איזהו נשך,כן,בבא מציעא,עג:,פירוש,לא,
332,חידושי הריטבא בבא מציעא פרק איזהו נשך,כן,בבא מציעא,עג:,פירוש,לא,
333,חידושי הריטבא בבא מציעא פרק איזהו נשך,כן,בבא מציעא,עג:,פירוש,לא,
334,חידושי הריטבא בבא מציעא פרק איזהו נשך,כן,בבא מציעא,עג:,פירוש,לא,
335,חידושי הריטבא בבא מציעא פרק איזהו נשך,כן,בבא מציעא,עג:,פירוש,לא,
336,חידושי הריטבא בבא מציעא פרק איזהו נשך,כן,בבא מציעא,עג:,פירוש,לא,
337,חידושי הריטבא בבא מציעא פרק איזהו נשך,כן,בבא מציעא,עג:,פירוש,לא,
338,חידושי הריטבא בבא מציעא פרק איזהו נשך,כן,בבא מציעא,עג:,פירוש,לא,
339,חידושי הריטבא בבא מציעא פרק איזהו נשך,כן,בבא מציעא,עג:,פירוש,לא,
340,חידושי הריטבא בבא מציעא פרק איזהו נשך,כן,בבא מציעא,עג:,פירוש,לא,
341,חידושי הריטבא בבא מציעא פרק איזהו נשך,כן,בבא מציעא,עג:,פירוש,לא,
342,חידושי הריטבא בבא מציעא פרק איזהו נשך,כן,בבא מציעא,עג:,פירוש,לא,
344,חידושי הריטבא בבא מציעא פרק איזהו נשך,כן,בבא מציעא,עד.,פירוש,לא,
345,חידושי הריטבא בבא מציעא פרק איזהו נשך,כן,בבא מציעא,עד.,פירוש,לא,
346,חידושי הריטבא בבא מציעא פרק איזהו נשך,כן,בבא מציעא,עד.,פירוש,לא,
347,חידושי הריטבא בבא מציעא פרק איזהו נשך,כן,בבא מציעא,עד.,פירוש,לא,
349,חידושי הריטבא בבא מציעא פרק איזהו נשך,כן,בבא מציעא,עד:,פירוש,לא,
350,חידושי הריטבא בבא מציעא פרק איזהו נשך,כן,בבא מציעא,עד:,פירוש,לא,
351,חידושי הריטבא בבא מציעא פרק איזהו נשך,כן,בבא מציעא,עד:,פירוש,לא,
352,חידושי הריטבא בבא מציעא פרק איזהו נשך,כן,בבא מציעא,עד:,פירוש,לא,
353,חידושי הריטבא בבא מציעא פרק איזהו נשך,כן,בבא מציעא,עד:,פירוש,לא,
354,חידושי הריטבא בבא מציעא פרק איזהו נשך,כן,בבא מציעא,עד:,פירוש,לא,
355,חידושי הריטבא בבא מציעא פרק איזהו נשך,כן,בבא מציעא,עד:,פירוש,לא,
356,חידושי הריטבא בבא מציעא פרק איזהו נשך,כן,בבא מציעא,עד:,פירוש,לא,
357,חידושי הריטבא בבא מציעא פרק איזהו נשך,כן,בבא מציעא,עד:,פירוש,לא,
359,חידושי הריטבא בבא מציעא פרק איזהו נשך,כן,בבא מציעא,עה.,פירוש,לא,
360,חידושי הריטבא בבא מציעא פרק איזהו נשך,כן,בבא מציעא,עה.,פירוש,לא,
361,חידושי הריטבא בבא מציעא פרק איזהו נשך,כן,בבא מציעא,עה.,פירוש,לא,
362,חידושי הריטבא בבא מציעא פרק איזהו נשך,כן,בבא מציעא,עה.,פירוש,לא,
363,חידושי הריטבא בבא מציעא פרק איזהו נשך,כן,בבא מציעא,עה.,פירוש,לא,
364,חידושי הריטבא בבא מציעא פרק איזהו נשך,כן,בבא מציעא,עה.,פירוש,לא,
365,חידושי הריטבא בבא מציעא פרק איזהו נשך,כן,בבא מציעא,עה.,פירוש,לא,
366,חידושי הריטבא בבא מציעא פרק איזהו נשך,כן,בבא מציעא,עה.,פירוש,לא,
368,חידושי הריטבא בבא מציעא פרק איזהו נשך,כן,בבא מציעא,עה:,פירוש,לא,
369,חידושי הריטבא בבא מציעא פרק איזהו נשך,כן,בבא מציעא,עה:,פירוש,לא,
370,חידושי הריטבא בבא מציעא פרק איזהו נשך,כן,בבא מציעא,עה:,פירוש,לא,
371,חידושי הריטבא בבא מציעא פרק איזהו נשך,כן,בבא מציעא,עה:,פירוש,לא,
3,השלמה על עבודה זרה,כן,עבודה זרה,ב.,פירוש,לא,
5,השלמה על עבודה זרה,כן,עבודה זרה,ו.,פירוש,לא,
7,השלמה על עבודה זרה,כן,עבודה זרה,יא:,פירוש,לא,
9,השלמה על עבודה זרה,כן,עבודה זרה,יב.,פירוש,לא,
11,השלמה על עבודה זרה,כן,עבודה זרה,יג.,פירוש,לא,
13,השלמה על עבודה זרה,כן,עבודה זרה,יד.,פירוש,לא,
15,השלמה על עבודה זרה,כן,עבודה זרה,יד:,פירוש,לא,
17,השלמה על עבודה זרה,כן,עבודה זרה,טו.,פירוש,לא,
19,השלמה על עבודה זרה,כן,עבודה זרה,טו:,פירוש,לא,
21,השלמה על עבודה זרה,כן,עבודה זרה,כ.,פירוש,לא,
23,השלמה על עבודה זרה,כן,עבודה זרה,כ:,פירוש,לא,
25,השלמה על עבודה זרה,כן,עבודה זרה,כא.,פירוש,לא,
27,השלמה על עבודה זרה,כן,עבודה זרה,כב.,פירוש,לא,
29,השלמה על עבודה זרה,כן,עבודה זרה,כב:,פירוש,לא,
31,השלמה על עבודה זרה,כן,עבודה זרה,כה:,פירוש,לא,
33,השלמה על עבודה זרה,כן,עבודה זרה,כו:,פירוש,לא,
35,השלמה על עבודה זרה,כן,עבודה זרה,כז.,פירוש,לא,
37,השלמה על עבודה זרה,כן,עבודה זרה,כח.,פירוש,לא,
39,השלמה על עבודה זרה,כן,עבודה זרה,כח:,פירוש,לא,
41,השלמה על עבודה זרה,כן,עבודה זרה,ל.,פירוש,לא,
42,השלמה על עבודה זרה,כן,עבודה זרה,ל.,פירוש,לא,
44,השלמה על עבודה זרה,כן,עבודה זרה,לא.,פירוש,לא,
46,השלמה על עבודה זרה,כן,עבודה זרה,לא:,פירוש,לא,
48,השלמה על עבודה זרה,כן,עבודה זרה,לב.,פירוש,לא,
50,השלמה על עבודה זרה,כן,עבודה זרה,לג.,פירוש,לא,
51,השלמה על עבודה זרה,כן,עבודה זרה,לג.,פירוש,לא,
52,השלמה על עבודה זרה,כן,עבודה זרה,לג.,פירוש,לא,
54,השלמה על עבודה זרה,כן,עבודה זרה,לה.,פירוש,לא,
56,השלמה על עבודה זרה,כן,עבודה זרה,לו.,פירוש,לא,
58,השלמה על עבודה זרה,כן,עבודה זרה,לו:,פירוש,לא,
60,השלמה על עבודה זרה,כן,עבודה זרה,לח.,פירוש,לא,
62,השלמה על עבודה זרה,כן,עבודה זרה,לח:,פירוש,לא,
64,השלמה על עבודה זרה,כן,עבודה זרה,לט.,פירוש,לא,
66,השלמה על עבודה זרה,כן,עבודה זרה,מ.,פירוש,לא,
68,השלמה על עבודה זרה,כן,עבודה זרה,מ:,פירוש,לא,
70,השלמה על עבודה זרה,כן,עבודה זרה,מא.,פירוש,לא,
72,השלמה על עבודה זרה,כן,עבודה זרה,מב.,פירוש,לא,
74,השלמה על עבודה זרה,כן,עבודה זרה,מב:,פירוש,לא,
76,השלמה על עבודה זרה,כן,עבודה זרה,מג.,פירוש,לא,
78,השלמה על עבודה זרה,כן,עבודה זרה,מד:,פירוש,לא,
80,השלמה על עבודה זרה,כן,עבודה זרה,מה.,פירוש,לא,
82,השלמה על עבודה זרה,כן,עבודה זרה,מו.,פירוש,לא,
83,השלמה על עבודה זרה,כן,עבודה זרה,מו.,פירוש,לא,
85,השלמה על עבודה זרה,כן,עבודה זרה,מז.,פירוש,לא,
87,השלמה על עבודה זרה,כן,עבודה זרה,מז:,פירוש,לא,
89,השלמה על עבודה זרה,כן,עבודה זרה,מח.,פירוש,לא,
91,השלמה על עבודה זרה,כן,עבודה זרה,מח:,פירוש,לא,
93,השלמה על עבודה זרה,כן,עבודה זרה,מט:,פירוש,לא,
94,השלמה על עבודה זרה,כן,עבודה זרה,מט:,פירוש,לא,
96,השלמה על עבודה זרה,כן,עבודה זרה,נא.,פירוש,לא,
98,השלמה על עבודה זרה,כן,עבודה זרה,נא:,פירוש,לא,
99,השלמה על עבודה זרה,כן,עבודה זרה,נא:,פירוש,לא,
101,השלמה על עבודה זרה,כן,עבודה זרה,נג.,פירוש,לא,
102,השלמה על עבודה זרה,כן,עבודה זרה,נג.,פירוש,לא,
104,השלמה על עבודה זרה,כן,עבודה זרה,נג:,פירוש,לא,
105,השלמה על עבודה זרה,כן,עבודה זרה,נג:,פירוש,לא,
106,השלמה על עבודה זרה,כן,עבודה זרה,נג:,פירוש,לא,
108,השלמה על עבודה זרה,כן,עבודה זרה,נד.,פירוש,לא,
110,השלמה על עבודה זרה,כן,עבודה זרה,נד:,פירוש,לא,
112,השלמה על עבודה זרה,כן,עבודה זרה,נה:,פירוש,לא,
114,השלמה על עבודה זרה,כן,עבודה זרה,נו:,פירוש,לא,
116,השלמה על עבודה זרה,כן,עבודה זרה,נז.,פירוש,לא,
118,השלמה על עבודה זרה,כן,עבודה זרה,נז:,פירוש,לא,
119,השלמה על עבודה זרה,כן,עבודה זרה,נז:,פירוש,לא,
121,השלמה על עבודה זרה,כן,עבודה זרה,נח:,פירוש,לא,
122,השלמה על עבודה זרה,כן,עבודה זרה,נח:,פירוש,לא,
124,השלמה על עבודה זרה,כן,עבודה זרה,נט:,פירוש,לא,
126,השלמה על עבודה זרה,כן,עבודה זרה,ס.,פירוש,לא,
128,השלמה על עבודה זרה,כן,עבודה זרה,ס:,פירוש,לא,
130,השלמה על עבודה זרה,כן,עבודה זרה,סא.,פירוש,לא,
132,השלמה על עבודה זרה,כן,עבודה זרה,סא:,פירוש,לא,
134,השלמה על עבודה זרה,כן,עבודה זרה,סב.,פירוש,לא,
136,השלמה על עבודה זרה,כן,עבודה זרה,סב:,פירוש,לא,
137,השלמה על עבודה זרה,כן,עבודה זרה,סב:,פירוש,לא,
139,השלמה על עבודה זרה,כן,עבודה זרה,סג:,פירוש,לא,
141,השלמה על עבודה זרה,כן,עבודה זרה,סד.,פירוש,לא,
143,השלמה על עבודה זרה,כן,עבודה זרה,סד:,פירוש,לא,
145,השלמה על עבודה זרה,כן,עבודה זרה,סה.,פירוש,לא,
147,השלמה על עבודה זרה,כן,עבודה זרה,סה:,פירוש,לא,
148,השלמה על עבודה זרה,כן,עבודה זרה,סה:,פירוש,לא,
150,השלמה על עבודה זרה,כן,עבודה זרה,סו.,פירוש,לא,
152,השלמה על עבודה זרה,כן,עבודה זרה,סו:,פירוש,לא,
154,השלמה על עבודה זרה,כן,עבודה זרה,סז.,פירוש,לא,
156,השלמה על עבודה זרה,כן,עבודה זרה,סז:,פירוש,לא,
157,השלמה על עבודה זרה,כן,עבודה זרה,סז:,פירוש,לא,
159,השלמה על עבודה זרה,כן,עבודה זרה,סח.,פירוש,לא,
161,השלמה על עבודה זרה,כן,עבודה זרה,סח:,פירוש,לא,
163,השלמה על עבודה זרה,כן,עבודה זרה,סט:,פירוש,לא,
164,השלמה על עבודה זרה,כן,עבודה זרה,סט:,פירוש,לא,
166,השלמה על עבודה זרה,כן,עבודה זרה,ע.,פירוש,לא,
167,השלמה על עבודה זרה,כן,עבודה זרה,ע.,פירוש,לא,
168,השלמה על עבודה זרה,כן,עבודה זרה,ע.,פירוש,לא,
170,השלמה על עבודה זרה,כן,עבודה זרה,ע:,פירוש,לא,
171,השלמה על עבודה זרה,כן,עבודה זרה,ע:,פירוש,לא,
173,השלמה על עבודה זרה,כן,עבודה זרה,עא.,פירוש,לא,
174,השלמה על עבודה זרה,כן,עבודה זרה,עא.,פירוש,לא,
176,השלמה על עבודה זרה,כן,עבודה זרה,עא:,פירוש,לא,
178,השלמה על עבודה זרה,כן,עבודה זרה,עב.,פירוש,לא,
180,השלמה על עבודה זרה,כן,עבודה זרה,עב:,פירוש,לא,
181,השלמה על עבודה זרה,כן,עבודה זרה,עב:,פירוש,לא,
183,השלמה על עבודה זרה,כן,עבודה זרה,עג.,פירוש,לא,
184,השלמה על עבודה זרה,כן,עבודה זרה,עג.,פירוש,לא,
185,השלמה על עבודה זרה,כן,עבודה זרה,עג.,פירוש,לא,
187,השלמה על עבודה זרה,כן,עבודה זרה,עג:,פירוש,לא,
188,השלמה על עבודה זרה,כן,עבודה זרה,עג:,פירוש,לא,
189,השלמה על עבודה זרה,כן,עבודה זרה,עג:,פירוש,לא,
190,השלמה על עבודה זרה,כן,עבודה זרה,עג:,פירוש,לא,
192,השלמה על עבודה זרה,כן,עבודה זרה,עד.,פירוש,לא,
194,השלמה על עבודה זרה,כן,עבודה זרה,עד:,פירוש,לא,
196,השלמה על עבודה זרה,כן,עבודה זרה,עה.,פירוש,לא,
198,השלמה על עבודה זרה,כן,עבודה זרה,עה:,פירוש,לא,
199,השלמה על עבודה זרה,כן,עבודה זרה,עה:,פירוש,לא,
200,השלמה על עבודה זרה,כן,עבודה זרה,עה:,פירוש,לא,
201,השלמה על עבודה זרה,כן,עבודה זרה,עה:,פירוש,לא,
202,השלמה על עבודה זרה,כן,עבודה זרה,עה:,פירוש,לא,
204,השלמה על עבודה זרה,כן,עבודה זרה,עו:,פירוש,לא,
3,חידושי הראבד על עבודה זרה,כן,עבודה זרה,ב.,פירוש,לא,
4,חידושי הראבד על עבודה זרה,כן,עבודה זרה,ב.,פירוש,לא,
5,חידושי הראבד על עבודה זרה,כן,עבודה זרה,ב.,פירוש,לא,
6,חידושי הראבד על עבודה זרה,כן,עבודה זרה,ב.,פירוש,לא,
7,חידושי הראבד על עבודה זרה,כן,עבודה זרה,ב.,פירוש,לא,
9,חידושי הראבד על עבודה זרה,כן,עבודה זרה,ב:,פירוש,לא,
10,חידושי הראבד על עבודה זרה,כן,עבודה זרה,ב:,פירוש,לא,
11,חידושי הראבד על עבודה זרה,כן,עבודה זרה,ב:,פירוש,לא,
12,חידושי הראבד על עבודה זרה,כן,עבודה זרה,ב:,פירוש,לא,
13,חידושי הראבד על עבודה זרה,כן,עבודה זרה,ב:,פירוש,לא,
15,חידושי הראבד על עבודה זרה,כן,עבודה זרה,ג.,פירוש,לא,
17,חידושי הראבד על עבודה זרה,כן,עבודה זרה,ד.,פירוש,לא,
18,חידושי הראבד על עבודה זרה,כן,עבודה זרה,ד.,פירוש,לא,
20,חידושי הראבד על עבודה זרה,כן,עבודה זרה,ד:,פירוש,לא,
22,חידושי הראבד על עבודה זרה,כן,עבודה זרה,ה.,פירוש,לא,
24,חידושי הראבד על עבודה זרה,כן,עבודה זרה,ה:,פירוש,לא,
25,חידושי הראבד על עבודה זרה,כן,עבודה זרה,ה:,פירוש,לא,
26,חידושי הראבד על עבודה זרה,כן,עבודה זרה,ה:,פירוש,לא,
28,חידושי הראבד על עבודה זרה,כן,עבודה זרה,ו.,פירוש,לא,
29,חידושי הראבד על עבודה זרה,כן,עבודה זרה,ו.,פירוש,לא,
31,חידושי הראבד על עבודה זרה,כן,עבודה זרה,ו:,פירוש,לא,
33,חידושי הראבד על עבודה זרה,כן,עבודה זרה,ז.,פירוש,לא,
34,חידושי הראבד על עבודה זרה,כן,עבודה זרה,ז.,פירוש,לא,
35,חידושי הראבד על עבודה זרה,כן,עבודה זרה,ז.,פירוש,לא,
37,חידושי הראבד על עבודה זרה,כן,עבודה זרה,ז:,פירוש,לא,
38,חידושי הראבד על עבודה זרה,כן,עבודה זרה,ז:,פירוש,לא,
39,חידושי הראבד על עבודה זרה,כן,עבודה זרה,ז:,פירוש,לא,
40,חידושי הראבד על עבודה זרה,כן,עבודה זרה,ז:,פירוש,לא,
41,חידושי הראבד על עבודה זרה,כן,עבודה זרה,ז:,פירוש,לא,
43,חידושי הראבד על עבודה זרה,כן,עבודה זרה,ח.,פירוש,לא,
44,חידושי הראבד על עבודה זרה,כן,עבודה זרה,ח.,פירוש,לא,
46,חידושי הראבד על עבודה זרה,כן,עבודה זרה,ח:,פירוש,לא,
48,חידושי הראבד על עבודה זרה,כן,עבודה זרה,ט.,פירוש,לא,
49,חידושי הראבד על עבודה זרה,כן,עבודה זרה,ט.,פירוש,לא,
51,חידושי הראבד על עבודה זרה,כן,עבודה זרה,ט:,פירוש,לא,
53,חידושי הראבד על עבודה זרה,כן,עבודה זרה,י.,פירוש,לא,
55,חידושי הראבד על עבודה זרה,כן,עבודה זרה,י:,פירוש,לא,
56,חידושי הראבד על עבודה זרה,כן,עבודה זרה,י:,פירוש,לא,
57,חידושי הראבד על עבודה זרה,כן,עבודה זרה,י:,פירוש,לא,
59,חידושי הראבד על עבודה זרה,כן,עבודה זרה,יא.,פירוש,לא,
60,חידושי הראבד על עבודה זרה,כן,עבודה זרה,יא.,פירוש,לא,
61,חידושי הראבד על עבודה זרה,כן,עבודה זרה,יא.,פירוש,לא,
63,חידושי הראבד על עבודה זרה,כן,עבודה זרה,יא:,פירוש,לא,
64,חידושי הראבד על עבודה זרה,כן,עבודה זרה,יא:,פירוש,לא,
66,חידושי הראבד על עבודה זרה,כן,עבודה זרה,יב.,פירוש,לא,
68,חידושי הראבד על עבודה זרה,כן,עבודה זרה,יב:,פירוש,לא,
69,חידושי הראבד על עבודה זרה,כן,עבודה זרה,יב:,פירוש,לא,
71,חידושי הראבד על עבודה זרה,כן,עבודה זרה,יג.,פירוש,לא,
73,חידושי הראבד על עבודה זרה,כן,עבודה זרה,יג:,פירוש,לא,
74,חידושי הראבד על עבודה זרה,כן,עבודה זרה,יג:,פירוש,לא,
75,חידושי הראבד על עבודה זרה,כן,עבודה זרה,יג:,פירוש,לא,
77,חידושי הראבד על עבודה זרה,כן,עבודה זרה,יד.,פירוש,לא,
78,חידושי הראבד על עבודה זרה,כן,עבודה זרה,יד.,פירוש,לא,
79,חידושי הראבד על עבודה זרה,כן,עבודה זרה,יד.,פירוש,לא,
80,חידושי הראבד על עבודה זרה,כן,עבודה זרה,יד.,פירוש,לא,
81,חידושי הראבד על עבודה זרה,כן,עבודה זרה,יד.,פירוש,לא,
82,חידושי הראבד על עבודה זרה,כן,עבודה זרה,יד.,פירוש,לא,
84,חידושי הראבד על עבודה זרה,כן,עבודה זרה,יד:,פירוש,לא,
85,חידושי הראבד על עבודה זרה,כן,עבודה זרה,יד:,פירוש,לא,
87,חידושי הראבד על עבודה זרה,כן,עבודה זרה,טו.,פירוש,לא,
89,חידושי הראבד על עבודה זרה,כן,עבודה זרה,טו:,פירוש,לא,
90,חידושי הראבד על עבודה זרה,כן,עבודה זרה,טו:,פירוש,לא,
91,חידושי הראבד על עבודה זרה,כן,עבודה זרה,טו:,פירוש,לא,
93,חידושי הראבד על עבודה זרה,כן,עבודה זרה,טז.,פירוש,לא,
94,חידושי הראבד על עבודה זרה,כן,עבודה זרה,טז.,פירוש,לא,
95,חידושי הראבד על עבודה זרה,כן,עבודה זרה,טז.,פירוש,לא,
96,חידושי הראבד על עבודה זרה,כן,עבודה זרה,טז.,פירוש,לא,
98,חידושי הראבד על עבודה זרה,כן,עבודה זרה,טז:,פירוש,לא,
99,חידושי הראבד על עבודה זרה,כן,עבודה זרה,טז:,פירוש,לא,
100,חידושי הראבד על עבודה זרה,כן,עבודה זרה,טז:,פירוש,לא,
101,חידושי הראבד על עבודה זרה,כן,עבודה זרה,טז:,פירוש,לא,
103,חידושי הראבד על עבודה זרה,כן,עבודה זרה,יז.,פירוש,לא,
105,חידושי הראבד על עבודה זרה,כן,עבודה זרה,יז:,פירוש,לא,
107,חידושי הראבד על עבודה זרה,כן,עבודה זרה,יח.,פירוש,לא,
109,חידושי הראבד על עבודה זרה,כן,עבודה זרה,יח:,פירוש,לא,
110,חידושי הראבד על עבודה זרה,כן,עבודה זרה,יח:,פירוש,לא,
112,חידושי הראבד על עבודה זרה,כן,עבודה זרה,יט.,פירוש,לא,
113,חידושי הראבד על עבודה זרה,כן,עבודה זרה,יט.,פירוש,לא,
114,חידושי הראבד על עבודה זרה,כן,עבודה זרה,יט.,פירוש,לא,
116,חידושי הראבד על עבודה זרה,כן,עבודה זרה,יט:,פירוש,לא,
117,חידושי הראבד על עבודה זרה,כן,עבודה זרה,יט:,פירוש,לא,
119,חידושי הראבד על עבודה זרה,כן,עבודה זרה,כ:,פירוש,לא,
120,חידושי הראבד על עבודה זרה,כן,עבודה זרה,כ:,פירוש,לא,
122,חידושי הראבד על עבודה זרה,כן,עבודה זרה,כא.,פירוש,לא,
123,חידושי הראבד על עבודה זרה,כן,עבודה זרה,כא.,פירוש,לא,
124,חידושי הראבד על עבודה זרה,כן,עבודה זרה,כא.,פירוש,לא,
126,חידושי הראבד על עבודה זרה,כן,עבודה זרה,כב.,פירוש,לא,
127,חידושי הראבד על עבודה זרה,כן,עבודה זרה,כב.,פירוש,לא,
128,חידושי הראבד על עבודה זרה,כן,עבודה זרה,כב.,פירוש,לא,
129,חידושי הראבד על עבודה זרה,כן,עבודה זרה,כב.,פירוש,לא,
130,חידושי הראבד על עבודה זרה,כן,עבודה זרה,כב.,פירוש,לא,
132,חידושי הראבד על עבודה זרה,כן,עבודה זרה,כב:,פירוש,לא,
134,חידושי הראבד על עבודה זרה,כן,עבודה זרה,כג.,פירוש,לא,
135,חידושי הראבד על עבודה זרה,כן,עבודה זרה,כג.,פירוש,לא,
137,חידושי הראבד על עבודה זרה,כן,עבודה זרה,כג:,פירוש,לא,
139,חידושי הראבד על עבודה זרה,כן,עבודה זרה,כד.,פירוש,לא,
140,חידושי הראבד על עבודה זרה,כן,עבודה זרה,כד.,פירוש,לא,
142,חידושי הראבד על עבודה זרה,כן,עבודה זרה,כד:,פירוש,לא,
143,חידושי הראבד על עבודה זרה,כן,עבודה זרה,כד:,פירוש,לא,
145,חידושי הראבד על עבודה זרה,כן,עבודה זרה,כה.,פירוש,לא,
146,חידושי הראבד על עבודה זרה,כן,עבודה זרה,כה.,פירוש,לא,
148,חידושי הראבד על עבודה זרה,כן,עבודה זרה,כה:,פירוש,לא,
150,חידושי הראבד על עבודה זרה,כן,עבודה זרה,כו.,פירוש,לא,
151,חידושי הראבד על עבודה זרה,כן,עבודה זרה,כו.,פירוש,לא,
153,חידושי הראבד על עבודה זרה,כן,עבודה זרה,כו:,פירוש,לא,
154,חידושי הראבד על עבודה זרה,כן,עבודה זרה,כו:,פירוש,לא,
156,חידושי הראבד על עבודה זרה,כן,עבודה זרה,כז.,פירוש,לא,
157,חידושי הראבד על עבודה זרה,כן,עבודה זרה,כז.,פירוש,לא,
159,חידושי הראבד על עבודה זרה,כן,עבודה זרה,כז:,פירוש,לא,
161,חידושי הראבד על עבודה זרה,כן,עבודה זרה,כח.,פירוש,לא,
162,חידושי הראבד על עבודה זרה,כן,עבודה זרה,כח.,פירוש,לא,
164,חידושי הראבד על עבודה זרה,כן,עבודה זרה,כח:,פירוש,לא,
166,חידושי הראבד על עבודה זרה,כן,עבודה זרה,כט.,פירוש,לא,
168,חידושי הראבד על עבודה זרה,כן,עבודה זרה,כט:,פירוש,לא,
169,חידושי הראבד על עבודה זרה,כן,עבודה זרה,כט:,פירוש,לא,
170,חידושי הראבד על עבודה זרה,כן,עבודה זרה,כט:,פירוש,לא,
171,חידושי הראבד על עבודה זרה,כן,עבודה זרה,כט:,פירוש,לא,
172,חידושי הראבד על עבודה זרה,כן,עבודה זרה,כט:,פירוש,לא,
173,חידושי הראבד על עבודה זרה,כן,עבודה זרה,כט:,פירוש,לא,
174,חידושי הראבד על עבודה זרה,כן,עבודה זרה,כט:,פירוש,לא,
176,חידושי הראבד על עבודה זרה,כן,עבודה זרה,לא.,פירוש,לא,
177,חידושי הראבד על עבודה זרה,כן,עבודה זרה,לא.,פירוש,לא,
178,חידושי הראבד על עבודה זרה,כן,עבודה זרה,לא.,פירוש,לא,
179,חידושי הראבד על עבודה זרה,כן,עבודה זרה,לא.,פירוש,לא,
181,חידושי הראבד על עבודה זרה,כן,עבודה זרה,לא:,פירוש,לא,
182,חידושי הראבד על עבודה זרה,כן,עבודה זרה,לא:,פירוש,לא,
184,חידושי הראבד על עבודה זרה,כן,עבודה זרה,לב.,פירוש,לא,
185,חידושי הראבד על עבודה זרה,כן,עבודה זרה,לב.,פירוש,לא,
187,חידושי הראבד על עבודה זרה,כן,עבודה זרה,לב:,פירוש,לא,
189,חידושי הראבד על עבודה זרה,כן,עבודה זרה,לג.,פירוש,לא,
190,חידושי הראבד על עבודה זרה,כן,עבודה זרה,לג.,פירוש,לא,
191,חידושי הראבד על עבודה זרה,כן,עבודה זרה,לג.,פירוש,לא,
193,חידושי הראבד על עבודה זרה,כן,עבודה זרה,לג:,פירוש,לא,
194,חידושי הראבד על עבודה זרה,כן,עבודה זרה,לג:,פירוש,לא,
195,חידושי הראבד על עבודה זרה,כן,עבודה זרה,לג:,פירוש,לא,
196,חידושי הראבד על עבודה זרה,כן,עבודה זרה,לג:,פירוש,לא,
197,חידושי הראבד על עבודה זרה,כן,עבודה זרה,לג:,פירוש,לא,
199,חידושי הראבד על עבודה זרה,כן,עבודה זרה,לד.,פירוש,לא,
201,חידושי הראבד על עבודה זרה,כן,עבודה זרה,לד:,פירוש,לא,
202,חידושי הראבד על עבודה זרה,כן,עבודה זרה,לד:,פירוש,לא,
203,חידושי הראבד על עבודה זרה,כן,עבודה זרה,לד:,פירוש,לא,
204,חידושי הראבד על עבודה זרה,כן,עבודה זרה,לד:,פירוש,לא,
206,חידושי הראבד על עבודה זרה,כן,עבודה זרה,לה.,פירוש,לא,
207,חידושי הראבד על עבודה זרה,כן,עבודה זרה,לה.,פירוש,לא,
209,חידושי הראבד על עבודה זרה,כן,עבודה זרה,לה:,פירוש,לא,
211,חידושי הראבד על עבודה זרה,כן,עבודה זרה,לו.,פירוש,לא,
212,חידושי הראבד על עבודה זרה,כן,עבודה זרה,לו.,פירוש,לא,
214,חידושי הראבד על עבודה זרה,כן,עבודה זרה,לו:,פירוש,לא,
215,חידושי הראבד על עבודה זרה,כן,עבודה זרה,לו:,פירוש,לא,
216,חידושי הראבד על עבודה זרה,כן,עבודה זרה,לו:,פירוש,לא,
218,חידושי הראבד על עבודה זרה,כן,עבודה זרה,לז.,פירוש,לא,
219,חידושי הראבד על עבודה זרה,כן,עבודה זרה,לז.,פירוש,לא,
220,חידושי הראבד על עבודה זרה,כן,עבודה זרה,לז.,פירוש,לא,
222,חידושי הראבד על עבודה זרה,כן,עבודה זרה,לז:,פירוש,לא,
223,חידושי הראבד על עבודה זרה,כן,עבודה זרה,לז:,פירוש,לא,
224,חידושי הראבד על עבודה זרה,כן,עבודה זרה,לז:,פירוש,לא,
226,חידושי הראבד על עבודה זרה,כן,עבודה זרה,לח.,פירוש,לא,
227,חידושי הראבד על עבודה זרה,כן,עבודה זרה,לח.,פירוש,לא,
228,חידושי הראבד על עבודה זרה,כן,עבודה זרה,לח.,פירוש,לא,
230,חידושי הראבד על עבודה זרה,כן,עבודה זרה,לח:,פירוש,לא,
231,חידושי הראבד על עבודה זרה,כן,עבודה זרה,לח:,פירוש,לא,
232,חידושי הראבד על עבודה זרה,כן,עבודה זרה,לח:,פירוש,לא,
233,חידושי הראבד על עבודה זרה,כן,עבודה זרה,לח:,פירוש,לא,
234,חידושי הראבד על עבודה זרה,כן,עבודה זרה,לח:,פירוש,לא,
235,חידושי הראבד על עבודה זרה,כן,עבודה זרה,לח:,פירוש,לא,
236,חידושי הראבד על עבודה זרה,כן,עבודה זרה,לח:,פירוש,לא,
238,חידושי הראבד על עבודה זרה,כן,עבודה זרה,לט.,פירוש,לא,
239,חידושי הראבד על עבודה זרה,כן,עבודה זרה,לט.,פירוש,לא,
240,חידושי הראבד על עבודה זרה,כן,עבודה זרה,לט.,פירוש,לא,
241,חידושי הראבד על עבודה זרה,כן,עבודה זרה,לט.,פירוש,לא,
243,חידושי הראבד על עבודה זרה,כן,עבודה זרה,לט:,פירוש,לא,
244,חידושי הראבד על עבודה זרה,כן,עבודה זרה,לט:,פירוש,לא,
245,חידושי הראבד על עבודה זרה,כן,עבודה זרה,לט:,פירוש,לא,
247,חידושי הראבד על עבודה זרה,כן,עבודה זרה,מ.,פירוש,לא,
248,חידושי הראבד על עבודה זרה,כן,עבודה זרה,מ.,פירוש,לא,
249,חידושי הראבד על עבודה זרה,כן,עבודה זרה,מ.,פירוש,לא,
250,חידושי הראבד על עבודה זרה,כן,עבודה זרה,מ.,פירוש,לא,
251,חידושי הראבד על עבודה זרה,כן,עבודה זרה,מ.,פירוש,לא,
253,חידושי הראבד על עבודה זרה,כן,עבודה זרה,מ:,פירוש,לא,
254,חידושי הראבד על עבודה זרה,כן,עבודה זרה,מ:,פירוש,לא,
255,חידושי הראבד על עבודה זרה,כן,עבודה זרה,מ:,פירוש,לא,
256,חידושי הראבד על עבודה זרה,כן,עבודה זרה,מ:,פירוש,לא,
257,חידושי הראבד על עבודה זרה,כן,עבודה זרה,מ:,פירוש,לא,
258,חידושי הראבד על עבודה זרה,כן,עבודה זרה,מ:,פירוש,לא,
260,חידושי הראבד על עבודה זרה,כן,עבודה זרה,מא.,פירוש,לא,
261,חידושי הראבד על עבודה זרה,כן,עבודה זרה,מא.,פירוש,לא,
263,חידושי הראבד על עבודה זרה,כן,עבודה זרה,מא:,פירוש,לא,
264,חידושי הראבד על עבודה זרה,כן,עבודה זרה,מא:,פירוש,לא,
265,חידושי הראבד על עבודה זרה,כן,עבודה זרה,מא:,פירוש,לא,
266,חידושי הראבד על עבודה זרה,כן,עבודה זרה,מא:,פירוש,לא,
268,חידושי הראבד על עבודה זרה,כן,עבודה זרה,מב.,פירוש,לא,
269,חידושי הראבד על עבודה זרה,כן,עבודה זרה,מב.,פירוש,לא,
271,חידושי הראבד על עבודה זרה,כן,עבודה זרה,מב:,פירוש,לא,
272,חידושי הראבד על עבודה זרה,כן,עבודה זרה,מב:,פירוש,לא,
273,חידושי הראבד על עבודה זרה,כן,עבודה זרה,מב:,פירוש,לא,
275,חידושי הראבד על עבודה זרה,כן,עבודה זרה,מג.,פירוש,לא,
277,חידושי הראבד על עבודה זרה,כן,עבודה זרה,מג:,פירוש,לא,
279,חידושי הראבד על עבודה זרה,כן,עבודה זרה,מד.,פירוש,לא,
280,חידושי הראבד על עבודה זרה,כן,עבודה זרה,מד.,פירוש,לא,
282,חידושי הראבד על עבודה זרה,כן,עבודה זרה,מד:,פירוש,לא,
283,חידושי הראבד על עבודה זרה,כן,עבודה זרה,מד:,פירוש,לא,
285,חידושי הראבד על עבודה זרה,כן,עבודה זרה,מה.,פירוש,לא,
286,חידושי הראבד על עבודה זרה,כן,עבודה זרה,מה.,פירוש,לא,
287,חידושי הראבד על עבודה זרה,כן,עבודה זרה,מה.,פירוש,לא,
288,חידושי הראבד על עבודה זרה,כן,עבודה זרה,מה.,פירוש,לא,
290,חידושי הראבד על עבודה זרה,כן,עבודה זרה,מה:,פירוש,לא,
291,חידושי הראבד על עבודה זרה,כן,עבודה זרה,מה:,פירוש,לא,
293,חידושי הראבד על עבודה זרה,כן,עבודה זרה,מו.,פירוש,לא,
294,חידושי הראבד על עבודה זרה,כן,עבודה זרה,מו.,פירוש,לא,
296,חידושי הראבד על עבודה זרה,כן,עבודה זרה,מו:,פירוש,לא,
297,חידושי הראבד על עבודה זרה,כן,עבודה זרה,מו:,פירוש,לא,
298,חידושי הראבד על עבודה זרה,כן,עבודה זרה,מו:,פירוש,לא,
300,חידושי הראבד על עבודה זרה,כן,עבודה זרה,מז.,פירוש,לא,
301,חידושי הראבד על עבודה זרה,כן,עבודה זרה,מז.,פירוש,לא,
302,חידושי הראבד על עבודה זרה,כן,עבודה זרה,מז.,פירוש,לא,
303,חידושי הראבד על עבודה זרה,כן,עבודה זרה,מז.,פירוש,לא,
304,חידושי הראבד על עבודה זרה,כן,עבודה זרה,מז.,פירוש,לא,
306,חידושי הראבד על עבודה זרה,כן,עבודה זרה,מז:,פירוש,לא,
307,חידושי הראבד על עבודה זרה,כן,עבודה זרה,מז:,פירוש,לא,
308,חידושי הראבד על עבודה זרה,כן,עבודה זרה,מז:,פירוש,לא,
309,חידושי הראבד על עבודה זרה,כן,עבודה זרה,מז:,פירוש,לא,
310,חידושי הראבד על עבודה זרה,כן,עבודה זרה,מז:,פירוש,לא,
311,חידושי הראבד על עבודה זרה,כן,עבודה זרה,מז:,פירוש,לא,
313,חידושי הראבד על עבודה זרה,כן,עבודה זרה,מח.,פירוש,לא,
314,חידושי הראבד על עבודה זרה,כן,עבודה זרה,מח.,פירוש,לא,
315,חידושי הראבד על עבודה זרה,כן,עבודה זרה,מח.,פירוש,לא,
316,חידושי הראבד על עבודה זרה,כן,עבודה זרה,מח.,פירוש,לא,
317,חידושי הראבד על עבודה זרה,כן,עבודה זרה,מח.,פירוש,לא,
319,חידושי הראבד על עבודה זרה,כן,עבודה זרה,מח:,פירוש,לא,
320,חידושי הראבד על עבודה זרה,כן,עבודה זרה,מח:,פירוש,לא,
321,חידושי הראבד על עבודה זרה,כן,עבודה זרה,מח:,פירוש,לא,
322,חידושי הראבד על עבודה זרה,כן,עבודה זרה,מח:,פירוש,לא,
324,חידושי הראבד על עבודה זרה,כן,עבודה זרה,מט.,פירוש,לא,
326,חידושי הראבד על עבודה זרה,כן,עבודה זרה,מט:,פירוש,לא,
327,חידושי הראבד על עבודה זרה,כן,עבודה זרה,מט:,פירוש,לא,
328,חידושי הראבד על עבודה זרה,כן,עבודה זרה,מט:,פירוש,לא,
329,חידושי הראבד על עבודה זרה,כן,עבודה זרה,מט:,פירוש,לא,
330,חידושי הראבד על עבודה זרה,כן,עבודה זרה,מט:,פירוש,לא,
332,חידושי הראבד על עבודה זרה,כן,עבודה זרה,נ.,פירוש,לא,
333,חידושי הראבד על עבודה זרה,כן,עבודה זרה,נ.,פירוש,לא,
335,חידושי הראבד על עבודה זרה,כן,עבודה זרה,נ:,פירוש,לא,
336,חידושי הראבד על עבודה זרה,כן,עבודה זרה,נ:,פירוש,לא,
338,חידושי הראבד על עבודה זרה,כן,עבודה זרה,נא.,פירוש,לא,
339,חידושי הראבד על עבודה זרה,כן,עבודה זרה,נא.,פירוש,לא,
340,חידושי הראבד על עבודה זרה,כן,עבודה זרה,נא.,פירוש,לא,
341,חידושי הראבד על עבודה זרה,כן,עבודה זרה,נא.,פירוש,לא,
342,חידושי הראבד על עבודה זרה,כן,עבודה זרה,נא.,פירוש,לא,
344,חידושי הראבד על עבודה זרה,כן,עבודה זרה,נא:,פירוש,לא,
345,חידושי הראבד על עבודה זרה,כן,עבודה זרה,נא:,פירוש,לא,
346,חידושי הראבד על עבודה זרה,כן,עבודה זרה,נא:,פירוש,לא,
347,חידושי הראבד על עבודה זרה,כן,עבודה זרה,נא:,פירוש,לא,
348,חידושי הראבד על עבודה זרה,כן,עבודה זרה,נא:,פירוש,לא,
350,חידושי הראבד על עבודה זרה,כן,עבודה זרה,נב.,פירוש,לא,
351,חידושי הראבד על עבודה זרה,כן,עבודה זרה,נב.,פירוש,לא,
353,חידושי הראבד על עבודה זרה,כן,עבודה זרה,נב:,פירוש,לא,
354,חידושי הראבד על עבודה זרה,כן,עבודה זרה,נב:,פירוש,לא,
355,חידושי הראבד על עבודה זרה,כן,עבודה זרה,נב:,פירוש,לא,
356,חידושי הראבד על עבודה זרה,כן,עבודה זרה,נב:,פירוש,לא,
357,חידושי הראבד על עבודה זרה,כן,עבודה זרה,נב:,פירוש,לא,
359,חידושי הראבד על עבודה זרה,כן,עבודה זרה,נג.,פירוש,לא,
360,חידושי הראבד על עבודה זרה,כן,עבודה זרה,נג.,פירוש,לא,
361,חידושי הראבד על עבודה זרה,כן,עבודה זרה,נג.,פירוש,לא,
363,חידושי הראבד על עבודה זרה,כן,עבודה זרה,נג:,פירוש,לא,
364,חידושי הראבד על עבודה זרה,כן,עבודה זרה,נג:,פירוש,לא,
365,חידושי הראבד על עבודה זרה,כן,עבודה זרה,נג:,פירוש,לא,
366,חידושי הראבד על עבודה זרה,כן,עבודה זרה,נג:,פירוש,לא,
368,חידושי הראבד על עבודה זרה,כן,עבודה זרה,נד.,פירוש,לא,
370,חידושי הראבד על עבודה זרה,כן,עבודה זרה,נד:,פירוש,לא,
371,חידושי הראבד על עבודה זרה,כן,עבודה זרה,נד:,פירוש,לא,
372,חידושי הראבד על עבודה זרה,כן,עבודה זרה,נד:,פירוש,לא,
374,חידושי הראבד על עבודה זרה,כן,עבודה זרה,נה.,פירוש,לא,
375,חידושי הראבד על עבודה זרה,כן,עבודה זרה,נה.,פירוש,לא,
377,חידושי הראבד על עבודה זרה,כן,עבודה זרה,נה:,פירוש,לא,
378,חידושי הראבד על עבודה זרה,כן,עבודה זרה,נה:,פירוש,לא,
379,חידושי הראבד על עבודה זרה,כן,עבודה זרה,נה:,פירוש,לא,
380,חידושי הראבד על עבודה זרה,כן,עבודה זרה,נה:,פירוש,לא,
382,חידושי הראבד על עבודה זרה,כן,עבודה זרה,נו.,פירוש,לא,
383,חידושי הראבד על עבודה זרה,כן,עבודה זרה,נו.,פירוש,לא,
384,חידושי הראבד על עבודה זרה,כן,עבודה זרה,נו.,פירוש,לא,
386,חידושי הראבד על עבודה זרה,כן,עבודה זרה,נו:,פירוש,לא,
387,חידושי הראבד על עבודה זרה,כן,עבודה זרה,נו:,פירוש,לא,
388,חידושי הראבד על עבודה זרה,כן,עבודה זרה,נו:,פירוש,לא,
389,חידושי הראבד על עבודה זרה,כן,עבודה זרה,נו:,פירוש,לא,
391,חידושי הראבד על עבודה זרה,כן,עבודה זרה,נז.,פירוש,לא,
392,חידושי הראבד על עבודה זרה,כן,עבודה זרה,נז.,פירוש,לא,
393,חידושי הראבד על עבודה זרה,כן,עבודה זרה,נז.,פירוש,לא,
395,חידושי הראבד על עבודה זרה,כן,עבודה זרה,נז:,פירוש,לא,
397,חידושי הראבד על עבודה זרה,כן,עבודה זרה,נח.,פירוש,לא,
398,חידושי הראבד על עבודה זרה,כן,עבודה זרה,נח.,פירוש,לא,
400,חידושי הראבד על עבודה זרה,כן,עבודה זרה,נח:,פירוש,לא,
401,חידושי הראבד על עבודה זרה,כן,עבודה זרה,נח:,פירוש,לא,
402,חידושי הראבד על עבודה זרה,כן,עבודה זרה,נח:,פירוש,לא,
404,חידושי הראבד על עבודה זרה,כן,עבודה זרה,נט.,פירוש,לא,
406,חידושי הראבד על עבודה זרה,כן,עבודה זרה,נט:,פירוש,לא,
407,חידושי הראבד על עבודה זרה,כן,עבודה זרה,נט:,פירוש,לא,
408,חידושי הראבד על עבודה זרה,כן,עבודה זרה,נט:,פירוש,לא,
409,חידושי הראבד על עבודה זרה,כן,עבודה זרה,נט:,פירוש,לא,
411,חידושי הראבד על עבודה זרה,כן,עבודה זרה,ס.,פירוש,לא,
412,חידושי הראבד על עבודה זרה,כן,עבודה זרה,ס.,פירוש,לא,
413,חידושי הראבד על עבודה זרה,כן,עבודה זרה,ס.,פירוש,לא,
414,חידושי הראבד על עבודה זרה,כן,עבודה זרה,ס.,פירוש,לא,
415,חידושי הראבד על עבודה זרה,כן,עבודה זרה,ס.,פירוש,לא,
417,חידושי הראבד על עבודה זרה,כן,עבודה זרה,ס:,פירוש,לא,
418,חידושי הראבד על עבודה זרה,כן,עבודה זרה,ס:,פירוש,לא,
419,חידושי הראבד על עבודה זרה,כן,עבודה זרה,ס:,פירוש,לא,
420,חידושי הראבד על עבודה זרה,כן,עבודה זרה,ס:,פירוש,לא,
421,חידושי הראבד על עבודה זרה,כן,עבודה זרה,ס:,פירוש,לא,
422,חידושי הראבד על עבודה זרה,כן,עבודה זרה,ס:,פירוש,לא,
423,חידושי הראבד על עבודה זרה,כן,עבודה זרה,ס:,פירוש,לא,
424,חידושי הראבד על עבודה זרה,כן,עבודה זרה,ס:,פירוש,לא,
426,חידושי הראבד על עבודה זרה,כן,עבודה זרה,סא.,פירוש,לא,
427,חידושי הראבד על עבודה זרה,כן,עבודה זרה,סא.,פירוש,לא,
428,חידושי הראבד על עבודה זרה,כן,עבודה זרה,סא.,פירוש,לא,
429,חידושי הראבד על עבודה זרה,כן,עבודה זרה,סא.,פירוש,לא,
431,חידושי הראבד על עבודה זרה,כן,עבודה זרה,סא:,פירוש,לא,
432,חידושי הראבד על עבודה זרה,כן,עבודה זרה,סא:,פירוש,לא,
433,חידושי הראבד על עבודה זרה,כן,עבודה זרה,סא:,פירוש,לא,
434,חידושי הראבד על עבודה זרה,כן,עבודה זרה,סא:,פירוש,לא,
436,חידושי הראבד על עבודה זרה,כן,עבודה זרה,סב.,פירוש,לא,
437,חידושי הראבד על עבודה זרה,כן,עבודה זרה,סב.,פירוש,לא,
439,חידושי הראבד על עבודה זרה,כן,עבודה זרה,סב:,פירוש,לא,
440,חידושי הראבד על עבודה זרה,כן,עבודה זרה,סב:,פירוש,לא,
441,חידושי הראבד על עבודה זרה,כן,עבודה זרה,סב:,פירוש,לא,
442,חידושי הראבד על עבודה זרה,כן,עבודה זרה,סב:,פירוש,לא,
443,חידושי הראבד על עבודה זרה,כן,עבודה זרה,סב:,פירוש,לא,
445,חידושי הראבד על עבודה זרה,כן,עבודה זרה,סג.,פירוש,לא,
446,חידושי הראבד על עבודה זרה,כן,עבודה זרה,סג.,פירוש,לא,
448,חידושי הראבד על עבודה זרה,כן,עבודה זרה,סג:,פירוש,לא,
449,חידושי הראבד על עבודה זרה,כן,עבודה זרה,סג:,פירוש,לא,
450,חידושי הראבד על עבודה זרה,כן,עבודה זרה,סג:,פירוש,לא,
451,חידושי הראבד על עבודה זרה,כן,עבודה זרה,סג:,פירוש,לא,
452,חידושי הראבד על עבודה זרה,כן,עבודה זרה,סג:,פירוש,לא,
454,חידושי הראבד על עבודה זרה,כן,עבודה זרה,סד.,פירוש,לא,
455,חידושי הראבד על עבודה זרה,כן,עבודה זרה,סד.,פירוש,לא,
457,חידושי הראבד על עבודה זרה,כן,עבודה זרה,סד:,פירוש,לא,
458,חידושי הראבד על עבודה זרה,כן,עבודה זרה,סד:,פירוש,לא,
459,חידושי הראבד על עבודה זרה,כן,עבודה זרה,סד:,פירוש,לא,
460,חידושי הראבד על עבודה זרה,כן,עבודה זרה,סד:,פירוש,לא,
461,חידושי הראבד על עבודה זרה,כן,עבודה זרה,סד:,פירוש,לא,
463,חידושי הראבד על עבודה זרה,כן,עבודה זרה,סה.,פירוש,לא,
465,חידושי הראבד על עבודה זרה,כן,עבודה זרה,סה:,פירוש,לא,
466,חידושי הראבד על עבודה זרה,כן,עבודה זרה,סה:,פירוש,לא,
467,חידושי הראבד על עבודה זרה,כן,עבודה זרה,סה:,פירוש,לא,
468,חידושי הראבד על עבודה זרה,כן,עבודה זרה,סה:,פירוש,לא,
470,חידושי הראבד על עבודה זרה,כן,עבודה זרה,סו.,פירוש,לא,
471,חידושי הראבד על עבודה זרה,כן,עבודה זרה,סו.,פירוש,לא,
472,חידושי הראבד על עבודה זרה,כן,עבודה זרה,סו.,פירוש,לא,
474,חידושי הראבד על עבודה זרה,כן,עבודה זרה,סו:,פירוש,לא,
476,חידושי הראבד על עבודה זרה,כן,עבודה זרה,סז.,פירוש,לא,
478,חידושי הראבד על עבודה זרה,כן,עבודה זרה,סז:,פירוש,לא,
479,חידושי הראבד על עבודה זרה,כן,עבודה זרה,סז:,פירוש,לא,
480,חידושי הראבד על עבודה זרה,כן,עבודה זרה,סז:,פירוש,לא,
482,חידושי הראבד על עבודה זרה,כן,עבודה זרה,סח.,פירוש,לא,
483,חידושי הראבד על עבודה זרה,כן,עבודה זרה,סח.,פירוש,לא,
485,חידושי הראבד על עבודה זרה,כן,עבודה זרה,סח:,פירוש,לא,
486,חידושי הראבד על עבודה זרה,כן,עבודה זרה,סח:,פירוש,לא,
487,חידושי הראבד על עבודה זרה,כן,עבודה זרה,סח:,פירוש,לא,
488,חידושי הראבד על עבודה זרה,כן,עבודה זרה,סח:,פירוש,לא,
490,חידושי הראבד על עבודה זרה,כן,עבודה זרה,סט.,פירוש,לא,
491,חידושי הראבד על עבודה זרה,כן,עבודה זרה,סט.,פירוש,לא,
492,חידושי הראבד על עבודה זרה,כן,עבודה זרה,סט.,פירוש,לא,
493,חידושי הראבד על עבודה זרה,כן,עבודה זרה,סט.,פירוש,לא,
494,חידושי הראבד על עבודה זרה,כן,עבודה זרה,סט.,פירוש,לא,
495,חידושי הראבד על עבודה זרה,כן,עבודה זרה,סט.,פירוש,לא,
496,חידושי הראבד על עבודה זרה,כן,עבודה זרה,סט.,פירוש,לא,
498,חידושי הראבד על עבודה זרה,כן,עבודה זרה,סט:,פירוש,לא,
499,חידושי הראבד על עבודה זרה,כן,עבודה זרה,סט:,פירוש,לא,
500,חידושי הראבד על עבודה זרה,כן,עבודה זרה,סט:,פירוש,לא,
502,חידושי הראבד על עבודה זרה,כן,עבודה זרה,ע.,פירוש,לא,
503,חידושי הראבד על עבודה זרה,כן,עבודה זרה,ע.,פירוש,לא,
504,חידושי הראבד על עבודה זרה,כן,עבודה זרה,ע.,פירוש,לא,
505,חידושי הראבד על עבודה זרה,כן,עבודה זרה,ע.,פירוש,לא,
506,חידושי הראבד על עבודה זרה,כן,עבודה זרה,ע.,פירוש,לא,
507,חידושי הראבד על עבודה זרה,כן,עבודה זרה,ע.,פירוש,לא,
508,חידושי הראבד על עבודה זרה,כן,עבודה זרה,ע.,פירוש,לא,
510,חידושי הראבד על עבודה זרה,כן,עבודה זרה,ע:,פירוש,לא,
511,חידושי הראבד על עבודה זרה,כן,עבודה זרה,ע:,פירוש,לא,
512,חידושי הראבד על עבודה זרה,כן,עבודה זרה,ע:,פירוש,לא,
513,חידושי הראבד על עבודה זרה,כן,עבודה זרה,ע:,פירוש,לא,
514,חידושי הראבד על עבודה זרה,כן,עבודה זרה,ע:,פירוש,לא,
515,חידושי הראבד על עבודה זרה,כן,עבודה זרה,ע:,פירוש,לא,
516,חידושי הראבד על עבודה זרה,כן,עבודה זרה,ע:,פירוש,לא,
517,חידושי הראבד על עבודה זרה,כן,עבודה זרה,ע:,פירוש,לא,
519,חידושי הראבד על עבודה זרה,כן,עבודה זרה,עא.,פירוש,לא,
520,חידושי הראבד על עבודה זרה,כן,עבודה זרה,עא.,פירוש,לא,
521,חידושי הראבד על עבודה זרה,כן,עבודה זרה,עא.,פירוש,לא,
522,חידושי הראבד על עבודה זרה,כן,עבודה זרה,עא.,פירוש,לא,
523,חידושי הראבד על עבודה זרה,כן,עבודה זרה,עא.,פירוש,לא,
525,חידושי הראבד על עבודה זרה,כן,עבודה זרה,עא:,פירוש,לא,
526,חידושי הראבד על עבודה זרה,כן,עבודה זרה,עא:,פירוש,לא,
527,חידושי הראבד על עבודה זרה,כן,עבודה זרה,עא:,פירוש,לא,
528,חידושי הראבד על עבודה זרה,כן,עבודה זרה,עא:,פירוש,לא,
530,חידושי הראבד על עבודה זרה,כן,עבודה זרה,עב.,פירוש,לא,
531,חידושי הראבד על עבודה זרה,כן,עבודה זרה,עב.,פירוש,לא,
532,חידושי הראבד על עבודה זרה,כן,עבודה זרה,עב.,פירוש,לא,
533,חידושי הראבד על עבודה זרה,כן,עבודה זרה,עב.,פירוש,לא,
534,חידושי הראבד על עבודה זרה,כן,עבודה זרה,עב.,פירוש,לא,
536,חידושי הראבד על עבודה זרה,כן,עבודה זרה,עב:,פירוש,לא,
537,חידושי הראבד על עבודה זרה,כן,עבודה זרה,עב:,פירוש,לא,
538,חידושי הראבד על עבודה זרה,כן,עבודה זרה,עב:,פירוש,לא,
539,חידושי הראבד על עבודה זרה,כן,עבודה זרה,עב:,פירוש,לא,
541,חידושי הראבד על עבודה זרה,כן,עבודה זרה,עג.,פירוש,לא,
542,חידושי הראבד על עבודה זרה,כן,עבודה זרה,עג.,פירוש,לא,
543,חידושי הראבד על עבודה זרה,כן,עבודה זרה,עג.,פירוש,לא,
544,חידושי הראבד על עבודה זרה,כן,עבודה זרה,עג.,פירוש,לא,
545,חידושי הראבד על עבודה זרה,כן,עבודה זרה,עג.,פירוש,לא,
546,חידושי הראבד על עבודה זרה,כן,עבודה זרה,עג.,פירוש,לא,
548,חידושי הראבד על עבודה זרה,כן,עבודה זרה,עג:,פירוש,לא,
549,חידושי הראבד על עבודה זרה,כן,עבודה זרה,עג:,פירוש,לא,
550,חידושי הראבד על עבודה זרה,כן,עבודה זרה,עג:,פירוש,לא,
551,חידושי הראבד על עבודה זרה,כן,עבודה זרה,עג:,פירוש,לא,
552,חידושי הראבד על עבודה זרה,כן,עבודה זרה,עג:,פירוש,לא,
554,חידושי הראבד על עבודה זרה,כן,עבודה זרה,עד.,פירוש,לא,
555,חידושי הראבד על עבודה זרה,כן,עבודה זרה,עד.,פירוש,לא,
556,חידושי הראבד על עבודה זרה,כן,עבודה זרה,עד.,פירוש,לא,
557,חידושי הראבד על עבודה זרה,כן,עבודה זרה,עד.,פירוש,לא,
559,חידושי הראבד על עבודה זרה,כן,עבודה זרה,עד:,פירוש,לא,
560,חידושי הראבד על עבודה זרה,כן,עבודה זרה,עד:,פירוש,לא,
561,חידושי הראבד על עבודה זרה,כן,עבודה זרה,עד:,פירוש,לא,
562,חידושי הראבד על עבודה זרה,כן,עבודה זרה,עד:,פירוש,לא,
563,חידושי הראבד על עבודה זרה,כן,עבודה זרה,עד:,פירוש,לא,
564,חידושי הראבד על עבודה זרה,כן,עבודה זרה,עד:,פירוש,לא,
566,חידושי הראבד על עבודה זרה,כן,עבודה זרה,עה.,פירוש,לא,
567,חידושי הראבד על עבודה זרה,כן,עבודה זרה,עה.,פירוש,לא,
568,חידושי הראבד על עבודה זרה,כן,עבודה זרה,עה.,פירוש,לא,
569,חידושי הראבד על עבודה זרה,כן,עבודה זרה,עה.,פירוש,לא,
570,חידושי הראבד על עבודה זרה,כן,עבודה זרה,עה.,פירוש,לא,
571,חידושי הראבד על עבודה זרה,כן,עבודה זרה,עה.,פירוש,לא,
573,חידושי הראבד על עבודה זרה,כן,עבודה זרה,עה:,פירוש,לא,
574,חידושי הראבד על עבודה זרה,כן,עבודה זרה,עה:,פירוש,לא,
575,חידושי הראבד על עבודה זרה,כן,עבודה זרה,עה:,פירוש,לא,
576,חידושי הראבד על עבודה זרה,כן,עבודה זרה,עה:,פירוש,לא,
577,חידושי הראבד על עבודה זרה,כן,עבודה זרה,עה:,פירוש,לא,
579,חידושי הראבד על עבודה זרה,כן,עבודה זרה,עו.,פירוש,לא,
580,חידושי הראבד על עבודה זרה,כן,עבודה זרה,עו.,פירוש,לא,
581,חידושי הראבד על עבודה זרה,כן,עבודה זרה,עו.,פירוש,לא,
582,חידושי הראבד על עבודה זרה,כן,עבודה זרה,עו.,פירוש,לא,
583,חידושי הראבד על עבודה זרה,כן,עבודה זרה,עו.,פירוש,לא,
584,חידושי הראבד על עבודה זרה,כן,עבודה זרה,עו.,פירוש,לא,
586,חידושי הראבד על עבודה זרה,כן,עבודה זרה,עו:,פירוש,לא,
3,חידושי הראה על עבודה זרה,כן,עבודה זרה,ב.,פירוש,לא,
4,חידושי הראה על עבודה זרה,כן,עבודה זרה,ב.,פירוש,לא,
6,חידושי הראה על עבודה זרה,כן,עבודה זרה,ו.,פירוש,לא,
8,חידושי הראה על עבודה זרה,כן,עבודה זרה,ו:,פירוש,לא,
9,חידושי הראה על עבודה זרה,כן,עבודה זרה,ו:,פירוש,לא,
10,חידושי הראה על עבודה זרה,כן,עבודה זרה,ו:,פירוש,לא,
11,חידושי הראה על עבודה זרה,כן,עבודה זרה,ו:,פירוש,לא,
13,חידושי הראה על עבודה זרה,כן,עבודה זרה,ז.,פירוש,לא,
14,חידושי הראה על עבודה זרה,כן,עבודה זרה,ז.,פירוש,לא,
15,חידושי הראה על עבודה זרה,כן,עבודה זרה,ז.,פירוש,לא,
17,חידושי הראה על עבודה זרה,כן,עבודה זרה,ח.,פירוש,לא,
19,חידושי הראה על עבודה זרה,כן,עבודה זרה,יא.,פירוש,לא,
21,חידושי הראה על עבודה זרה,כן,עבודה זרה,יא:,פירוש,לא,
23,חידושי הראה על עבודה זרה,כן,עבודה זרה,יב.,פירוש,לא,
25,חידושי הראה על עבודה זרה,כן,עבודה זרה,יג.,פירוש,לא,
26,חידושי הראה על עבודה זרה,כן,עבודה זרה,יג.,פירוש,לא,
28,חידושי הראה על עבודה זרה,כן,עבודה זרה,יג:,פירוש,לא,
30,חידושי הראה על עבודה זרה,כן,עבודה זרה,יד.,פירוש,לא,
32,חידושי הראה על עבודה זרה,כן,עבודה זרה,יד:,פירוש,לא,
34,חידושי הראה על עבודה זרה,כן,עבודה זרה,טו.,פירוש,לא,
35,חידושי הראה על עבודה זרה,כן,עבודה זרה,טו.,פירוש,לא,
37,חידושי הראה על עבודה זרה,כן,עבודה זרה,טו:,פירוש,לא,
39,חידושי הראה על עבודה זרה,כן,עבודה זרה,טז.,פירוש,לא,
40,חידושי הראה על עבודה זרה,כן,עבודה זרה,טז.,פירוש,לא,
42,חידושי הראה על עבודה זרה,כן,עבודה זרה,יז.,פירוש,לא,
44,חידושי הראה על עבודה זרה,כן,עבודה זרה,יח:,פירוש,לא,
46,חידושי הראה על עבודה זרה,כן,עבודה זרה,יט:,פירוש,לא,
47,חידושי הראה על עבודה זרה,כן,עבודה זרה,יט:,פירוש,לא,
49,חידושי הראה על עבודה זרה,כן,עבודה זרה,כ.,פירוש,לא,
51,חידושי הראה על עבודה זרה,כן,עבודה זרה,כ:,פירוש,לא,
52,חידושי הראה על עבודה זרה,כן,עבודה זרה,כ:,פירוש,לא,
53,חידושי הראה על עבודה זרה,כן,עבודה זרה,כ:,פירוש,לא,
55,חידושי הראה על עבודה זרה,כן,עבודה זרה,כא.,פירוש,לא,
56,חידושי הראה על עבודה זרה,כן,עבודה זרה,כא.,פירוש,לא,
57,חידושי הראה על עבודה זרה,כן,עבודה זרה,כא.,פירוש,לא,
59,חידושי הראה על עבודה זרה,כן,עבודה זרה,כא:,פירוש,לא,
61,חידושי הראה על עבודה זרה,כן,עבודה זרה,כב.,פירוש,לא,
63,חידושי הראה על עבודה זרה,כן,עבודה זרה,כב:,פירוש,לא,
65,חידושי הראה על עבודה זרה,כן,עבודה זרה,כה:,פירוש,לא,
67,חידושי הראה על עבודה זרה,כן,עבודה זרה,כו.,פירוש,לא,
68,חידושי הראה על עבודה זרה,כן,עבודה זרה,כו.,פירוש,לא,
70,חידושי הראה על עבודה זרה,כן,עבודה זרה,כו:,פירוש,לא,
71,חידושי הראה על עבודה זרה,כן,עבודה זרה,כו:,פירוש,לא,
73,חידושי הראה על עבודה זרה,כן,עבודה זרה,כז.,פירוש,לא,
74,חידושי הראה על עבודה זרה,כן,עבודה זרה,כז.,פירוש,לא,
76,חידושי הראה על עבודה זרה,כן,עבודה זרה,כז:,פירוש,לא,
77,חידושי הראה על עבודה זרה,כן,עבודה זרה,כז:,פירוש,לא,
78,חידושי הראה על עבודה זרה,כן,עבודה זרה,כז:,פירוש,לא,
79,חידושי הראה על עבודה זרה,כן,עבודה זרה,כז:,פירוש,לא,
81,חידושי הראה על עבודה זרה,כן,עבודה זרה,כח.,פירוש,לא,
82,חידושי הראה על עבודה זרה,כן,עבודה זרה,כח.,פירוש,לא,
83,חידושי הראה על עבודה זרה,כן,עבודה זרה,כח.,פירוש,לא,
84,חידושי הראה על עבודה זרה,כן,עבודה זרה,כח.,פירוש,לא,
86,חידושי הראה על עבודה זרה,כן,עבודה זרה,כט.,פירוש,לא,
88,חידושי הראה על עבודה זרה,כן,עבודה זרה,כט:,פירוש,לא,
89,חידושי הראה על עבודה זרה,כן,עבודה זרה,כט:,פירוש,לא,
90,חידושי הראה על עבודה זרה,כן,עבודה זרה,כט:,פירוש,לא,
91,חידושי הראה על עבודה זרה,כן,עבודה זרה,כט:,פירוש,לא,
92,חידושי הראה על עבודה זרה,כן,עבודה זרה,כט:,פירוש,לא,
93,חידושי הראה על עבודה זרה,כן,עבודה זרה,כט:,פירוש,לא,
95,חידושי הראה על עבודה זרה,כן,עבודה זרה,ל.,פירוש,לא,
96,חידושי הראה על עבודה זרה,כן,עבודה זרה,ל.,פירוש,לא,
97,חידושי הראה על עבודה זרה,כן,עבודה זרה,ל.,פירוש,לא,
99,חידושי הראה על עבודה זרה,כן,עבודה זרה,ל:,פירוש,לא,
100,חידושי הראה על עבודה זרה,כן,עבודה זרה,ל:,פירוש,לא,
101,חידושי הראה על עבודה זרה,כן,עבודה זרה,ל:,פירוש,לא,
103,חידושי הראה על עבודה זרה,כן,עבודה זרה,לא.,פירוש,לא,
104,חידושי הראה על עבודה זרה,כן,עבודה זרה,לא.,פירוש,לא,
106,חידושי הראה על עבודה זרה,כן,עבודה זרה,לא:,פירוש,לא,
108,חידושי הראה על עבודה זרה,כן,עבודה זרה,לב.,פירוש,לא,
110,חידושי הראה על עבודה זרה,כן,עבודה זרה,לב:,פירוש,לא,
112,חידושי הראה על עבודה זרה,כן,עבודה זרה,לג.,פירוש,לא,
113,חידושי הראה על עבודה זרה,כן,עבודה זרה,לג.,פירוש,לא,
115,חידושי הראה על עבודה זרה,כן,עבודה זרה,לג:,פירוש,לא,
116,חידושי הראה על עבודה זרה,כן,עבודה זרה,לג:,פירוש,לא,
117,חידושי הראה על עבודה זרה,כן,עבודה זרה,לג:,פירוש,לא,
118,חידושי הראה על עבודה זרה,כן,עבודה זרה,לג:,פירוש,לא,
119,חידושי הראה על עבודה זרה,כן,עבודה זרה,לג:,פירוש,לא,
121,חידושי הראה על עבודה זרה,כן,עבודה זרה,לד.,פירוש,לא,
123,חידושי הראה על עבודה זרה,כן,עבודה זרה,לד:,פירוש,לא,
125,חידושי הראה על עבודה זרה,כן,עבודה זרה,לה.,פירוש,לא,
127,חידושי הראה על עבודה זרה,כן,עבודה זרה,לה:,פירוש,לא,
128,חידושי הראה על עבודה זרה,כן,עבודה זרה,לה:,פירוש,לא,
129,חידושי הראה על עבודה זרה,כן,עבודה זרה,לה:,פירוש,לא,
130,חידושי הראה על עבודה זרה,כן,עבודה זרה,לה:,פירוש,לא,
131,חידושי הראה על עבודה זרה,כן,עבודה זרה,לה:,פירוש,לא,
132,חידושי הראה על עבודה זרה,כן,עבודה זרה,לה:,פירוש,לא,
133,חידושי הראה על עבודה זרה,כן,עבודה זרה,לה:,פירוש,לא,
134,חידושי הראה על עבודה זרה,כן,עבודה זרה,לה:,פירוש,לא,
136,חידושי הראה על עבודה זרה,כן,עבודה זרה,לו.,פירוש,לא,
138,חידושי הראה על עבודה זרה,כן,עבודה זרה,לח.,פירוש,לא,
139,חידושי הראה על עבודה זרה,כן,עבודה זרה,לח.,פירוש,לא,
140,חידושי הראה על עבודה זרה,כן,עבודה זרה,לח.,פירוש,לא,
141,חידושי הראה על עבודה זרה,כן,עבודה זרה,לח.,פירוש,לא,
143,חידושי הראה על עבודה זרה,כן,עבודה זרה,לח:,פירוש,לא,
144,חידושי הראה על עבודה זרה,כן,עבודה זרה,לח:,פירוש,לא,
145,חידושי הראה על עבודה זרה,כן,עבודה זרה,לח:,פירוש,לא,
147,חידושי הראה על עבודה זרה,כן,עבודה זרה,לט.,פירוש,לא,
148,חידושי הראה על עבודה זרה,כן,עבודה זרה,לט.,פירוש,לא,
150,חידושי הראה על עבודה זרה,כן,עבודה זרה,לט:,פירוש,לא,
151,חידושי הראה על עבודה זרה,כן,עבודה זרה,לט:,פירוש,לא,
152,חידושי הראה על עבודה זרה,כן,עבודה זרה,לט:,פירוש,לא,
153,חידושי הראה על עבודה זרה,כן,עבודה זרה,לט:,פירוש,לא,
154,חידושי הראה על עבודה זרה,כן,עבודה זרה,לט:,פירוש,לא,
156,חידושי הראה על עבודה זרה,כן,עבודה זרה,מ.,פירוש,לא,
157,חידושי הראה על עבודה זרה,כן,עבודה זרה,מ.,פירוש,לא,
158,חידושי הראה על עבודה זרה,כן,עבודה זרה,מ.,פירוש,לא,
160,חידושי הראה על עבודה זרה,כן,עבודה זרה,מ:,פירוש,לא,
161,חידושי הראה על עבודה זרה,כן,עבודה זרה,מ:,פירוש,לא,
163,חידושי הראה על עבודה זרה,כן,עבודה זרה,מא.,פירוש,לא,
164,חידושי הראה על עבודה זרה,כן,עבודה זרה,מא.,פירוש,לא,
166,חידושי הראה על עבודה זרה,כן,עבודה זרה,מא:,פירוש,לא,
168,חידושי הראה על עבודה זרה,כן,עבודה זרה,מב:,פירוש,לא,
169,חידושי הראה על עבודה זרה,כן,עבודה זרה,מב:,פירוש,לא,
171,חידושי הראה על עבודה זרה,כן,עבודה זרה,מג.,פירוש,לא,
172,חידושי הראה על עבודה זרה,כן,עבודה זרה,מג.,פירוש,לא,
173,חידושי הראה על עבודה זרה,כן,עבודה זרה,מג.,פירוש,לא,
175,חידושי הראה על עבודה זרה,כן,עבודה זרה,מג:,פירוש,לא,
176,חידושי הראה על עבודה זרה,כן,עבודה זרה,מג:,פירוש,לא,
178,חידושי הראה על עבודה זרה,כן,עבודה זרה,מד:,פירוש,לא,
180,חידושי הראה על עבודה זרה,כן,עבודה זרה,מה.,פירוש,לא,
182,חידושי הראה על עבודה זרה,כן,עבודה זרה,מז.,פירוש,לא,
184,חידושי הראה על עבודה זרה,כן,עבודה זרה,מז:,פירוש,לא,
185,חידושי הראה על עבודה זרה,כן,עבודה זרה,מז:,פירוש,לא,
187,חידושי הראה על עבודה זרה,כן,עבודה זרה,מח.,פירוש,לא,
189,חידושי הראה על עבודה זרה,כן,עבודה זרה,מח:,פירוש,לא,
191,חידושי הראה על עבודה זרה,כן,עבודה זרה,מט.,פירוש,לא,
193,חידושי הראה על עבודה זרה,כן,עבודה זרה,מט:,פירוש,לא,
194,חידושי הראה על עבודה זרה,כן,עבודה זרה,מט:,פירוש,לא,
195,חידושי הראה על עבודה זרה,כן,עבודה זרה,מט:,פירוש,לא,
196,חידושי הראה על עבודה זרה,כן,עבודה זרה,מט:,פירוש,לא,
198,חידושי הראה על עבודה זרה,כן,עבודה זרה,נא:,פירוש,לא,
199,חידושי הראה על עבודה זרה,כן,עבודה זרה,נא:,פירוש,לא,
200,חידושי הראה על עבודה זרה,כן,עבודה זרה,נא:,פירוש,לא,
201,חידושי הראה על עבודה זרה,כן,עבודה זרה,נא:,פירוש,לא,
202,חידושי הראה על עבודה זרה,כן,עבודה זרה,נא:,פירוש,לא,
204,חידושי הראה על עבודה זרה,כן,עבודה זרה,נג:,פירוש,לא,
206,חידושי הראה על עבודה זרה,כן,עבודה זרה,נד:,פירוש,לא,
208,חידושי הראה על עבודה זרה,כן,עבודה זרה,נה.,פירוש,לא,
209,חידושי הראה על עבודה זרה,כן,עבודה זרה,נה.,פירוש,לא,
211,חידושי הראה על עבודה זרה,כן,עבודה זרה,נה:,פירוש,לא,
212,חידושי הראה על עבודה זרה,כן,עבודה זרה,נה:,פירוש,לא,
214,חידושי הראה על עבודה זרה,כן,עבודה זרה,נז.,פירוש,לא,
216,חידושי הראה על עבודה זרה,כן,עבודה זרה,נז:,פירוש,לא,
217,חידושי הראה על עבודה זרה,כן,עבודה זרה,נז:,פירוש,לא,
219,חידושי הראה על עבודה זרה,כן,עבודה זרה,נח.,פירוש,לא,
221,חידושי הראה על עבודה זרה,כן,עבודה זרה,נח:,פירוש,לא,
223,חידושי הראה על עבודה זרה,כן,עבודה זרה,נט.,פירוש,לא,
225,חידושי הראה על עבודה זרה,כן,עבודה זרה,נט:,פירוש,לא,
226,חידושי הראה על עבודה זרה,כן,עבודה זרה,נט:,פירוש,לא,
228,חידושי הראה על עבודה זרה,כן,עבודה זרה,ס.,פירוש,לא,
229,חידושי הראה על עבודה זרה,כן,עבודה זרה,ס.,פירוש,לא,
230,חידושי הראה על עבודה זרה,כן,עבודה זרה,ס.,פירוש,לא,
232,חידושי הראה על עבודה זרה,כן,עבודה זרה,ס:,פירוש,לא,
233,חידושי הראה על עבודה זרה,כן,עבודה זרה,ס:,פירוש,לא,
234,חידושי הראה על עבודה זרה,כן,עבודה זרה,ס:,פירוש,לא,
236,חידושי הראה על עבודה זרה,כן,עבודה זרה,סא.,פירוש,לא,
237,חידושי הראה על עבודה זרה,כן,עבודה זרה,סא.,פירוש,לא,
239,חידושי הראה על עבודה זרה,כן,עבודה זרה,סא:,פירוש,לא,
241,חידושי הראה על עבודה זרה,כן,עבודה זרה,סב.,פירוש,לא,
243,חידושי הראה על עבודה זרה,כן,עבודה זרה,סב:,פירוש,לא,
245,חידושי הראה על עבודה זרה,כן,עבודה זרה,סה.,פירוש,לא,
247,חידושי הראה על עבודה זרה,כן,עבודה זרה,סה:,פירוש,לא,
249,חידושי הראה על עבודה זרה,כן,עבודה זרה,סו.,פירוש,לא,
251,חידושי הראה על עבודה זרה,כן,עבודה זרה,סו:,פירוש,לא,
253,חידושי הראה על עבודה זרה,כן,עבודה זרה,סז.,פירוש,לא,
254,חידושי הראה על עבודה זרה,כן,עבודה זרה,סז.,פירוש,לא,
255,חידושי הראה על עבודה זרה,כן,עבודה זרה,סז.,פירוש,לא,
257,חידושי הראה על עבודה זרה,כן,עבודה זרה,סט.,פירוש,לא,
258,חידושי הראה על עבודה זרה,כן,עבודה זרה,סט.,פירוש,לא,
259,חידושי הראה על עבודה זרה,כן,עבודה זרה,סט.,פירוש,לא,
261,חידושי הראה על עבודה זרה,כן,עבודה זרה,סט:,פירוש,לא,
263,חידושי הראה על עבודה זרה,כן,עבודה זרה,ע.,פירוש,לא,
264,חידושי הראה על עבודה זרה,כן,עבודה זרה,ע.,פירוש,לא,
265,חידושי הראה על עבודה זרה,כן,עבודה זרה,ע.,פירוש,לא,
267,חידושי הראה על עבודה זרה,כן,עבודה זרה,ע:,פירוש,לא,
269,חידושי הראה על עבודה זרה,כן,עבודה זרה,עא.,פירוש,לא,
271,חידושי הראה על עבודה זרה,כן,עבודה זרה,עב.,פירוש,לא,
272,חידושי הראה על עבודה זרה,כן,עבודה זרה,עב.,פירוש,לא,
274,חידושי הראה על עבודה זרה,כן,עבודה זרה,עב:,פירוש,לא,
276,חידושי הראה על עבודה זרה,כן,עבודה זרה,עד.,פירוש,לא,
278,חידושי הראה על עבודה זרה,כן,עבודה זרה,עד:,פירוש,לא,
279,חידושי הראה על עבודה זרה,כן,עבודה זרה,עד:,פירוש,לא,
281,חידושי הראה על עבודה זרה,כן,עבודה זרה,עה.,פירוש,לא,
282,חידושי הראה על עבודה זרה,כן,עבודה זרה,עה.,פירוש,לא,
284,חידושי הראה על עבודה זרה,כן,עבודה זרה,עה:,פירוש,לא,
285,חידושי הראה על עבודה זרה,כן,עבודה זרה,עה:,פירוש,לא,
3,פירוש רבינו ישמעאל בן חכמון על עירובין,כן,עירובין,טז:,פירוש,לא,
5,פירוש רבינו ישמעאל בן חכמון על עירובין,כן,עירובין,יז.,פירוש,לא,
6,פירוש רבינו ישמעאל בן חכמון על עירובין,כן,עירובין,יז.,פירוש,לא,
7,פירוש רבינו ישמעאל בן חכמון על עירובין,כן,עירובין,יז.,פירוש,לא,
9,פירוש רבינו ישמעאל בן חכמון על עירובין,כן,עירובין,יז:,פירוש,לא,
10,פירוש רבינו ישמעאל בן חכמון על עירובין,כן,עירובין,יז:,פירוש,לא,
11,פירוש רבינו ישמעאל בן חכמון על עירובין,כן,עירובין,יז:,פירוש,לא,
12,פירוש רבינו ישמעאל בן חכמון על עירובין,כן,עירובין,יז:,פירוש,לא,
13,פירוש רבינו ישמעאל בן חכמון על עירובין,כן,עירובין,יז:,פירוש,לא,
14,פירוש רבינו ישמעאל בן חכמון על עירובין,כן,עירובין,יז:,פירוש,לא,
16,פירוש רבינו ישמעאל בן חכמון על עירובין,כן,עירובין,יח.,פירוש,לא,
17,פירוש רבינו ישמעאל בן חכמון על עירובין,כן,עירובין,יח.,פירוש,לא,
19,פירוש רבינו ישמעאל בן חכמון על עירובין,כן,עירובין,כ:,פירוש,לא,
21,פירוש רבינו ישמעאל בן חכמון על עירובין,כן,עירובין,כא.,פירוש,לא,
23,פירוש רבינו ישמעאל בן חכמון על עירובין,כן,עירובין,כב.,פירוש,לא,
25,פירוש רבינו ישמעאל בן חכמון על עירובין,כן,עירובין,כב:,פירוש,לא,
27,פירוש רבינו ישמעאל בן חכמון על עירובין,כן,עירובין,כג.,פירוש,לא,
28,פירוש רבינו ישמעאל בן חכמון על עירובין,כן,עירובין,כג.,פירוש,לא,
29,פירוש רבינו ישמעאל בן חכמון על עירובין,כן,עירובין,כג.,פירוש,לא,
31,פירוש רבינו ישמעאל בן חכמון על עירובין,כן,עירובין,כג:,פירוש,לא,
33,פירוש רבינו ישמעאל בן חכמון על עירובין,כן,עירובין,כד.,פירוש,לא,
35,פירוש רבינו ישמעאל בן חכמון על עירובין,כן,עירובין,כו.,פירוש,לא,
37,פירוש רבינו ישמעאל בן חכמון על עירובין,כן,עירובין,כו:,פירוש,לא,
38,פירוש רבינו ישמעאל בן חכמון על עירובין,כן,עירובין,כו:,פירוש,לא,
39,פירוש רבינו ישמעאל בן חכמון על עירובין,כן,עירובין,כו:,פירוש,לא,
40,פירוש רבינו ישמעאל בן חכמון על עירובין,כן,עירובין,כו:,פירוש,לא,
42,פירוש רבינו ישמעאל בן חכמון על עירובין,כן,עירובין,כז.,פירוש,לא,
44,פירוש רבינו ישמעאל בן חכמון על עירובין,כן,עירובין,כט.,פירוש,לא,
45,פירוש רבינו ישמעאל בן חכמון על עירובין,כן,עירובין,כט.,פירוש,לא,
46,פירוש רבינו ישמעאל בן חכמון על עירובין,כן,עירובין,כט.,פירוש,לא,
47,פירוש רבינו ישמעאל בן חכמון על עירובין,כן,עירובין,כט.,פירוש,לא,
48,פירוש רבינו ישמעאל בן חכמון על עירובין,כן,עירובין,כט.,פירוש,לא,
50,פירוש רבינו ישמעאל בן חכמון על עירובין,כן,עירובין,ל.,פירוש,לא,
52,פירוש רבינו ישמעאל בן חכמון על עירובין,כן,עירובין,לא.,פירוש,לא,
53,פירוש רבינו ישמעאל בן חכמון על עירובין,כן,עירובין,לא.,פירוש,לא,
55,פירוש רבינו ישמעאל בן חכמון על עירובין,כן,עירובין,לא:,פירוש,לא,
57,פירוש רבינו ישמעאל בן חכמון על עירובין,כן,עירובין,לב:,פירוש,לא,
58,פירוש רבינו ישמעאל בן חכמון על עירובין,כן,עירובין,לב:,פירוש,לא,
60,פירוש רבינו ישמעאל בן חכמון על עירובין,כן,עירובין,לד:,פירוש,לא,
61,פירוש רבינו ישמעאל בן חכמון על עירובין,כן,עירובין,לד:,פירוש,לא,
63,פירוש רבינו ישמעאל בן חכמון על עירובין,כן,עירובין,לה.,פירוש,לא,
64,פירוש רבינו ישמעאל בן חכמון על עירובין,כן,עירובין,לה.,פירוש,לא,
65,פירוש רבינו ישמעאל בן חכמון על עירובין,כן,עירובין,לה.,פירוש,לא,
67,פירוש רבינו ישמעאל בן חכמון על עירובין,כן,עירובין,לו:,פירוש,לא,
68,פירוש רבינו ישמעאל בן חכמון על עירובין,כן,עירובין,לו:,פירוש,לא,
70,פירוש רבינו ישמעאל בן חכמון על עירובין,כן,עירובין,לז:,פירוש,לא,
72,פירוש רבינו ישמעאל בן חכמון על עירובין,כן,עירובין,לח.,פירוש,לא,
73,פירוש רבינו ישמעאל בן חכמון על עירובין,כן,עירובין,לח.,פירוש,לא,
74,פירוש רבינו ישמעאל בן חכמון על עירובין,כן,עירובין,לח.,פירוש,לא,
75,פירוש רבינו ישמעאל בן חכמון על עירובין,כן,עירובין,לח.,פירוש,לא,
77,פירוש רבינו ישמעאל בן חכמון על עירובין,כן,עירובין,לח:,פירוש,לא,
79,פירוש רבינו ישמעאל בן חכמון על עירובין,כן,עירובין,לט.,פירוש,לא,
80,פירוש רבינו ישמעאל בן חכמון על עירובין,כן,עירובין,לט.,פירוש,לא,
81,פירוש רבינו ישמעאל בן חכמון על עירובין,כן,עירובין,לט.,פירוש,לא,
82,פירוש רבינו ישמעאל בן חכמון על עירובין,כן,עירובין,לט.,פירוש,לא,
83,פירוש רבינו ישמעאל בן חכמון על עירובין,כן,עירובין,לט.,פירוש,לא,
85,פירוש רבינו ישמעאל בן חכמון על עירובין,כן,עירובין,לט:,פירוש,לא,
86,פירוש רבינו ישמעאל בן חכמון על עירובין,כן,עירובין,לט:,פירוש,לא,
87,פירוש רבינו ישמעאל בן חכמון על עירובין,כן,עירובין,לט:,פירוש,לא,
88,פירוש רבינו ישמעאל בן חכמון על עירובין,כן,עירובין,לט:,פירוש,לא,
90,פירוש רבינו ישמעאל בן חכמון על עירובין,כן,עירובין,מ.,פירוש,לא,
91,פירוש רבינו ישמעאל בן חכמון על עירובין,כן,עירובין,מ.,פירוש,לא,
93,פירוש רבינו ישמעאל בן חכמון על עירובין,כן,עירובין,מ:,פירוש,לא,
94,פירוש רבינו ישמעאל בן חכמון על עירובין,כן,עירובין,מ:,פירוש,לא,
95,פירוש רבינו ישמעאל בן חכמון על עירובין,כן,עירובין,מ:,פירוש,לא,
97,פירוש רבינו ישמעאל בן חכמון על עירובין,כן,עירובין,מא:,פירוש,לא,
98,פירוש רבינו ישמעאל בן חכמון על עירובין,כן,עירובין,מא:,פירוש,לא,
99,פירוש רבינו ישמעאל בן חכמון על עירובין,כן,עירובין,מא:,פירוש,לא,
100,פירוש רבינו ישמעאל בן חכמון על עירובין,כן,עירובין,מא:,פירוש,לא,
101,פירוש רבינו ישמעאל בן חכמון על עירובין,כן,עירובין,מא:,פירוש,לא,
102,פירוש רבינו ישמעאל בן חכמון על עירובין,כן,עירובין,מא:,פירוש,לא,
104,פירוש רבינו ישמעאל בן חכמון על עירובין,כן,עירובין,מב.,פירוש,לא,
106,פירוש רבינו ישמעאל בן חכמון על עירובין,כן,עירובין,מב:,פירוש,לא,
107,פירוש רבינו ישמעאל בן חכמון על עירובין,כן,עירובין,מב:,פירוש,לא,
108,פירוש רבינו ישמעאל בן חכמון על עירובין,כן,עירובין,מב:,פירוש,לא,
110,פירוש רבינו ישמעאל בן חכמון על עירובין,כן,עירובין,מג.,פירוש,לא,
111,פירוש רבינו ישמעאל בן חכמון על עירובין,כן,עירובין,מג.,פירוש,לא,
112,פירוש רבינו ישמעאל בן חכמון על עירובין,כן,עירובין,מג.,פירוש,לא,
113,פירוש רבינו ישמעאל בן חכמון על עירובין,כן,עירובין,מג.,פירוש,לא,
114,פירוש רבינו ישמעאל בן חכמון על עירובין,כן,עירובין,מג.,פירוש,לא,
115,פירוש רבינו ישמעאל בן חכמון על עירובין,כן,עירובין,מג.,פירוש,לא,
116,פירוש רבינו ישמעאל בן חכמון על עירובין,כן,עירובין,מג.,פירוש,לא,
117,פירוש רבינו ישמעאל בן חכמון על עירובין,כן,עירובין,מג.,פירוש,לא,
118,פירוש רבינו ישמעאל בן חכמון על עירובין,כן,עירובין,מג.,פירוש,לא,
119,פירוש רבינו ישמעאל בן חכמון על עירובין,כן,עירובין,מג.,פירוש,לא,
121,פירוש רבינו ישמעאל בן חכמון על עירובין,כן,עירובין,מג:,פירוש,לא,
122,פירוש רבינו ישמעאל בן חכמון על עירובין,כן,עירובין,מג:,פירוש,לא,
123,פירוש רבינו ישמעאל בן חכמון על עירובין,כן,עירובין,מג:,פירוש,לא,
124,פירוש רבינו ישמעאל בן חכמון על עירובין,כן,עירובין,מג:,פירוש,לא,
125,פירוש רבינו ישמעאל בן חכמון על עירובין,כן,עירובין,מג:,פירוש,לא,
126,פירוש רבינו ישמעאל בן חכמון על עירובין,כן,עירובין,מג:,פירוש,לא,
127,פירוש רבינו ישמעאל בן חכמון על עירובין,כן,עירובין,מג:,פירוש,לא,
128,פירוש רבינו ישמעאל בן חכמון על עירובין,כן,עירובין,מג:,פירוש,לא,
129,פירוש רבינו ישמעאל בן חכמון על עירובין,כן,עירובין,מג:,פירוש,לא,
130,פירוש רבינו ישמעאל בן חכמון על עירובין,כן,עירובין,מג:,פירוש,לא,
131,פירוש רבינו ישמעאל בן חכמון על עירובין,כן,עירובין,מג:,פירוש,לא,
133,פירוש רבינו ישמעאל בן חכמון על עירובין,כן,עירובין,מד:,פירוש,לא,
134,פירוש רבינו ישמעאל בן חכמון על עירובין,כן,עירובין,מד:,פירוש,לא,
135,פירוש רבינו ישמעאל בן חכמון על עירובין,כן,עירובין,מד:,פירוש,לא,
137,פירוש רבינו ישמעאל בן חכמון על עירובין,כן,עירובין,מה.,פירוש,לא,
138,פירוש רבינו ישמעאל בן חכמון על עירובין,כן,עירובין,מה.,פירוש,לא,
139,פירוש רבינו ישמעאל בן חכמון על עירובין,כן,עירובין,מה.,פירוש,לא,
140,פירוש רבינו ישמעאל בן חכמון על עירובין,כן,עירובין,מה.,פירוש,לא,
141,פירוש רבינו ישמעאל בן חכמון על עירובין,כן,עירובין,מה.,פירוש,לא,
143,פירוש רבינו ישמעאל בן חכמון על עירובין,כן,עירובין,מו.,פירוש,לא,
145,פירוש רבינו ישמעאל בן חכמון על עירובין,כן,עירובין,מו:,פירוש,לא,
147,פירוש רבינו ישמעאל בן חכמון על עירובין,כן,עירובין,מז:,פירוש,לא,
148,פירוש רבינו ישמעאל בן חכמון על עירובין,כן,עירובין,מז:,פירוש,לא,
150,פירוש רבינו ישמעאל בן חכמון על עירובין,כן,עירובין,מח.,פירוש,לא,
151,פירוש רבינו ישמעאל בן חכמון על עירובין,כן,עירובין,מח.,פירוש,לא,
152,פירוש רבינו ישמעאל בן חכמון על עירובין,כן,עירובין,מח.,פירוש,לא,
153,פירוש רבינו ישמעאל בן חכמון על עירובין,כן,עירובין,מח.,פירוש,לא,
155,פירוש רבינו ישמעאל בן חכמון על עירובין,כן,עירובין,מח:,פירוש,לא,
157,פירוש רבינו ישמעאל בן חכמון על עירובין,כן,עירובין,מט.,פירוש,לא,
159,פירוש רבינו ישמעאל בן חכמון על עירובין,כן,עירובין,מט:,פירוש,לא,
160,פירוש רבינו ישמעאל בן חכמון על עירובין,כן,עירובין,מט:,פירוש,לא,
161,פירוש רבינו ישמעאל בן חכמון על עירובין,כן,עירובין,מט:,פירוש,לא,
162,פירוש רבינו ישמעאל בן חכמון על עירובין,כן,עירובין,מט:,פירוש,לא,
164,פירוש רבינו ישמעאל בן חכמון על עירובין,כן,עירובין,נ.,פירוש,לא,
166,פירוש רבינו ישמעאל בן חכמון על עירובין,כן,עירובין,נ:,פירוש,לא,
167,פירוש רבינו ישמעאל בן חכמון על עירובין,כן,עירובין,נ:,פירוש,לא,
168,פירוש רבינו ישמעאל בן חכמון על עירובין,כן,עירובין,נ:,פירוש,לא,
170,פירוש רבינו ישמעאל בן חכמון על עירובין,כן,עירובין,נא.,פירוש,לא,
171,פירוש רבינו ישמעאל בן חכמון על עירובין,כן,עירובין,נא.,פירוש,לא,
172,פירוש רבינו ישמעאל בן חכמון על עירובין,כן,עירובין,נא.,פירוש,לא,
174,פירוש רבינו ישמעאל בן חכמון על עירובין,כן,עירובין,נב.,פירוש,לא,
175,פירוש רבינו ישמעאל בן חכמון על עירובין,כן,עירובין,נב.,פירוש,לא,
177,פירוש רבינו ישמעאל בן חכמון על עירובין,כן,עירובין,נב:,פירוש,לא,
178,פירוש רבינו ישמעאל בן חכמון על עירובין,כן,עירובין,נב:,פירוש,לא,
180,פירוש רבינו ישמעאל בן חכמון על עירובין,כן,עירובין,נג.,פירוש,לא,
182,פירוש רבינו ישמעאל בן חכמון על עירובין,כן,עירובין,נה.,פירוש,לא,
183,פירוש רבינו ישמעאל בן חכמון על עירובין,כן,עירובין,נה.,פירוש,לא,
184,פירוש רבינו ישמעאל בן חכמון על עירובין,כן,עירובין,נה.,פירוש,לא,
185,פירוש רבינו ישמעאל בן חכמון על עירובין,כן,עירובין,נה.,פירוש,לא,
186,פירוש רבינו ישמעאל בן חכמון על עירובין,כן,עירובין,נה.,פירוש,לא,
188,פירוש רבינו ישמעאל בן חכמון על עירובין,כן,עירובין,נה:,פירוש,לא,
189,פירוש רבינו ישמעאל בן חכמון על עירובין,כן,עירובין,נה:,פירוש,לא,
190,פירוש רבינו ישמעאל בן חכמון על עירובין,כן,עירובין,נה:,פירוש,לא,
191,פירוש רבינו ישמעאל בן חכמון על עירובין,כן,עירובין,נה:,פירוש,לא,
193,פירוש רבינו ישמעאל בן חכמון על עירובין,כן,עירובין,נו.,פירוש,לא,
195,פירוש רבינו ישמעאל בן חכמון על עירובין,כן,עירובין,נז.,פירוש,לא,
196,פירוש רבינו ישמעאל בן חכמון על עירובין,כן,עירובין,נז.,פירוש,לא,
198,פירוש רבינו ישמעאל בן חכמון על עירובין,כן,עירובין,נז:,פירוש,לא,
200,פירוש רבינו ישמעאל בן חכמון על עירובין,כן,עירובין,נח.,פירוש,לא,
201,פירוש רבינו ישמעאל בן חכמון על עירובין,כן,עירובין,נח.,פירוש,לא,
202,פירוש רבינו ישמעאל בן חכמון על עירובין,כן,עירובין,נח.,פירוש,לא,
203,פירוש רבינו ישמעאל בן חכמון על עירובין,כן,עירובין,נח.,פירוש,לא,
204,פירוש רבינו ישמעאל בן חכמון על עירובין,כן,עירובין,נח.,פירוש,לא,
206,פירוש רבינו ישמעאל בן חכמון על עירובין,כן,עירובין,נח:,פירוש,לא,
207,פירוש רבינו ישמעאל בן חכמון על עירובין,כן,עירובין,נח:,פירוש,לא,
208,פירוש רבינו ישמעאל בן חכמון על עירובין,כן,עירובין,נח:,פירוש,לא,
209,פירוש רבינו ישמעאל בן חכמון על עירובין,כן,עירובין,נח:,פירוש,לא,
211,פירוש רבינו ישמעאל בן חכמון על עירובין,כן,עירובין,נט.,פירוש,לא,
212,פירוש רבינו ישמעאל בן חכמון על עירובין,כן,עירובין,נט.,פירוש,לא,
213,פירוש רבינו ישמעאל בן חכמון על עירובין,כן,עירובין,נט.,פירוש,לא,
215,פירוש רבינו ישמעאל בן חכמון על עירובין,כן,עירובין,נט:,פירוש,לא,
216,פירוש רבינו ישמעאל בן חכמון על עירובין,כן,עירובין,נט:,פירוש,לא,
217,פירוש רבינו ישמעאל בן חכמון על עירובין,כן,עירובין,נט:,פירוש,לא,
219,פירוש רבינו ישמעאל בן חכמון על עירובין,כן,עירובין,ס.,פירוש,לא,
220,פירוש רבינו ישמעאל בן חכמון על עירובין,כן,עירובין,ס.,פירוש,לא,
222,פירוש רבינו ישמעאל בן חכמון על עירובין,כן,עירובין,ס:,פירוש,לא,
223,פירוש רבינו ישמעאל בן חכמון על עירובין,כן,עירובין,ס:,פירוש,לא,
224,פירוש רבינו ישמעאל בן חכמון על עירובין,כן,עירובין,ס:,פירוש,לא,
226,פירוש רבינו ישמעאל בן חכמון על עירובין,כן,עירובין,סא.,פירוש,לא,
227,פירוש רבינו ישמעאל בן חכמון על עירובין,כן,עירובין,סא.,פירוש,לא,
229,פירוש רבינו ישמעאל בן חכמון על עירובין,כן,עירובין,סא:,פירוש,לא,
230,פירוש רבינו ישמעאל בן חכמון על עירובין,כן,עירובין,סא:,פירוש,לא,
232,פירוש רבינו ישמעאל בן חכמון על עירובין,כן,עירובין,סב.,פירוש,לא,
233,פירוש רבינו ישמעאל בן חכמון על עירובין,כן,עירובין,סב.,פירוש,לא,
235,פירוש רבינו ישמעאל בן חכמון על עירובין,כן,עירובין,סב:,פירוש,לא,
237,פירוש רבינו ישמעאל בן חכמון על עירובין,כן,עירובין,סג.,פירוש,לא,
238,פירוש רבינו ישמעאל בן חכמון על עירובין,כן,עירובין,סג.,פירוש,לא,
239,פירוש רבינו ישמעאל בן חכמון על עירובין,כן,עירובין,סג.,פירוש,לא,
241,פירוש רבינו ישמעאל בן חכמון על עירובין,כן,עירובין,סג:,פירוש,לא,
243,פירוש רבינו ישמעאל בן חכמון על עירובין,כן,עירובין,סד.,פירוש,לא,
244,פירוש רבינו ישמעאל בן חכמון על עירובין,כן,עירובין,סד.,פירוש,לא,
245,פירוש רבינו ישמעאל בן חכמון על עירובין,כן,עירובין,סד.,פירוש,לא,
247,פירוש רבינו ישמעאל בן חכמון על עירובין,כן,עירובין,סד:,פירוש,לא,
249,פירוש רבינו ישמעאל בן חכמון על עירובין,כן,עירובין,סה.,פירוש,לא,
251,פירוש רבינו ישמעאל בן חכמון על עירובין,כן,עירובין,סה:,פירוש,לא,
252,פירוש רבינו ישמעאל בן חכמון על עירובין,כן,עירובין,סה:,פירוש,לא,
254,פירוש רבינו ישמעאל בן חכמון על עירובין,כן,עירובין,סו:,פירוש,לא,
256,פירוש רבינו ישמעאל בן חכמון על עירובין,כן,עירובין,סז:,פירוש,לא,
258,פירוש רבינו ישמעאל בן חכמון על עירובין,כן,עירובין,סח.,פירוש,לא,
259,פירוש רבינו ישמעאל בן חכמון על עירובין,כן,עירובין,סח.,פירוש,לא,
260,פירוש רבינו ישמעאל בן חכמון על עירובין,כן,עירובין,סח.,פירוש,לא,
261,פירוש רבינו ישמעאל בן חכמון על עירובין,כן,עירובין,סח.,פירוש,לא,
263,פירוש רבינו ישמעאל בן חכמון על עירובין,כן,עירובין,סט:,פירוש,לא,
264,פירוש רבינו ישמעאל בן חכמון על עירובין,כן,עירובין,סט:,פירוש,לא,
265,פירוש רבינו ישמעאל בן חכמון על עירובין,כן,עירובין,סט:,פירוש,לא,
266,פירוש רבינו ישמעאל בן חכמון על עירובין,כן,עירובין,סט:,פירוש,לא,
267,פירוש רבינו ישמעאל בן חכמון על עירובין,כן,עירובין,סט:,פירוש,לא,
268,פירוש רבינו ישמעאל בן חכמון על עירובין,כן,עירובין,סט:,פירוש,לא,
269,פירוש רבינו ישמעאל בן חכמון על עירובין,כן,עירובין,סט:,פירוש,לא,
270,פירוש רבינו ישמעאל בן חכמון על עירובין,כן,עירובין,סט:,פירוש,לא,
272,פירוש רבינו ישמעאל בן חכמון על עירובין,כן,עירובין,ע.,פירוש,לא,
273,פירוש רבינו ישמעאל בן חכמון על עירובין,כן,עירובין,ע.,פירוש,לא,
274,פירוש רבינו ישמעאל בן חכמון על עירובין,כן,עירובין,ע.,פירוש,לא,
276,פירוש רבינו ישמעאל בן חכמון על עירובין,כן,עירובין,ע:,פירוש,לא,
278,פירוש רבינו ישמעאל בן חכמון על עירובין,כן,עירובין,עא.,פירוש,לא,
279,פירוש רבינו ישמעאל בן חכמון על עירובין,כן,עירובין,עא.,פירוש,לא,
281,פירוש רבינו ישמעאל בן חכמון על עירובין,כן,עירובין,עא:,פירוש,לא,
283,פירוש רבינו ישמעאל בן חכמון על עירובין,כן,עירובין,עב.,פירוש,לא,
285,פירוש רבינו ישמעאל בן חכמון על עירובין,כן,עירובין,עב:,פירוש,לא,
286,פירוש רבינו ישמעאל בן חכמון על עירובין,כן,עירובין,עב:,פירוש,לא,
287,פירוש רבינו ישמעאל בן חכמון על עירובין,כן,עירובין,עב:,פירוש,לא,
288,פירוש רבינו ישמעאל בן חכמון על עירובין,כן,עירובין,עב:,פירוש,לא,
289,פירוש רבינו ישמעאל בן חכמון על עירובין,כן,עירובין,עב:,פירוש,לא,
290,פירוש רבינו ישמעאל בן חכמון על עירובין,כן,עירובין,עב:,פירוש,לא,
292,פירוש רבינו ישמעאל בן חכמון על עירובין,כן,עירובין,עג.,פירוש,לא,
293,פירוש רבינו ישמעאל בן חכמון על עירובין,כן,עירובין,עג.,פירוש,לא,
294,פירוש רבינו ישמעאל בן חכמון על עירובין,כן,עירובין,עג.,פירוש,לא,
295,פירוש רבינו ישמעאל בן חכמון על עירובין,כן,עירובין,עג.,פירוש,לא,
297,פירוש רבינו ישמעאל בן חכמון על עירובין,כן,עירובין,עג:,פירוש,לא,
298,פירוש רבינו ישמעאל בן חכמון על עירובין,כן,עירובין,עג:,פירוש,לא,
300,פירוש רבינו ישמעאל בן חכמון על עירובין,כן,עירובין,עד:,פירוש,לא,
302,פירוש רבינו ישמעאל בן חכמון על עירובין,כן,עירובין,עה.,פירוש,לא,
303,פירוש רבינו ישמעאל בן חכמון על עירובין,כן,עירובין,עה.,פירוש,לא,
305,פירוש רבינו ישמעאל בן חכמון על עירובין,כן,עירובין,עה:,פירוש,לא,
307,פירוש רבינו ישמעאל בן חכמון על עירובין,כן,עירובין,עו.,פירוש,לא,
308,פירוש רבינו ישמעאל בן חכמון על עירובין,כן,עירובין,עו.,פירוש,לא,
310,פירוש רבינו ישמעאל בן חכמון על עירובין,כן,עירובין,עו:,פירוש,לא,
311,פירוש רבינו ישמעאל בן חכמון על עירובין,כן,עירובין,עו:,פירוש,לא,
313,פירוש רבינו ישמעאל בן חכמון על עירובין,כן,עירובין,עז.,פירוש,לא,
314,פירוש רבינו ישמעאל בן חכמון על עירובין,כן,עירובין,עז.,פירוש,לא,
316,פירוש רבינו ישמעאל בן חכמון על עירובין,כן,עירובין,עח:,פירוש,לא,
318,פירוש רבינו ישמעאל בן חכמון על עירובין,כן,עירובין,עט.,פירוש,לא,
319,פירוש רבינו ישמעאל בן חכמון על עירובין,כן,עירובין,עט.,פירוש,לא,
320,פירוש רבינו ישמעאל בן חכמון על עירובין,כן,עירובין,עט.,פירוש,לא,
321,פירוש רבינו ישמעאל בן חכמון על עירובין,כן,עירובין,עט.,פירוש,לא,
322,פירוש רבינו ישמעאל בן חכמון על עירובין,כן,עירובין,עט.,פירוש,לא,
324,פירוש רבינו ישמעאל בן חכמון על עירובין,כן,עירובין,עט:,פירוש,לא,
325,פירוש רבינו ישמעאל בן חכמון על עירובין,כן,עירובין,עט:,פירוש,לא,
326,פירוש רבינו ישמעאל בן חכמון על עירובין,כן,עירובין,עט:,פירוש,לא,
327,פירוש רבינו ישמעאל בן חכמון על עירובין,כן,עירובין,עט:,פירוש,לא,
329,פירוש רבינו ישמעאל בן חכמון על עירובין,כן,עירובין,פ.,פירוש,לא,
330,פירוש רבינו ישמעאל בן חכמון על עירובין,כן,עירובין,פ.,פירוש,לא,
331,פירוש רבינו ישמעאל בן חכמון על עירובין,כן,עירובין,פ.,פירוש,לא,
333,פירוש רבינו ישמעאל בן חכמון על עירובין,כן,עירובין,פ:,פירוש,לא,
334,פירוש רבינו ישמעאל בן חכמון על עירובין,כן,עירובין,פ:,פירוש,לא,
335,פירוש רבינו ישמעאל בן חכמון על עירובין,כן,עירובין,פ:,פירוש,לא,
336,פירוש רבינו ישמעאל בן חכמון על עירובין,כן,עירובין,פ:,פירוש,לא,
338,פירוש רבינו ישמעאל בן חכמון על עירובין,כן,עירובין,פא.,פירוש,לא,
339,פירוש רבינו ישמעאל בן חכמון על עירובין,כן,עירובין,פא.,פירוש,לא,
341,פירוש רבינו ישמעאל בן חכמון על עירובין,כן,עירובין,פא:,פירוש,לא,
342,פירוש רבינו ישמעאל בן חכמון על עירובין,כן,עירובין,פא:,פירוש,לא,
344,פירוש רבינו ישמעאל בן חכמון על עירובין,כן,עירובין,פב.,פירוש,לא,
345,פירוש רבינו ישמעאל בן חכמון על עירובין,כן,עירובין,פב.,פירוש,לא,
347,פירוש רבינו ישמעאל בן חכמון על עירובין,כן,עירובין,פב:,פירוש,לא,
348,פירוש רבינו ישמעאל בן חכמון על עירובין,כן,עירובין,פב:,פירוש,לא,
349,פירוש רבינו ישמעאל בן חכמון על עירובין,כן,עירובין,פב:,פירוש,לא,
350,פירוש רבינו ישמעאל בן חכמון על עירובין,כן,עירובין,פב:,פירוש,לא,
352,פירוש רבינו ישמעאל בן חכמון על עירובין,כן,עירובין,פג:,פירוש,לא,
353,פירוש רבינו ישמעאל בן חכמון על עירובין,כן,עירובין,פג:,פירוש,לא,
354,פירוש רבינו ישמעאל בן חכמון על עירובין,כן,עירובין,פג:,פירוש,לא,
355,פירוש רבינו ישמעאל בן חכמון על עירובין,כן,עירובין,פג:,פירוש,לא,
356,פירוש רבינו ישמעאל בן חכמון על עירובין,כן,עירובין,פג:,פירוש,לא,
357,פירוש רבינו ישמעאל בן חכמון על עירובין,כן,עירובין,פג:,פירוש,לא,
358,פירוש רבינו ישמעאל בן חכמון על עירובין,כן,עירובין,פג:,פירוש,לא,
359,פירוש רבינו ישמעאל בן חכמון על עירובין,כן,עירובין,פג:,פירוש,לא,
360,פירוש רבינו ישמעאל בן חכמון על עירובין,כן,עירובין,פג:,פירוש,לא,
361,פירוש רבינו ישמעאל בן חכמון על עירובין,כן,עירובין,פג:,פירוש,לא,
363,פירוש רבינו ישמעאל בן חכמון על עירובין,כן,עירובין,פד.,פירוש,לא,
365,פירוש רבינו ישמעאל בן חכמון על עירובין,כן,עירובין,פה:,פירוש,לא,
366,פירוש רבינו ישמעאל בן חכמון על עירובין,כן,עירובין,פה:,פירוש,לא,
367,פירוש רבינו ישמעאל בן חכמון על עירובין,כן,עירובין,פה:,פירוש,לא,
369,פירוש רבינו ישמעאל בן חכמון על עירובין,כן,עירובין,פו.,פירוש,לא,
370,פירוש רבינו ישמעאל בן חכמון על עירובין,כן,עירובין,פו.,פירוש,לא,
371,פירוש רבינו ישמעאל בן חכמון על עירובין,כן,עירובין,פו.,פירוש,לא,
373,פירוש רבינו ישמעאל בן חכמון על עירובין,כן,עירובין,פו:,פירוש,לא,
375,פירוש רבינו ישמעאל בן חכמון על עירובין,כן,עירובין,פז.,פירוש,לא,
377,פירוש רבינו ישמעאל בן חכמון על עירובין,כן,עירובין,פז:,פירוש,לא,
379,פירוש רבינו ישמעאל בן חכמון על עירובין,כן,עירובין,פח.,פירוש,לא,
380,פירוש רבינו ישמעאל בן חכמון על עירובין,כן,עירובין,פח.,פירוש,לא,
381,פירוש רבינו ישמעאל בן חכמון על עירובין,כן,עירובין,פח.,פירוש,לא,
382,פירוש רבינו ישמעאל בן חכמון על עירובין,כן,עירובין,פח.,פירוש,לא,
383,פירוש רבינו ישמעאל בן חכמון על עירובין,כן,עירובין,פח.,פירוש,לא,
385,פירוש רבינו ישמעאל בן חכמון על עירובין,כן,עירובין,פח:,פירוש,לא,
386,פירוש רבינו ישמעאל בן חכמון על עירובין,כן,עירובין,פח:,פירוש,לא,
387,פירוש רבינו ישמעאל בן חכמון על עירובין,כן,עירובין,פח:,פירוש,לא,
389,פירוש רבינו ישמעאל בן חכמון על עירובין,כן,עירובין,פט.,פירוש,לא,
390,פירוש רבינו ישמעאל בן חכמון על עירובין,כן,עירובין,פט.,פירוש,לא,
392,פירוש רבינו ישמעאל בן חכמון על עירובין,כן,עירובין,צ.,פירוש,לא,
394,פירוש רבינו ישמעאל בן חכמון על עירובין,כן,עירובין,צ:,פירוש,לא,
396,פירוש רבינו ישמעאל בן חכמון על עירובין,כן,עירובין,צא.,פירוש,לא,
397,פירוש רבינו ישמעאל בן חכמון על עירובין,כן,עירובין,צא.,פירוש,לא,
399,פירוש רבינו ישמעאל בן חכמון על עירובין,כן,עירובין,צב.,פירוש,לא,
401,פירוש רבינו ישמעאל בן חכמון על עירובין,כן,עירובין,צג:,פירוש,לא,
402,פירוש רבינו ישמעאל בן חכמון על עירובין,כן,עירובין,צג:,פירוש,לא,
403,פירוש רבינו ישמעאל בן חכמון על עירובין,כן,עירובין,צג:,פירוש,לא,
405,פירוש רבינו ישמעאל בן חכמון על עירובין,כן,עירובין,צד.,פירוש,לא,
406,פירוש רבינו ישמעאל בן חכמון על עירובין,כן,עירובין,צד.,פירוש,לא,
407,פירוש רבינו ישמעאל בן חכמון על עירובין,כן,עירובין,צד.,פירוש,לא,
409,פירוש רבינו ישמעאל בן חכמון על עירובין,כן,עירובין,צד:,פירוש,לא,
410,פירוש רבינו ישמעאל בן חכמון על עירובין,כן,עירובין,צד:,פירוש,לא,
412,פירוש רבינו ישמעאל בן חכמון על עירובין,כן,עירובין,צה.,פירוש,לא,
413,פירוש רבינו ישמעאל בן חכמון על עירובין,כן,עירובין,צה.,פירוש,לא,
414,פירוש רבינו ישמעאל בן חכמון על עירובין,כן,עירובין,צה.,פירוש,לא,
415,פירוש רבינו ישמעאל בן חכמון על עירובין,כן,עירובין,צה.,פירוש,לא,
417,פירוש רבינו ישמעאל בן חכמון על עירובין,כן,עירובין,צה:,פירוש,לא,
418,פירוש רבינו ישמעאל בן חכמון על עירובין,כן,עירובין,צה:,פירוש,לא,
420,פירוש רבינו ישמעאל בן חכמון על עירובין,כן,עירובין,צז.,פירוש,לא,
421,פירוש רבינו ישמעאל בן חכמון על עירובין,כן,עירובין,צז.,פירוש,לא,
422,פירוש רבינו ישמעאל בן חכמון על עירובין,כן,עירובין,צז.,פירוש,לא,
423,פירוש רבינו ישמעאל בן חכמון על עירובין,כן,עירובין,צז.,פירוש,לא,
425,פירוש רבינו ישמעאל בן חכמון על עירובין,כן,עירובין,צז:,פירוש,לא,
426,פירוש רבינו ישמעאל בן חכמון על עירובין,כן,עירובין,צז:,פירוש,לא,
427,פירוש רבינו ישמעאל בן חכמון על עירובין,כן,עירובין,צז:,פירוש,לא,
429,פירוש רבינו ישמעאל בן חכמון על עירובין,כן,עירובין,צח.,פירוש,לא,
431,פירוש רבינו ישמעאל בן חכמון על עירובין,כן,עירובין,צח:,פירוש,לא,
432,פירוש רבינו ישמעאל בן חכמון על עירובין,כן,עירובין,צח:,פירוש,לא,
433,פירוש רבינו ישמעאל בן חכמון על עירובין,כן,עירובין,צח:,פירוש,לא,
435,פירוש רבינו ישמעאל בן חכמון על עירובין,כן,עירובין,צט.,פירוש,לא,
436,פירוש רבינו ישמעאל בן חכמון על עירובין,כן,עירובין,צט.,פירוש,לא,
437,פירוש רבינו ישמעאל בן חכמון על עירובין,כן,עירובין,צט.,פירוש,לא,
439,פירוש רבינו ישמעאל בן חכמון על עירובין,כן,עירובין,צט:,פירוש,לא,
440,פירוש רבינו ישמעאל בן חכמון על עירובין,כן,עירובין,צט:,פירוש,לא,
441,פירוש רבינו ישמעאל בן חכמון על עירובין,כן,עירובין,צט:,פירוש,לא,
442,פירוש רבינו ישמעאל בן חכמון על עירובין,כן,עירובין,צט:,פירוש,לא,
444,פירוש רבינו ישמעאל בן חכמון על עירובין,כן,עירובין,ק.,פירוש,לא,
445,פירוש רבינו ישמעאל בן חכמון על עירובין,כן,עירובין,ק.,פירוש,לא,
446,פירוש רבינו ישמעאל בן חכמון על עירובין,כן,עירובין,ק.,פירוש,לא,
448,פירוש רבינו ישמעאל בן חכמון על עירובין,כן,עירובין,ק:,פירוש,לא,
449,פירוש רבינו ישמעאל בן חכמון על עירובין,כן,עירובין,ק:,פירוש,לא,
451,פירוש רבינו ישמעאל בן חכמון על עירובין,כן,עירובין,קא.,פירוש,לא,
452,פירוש רבינו ישמעאל בן חכמון על עירובין,כן,עירובין,קא.,פירוש,לא,
453,פירוש רבינו ישמעאל בן חכמון על עירובין,כן,עירובין,קא.,פירוש,לא,
454,פירוש רבינו ישמעאל בן חכמון על עירובין,כן,עירובין,קא.,פירוש,לא,
456,פירוש רבינו ישמעאל בן חכמון על עירובין,כן,עירובין,קא:,פירוש,לא,
457,פירוש רבינו ישמעאל בן חכמון על עירובין,כן,עירובין,קא:,פירוש,לא,
458,פירוש רבינו ישמעאל בן חכמון על עירובין,כן,עירובין,קא:,פירוש,לא,
460,פירוש רבינו ישמעאל בן חכמון על עירובין,כן,עירובין,קב.,פירוש,לא,
461,פירוש רבינו ישמעאל בן חכמון על עירובין,כן,עירובין,קב.,פירוש,לא,
462,פירוש רבינו ישמעאל בן חכמון על עירובין,כן,עירובין,קב.,פירוש,לא,
463,פירוש רבינו ישמעאל בן חכמון על עירובין,כן,עירובין,קב.,פירוש,לא,
465,פירוש רבינו ישמעאל בן חכמון על עירובין,כן,עירובין,קב:,פירוש,לא,
466,פירוש רבינו ישמעאל בן חכמון על עירובין,כן,עירובין,קב:,פירוש,לא,
467,פירוש רבינו ישמעאל בן חכמון על עירובין,כן,עירובין,קב:,פירוש,לא,
468,פירוש רבינו ישמעאל בן חכמון על עירובין,כן,עירובין,קב:,פירוש,לא,
470,פירוש רבינו ישמעאל בן חכמון על עירובין,כן,עירובין,קג.,פירוש,לא,
472,פירוש רבינו ישמעאל בן חכמון על עירובין,כן,עירובין,קד.,פירוש,לא,
474,פירוש רבינו ישמעאל בן חכמון על עירובין,כן,עירובין,קד:,פירוש,לא,
475,פירוש רבינו ישמעאל בן חכמון על עירובין,כן,עירובין,קד:,פירוש,לא,
476,פירוש רבינו ישמעאל בן חכמון על עירובין,כן,עירובין,קד:,פירוש,לא,
3,רבינו חננאל בן שמואל על עירובין - פי' על הריף,כן,עירובין,ד:,פירוש,לא,
5,רבינו חננאל בן שמואל על עירובין - פי' על הריף,כן,עירובין,ה.,פירוש,לא,
6,רבינו חננאל בן שמואל על עירובין - פי' על הריף,כן,עירובין,ה.,פירוש,לא,
7,רבינו חננאל בן שמואל על עירובין - פי' על הריף,כן,עירובין,ה.,פירוש,לא,
9,רבינו חננאל בן שמואל על עירובין - פי' על הריף,כן,עירובין,ה:,פירוש,לא,
10,רבינו חננאל בן שמואל על עירובין - פי' על הריף,כן,עירובין,ה:,פירוש,לא,
12,רבינו חננאל בן שמואל על עירובין - פי' על הריף,כן,עירובין,ו.,פירוש,לא,
13,רבינו חננאל בן שמואל על עירובין - פי' על הריף,כן,עירובין,ו.,פירוש,לא,
15,רבינו חננאל בן שמואל על עירובין - פי' על הריף,כן,עירובין,ו:,פירוש,לא,
17,רבינו חננאל בן שמואל על עירובין - פי' על הריף,כן,עירובין,ז.,פירוש,לא,
19,רבינו חננאל בן שמואל על עירובין - פי' על הריף,כן,עירובין,ח.,פירוש,לא,
20,רבינו חננאל בן שמואל על עירובין - פי' על הריף,כן,עירובין,ח.,פירוש,לא,
22,רבינו חננאל בן שמואל על עירובין - פי' על הריף,כן,עירובין,ח:,פירוש,לא,
23,רבינו חננאל בן שמואל על עירובין - פי' על הריף,כן,עירובין,ח:,פירוש,לא,
24,רבינו חננאל בן שמואל על עירובין - פי' על הריף,כן,עירובין,ח:,פירוש,לא,
25,רבינו חננאל בן שמואל על עירובין - פי' על הריף,כן,עירובין,ח:,פירוש,לא,
27,רבינו חננאל בן שמואל על עירובין - פי' על הריף,כן,עירובין,ט.,פירוש,לא,
28,רבינו חננאל בן שמואל על עירובין - פי' על הריף,כן,עירובין,ט.,פירוש,לא,
30,רבינו חננאל בן שמואל על עירובין - פי' על הריף,כן,עירובין,ט:,פירוש,לא,
32,רבינו חננאל בן שמואל על עירובין - פי' על הריף,כן,עירובין,י.,פירוש,לא,
34,רבינו חננאל בן שמואל על עירובין - פי' על הריף,כן,עירובין,י:,פירוש,לא,
35,רבינו חננאל בן שמואל על עירובין - פי' על הריף,כן,עירובין,י:,פירוש,לא,
37,רבינו חננאל בן שמואל על עירובין - פי' על הריף,כן,עירובין,יא.,פירוש,לא,
39,רבינו חננאל בן שמואל על עירובין - פי' על הריף,כן,עירובין,יא:,פירוש,לא,
40,רבינו חננאל בן שמואל על עירובין - פי' על הריף,כן,עירובין,יא:,פירוש,לא,
41,רבינו חננאל בן שמואל על עירובין - פי' על הריף,כן,עירובין,יא:,פירוש,לא,
42,רבינו חננאל בן שמואל על עירובין - פי' על הריף,כן,עירובין,יא:,פירוש,לא,
44,רבינו חננאל בן שמואל על עירובין - פי' על הריף,כן,עירובין,יב.,פירוש,לא,
45,רבינו חננאל בן שמואל על עירובין - פי' על הריף,כן,עירובין,יב.,פירוש,לא,
47,רבינו חננאל בן שמואל על עירובין - פי' על הריף,כן,עירובין,יב:,פירוש,לא,
49,רבינו חננאל בן שמואל על עירובין - פי' על הריף,כן,עירובין,יג.,פירוש,לא,
51,רבינו חננאל בן שמואל על עירובין - פי' על הריף,כן,עירובין,יג:,פירוש,לא,
52,רבינו חננאל בן שמואל על עירובין - פי' על הריף,כן,עירובין,יג:,פירוש,לא,
54,רבינו חננאל בן שמואל על עירובין - פי' על הריף,כן,עירובין,יד.,פירוש,לא,
55,רבינו חננאל בן שמואל על עירובין - פי' על הריף,כן,עירובין,יד.,פירוש,לא,
56,רבינו חננאל בן שמואל על עירובין - פי' על הריף,כן,עירובין,יד.,פירוש,לא,
57,רבינו חננאל בן שמואל על עירובין - פי' על הריף,כן,עירובין,יד.,פירוש,לא,
59,רבינו חננאל בן שמואל על עירובין - פי' על הריף,כן,עירובין,יד:,פירוש,לא,
60,רבינו חננאל בן שמואל על עירובין - פי' על הריף,כן,עירובין,יד:,פירוש,לא,
61,רבינו חננאל בן שמואל על עירובין - פי' על הריף,כן,עירובין,יד:,פירוש,לא,
63,רבינו חננאל בן שמואל על עירובין - פי' על הריף,כן,עירובין,טו.,פירוש,לא,
65,רבינו חננאל בן שמואל על עירובין - פי' על הריף,כן,עירובין,טו:,פירוש,לא,
66,רבינו חננאל בן שמואל על עירובין - פי' על הריף,כן,עירובין,טו:,פירוש,לא,
67,רבינו חננאל בן שמואל על עירובין - פי' על הריף,כן,עירובין,טו:,פירוש,לא,
69,רבינו חננאל בן שמואל על עירובין - פי' על הריף,כן,עירובין,טז.,פירוש,לא,
71,רבינו חננאל בן שמואל על עירובין - פי' על הריף,כן,עירובין,טז:,פירוש,לא,
73,רבינו חננאל בן שמואל על עירובין - פי' על הריף,כן,עירובין,יז.,פירוש,לא,
74,רבינו חננאל בן שמואל על עירובין - פי' על הריף,כן,עירובין,יז.,פירוש,לא,
75,רבינו חננאל בן שמואל על עירובין - פי' על הריף,כן,עירובין,יז.,פירוש,לא,
77,רבינו חננאל בן שמואל על עירובין - פי' על הריף,כן,עירובין,יז:,פירוש,לא,
78,רבינו חננאל בן שמואל על עירובין - פי' על הריף,כן,עירובין,יז:,פירוש,לא,
79,רבינו חננאל בן שמואל על עירובין - פי' על הריף,כן,עירובין,יז:,פירוש,לא,
80,רבינו חננאל בן שמואל על עירובין - פי' על הריף,כן,עירובין,יז:,פירוש,לא,
81,רבינו חננאל בן שמואל על עירובין - פי' על הריף,כן,עירובין,יז:,פירוש,לא,
83,רבינו חננאל בן שמואל על עירובין - פי' על הריף,כן,עירובין,יח.,פירוש,לא,
84,רבינו חננאל בן שמואל על עירובין - פי' על הריף,כן,עירובין,יח.,פירוש,לא,
86,רבינו חננאל בן שמואל על עירובין - פי' על הריף,כן,עירובין,יט.,פירוש,לא,
88,רבינו חננאל בן שמואל על עירובין - פי' על הריף,כן,עירובין,יט:,פירוש,לא,
89,רבינו חננאל בן שמואל על עירובין - פי' על הריף,כן,עירובין,יט:,פירוש,לא,
91,רבינו חננאל בן שמואל על עירובין - פי' על הריף,כן,עירובין,כ.,פירוש,לא,
93,רבינו חננאל בן שמואל על עירובין - פי' על הריף,כן,עירובין,כ:,פירוש,לא,
94,רבינו חננאל בן שמואל על עירובין - פי' על הריף,כן,עירובין,כ:,פירוש,לא,
96,רבינו חננאל בן שמואל על עירובין - פי' על הריף,כן,עירובין,כא.,פירוש,לא,
98,רבינו חננאל בן שמואל על עירובין - פי' על הריף,כן,עירובין,כב.,פירוש,לא,
100,רבינו חננאל בן שמואל על עירובין - פי' על הריף,כן,עירובין,כב:,פירוש,לא,
102,רבינו חננאל בן שמואל על עירובין - פי' על הריף,כן,עירובין,כג.,פירוש,לא,
103,רבינו חננאל בן שמואל על עירובין - פי' על הריף,כן,עירובין,כג.,פירוש,לא,
104,רבינו חננאל בן שמואל על עירובין - פי' על הריף,כן,עירובין,כג.,פירוש,לא,
105,רבינו חננאל בן שמואל על עירובין - פי' על הריף,כן,עירובין,כג.,פירוש,לא,
106,רבינו חננאל בן שמואל על עירובין - פי' על הריף,כן,עירובין,כג.,פירוש,לא,
108,רבינו חננאל בן שמואל על עירובין - פי' על הריף,כן,עירובין,כג:,פירוש,לא,
109,רבינו חננאל בן שמואל על עירובין - פי' על הריף,כן,עירובין,כג:,פירוש,לא,
111,רבינו חננאל בן שמואל על עירובין - פי' על הריף,כן,עירובין,כד.,פירוש,לא,
112,רבינו חננאל בן שמואל על עירובין - פי' על הריף,כן,עירובין,כד.,פירוש,לא,
114,רבינו חננאל בן שמואל על עירובין - פי' על הריף,כן,עירובין,כד:,פירוש,לא,
116,רבינו חננאל בן שמואל על עירובין - פי' על הריף,כן,עירובין,כו.,פירוש,לא,
118,רבינו חננאל בן שמואל על עירובין - פי' על הריף,כן,עירובין,כו:,פירוש,לא,
119,רבינו חננאל בן שמואל על עירובין - פי' על הריף,כן,עירובין,כו:,פירוש,לא,
120,רבינו חננאל בן שמואל על עירובין - פי' על הריף,כן,עירובין,כו:,פירוש,לא,
121,רבינו חננאל בן שמואל על עירובין - פי' על הריף,כן,עירובין,כו:,פירוש,לא,
122,רבינו חננאל בן שמואל על עירובין - פי' על הריף,כן,עירובין,כו:,פירוש,לא,
123,רבינו חננאל בן שמואל על עירובין - פי' על הריף,כן,עירובין,כו:,פירוש,לא,
125,רבינו חננאל בן שמואל על עירובין - פי' על הריף,כן,עירובין,כט.,פירוש,לא,
127,רבינו חננאל בן שמואל על עירובין - פי' על הריף,כן,עירובין,לא.,פירוש,לא,
129,רבינו חננאל בן שמואל על עירובין - פי' על הריף,כן,עירובין,לא:,פירוש,לא,
130,רבינו חננאל בן שמואל על עירובין - פי' על הריף,כן,עירובין,לא:,פירוש,לא,
131,רבינו חננאל בן שמואל על עירובין - פי' על הריף,כן,עירובין,לא:,פירוש,לא,
133,רבינו חננאל בן שמואל על עירובין - פי' על הריף,כן,עירובין,לב:,פירוש,לא,
134,רבינו חננאל בן שמואל על עירובין - פי' על הריף,כן,עירובין,לב:,פירוש,לא,
136,רבינו חננאל בן שמואל על עירובין - פי' על הריף,כן,עירובין,לד:,פירוש,לא,
137,רבינו חננאל בן שמואל על עירובין - פי' על הריף,כן,עירובין,לד:,פירוש,לא,
139,רבינו חננאל בן שמואל על עירובין - פי' על הריף,כן,עירובין,לה.,פירוש,לא,
140,רבינו חננאל בן שמואל על עירובין - פי' על הריף,כן,עירובין,לה.,פירוש,לא,
141,רבינו חננאל בן שמואל על עירובין - פי' על הריף,כן,עירובין,לה.,פירוש,לא,
143,רבינו חננאל בן שמואל על עירובין - פי' על הריף,כן,עירובין,לו.,פירוש,לא,
145,רבינו חננאל בן שמואל על עירובין - פי' על הריף,כן,עירובין,לו:,פירוש,לא,
147,רבינו חננאל בן שמואל על עירובין - פי' על הריף,כן,עירובין,לח.,פירוש,לא,
148,רבינו חננאל בן שמואל על עירובין - פי' על הריף,כן,עירובין,לח.,פירוש,לא,
149,רבינו חננאל בן שמואל על עירובין - פי' על הריף,כן,עירובין,לח.,פירוש,לא,
151,רבינו חננאל בן שמואל על עירובין - פי' על הריף,כן,עירובין,לח:,פירוש,לא,
153,רבינו חננאל בן שמואל על עירובין - פי' על הריף,כן,עירובין,לט.,פירוש,לא,
154,רבינו חננאל בן שמואל על עירובין - פי' על הריף,כן,עירובין,לט.,פירוש,לא,
155,רבינו חננאל בן שמואל על עירובין - פי' על הריף,כן,עירובין,לט.,פירוש,לא,
157,רבינו חננאל בן שמואל על עירובין - פי' על הריף,כן,עירובין,לט:,פירוש,לא,
159,רבינו חננאל בן שמואל על עירובין - פי' על הריף,כן,עירובין,מ.,פירוש,לא,
160,רבינו חננאל בן שמואל על עירובין - פי' על הריף,כן,עירובין,מ.,פירוש,לא,
162,רבינו חננאל בן שמואל על עירובין - פי' על הריף,כן,עירובין,מ:,פירוש,לא,
164,רבינו חננאל בן שמואל על עירובין - פי' על הריף,כן,עירובין,מא:,פירוש,לא,
165,רבינו חננאל בן שמואל על עירובין - פי' על הריף,כן,עירובין,מא:,פירוש,לא,
166,רבינו חננאל בן שמואל על עירובין - פי' על הריף,כן,עירובין,מא:,פירוש,לא,
168,רבינו חננאל בן שמואל על עירובין - פי' על הריף,כן,עירובין,מב.,פירוש,לא,
169,רבינו חננאל בן שמואל על עירובין - פי' על הריף,כן,עירובין,מב.,פירוש,לא,
171,רבינו חננאל בן שמואל על עירובין - פי' על הריף,כן,עירובין,מב:,פירוש,לא,
173,רבינו חננאל בן שמואל על עירובין - פי' על הריף,כן,עירובין,מג.,פירוש,לא,
174,רבינו חננאל בן שמואל על עירובין - פי' על הריף,כן,עירובין,מג.,פירוש,לא,
176,רבינו חננאל בן שמואל על עירובין - פי' על הריף,כן,עירובין,מג:,פירוש,לא,
177,רבינו חננאל בן שמואל על עירובין - פי' על הריף,כן,עירובין,מג:,פירוש,לא,
178,רבינו חננאל בן שמואל על עירובין - פי' על הריף,כן,עירובין,מג:,פירוש,לא,
180,רבינו חננאל בן שמואל על עירובין - פי' על הריף,כן,עירובין,מד:,פירוש,לא,
181,רבינו חננאל בן שמואל על עירובין - פי' על הריף,כן,עירובין,מד:,פירוש,לא,
182,רבינו חננאל בן שמואל על עירובין - פי' על הריף,כן,עירובין,מד:,פירוש,לא,
184,רבינו חננאל בן שמואל על עירובין - פי' על הריף,כן,עירובין,מה.,פירוש,לא,
185,רבינו חננאל בן שמואל על עירובין - פי' על הריף,כן,עירובין,מה.,פירוש,לא,
186,רבינו חננאל בן שמואל על עירובין - פי' על הריף,כן,עירובין,מה.,פירוש,לא,
187,רבינו חננאל בן שמואל על עירובין - פי' על הריף,כן,עירובין,מה.,פירוש,לא,
188,רבינו חננאל בן שמואל על עירובין - פי' על הריף,כן,עירובין,מה.,פירוש,לא,
190,רבינו חננאל בן שמואל על עירובין - פי' על הריף,כן,עירובין,מה:,פירוש,לא,
192,רבינו חננאל בן שמואל על עירובין - פי' על הריף,כן,עירובין,מו:,פירוש,לא,
193,רבינו חננאל בן שמואל על עירובין - פי' על הריף,כן,עירובין,מו:,פירוש,לא,
195,רבינו חננאל בן שמואל על עירובין - פי' על הריף,כן,עירובין,מז:,פירוש,לא,
196,רבינו חננאל בן שמואל על עירובין - פי' על הריף,כן,עירובין,מז:,פירוש,לא,
198,רבינו חננאל בן שמואל על עירובין - פי' על הריף,כן,עירובין,מח.,פירוש,לא,
199,רבינו חננאל בן שמואל על עירובין - פי' על הריף,כן,עירובין,מח.,פירוש,לא,
201,רבינו חננאל בן שמואל על עירובין - פי' על הריף,כן,עירובין,מח:,פירוש,לא,
203,רבינו חננאל בן שמואל על עירובין - פי' על הריף,כן,עירובין,מט:,פירוש,לא,
204,רבינו חננאל בן שמואל על עירובין - פי' על הריף,כן,עירובין,מט:,פירוש,לא,
205,רבינו חננאל בן שמואל על עירובין - פי' על הריף,כן,עירובין,מט:,פירוש,לא,
206,רבינו חננאל בן שמואל על עירובין - פי' על הריף,כן,עירובין,מט:,פירוש,לא,
207,רבינו חננאל בן שמואל על עירובין - פי' על הריף,כן,עירובין,מט:,פירוש,לא,
209,רבינו חננאל בן שמואל על עירובין - פי' על הריף,כן,עירובין,נ.,פירוש,לא,
211,רבינו חננאל בן שמואל על עירובין - פי' על הריף,כן,עירובין,נ:,פירוש,לא,
212,רבינו חננאל בן שמואל על עירובין - פי' על הריף,כן,עירובין,נ:,פירוש,לא,
213,רבינו חננאל בן שמואל על עירובין - פי' על הריף,כן,עירובין,נ:,פירוש,לא,
215,רבינו חננאל בן שמואל על עירובין - פי' על הריף,כן,עירובין,נא.,פירוש,לא,
216,רבינו חננאל בן שמואל על עירובין - פי' על הריף,כן,עירובין,נא.,פירוש,לא,
217,רבינו חננאל בן שמואל על עירובין - פי' על הריף,כן,עירובין,נא.,פירוש,לא,
219,רבינו חננאל בן שמואל על עירובין - פי' על הריף,כן,עירובין,נב:,פירוש,לא,
221,רבינו חננאל בן שמואל על עירובין - פי' על הריף,כן,עירובין,נג.,פירוש,לא,
223,רבינו חננאל בן שמואל על עירובין - פי' על הריף,כן,עירובין,נה.,פירוש,לא,
224,רבינו חננאל בן שמואל על עירובין - פי' על הריף,כן,עירובין,נה.,פירוש,לא,
226,רבינו חננאל בן שמואל על עירובין - פי' על הריף,כן,עירובין,נה:,פירוש,לא,
227,רבינו חננאל בן שמואל על עירובין - פי' על הריף,כן,עירובין,נה:,פירוש,לא,
229,רבינו חננאל בן שמואל על עירובין - פי' על הריף,כן,עירובין,נו.,פירוש,לא,
231,רבינו חננאל בן שמואל על עירובין - פי' על הריף,כן,עירובין,נז.,פירוש,לא,
232,רבינו חננאל בן שמואל על עירובין - פי' על הריף,כן,עירובין,נז.,פירוש,לא,
233,רבינו חננאל בן שמואל על עירובין - פי' על הריף,כן,עירובין,נז.,פירוש,לא,
235,רבינו חננאל בן שמואל על עירובין - פי' על הריף,כן,עירובין,נז:,פירוש,לא,
237,רבינו חננאל בן שמואל על עירובין - פי' על הריף,כן,עירובין,נח.,פירוש,לא,
238,רבינו חננאל בן שמואל על עירובין - פי' על הריף,כן,עירובין,נח.,פירוש,לא,
240,רבינו חננאל בן שמואל על עירובין - פי' על הריף,כן,עירובין,נח:,פירוש,לא,
241,רבינו חננאל בן שמואל על עירובין - פי' על הריף,כן,עירובין,נח:,פירוש,לא,
243,רבינו חננאל בן שמואל על עירובין - פי' על הריף,כן,עירובין,נט.,פירוש,לא,
244,רבינו חננאל בן שמואל על עירובין - פי' על הריף,כן,עירובין,נט.,פירוש,לא,
245,רבינו חננאל בן שמואל על עירובין - פי' על הריף,כן,עירובין,נט.,פירוש,לא,
247,רבינו חננאל בן שמואל על עירובין - פי' על הריף,כן,עירובין,נט:,פירוש,לא,
248,רבינו חננאל בן שמואל על עירובין - פי' על הריף,כן,עירובין,נט:,פירוש,לא,
250,רבינו חננאל בן שמואל על עירובין - פי' על הריף,כן,עירובין,ס.,פירוש,לא,
251,רבינו חננאל בן שמואל על עירובין - פי' על הריף,כן,עירובין,ס.,פירוש,לא,
252,רבינו חננאל בן שמואל על עירובין - פי' על הריף,כן,עירובין,ס.,פירוש,לא,
254,רבינו חננאל בן שמואל על עירובין - פי' על הריף,כן,עירובין,ס:,פירוש,לא,
256,רבינו חננאל בן שמואל על עירובין - פי' על הריף,כן,עירובין,סא.,פירוש,לא,
257,רבינו חננאל בן שמואל על עירובין - פי' על הריף,כן,עירובין,סא.,פירוש,לא,
259,רבינו חננאל בן שמואל על עירובין - פי' על הריף,כן,עירובין,סא:,פירוש,לא,
261,רבינו חננאל בן שמואל על עירובין - פי' על הריף,כן,עירובין,סב.,פירוש,לא,
263,רבינו חננאל בן שמואל על עירובין - פי' על הריף,כן,עירובין,סב:,פירוש,לא,
265,רבינו חננאל בן שמואל על עירובין - פי' על הריף,כן,עירובין,סג.,פירוש,לא,
267,רבינו חננאל בן שמואל על עירובין - פי' על הריף,כן,עירובין,סג:,פירוש,לא,
269,רבינו חננאל בן שמואל על עירובין - פי' על הריף,כן,עירובין,סד.,פירוש,לא,
271,רבינו חננאל בן שמואל על עירובין - פי' על הריף,כן,עירובין,סד:,פירוש,לא,
273,רבינו חננאל בן שמואל על עירובין - פי' על הריף,כן,עירובין,סה:,פירוש,לא,
275,רבינו חננאל בן שמואל על עירובין - פי' על הריף,כן,עירובין,סו:,פירוש,לא,
277,רבינו חננאל בן שמואל על עירובין - פי' על הריף,כן,עירובין,סז:,פירוש,לא,
279,רבינו חננאל בן שמואל על עירובין - פי' על הריף,כן,עירובין,סח.,פירוש,לא,
280,רבינו חננאל בן שמואל על עירובין - פי' על הריף,כן,עירובין,סח.,פירוש,לא,
282,רבינו חננאל בן שמואל על עירובין - פי' על הריף,כן,עירובין,סח:,פירוש,לא,
283,רבינו חננאל בן שמואל על עירובין - פי' על הריף,כן,עירובין,סח:,פירוש,לא,
285,רבינו חננאל בן שמואל על עירובין - פי' על הריף,כן,עירובין,סט.,פירוש,לא,
287,רבינו חננאל בן שמואל על עירובין - פי' על הריף,כן,עירובין,סט:,פירוש,לא,
288,רבינו חננאל בן שמואל על עירובין - פי' על הריף,כן,עירובין,סט:,פירוש,לא,
289,רבינו חננאל בן שמואל על עירובין - פי' על הריף,כן,עירובין,סט:,פירוש,לא,
290,רבינו חננאל בן שמואל על עירובין - פי' על הריף,כן,עירובין,סט:,פירוש,לא,
292,רבינו חננאל בן שמואל על עירובין - פי' על הריף,כן,עירובין,ע.,פירוש,לא,
294,רבינו חננאל בן שמואל על עירובין - פי' על הריף,כן,עירובין,ע:,פירוש,לא,
296,רבינו חננאל בן שמואל על עירובין - פי' על הריף,כן,עירובין,עא.,פירוש,לא,
298,רבינו חננאל בן שמואל על עירובין - פי' על הריף,כן,עירובין,עא:,פירוש,לא,
300,רבינו חננאל בן שמואל על עירובין - פי' על הריף,כן,עירובין,עב.,פירוש,לא,
301,רבינו חננאל בן שמואל על עירובין - פי' על הריף,כן,עירובין,עב.,פירוש,לא,
303,רבינו חננאל בן שמואל על עירובין - פי' על הריף,כן,עירובין,עב:,פירוש,לא,
304,רבינו חננאל בן שמואל על עירובין - פי' על הריף,כן,עירובין,עב:,פירוש,לא,
306,רבינו חננאל בן שמואל על עירובין - פי' על הריף,כן,עירובין,עג.,פירוש,לא,
307,רבינו חננאל בן שמואל על עירובין - פי' על הריף,כן,עירובין,עג.,פירוש,לא,
308,רבינו חננאל בן שמואל על עירובין - פי' על הריף,כן,עירובין,עג.,פירוש,לא,
309,רבינו חננאל בן שמואל על עירובין - פי' על הריף,כן,עירובין,עג.,פירוש,לא,
311,רבינו חננאל בן שמואל על עירובין - פי' על הריף,כן,עירובין,עג:,פירוש,לא,
313,רבינו חננאל בן שמואל על עירובין - פי' על הריף,כן,עירובין,עד:,פירוש,לא,
315,רבינו חננאל בן שמואל על עירובין - פי' על הריף,כן,עירובין,עה.,פירוש,לא,
317,רבינו חננאל בן שמואל על עירובין - פי' על הריף,כן,עירובין,עה:,פירוש,לא,
319,רבינו חננאל בן שמואל על עירובין - פי' על הריף,כן,עירובין,עו.,פירוש,לא,
320,רבינו חננאל בן שמואל על עירובין - פי' על הריף,כן,עירובין,עו.,פירוש,לא,
322,רבינו חננאל בן שמואל על עירובין - פי' על הריף,כן,עירובין,עו:,פירוש,לא,
323,רבינו חננאל בן שמואל על עירובין - פי' על הריף,כן,עירובין,עו:,פירוש,לא,
325,רבינו חננאל בן שמואל על עירובין - פי' על הריף,כן,עירובין,עז.,פירוש,לא,
326,רבינו חננאל בן שמואל על עירובין - פי' על הריף,כן,עירובין,עז.,פירוש,לא,
327,רבינו חננאל בן שמואל על עירובין - פי' על הריף,כן,עירובין,עז.,פירוש,לא,
329,רבינו חננאל בן שמואל על עירובין - פי' על הריף,כן,עירובין,עז:,פירוש,לא,
331,רבינו חננאל בן שמואל על עירובין - פי' על הריף,כן,עירובין,עח.,פירוש,לא,
333,רבינו חננאל בן שמואל על עירובין - פי' על הריף,כן,עירובין,עח:,פירוש,לא,
334,רבינו חננאל בן שמואל על עירובין - פי' על הריף,כן,עירובין,עח:,פירוש,לא,
336,רבינו חננאל בן שמואל על עירובין - פי' על הריף,כן,עירובין,עט.,פירוש,לא,
337,רבינו חננאל בן שמואל על עירובין - פי' על הריף,כן,עירובין,עט.,פירוש,לא,
338,רבינו חננאל בן שמואל על עירובין - פי' על הריף,כן,עירובין,עט.,פירוש,לא,
339,רבינו חננאל בן שמואל על עירובין - פי' על הריף,כן,עירובין,עט.,פירוש,לא,
341,רבינו חננאל בן שמואל על עירובין - פי' על הריף,כן,עירובין,עט:,פירוש,לא,
342,רבינו חננאל בן שמואל על עירובין - פי' על הריף,כן,עירובין,עט:,פירוש,לא,
344,רבינו חננאל בן שמואל על עירובין - פי' על הריף,כן,עירובין,פ.,פירוש,לא,
346,רבינו חננאל בן שמואל על עירובין - פי' על הריף,כן,עירובין,פ:,פירוש,לא,
347,רבינו חננאל בן שמואל על עירובין - פי' על הריף,כן,עירובין,פ:,פירוש,לא,
348,רבינו חננאל בן שמואל על עירובין - פי' על הריף,כן,עירובין,פ:,פירוש,לא,
349,רבינו חננאל בן שמואל על עירובין - פי' על הריף,כן,עירובין,פ:,פירוש,לא,
351,רבינו חננאל בן שמואל על עירובין - פי' על הריף,כן,עירובין,פא.,פירוש,לא,
352,רבינו חננאל בן שמואל על עירובין - פי' על הריף,כן,עירובין,פא.,פירוש,לא,
354,רבינו חננאל בן שמואל על עירובין - פי' על הריף,כן,עירובין,פא:,פירוש,לא,
355,רבינו חננאל בן שמואל על עירובין - פי' על הריף,כן,עירובין,פא:,פירוש,לא,
357,רבינו חננאל בן שמואל על עירובין - פי' על הריף,כן,עירובין,פב.,פירוש,לא,
358,רבינו חננאל בן שמואל על עירובין - פי' על הריף,כן,עירובין,פב.,פירוש,לא,
360,רבינו חננאל בן שמואל על עירובין - פי' על הריף,כן,עירובין,פב:,פירוש,לא,
361,רבינו חננאל בן שמואל על עירובין - פי' על הריף,כן,עירובין,פב:,פירוש,לא,
362,רבינו חננאל בן שמואל על עירובין - פי' על הריף,כן,עירובין,פב:,פירוש,לא,
364,רבינו חננאל בן שמואל על עירובין - פי' על הריף,כן,עירובין,פג.,פירוש,לא,
365,רבינו חננאל בן שמואל על עירובין - פי' על הריף,כן,עירובין,פג.,פירוש,לא,
367,רבינו חננאל בן שמואל על עירובין - פי' על הריף,כן,עירובין,פג:,פירוש,לא,
369,רבינו חננאל בן שמואל על עירובין - פי' על הריף,כן,עירובין,פד.,פירוש,לא,
371,רבינו חננאל בן שמואל על עירובין - פי' על הריף,כן,עירובין,פה:,פירוש,לא,
372,רבינו חננאל בן שמואל על עירובין - פי' על הריף,כן,עירובין,פה:,פירוש,לא,
374,רבינו חננאל בן שמואל על עירובין - פי' על הריף,כן,עירובין,פו.,פירוש,לא,
375,רבינו חננאל בן שמואל על עירובין - פי' על הריף,כן,עירובין,פו.,פירוש,לא,
376,רבינו חננאל בן שמואל על עירובין - פי' על הריף,כן,עירובין,פו.,פירוש,לא,
378,רבינו חננאל בן שמואל על עירובין - פי' על הריף,כן,עירובין,פז.,פירוש,לא,
380,רבינו חננאל בן שמואל על עירובין - פי' על הריף,כן,עירובין,פז:,פירוש,לא,
381,רבינו חננאל בן שמואל על עירובין - פי' על הריף,כן,עירובין,פז:,פירוש,לא,
383,רבינו חננאל בן שמואל על עירובין - פי' על הריף,כן,עירובין,פח.,פירוש,לא,
384,רבינו חננאל בן שמואל על עירובין - פי' על הריף,כן,עירובין,פח.,פירוש,לא,
385,רבינו חננאל בן שמואל על עירובין - פי' על הריף,כן,עירובין,פח.,פירוש,לא,
387,רבינו חננאל בן שמואל על עירובין - פי' על הריף,כן,עירובין,פח:,פירוש,לא,
389,רבינו חננאל בן שמואל על עירובין - פי' על הריף,כן,עירובין,פט.,פירוש,לא,
391,רבינו חננאל בן שמואל על עירובין - פי' על הריף,כן,עירובין,צ.,פירוש,לא,
393,רבינו חננאל בן שמואל על עירובין - פי' על הריף,כן,עירובין,צ:,פירוש,לא,
394,רבינו חננאל בן שמואל על עירובין - פי' על הריף,כן,עירובין,צ:,פירוש,לא,
396,רבינו חננאל בן שמואל על עירובין - פי' על הריף,כן,עירובין,צא.,פירוש,לא,
398,רבינו חננאל בן שמואל על עירובין - פי' על הריף,כן,עירובין,צב.,פירוש,לא,
400,רבינו חננאל בן שמואל על עירובין - פי' על הריף,כן,עירובין,צג:,פירוש,לא,
401,רבינו חננאל בן שמואל על עירובין - פי' על הריף,כן,עירובין,צג:,פירוש,לא,
403,רבינו חננאל בן שמואל על עירובין - פי' על הריף,כן,עירובין,צד.,פירוש,לא,
404,רבינו חננאל בן שמואל על עירובין - פי' על הריף,כן,עירובין,צד.,פירוש,לא,
406,רבינו חננאל בן שמואל על עירובין - פי' על הריף,כן,עירובין,צד:,פירוש,לא,
408,רבינו חננאל בן שמואל על עירובין - פי' על הריף,כן,עירובין,צה.,פירוש,לא,
409,רבינו חננאל בן שמואל על עירובין - פי' על הריף,כן,עירובין,צה.,פירוש,לא,
411,רבינו חננאל בן שמואל על עירובין - פי' על הריף,כן,עירובין,צה:,פירוש,לא,
413,רבינו חננאל בן שמואל על עירובין - פי' על הריף,כן,עירובין,צז.,פירוש,לא,
415,רבינו חננאל בן שמואל על עירובין - פי' על הריף,כן,עירובין,צז:,פירוש,לא,
416,רבינו חננאל בן שמואל על עירובין - פי' על הריף,כן,עירובין,צז:,פירוש,לא,
417,רבינו חננאל בן שמואל על עירובין - פי' על הריף,כן,עירובין,צז:,פירוש,לא,
419,רבינו חננאל בן שמואל על עירובין - פי' על הריף,כן,עירובין,צח:,פירוש,לא,
420,רבינו חננאל בן שמואל על עירובין - פי' על הריף,כן,עירובין,צח:,פירוש,לא,
421,רבינו חננאל בן שמואל על עירובין - פי' על הריף,כן,עירובין,צח:,פירוש,לא,
423,רבינו חננאל בן שמואל על עירובין - פי' על הריף,כן,עירובין,צט.,פירוש,לא,
424,רבינו חננאל בן שמואל על עירובין - פי' על הריף,כן,עירובין,צט.,פירוש,לא,
425,רבינו חננאל בן שמואל על עירובין - פי' על הריף,כן,עירובין,צט.,פירוש,לא,
427,רבינו חננאל בן שמואל על עירובין - פי' על הריף,כן,עירובין,צט:,פירוש,לא,
428,רבינו חננאל בן שמואל על עירובין - פי' על הריף,כן,עירובין,צט:,פירוש,לא,
429,רבינו חננאל בן שמואל על עירובין - פי' על הריף,כן,עירובין,צט:,פירוש,לא,
431,רבינו חננאל בן שמואל על עירובין - פי' על הריף,כן,עירובין,ק.,פירוש,לא,
433,רבינו חננאל בן שמואל על עירובין - פי' על הריף,כן,עירובין,קא.,פירוש,לא,
435,רבינו חננאל בן שמואל על עירובין - פי' על הריף,כן,עירובין,קא:,פירוש,לא,
436,רבינו חננאל בן שמואל על עירובין - פי' על הריף,כן,עירובין,קא:,פירוש,לא,
438,רבינו חננאל בן שמואל על עירובין - פי' על הריף,כן,עירובין,קב.,פירוש,לא,
439,רבינו חננאל בן שמואל על עירובין - פי' על הריף,כן,עירובין,קב.,פירוש,לא,
441,רבינו חננאל בן שמואל על עירובין - פי' על הריף,כן,עירובין,קב:,פירוש,לא,
442,רבינו חננאל בן שמואל על עירובין - פי' על הריף,כן,עירובין,קב:,פירוש,לא,
443,רבינו חננאל בן שמואל על עירובין - פי' על הריף,כן,עירובין,קב:,פירוש,לא,
444,רבינו חננאל בן שמואל על עירובין - פי' על הריף,כן,עירובין,קב:,פירוש,לא,
446,רבינו חננאל בן שמואל על עירובין - פי' על הריף,כן,עירובין,קג.,פירוש,לא,
448,רבינו חננאל בן שמואל על עירובין - פי' על הריף,כן,עירובין,קג:,פירוש,לא,
450,רבינו חננאל בן שמואל על עירובין - פי' על הריף,כן,עירובין,קד.,פירוש,לא,
451,רבינו חננאל בן שמואל על עירובין - פי' על הריף,כן,עירובין,קד.,פירוש,לא,
453,רבינו חננאל בן שמואל על עירובין - פי' על הריף,כן,עירובין,קד:,פירוש,לא,
454,רבינו חננאל בן שמואל על עירובין - פי' על הריף,כן,עירובין,קד:,פירוש,לא,
456,רבינו חננאל בן שמואל על עירובין - פי' על הריף,כן,עירובין,קה.,פירוש,לא,
4,תוספות שאנץ על פסחים,כן,פסחים,ב.,פירוש,לא,
5,תוספות שאנץ על פסחים,כן,פסחים,ב.,פירוש,לא,
6,תוספות שאנץ על פסחים,כן,פסחים,ב.,פירוש,לא,
8,תוספות שאנץ על פסחים,כן,פסחים,ב:,פירוש,לא,
9,תוספות שאנץ על פסחים,כן,פסחים,ב:,פירוש,לא,
11,תוספות שאנץ על פסחים,כן,פסחים,ג.,פירוש,לא,
13,תוספות שאנץ על פסחים,כן,פסחים,ג:,פירוש,לא,
14,תוספות שאנץ על פסחים,כן,פסחים,ג:,פירוש,לא,
16,תוספות שאנץ על פסחים,כן,פסחים,ד.,פירוש,לא,
17,תוספות שאנץ על פסחים,כן,פסחים,ד.,פירוש,לא,
19,תוספות שאנץ על פסחים,כן,פסחים,ד:,פירוש,לא,
20,תוספות שאנץ על פסחים,כן,פסחים,ד:,פירוש,לא,
22,תוספות שאנץ על פסחים,כן,פסחים,ה.,פירוש,לא,
24,תוספות שאנץ על פסחים,כן,פסחים,ה:,פירוש,לא,
25,תוספות שאנץ על פסחים,כן,פסחים,ה:,פירוש,לא,
27,תוספות שאנץ על פסחים,כן,פסחים,ו.,פירוש,לא,
29,תוספות שאנץ על פסחים,כן,פסחים,ו:,פירוש,לא,
30,תוספות שאנץ על פסחים,כן,פסחים,ו:,פירוש,לא,
32,תוספות שאנץ על פסחים,כן,פסחים,ז.,פירוש,לא,
33,תוספות שאנץ על פסחים,כן,פסחים,ז.,פירוש,לא,
34,תוספות שאנץ על פסחים,כן,פסחים,ז.,פירוש,לא,
36,תוספות שאנץ על פסחים,כן,פסחים,ז:,פירוש,לא,
37,תוספות שאנץ על פסחים,כן,פסחים,ז:,פירוש,לא,
39,תוספות שאנץ על פסחים,כן,פסחים,ח.,פירוש,לא,
41,תוספות שאנץ על פסחים,כן,פסחים,ח:,פירוש,לא,
43,תוספות שאנץ על פסחים,כן,פסחים,ט.,פירוש,לא,
44,תוספות שאנץ על פסחים,כן,פסחים,ט.,פירוש,לא,
46,תוספות שאנץ על פסחים,כן,פסחים,ט:,פירוש,לא,
47,תוספות שאנץ על פסחים,כן,פסחים,ט:,פירוש,לא,
48,תוספות שאנץ על פסחים,כן,פסחים,ט:,פירוש,לא,
50,תוספות שאנץ על פסחים,כן,פסחים,י.,פירוש,לא,
51,תוספות שאנץ על פסחים,כן,פסחים,י.,פירוש,לא,
53,תוספות שאנץ על פסחים,כן,פסחים,י:,פירוש,לא,
54,תוספות שאנץ על פסחים,כן,פסחים,י:,פירוש,לא,
56,תוספות שאנץ על פסחים,כן,פסחים,יא.,פירוש,לא,
57,תוספות שאנץ על פסחים,כן,פסחים,יא.,פירוש,לא,
59,תוספות שאנץ על פסחים,כן,פסחים,יא:,פירוש,לא,
61,תוספות שאנץ על פסחים,כן,פסחים,יב.,פירוש,לא,
63,תוספות שאנץ על פסחים,כן,פסחים,יב:,פירוש,לא,
64,תוספות שאנץ על פסחים,כן,פסחים,יב:,פירוש,לא,
66,תוספות שאנץ על פסחים,כן,פסחים,יג.,פירוש,לא,
67,תוספות שאנץ על פסחים,כן,פסחים,יג.,פירוש,לא,
69,תוספות שאנץ על פסחים,כן,פסחים,יג:,פירוש,לא,
70,תוספות שאנץ על פסחים,כן,פסחים,יג:,פירוש,לא,
72,תוספות שאנץ על פסחים,כן,פסחים,יד.,פירוש,לא,
73,תוספות שאנץ על פסחים,כן,פסחים,יד.,פירוש,לא,
74,תוספות שאנץ על פסחים,כן,פסחים,יד.,פירוש,לא,
76,תוספות שאנץ על פסחים,כן,פסחים,יד:,פירוש,לא,
77,תוספות שאנץ על פסחים,כן,פסחים,יד:,פירוש,לא,
78,תוספות שאנץ על פסחים,כן,פסחים,יד:,פירוש,לא,
79,תוספות שאנץ על פסחים,כן,פסחים,יד:,פירוש,לא,
81,תוספות שאנץ על פסחים,כן,פסחים,טו.,פירוש,לא,
82,תוספות שאנץ על פסחים,כן,פסחים,טו.,פירוש,לא,
84,תוספות שאנץ על פסחים,כן,פסחים,טו:,פירוש,לא,
85,תוספות שאנץ על פסחים,כן,פסחים,טו:,פירוש,לא,
87,תוספות שאנץ על פסחים,כן,פסחים,טז.,פירוש,לא,
88,תוספות שאנץ על פסחים,כן,פסחים,טז.,פירוש,לא,
90,תוספות שאנץ על פסחים,כן,פסחים,טז:,פירוש,לא,
91,תוספות שאנץ על פסחים,כן,פסחים,טז:,פירוש,לא,
93,תוספות שאנץ על פסחים,כן,פסחים,יז.,פירוש,לא,
95,תוספות שאנץ על פסחים,כן,פסחים,יז:,פירוש,לא,
96,תוספות שאנץ על פסחים,כן,פסחים,יז:,פירוש,לא,
97,תוספות שאנץ על פסחים,כן,פסחים,יז:,פירוש,לא,
99,תוספות שאנץ על פסחים,כן,פסחים,יח.,פירוש,לא,
100,תוספות שאנץ על פסחים,כן,פסחים,יח.,פירוש,לא,
102,תוספות שאנץ על פסחים,כן,פסחים,יח:,פירוש,לא,
103,תוספות שאנץ על פסחים,כן,פסחים,יח:,פירוש,לא,
105,תוספות שאנץ על פסחים,כן,פסחים,יט.,פירוש,לא,
106,תוספות שאנץ על פסחים,כן,פסחים,יט.,פירוש,לא,
108,תוספות שאנץ על פסחים,כן,פסחים,יט:,פירוש,לא,
109,תוספות שאנץ על פסחים,כן,פסחים,יט:,פירוש,לא,
111,תוספות שאנץ על פסחים,כן,פסחים,כ.,פירוש,לא,
113,תוספות שאנץ על פסחים,כן,פסחים,כ:,פירוש,לא,
115,תוספות שאנץ על פסחים,כן,פסחים,כא.,פירוש,לא,
116,תוספות שאנץ על פסחים,כן,פסחים,כא.,פירוש,לא,
118,תוספות שאנץ על פסחים,כן,פסחים,כא:,פירוש,לא,
119,תוספות שאנץ על פסחים,כן,פסחים,כא:,פירוש,לא,
120,תוספות שאנץ על פסחים,כן,פסחים,כא:,פירוש,לא,
122,תוספות שאנץ על פסחים,כן,פסחים,כב.,פירוש,לא,
123,תוספות שאנץ על פסחים,כן,פסחים,כב.,פירוש,לא,
124,תוספות שאנץ על פסחים,כן,פסחים,כב.,פירוש,לא,
125,תוספות שאנץ על פסחים,כן,פסחים,כב.,פירוש,לא,
126,תוספות שאנץ על פסחים,כן,פסחים,כב.,פירוש,לא,
127,תוספות שאנץ על פסחים,כן,פסחים,כב.,פירוש,לא,
128,תוספות שאנץ על פסחים,כן,פסחים,כב.,פירוש,לא,
130,תוספות שאנץ על פסחים,כן,פסחים,כב:,פירוש,לא,
131,תוספות שאנץ על פסחים,כן,פסחים,כב:,פירוש,לא,
132,תוספות שאנץ על פסחים,כן,פסחים,כב:,פירוש,לא,
133,תוספות שאנץ על פסחים,כן,פסחים,כב:,פירוש,לא,
134,תוספות שאנץ על פסחים,כן,פסחים,כב:,פירוש,לא,
135,תוספות שאנץ על פסחים,כן,פסחים,כב:,פירוש,לא,
137,תוספות שאנץ על פסחים,כן,פסחים,כג.,פירוש,לא,
138,תוספות שאנץ על פסחים,כן,פסחים,כג.,פירוש,לא,
139,תוספות שאנץ על פסחים,כן,פסחים,כג.,פירוש,לא,
140,תוספות שאנץ על פסחים,כן,פסחים,כג.,פירוש,לא,
142,תוספות שאנץ על פסחים,כן,פסחים,כג:,פירוש,לא,
143,תוספות שאנץ על פסחים,כן,פסחים,כג:,פירוש,לא,
144,תוספות שאנץ על פסחים,כן,פסחים,כג:,פירוש,לא,
145,תוספות שאנץ על פסחים,כן,פסחים,כג:,פירוש,לא,
147,תוספות שאנץ על פסחים,כן,פסחים,כד.,פירוש,לא,
148,תוספות שאנץ על פסחים,כן,פסחים,כד.,פירוש,לא,
149,תוספות שאנץ על פסחים,כן,פסחים,כד.,פירוש,לא,
151,תוספות שאנץ על פסחים,כן,פסחים,כד:,פירוש,לא,
152,תוספות שאנץ על פסחים,כן,פסחים,כד:,פירוש,לא,
153,תוספות שאנץ על פסחים,כן,פסחים,כד:,פירוש,לא,
154,תוספות שאנץ על פסחים,כן,פסחים,כד:,פירוש,לא,
155,תוספות שאנץ על פסחים,כן,פסחים,כד:,פירוש,לא,
157,תוספות שאנץ על פסחים,כן,פסחים,כה.,פירוש,לא,
158,תוספות שאנץ על פסחים,כן,פסחים,כה.,פירוש,לא,
160,תוספות שאנץ על פסחים,כן,פסחים,כה:,פירוש,לא,
161,תוספות שאנץ על פסחים,כן,פסחים,כה:,פירוש,לא,
163,תוספות שאנץ על פסחים,כן,פסחים,כו.,פירוש,לא,
164,תוספות שאנץ על פסחים,כן,פסחים,כו.,פירוש,לא,
166,תוספות שאנץ על פסחים,כן,פסחים,כו:,פירוש,לא,
167,תוספות שאנץ על פסחים,כן,פסחים,כו:,פירוש,לא,
168,תוספות שאנץ על פסחים,כן,פסחים,כו:,פירוש,לא,
170,תוספות שאנץ על פסחים,כן,פסחים,כז.,פירוש,לא,
172,תוספות שאנץ על פסחים,כן,פסחים,כז:,פירוש,לא,
173,תוספות שאנץ על פסחים,כן,פסחים,כז:,פירוש,לא,
175,תוספות שאנץ על פסחים,כן,פסחים,כח.,פירוש,לא,
176,תוספות שאנץ על פסחים,כן,פסחים,כח.,פירוש,לא,
177,תוספות שאנץ על פסחים,כן,פסחים,כח.,פירוש,לא,
179,תוספות שאנץ על פסחים,כן,פסחים,כח:,פירוש,לא,
180,תוספות שאנץ על פסחים,כן,פסחים,כח:,פירוש,לא,
181,תוספות שאנץ על פסחים,כן,פסחים,כח:,פירוש,לא,
182,תוספות שאנץ על פסחים,כן,פסחים,כח:,פירוש,לא,
183,תוספות שאנץ על פסחים,כן,פסחים,כח:,פירוש,לא,
184,תוספות שאנץ על פסחים,כן,פסחים,כח:,פירוש,לא,
185,תוספות שאנץ על פסחים,כן,פסחים,כח:,פירוש,לא,
187,תוספות שאנץ על פסחים,כן,פסחים,כט.,פירוש,לא,
188,תוספות שאנץ על פסחים,כן,פסחים,כט.,פירוש,לא,
189,תוספות שאנץ על פסחים,כן,פסחים,כט.,פירוש,לא,
190,תוספות שאנץ על פסחים,כן,פסחים,כט.,פירוש,לא,
191,תוספות שאנץ על פסחים,כן,פסחים,כט.,פירוש,לא,
192,תוספות שאנץ על פסחים,כן,פסחים,כט.,פירוש,לא,
193,תוספות שאנץ על פסחים,כן,פסחים,כט.,פירוש,לא,
195,תוספות שאנץ על פסחים,כן,פסחים,כט:,פירוש,לא,
197,תוספות שאנץ על פסחים,כן,פסחים,ל.,פירוש,לא,
198,תוספות שאנץ על פסחים,כן,פסחים,ל.,פירוש,לא,
199,תוספות שאנץ על פסחים,כן,פסחים,ל.,פירוש,לא,
200,תוספות שאנץ על פסחים,כן,פסחים,ל.,פירוש,לא,
201,תוספות שאנץ על פסחים,כן,פסחים,ל.,פירוש,לא,
202,תוספות שאנץ על פסחים,כן,פסחים,ל.,פירוש,לא,
203,תוספות שאנץ על פסחים,כן,פסחים,ל.,פירוש,לא,
204,תוספות שאנץ על פסחים,כן,פסחים,ל.,פירוש,לא,
206,תוספות שאנץ על פסחים,כן,פסחים,ל:,פירוש,לא,
207,תוספות שאנץ על פסחים,כן,פסחים,ל:,פירוש,לא,
208,תוספות שאנץ על פסחים,כן,פסחים,ל:,פירוש,לא,
209,תוספות שאנץ על פסחים,כן,פסחים,ל:,פירוש,לא,
210,תוספות שאנץ על פסחים,כן,פסחים,ל:,פירוש,לא,
211,תוספות שאנץ על פסחים,כן,פסחים,ל:,פירוש,לא,
213,תוספות שאנץ על פסחים,כן,פסחים,לא.,פירוש,לא,
214,תוספות שאנץ על פסחים,כן,פסחים,לא.,פירוש,לא,
215,תוספות שאנץ על פסחים,כן,פסחים,לא.,פירוש,לא,
216,תוספות שאנץ על פסחים,כן,פסחים,לא.,פירוש,לא,
217,תוספות שאנץ על פסחים,כן,פסחים,לא.,פירוש,לא,
218,תוספות שאנץ על פסחים,כן,פסחים,לא.,פירוש,לא,
219,תוספות שאנץ על פסחים,כן,פסחים,לא.,פירוש,לא,
221,תוספות שאנץ על פסחים,כן,פסחים,לא:,פירוש,לא,
222,תוספות שאנץ על פסחים,כן,פסחים,לא:,פירוש,לא,
223,תוספות שאנץ על פסחים,כן,פסחים,לא:,פירוש,לא,
224,תוספות שאנץ על פסחים,כן,פסחים,לא:,פירוש,לא,
225,תוספות שאנץ על פסחים,כן,פסחים,לא:,פירוש,לא,
226,תוספות שאנץ על פסחים,כן,פסחים,לא:,פירוש,לא,
227,תוספות שאנץ על פסחים,כן,פסחים,לא:,פירוש,לא,
229,תוספות שאנץ על פסחים,כן,פסחים,לב.,פירוש,לא,
230,תוספות שאנץ על פסחים,כן,פסחים,לב.,פירוש,לא,
231,תוספות שאנץ על פסחים,כן,פסחים,לב.,פירוש,לא,
232,תוספות שאנץ על פסחים,כן,פסחים,לב.,פירוש,לא,
234,תוספות שאנץ על פסחים,כן,פסחים,לב:,פירוש,לא,
235,תוספות שאנץ על פסחים,כן,פסחים,לב:,פירוש,לא,
236,תוספות שאנץ על פסחים,כן,פסחים,לב:,פירוש,לא,
237,תוספות שאנץ על פסחים,כן,פסחים,לב:,פירוש,לא,
238,תוספות שאנץ על פסחים,כן,פסחים,לב:,פירוש,לא,
239,תוספות שאנץ על פסחים,כן,פסחים,לב:,פירוש,לא,
240,תוספות שאנץ על פסחים,כן,פסחים,לב:,פירוש,לא,
242,תוספות שאנץ על פסחים,כן,פסחים,לג.,פירוש,לא,
243,תוספות שאנץ על פסחים,כן,פסחים,לג.,פירוש,לא,
244,תוספות שאנץ על פסחים,כן,פסחים,לג.,פירוש,לא,
245,תוספות שאנץ על פסחים,כן,פסחים,לג.,פירוש,לא,
247,תוספות שאנץ על פסחים,כן,פסחים,לג:,פירוש,לא,
248,תוספות שאנץ על פסחים,כן,פסחים,לג:,פירוש,לא,
249,תוספות שאנץ על פסחים,כן,פסחים,לג:,פירוש,לא,
251,תוספות שאנץ על פסחים,כן,פסחים,לד.,פירוש,לא,
252,תוספות שאנץ על פסחים,כן,פסחים,לד.,פירוש,לא,
253,תוספות שאנץ על פסחים,כן,פסחים,לד.,פירוש,לא,
254,תוספות שאנץ על פסחים,כן,פסחים,לד.,פירוש,לא,
255,תוספות שאנץ על פסחים,כן,פסחים,לד.,פירוש,לא,
257,תוספות שאנץ על פסחים,כן,פסחים,לד:,פירוש,לא,
258,תוספות שאנץ על פסחים,כן,פסחים,לד:,פירוש,לא,
259,תוספות שאנץ על פסחים,כן,פסחים,לד:,פירוש,לא,
261,תוספות שאנץ על פסחים,כן,פסחים,לה.,פירוש,לא,
263,תוספות שאנץ על פסחים,כן,פסחים,לה:,פירוש,לא,
264,תוספות שאנץ על פסחים,כן,פסחים,לה:,פירוש,לא,
265,תוספות שאנץ על פסחים,כן,פסחים,לה:,פירוש,לא,
266,תוספות שאנץ על פסחים,כן,פסחים,לה:,פירוש,לא,
268,תוספות שאנץ על פסחים,כן,פסחים,לו.,פירוש,לא,
269,תוספות שאנץ על פסחים,כן,פסחים,לו.,פירוש,לא,
270,תוספות שאנץ על פסחים,כן,פסחים,לו.,פירוש,לא,
271,תוספות שאנץ על פסחים,כן,פסחים,לו.,פירוש,לא,
273,תוספות שאנץ על פסחים,כן,פסחים,לו:,פירוש,לא,
274,תוספות שאנץ על פסחים,כן,פסחים,לו:,פירוש,לא,
275,תוספות שאנץ על פסחים,כן,פסחים,לו:,פירוש,לא,
276,תוספות שאנץ על פסחים,כן,פסחים,לו:,פירוש,לא,
277,תוספות שאנץ על פסחים,כן,פסחים,לו:,פירוש,לא,
279,תוספות שאנץ על פסחים,כן,פסחים,לז.,פירוש,לא,
280,תוספות שאנץ על פסחים,כן,פסחים,לז.,פירוש,לא,
281,תוספות שאנץ על פסחים,כן,פסחים,לז.,פירוש,לא,
282,תוספות שאנץ על פסחים,כן,פסחים,לז.,פירוש,לא,
284,תוספות שאנץ על פסחים,כן,פסחים,לז:,פירוש,לא,
285,תוספות שאנץ על פסחים,כן,פסחים,לז:,פירוש,לא,
286,תוספות שאנץ על פסחים,כן,פסחים,לז:,פירוש,לא,
287,תוספות שאנץ על פסחים,כן,פסחים,לז:,פירוש,לא,
288,תוספות שאנץ על פסחים,כן,פסחים,לז:,פירוש,לא,
290,תוספות שאנץ על פסחים,כן,פסחים,לח.,פירוש,לא,
291,תוספות שאנץ על פסחים,כן,פסחים,לח.,פירוש,לא,
292,תוספות שאנץ על פסחים,כן,פסחים,לח.,פירוש,לא,
293,תוספות שאנץ על פסחים,כן,פסחים,לח.,פירוש,לא,
294,תוספות שאנץ על פסחים,כן,פסחים,לח.,פירוש,לא,
295,תוספות שאנץ על פסחים,כן,פסחים,לח.,פירוש,לא,
296,תוספות שאנץ על פסחים,כן,פסחים,לח.,פירוש,לא,
298,תוספות שאנץ על פסחים,כן,פסחים,לח:,פירוש,לא,
299,תוספות שאנץ על פסחים,כן,פסחים,לח:,פירוש,לא,
300,תוספות שאנץ על פסחים,כן,פסחים,לח:,פירוש,לא,
301,תוספות שאנץ על פסחים,כן,פסחים,לח:,פירוש,לא,
302,תוספות שאנץ על פסחים,כן,פסחים,לח:,פירוש,לא,
304,תוספות שאנץ על פסחים,כן,פסחים,לט.,פירוש,לא,
305,תוספות שאנץ על פסחים,כן,פסחים,לט.,פירוש,לא,
307,תוספות שאנץ על פסחים,כן,פסחים,לט:,פירוש,לא,
308,תוספות שאנץ על פסחים,כן,פסחים,לט:,פירוש,לא,
309,תוספות שאנץ על פסחים,כן,פסחים,לט:,פירוש,לא,
310,תוספות שאנץ על פסחים,כן,פסחים,לט:,פירוש,לא,
311,תוספות שאנץ על פסחים,כן,פסחים,לט:,פירוש,לא,
313,תוספות שאנץ על פסחים,כן,פסחים,מ.,פירוש,לא,
314,תוספות שאנץ על פסחים,כן,פסחים,מ.,פירוש,לא,
315,תוספות שאנץ על פסחים,כן,פסחים,מ.,פירוש,לא,
317,תוספות שאנץ על פסחים,כן,פסחים,מ:,פירוש,לא,
318,תוספות שאנץ על פסחים,כן,פסחים,מ:,פירוש,לא,
319,תוספות שאנץ על פסחים,כן,פסחים,מ:,פירוש,לא,
320,תוספות שאנץ על פסחים,כן,פסחים,מ:,פירוש,לא,
321,תוספות שאנץ על פסחים,כן,פסחים,מ:,פירוש,לא,
322,תוספות שאנץ על פסחים,כן,פסחים,מ:,פירוש,לא,
323,תוספות שאנץ על פסחים,כן,פסחים,מ:,פירוש,לא,
325,תוספות שאנץ על פסחים,כן,פסחים,מא.,פירוש,לא,
326,תוספות שאנץ על פסחים,כן,פסחים,מא.,פירוש,לא,
327,תוספות שאנץ על פסחים,כן,פסחים,מא.,פירוש,לא,
328,תוספות שאנץ על פסחים,כן,פסחים,מא.,פירוש,לא,
330,תוספות שאנץ על פסחים,כן,פסחים,מא:,פירוש,לא,
331,תוספות שאנץ על פסחים,כן,פסחים,מא:,פירוש,לא,
332,תוספות שאנץ על פסחים,כן,פסחים,מא:,פירוש,לא,
333,תוספות שאנץ על פסחים,כן,פסחים,מא:,פירוש,לא,
335,תוספות שאנץ על פסחים,כן,פסחים,מב.,פירוש,לא,
336,תוספות שאנץ על פסחים,כן,פסחים,מב.,פירוש,לא,
338,תוספות שאנץ על פסחים,כן,פסחים,מב:,פירוש,לא,
339,תוספות שאנץ על פסחים,כן,פסחים,מב:,פירוש,לא,
341,תוספות שאנץ על פסחים,כן,פסחים,מג.,פירוש,לא,
342,תוספות שאנץ על פסחים,כן,פסחים,מג.,פירוש,לא,
343,תוספות שאנץ על פסחים,כן,פסחים,מג.,פירוש,לא,
345,תוספות שאנץ על פסחים,כן,פסחים,מג:,פירוש,לא,
346,תוספות שאנץ על פסחים,כן,פסחים,מג:,פירוש,לא,
347,תוספות שאנץ על פסחים,כן,פסחים,מג:,פירוש,לא,
348,תוספות שאנץ על פסחים,כן,פסחים,מג:,פירוש,לא,
350,תוספות שאנץ על פסחים,כן,פסחים,מד.,פירוש,לא,
351,תוספות שאנץ על פסחים,כן,פסחים,מד.,פירוש,לא,
352,תוספות שאנץ על פסחים,כן,פסחים,מד.,פירוש,לא,
353,תוספות שאנץ על פסחים,כן,פסחים,מד.,פירוש,לא,
355,תוספות שאנץ על פסחים,כן,פסחים,מד:,פירוש,לא,
356,תוספות שאנץ על פסחים,כן,פסחים,מד:,פירוש,לא,
357,תוספות שאנץ על פסחים,כן,פסחים,מד:,פירוש,לא,
359,תוספות שאנץ על פסחים,כן,פסחים,מה.,פירוש,לא,
360,תוספות שאנץ על פסחים,כן,פסחים,מה.,פירוש,לא,
361,תוספות שאנץ על פסחים,כן,פסחים,מה.,פירוש,לא,
363,תוספות שאנץ על פסחים,כן,פסחים,מה:,פירוש,לא,
364,תוספות שאנץ על פסחים,כן,פסחים,מה:,פירוש,לא,
366,תוספות שאנץ על פסחים,כן,פסחים,מו.,פירוש,לא,
367,תוספות שאנץ על פסחים,כן,פסחים,מו.,פירוש,לא,
368,תוספות שאנץ על פסחים,כן,פסחים,מו.,פירוש,לא,
369,תוספות שאנץ על פסחים,כן,פסחים,מו.,פירוש,לא,
370,תוספות שאנץ על פסחים,כן,פסחים,מו.,פירוש,לא,
372,תוספות שאנץ על פסחים,כן,פסחים,מו:,פירוש,לא,
373,תוספות שאנץ על פסחים,כן,פסחים,מו:,פירוש,לא,
374,תוספות שאנץ על פסחים,כן,פסחים,מו:,פירוש,לא,
375,תוספות שאנץ על פסחים,כן,פסחים,מו:,פירוש,לא,
376,תוספות שאנץ על פסחים,כן,פסחים,מו:,פירוש,לא,
378,תוספות שאנץ על פסחים,כן,פסחים,מז.,פירוש,לא,
379,תוספות שאנץ על פסחים,כן,פסחים,מז.,פירוש,לא,
380,תוספות שאנץ על פסחים,כן,פסחים,מז.,פירוש,לא,
381,תוספות שאנץ על פסחים,כן,פסחים,מז.,פירוש,לא,
382,תוספות שאנץ על פסחים,כן,פסחים,מז.,פירוש,לא,
384,תוספות שאנץ על פסחים,כן,פסחים,מז:,פירוש,לא,
385,תוספות שאנץ על פסחים,כן,פסחים,מז:,פירוש,לא,
386,תוספות שאנץ על פסחים,כן,פסחים,מז:,פירוש,לא,
387,תוספות שאנץ על פסחים,כן,פסחים,מז:,פירוש,לא,
389,תוספות שאנץ על פסחים,כן,פסחים,מח.,פירוש,לא,
391,תוספות שאנץ על פסחים,כן,פסחים,מח:,פירוש,לא,
393,תוספות שאנץ על פסחים,כן,פסחים,מט.,פירוש,לא,
394,תוספות שאנץ על פסחים,כן,פסחים,מט.,פירוש,לא,
395,תוספות שאנץ על פסחים,כן,פסחים,מט.,פירוש,לא,
396,תוספות שאנץ על פסחים,כן,פסחים,מט.,פירוש,לא,
397,תוספות שאנץ על פסחים,כן,פסחים,מט.,פירוש,לא,
399,תוספות שאנץ על פסחים,כן,פסחים,מט:,פירוש,לא,
400,תוספות שאנץ על פסחים,כן,פסחים,מט:,פירוש,לא,
401,תוספות שאנץ על פסחים,כן,פסחים,מט:,פירוש,לא,
402,תוספות שאנץ על פסחים,כן,פסחים,מט:,פירוש,לא,
404,תוספות שאנץ על פסחים,כן,פסחים,נ.,פירוש,לא,
406,תוספות שאנץ על פסחים,כן,פסחים,נ:,פירוש,לא,
407,תוספות שאנץ על פסחים,כן,פסחים,נ:,פירוש,לא,
408,תוספות שאנץ על פסחים,כן,פסחים,נ:,פירוש,לא,
409,תוספות שאנץ על פסחים,כן,פסחים,נ:,פירוש,לא,
411,תוספות שאנץ על פסחים,כן,פסחים,נא.,פירוש,לא,
412,תוספות שאנץ על פסחים,כן,פסחים,נא.,פירוש,לא,
413,תוספות שאנץ על פסחים,כן,פסחים,נא.,פירוש,לא,
415,תוספות שאנץ על פסחים,כן,פסחים,נא:,פירוש,לא,
416,תוספות שאנץ על פסחים,כן,פסחים,נא:,פירוש,לא,
417,תוספות שאנץ על פסחים,כן,פסחים,נא:,פירוש,לא,
418,תוספות שאנץ על פסחים,כן,פסחים,נא:,פירוש,לא,
419,תוספות שאנץ על פסחים,כן,פסחים,נא:,פירוש,לא,
421,תוספות שאנץ על פסחים,כן,פסחים,נב.,פירוש,לא,
422,תוספות שאנץ על פסחים,כן,פסחים,נב.,פירוש,לא,
424,תוספות שאנץ על פסחים,כן,פסחים,נב:,פירוש,לא,
425,תוספות שאנץ על פסחים,כן,פסחים,נב:,פירוש,לא,
427,תוספות שאנץ על פסחים,כן,פסחים,נג.,פירוש,לא,
428,תוספות שאנץ על פסחים,כן,פסחים,נג.,פירוש,לא,
430,תוספות שאנץ על פסחים,כן,פסחים,נג:,פירוש,לא,
431,תוספות שאנץ על פסחים,כן,פסחים,נג:,פירוש,לא,
432,תוספות שאנץ על פסחים,כן,פסחים,נג:,פירוש,לא,
433,תוספות שאנץ על פסחים,כן,פסחים,נג:,פירוש,לא,
435,תוספות שאנץ על פסחים,כן,פסחים,נד.,פירוש,לא,
437,תוספות שאנץ על פסחים,כן,פסחים,נד:,פירוש,לא,
438,תוספות שאנץ על פסחים,כן,פסחים,נד:,פירוש,לא,
439,תוספות שאנץ על פסחים,כן,פסחים,נד:,פירוש,לא,
441,תוספות שאנץ על פסחים,כן,פסחים,נה.,פירוש,לא,
442,תוספות שאנץ על פסחים,כן,פסחים,נה.,פירוש,לא,
443,תוספות שאנץ על פסחים,כן,פסחים,נה.,פירוש,לא,
444,תוספות שאנץ על פסחים,כן,פסחים,נה.,פירוש,לא,
446,תוספות שאנץ על פסחים,כן,פסחים,נה:,פירוש,לא,
447,תוספות שאנץ על פסחים,כן,פסחים,נה:,פירוש,לא,
449,תוספות שאנץ על פסחים,כן,פסחים,נו.,פירוש,לא,
451,תוספות שאנץ על פסחים,כן,פסחים,נו:,פירוש,לא,
452,תוספות שאנץ על פסחים,כן,פסחים,נו:,פירוש,לא,
453,תוספות שאנץ על פסחים,כן,פסחים,נו:,פירוש,לא,
454,תוספות שאנץ על פסחים,כן,פסחים,נו:,פירוש,לא,
455,תוספות שאנץ על פסחים,כן,פסחים,נו:,פירוש,לא,
457,תוספות שאנץ על פסחים,כן,פסחים,נז.,פירוש,לא,
458,תוספות שאנץ על פסחים,כן,פסחים,נז.,פירוש,לא,
460,תוספות שאנץ על פסחים,כן,פסחים,נח.,פירוש,לא,
461,תוספות שאנץ על פסחים,כן,פסחים,נח.,פירוש,לא,
462,תוספות שאנץ על פסחים,כן,פסחים,נח.,פירוש,לא,
463,תוספות שאנץ על פסחים,כן,פסחים,נח.,פירוש,לא,
465,תוספות שאנץ על פסחים,כן,פסחים,נח:,פירוש,לא,
466,תוספות שאנץ על פסחים,כן,פסחים,נח:,פירוש,לא,
467,תוספות שאנץ על פסחים,כן,פסחים,נח:,פירוש,לא,
468,תוספות שאנץ על פסחים,כן,פסחים,נח:,פירוש,לא,
469,תוספות שאנץ על פסחים,כן,פסחים,נח:,פירוש,לא,
471,תוספות שאנץ על פסחים,כן,פסחים,נט.,פירוש,לא,
472,תוספות שאנץ על פסחים,כן,פסחים,נט.,פירוש,לא,
473,תוספות שאנץ על פסחים,כן,פסחים,נט.,פירוש,לא,
474,תוספות שאנץ על פסחים,כן,פסחים,נט.,פירוש,לא,
475,תוספות שאנץ על פסחים,כן,פסחים,נט.,פירוש,לא,
477,תוספות שאנץ על פסחים,כן,פסחים,נט:,פירוש,לא,
478,תוספות שאנץ על פסחים,כן,פסחים,נט:,פירוש,לא,
479,תוספות שאנץ על פסחים,כן,פסחים,נט:,פירוש,לא,
481,תוספות שאנץ על פסחים,כן,פסחים,ס.,פירוש,לא,
482,תוספות שאנץ על פסחים,כן,פסחים,ס.,פירוש,לא,
483,תוספות שאנץ על פסחים,כן,פסחים,ס.,פירוש,לא,
484,תוספות שאנץ על פסחים,כן,פסחים,ס.,פירוש,לא,
485,תוספות שאנץ על פסחים,כן,פסחים,ס.,פירוש,לא,
486,תוספות שאנץ על פסחים,כן,פסחים,ס.,פירוש,לא,
488,תוספות שאנץ על פסחים,כן,פסחים,ס:,פירוש,לא,
489,תוספות שאנץ על פסחים,כן,פסחים,ס:,פירוש,לא,
490,תוספות שאנץ על פסחים,כן,פסחים,ס:,פירוש,לא,
492,תוספות שאנץ על פסחים,כן,פסחים,סא.,פירוש,לא,
493,תוספות שאנץ על פסחים,כן,פסחים,סא.,פירוש,לא,
494,תוספות שאנץ על פסחים,כן,פסחים,סא.,פירוש,לא,
495,תוספות שאנץ על פסחים,כן,פסחים,סא.,פירוש,לא,
496,תוספות שאנץ על פסחים,כן,פסחים,סא.,פירוש,לא,
498,תוספות שאנץ על פסחים,כן,פסחים,סא:,פירוש,לא,
499,תוספות שאנץ על פסחים,כן,פסחים,סא:,פירוש,לא,
500,תוספות שאנץ על פסחים,כן,פסחים,סא:,פירוש,לא,
501,תוספות שאנץ על פסחים,כן,פסחים,סא:,פירוש,לא,
502,תוספות שאנץ על פסחים,כן,פסחים,סא:,פירוש,לא,
504,תוספות שאנץ על פסחים,כן,פסחים,סב.,פירוש,לא,
505,תוספות שאנץ על פסחים,כן,פסחים,סב.,פירוש,לא,
506,תוספות שאנץ על פסחים,כן,פסחים,סב.,פירוש,לא,
507,תוספות שאנץ על פסחים,כן,פסחים,סב.,פירוש,לא,
509,תוספות שאנץ על פסחים,כן,פסחים,סב:,פירוש,לא,
510,תוספות שאנץ על פסחים,כן,פסחים,סב:,פירוש,לא,
511,תוספות שאנץ על פסחים,כן,פסחים,סב:,פירוש,לא,
513,תוספות שאנץ על פסחים,כן,פסחים,סג.,פירוש,לא,
514,תוספות שאנץ על פסחים,כן,פסחים,סג.,פירוש,לא,
515,תוספות שאנץ על פסחים,כן,פסחים,סג.,פירוש,לא,
516,תוספות שאנץ על פסחים,כן,פסחים,סג.,פירוש,לא,
517,תוספות שאנץ על פסחים,כן,פסחים,סג.,פירוש,לא,
518,תוספות שאנץ על פסחים,כן,פסחים,סג.,פירוש,לא,
519,תוספות שאנץ על פסחים,כן,פסחים,סג.,פירוש,לא,
521,תוספות שאנץ על פסחים,כן,פסחים,סג:,פירוש,לא,
522,תוספות שאנץ על פסחים,כן,פסחים,סג:,פירוש,לא,
523,תוספות שאנץ על פסחים,כן,פסחים,סג:,פירוש,לא,
524,תוספות שאנץ על פסחים,כן,פסחים,סג:,פירוש,לא,
525,תוספות שאנץ על פסחים,כן,פסחים,סג:,פירוש,לא,
527,תוספות שאנץ על פסחים,כן,פסחים,סד.,פירוש,לא,
528,תוספות שאנץ על פסחים,כן,פסחים,סד.,פירוש,לא,
529,תוספות שאנץ על פסחים,כן,פסחים,סד.,פירוש,לא,
530,תוספות שאנץ על פסחים,כן,פסחים,סד.,פירוש,לא,
532,תוספות שאנץ על פסחים,כן,פסחים,סד:,פירוש,לא,
533,תוספות שאנץ על פסחים,כן,פסחים,סד:,פירוש,לא,
535,תוספות שאנץ על פסחים,כן,פסחים,סה.,פירוש,לא,
536,תוספות שאנץ על פסחים,כן,פסחים,סה.,פירוש,לא,
537,תוספות שאנץ על פסחים,כן,פסחים,סה.,פירוש,לא,
539,תוספות שאנץ על פסחים,כן,פסחים,סה:,פירוש,לא,
540,תוספות שאנץ על פסחים,כן,פסחים,סה:,פירוש,לא,
542,תוספות שאנץ על פסחים,כן,פסחים,סו.,פירוש,לא,
543,תוספות שאנץ על פסחים,כן,פסחים,סו.,פירוש,לא,
544,תוספות שאנץ על פסחים,כן,פסחים,סו.,פירוש,לא,
546,תוספות שאנץ על פסחים,כן,פסחים,סו:,פירוש,לא,
547,תוספות שאנץ על פסחים,כן,פסחים,סו:,פירוש,לא,
548,תוספות שאנץ על פסחים,כן,פסחים,סו:,פירוש,לא,
549,תוספות שאנץ על פסחים,כן,פסחים,סו:,פירוש,לא,
551,תוספות שאנץ על פסחים,כן,פסחים,סז.,פירוש,לא,
552,תוספות שאנץ על פסחים,כן,פסחים,סז.,פירוש,לא,
554,תוספות שאנץ על פסחים,כן,פסחים,סז:,פירוש,לא,
555,תוספות שאנץ על פסחים,כן,פסחים,סז:,פירוש,לא,
556,תוספות שאנץ על פסחים,כן,פסחים,סז:,פירוש,לא,
557,תוספות שאנץ על פסחים,כן,פסחים,סז:,פירוש,לא,
558,תוספות שאנץ על פסחים,כן,פסחים,סז:,פירוש,לא,
560,תוספות שאנץ על פסחים,כן,פסחים,סח.,פירוש,לא,
561,תוספות שאנץ על פסחים,כן,פסחים,סח.,פירוש,לא,
563,תוספות שאנץ על פסחים,כן,פסחים,סח:,פירוש,לא,
564,תוספות שאנץ על פסחים,כן,פסחים,סח:,פירוש,לא,
565,תוספות שאנץ על פסחים,כן,פסחים,סח:,פירוש,לא,
566,תוספות שאנץ על פסחים,כן,פסחים,סח:,פירוש,לא,
568,תוספות שאנץ על פסחים,כן,פסחים,סט.,פירוש,לא,
569,תוספות שאנץ על פסחים,כן,פסחים,סט.,פירוש,לא,
570,תוספות שאנץ על פסחים,כן,פסחים,סט.,פירוש,לא,
571,תוספות שאנץ על פסחים,כן,פסחים,סט.,פירוש,לא,
572,תוספות שאנץ על פסחים,כן,פסחים,סט.,פירוש,לא,
574,תוספות שאנץ על פסחים,כן,פסחים,סט:,פירוש,לא,
575,תוספות שאנץ על פסחים,כן,פסחים,סט:,פירוש,לא,
576,תוספות שאנץ על פסחים,כן,פסחים,סט:,פירוש,לא,
578,תוספות שאנץ על פסחים,כן,פסחים,ע.,פירוש,לא,
579,תוספות שאנץ על פסחים,כן,פסחים,ע.,פירוש,לא,
581,תוספות שאנץ על פסחים,כן,פסחים,ע:,פירוש,לא,
582,תוספות שאנץ על פסחים,כן,פסחים,ע:,פירוש,לא,
583,תוספות שאנץ על פסחים,כן,פסחים,ע:,פירוש,לא,
585,תוספות שאנץ על פסחים,כן,פסחים,עא.,פירוש,לא,
586,תוספות שאנץ על פסחים,כן,פסחים,עא.,פירוש,לא,
587,תוספות שאנץ על פסחים,כן,פסחים,עא.,פירוש,לא,
588,תוספות שאנץ על פסחים,כן,פסחים,עא.,פירוש,לא,
589,תוספות שאנץ על פסחים,כן,פסחים,עא.,פירוש,לא,
591,תוספות שאנץ על פסחים,כן,פסחים,עא:,פירוש,לא,
592,תוספות שאנץ על פסחים,כן,פסחים,עא:,פירוש,לא,
593,תוספות שאנץ על פסחים,כן,פסחים,עא:,פירוש,לא,
595,תוספות שאנץ על פסחים,כן,פסחים,עב.,פירוש,לא,
596,תוספות שאנץ על פסחים,כן,פסחים,עב.,פירוש,לא,
597,תוספות שאנץ על פסחים,כן,פסחים,עב.,פירוש,לא,
598,תוספות שאנץ על פסחים,כן,פסחים,עב.,פירוש,לא,
600,תוספות שאנץ על פסחים,כן,פסחים,עב:,פירוש,לא,
601,תוספות שאנץ על פסחים,כן,פסחים,עב:,פירוש,לא,
602,תוספות שאנץ על פסחים,כן,פסחים,עב:,פירוש,לא,
604,תוספות שאנץ על פסחים,כן,פסחים,עג.,פירוש,לא,
605,תוספות שאנץ על פסחים,כן,פסחים,עג.,פירוש,לא,
606,תוספות שאנץ על פסחים,כן,פסחים,עג.,פירוש,לא,
607,תוספות שאנץ על פסחים,כן,פסחים,עג.,פירוש,לא,
608,תוספות שאנץ על פסחים,כן,פסחים,עג.,פירוש,לא,
610,תוספות שאנץ על פסחים,כן,פסחים,עג:,פירוש,לא,
611,תוספות שאנץ על פסחים,כן,פסחים,עג:,פירוש,לא,
612,תוספות שאנץ על פסחים,כן,פסחים,עג:,פירוש,לא,
614,תוספות שאנץ על פסחים,כן,פסחים,עד.,פירוש,לא,
615,תוספות שאנץ על פסחים,כן,פסחים,עד.,פירוש,לא,
616,תוספות שאנץ על פסחים,כן,פסחים,עד.,פירוש,לא,
617,תוספות שאנץ על פסחים,כן,פסחים,עד.,פירוש,לא,
619,תוספות שאנץ על פסחים,כן,פסחים,עד:,פירוש,לא,
620,תוספות שאנץ על פסחים,כן,פסחים,עד:,פירוש,לא,
621,תוספות שאנץ על פסחים,כן,פסחים,עד:,פירוש,לא,
622,תוספות שאנץ על פסחים,כן,פסחים,עד:,פירוש,לא,
623,תוספות שאנץ על פסחים,כן,פסחים,עד:,פירוש,לא,
625,תוספות שאנץ על פסחים,כן,פסחים,עה.,פירוש,לא,
626,תוספות שאנץ על פסחים,כן,פסחים,עה.,פירוש,לא,
627,תוספות שאנץ על פסחים,כן,פסחים,עה.,פירוש,לא,
629,תוספות שאנץ על פסחים,כן,פסחים,עה:,פירוש,לא,
630,תוספות שאנץ על פסחים,כן,פסחים,עה:,פירוש,לא,
631,תוספות שאנץ על פסחים,כן,פסחים,עה:,פירוש,לא,
632,תוספות שאנץ על פסחים,כן,פסחים,עה:,פירוש,לא,
634,תוספות שאנץ על פסחים,כן,פסחים,עו.,פירוש,לא,
635,תוספות שאנץ על פסחים,כן,פסחים,עו.,פירוש,לא,
636,תוספות שאנץ על פסחים,כן,פסחים,עו.,פירוש,לא,
637,תוספות שאנץ על פסחים,כן,פסחים,עו.,פירוש,לא,
639,תוספות שאנץ על פסחים,כן,פסחים,עו:,פירוש,לא,
640,תוספות שאנץ על פסחים,כן,פסחים,עו:,פירוש,לא,
641,תוספות שאנץ על פסחים,כן,פסחים,עו:,פירוש,לא,
643,תוספות שאנץ על פסחים,כן,פסחים,עז.,פירוש,לא,
644,תוספות שאנץ על פסחים,כן,פסחים,עז.,פירוש,לא,
645,תוספות שאנץ על פסחים,כן,פסחים,עז.,פירוש,לא,
646,תוספות שאנץ על פסחים,כן,פסחים,עז.,פירוש,לא,
647,תוספות שאנץ על פסחים,כן,פסחים,עז.,פירוש,לא,
649,תוספות שאנץ על פסחים,כן,פסחים,עז:,פירוש,לא,
650,תוספות שאנץ על פסחים,כן,פסחים,עז:,פירוש,לא,
652,תוספות שאנץ על פסחים,כן,פסחים,עח.,פירוש,לא,
653,תוספות שאנץ על פסחים,כן,פסחים,עח.,פירוש,לא,
655,תוספות שאנץ על פסחים,כן,פסחים,עח:,פירוש,לא,
656,תוספות שאנץ על פסחים,כן,פסחים,עח:,פירוש,לא,
657,תוספות שאנץ על פסחים,כן,פסחים,עח:,פירוש,לא,
658,תוספות שאנץ על פסחים,כן,פסחים,עח:,פירוש,לא,
659,תוספות שאנץ על פסחים,כן,פסחים,עח:,פירוש,לא,
661,תוספות שאנץ על פסחים,כן,פסחים,עט.,פירוש,לא,
662,תוספות שאנץ על פסחים,כן,פסחים,עט.,פירוש,לא,
664,תוספות שאנץ על פסחים,כן,פסחים,עט:,פירוש,לא,
665,תוספות שאנץ על פסחים,כן,פסחים,עט:,פירוש,לא,
666,תוספות שאנץ על פסחים,כן,פסחים,עט:,פירוש,לא,
668,תוספות שאנץ על פסחים,כן,פסחים,פ.,פירוש,לא,
669,תוספות שאנץ על פסחים,כן,פסחים,פ.,פירוש,לא,
670,תוספות שאנץ על פסחים,כן,פסחים,פ.,פירוש,לא,
671,תוספות שאנץ על פסחים,כן,פסחים,פ.,פירוש,לא,
673,תוספות שאנץ על פסחים,כן,פסחים,פ:,פירוש,לא,
674,תוספות שאנץ על פסחים,כן,פסחים,פ:,פירוש,לא,
675,תוספות שאנץ על פסחים,כן,פסחים,פ:,פירוש,לא,
676,תוספות שאנץ על פסחים,כן,פסחים,פ:,פירוש,לא,
678,תוספות שאנץ על פסחים,כן,פסחים,פא.,פירוש,לא,
679,תוספות שאנץ על פסחים,כן,פסחים,פא.,פירוש,לא,
680,תוספות שאנץ על פסחים,כן,פסחים,פא.,פירוש,לא,
682,תוספות שאנץ על פסחים,כן,פסחים,פא:,פירוש,לא,
683,תוספות שאנץ על פסחים,כן,פסחים,פא:,פירוש,לא,
684,תוספות שאנץ על פסחים,כן,פסחים,פא:,פירוש,לא,
685,תוספות שאנץ על פסחים,כן,פסחים,פא:,פירוש,לא,
687,תוספות שאנץ על פסחים,כן,פסחים,פב.,פירוש,לא,
688,תוספות שאנץ על פסחים,כן,פסחים,פב.,פירוש,לא,
689,תוספות שאנץ על פסחים,כן,פסחים,פב.,פירוש,לא,
690,תוספות שאנץ על פסחים,כן,פסחים,פב.,פירוש,לא,
692,תוספות שאנץ על פסחים,כן,פסחים,פב:,פירוש,לא,
693,תוספות שאנץ על פסחים,כן,פסחים,פב:,פירוש,לא,
694,תוספות שאנץ על פסחים,כן,פסחים,פב:,פירוש,לא,
695,תוספות שאנץ על פסחים,כן,פסחים,פב:,פירוש,לא,
697,תוספות שאנץ על פסחים,כן,פסחים,פג.,פירוש,לא,
698,תוספות שאנץ על פסחים,כן,פסחים,פג.,פירוש,לא,
699,תוספות שאנץ על פסחים,כן,פסחים,פג.,פירוש,לא,
701,תוספות שאנץ על פסחים,כן,פסחים,פג:,פירוש,לא,
702,תוספות שאנץ על פסחים,כן,פסחים,פג:,פירוש,לא,
703,תוספות שאנץ על פסחים,כן,פסחים,פג:,פירוש,לא,
705,תוספות שאנץ על פסחים,כן,פסחים,פד.,פירוש,לא,
706,תוספות שאנץ על פסחים,כן,פסחים,פד.,פירוש,לא,
707,תוספות שאנץ על פסחים,כן,פסחים,פד.,פירוש,לא,
708,תוספות שאנץ על פסחים,כן,פסחים,פד.,פירוש,לא,
710,תוספות שאנץ על פסחים,כן,פסחים,פד:,פירוש,לא,
711,תוספות שאנץ על פסחים,כן,פסחים,פד:,פירוש,לא,
712,תוספות שאנץ על פסחים,כן,פסחים,פד:,פירוש,לא,
714,תוספות שאנץ על פסחים,כן,פסחים,פה.,פירוש,לא,
715,תוספות שאנץ על פסחים,כן,פסחים,פה.,פירוש,לא,
716,תוספות שאנץ על פסחים,כן,פסחים,פה.,פירוש,לא,
717,תוספות שאנץ על פסחים,כן,פסחים,פה.,פירוש,לא,
718,תוספות שאנץ על פסחים,כן,פסחים,פה.,פירוש,לא,
719,תוספות שאנץ על פסחים,כן,פסחים,פה.,פירוש,לא,
721,תוספות שאנץ על פסחים,כן,פסחים,פה:,פירוש,לא,
722,תוספות שאנץ על פסחים,כן,פסחים,פה:,פירוש,לא,
723,תוספות שאנץ על פסחים,כן,פסחים,פה:,פירוש,לא,
724,תוספות שאנץ על פסחים,כן,פסחים,פה:,פירוש,לא,
725,תוספות שאנץ על פסחים,כן,פסחים,פה:,פירוש,לא,
727,תוספות שאנץ על פסחים,כן,פסחים,פו.,פירוש,לא,
728,תוספות שאנץ על פסחים,כן,פסחים,פו.,פירוש,לא,
730,תוספות שאנץ על פסחים,כן,פסחים,פו:,פירוש,לא,
731,תוספות שאנץ על פסחים,כן,פסחים,פו:,פירוש,לא,
732,תוספות שאנץ על פסחים,כן,פסחים,פו:,פירוש,לא,
733,תוספות שאנץ על פסחים,כן,פסחים,פו:,פירוש,לא,
735,תוספות שאנץ על פסחים,כן,פסחים,פז.,פירוש,לא,
736,תוספות שאנץ על פסחים,כן,פסחים,פז.,פירוש,לא,
737,תוספות שאנץ על פסחים,כן,פסחים,פז.,פירוש,לא,
739,תוספות שאנץ על פסחים,כן,פסחים,פז:,פירוש,לא,
741,תוספות שאנץ על פסחים,כן,פסחים,פח.,פירוש,לא,
742,תוספות שאנץ על פסחים,כן,פסחים,פח.,פירוש,לא,
743,תוספות שאנץ על פסחים,כן,פסחים,פח.,פירוש,לא,
744,תוספות שאנץ על פסחים,כן,פסחים,פח.,פירוש,לא,
746,תוספות שאנץ על פסחים,כן,פסחים,פח:,פירוש,לא,
747,תוספות שאנץ על פסחים,כן,פסחים,פח:,פירוש,לא,
748,תוספות שאנץ על פסחים,כן,פסחים,פח:,פירוש,לא,
749,תוספות שאנץ על פסחים,כן,פסחים,פח:,פירוש,לא,
750,תוספות שאנץ על פסחים,כן,פסחים,פח:,פירוש,לא,
751,תוספות שאנץ על פסחים,כן,פסחים,פח:,פירוש,לא,
753,תוספות שאנץ על פסחים,כן,פסחים,פט.,פירוש,לא,
754,תוספות שאנץ על פסחים,כן,פסחים,פט.,פירוש,לא,
755,תוספות שאנץ על פסחים,כן,פסחים,פט.,פירוש,לא,
756,תוספות שאנץ על פסחים,כן,פסחים,פט.,פירוש,לא,
757,תוספות שאנץ על פסחים,כן,פסחים,פט.,פירוש,לא,
758,תוספות שאנץ על פסחים,כן,פסחים,פט.,פירוש,לא,
760,תוספות שאנץ על פסחים,כן,פסחים,פט:,פירוש,לא,
761,תוספות שאנץ על פסחים,כן,פסחים,פט:,פירוש,לא,
762,תוספות שאנץ על פסחים,כן,פסחים,פט:,פירוש,לא,
763,תוספות שאנץ על פסחים,כן,פסחים,פט:,פירוש,לא,
765,תוספות שאנץ על פסחים,כן,פסחים,צ.,פירוש,לא,
767,תוספות שאנץ על פסחים,כן,פסחים,צ:,פירוש,לא,
768,תוספות שאנץ על פסחים,כן,פסחים,צ:,פירוש,לא,
769,תוספות שאנץ על פסחים,כן,פסחים,צ:,פירוש,לא,
770,תוספות שאנץ על פסחים,כן,פסחים,צ:,פירוש,לא,
771,תוספות שאנץ על פסחים,כן,פסחים,צ:,פירוש,לא,
772,תוספות שאנץ על פסחים,כן,פסחים,צ:,פירוש,לא,
774,תוספות שאנץ על פסחים,כן,פסחים,צא.,פירוש,לא,
775,תוספות שאנץ על פסחים,כן,פסחים,צא.,פירוש,לא,
776,תוספות שאנץ על פסחים,כן,פסחים,צא.,פירוש,לא,
777,תוספות שאנץ על פסחים,כן,פסחים,צא.,פירוש,לא,
778,תוספות שאנץ על פסחים,כן,פסחים,צא.,פירוש,לא,
780,תוספות שאנץ על פסחים,כן,פסחים,צא:,פירוש,לא,
781,תוספות שאנץ על פסחים,כן,פסחים,צא:,פירוש,לא,
782,תוספות שאנץ על פסחים,כן,פסחים,צא:,פירוש,לא,
783,תוספות שאנץ על פסחים,כן,פסחים,צא:,פירוש,לא,
784,תוספות שאנץ על פסחים,כן,פסחים,צא:,פירוש,לא,
785,תוספות שאנץ על פסחים,כן,פסחים,צא:,פירוש,לא,
786,תוספות שאנץ על פסחים,כן,פסחים,צא:,פירוש,לא,
788,תוספות שאנץ על פסחים,כן,פסחים,צב.,פירוש,לא,
789,תוספות שאנץ על פסחים,כן,פסחים,צב.,פירוש,לא,
790,תוספות שאנץ על פסחים,כן,פסחים,צב.,פירוש,לא,
791,תוספות שאנץ על פסחים,כן,פסחים,צב.,פירוש,לא,
792,תוספות שאנץ על פסחים,כן,פסחים,צב.,פירוש,לא,
793,תוספות שאנץ על פסחים,כן,פסחים,צב.,פירוש,לא,
794,תוספות שאנץ על פסחים,כן,פסחים,צב.,פירוש,לא,
796,תוספות שאנץ על פסחים,כן,פסחים,צב:,פירוש,לא,
797,תוספות שאנץ על פסחים,כן,פסחים,צב:,פירוש,לא,
798,תוספות שאנץ על פסחים,כן,פסחים,צב:,פירוש,לא,
799,תוספות שאנץ על פסחים,כן,פסחים,צב:,פירוש,לא,
800,תוספות שאנץ על פסחים,כן,פסחים,צב:,פירוש,לא,
802,תוספות שאנץ על פסחים,כן,פסחים,צג.,פירוש,לא,
803,תוספות שאנץ על פסחים,כן,פסחים,צג.,פירוש,לא,
804,תוספות שאנץ על פסחים,כן,פסחים,צג.,פירוש,לא,
805,תוספות שאנץ על פסחים,כן,פסחים,צג.,פירוש,לא,
807,תוספות שאנץ על פסחים,כן,פסחים,צג:,פירוש,לא,
808,תוספות שאנץ על פסחים,כן,פסחים,צג:,פירוש,לא,
809,תוספות שאנץ על פסחים,כן,פסחים,צג:,פירוש,לא,
810,תוספות שאנץ על פסחים,כן,פסחים,צג:,פירוש,לא,
811,תוספות שאנץ על פסחים,כן,פסחים,צג:,פירוש,לא,
813,תוספות שאנץ על פסחים,כן,פסחים,צד.,פירוש,לא,
814,תוספות שאנץ על פסחים,כן,פסחים,צד.,פירוש,לא,
815,תוספות שאנץ על פסחים,כן,פסחים,צד.,פירוש,לא,
817,תוספות שאנץ על פסחים,כן,פסחים,צד:,פירוש,לא,
818,תוספות שאנץ על פסחים,כן,פסחים,צד:,פירוש,לא,
819,תוספות שאנץ על פסחים,כן,פסחים,צד:,פירוש,לא,
820,תוספות שאנץ על פסחים,כן,פסחים,צד:,פירוש,לא,
821,תוספות שאנץ על פסחים,כן,פסחים,צד:,פירוש,לא,
823,תוספות שאנץ על פסחים,כן,פסחים,צה.,פירוש,לא,
824,תוספות שאנץ על פסחים,כן,פסחים,צה.,פירוש,לא,
825,תוספות שאנץ על פסחים,כן,פסחים,צה.,פירוש,לא,
826,תוספות שאנץ על פסחים,כן,פסחים,צה.,פירוש,לא,
828,תוספות שאנץ על פסחים,כן,פסחים,צה:,פירוש,לא,
829,תוספות שאנץ על פסחים,כן,פסחים,צה:,פירוש,לא,
831,תוספות שאנץ על פסחים,כן,פסחים,צו.,פירוש,לא,
833,תוספות שאנץ על פסחים,כן,פסחים,צט:,פירוש,לא,
834,תוספות שאנץ על פסחים,כן,פסחים,צט:,פירוש,לא,
835,תוספות שאנץ על פסחים,כן,פסחים,צט:,פירוש,לא,
836,תוספות שאנץ על פסחים,כן,פסחים,צט:,פירוש,לא,
837,תוספות שאנץ על פסחים,כן,פסחים,צט:,פירוש,לא,
838,תוספות שאנץ על פסחים,כן,פסחים,צט:,פירוש,לא,
840,תוספות שאנץ על פסחים,כן,פסחים,ק.,פירוש,לא,
841,תוספות שאנץ על פסחים,כן,פסחים,ק.,פירוש,לא,
842,תוספות שאנץ על פסחים,כן,פסחים,ק.,פירוש,לא,
843,תוספות שאנץ על פסחים,כן,פסחים,ק.,פירוש,לא,
844,תוספות שאנץ על פסחים,כן,פסחים,ק.,פירוש,לא,
845,תוספות שאנץ על פסחים,כן,פסחים,ק.,פירוש,לא,
846,תוספות שאנץ על פסחים,כן,פסחים,ק.,פירוש,לא,
848,תוספות שאנץ על פסחים,כן,פסחים,ק:,פירוש,לא,
849,תוספות שאנץ על פסחים,כן,פסחים,ק:,פירוש,לא,
850,תוספות שאנץ על פסחים,כן,פסחים,ק:,פירוש,לא,
851,תוספות שאנץ על פסחים,כן,פסחים,ק:,פירוש,לא,
853,תוספות שאנץ על פסחים,כן,פסחים,קא:,פירוש,לא,
855,תוספות שאנץ על פסחים,כן,פסחים,קג:,פירוש,לא,
856,תוספות שאנץ על פסחים,כן,פסחים,קג:,פירוש,לא,
3,תלמידי רבנו יונה על עבודה זרה,כן,עבודה זרה,ב.,פירוש,לא,
4,תלמידי רבנו יונה על עבודה זרה,כן,עבודה זרה,ב.,פירוש,לא,
5,תלמידי רבנו יונה על עבודה זרה,כן,עבודה זרה,ב.,פירוש,לא,
6,תלמידי רבנו יונה על עבודה זרה,כן,עבודה זרה,ב.,פירוש,לא,
8,תלמידי רבנו יונה על עבודה זרה,כן,עבודה זרה,ו:,פירוש,לא,
9,תלמידי רבנו יונה על עבודה זרה,כן,עבודה זרה,ו:,פירוש,לא,
10,תלמידי רבנו יונה על עבודה זרה,כן,עבודה זרה,ו:,פירוש,לא,
11,תלמידי רבנו יונה על עבודה זרה,כן,עבודה זרה,ו:,פירוש,לא,
12,תלמידי רבנו יונה על עבודה זרה,כן,עבודה זרה,ו:,פירוש,לא,
14,תלמידי רבנו יונה על עבודה זרה,כן,עבודה זרה,ז.,פירוש,לא,
15,תלמידי רבנו יונה על עבודה זרה,כן,עבודה זרה,ז.,פירוש,לא,
16,תלמידי רבנו יונה על עבודה זרה,כן,עבודה זרה,ז.,פירוש,לא,
18,תלמידי רבנו יונה על עבודה זרה,כן,עבודה זרה,ז:,פירוש,לא,
20,תלמידי רבנו יונה על עבודה זרה,כן,עבודה זרה,ח.,פירוש,לא,
21,תלמידי רבנו יונה על עבודה זרה,כן,עבודה זרה,ח.,פירוש,לא,
22,תלמידי רבנו יונה על עבודה זרה,כן,עבודה זרה,ח.,פירוש,לא,
24,תלמידי רבנו יונה על עבודה זרה,כן,עבודה זרה,ח:,פירוש,לא,
26,תלמידי רבנו יונה על עבודה זרה,כן,עבודה זרה,יא:,פירוש,לא,
27,תלמידי רבנו יונה על עבודה זרה,כן,עבודה זרה,יא:,פירוש,לא,
29,תלמידי רבנו יונה על עבודה זרה,כן,עבודה זרה,יב.,פירוש,לא,
31,תלמידי רבנו יונה על עבודה זרה,כן,עבודה זרה,יב:,פירוש,לא,
33,תלמידי רבנו יונה על עבודה זרה,כן,עבודה זרה,יג.,פירוש,לא,
34,תלמידי רבנו יונה על עבודה זרה,כן,עבודה זרה,יג.,פירוש,לא,
35,תלמידי רבנו יונה על עבודה זרה,כן,עבודה זרה,יג.,פירוש,לא,
36,תלמידי רבנו יונה על עבודה זרה,כן,עבודה זרה,יג.,פירוש,לא,
37,תלמידי רבנו יונה על עבודה זרה,כן,עבודה זרה,יג.,פירוש,לא,
38,תלמידי רבנו יונה על עבודה זרה,כן,עבודה זרה,יג.,פירוש,לא,
39,תלמידי רבנו יונה על עבודה זרה,כן,עבודה זרה,יג.,פירוש,לא,
41,תלמידי רבנו יונה על עבודה זרה,כן,עבודה זרה,יג:,פירוש,לא,
42,תלמידי רבנו יונה על עבודה זרה,כן,עבודה זרה,יג:,פירוש,לא,
44,תלמידי רבנו יונה על עבודה זרה,כן,עבודה זרה,יד.,פירוש,לא,
46,תלמידי רבנו יונה על עבודה זרה,כן,עבודה זרה,יד:,פירוש,לא,
48,תלמידי רבנו יונה על עבודה זרה,כן,עבודה זרה,טו.,פירוש,לא,
49,תלמידי רבנו יונה על עבודה זרה,כן,עבודה זרה,טו.,פירוש,לא,
50,תלמידי רבנו יונה על עבודה זרה,כן,עבודה זרה,טו.,פירוש,לא,
52,תלמידי רבנו יונה על עבודה זרה,כן,עבודה זרה,טו:,פירוש,לא,
53,תלמידי רבנו יונה על עבודה זרה,כן,עבודה זרה,טו:,פירוש,לא,
54,תלמידי רבנו יונה על עבודה זרה,כן,עבודה זרה,טו:,פירוש,לא,
56,תלמידי רבנו יונה על עבודה זרה,כן,עבודה זרה,טז.,פירוש,לא,
57,תלמידי רבנו יונה על עבודה זרה,כן,עבודה זרה,טז.,פירוש,לא,
58,תלמידי רבנו יונה על עבודה זרה,כן,עבודה זרה,טז.,פירוש,לא,
60,תלמידי רבנו יונה על עבודה זרה,כן,עבודה זרה,יח:,פירוש,לא,
62,תלמידי רבנו יונה על עבודה זרה,כן,עבודה זרה,יט.,פירוש,לא,
64,תלמידי רבנו יונה על עבודה זרה,כן,עבודה זרה,יט:,פירוש,לא,
65,תלמידי רבנו יונה על עבודה זרה,כן,עבודה זרה,יט:,פירוש,לא,
67,תלמידי רבנו יונה על עבודה זרה,כן,עבודה זרה,כ.,פירוש,לא,
69,תלמידי רבנו יונה על עבודה זרה,כן,עבודה זרה,כ:,פירוש,לא,
70,תלמידי רבנו יונה על עבודה זרה,כן,עבודה זרה,כ:,פירוש,לא,
71,תלמידי רבנו יונה על עבודה זרה,כן,עבודה זרה,כ:,פירוש,לא,
72,תלמידי רבנו יונה על עבודה זרה,כן,עבודה זרה,כ:,פירוש,לא,
74,תלמידי רבנו יונה על עבודה זרה,כן,עבודה זרה,כא.,פירוש,לא,
75,תלמידי רבנו יונה על עבודה זרה,כן,עבודה זרה,כא.,פירוש,לא,
76,תלמידי רבנו יונה על עבודה זרה,כן,עבודה זרה,כא.,פירוש,לא,
78,תלמידי רבנו יונה על עבודה זרה,כן,עבודה זרה,כא:,פירוש,לא,
79,תלמידי רבנו יונה על עבודה זרה,כן,עבודה זרה,כא:,פירוש,לא,
81,תלמידי רבנו יונה על עבודה זרה,כן,עבודה זרה,כב.,פירוש,לא,
82,תלמידי רבנו יונה על עבודה זרה,כן,עבודה זרה,כב.,פירוש,לא,
83,תלמידי רבנו יונה על עבודה זרה,כן,עבודה זרה,כב.,פירוש,לא,
85,תלמידי רבנו יונה על עבודה זרה,כן,עבודה זרה,כב:,פירוש,לא,
87,תלמידי רבנו יונה על עבודה זרה,כן,עבודה זרה,כה.,פירוש,לא,
89,תלמידי רבנו יונה על עבודה זרה,כן,עבודה זרה,כה:,פירוש,לא,
90,תלמידי רבנו יונה על עבודה זרה,כן,עבודה זרה,כה:,פירוש,לא,
92,תלמידי רבנו יונה על עבודה זרה,כן,עבודה זרה,כו.,פירוש,לא,
93,תלמידי רבנו יונה על עבודה זרה,כן,עבודה זרה,כו.,פירוש,לא,
94,תלמידי רבנו יונה על עבודה זרה,כן,עבודה זרה,כו.,פירוש,לא,
95,תלמידי רבנו יונה על עבודה זרה,כן,עבודה זרה,כו.,פירוש,לא,
97,תלמידי רבנו יונה על עבודה זרה,כן,עבודה זרה,כו:,פירוש,לא,
98,תלמידי רבנו יונה על עבודה זרה,כן,עבודה זרה,כו:,פירוש,לא,
99,תלמידי רבנו יונה על עבודה זרה,כן,עבודה זרה,כו:,פירוש,לא,
100,תלמידי רבנו יונה על עבודה זרה,כן,עבודה זרה,כו:,פירוש,לא,
102,תלמידי רבנו יונה על עבודה זרה,כן,עבודה זרה,כז.,פירוש,לא,
103,תלמידי רבנו יונה על עבודה זרה,כן,עבודה זרה,כז.,פירוש,לא,
104,תלמידי רבנו יונה על עבודה זרה,כן,עבודה זרה,כז.,פירוש,לא,
105,תלמידי רבנו יונה על עבודה זרה,כן,עבודה זרה,כז.,פירוש,לא,
107,תלמידי רבנו יונה על עבודה זרה,כן,עבודה זרה,כז:,פירוש,לא,
109,תלמידי רבנו יונה על עבודה זרה,כן,עבודה זרה,כח.,פירוש,לא,
111,תלמידי רבנו יונה על עבודה זרה,כן,עבודה זרה,כט.,פירוש,לא,
113,תלמידי רבנו יונה על עבודה זרה,כן,עבודה זרה,כט:,פירוש,לא,
114,תלמידי רבנו יונה על עבודה זרה,כן,עבודה זרה,כט:,פירוש,לא,
115,תלמידי רבנו יונה על עבודה זרה,כן,עבודה זרה,כט:,פירוש,לא,
116,תלמידי רבנו יונה על עבודה זרה,כן,עבודה זרה,כט:,פירוש,לא,
117,תלמידי רבנו יונה על עבודה זרה,כן,עבודה זרה,כט:,פירוש,לא,
118,תלמידי רבנו יונה על עבודה זרה,כן,עבודה זרה,כט:,פירוש,לא,
119,תלמידי רבנו יונה על עבודה זרה,כן,עבודה זרה,כט:,פירוש,לא,
120,תלמידי רבנו יונה על עבודה זרה,כן,עבודה זרה,כט:,פירוש,לא,
122,תלמידי רבנו יונה על עבודה זרה,כן,עבודה זרה,ל.,פירוש,לא,
123,תלמידי רבנו יונה על עבודה זרה,כן,עבודה זרה,ל.,פירוש,לא,
124,תלמידי רבנו יונה על עבודה זרה,כן,עבודה זרה,ל.,פירוש,לא,
125,תלמידי רבנו יונה על עבודה זרה,כן,עבודה זרה,ל.,פירוש,לא,
126,תלמידי רבנו יונה על עבודה זרה,כן,עבודה זרה,ל.,פירוש,לא,
128,תלמידי רבנו יונה על עבודה זרה,כן,עבודה זרה,ל:,פירוש,לא,
129,תלמידי רבנו יונה על עבודה זרה,כן,עבודה זרה,ל:,פירוש,לא,
130,תלמידי רבנו יונה על עבודה זרה,כן,עבודה זרה,ל:,פירוש,לא,
131,תלמידי רבנו יונה על עבודה זרה,כן,עבודה זרה,ל:,פירוש,לא,
132,תלמידי רבנו יונה על עבודה זרה,כן,עבודה זרה,ל:,פירוש,לא,
133,תלמידי רבנו יונה על עבודה זרה,כן,עבודה זרה,ל:,פירוש,לא,
135,תלמידי רבנו יונה על עבודה זרה,כן,עבודה זרה,לא.,פירוש,לא,
136,תלמידי רבנו יונה על עבודה זרה,כן,עבודה זרה,לא.,פירוש,לא,
137,תלמידי רבנו יונה על עבודה זרה,כן,עבודה זרה,לא.,פירוש,לא,
138,תלמידי רבנו יונה על עבודה זרה,כן,עבודה זרה,לא.,פירוש,לא,
139,תלמידי רבנו יונה על עבודה זרה,כן,עבודה זרה,לא.,פירוש,לא,
140,תלמידי רבנו יונה על עבודה זרה,כן,עבודה זרה,לא.,פירוש,לא,
142,תלמידי רבנו יונה על עבודה זרה,כן,עבודה זרה,לא:,פירוש,לא,
143,תלמידי רבנו יונה על עבודה זרה,כן,עבודה זרה,לא:,פירוש,לא,
145,תלמידי רבנו יונה על עבודה זרה,כן,עבודה זרה,לב.,פירוש,לא,
146,תלמידי רבנו יונה על עבודה זרה,כן,עבודה זרה,לב.,פירוש,לא,
148,תלמידי רבנו יונה על עבודה זרה,כן,עבודה זרה,לב:,פירוש,לא,
150,תלמידי רבנו יונה על עבודה זרה,כן,עבודה זרה,לג.,פירוש,לא,
151,תלמידי רבנו יונה על עבודה זרה,כן,עבודה זרה,לג.,פירוש,לא,
152,תלמידי רבנו יונה על עבודה זרה,כן,עבודה זרה,לג.,פירוש,לא,
154,תלמידי רבנו יונה על עבודה זרה,כן,עבודה זרה,לג:,פירוש,לא,
155,תלמידי רבנו יונה על עבודה זרה,כן,עבודה זרה,לג:,פירוש,לא,
156,תלמידי רבנו יונה על עבודה זרה,כן,עבודה זרה,לג:,פירוש,לא,
158,תלמידי רבנו יונה על עבודה זרה,כן,עבודה זרה,לד.,פירוש,לא,
159,תלמידי רבנו יונה על עבודה זרה,כן,עבודה זרה,לד.,פירוש,לא,
160,תלמידי רבנו יונה על עבודה זרה,כן,עבודה זרה,לד.,פירוש,לא,
161,תלמידי רבנו יונה על עבודה זרה,כן,עבודה זרה,לד.,פירוש,לא,
163,תלמידי רבנו יונה על עבודה זרה,כן,עבודה זרה,לד:,פירוש,לא,
164,תלמידי רבנו יונה על עבודה זרה,כן,עבודה זרה,לד:,פירוש,לא,
166,תלמידי רבנו יונה על עבודה זרה,כן,עבודה זרה,לה.,פירוש,לא,
168,תלמידי רבנו יונה על עבודה זרה,כן,עבודה זרה,לה:,פירוש,לא,
169,תלמידי רבנו יונה על עבודה זרה,כן,עבודה זרה,לה:,פירוש,לא,
170,תלמידי רבנו יונה על עבודה זרה,כן,עבודה זרה,לה:,פירוש,לא,
171,תלמידי רבנו יונה על עבודה זרה,כן,עבודה זרה,לה:,פירוש,לא,
172,תלמידי רבנו יונה על עבודה זרה,כן,עבודה זרה,לה:,פירוש,לא,
173,תלמידי רבנו יונה על עבודה זרה,כן,עבודה זרה,לה:,פירוש,לא,
175,תלמידי רבנו יונה על עבודה זרה,כן,עבודה זרה,לח.,פירוש,לא,
176,תלמידי רבנו יונה על עבודה זרה,כן,עבודה זרה,לח.,פירוש,לא,
177,תלמידי רבנו יונה על עבודה זרה,כן,עבודה זרה,לח.,פירוש,לא,
178,תלמידי רבנו יונה על עבודה זרה,כן,עבודה זרה,לח.,פירוש,לא,
180,תלמידי רבנו יונה על עבודה זרה,כן,עבודה זרה,לח:,פירוש,לא,
181,תלמידי רבנו יונה על עבודה זרה,כן,עבודה זרה,לח:,פירוש,לא,
182,תלמידי רבנו יונה על עבודה זרה,כן,עבודה זרה,לח:,פירוש,לא,
184,תלמידי רבנו יונה על עבודה זרה,כן,עבודה זרה,לט.,פירוש,לא,
185,תלמידי רבנו יונה על עבודה זרה,כן,עבודה זרה,לט.,פירוש,לא,
186,תלמידי רבנו יונה על עבודה זרה,כן,עבודה זרה,לט.,פירוש,לא,
187,תלמידי רבנו יונה על עבודה זרה,כן,עבודה זרה,לט.,פירוש,לא,
188,תלמידי רבנו יונה על עבודה זרה,כן,עבודה זרה,לט.,פירוש,לא,
190,תלמידי רבנו יונה על עבודה זרה,כן,עבודה זרה,לט:,פירוש,לא,
191,תלמידי רבנו יונה על עבודה זרה,כן,עבודה זרה,לט:,פירוש,לא,
192,תלמידי רבנו יונה על עבודה זרה,כן,עבודה זרה,לט:,פירוש,לא,
193,תלמידי רבנו יונה על עבודה זרה,כן,עבודה זרה,לט:,פירוש,לא,
194,תלמידי רבנו יונה על עבודה זרה,כן,עבודה זרה,לט:,פירוש,לא,
195,תלמידי רבנו יונה על עבודה זרה,כן,עבודה זרה,לט:,פירוש,לא,
196,תלמידי רבנו יונה על עבודה זרה,כן,עבודה זרה,לט:,פירוש,לא,
198,תלמידי רבנו יונה על עבודה זרה,כן,עבודה זרה,מ.,פירוש,לא,
199,תלמידי רבנו יונה על עבודה זרה,כן,עבודה זרה,מ.,פירוש,לא,
200,תלמידי רבנו יונה על עבודה זרה,כן,עבודה זרה,מ.,פירוש,לא,
202,תלמידי רבנו יונה על עבודה זרה,כן,עבודה זרה,מ:,פירוש,לא,
203,תלמידי רבנו יונה על עבודה זרה,כן,עבודה זרה,מ:,פירוש,לא,
204,תלמידי רבנו יונה על עבודה זרה,כן,עבודה זרה,מ:,פירוש,לא,
205,תלמידי רבנו יונה על עבודה זרה,כן,עבודה זרה,מ:,פירוש,לא,
206,תלמידי רבנו יונה על עבודה זרה,כן,עבודה זרה,מ:,פירוש,לא,
207,תלמידי רבנו יונה על עבודה זרה,כן,עבודה זרה,מ:,פירוש,לא,
209,תלמידי רבנו יונה על עבודה זרה,כן,עבודה זרה,מא.,פירוש,לא,
210,תלמידי רבנו יונה על עבודה זרה,כן,עבודה זרה,מא.,פירוש,לא,
212,תלמידי רבנו יונה על עבודה זרה,כן,עבודה זרה,מא:,פירוש,לא,
213,תלמידי רבנו יונה על עבודה זרה,כן,עבודה זרה,מא:,פירוש,לא,
215,תלמידי רבנו יונה על עבודה זרה,כן,עבודה זרה,מב:,פירוש,לא,
217,תלמידי רבנו יונה על עבודה זרה,כן,עבודה זרה,מג.,פירוש,לא,
219,תלמידי רבנו יונה על עבודה זרה,כן,עבודה זרה,מג:,פירוש,לא,
220,תלמידי רבנו יונה על עבודה זרה,כן,עבודה זרה,מג:,פירוש,לא,
221,תלמידי רבנו יונה על עבודה זרה,כן,עבודה זרה,מג:,פירוש,לא,
222,תלמידי רבנו יונה על עבודה זרה,כן,עבודה זרה,מג:,פירוש,לא,
223,תלמידי רבנו יונה על עבודה זרה,כן,עבודה זרה,מג:,פירוש,לא,
224,תלמידי רבנו יונה על עבודה זרה,כן,עבודה זרה,מג:,פירוש,לא,
226,תלמידי רבנו יונה על עבודה זרה,כן,עבודה זרה,מד:,פירוש,לא,
227,תלמידי רבנו יונה על עבודה זרה,כן,עבודה זרה,מד:,פירוש,לא,
228,תלמידי רבנו יונה על עבודה זרה,כן,עבודה זרה,מד:,פירוש,לא,
229,תלמידי רבנו יונה על עבודה זרה,כן,עבודה זרה,מד:,פירוש,לא,
230,תלמידי רבנו יונה על עבודה זרה,כן,עבודה זרה,מד:,פירוש,לא,
232,תלמידי רבנו יונה על עבודה זרה,כן,עבודה זרה,מה.,פירוש,לא,
233,תלמידי רבנו יונה על עבודה זרה,כן,עבודה זרה,מה.,פירוש,לא,
234,תלמידי רבנו יונה על עבודה זרה,כן,עבודה זרה,מה.,פירוש,לא,
235,תלמידי רבנו יונה על עבודה זרה,כן,עבודה זרה,מה.,פירוש,לא,
237,תלמידי רבנו יונה על עבודה זרה,כן,עבודה זרה,מז.,פירוש,לא,
239,תלמידי רבנו יונה על עבודה זרה,כן,עבודה זרה,מז:,פירוש,לא,
240,תלמידי רבנו יונה על עבודה זרה,כן,עבודה זרה,מז:,פירוש,לא,
241,תלמידי רבנו יונה על עבודה זרה,כן,עבודה זרה,מז:,פירוש,לא,
242,תלמידי רבנו יונה על עבודה זרה,כן,עבודה זרה,מז:,פירוש,לא,
243,תלמידי רבנו יונה על עבודה זרה,כן,עבודה זרה,מז:,פירוש,לא,
244,תלמידי רבנו יונה על עבודה זרה,כן,עבודה זרה,מז:,פירוש,לא,
245,תלמידי רבנו יונה על עבודה זרה,כן,עבודה זרה,מז:,פירוש,לא,
247,תלמידי רבנו יונה על עבודה זרה,כן,עבודה זרה,מח.,פירוש,לא,
248,תלמידי רבנו יונה על עבודה זרה,כן,עבודה זרה,מח.,פירוש,לא,
249,תלמידי רבנו יונה על עבודה זרה,כן,עבודה זרה,מח.,פירוש,לא,
251,תלמידי רבנו יונה על עבודה זרה,כן,עבודה זרה,מח:,פירוש,לא,
252,תלמידי רבנו יונה על עבודה זרה,כן,עבודה זרה,מח:,פירוש,לא,
253,תלמידי רבנו יונה על עבודה זרה,כן,עבודה זרה,מח:,פירוש,לא,
254,תלמידי רבנו יונה על עבודה זרה,כן,עבודה זרה,מח:,פירוש,לא,
255,תלמידי רבנו יונה על עבודה זרה,כן,עבודה זרה,מח:,פירוש,לא,
257,תלמידי רבנו יונה על עבודה זרה,כן,עבודה זרה,מט.,פירוש,לא,
259,תלמידי רבנו יונה על עבודה זרה,כן,עבודה זרה,מט:,פירוש,לא,
260,תלמידי רבנו יונה על עבודה זרה,כן,עבודה זרה,מט:,פירוש,לא,
261,תלמידי רבנו יונה על עבודה זרה,כן,עבודה זרה,מט:,פירוש,לא,
262,תלמידי רבנו יונה על עבודה זרה,כן,עבודה זרה,מט:,פירוש,לא,
263,תלמידי רבנו יונה על עבודה זרה,כן,עבודה זרה,מט:,פירוש,לא,
264,תלמידי רבנו יונה על עבודה זרה,כן,עבודה זרה,מט:,פירוש,לא,
265,תלמידי רבנו יונה על עבודה זרה,כן,עבודה זרה,מט:,פירוש,לא,
266,תלמידי רבנו יונה על עבודה זרה,כן,עבודה זרה,מט:,פירוש,לא,
268,תלמידי רבנו יונה על עבודה זרה,כן,עבודה זרה,נא:,פירוש,לא,
269,תלמידי רבנו יונה על עבודה זרה,כן,עבודה זרה,נא:,פירוש,לא,
270,תלמידי רבנו יונה על עבודה זרה,כן,עבודה זרה,נא:,פירוש,לא,
271,תלמידי רבנו יונה על עבודה זרה,כן,עבודה זרה,נא:,פירוש,לא,
272,תלמידי רבנו יונה על עבודה זרה,כן,עבודה זרה,נא:,פירוש,לא,
273,תלמידי רבנו יונה על עבודה זרה,כן,עבודה זרה,נא:,פירוש,לא,
274,תלמידי רבנו יונה על עבודה זרה,כן,עבודה זרה,נא:,פירוש,לא,
276,תלמידי רבנו יונה על עבודה זרה,כן,עבודה זרה,נב:,פירוש,לא,
278,תלמידי רבנו יונה על עבודה זרה,כן,עבודה זרה,נג.,פירוש,לא,
279,תלמידי רבנו יונה על עבודה זרה,כן,עבודה זרה,נג.,פירוש,לא,
281,תלמידי רבנו יונה על עבודה זרה,כן,עבודה זרה,נג:,פירוש,לא,
283,תלמידי רבנו יונה על עבודה זרה,כן,עבודה זרה,נה.,פירוש,לא,
284,תלמידי רבנו יונה על עבודה זרה,כן,עבודה זרה,נה.,פירוש,לא,
285,תלמידי רבנו יונה על עבודה זרה,כן,עבודה זרה,נה.,פירוש,לא,
287,תלמידי רבנו יונה על עבודה זרה,כן,עבודה זרה,נה:,פירוש,לא,
288,תלמידי רבנו יונה על עבודה זרה,כן,עבודה זרה,נה:,פירוש,לא,
289,תלמידי רבנו יונה על עבודה זרה,כן,עבודה זרה,נה:,פירוש,לא,
291,תלמידי רבנו יונה על עבודה זרה,כן,עבודה זרה,נז.,פירוש,לא,
292,תלמידי רבנו יונה על עבודה זרה,כן,עבודה זרה,נז.,פירוש,לא,
294,תלמידי רבנו יונה על עבודה זרה,כן,עבודה זרה,נז:,פירוש,לא,
295,תלמידי רבנו יונה על עבודה זרה,כן,עבודה זרה,נז:,פירוש,לא,
296,תלמידי רבנו יונה על עבודה זרה,כן,עבודה זרה,נז:,פירוש,לא,
298,תלמידי רבנו יונה על עבודה זרה,כן,עבודה זרה,נח.,פירוש,לא,
299,תלמידי רבנו יונה על עבודה זרה,כן,עבודה זרה,נח.,פירוש,לא,
301,תלמידי רבנו יונה על עבודה זרה,כן,עבודה זרה,נח:,פירוש,לא,
303,תלמידי רבנו יונה על עבודה זרה,כן,עבודה זרה,נט.,פירוש,לא,
305,תלמידי רבנו יונה על עבודה זרה,כן,עבודה זרה,נט:,פירוש,לא,
306,תלמידי רבנו יונה על עבודה זרה,כן,עבודה זרה,נט:,פירוש,לא,
307,תלמידי רבנו יונה על עבודה זרה,כן,עבודה זרה,נט:,פירוש,לא,
308,תלמידי רבנו יונה על עבודה זרה,כן,עבודה זרה,נט:,פירוש,לא,
309,תלמידי רבנו יונה על עבודה זרה,כן,עבודה זרה,נט:,פירוש,לא,
310,תלמידי רבנו יונה על עבודה זרה,כן,עבודה זרה,נט:,פירוש,לא,
312,תלמידי רבנו יונה על עבודה זרה,כן,עבודה זרה,ס.,פירוש,לא,
313,תלמידי רבנו יונה על עבודה זרה,כן,עבודה זרה,ס.,פירוש,לא,
314,תלמידי רבנו יונה על עבודה זרה,כן,עבודה זרה,ס.,פירוש,לא,
315,תלמידי רבנו יונה על עבודה זרה,כן,עבודה זרה,ס.,פירוש,לא,
316,תלמידי רבנו יונה על עבודה זרה,כן,עבודה זרה,ס.,פירוש,לא,
318,תלמידי רבנו יונה על עבודה זרה,כן,עבודה זרה,ס:,פירוש,לא,
319,תלמידי רבנו יונה על עבודה זרה,כן,עבודה זרה,ס:,פירוש,לא,
320,תלמידי רבנו יונה על עבודה זרה,כן,עבודה זרה,ס:,פירוש,לא,
322,תלמידי רבנו יונה על עבודה זרה,כן,עבודה זרה,סא.,פירוש,לא,
323,תלמידי רבנו יונה על עבודה זרה,כן,עבודה זרה,סא.,פירוש,לא,
324,תלמידי רבנו יונה על עבודה זרה,כן,עבודה זרה,סא.,פירוש,לא,
325,תלמידי רבנו יונה על עבודה זרה,כן,עבודה זרה,סא.,פירוש,לא,
327,תלמידי רבנו יונה על עבודה זרה,כן,עבודה זרה,סא:,פירוש,לא,
328,תלמידי רבנו יונה על עבודה זרה,כן,עבודה זרה,סא:,פירוש,לא,
330,תלמידי רבנו יונה על עבודה זרה,כן,עבודה זרה,סב.,פירוש,לא,
332,תלמידי רבנו יונה על עבודה זרה,כן,עבודה זרה,סב:,פירוש,לא,
333,תלמידי רבנו יונה על עבודה זרה,כן,עבודה זרה,סב:,פירוש,לא,
335,תלמידי רבנו יונה על עבודה זרה,כן,עבודה זרה,סד.,פירוש,לא,
336,תלמידי רבנו יונה על עבודה זרה,כן,עבודה זרה,סד.,פירוש,לא,
338,תלמידי רבנו יונה על עבודה זרה,כן,עבודה זרה,סה.,פירוש,לא,
340,תלמידי רבנו יונה על עבודה זרה,כן,עבודה זרה,סה:,פירוש,לא,
342,תלמידי רבנו יונה על עבודה זרה,כן,עבודה זרה,סו.,פירוש,לא,
344,תלמידי רבנו יונה על עבודה זרה,כן,עבודה זרה,סו:,פירוש,לא,
346,תלמידי רבנו יונה על עבודה זרה,כן,עבודה זרה,סז.,פירוש,לא,
347,תלמידי רבנו יונה על עבודה זרה,כן,עבודה זרה,סז.,פירוש,לא,
349,תלמידי רבנו יונה על עבודה זרה,כן,עבודה זרה,סט.,פירוש,לא,
350,תלמידי רבנו יונה על עבודה זרה,כן,עבודה זרה,סט.,פירוש,לא,
351,תלמידי רבנו יונה על עבודה זרה,כן,עבודה זרה,סט.,פירוש,לא,
352,תלמידי רבנו יונה על עבודה זרה,כן,עבודה זרה,סט.,פירוש,לא,
353,תלמידי רבנו יונה על עבודה זרה,כן,עבודה זרה,סט.,פירוש,לא,
355,תלמידי רבנו יונה על עבודה זרה,כן,עבודה זרה,סט:,פירוש,לא,
357,תלמידי רבנו יונה על עבודה זרה,כן,עבודה זרה,ע.,פירוש,לא,
359,תלמידי רבנו יונה על עבודה זרה,כן,עבודה זרה,ע:,פירוש,לא,
360,תלמידי רבנו יונה על עבודה זרה,כן,עבודה זרה,ע:,פירוש,לא,
362,תלמידי רבנו יונה על עבודה זרה,כן,עבודה זרה,עא.,פירוש,לא,
364,תלמידי רבנו יונה על עבודה זרה,כן,עבודה זרה,עב.,פירוש,לא,
365,תלמידי רבנו יונה על עבודה זרה,כן,עבודה זרה,עב.,פירוש,לא,
366,תלמידי רבנו יונה על עבודה זרה,כן,עבודה זרה,עב.,פירוש,לא,
368,תלמידי רבנו יונה על עבודה זרה,כן,עבודה זרה,עב:,פירוש,לא,
369,תלמידי רבנו יונה על עבודה זרה,כן,עבודה זרה,עב:,פירוש,לא,
371,תלמידי רבנו יונה על עבודה זרה,כן,עבודה זרה,עג.,פירוש,לא,
373,תלמידי רבנו יונה על עבודה זרה,כן,עבודה זרה,עג:,פירוש,לא,
374,תלמידי רבנו יונה על עבודה זרה,כן,עבודה זרה,עג:,פירוש,לא,
376,תלמידי רבנו יונה על עבודה זרה,כן,עבודה זרה,עד.,פירוש,לא,
377,תלמידי רבנו יונה על עבודה זרה,כן,עבודה זרה,עד.,פירוש,לא,
378,תלמידי רבנו יונה על עבודה זרה,כן,עבודה זרה,עד.,פירוש,לא,
380,תלמידי רבנו יונה על עבודה זרה,כן,עבודה זרה,עד:,פירוש,לא,
382,תלמידי רבנו יונה על עבודה זרה,כן,עבודה זרה,עה.,פירוש,לא,
383,תלמידי רבנו יונה על עבודה זרה,כן,עבודה זרה,עה.,פירוש,לא,
385,תלמידי רבנו יונה על עבודה זרה,כן,עבודה זרה,עה:,פירוש,לא,
387,תלמידי רבנו יונה על עבודה זרה,כן,עבודה זרה,עו.,פירוש,לא,
389,תלמידי רבנו יונה על עבודה זרה,כן,עבודה זרה,עו:,פירוש,לא,
6,קונטרס הראיות לריאז מסכת בבא מציעא,כן,בבא מציעא,ו.,פירוש,לא,
7,קונטרס הראיות לריאז מסכת בבא מציעא,כן,בבא מציעא,ו.,פירוש,לא,
8,קונטרס הראיות לריאז מסכת בבא מציעא,כן,בבא מציעא,ו.,פירוש,לא,
10,קונטרס הראיות לריאז מסכת בבא מציעא,כן,בבא מציעא,ו:,פירוש,לא,
13,קונטרס הראיות לריאז מסכת בבא מציעא,כן,בבא מציעא,ז.,פירוש,לא,
15,קונטרס הראיות לריאז מסכת בבא מציעא,כן,בבא מציעא,ז.,פירוש,לא,
17,קונטרס הראיות לריאז מסכת בבא מציעא,כן,בבא מציעא,ז:,פירוש,לא,
18,קונטרס הראיות לריאז מסכת בבא מציעא,כן,בבא מציעא,ז:,פירוש,לא,
19,קונטרס הראיות לריאז מסכת בבא מציעא,כן,בבא מציעא,ז:,פירוש,לא,
21,קונטרס הראיות לריאז מסכת בבא מציעא,כן,בבא מציעא,ח.,פירוש,לא,
22,קונטרס הראיות לריאז מסכת בבא מציעא,כן,בבא מציעא,ח.,פירוש,לא,
23,קונטרס הראיות לריאז מסכת בבא מציעא,כן,בבא מציעא,ח.,פירוש,לא,
24,קונטרס הראיות לריאז מסכת בבא מציעא,כן,בבא מציעא,ח.,פירוש,לא,
26,קונטרס הראיות לריאז מסכת בבא מציעא,כן,בבא מציעא,ח:,פירוש,לא,
27,קונטרס הראיות לריאז מסכת בבא מציעא,כן,בבא מציעא,ח:,פירוש,לא,
28,קונטרס הראיות לריאז מסכת בבא מציעא,כן,בבא מציעא,ח:,פירוש,לא,
30,קונטרס הראיות לריאז מסכת בבא מציעא,כן,בבא מציעא,ח:,פירוש,לא,
31,קונטרס הראיות לריאז מסכת בבא מציעא,כן,בבא מציעא,ח:,פירוש,לא,
32,קונטרס הראיות לריאז מסכת בבא מציעא,כן,בבא מציעא,ח:,פירוש,לא,
34,קונטרס הראיות לריאז מסכת בבא מציעא,כן,בבא מציעא,ט:,פירוש,לא,
36,קונטרס הראיות לריאז מסכת בבא מציעא,כן,בבא מציעא,י.,פירוש,לא,
37,קונטרס הראיות לריאז מסכת בבא מציעא,כן,בבא מציעא,י.,פירוש,לא,
38,קונטרס הראיות לריאז מסכת בבא מציעא,כן,בבא מציעא,י.,פירוש,לא,
41,קונטרס הראיות לריאז מסכת בבא מציעא,כן,בבא מציעא,י:,פירוש,לא,
42,קונטרס הראיות לריאז מסכת בבא מציעא,כן,בבא מציעא,י:,פירוש,לא,
44,קונטרס הראיות לריאז מסכת בבא מציעא,כן,בבא מציעא,י:,פירוש,לא,
46,קונטרס הראיות לריאז מסכת בבא מציעא,כן,בבא מציעא,י:,פירוש,לא,
47,קונטרס הראיות לריאז מסכת בבא מציעא,כן,בבא מציעא,י:,פירוש,לא,
49,קונטרס הראיות לריאז מסכת בבא מציעא,כן,בבא מציעא,י:,פירוש,לא,
51,קונטרס הראיות לריאז מסכת בבא מציעא,כן,בבא מציעא,יא.,פירוש,לא,
52,קונטרס הראיות לריאז מסכת בבא מציעא,כן,בבא מציעא,יא.,פירוש,לא,
53,קונטרס הראיות לריאז מסכת בבא מציעא,כן,בבא מציעא,יא.,פירוש,לא,
54,קונטרס הראיות לריאז מסכת בבא מציעא,כן,בבא מציעא,יא.,פירוש,לא,
55,קונטרס הראיות לריאז מסכת בבא מציעא,כן,בבא מציעא,יא.,פירוש,לא,
58,קונטרס הראיות לריאז מסכת בבא מציעא,כן,בבא מציעא,יב:,פירוש,לא,
61,קונטרס הראיות לריאז מסכת בבא מציעא,כן,בבא מציעא,יג.,פירוש,לא,
63,קונטרס הראיות לריאז מסכת בבא מציעא,כן,בבא מציעא,יד.,פירוש,לא,
64,קונטרס הראיות לריאז מסכת בבא מציעא,כן,בבא מציעא,יד.,פירוש,לא,
66,קונטרס הראיות לריאז מסכת בבא מציעא,כן,בבא מציעא,יד:,פירוש,לא,
67,קונטרס הראיות לריאז מסכת בבא מציעא,כן,בבא מציעא,יד:,פירוש,לא,
68,קונטרס הראיות לריאז מסכת בבא מציעא,כן,בבא מציעא,יד:,פירוש,לא,
69,קונטרס הראיות לריאז מסכת בבא מציעא,כן,בבא מציעא,יד:,פירוש,לא,
70,קונטרס הראיות לריאז מסכת בבא מציעא,כן,בבא מציעא,יד:,פירוש,לא,
72,קונטרס הראיות לריאז מסכת בבא מציעא,כן,בבא מציעא,טו.,פירוש,לא,
73,קונטרס הראיות לריאז מסכת בבא מציעא,כן,בבא מציעא,טו.,פירוש,לא,
75,קונטרס הראיות לריאז מסכת בבא מציעא,כן,בבא מציעא,טו:,פירוש,לא,
76,קונטרס הראיות לריאז מסכת בבא מציעא,כן,בבא מציעא,טו:,פירוש,לא,
78,קונטרס הראיות לריאז מסכת בבא מציעא,כן,בבא מציעא,טו:,פירוש,לא,
80,קונטרס הראיות לריאז מסכת בבא מציעא,כן,בבא מציעא,טו:,פירוש,לא,
83,קונטרס הראיות לריאז מסכת בבא מציעא,כן,בבא מציעא,טז.,פירוש,לא,
84,קונטרס הראיות לריאז מסכת בבא מציעא,כן,בבא מציעא,טז.,פירוש,לא,
86,קונטרס הראיות לריאז מסכת בבא מציעא,כן,בבא מציעא,טז:,פירוש,לא,
87,קונטרס הראיות לריאז מסכת בבא מציעא,כן,בבא מציעא,טז:,פירוש,לא,
88,קונטרס הראיות לריאז מסכת בבא מציעא,כן,בבא מציעא,טז:,פירוש,לא,
89,קונטרס הראיות לריאז מסכת בבא מציעא,כן,בבא מציעא,טז:,פירוש,לא,
92,קונטרס הראיות לריאז מסכת בבא מציעא,כן,בבא מציעא,יז.,פירוש,לא,
94,קונטרס הראיות לריאז מסכת בבא מציעא,כן,בבא מציעא,יז.,פירוש,לא,
96,קונטרס הראיות לריאז מסכת בבא מציעא,כן,בבא מציעא,יז:,פירוש,לא,
98,קונטרס הראיות לריאז מסכת בבא מציעא,כן,בבא מציעא,יח:,פירוש,לא,
99,קונטרס הראיות לריאז מסכת בבא מציעא,כן,בבא מציעא,יח:,פירוש,לא,
100,קונטרס הראיות לריאז מסכת בבא מציעא,כן,בבא מציעא,יח:,פירוש,לא,
102,קונטרס הראיות לריאז מסכת בבא מציעא,כן,בבא מציעא,יט.,פירוש,לא,
104,קונטרס הראיות לריאז מסכת בבא מציעא,כן,בבא מציעא,יט.,פירוש,לא,
105,קונטרס הראיות לריאז מסכת בבא מציעא,כן,בבא מציעא,יט.,פירוש,לא,
106,קונטרס הראיות לריאז מסכת בבא מציעא,כן,בבא מציעא,יט.,פירוש,לא,
108,קונטרס הראיות לריאז מסכת בבא מציעא,כן,בבא מציעא,יט:,פירוש,לא,
111,קונטרס הראיות לריאז מסכת בבא מציעא,כן,בבא מציעא,כ.,פירוש,לא,
112,קונטרס הראיות לריאז מסכת בבא מציעא,כן,בבא מציעא,כ.,פירוש,לא,
113,קונטרס הראיות לריאז מסכת בבא מציעא,כן,בבא מציעא,כ.,פירוש,לא,
116,קונטרס הראיות לריאז מסכת בבא מציעא,כן,בבא מציעא,כ:,פירוש,לא,
118,קונטרס הראיות לריאז מסכת בבא מציעא,כן,בבא מציעא,כ:,פירוש,לא,
119,קונטרס הראיות לריאז מסכת בבא מציעא,כן,בבא מציעא,כ:,פירוש,לא,
120,קונטרס הראיות לריאז מסכת בבא מציעא,כן,בבא מציעא,כ:,פירוש,לא,
123,קונטרס הראיות לריאז מסכת בבא מציעא,כן,בבא מציעא,כא.,פירוש,לא,
125,קונטרס הראיות לריאז מסכת בבא מציעא,כן,בבא מציעא,כב.,פירוש,לא,
126,קונטרס הראיות לריאז מסכת בבא מציעא,כן,בבא מציעא,כב.,פירוש,לא,
128,קונטרס הראיות לריאז מסכת בבא מציעא,כן,בבא מציעא,כב:,פירוש,לא,
129,קונטרס הראיות לריאז מסכת בבא מציעא,כן,בבא מציעא,כב:,פירוש,לא,
131,קונטרס הראיות לריאז מסכת בבא מציעא,כן,בבא מציעא,כג.,פירוש,לא,
133,קונטרס הראיות לריאז מסכת בבא מציעא,כן,בבא מציעא,כג:,פירוש,לא,
135,קונטרס הראיות לריאז מסכת בבא מציעא,כן,בבא מציעא,כג:,פירוש,לא,
136,קונטרס הראיות לריאז מסכת בבא מציעא,כן,בבא מציעא,כג:,פירוש,לא,
137,קונטרס הראיות לריאז מסכת בבא מציעא,כן,בבא מציעא,כג:,פירוש,לא,
140,קונטרס הראיות לריאז מסכת בבא מציעא,כן,בבא מציעא,כד.,פירוש,לא,
141,קונטרס הראיות לריאז מסכת בבא מציעא,כן,בבא מציעא,כד.,פירוש,לא,
142,קונטרס הראיות לריאז מסכת בבא מציעא,כן,בבא מציעא,כד.,פירוש,לא,
143,קונטרס הראיות לריאז מסכת בבא מציעא,כן,בבא מציעא,כד.,פירוש,לא,
144,קונטרס הראיות לריאז מסכת בבא מציעא,כן,בבא מציעא,כד.,פירוש,לא,
146,קונטרס הראיות לריאז מסכת בבא מציעא,כן,בבא מציעא,כד:,פירוש,לא,
147,קונטרס הראיות לריאז מסכת בבא מציעא,כן,בבא מציעא,כד:,פירוש,לא,
148,קונטרס הראיות לריאז מסכת בבא מציעא,כן,בבא מציעא,כד:,פירוש,לא,
150,קונטרס הראיות לריאז מסכת בבא מציעא,כן,בבא מציעא,כד:,פירוש,לא,
153,קונטרס הראיות לריאז מסכת בבא מציעא,כן,בבא מציעא,כה.,פירוש,לא,
154,קונטרס הראיות לריאז מסכת בבא מציעא,כן,בבא מציעא,כה.,פירוש,לא,
156,קונטרס הראיות לריאז מסכת בבא מציעא,כן,בבא מציעא,כה:,פירוש,לא,
158,קונטרס הראיות לריאז מסכת בבא מציעא,כן,בבא מציעא,כה:,פירוש,לא,
159,קונטרס הראיות לריאז מסכת בבא מציעא,כן,בבא מציעא,כה:,פירוש,לא,
161,קונטרס הראיות לריאז מסכת בבא מציעא,כן,בבא מציעא,כו:,פירוש,לא,
163,קונטרס הראיות לריאז מסכת בבא מציעא,כן,בבא מציעא,כו:,פירוש,לא,
164,קונטרס הראיות לריאז מסכת בבא מציעא,כן,בבא מציעא,כו:,פירוש,לא,
166,קונטרס הראיות לריאז מסכת בבא מציעא,כן,בבא מציעא,כו:,פירוש,לא,
167,קונטרס הראיות לריאז מסכת בבא מציעא,כן,בבא מציעא,כו:,פירוש,לא,
169,קונטרס הראיות לריאז מסכת בבא מציעא,כן,בבא מציעא,כז.,פירוש,לא,
172,קונטרס הראיות לריאז מסכת בבא מציעא,כן,בבא מציעא,כח.,פירוש,לא,
173,קונטרס הראיות לריאז מסכת בבא מציעא,כן,בבא מציעא,כח.,פירוש,לא,
174,קונטרס הראיות לריאז מסכת בבא מציעא,כן,בבא מציעא,כח.,פירוש,לא,
175,קונטרס הראיות לריאז מסכת בבא מציעא,כן,בבא מציעא,כח.,פירוש,לא,
177,קונטרס הראיות לריאז מסכת בבא מציעא,כן,בבא מציעא,כח.,פירוש,לא,
179,קונטרס הראיות לריאז מסכת בבא מציעא,כן,בבא מציעא,כח:,פירוש,לא,
180,קונטרס הראיות לריאז מסכת בבא מציעא,כן,בבא מציעא,כח:,פירוש,לא,
183,קונטרס הראיות לריאז מסכת בבא מציעא,כן,בבא מציעא,כט:,פירוש,לא,
184,קונטרס הראיות לריאז מסכת בבא מציעא,כן,בבא מציעא,כט:,פירוש,לא,
187,קונטרס הראיות לריאז מסכת בבא מציעא,כן,בבא מציעא,לא.,פירוש,לא,
188,קונטרס הראיות לריאז מסכת בבא מציעא,כן,בבא מציעא,לא.,פירוש,לא,
190,קונטרס הראיות לריאז מסכת בבא מציעא,כן,בבא מציעא,לא.,פירוש,לא,
193,קונטרס הראיות לריאז מסכת בבא מציעא,כן,בבא מציעא,לב.,פירוש,לא,
195,קונטרס הראיות לריאז מסכת בבא מציעא,כן,בבא מציעא,לב.,פירוש,לא,
197,קונטרס הראיות לריאז מסכת בבא מציעא,כן,בבא מציעא,לב:,פירוש,לא,
199,קונטרס הראיות לריאז מסכת בבא מציעא,כן,בבא מציעא,לג.,פירוש,לא,
202,קונטרס הראיות לריאז מסכת בבא מציעא,כן,בבא מציעא,לג:,פירוש,לא,
203,קונטרס הראיות לריאז מסכת בבא מציעא,כן,בבא מציעא,לג:,פירוש,לא,
204,קונטרס הראיות לריאז מסכת בבא מציעא,כן,בבא מציעא,לג:,פירוש,לא,
207,קונטרס הראיות לריאז מסכת בבא מציעא,כן,בבא מציעא,לד.,פירוש,לא,
209,קונטרס הראיות לריאז מסכת בבא מציעא,כן,בבא מציעא,לד.,פירוש,לא,
211,קונטרס הראיות לריאז מסכת בבא מציעא,כן,בבא מציעא,לד.,פירוש,לא,
214,קונטרס הראיות לריאז מסכת בבא מציעא,כן,בבא מציעא,לד:,פירוש,לא,
216,קונטרס הראיות לריאז מסכת בבא מציעא,כן,בבא מציעא,לד:,פירוש,לא,
218,קונטרס הראיות לריאז מסכת בבא מציעא,כן,בבא מציעא,לה:,פירוש,לא,
220,קונטרס הראיות לריאז מסכת בבא מציעא,כן,בבא מציעא,לו.,פירוש,לא,
222,קונטרס הראיות לריאז מסכת בבא מציעא,כן,בבא מציעא,לז.,פירוש,לא,
224,קונטרס הראיות לריאז מסכת בבא מציעא,כן,בבא מציעא,לז.,פירוש,לא,
226,קונטרס הראיות לריאז מסכת בבא מציעא,כן,בבא מציעא,לז:,פירוש,לא,
227,קונטרס הראיות לריאז מסכת בבא מציעא,כן,בבא מציעא,לז:,פירוש,לא,
229,קונטרס הראיות לריאז מסכת בבא מציעא,כן,בבא מציעא,לח:,פירוש,לא,
230,קונטרס הראיות לריאז מסכת בבא מציעא,כן,בבא מציעא,לח:,פירוש,לא,
232,קונטרס הראיות לריאז מסכת בבא מציעא,כן,בבא מציעא,לח:,פירוש,לא,
235,קונטרס הראיות לריאז מסכת בבא מציעא,כן,בבא מציעא,לט.,פירוש,לא,
236,קונטרס הראיות לריאז מסכת בבא מציעא,כן,בבא מציעא,לט.,פירוש,לא,
238,קונטרס הראיות לריאז מסכת בבא מציעא,כן,בבא מציעא,לט:,פירוש,לא,
240,קונטרס הראיות לריאז מסכת בבא מציעא,כן,בבא מציעא,לט:,פירוש,לא,
242,קונטרס הראיות לריאז מסכת בבא מציעא,כן,בבא מציעא,לט:,פירוש,לא,
244,קונטרס הראיות לריאז מסכת בבא מציעא,כן,בבא מציעא,לט:,פירוש,לא,
246,קונטרס הראיות לריאז מסכת בבא מציעא,כן,בבא מציעא,לט:,פירוש,לא,
248,קונטרס הראיות לריאז מסכת בבא מציעא,כן,בבא מציעא,מא.,פירוש,לא,
249,קונטרס הראיות לריאז מסכת בבא מציעא,כן,בבא מציעא,מא.,פירוש,לא,
252,קונטרס הראיות לריאז מסכת בבא מציעא,כן,בבא מציעא,מב.,פירוש,לא,
254,קונטרס הראיות לריאז מסכת בבא מציעא,כן,בבא מציעא,מב.,פירוש,לא,
256,קונטרס הראיות לריאז מסכת בבא מציעא,כן,בבא מציעא,מב.,פירוש,לא,
257,קונטרס הראיות לריאז מסכת בבא מציעא,כן,בבא מציעא,מב.,פירוש,לא,
258,קונטרס הראיות לריאז מסכת בבא מציעא,כן,בבא מציעא,מב.,פירוש,לא,
261,קונטרס הראיות לריאז מסכת בבא מציעא,כן,בבא מציעא,מג.,פירוש,לא,
263,קונטרס הראיות לריאז מסכת בבא מציעא,כן,בבא מציעא,מג:,פירוש,לא,
265,קונטרס הראיות לריאז מסכת בבא מציעא,כן,בבא מציעא,מג:,פירוש,לא,
266,קונטרס הראיות לריאז מסכת בבא מציעא,כן,בבא מציעא,מג:,פירוש,לא,
267,קונטרס הראיות לריאז מסכת בבא מציעא,כן,בבא מציעא,מג:,פירוש,לא,
271,קונטרס הראיות לריאז מסכת בבא מציעא,כן,בבא מציעא,מד:,פירוש,לא,
272,קונטרס הראיות לריאז מסכת בבא מציעא,כן,בבא מציעא,מד:,פירוש,לא,
273,קונטרס הראיות לריאז מסכת בבא מציעא,כן,בבא מציעא,מד:,פירוש,לא,
274,קונטרס הראיות לריאז מסכת בבא מציעא,כן,בבא מציעא,מד:,פירוש,לא,
276,קונטרס הראיות לריאז מסכת בבא מציעא,כן,בבא מציעא,מה.,פירוש,לא,
277,קונטרס הראיות לריאז מסכת בבא מציעא,כן,בבא מציעא,מה.,פירוש,לא,
279,קונטרס הראיות לריאז מסכת בבא מציעא,כן,בבא מציעא,מה:,פירוש,לא,
282,קונטרס הראיות לריאז מסכת בבא מציעא,כן,בבא מציעא,מו:,פירוש,לא,
284,קונטרס הראיות לריאז מסכת בבא מציעא,כן,בבא מציעא,מו:,פירוש,לא,
286,קונטרס הראיות לריאז מסכת בבא מציעא,כן,בבא מציעא,מז.,פירוש,לא,
288,קונטרס הראיות לריאז מסכת בבא מציעא,כן,בבא מציעא,מז.,פירוש,לא,
290,קונטרס הראיות לריאז מסכת בבא מציעא,כן,בבא מציעא,מז:,פירוש,לא,
291,קונטרס הראיות לריאז מסכת בבא מציעא,כן,בבא מציעא,מז:,פירוש,לא,
292,קונטרס הראיות לריאז מסכת בבא מציעא,כן,בבא מציעא,מז:,פירוש,לא,
294,קונטרס הראיות לריאז מסכת בבא מציעא,כן,בבא מציעא,מח.,פירוש,לא,
295,קונטרס הראיות לריאז מסכת בבא מציעא,כן,בבא מציעא,מח.,פירוש,לא,
297,קונטרס הראיות לריאז מסכת בבא מציעא,כן,בבא מציעא,מח.,פירוש,לא,
300,קונטרס הראיות לריאז מסכת בבא מציעא,כן,בבא מציעא,מט.,פירוש,לא,
301,קונטרס הראיות לריאז מסכת בבא מציעא,כן,בבא מציעא,מט.,פירוש,לא,
302,קונטרס הראיות לריאז מסכת בבא מציעא,כן,בבא מציעא,מט.,פירוש,לא,
304,קונטרס הראיות לריאז מסכת בבא מציעא,כן,בבא מציעא,מט.,פירוש,לא,
306,קונטרס הראיות לריאז מסכת בבא מציעא,כן,בבא מציעא,מט:,פירוש,לא,
308,קונטרס הראיות לריאז מסכת בבא מציעא,כן,בבא מציעא,מט:,פירוש,לא,
310,קונטרס הראיות לריאז מסכת בבא מציעא,כן,בבא מציעא,נ:,פירוש,לא,
312,קונטרס הראיות לריאז מסכת בבא מציעא,כן,בבא מציעא,נ:,פירוש,לא,
314,קונטרס הראיות לריאז מסכת בבא מציעא,כן,בבא מציעא,נא:,פירוש,לא,
317,קונטרס הראיות לריאז מסכת בבא מציעא,כן,בבא מציעא,נב.,פירוש,לא,
319,קונטרס הראיות לריאז מסכת בבא מציעא,כן,בבא מציעא,נב.,פירוש,לא,
321,קונטרס הראיות לריאז מסכת בבא מציעא,כן,בבא מציעא,נב.,פירוש,לא,
323,קונטרס הראיות לריאז מסכת בבא מציעא,כן,בבא מציעא,נב.,פירוש,לא,
325,קונטרס הראיות לריאז מסכת בבא מציעא,כן,בבא מציעא,נב:,פירוש,לא,
326,קונטרס הראיות לריאז מסכת בבא מציעא,כן,בבא מציעא,נב:,פירוש,לא,
328,קונטרס הראיות לריאז מסכת בבא מציעא,כן,בבא מציעא,נג.,פירוש,לא,
330,קונטרס הראיות לריאז מסכת בבא מציעא,כן,בבא מציעא,נג:,פירוש,לא,
332,קונטרס הראיות לריאז מסכת בבא מציעא,כן,בבא מציעא,נד:,פירוש,לא,
334,קונטרס הראיות לריאז מסכת בבא מציעא,כן,בבא מציעא,נה.,פירוש,לא,
336,קונטרס הראיות לריאז מסכת בבא מציעא,כן,בבא מציעא,נה.,פירוש,לא,
338,קונטרס הראיות לריאז מסכת בבא מציעא,כן,בבא מציעא,נה:,פירוש,לא,
339,קונטרס הראיות לריאז מסכת בבא מציעא,כן,בבא מציעא,נה:,פירוש,לא,
341,קונטרס הראיות לריאז מסכת בבא מציעא,כן,בבא מציעא,נו:,פירוש,לא,
342,קונטרס הראיות לריאז מסכת בבא מציעא,כן,בבא מציעא,נו:,פירוש,לא,
343,קונטרס הראיות לריאז מסכת בבא מציעא,כן,בבא מציעא,נו:,פירוש,לא,
344,קונטרס הראיות לריאז מסכת בבא מציעא,כן,בבא מציעא,נו:,פירוש,לא,
345,קונטרס הראיות לריאז מסכת בבא מציעא,כן,בבא מציעא,נו:,פירוש,לא,
348,קונטרס הראיות לריאז מסכת בבא מציעא,כן,בבא מציעא,נט:,פירוש,לא,
350,קונטרס הראיות לריאז מסכת בבא מציעא,כן,בבא מציעא,ס.,פירוש,לא,
352,קונטרס הראיות לריאז מסכת בבא מציעא,כן,בבא מציעא,ס.,פירוש,לא,
354,קונטרס הראיות לריאז מסכת בבא מציעא,כן,בבא מציעא,ס.,פירוש,לא,
355,קונטרס הראיות לריאז מסכת בבא מציעא,כן,בבא מציעא,ס.,פירוש,לא,
358,קונטרס הראיות לריאז מסכת בבא מציעא,כן,בבא מציעא,סא:,פירוש,לא,
360,קונטרס הראיות לריאז מסכת בבא מציעא,כן,בבא מציעא,סב.,פירוש,לא,
361,קונטרס הראיות לריאז מסכת בבא מציעא,כן,בבא מציעא,סב.,פירוש,לא,
362,קונטרס הראיות לריאז מסכת בבא מציעא,כן,בבא מציעא,סב.,פירוש,לא,
365,קונטרס הראיות לריאז מסכת בבא מציעא,כן,בבא מציעא,סב:,פירוש,לא,
366,קונטרס הראיות לריאז מסכת בבא מציעא,כן,בבא מציעא,סב:,פירוש,לא,
367,קונטרס הראיות לריאז מסכת בבא מציעא,כן,בבא מציעא,סב:,פירוש,לא,
368,קונטרס הראיות לריאז מסכת בבא מציעא,כן,בבא מציעא,סב:,פירוש,לא,
370,קונטרס הראיות לריאז מסכת בבא מציעא,כן,בבא מציעא,סג:,פירוש,לא,
373,קונטרס הראיות לריאז מסכת בבא מציעא,כן,בבא מציעא,סד:,פירוש,לא,
375,קונטרס הראיות לריאז מסכת בבא מציעא,כן,בבא מציעא,סד:,פירוש,לא,
376,קונטרס הראיות לריאז מסכת בבא מציעא,כן,בבא מציעא,סד:,פירוש,לא,
378,קונטרס הראיות לריאז מסכת בבא מציעא,כן,בבא מציעא,סה.,פירוש,לא,
380,קונטרס הראיות לריאז מסכת בבא מציעא,כן,בבא מציעא,סה.,פירוש,לא,
382,קונטרס הראיות לריאז מסכת בבא מציעא,כן,בבא מציעא,סו.,פירוש,לא,
383,קונטרס הראיות לריאז מסכת בבא מציעא,כן,בבא מציעא,סו.,פירוש,לא,
385,קונטרס הראיות לריאז מסכת בבא מציעא,כן,בבא מציעא,סו:,פירוש,לא,
387,קונטרס הראיות לריאז מסכת בבא מציעא,כן,בבא מציעא,סו:,פירוש,לא,
389,קונטרס הראיות לריאז מסכת בבא מציעא,כן,בבא מציעא,סז.,פירוש,לא,
391,קונטרס הראיות לריאז מסכת בבא מציעא,כן,בבא מציעא,סז.,פירוש,לא,
393,קונטרס הראיות לריאז מסכת בבא מציעא,כן,בבא מציעא,סז.,פירוש,לא,
394,קונטרס הראיות לריאז מסכת בבא מציעא,כן,בבא מציעא,סז.,פירוש,לא,
396,קונטרס הראיות לריאז מסכת בבא מציעא,כן,בבא מציעא,סז:,פירוש,לא,
398,קונטרס הראיות לריאז מסכת בבא מציעא,כן,בבא מציעא,סז:,פירוש,לא,
400,קונטרס הראיות לריאז מסכת בבא מציעא,כן,בבא מציעא,סז:,פירוש,לא,
401,קונטרס הראיות לריאז מסכת בבא מציעא,כן,בבא מציעא,סז:,פירוש,לא,
403,קונטרס הראיות לריאז מסכת בבא מציעא,כן,בבא מציעא,סח.,פירוש,לא,
405,קונטרס הראיות לריאז מסכת בבא מציעא,כן,בבא מציעא,סח:,פירוש,לא,
406,קונטרס הראיות לריאז מסכת בבא מציעא,כן,בבא מציעא,סח:,פירוש,לא,
408,קונטרס הראיות לריאז מסכת בבא מציעא,כן,בבא מציעא,סט.,פירוש,לא,
409,קונטרס הראיות לריאז מסכת בבא מציעא,כן,בבא מציעא,סט.,פירוש,לא,
410,קונטרס הראיות לריאז מסכת בבא מציעא,כן,בבא מציעא,סט.,פירוש,לא,
412,קונטרס הראיות לריאז מסכת בבא מציעא,כן,בבא מציעא,סט:,פירוש,לא,
413,קונטרס הראיות לריאז מסכת בבא מציעא,כן,בבא מציעא,סט:,פירוש,לא,
414,קונטרס הראיות לריאז מסכת בבא מציעא,כן,בבא מציעא,סט:,פירוש,לא,
416,קונטרס הראיות לריאז מסכת בבא מציעא,כן,בבא מציעא,ע.,פירוש,לא,
418,קונטרס הראיות לריאז מסכת בבא מציעא,כן,בבא מציעא,ע.,פירוש,לא,
419,קונטרס הראיות לריאז מסכת בבא מציעא,כן,בבא מציעא,ע.,פירוש,לא,
421,קונטרס הראיות לריאז מסכת בבא מציעא,כן,בבא מציעא,ע:,פירוש,לא,
423,קונטרס הראיות לריאז מסכת בבא מציעא,כן,בבא מציעא,עא.,פירוש,לא,
425,קונטרס הראיות לריאז מסכת בבא מציעא,כן,בבא מציעא,עא.,פירוש,לא,
428,קונטרס הראיות לריאז מסכת בבא מציעא,כן,בבא מציעא,עא:,פירוש,לא,
429,קונטרס הראיות לריאז מסכת בבא מציעא,כן,בבא מציעא,עא:,פירוש,לא,
430,קונטרס הראיות לריאז מסכת בבא מציעא,כן,בבא מציעא,עא:,פירוש,לא,
431,קונטרס הראיות לריאז מסכת בבא מציעא,כן,בבא מציעא,עא:,פירוש,לא,
433,קונטרס הראיות לריאז מסכת בבא מציעא,כן,בבא מציעא,עא:,פירוש,לא,
435,קונטרס הראיות לריאז מסכת בבא מציעא,כן,בבא מציעא,עא:,פירוש,לא,
437,קונטרס הראיות לריאז מסכת בבא מציעא,כן,בבא מציעא,עב.,פירוש,לא,
438,קונטרס הראיות לריאז מסכת בבא מציעא,כן,בבא מציעא,עב.,פירוש,לא,
440,קונטרס הראיות לריאז מסכת בבא מציעא,כן,בבא מציעא,עג.,פירוש,לא,
442,קונטרס הראיות לריאז מסכת בבא מציעא,כן,בבא מציעא,עג.,פירוש,לא,
444,קונטרס הראיות לריאז מסכת בבא מציעא,כן,בבא מציעא,עג.,פירוש,לא,
446,קונטרס הראיות לריאז מסכת בבא מציעא,כן,בבא מציעא,עג:,פירוש,לא,
449,קונטרס הראיות לריאז מסכת בבא מציעא,כן,בבא מציעא,עד.,פירוש,לא,
450,קונטרס הראיות לריאז מסכת בבא מציעא,כן,בבא מציעא,עד.,פירוש,לא,
451,קונטרס הראיות לריאז מסכת בבא מציעא,כן,בבא מציעא,עד.,פירוש,לא,
452,קונטרס הראיות לריאז מסכת בבא מציעא,כן,בבא מציעא,עד.,פירוש,לא,
454,קונטרס הראיות לריאז מסכת בבא מציעא,כן,בבא מציעא,עד:,פירוש,לא,
456,קונטרס הראיות לריאז מסכת בבא מציעא,כן,בבא מציעא,עה.,פירוש,לא,
457,קונטרס הראיות לריאז מסכת בבא מציעא,כן,בבא מציעא,עה.,פירוש,לא,
458,קונטרס הראיות לריאז מסכת בבא מציעא,כן,בבא מציעא,עה.,פירוש,לא,
459,קונטרס הראיות לריאז מסכת בבא מציעא,כן,בבא מציעא,עה.,פירוש,לא,
460,קונטרס הראיות לריאז מסכת בבא מציעא,כן,בבא מציעא,עה.,פירוש,לא,
461,קונטרס הראיות לריאז מסכת בבא מציעא,כן,בבא מציעא,עה.,פירוש,לא,
464,קונטרס הראיות לריאז מסכת בבא מציעא,כן,בבא מציעא,עו.,פירוש,לא,
465,קונטרס הראיות לריאז מסכת בבא מציעא,כן,בבא מציעא,עו.,פירוש,לא,
467,קונטרס הראיות לריאז מסכת בבא מציעא,כן,בבא מציעא,עו:,פירוש,לא,
470,קונטרס הראיות לריאז מסכת בבא מציעא,כן,בבא מציעא,עז.,פירוש,לא,
472,קונטרס הראיות לריאז מסכת בבא מציעא,כן,בבא מציעא,עז:,פירוש,לא,
473,קונטרס הראיות לריאז מסכת בבא מציעא,כן,בבא מציעא,עז:,פירוש,לא,
474,קונטרס הראיות לריאז מסכת בבא מציעא,כן,בבא מציעא,עז:,פירוש,לא,
476,קונטרס הראיות לריאז מסכת בבא מציעא,כן,בבא מציעא,עח.,פירוש,לא,
477,קונטרס הראיות לריאז מסכת בבא מציעא,כן,בבא מציעא,עח.,פירוש,לא,
478,קונטרס הראיות לריאז מסכת בבא מציעא,כן,בבא מציעא,עח.,פירוש,לא,
480,קונטרס הראיות לריאז מסכת בבא מציעא,כן,בבא מציעא,עח:,פירוש,לא,
482,קונטרס הראיות לריאז מסכת בבא מציעא,כן,בבא מציעא,עט.,פירוש,לא,
483,קונטרס הראיות לריאז מסכת בבא מציעא,כן,בבא מציעא,עט.,פירוש,לא,
484,קונטרס הראיות לריאז מסכת בבא מציעא,כן,בבא מציעא,עט.,פירוש,לא,
485,קונטרס הראיות לריאז מסכת בבא מציעא,כן,בבא מציעא,עט.,פירוש,לא,
488,קונטרס הראיות לריאז מסכת בבא מציעא,כן,בבא מציעא,פא.,פירוש,לא,
491,קונטרס הראיות לריאז מסכת בבא מציעא,כן,בבא מציעא,פא:,פירוש,לא,
492,קונטרס הראיות לריאז מסכת בבא מציעא,כן,בבא מציעא,פא:,פירוש,לא,
493,קונטרס הראיות לריאז מסכת בבא מציעא,כן,בבא מציעא,פא:,פירוש,לא,
495,קונטרס הראיות לריאז מסכת בבא מציעא,כן,בבא מציעא,פג.,פירוש,לא,
496,קונטרס הראיות לריאז מסכת בבא מציעא,כן,בבא מציעא,פג.,פירוש,לא,
497,קונטרס הראיות לריאז מסכת בבא מציעא,כן,בבא מציעא,פג.,פירוש,לא,
498,קונטרס הראיות לריאז מסכת בבא מציעא,כן,בבא מציעא,פג.,פירוש,לא,
499,קונטרס הראיות לריאז מסכת בבא מציעא,כן,בבא מציעא,פג.,פירוש,לא,
500,קונטרס הראיות לריאז מסכת בבא מציעא,כן,בבא מציעא,פג.,פירוש,לא,
503,קונטרס הראיות לריאז מסכת בבא מציעא,כן,בבא מציעא,פט.,פירוש,לא,
506,קונטרס הראיות לריאז מסכת בבא מציעא,כן,בבא מציעא,פט:,פירוש,לא,
508,קונטרס הראיות לריאז מסכת בבא מציעא,כן,בבא מציעא,פט:,פירוש,לא,
511,קונטרס הראיות לריאז מסכת בבא מציעא,כן,בבא מציעא,צא.,פירוש,לא,
512,קונטרס הראיות לריאז מסכת בבא מציעא,כן,בבא מציעא,צא.,פירוש,לא,
514,קונטרס הראיות לריאז מסכת בבא מציעא,כן,בבא מציעא,צא.,פירוש,לא,
515,קונטרס הראיות לריאז מסכת בבא מציעא,כן,בבא מציעא,צא.,פירוש,לא,
517,קונטרס הראיות לריאז מסכת בבא מציעא,כן,בבא מציעא,צב.,פירוש,לא,
519,קונטרס הראיות לריאז מסכת בבא מציעא,כן,בבא מציעא,צב:,פירוש,לא,
520,קונטרס הראיות לריאז מסכת בבא מציעא,כן,בבא מציעא,צב:,פירוש,לא,
522,קונטרס הראיות לריאז מסכת בבא מציעא,כן,בבא מציעא,צג:,פירוש,לא,
523,קונטרס הראיות לריאז מסכת בבא מציעא,כן,בבא מציעא,צג:,פירוש,לא,
524,קונטרס הראיות לריאז מסכת בבא מציעא,כן,בבא מציעא,צג:,פירוש,לא,
525,קונטרס הראיות לריאז מסכת בבא מציעא,כן,בבא מציעא,צג:,פירוש,לא,
526,קונטרס הראיות לריאז מסכת בבא מציעא,כן,בבא מציעא,צג:,פירוש,לא,
530,קונטרס הראיות לריאז מסכת בבא מציעא,כן,בבא מציעא,צד:,פירוש,לא,
532,קונטרס הראיות לריאז מסכת בבא מציעא,כן,בבא מציעא,צה.,פירוש,לא,
533,קונטרס הראיות לריאז מסכת בבא מציעא,כן,בבא מציעא,צה.,פירוש,לא,
536,קונטרס הראיות לריאז מסכת בבא מציעא,כן,בבא מציעא,צו.,פירוש,לא,
537,קונטרס הראיות לריאז מסכת בבא מציעא,כן,בבא מציעא,צו.,פירוש,לא,
539,קונטרס הראיות לריאז מסכת בבא מציעא,כן,בבא מציעא,צו:,פירוש,לא,
540,קונטרס הראיות לריאז מסכת בבא מציעא,כן,בבא מציעא,צו:,פירוש,לא,
542,קונטרס הראיות לריאז מסכת בבא מציעא,כן,בבא מציעא,צז.,פירוש,לא,
544,קונטרס הראיות לריאז מסכת בבא מציעא,כן,בבא מציעא,צז.,פירוש,לא,
546,קונטרס הראיות לריאז מסכת בבא מציעא,כן,בבא מציעא,צז.,פירוש,לא,
548,קונטרס הראיות לריאז מסכת בבא מציעא,כן,בבא מציעא,צז.,פירוש,לא,
549,קונטרס הראיות לריאז מסכת בבא מציעא,כן,בבא מציעא,צז.,פירוש,לא,
551,קונטרס הראיות לריאז מסכת בבא מציעא,כן,בבא מציעא,צח.,פירוש,לא,
553,קונטרס הראיות לריאז מסכת בבא מציעא,כן,בבא מציעא,צח.,פירוש,לא,
554,קונטרס הראיות לריאז מסכת בבא מציעא,כן,בבא מציעא,צח.,פירוש,לא,
556,קונטרס הראיות לריאז מסכת בבא מציעא,כן,בבא מציעא,צט.,פירוש,לא,
557,קונטרס הראיות לריאז מסכת בבא מציעא,כן,בבא מציעא,צט.,פירוש,לא,
558,קונטרס הראיות לריאז מסכת בבא מציעא,כן,בבא מציעא,צט.,פירוש,לא,
560,קונטרס הראיות לריאז מסכת בבא מציעא,כן,בבא מציעא,ק.,פירוש,לא,
563,קונטרס הראיות לריאז מסכת בבא מציעא,כן,בבא מציעא,קא.,פירוש,לא,
565,קונטרס הראיות לריאז מסכת בבא מציעא,כן,בבא מציעא,קא.,פירוש,לא,
567,קונטרס הראיות לריאז מסכת בבא מציעא,כן,בבא מציעא,קא:,פירוש,לא,
568,קונטרס הראיות לריאז מסכת בבא מציעא,כן,בבא מציעא,קא:,פירוש,לא,
570,קונטרס הראיות לריאז מסכת בבא מציעא,כן,בבא מציעא,קא:,פירוש,לא,
571,קונטרס הראיות לריאז מסכת בבא מציעא,כן,בבא מציעא,קא:,פירוש,לא,
572,קונטרס הראיות לריאז מסכת בבא מציעא,כן,בבא מציעא,קא:,פירוש,לא,
574,קונטרס הראיות לריאז מסכת בבא מציעא,כן,בבא מציעא,קב.,פירוש,לא,
576,קונטרס הראיות לריאז מסכת בבא מציעא,כן,בבא מציעא,קג.,פירוש,לא,
577,קונטרס הראיות לריאז מסכת בבא מציעא,כן,בבא מציעא,קג.,פירוש,לא,
578,קונטרס הראיות לריאז מסכת בבא מציעא,כן,בבא מציעא,קג.,פירוש,לא,
581,קונטרס הראיות לריאז מסכת בבא מציעא,כן,בבא מציעא,קד.,פירוש,לא,
582,קונטרס הראיות לריאז מסכת בבא מציעא,כן,בבא מציעא,קד.,פירוש,לא,
584,קונטרס הראיות לריאז מסכת בבא מציעא,כן,בבא מציעא,קד:,פירוש,לא,
585,קונטרס הראיות לריאז מסכת בבא מציעא,כן,בבא מציעא,קד:,פירוש,לא,
586,קונטרס הראיות לריאז מסכת בבא מציעא,כן,בבא מציעא,קד:,פירוש,לא,
587,קונטרס הראיות לריאז מסכת בבא מציעא,כן,בבא מציעא,קד:,פירוש,לא,
588,קונטרס הראיות לריאז מסכת בבא מציעא,כן,בבא מציעא,קד:,פירוש,לא,
590,קונטרס הראיות לריאז מסכת בבא מציעא,כן,בבא מציעא,קה:,פירוש,לא,
592,קונטרס הראיות לריאז מסכת בבא מציעא,כן,בבא מציעא,קו.,פירוש,לא,
593,קונטרס הראיות לריאז מסכת בבא מציעא,כן,בבא מציעא,קו.,פירוש,לא,
594,קונטרס הראיות לריאז מסכת בבא מציעא,כן,בבא מציעא,קו.,פירוש,לא,
596,קונטרס הראיות לריאז מסכת בבא מציעא,כן,בבא מציעא,קו.,פירוש,לא,
598,קונטרס הראיות לריאז מסכת בבא מציעא,כן,בבא מציעא,קו:,פירוש,לא,
599,קונטרס הראיות לריאז מסכת בבא מציעא,כן,בבא מציעא,קו:,פירוש,לא,
602,קונטרס הראיות לריאז מסכת בבא מציעא,כן,בבא מציעא,קח.,פירוש,לא,
603,קונטרס הראיות לריאז מסכת בבא מציעא,כן,בבא מציעא,קח.,פירוש,לא,
605,קונטרס הראיות לריאז מסכת בבא מציעא,כן,בבא מציעא,קח.,פירוש,לא,
607,קונטרס הראיות לריאז מסכת בבא מציעא,כן,בבא מציעא,קח:,פירוש,לא,
608,קונטרס הראיות לריאז מסכת בבא מציעא,כן,בבא מציעא,קח:,פירוש,לא,
610,קונטרס הראיות לריאז מסכת בבא מציעא,כן,בבא מציעא,קח:,פירוש,לא,
612,קונטרס הראיות לריאז מסכת בבא מציעא,כן,בבא מציעא,קח:,פירוש,לא,
613,קונטרס הראיות לריאז מסכת בבא מציעא,כן,בבא מציעא,קח:,פירוש,לא,
614,קונטרס הראיות לריאז מסכת בבא מציעא,כן,בבא מציעא,קח:,פירוש,לא,
616,קונטרס הראיות לריאז מסכת בבא מציעא,כן,בבא מציעא,קח:,פירוש,לא,
618,קונטרס הראיות לריאז מסכת בבא מציעא,כן,בבא מציעא,קח:,פירוש,לא,
620,קונטרס הראיות לריאז מסכת בבא מציעא,כן,בבא מציעא,קח:,פירוש,לא,
622,קונטרס הראיות לריאז מסכת בבא מציעא,כן,בבא מציעא,קח:,פירוש,לא,
623,קונטרס הראיות לריאז מסכת בבא מציעא,כן,בבא מציעא,קח:,פירוש,לא,
625,קונטרס הראיות לריאז מסכת בבא מציעא,כן,בבא מציעא,קח:,פירוש,לא,
626,קונטרס הראיות לריאז מסכת בבא מציעא,כן,בבא מציעא,קח:,פירוש,לא,
627,קונטרס הראיות לריאז מסכת בבא מציעא,כן,בבא מציעא,קח:,פירוש,לא,
630,קונטרס הראיות לריאז מסכת בבא מציעא,כן,בבא מציעא,קט:,פירוש,לא,
631,קונטרס הראיות לריאז מסכת בבא מציעא,כן,בבא מציעא,קט:,פירוש,לא,
634,קונטרס הראיות לריאז מסכת בבא מציעא,כן,בבא מציעא,קי.,פירוש,לא,
635,קונטרס הראיות לריאז מסכת בבא מציעא,כן,בבא מציעא,קי.,פירוש,לא,
636,קונטרס הראיות לריאז מסכת בבא מציעא,כן,בבא מציעא,קי.,פירוש,לא,
637,קונטרס הראיות לריאז מסכת בבא מציעא,כן,בבא מציעא,קי.,פירוש,לא,
639,קונטרס הראיות לריאז מסכת בבא מציעא,כן,בבא מציעא,קי.,פירוש,לא,
640,קונטרס הראיות לריאז מסכת בבא מציעא,כן,בבא מציעא,קי.,פירוש,לא,
642,קונטרס הראיות לריאז מסכת בבא מציעא,כן,בבא מציעא,קי:,פירוש,לא,
644,קונטרס הראיות לריאז מסכת בבא מציעא,כן,בבא מציעא,קי:,פירוש,לא,
646,קונטרס הראיות לריאז מסכת בבא מציעא,כן,בבא מציעא,קיא.,פירוש,לא,
647,קונטרס הראיות לריאז מסכת בבא מציעא,כן,בבא מציעא,קיא.,פירוש,לא,
649,קונטרס הראיות לריאז מסכת בבא מציעא,כן,בבא מציעא,קיא.,פירוש,לא,
650,קונטרס הראיות לריאז מסכת בבא מציעא,כן,בבא מציעא,קיא.,פירוש,לא,
652,קונטרס הראיות לריאז מסכת בבא מציעא,כן,בבא מציעא,קיד:,פירוש,לא,
655,קונטרס הראיות לריאז מסכת בבא מציעא,כן,בבא מציעא,קטו.,פירוש,לא,
657,קונטרס הראיות לריאז מסכת בבא מציעא,כן,בבא מציעא,קטז.,פירוש,לא,
658,קונטרס הראיות לריאז מסכת בבא מציעא,כן,בבא מציעא,קטז.,פירוש,לא,
659,קונטרס הראיות לריאז מסכת בבא מציעא,כן,בבא מציעא,קטז.,פירוש,לא,
662,קונטרס הראיות לריאז מסכת בבא מציעא,כן,בבא מציעא,קטז:,פירוש,לא,
663,קונטרס הראיות לריאז מסכת בבא מציעא,כן,בבא מציעא,קטז:,פירוש,לא,
664,קונטרס הראיות לריאז מסכת בבא מציעא,כן,בבא מציעא,קטז:,פירוש,לא,
666,קונטרס הראיות לריאז מסכת בבא מציעא,כן,בבא מציעא,קיז.,פירוש,לא,
668,קונטרס הראיות לריאז מסכת בבא מציעא,כן,בבא מציעא,קיז:,פירוש,לא,
669,קונטרס הראיות לריאז מסכת בבא מציעא,כן,בבא מציעא,קיז:,פירוש,לא,
670,קונטרס הראיות לריאז מסכת בבא מציעא,כן,בבא מציעא,קיז:,פירוש,לא,
671,קונטרס הראיות לריאז מסכת בבא מציעא,כן,בבא מציעא,קיז:,פירוש,לא,
5,קונטרס הראיות לריאז מסכת מכות,כן,מכות,ז:,פירוש,לא,
6,קונטרס הראיות לריאז מסכת מכות,כן,מכות,ז:,פירוש,לא,
7,קונטרס הראיות לריאז מסכת מכות,כן,מכות,ז:,פירוש,לא,
9,קונטרס הראיות לריאז מסכת מכות,כן,מכות,ז:,פירוש,לא,
10,קונטרס הראיות לריאז מסכת מכות,כן,מכות,ז:,פירוש,לא,
12,קונטרס הראיות לריאז מסכת מכות,כן,מכות,ח:,פירוש,לא,
14,קונטרס הראיות לריאז מסכת מכות,כן,מכות,ח:,פירוש,לא,
16,קונטרס הראיות לריאז מסכת מכות,כן,מכות,ח:,פירוש,לא,
18,קונטרס הראיות לריאז מסכת מכות,כן,מכות,י:,פירוש,לא,
19,קונטרס הראיות לריאז מסכת מכות,כן,מכות,י:,פירוש,לא,
21,קונטרס הראיות לריאז מסכת מכות,כן,מכות,י:,פירוש,לא,
23,קונטרס הראיות לריאז מסכת מכות,כן,מכות,י:,פירוש,לא,
24,קונטרס הראיות לריאז מסכת מכות,כן,מכות,י:,פירוש,לא,
25,קונטרס הראיות לריאז מסכת מכות,כן,מכות,י:,פירוש,לא,
27,קונטרס הראיות לריאז מסכת מכות,כן,מכות,יב:,פירוש,לא,
28,קונטרס הראיות לריאז מסכת מכות,כן,מכות,יב:,פירוש,לא,
31,קונטרס הראיות לריאז מסכת מכות,כן,מכות,יב:,פירוש,לא,
32,קונטרס הראיות לריאז מסכת מכות,כן,מכות,יב:,פירוש,לא,
34,קונטרס הראיות לריאז מסכת מכות,כן,מכות,יד:,פירוש,לא,
36,קונטרס הראיות לריאז מסכת מכות,כן,מכות,יד:,פירוש,לא,
38,קונטרס הראיות לריאז מסכת מכות,כן,מכות,יד:,פירוש,לא,
40,קונטרס הראיות לריאז מסכת מכות,כן,מכות,יח:,פירוש,לא,
42,קונטרס הראיות לריאז מסכת מכות,כן,מכות,יח:,פירוש,לא,
43,קונטרס הראיות לריאז מסכת מכות,כן,מכות,יח:,פירוש,לא,
45,קונטרס הראיות לריאז מסכת מכות,כן,מכות,יח:,פירוש,לא,
46,קונטרס הראיות לריאז מסכת מכות,כן,מכות,יח:,פירוש,לא,
47,קונטרס הראיות לריאז מסכת מכות,כן,מכות,יח:,פירוש,לא,
49,קונטרס הראיות לריאז מסכת מכות,כן,מכות,יח:,פירוש,לא,
50,קונטרס הראיות לריאז מסכת מכות,כן,מכות,יח:,פירוש,לא,
51,קונטרס הראיות לריאז מסכת מכות,כן,מכות,יח:,פירוש,לא,
52,קונטרס הראיות לריאז מסכת מכות,כן,מכות,יח:,פירוש,לא,
5,קונטרס הראיות לריאז מסכת סנהדרין,כן,סנהדרין,יח:,פירוש,לא,
7,קונטרס הראיות לריאז מסכת סנהדרין,כן,סנהדרין,יט.,פירוש,לא,
9,קונטרס הראיות לריאז מסכת סנהדרין,כן,סנהדרין,כג.,פירוש,לא,
10,קונטרס הראיות לריאז מסכת סנהדרין,כן,סנהדרין,כג.,פירוש,לא,
11,קונטרס הראיות לריאז מסכת סנהדרין,כן,סנהדרין,כג.,פירוש,לא,
13,קונטרס הראיות לריאז מסכת סנהדרין,כן,סנהדרין,כד.,פירוש,לא,
14,קונטרס הראיות לריאז מסכת סנהדרין,כן,סנהדרין,כד.,פירוש,לא,
15,קונטרס הראיות לריאז מסכת סנהדרין,כן,סנהדרין,כד.,פירוש,לא,
17,קונטרס הראיות לריאז מסכת סנהדרין,כן,סנהדרין,כה:,פירוש,לא,
18,קונטרס הראיות לריאז מסכת סנהדרין,כן,סנהדרין,כה:,פירוש,לא,
19,קונטרס הראיות לריאז מסכת סנהדרין,כן,סנהדרין,כה:,פירוש,לא,
20,קונטרס הראיות לריאז מסכת סנהדרין,כן,סנהדרין,כה:,פירוש,לא,
21,קונטרס הראיות לריאז מסכת סנהדרין,כן,סנהדרין,כה:,פירוש,לא,
23,קונטרס הראיות לריאז מסכת סנהדרין,כן,סנהדרין,כח:,פירוש,לא,
24,קונטרס הראיות לריאז מסכת סנהדרין,כן,סנהדרין,כח:,פירוש,לא,
25,קונטרס הראיות לריאז מסכת סנהדרין,כן,סנהדרין,כח:,פירוש,לא,
26,קונטרס הראיות לריאז מסכת סנהדרין,כן,סנהדרין,כח:,פירוש,לא,
27,קונטרס הראיות לריאז מסכת סנהדרין,כן,סנהדרין,כח:,פירוש,לא,
28,קונטרס הראיות לריאז מסכת סנהדרין,כן,סנהדרין,כח:,פירוש,לא,
29,קונטרס הראיות לריאז מסכת סנהדרין,כן,סנהדרין,כח:,פירוש,לא,
30,קונטרס הראיות לריאז מסכת סנהדרין,כן,סנהדרין,כח:,פירוש,לא,
31,קונטרס הראיות לריאז מסכת סנהדרין,כן,סנהדרין,כח:,פירוש,לא,
32,קונטרס הראיות לריאז מסכת סנהדרין,כן,סנהדרין,כח:,פירוש,לא,
34,קונטרס הראיות לריאז מסכת סנהדרין,כן,סנהדרין,כט.,פירוש,לא,
36,קונטרס הראיות לריאז מסכת סנהדרין,כן,סנהדרין,כט:,פירוש,לא,
38,קונטרס הראיות לריאז מסכת סנהדרין,כן,סנהדרין,ל.,פירוש,לא,
39,קונטרס הראיות לריאז מסכת סנהדרין,כן,סנהדרין,ל.,פירוש,לא,
40,קונטרס הראיות לריאז מסכת סנהדרין,כן,סנהדרין,ל.,פירוש,לא,
41,קונטרס הראיות לריאז מסכת סנהדרין,כן,סנהדרין,ל.,פירוש,לא,
43,קונטרס הראיות לריאז מסכת סנהדרין,כן,סנהדרין,לא.,פירוש,לא,
44,קונטרס הראיות לריאז מסכת סנהדרין,כן,סנהדרין,לא.,פירוש,לא,
45,קונטרס הראיות לריאז מסכת סנהדרין,כן,סנהדרין,לא.,פירוש,לא,
46,קונטרס הראיות לריאז מסכת סנהדרין,כן,סנהדרין,לא.,פירוש,לא,
47,קונטרס הראיות לריאז מסכת סנהדרין,כן,סנהדרין,לא.,פירוש,לא,
48,קונטרס הראיות לריאז מסכת סנהדרין,כן,סנהדרין,לא.,פירוש,לא,
49,קונטרס הראיות לריאז מסכת סנהדרין,כן,סנהדרין,לא.,פירוש,לא,
50,קונטרס הראיות לריאז מסכת סנהדרין,כן,סנהדרין,לא.,פירוש,לא,
53,קונטרס הראיות לריאז מסכת סנהדרין,כן,סנהדרין,לב.,פירוש,לא,
54,קונטרס הראיות לריאז מסכת סנהדרין,כן,סנהדרין,לב.,פירוש,לא,
56,קונטרס הראיות לריאז מסכת סנהדרין,כן,סנהדרין,לג.,פירוש,לא,
57,קונטרס הראיות לריאז מסכת סנהדרין,כן,סנהדרין,לג.,פירוש,לא,
58,קונטרס הראיות לריאז מסכת סנהדרין,כן,סנהדרין,לג.,פירוש,לא,
59,קונטרס הראיות לריאז מסכת סנהדרין,כן,סנהדרין,לג.,פירוש,לא,
60,קונטרס הראיות לריאז מסכת סנהדרין,כן,סנהדרין,לג.,פירוש,לא,
61,קונטרס הראיות לריאז מסכת סנהדרין,כן,סנהדרין,לג.,פירוש,לא,
62,קונטרס הראיות לריאז מסכת סנהדרין,כן,סנהדרין,לג.,פירוש,לא,
63,קונטרס הראיות לריאז מסכת סנהדרין,כן,סנהדרין,לג.,פירוש,לא,
64,קונטרס הראיות לריאז מסכת סנהדרין,כן,סנהדרין,לג.,פירוש,לא,
65,קונטרס הראיות לריאז מסכת סנהדרין,כן,סנהדרין,לג.,פירוש,לא,
66,קונטרס הראיות לריאז מסכת סנהדרין,כן,סנהדרין,לג.,פירוש,לא,
67,קונטרס הראיות לריאז מסכת סנהדרין,כן,סנהדרין,לג.,פירוש,לא,
69,קונטרס הראיות לריאז מסכת סנהדרין,כן,סנהדרין,לג:,פירוש,לא,
70,קונטרס הראיות לריאז מסכת סנהדרין,כן,סנהדרין,לג:,פירוש,לא,
72,קונטרס הראיות לריאז מסכת סנהדרין,כן,סנהדרין,לד.,פירוש,לא,
73,קונטרס הראיות לריאז מסכת סנהדרין,כן,סנהדרין,לד.,פירוש,לא,
74,קונטרס הראיות לריאז מסכת סנהדרין,כן,סנהדרין,לד.,פירוש,לא,
75,קונטרס הראיות לריאז מסכת סנהדרין,כן,סנהדרין,לד.,פירוש,לא,
76,קונטרס הראיות לריאז מסכת סנהדרין,כן,סנהדרין,לד.,פירוש,לא,
77,קונטרס הראיות לריאז מסכת סנהדרין,כן,סנהדרין,לד.,פירוש,לא,
78,קונטרס הראיות לריאז מסכת סנהדרין,כן,סנהדרין,לד.,פירוש,לא,
79,קונטרס הראיות לריאז מסכת סנהדרין,כן,סנהדרין,לד.,פירוש,לא,
81,קונטרס הראיות לריאז מסכת סנהדרין,כן,סנהדרין,לד:,פירוש,לא,
82,קונטרס הראיות לריאז מסכת סנהדרין,כן,סנהדרין,לד:,פירוש,לא,
83,קונטרס הראיות לריאז מסכת סנהדרין,כן,סנהדרין,לד:,פירוש,לא,
84,קונטרס הראיות לריאז מסכת סנהדרין,כן,סנהדרין,לד:,פירוש,לא,
85,קונטרס הראיות לריאז מסכת סנהדרין,כן,סנהדרין,לד:,פירוש,לא,
87,קונטרס הראיות לריאז מסכת סנהדרין,כן,סנהדרין,לה.,פירוש,לא,
90,קונטרס הראיות לריאז מסכת סנהדרין,כן,סנהדרין,מ.,פירוש,לא,
91,קונטרס הראיות לריאז מסכת סנהדרין,כן,סנהדרין,מ.,פירוש,לא,
92,קונטרס הראיות לריאז מסכת סנהדרין,כן,סנהדרין,מ.,פירוש,לא,
93,קונטרס הראיות לריאז מסכת סנהדרין,כן,סנהדרין,מ.,פירוש,לא,
95,קונטרס הראיות לריאז מסכת סנהדרין,כן,סנהדרין,מא.,פירוש,לא,
96,קונטרס הראיות לריאז מסכת סנהדרין,כן,סנהדרין,מא.,פירוש,לא,
97,קונטרס הראיות לריאז מסכת סנהדרין,כן,סנהדרין,מא.,פירוש,לא,
98,קונטרס הראיות לריאז מסכת סנהדרין,כן,סנהדרין,מא.,פירוש,לא,
100,קונטרס הראיות לריאז מסכת סנהדרין,כן,סנהדרין,מב.,פירוש,לא,
103,קונטרס הראיות לריאז מסכת סנהדרין,כן,סנהדרין,מג.,פירוש,לא,
104,קונטרס הראיות לריאז מסכת סנהדרין,כן,סנהדרין,מג.,פירוש,לא,
105,קונטרס הראיות לריאז מסכת סנהדרין,כן,סנהדרין,מג.,פירוש,לא,
106,קונטרס הראיות לריאז מסכת סנהדרין,כן,סנהדרין,מג.,פירוש,לא,
108,קונטרס הראיות לריאז מסכת סנהדרין,כן,סנהדרין,מג:,פירוש,לא,
110,קונטרס הראיות לריאז מסכת סנהדרין,כן,סנהדרין,מה:,פירוש,לא,
111,קונטרס הראיות לריאז מסכת סנהדרין,כן,סנהדרין,מה:,פירוש,לא,
113,קונטרס הראיות לריאז מסכת סנהדרין,כן,סנהדרין,מז:,פירוש,לא,
114,קונטרס הראיות לריאז מסכת סנהדרין,כן,סנהדרין,מז:,פירוש,לא,
115,קונטרס הראיות לריאז מסכת סנהדרין,כן,סנהדרין,מז:,פירוש,לא,
116,קונטרס הראיות לריאז מסכת סנהדרין,כן,סנהדרין,מז:,פירוש,לא,
118,קונטרס הראיות לריאז מסכת סנהדרין,כן,סנהדרין,מח.,פירוש,לא,
120,קונטרס הראיות לריאז מסכת סנהדרין,כן,סנהדרין,מח:,פירוש,לא,
121,קונטרס הראיות לריאז מסכת סנהדרין,כן,סנהדרין,מח:,פירוש,לא,
122,קונטרס הראיות לריאז מסכת סנהדרין,כן,סנהדרין,מח:,פירוש,לא,
123,קונטרס הראיות לריאז מסכת סנהדרין,כן,סנהדרין,מח:,פירוש,לא,
124,קונטרס הראיות לריאז מסכת סנהדרין,כן,סנהדרין,מח:,פירוש,לא,
125,קונטרס הראיות לריאז מסכת סנהדרין,כן,סנהדרין,מח:,פירוש,לא,
128,קונטרס הראיות לריאז מסכת סנהדרין,כן,סנהדרין,נא.,פירוש,לא,
129,קונטרס הראיות לריאז מסכת סנהדרין,כן,סנהדרין,נא.,פירוש,לא,
131,קונטרס הראיות לריאז מסכת סנהדרין,כן,סנהדרין,נב.,פירוש,לא,
133,קונטרס הראיות לריאז מסכת סנהדרין,כן,סנהדרין,נב:,פירוש,לא,
135,קונטרס הראיות לריאז מסכת סנהדרין,כן,סנהדרין,נג.,פירוש,לא,
136,קונטרס הראיות לריאז מסכת סנהדרין,כן,סנהדרין,נג.,פירוש,לא,
137,קונטרס הראיות לריאז מסכת סנהדרין,כן,סנהדרין,נג.,פירוש,לא,
139,קונטרס הראיות לריאז מסכת סנהדרין,כן,סנהדרין,נה.,פירוש,לא,
140,קונטרס הראיות לריאז מסכת סנהדרין,כן,סנהדרין,נה.,פירוש,לא,
141,קונטרס הראיות לריאז מסכת סנהדרין,כן,סנהדרין,נה.,פירוש,לא,
143,קונטרס הראיות לריאז מסכת סנהדרין,כן,סנהדרין,נו.,פירוש,לא,
145,קונטרס הראיות לריאז מסכת סנהדרין,כן,סנהדרין,נח:,פירוש,לא,
146,קונטרס הראיות לריאז מסכת סנהדרין,כן,סנהדרין,נח:,פירוש,לא,
147,קונטרס הראיות לריאז מסכת סנהדרין,כן,סנהדרין,נח:,פירוש,לא,
148,קונטרס הראיות לריאז מסכת סנהדרין,כן,סנהדרין,נח:,פירוש,לא,
149,קונטרס הראיות לריאז מסכת סנהדרין,כן,סנהדרין,נח:,פירוש,לא,
151,קונטרס הראיות לריאז מסכת סנהדרין,כן,סנהדרין,ס.,פירוש,לא,
152,קונטרס הראיות לריאז מסכת סנהדרין,כן,סנהדרין,ס.,פירוש,לא,
153,קונטרס הראיות לריאז מסכת סנהדרין,כן,סנהדרין,ס.,פירוש,לא,
154,קונטרס הראיות לריאז מסכת סנהדרין,כן,סנהדרין,ס.,פירוש,לא,
155,קונטרס הראיות לריאז מסכת סנהדרין,כן,סנהדרין,ס.,פירוש,לא,
156,קונטרס הראיות לריאז מסכת סנהדרין,כן,סנהדרין,ס.,פירוש,לא,
158,קונטרס הראיות לריאז מסכת סנהדרין,כן,סנהדרין,סא.,פירוש,לא,
159,קונטרס הראיות לריאז מסכת סנהדרין,כן,סנהדרין,סא.,פירוש,לא,
161,קונטרס הראיות לריאז מסכת סנהדרין,כן,סנהדרין,סא:,פירוש,לא,
162,קונטרס הראיות לריאז מסכת סנהדרין,כן,סנהדרין,סא:,פירוש,לא,
164,קונטרס הראיות לריאז מסכת סנהדרין,כן,סנהדרין,סב:,פירוש,לא,
165,קונטרס הראיות לריאז מסכת סנהדרין,כן,סנהדרין,סב:,פירוש,לא,
166,קונטרס הראיות לריאז מסכת סנהדרין,כן,סנהדרין,סב:,פירוש,לא,
168,קונטרס הראיות לריאז מסכת סנהדרין,כן,סנהדרין,סג.,פירוש,לא,
169,קונטרס הראיות לריאז מסכת סנהדרין,כן,סנהדרין,סג.,פירוש,לא,
170,קונטרס הראיות לריאז מסכת סנהדרין,כן,סנהדרין,סג.,פירוש,לא,
171,קונטרס הראיות לריאז מסכת סנהדרין,כן,סנהדרין,סג.,פירוש,לא,
172,קונטרס הראיות לריאז מסכת סנהדרין,כן,סנהדרין,סג.,פירוש,לא,
174,קונטרס הראיות לריאז מסכת סנהדרין,כן,סנהדרין,סג:,פירוש,לא,
175,קונטרס הראיות לריאז מסכת סנהדרין,כן,סנהדרין,סג:,פירוש,לא,
176,קונטרס הראיות לריאז מסכת סנהדרין,כן,סנהדרין,סג:,פירוש,לא,
178,קונטרס הראיות לריאז מסכת סנהדרין,כן,סנהדרין,סה.,פירוש,לא,
179,קונטרס הראיות לריאז מסכת סנהדרין,כן,סנהדרין,סה.,פירוש,לא,
180,קונטרס הראיות לריאז מסכת סנהדרין,כן,סנהדרין,סה.,פירוש,לא,
181,קונטרס הראיות לריאז מסכת סנהדרין,כן,סנהדרין,סה.,פירוש,לא,
182,קונטרס הראיות לריאז מסכת סנהדרין,כן,סנהדרין,סה.,פירוש,לא,
183,קונטרס הראיות לריאז מסכת סנהדרין,כן,סנהדרין,סה.,פירוש,לא,
184,קונטרס הראיות לריאז מסכת סנהדרין,כן,סנהדרין,סה.,פירוש,לא,
185,קונטרס הראיות לריאז מסכת סנהדרין,כן,סנהדרין,סה.,פירוש,לא,
186,קונטרס הראיות לריאז מסכת סנהדרין,כן,סנהדרין,סה.,פירוש,לא,
187,קונטרס הראיות לריאז מסכת סנהדרין,כן,סנהדרין,סה.,פירוש,לא,
188,קונטרס הראיות לריאז מסכת סנהדרין,כן,סנהדרין,סה.,פירוש,לא,
189,קונטרס הראיות לריאז מסכת סנהדרין,כן,סנהדרין,סה.,פירוש,לא,
191,קונטרס הראיות לריאז מסכת סנהדרין,כן,סנהדרין,סה:,פירוש,לא,
192,קונטרס הראיות לריאז מסכת סנהדרין,כן,סנהדרין,סה:,פירוש,לא,
193,קונטרס הראיות לריאז מסכת סנהדרין,כן,סנהדרין,סה:,פירוש,לא,
194,קונטרס הראיות לריאז מסכת סנהדרין,כן,סנהדרין,סה:,פירוש,לא,
196,קונטרס הראיות לריאז מסכת סנהדרין,כן,סנהדרין,סו.,פירוש,לא,
198,קונטרס הראיות לריאז מסכת סנהדרין,כן,סנהדרין,סו:,פירוש,לא,
199,קונטרס הראיות לריאז מסכת סנהדרין,כן,סנהדרין,סו:,פירוש,לא,
200,קונטרס הראיות לריאז מסכת סנהדרין,כן,סנהדרין,סו:,פירוש,לא,
201,קונטרס הראיות לריאז מסכת סנהדרין,כן,סנהדרין,סו:,פירוש,לא,
202,קונטרס הראיות לריאז מסכת סנהדרין,כן,סנהדרין,סו:,פירוש,לא,
205,קונטרס הראיות לריאז מסכת סנהדרין,כן,סנהדרין,ע.,פירוש,לא,
207,קונטרס הראיות לריאז מסכת סנהדרין,כן,סנהדרין,ע:,פירוש,לא,
208,קונטרס הראיות לריאז מסכת סנהדרין,כן,סנהדרין,ע:,פירוש,לא,
210,קונטרס הראיות לריאז מסכת סנהדרין,כן,סנהדרין,עד.,פירוש,לא,
211,קונטרס הראיות לריאז מסכת סנהדרין,כן,סנהדרין,עד.,פירוש,לא,
212,קונטרס הראיות לריאז מסכת סנהדרין,כן,סנהדרין,עד.,פירוש,לא,
213,קונטרס הראיות לריאז מסכת סנהדרין,כן,סנהדרין,עד.,פירוש,לא,
215,קונטרס הראיות לריאז מסכת סנהדרין,כן,סנהדרין,עד:,פירוש,לא,
216,קונטרס הראיות לריאז מסכת סנהדרין,כן,סנהדרין,עד:,פירוש,לא,
217,קונטרס הראיות לריאז מסכת סנהדרין,כן,סנהדרין,עד:,פירוש,לא,
218,קונטרס הראיות לריאז מסכת סנהדרין,כן,סנהדרין,עד:,פירוש,לא,
219,קונטרס הראיות לריאז מסכת סנהדרין,כן,סנהדרין,עד:,פירוש,לא,
220,קונטרס הראיות לריאז מסכת סנהדרין,כן,סנהדרין,עד:,פירוש,לא,
223,קונטרס הראיות לריאז מסכת סנהדרין,כן,סנהדרין,עו.,פירוש,לא,
224,קונטרס הראיות לריאז מסכת סנהדרין,כן,סנהדרין,עו.,פירוש,לא,
225,קונטרס הראיות לריאז מסכת סנהדרין,כן,סנהדרין,עו.,פירוש,לא,
227,קונטרס הראיות לריאז מסכת סנהדרין,כן,סנהדרין,עט:,פירוש,לא,
229,קונטרס הראיות לריאז מסכת סנהדרין,כן,סנהדרין,פא:,פירוש,לא,
230,קונטרס הראיות לריאז מסכת סנהדרין,כן,סנהדרין,פא:,פירוש,לא,
231,קונטרס הראיות לריאז מסכת סנהדרין,כן,סנהדרין,פא:,פירוש,לא,
232,קונטרס הראיות לריאז מסכת סנהדרין,כן,סנהדרין,פא:,פירוש,לא,
233,קונטרס הראיות לריאז מסכת סנהדרין,כן,סנהדרין,פא:,פירוש,לא,
234,קונטרס הראיות לריאז מסכת סנהדרין,כן,סנהדרין,פא:,פירוש,לא,
235,קונטרס הראיות לריאז מסכת סנהדרין,כן,סנהדרין,פא:,פירוש,לא,
236,קונטרס הראיות לריאז מסכת סנהדרין,כן,סנהדרין,פא:,פירוש,לא,
238,קונטרס הראיות לריאז מסכת סנהדרין,כן,סנהדרין,פד.,פירוש,לא,
241,קונטרס הראיות לריאז מסכת סנהדרין,כן,סנהדרין,פד:,פירוש,לא,
243,קונטרס הראיות לריאז מסכת סנהדרין,כן,סנהדרין,פה:,פירוש,לא,
245,קונטרס הראיות לריאז מסכת סנהדרין,כן,סנהדרין,פו:,פירוש,לא,
246,קונטרס הראיות לריאז מסכת סנהדרין,כן,סנהדרין,פו:,פירוש,לא,
247,קונטרס הראיות לריאז מסכת סנהדרין,כן,סנהדרין,פו:,פירוש,לא,
248,קונטרס הראיות לריאז מסכת סנהדרין,כן,סנהדרין,פו:,פירוש,לא,
249,קונטרס הראיות לריאז מסכת סנהדרין,כן,סנהדרין,פו:,פירוש,לא,
250,קונטרס הראיות לריאז מסכת סנהדרין,כן,סנהדרין,פו:,פירוש,לא,
252,קונטרס הראיות לריאז מסכת סנהדרין,כן,סנהדרין,פח:,פירוש,לא,
254,קונטרס הראיות לריאז מסכת סנהדרין,כן,סנהדרין,פט.,פירוש,לא,
257,קונטרס הראיות לריאז מסכת סנהדרין,כן,סנהדרין,צ.,פירוש,לא,
258,קונטרס הראיות לריאז מסכת סנהדרין,כן,סנהדרין,צ.,פירוש,לא,
259,קונטרס הראיות לריאז מסכת סנהדרין,כן,סנהדרין,צ.,פירוש,לא,
260,קונטרס הראיות לריאז מסכת סנהדרין,כן,סנהדרין,צ.,פירוש,לא,
261,קונטרס הראיות לריאז מסכת סנהדרין,כן,סנהדרין,צ.,פירוש,לא,
262,קונטרס הראיות לריאז מסכת סנהדרין,כן,סנהדרין,צ.,פירוש,לא,
263,קונטרס הראיות לריאז מסכת סנהדרין,כן,סנהדרין,צ.,פירוש,לא,
264,קונטרס הראיות לריאז מסכת סנהדרין,כן,סנהדרין,צ.,פירוש,לא,
265,קונטרס הראיות לריאז מסכת סנהדרין,כן,סנהדרין,צ.,פירוש,לא,
266,קונטרס הראיות לריאז מסכת סנהדרין,כן,סנהדרין,צ.,פירוש,לא,
267,קונטרס הראיות לריאז מסכת סנהדרין,כן,סנהדרין,צ.,פירוש,לא,
268,קונטרס הראיות לריאז מסכת סנהדרין,כן,סנהדרין,צ.,פירוש,לא,
269,קונטרס הראיות לריאז מסכת סנהדרין,כן,סנהדרין,צ.,פירוש,לא,
270,קונטרס הראיות לריאז מסכת סנהדרין,כן,סנהדרין,צ.,פירוש,לא,
271,קונטרס הראיות לריאז מסכת סנהדרין,כן,סנהדרין,צ.,פירוש,לא,
272,קונטרס הראיות לריאז מסכת סנהדרין,כן,סנהדרין,צ.,פירוש,לא,
273,קונטרס הראיות לריאז מסכת סנהדרין,כן,סנהדרין,צ.,פירוש,לא,
275,קונטרס הראיות לריאז מסכת סנהדרין,כן,סנהדרין,צח.,פירוש,לא,
277,קונטרס הראיות לריאז מסכת סנהדרין,כן,סנהדרין,ק:,פירוש,לא,
278,קונטרס הראיות לריאז מסכת סנהדרין,כן,סנהדרין,ק:,פירוש,לא,
279,קונטרס הראיות לריאז מסכת סנהדרין,כן,סנהדרין,ק:,פירוש,לא,
281,קונטרס הראיות לריאז מסכת סנהדרין,כן,סנהדרין,קא.,פירוש,לא,
282,קונטרס הראיות לריאז מסכת סנהדרין,כן,סנהדרין,קא.,פירוש,לא,
283,קונטרס הראיות לריאז מסכת סנהדרין,כן,סנהדרין,קא.,פירוש,לא,
285,קונטרס הראיות לריאז מסכת סנהדרין,כן,סנהדרין,קיב.,פירוש,לא,
286,קונטרס הראיות לריאז מסכת סנהדרין,כן,סנהדרין,קיב.,פירוש,לא,
287,קונטרס הראיות לריאז מסכת סנהדרין,כן,סנהדרין,קיב.,פירוש,לא,
288,קונטרס הראיות לריאז מסכת סנהדרין,כן,סנהדרין,קיב.,פירוש,לא,
5,קונטרס הראיות לריאז מסכת שבועות,כן,שבועות,יד:,פירוש,לא,
7,קונטרס הראיות לריאז מסכת שבועות,כן,שבועות,טו:,פירוש,לא,
9,קונטרס הראיות לריאז מסכת שבועות,כן,שבועות,טז.,פירוש,לא,
10,קונטרס הראיות לריאז מסכת שבועות,כן,שבועות,טז.,פירוש,לא,
12,קונטרס הראיות לריאז מסכת שבועות,כן,שבועות,טז:,פירוש,לא,
13,קונטרס הראיות לריאז מסכת שבועות,כן,שבועות,טז:,פירוש,לא,
15,קונטרס הראיות לריאז מסכת שבועות,כן,שבועות,יז.,פירוש,לא,
16,קונטרס הראיות לריאז מסכת שבועות,כן,שבועות,יז.,פירוש,לא,
18,קונטרס הראיות לריאז מסכת שבועות,כן,שבועות,יז:,פירוש,לא,
19,קונטרס הראיות לריאז מסכת שבועות,כן,שבועות,יז:,פירוש,לא,
21,קונטרס הראיות לריאז מסכת שבועות,כן,שבועות,יח.,פירוש,לא,
23,קונטרס הראיות לריאז מסכת שבועות,כן,שבועות,יח:,פירוש,לא,
24,קונטרס הראיות לריאז מסכת שבועות,כן,שבועות,יח:,פירוש,לא,
26,קונטרס הראיות לריאז מסכת שבועות,כן,שבועות,יט.,פירוש,לא,
27,קונטרס הראיות לריאז מסכת שבועות,כן,שבועות,יט.,פירוש,לא,
30,קונטרס הראיות לריאז מסכת שבועות,כן,שבועות,כ.,פירוש,לא,
31,קונטרס הראיות לריאז מסכת שבועות,כן,שבועות,כ.,פירוש,לא,
32,קונטרס הראיות לריאז מסכת שבועות,כן,שבועות,כ.,פירוש,לא,
33,קונטרס הראיות לריאז מסכת שבועות,כן,שבועות,כ.,פירוש,לא,
34,קונטרס הראיות לריאז מסכת שבועות,כן,שבועות,כ.,פירוש,לא,
35,קונטרס הראיות לריאז מסכת שבועות,כן,שבועות,כ.,פירוש,לא,
36,קונטרס הראיות לריאז מסכת שבועות,כן,שבועות,כ.,פירוש,לא,
37,קונטרס הראיות לריאז מסכת שבועות,כן,שבועות,כ.,פירוש,לא,
38,קונטרס הראיות לריאז מסכת שבועות,כן,שבועות,כ.,פירוש,לא,
39,קונטרס הראיות לריאז מסכת שבועות,כן,שבועות,כ.,פירוש,לא,
41,קונטרס הראיות לריאז מסכת שבועות,כן,שבועות,כב.,פירוש,לא,
42,קונטרס הראיות לריאז מסכת שבועות,כן,שבועות,כב.,פירוש,לא,
43,קונטרס הראיות לריאז מסכת שבועות,כן,שבועות,כב.,פירוש,לא,
44,קונטרס הראיות לריאז מסכת שבועות,כן,שבועות,כב.,פירוש,לא,
46,קונטרס הראיות לריאז מסכת שבועות,כן,שבועות,כב:,פירוש,לא,
47,קונטרס הראיות לריאז מסכת שבועות,כן,שבועות,כב:,פירוש,לא,
48,קונטרס הראיות לריאז מסכת שבועות,כן,שבועות,כב:,פירוש,לא,
49,קונטרס הראיות לריאז מסכת שבועות,כן,שבועות,כב:,פירוש,לא,
50,קונטרס הראיות לריאז מסכת שבועות,כן,שבועות,כב:,פירוש,לא,
52,קונטרס הראיות לריאז מסכת שבועות,כן,שבועות,כד.,פירוש,לא,
53,קונטרס הראיות לריאז מסכת שבועות,כן,שבועות,כד.,פירוש,לא,
54,קונטרס הראיות לריאז מסכת שבועות,כן,שבועות,כד.,פירוש,לא,
55,קונטרס הראיות לריאז מסכת שבועות,כן,שבועות,כד.,פירוש,לא,
56,קונטרס הראיות לריאז מסכת שבועות,כן,שבועות,כד.,פירוש,לא,
58,קונטרס הראיות לריאז מסכת שבועות,כן,שבועות,כד:,פירוש,לא,
59,קונטרס הראיות לריאז מסכת שבועות,כן,שבועות,כד:,פירוש,לא,
61,קונטרס הראיות לריאז מסכת שבועות,כן,שבועות,כה.,פירוש,לא,
62,קונטרס הראיות לריאז מסכת שבועות,כן,שבועות,כה.,פירוש,לא,
63,קונטרס הראיות לריאז מסכת שבועות,כן,שבועות,כה.,פירוש,לא,
65,קונטרס הראיות לריאז מסכת שבועות,כן,שבועות,כה:,פירוש,לא,
66,קונטרס הראיות לריאז מסכת שבועות,כן,שבועות,כה:,פירוש,לא,
67,קונטרס הראיות לריאז מסכת שבועות,כן,שבועות,כה:,פירוש,לא,
68,קונטרס הראיות לריאז מסכת שבועות,כן,שבועות,כה:,פירוש,לא,
70,קונטרס הראיות לריאז מסכת שבועות,כן,שבועות,כו.,פירוש,לא,
71,קונטרס הראיות לריאז מסכת שבועות,כן,שבועות,כו.,פירוש,לא,
72,קונטרס הראיות לריאז מסכת שבועות,כן,שבועות,כו.,פירוש,לא,
73,קונטרס הראיות לריאז מסכת שבועות,כן,שבועות,כו.,פירוש,לא,
74,קונטרס הראיות לריאז מסכת שבועות,כן,שבועות,כו.,פירוש,לא,
75,קונטרס הראיות לריאז מסכת שבועות,כן,שבועות,כו.,פירוש,לא,
76,קונטרס הראיות לריאז מסכת שבועות,כן,שבועות,כו.,פירוש,לא,
77,קונטרס הראיות לריאז מסכת שבועות,כן,שבועות,כו.,פירוש,לא,
78,קונטרס הראיות לריאז מסכת שבועות,כן,שבועות,כו.,פירוש,לא,
79,קונטרס הראיות לריאז מסכת שבועות,כן,שבועות,כו.,פירוש,לא,
81,קונטרס הראיות לריאז מסכת שבועות,כן,שבועות,כז.,פירוש,לא,
82,קונטרס הראיות לריאז מסכת שבועות,כן,שבועות,כז.,פירוש,לא,
83,קונטרס הראיות לריאז מסכת שבועות,כן,שבועות,כז.,פירוש,לא,
84,קונטרס הראיות לריאז מסכת שבועות,כן,שבועות,כז.,פירוש,לא,
86,קונטרס הראיות לריאז מסכת שבועות,כן,שבועות,כח.,פירוש,לא,
88,קונטרס הראיות לריאז מסכת שבועות,כן,שבועות,כח:,פירוש,לא,
89,קונטרס הראיות לריאז מסכת שבועות,כן,שבועות,כח:,פירוש,לא,
91,קונטרס הראיות לריאז מסכת שבועות,כן,שבועות,כט.,פירוש,לא,
93,קונטרס הראיות לריאז מסכת שבועות,כן,שבועות,כט:,פירוש,לא,
94,קונטרס הראיות לריאז מסכת שבועות,כן,שבועות,כט:,פירוש,לא,
95,קונטרס הראיות לריאז מסכת שבועות,כן,שבועות,כט:,פירוש,לא,
98,קונטרס הראיות לריאז מסכת שבועות,כן,שבועות,ל:,פירוש,לא,
99,קונטרס הראיות לריאז מסכת שבועות,כן,שבועות,ל:,פירוש,לא,
100,קונטרס הראיות לריאז מסכת שבועות,כן,שבועות,ל:,פירוש,לא,
101,קונטרס הראיות לריאז מסכת שבועות,כן,שבועות,ל:,פירוש,לא,
103,קונטרס הראיות לריאז מסכת שבועות,כן,שבועות,לא.,פירוש,לא,
105,קונטרס הראיות לריאז מסכת שבועות,כן,שבועות,לא:,פירוש,לא,
107,קונטרס הראיות לריאז מסכת שבועות,כן,שבועות,לב.,פירוש,לא,
108,קונטרס הראיות לריאז מסכת שבועות,כן,שבועות,לב.,פירוש,לא,
109,קונטרס הראיות לריאז מסכת שבועות,כן,שבועות,לב.,פירוש,לא,
110,קונטרס הראיות לריאז מסכת שבועות,כן,שבועות,לב.,פירוש,לא,
111,קונטרס הראיות לריאז מסכת שבועות,כן,שבועות,לב.,פירוש,לא,
112,קונטרס הראיות לריאז מסכת שבועות,כן,שבועות,לב.,פירוש,לא,
113,קונטרס הראיות לריאז מסכת שבועות,כן,שבועות,לב.,פירוש,לא,
114,קונטרס הראיות לריאז מסכת שבועות,כן,שבועות,לב.,פירוש,לא,
116,קונטרס הראיות לריאז מסכת שבועות,כן,שבועות,לב:,פירוש,לא,
118,קונטרס הראיות לריאז מסכת שבועות,כן,שבועות,לד.,פירוש,לא,
119,קונטרס הראיות לריאז מסכת שבועות,כן,שבועות,לד.,פירוש,לא,
120,קונטרס הראיות לריאז מסכת שבועות,כן,שבועות,לד.,פירוש,לא,
121,קונטרס הראיות לריאז מסכת שבועות,כן,שבועות,לד.,פירוש,לא,
122,קונטרס הראיות לריאז מסכת שבועות,כן,שבועות,לד.,פירוש,לא,
124,קונטרס הראיות לריאז מסכת שבועות,כן,שבועות,לד:,פירוש,לא,
126,קונטרס הראיות לריאז מסכת שבועות,כן,שבועות,לה.,פירוש,לא,
127,קונטרס הראיות לריאז מסכת שבועות,כן,שבועות,לה.,פירוש,לא,
128,קונטרס הראיות לריאז מסכת שבועות,כן,שבועות,לה.,פירוש,לא,
129,קונטרס הראיות לריאז מסכת שבועות,כן,שבועות,לה.,פירוש,לא,
130,קונטרס הראיות לריאז מסכת שבועות,כן,שבועות,לה.,פירוש,לא,
131,קונטרס הראיות לריאז מסכת שבועות,כן,שבועות,לה.,פירוש,לא,
133,קונטרס הראיות לריאז מסכת שבועות,כן,שבועות,לה:,פירוש,לא,
135,קונטרס הראיות לריאז מסכת שבועות,כן,שבועות,לו.,פירוש,לא,
137,קונטרס הראיות לריאז מסכת שבועות,כן,שבועות,לו:,פירוש,לא,
139,קונטרס הראיות לריאז מסכת שבועות,כן,שבועות,לו:,פירוש,לא,
140,קונטרס הראיות לריאז מסכת שבועות,כן,שבועות,לו:,פירוש,לא,
141,קונטרס הראיות לריאז מסכת שבועות,כן,שבועות,לו:,פירוש,לא,
143,קונטרס הראיות לריאז מסכת שבועות,כן,שבועות,לז.,פירוש,לא,
146,קונטרס הראיות לריאז מסכת שבועות,כן,שבועות,לט:,פירוש,לא,
148,קונטרס הראיות לריאז מסכת שבועות,כן,שבועות,מ.,פירוש,לא,
149,קונטרס הראיות לריאז מסכת שבועות,כן,שבועות,מ.,פירוש,לא,
150,קונטרס הראיות לריאז מסכת שבועות,כן,שבועות,מ.,פירוש,לא,
151,קונטרס הראיות לריאז מסכת שבועות,כן,שבועות,מ.,פירוש,לא,
152,קונטרס הראיות לריאז מסכת שבועות,כן,שבועות,מ.,פירוש,לא,
154,קונטרס הראיות לריאז מסכת שבועות,כן,שבועות,מ:,פירוש,לא,
155,קונטרס הראיות לריאז מסכת שבועות,כן,שבועות,מ:,פירוש,לא,
157,קונטרס הראיות לריאז מסכת שבועות,כן,שבועות,מא.,פירוש,לא,
158,קונטרס הראיות לריאז מסכת שבועות,כן,שבועות,מא.,פירוש,לא,
159,קונטרס הראיות לריאז מסכת שבועות,כן,שבועות,מא.,פירוש,לא,
160,קונטרס הראיות לריאז מסכת שבועות,כן,שבועות,מא.,פירוש,לא,
161,קונטרס הראיות לריאז מסכת שבועות,כן,שבועות,מא.,פירוש,לא,
162,קונטרס הראיות לריאז מסכת שבועות,כן,שבועות,מא.,פירוש,לא,
163,קונטרס הראיות לריאז מסכת שבועות,כן,שבועות,מא.,פירוש,לא,
165,קונטרס הראיות לריאז מסכת שבועות,כן,שבועות,מא:,פירוש,לא,
167,קונטרס הראיות לריאז מסכת שבועות,כן,שבועות,מב.,פירוש,לא,
168,קונטרס הראיות לריאז מסכת שבועות,כן,שבועות,מב.,פירוש,לא,
170,קונטרס הראיות לריאז מסכת שבועות,כן,שבועות,מב:,פירוש,לא,
171,קונטרס הראיות לריאז מסכת שבועות,כן,שבועות,מב:,פירוש,לא,
172,קונטרס הראיות לריאז מסכת שבועות,כן,שבועות,מב:,פירוש,לא,
173,קונטרס הראיות לריאז מסכת שבועות,כן,שבועות,מב:,פירוש,לא,
175,קונטרס הראיות לריאז מסכת שבועות,כן,שבועות,מג:,פירוש,לא,
177,קונטרס הראיות לריאז מסכת שבועות,כן,שבועות,מד.,פירוש,לא,
178,קונטרס הראיות לריאז מסכת שבועות,כן,שבועות,מד.,פירוש,לא,
179,קונטרס הראיות לריאז מסכת שבועות,כן,שבועות,מד.,פירוש,לא,
182,קונטרס הראיות לריאז מסכת שבועות,כן,שבועות,מה:,פירוש,לא,
183,קונטרס הראיות לריאז מסכת שבועות,כן,שבועות,מה:,פירוש,לא,
184,קונטרס הראיות לריאז מסכת שבועות,כן,שבועות,מה:,פירוש,לא,
185,קונטרס הראיות לריאז מסכת שבועות,כן,שבועות,מה:,פירוש,לא,
187,קונטרס הראיות לריאז מסכת שבועות,כן,שבועות,מה:,פירוש,לא,
188,קונטרס הראיות לריאז מסכת שבועות,כן,שבועות,מה:,פירוש,לא,
190,קונטרס הראיות לריאז מסכת שבועות,כן,שבועות,מו.,פירוש,לא,
191,קונטרס הראיות לריאז מסכת שבועות,כן,שבועות,מו.,פירוש,לא,
192,קונטרס הראיות לריאז מסכת שבועות,כן,שבועות,מו.,פירוש,לא,
193,קונטרס הראיות לריאז מסכת שבועות,כן,שבועות,מו.,פירוש,לא,
195,קונטרס הראיות לריאז מסכת שבועות,כן,שבועות,מו:,פירוש,לא,
196,קונטרס הראיות לריאז מסכת שבועות,כן,שבועות,מו:,פירוש,לא,
197,קונטרס הראיות לריאז מסכת שבועות,כן,שבועות,מו:,פירוש,לא,
199,קונטרס הראיות לריאז מסכת שבועות,כן,שבועות,מז.,פירוש,לא,
200,קונטרס הראיות לריאז מסכת שבועות,כן,שבועות,מז.,פירוש,לא,
201,קונטרס הראיות לריאז מסכת שבועות,כן,שבועות,מז.,פירוש,לא,
202,קונטרס הראיות לריאז מסכת שבועות,כן,שבועות,מז.,פירוש,לא,
203,קונטרס הראיות לריאז מסכת שבועות,כן,שבועות,מז.,פירוש,לא,
204,קונטרס הראיות לריאז מסכת שבועות,כן,שבועות,מז.,פירוש,לא,
205,קונטרס הראיות לריאז מסכת שבועות,כן,שבועות,מז.,פירוש,לא,
206,קונטרס הראיות לריאז מסכת שבועות,כן,שבועות,מז.,פירוש,לא,
208,קונטרס הראיות לריאז מסכת שבועות,כן,שבועות,מז:,פירוש,לא,
209,קונטרס הראיות לריאז מסכת שבועות,כן,שבועות,מז:,פירוש,לא,
211,קונטרס הראיות לריאז מסכת שבועות,כן,שבועות,מח:,פירוש,לא,
212,קונטרס הראיות לריאז מסכת שבועות,כן,שבועות,מח:,פירוש,לא,
213,קונטרס הראיות לריאז מסכת שבועות,כן,שבועות,מח:,פירוש,לא,
214,קונטרס הראיות לריאז מסכת שבועות,כן,שבועות,מח:,פירוש,לא,
215,קונטרס הראיות לריאז מסכת שבועות,כן,שבועות,מח:,פירוש,לא,
